,lgbm_net,rf_net,lr_net,buy_and_hold
2021-07-22 00:00:00+00:00,1.0,1.0,1.0,1.0
2021-07-23 00:00:00+00:00,0.9576563362403314,1.0,1.0,1.0423436637596686
2021-07-24 00:00:00+00:00,0.9406998382176318,1.0,1.0,1.060799656379007
2021-07-25 00:00:00+00:00,0.909352520734099,1.0,1.0,1.0961491082062136
2021-07-26 00:00:00+00:00,0.909352520734099,1.0,1.0,1.1534016092048776
2021-07-31 00:00:00+00:00,0.909352520734099,1.0,1.1136549457535303,1.2844914065310924
2021-08-01 00:00:00+00:00,0.9444849663878848,1.038634572239844,1.1136549457535303,1.234865630494008
2021-08-02 00:00:00+00:00,0.9610604170766242,1.038634572239844,1.0941106085808543,1.2131940792317866
2021-08-03 00:00:00+00:00,0.984240771648926,1.038634572239844,1.0677211419067743,1.1839323716201537
2021-08-04 00:00:00+00:00,1.0236083311482498,1.038634572239844,1.1104277405292646,1.2312871748608765
2021-08-05 00:00:00+00:00,1.053264169677144,1.038634572239844,1.14259889893924,1.2669598560312334
2021-08-06 00:00:00+00:00,1.053264169677144,1.038634572239844,1.14259889893924,1.3271750344225306
2021-08-07 00:00:00+00:00,1.0095924512422725,1.038634572239844,1.14259889893924,1.3822039778592548
2021-08-08 00:00:00+00:00,1.028004605106615,1.0575763734878374,1.14259889893924,1.3569964277424367
2021-08-09 00:00:00+00:00,0.9699696655361852,1.0575763734878374,1.2071031411612883,1.4336042612969895
2021-08-10 00:00:00+00:00,0.9840120909022433,1.0575763734878374,1.2071031411612883,1.4128497144704169
2021-08-11 00:00:00+00:00,0.9854769936278093,1.0591507916543825,1.2071031411612883,1.4107463994637433
2021-08-12 00:00:00+00:00,0.9854769936278093,1.0591507916543825,1.1769526893678606,1.3755094426044785
2021-08-13 00:00:00+00:00,0.9098222214419872,1.0591507916543825,1.2673069930841026,1.481106888503851
2021-08-14 00:00:00+00:00,0.9233152072505122,1.0748583730522412,1.2485123814888541,1.4591415487303099
2021-08-15 00:00:00+00:00,0.9233152072505122,1.0748583730522412,1.2464514920546395,1.4567329787830772
2021-08-16 00:00:00+00:00,0.9233152072505122,1.050167464895412,1.21781886464637,1.4232699095174774
2021-08-17 00:00:00+00:00,0.9478704115636837,1.050167464895412,1.1854314515473536,1.3854186067916592
2021-08-18 00:00:00+00:00,0.9480665380078666,1.0503847579010526,1.1856767323922648,1.385705267522641
2021-08-19 00:00:00+00:00,0.9917001132239063,1.0503847579010526,1.240246019262631,1.449480617240985
2021-08-20 00:00:00+00:00,0.9917001132239063,1.1078927170421529,1.3081487728623615,1.528838844295498
2021-08-21 00:00:00+00:00,1.0014386584547472,1.1078927170421529,1.2953026858010475,1.5138255695793776
2021-08-22 00:00:00+00:00,1.0014386584547472,1.1175316076935093,1.3065720810744252,1.5269961581263982
2021-08-23 00:00:00+00:00,1.0014386584547472,1.1232159653582767,1.3132179987133503,1.534763269370286
2021-08-24 00:00:00+00:00,1.0379290351458148,1.1232159653582767,1.2653670204772178,1.4788396345494053
2021-08-25 00:00:00+00:00,1.0102340983075837,1.1232159653582767,1.2991306579925457,1.5182993364036508
2021-08-26 00:00:00+00:00,1.0543526910842131,1.1232159653582767,1.2423954749694948,1.4519926949548643
2021-08-27 00:00:00+00:00,1.0543526910842131,1.1232159653582767,1.301552441729381,1.5211296850047928
2021-08-28 00:00:00+00:00,1.0543526910842131,1.1197378938046902,1.297522145986891,1.516419461815396
2021-08-29 00:00:00+00:00,1.0514097596696461,1.1166124578366081,1.2939004748735994,1.5121867999086407
2021-08-30 00:00:00+00:00,1.0514097596696461,1.0760923178231137,1.2469468267771198,1.457311878507914
2021-08-31 00:00:00+00:00,1.0542184558231507,1.0760923178231137,1.2502778732352522,1.4612048861863929
2021-09-01 00:00:00+00:00,1.0542184558231507,1.0760923178231137,1.2951608206637204,1.5136597712106474
2021-09-02 00:00:00+00:00,1.0542184558231507,1.0760923178231137,1.3072578067662521,1.5277975685591751
2021-09-03 00:00:00+00:00,1.0386521034946536,1.0760923178231137,1.3265604811710678,1.5503566834252147
2021-09-04 00:00:00+00:00,1.0368595299001977,1.0742351274629958,1.3242710165062441,1.5476809766670563
2021-09-05 00:00:00+00:00,1.0368595299001977,1.0742351274629958,1.3735613292571625,1.605286767647687
2021-09-06 00:00:00+00:00,1.0368595299001977,1.0925760817745522,1.397012829715468,1.6326946325644731
2021-09-07 00:00:00+00:00,1.1513931723538053,1.0925760817745522,1.2426959108584505,1.45234381561238
2021-09-08 00:00:00+00:00,1.1316866859673402,1.0738762699303914,1.2214267469986508,1.427486456442599
2021-09-09 00:00:00+00:00,1.1230486064901963,1.0738762699303914,1.2307498056215993,1.4383823533513425
2021-09-10 00:00:00+00:00,1.1606268188333488,1.0738762699303914,1.1895678146822377,1.3902527913782368
2021-09-11 00:00:00+00:00,1.1606268188333488,1.0738762699303914,1.1983965992566303,1.4005710281761155
2021-09-12 00:00:00+00:00,1.1825315288426446,1.094143721877034,1.2210141448422385,1.4270042466075639
2021-09-13 00:00:00+00:00,1.1825315288426446,1.094143721877034,1.1926206994038169,1.3938207102926075
2021-09-14 00:00:00+00:00,1.2380408323533014,1.094143721877034,1.2486035994463134,1.4592481555318855
2021-09-15 00:00:00+00:00,1.2648313372363307,1.094143721877034,1.27562267664779,1.490825462042865
2021-09-16 00:00:00+00:00,1.2553510416883358,1.094143721877034,1.266061496728917,1.4796512717974493
2021-09-17 00:00:00+00:00,1.2553510416883358,1.094143721877034,1.2543293824562205,1.4659399016552253
2021-09-18 00:00:00+00:00,1.281412857433212,1.1168587801603502,1.2803699879628627,1.4963736642772072
2021-09-19 00:00:00+00:00,1.3087007493943457,1.093075093620864,1.2531043040740701,1.4645081475177812
2021-09-20 00:00:00+00:00,1.3087007493943457,0.9952259854312833,1.1409298163945418,1.3334093629902708
2021-09-21 00:00:00+00:00,1.2387285444331892,0.9420143121992671,1.0799278073439629,1.2621160644363736
2021-09-22 00:00:00+00:00,1.323708046037612,1.0066385651194714,1.1540132292463374,1.3487000013325847
2021-09-23 00:00:00+00:00,1.3635011066890492,1.0066385651194714,1.1887049564451124,1.3892443654121667
2021-09-24 00:00:00+00:00,1.3017625361043261,1.0066385651194714,1.134881058174795,1.326340154412514
2021-09-25 00:00:00+00:00,1.2972941089663808,1.0031831798570077,1.1309854680206457,1.3217873621975378
2021-09-26 00:00:00+00:00,1.2972941089663808,1.0031831798570077,1.1442019954498956,1.337233572093314
2021-09-27 00:00:00+00:00,1.3281799307759348,1.0031831798570077,1.1169609722298346,1.3053968763587327
2021-09-28 00:00:00+00:00,1.3281799307759348,1.0031831798570077,1.087358358518122,1.2708001801159095
2021-09-29 00:00:00+00:00,1.344160655114172,1.015253527771906,1.1004415062014365,1.2860905085547303
2021-09-30 00:00:00+00:00,1.344160655114172,1.015253527771906,1.161346993924937,1.3572710022371925
2021-10-01 00:00:00+00:00,1.4769719801590653,1.015253527771906,1.276095206880905,1.4913777100673073
2021-10-02 00:00:00+00:00,1.49223553661127,1.015253527771906,1.2629075828160823,1.4759652796522629
2021-10-03 00:00:00+00:00,1.49223553661127,1.015253527771906,1.2777753143764252,1.4933412585986592
2021-10-04 00:00:00+00:00,1.460929969611852,1.015253527771906,1.304581726456152,1.5246700225082899
2021-10-05 00:00:00+00:00,1.3939118366709247,1.015253527771906,1.3644276009296368,1.5946121418329111
2021-10-06 00:00:00+00:00,1.2891694468319468,1.015253527771906,1.4669544637654908,1.7144357075763026
2021-10-07 00:00:00+00:00,1.3242782575006815,1.015253527771906,1.427003915251823,1.6677453374244715
2021-10-08 00:00:00+00:00,1.3203407344428366,1.015253527771906,1.4312468761160628,1.6727041032152168
2021-10-09 00:00:00+00:00,1.2962267504541065,1.015253527771906,1.4573863894661123,1.7032534598400701
2021-10-10 00:00:00+00:00,1.3023769017295694,1.0200705574903228,1.4504715909874688,1.6951721064543281
2021-10-11 00:00:00+00:00,1.2357102043143624,1.0200705574903228,1.5247190308317253,1.7819453943847339
2021-10-12 00:00:00+00:00,1.2676918831828445,1.0464712207517792,1.4852574529969935,1.7358264862739086
2021-10-13 00:00:00+00:00,1.2364179717901658,1.072287626667868,1.52189869886797,1.778649260833683
2021-10-14 00:00:00+00:00,1.2364179717901658,1.071998786931969,1.52189869886797,1.7781701500335774
2021-10-15 00:00:00+00:00,1.1432389361925506,1.071998786931969,1.52189869886797,1.912176759035468
2021-10-16 00:00:00+00:00,1.1432389361925506,1.071998786931969,1.541057865990503,1.8881043854133375
2021-10-17 00:00:00+00:00,1.131119119870839,1.071998786931969,1.541057865990503,1.9081207421196957
2021-10-18 00:00:00+00:00,1.131119119870839,1.0801203314812715,1.541057865990503,1.9225768103554866
2021-10-19 00:00:00+00:00,1.0895707954270268,1.0801203314812715,1.541057865990503,1.9931969985226894
2021-10-20 00:00:00+00:00,1.0599662207544993,1.0801203314812715,1.541057865990503,2.0473538735302435
2021-10-21 00:00:00+00:00,1.1209979696520913,1.1423125330433408,1.541057865990503,1.9294693739422601
2021-10-22 00:00:00+00:00,1.1484746977961162,1.1423125330433408,1.5032850696212343,1.882176241496635
2021-10-23 00:00:00+00:00,1.159647381528807,1.1534252695103029,1.5179094480905073,1.9004865794742853
2021-10-24 00:00:00+00:00,1.159647381528807,1.1534252695103029,1.5074569926308408,1.8873996648703621
2021-10-25 00:00:00+00:00,1.2019986371676101,1.1534252695103029,1.5074569926308408,1.956329019580012
2021-10-26 00:00:00+00:00,1.149287773371609,1.1534252695103029,1.5074569926308408,1.8705387455292541
2021-10-27 00:00:00+00:00,1.1129311791479377,1.1534252695103029,1.4597700655960795,1.8113660824882518
2021-10-28 00:00:00+00:00,1.1543008739572451,1.1534252695103029,1.514032398467109,1.8786978846917275
2021-10-29 00:00:00+00:00,1.1864075287600944,1.1534252695103029,1.514032398467109,1.9309535017700132
2021-10-30 00:00:00+00:00,1.1785430463273787,1.1534252695103029,1.5240686473206129,1.9181535578005648
2021-10-31 00:00:00+00:00,1.1785430463273787,1.1534252695103029,1.5240686473206129,1.9012148526827255
2021-11-01 00:00:00+00:00,1.1707485411932466,1.1534252695103029,1.5240686473206129,1.88864082835964
2021-11-02 00:00:00+00:00,1.1707485411932466,1.1534252695103029,1.5240686473206129,1.9606568218591045
2021-11-03 00:00:00+00:00,1.1707485411932466,1.1534252695103029,1.5240686473206129,1.9507324724007693
2021-11-04 00:00:00+00:00,1.1707485411932466,1.1534252695103029,1.5240686473206129,1.9037947992615618
2021-11-05 00:00:00+00:00,1.162632638895114,1.1534252695103029,1.5135034475342486,1.8905972491106542
2021-11-06 00:00:00+00:00,1.1722624830487005,1.1534252695103029,1.5260394815643286,1.9062566726095824
2021-11-07 00:00:00+00:00,1.2066634956781068,1.1872734885203555,1.5708223729708144,1.9621973521225753
2021-11-08 00:00:00+00:00,1.2066634956781068,1.1872734885203555,1.5708223729708144,2.095163305195129
2021-11-09 00:00:00+00:00,1.2066634956781068,1.1872734885203555,1.5708223729708144,2.076662686472805
2021-11-10 00:00:00+00:00,1.1690311056006453,1.1872734885203555,1.5218329069815235,2.011897504997968
2021-11-11 00:00:00+00:00,1.1674315241902185,1.1872734885203555,1.5197505880285709,2.009144632270065
2021-11-12 00:00:00+00:00,1.1552726886622602,1.1872734885203555,1.5039223385248797,1.9882193286188747
2021-11-13 00:00:00+00:00,1.1601512048810252,1.1872734885203555,1.5102731417527757,1.9966152340499645
2021-11-14 00:00:00+00:00,1.1807044664598534,1.1872734885203555,1.53702917045604,2.0319873088321567
2021-11-15 00:00:00+00:00,1.1462404468559328,1.1872734885203555,1.4921642572053742,1.9726748793158324
2021-11-16 00:00:00+00:00,1.0823425446647377,1.1872734885203555,1.4089826123579645,1.86270686445534
2021-11-17 00:00:00+00:00,1.0870411687491992,1.1872734885203555,1.415099233819115,1.8707931762969692
2021-11-18 00:00:00+00:00,1.0249899070357629,1.1872734885203555,1.3343215269276363,1.7640032217567128
2021-11-19 00:00:00+00:00,1.0456704796645933,1.1872734885203555,1.3612432878722307,1.7995943983084226
2021-11-20 00:00:00+00:00,1.0753244104882227,1.1872734885203555,1.399846476044513,1.8506286857209795
2021-11-21 00:00:00+00:00,1.0563285934234983,1.1872734885203555,1.3751179129073965,1.81793696624934
2021-11-22 00:00:00+00:00,1.0132358738280385,1.1872734885203555,1.3190202450031678,1.7437745811576815
2021-11-23 00:00:00+00:00,1.0367518634205732,1.1872734885203555,1.349633123164153,1.7842454981094336
2021-11-24 00:00:00+00:00,1.0293842090912226,1.1957108214699772,1.3400419850396377,1.771565796695251
2021-11-25 00:00:00+00:00,1.0622137132766534,1.1957108214699772,1.3827791025978622,1.8280652322060384
2021-11-26 00:00:00+00:00,0.9679898507871342,1.1957108214699772,1.2601194283834816,1.6659063700972878
2021-11-27 00:00:00+00:00,0.9856931095535306,1.1957108214699772,1.2831653521595379,1.6963736022965084
2021-11-28 00:00:00+00:00,1.0320969968822937,1.1957108214699772,1.343573464835454,1.7762344928165918
2021-11-29 00:00:00+00:00,1.0320969968822937,1.1957108214699772,1.355581433805961,1.7921092992431225
2021-11-30 00:00:00+00:00,1.0320969968822937,1.1957108214699772,1.3355862022345348,1.7656751511011952
2021-12-01 00:00:00+00:00,1.0363411391446815,1.1957108214699772,1.3410783389843641,1.772935880037597
2021-12-02 00:00:00+00:00,1.0237382339639716,1.1957108214699772,1.3247695363056697,1.7513752742258528
2021-12-03 00:00:00+00:00,0.9711765545739978,1.1957108214699772,1.2567520399157153,1.661454606421014
2021-12-04 00:00:00+00:00,0.9711765545739978,1.1957108214699772,1.1518193862867458,1.5227312662563748
2021-12-05 00:00:00+00:00,0.9711765545739978,1.1957108214699772,1.1518193862867458,1.5301980810155906
2021-12-06 00:00:00+00:00,0.9505613325785567,1.170329397350068,1.1518193862867458,1.5626796859190075
2021-12-07 00:00:00+00:00,0.9476869171729467,1.1667904222896623,1.1483363839017848,1.5674050943795585
2021-12-08 00:00:00+00:00,0.9499652017015298,1.1695954420900108,1.1510970393140774,1.56363697780874
2021-12-09 00:00:00+00:00,1.0048640728752487,1.2371868332121905,1.2176194002979988,1.473273767815964
2021-12-10 00:00:00+00:00,1.01339108722363,1.2476852778906267,1.2072869997500317,1.4607719510067365
2021-12-11 00:00:00+00:00,0.9651298130138194,1.2476852778906267,1.2647822843242271,1.530339087104884
2021-12-12 00:00:00+00:00,0.9783391577824917,1.2476852778906267,1.282092852317953,1.5512842245796232
2021-12-13 00:00:00+00:00,0.9783391577824917,1.2476852778906267,1.282092852317953,1.446627335781364
2021-12-14 00:00:00+00:00,1.012797161312098,1.2916298991064845,1.327249339901042,1.4975788789613023
2021-12-15 00:00:00+00:00,1.024249698824015,1.2916298991064845,1.3422576490013476,1.5145132454302401
2021-12-16 00:00:00+00:00,0.9981358845185131,1.2916298991064845,1.3080360455813955,1.4758998900152498
2021-12-17 00:00:00+00:00,1.0295561697497202,1.2509707258691074,1.2668604238225474,1.429440088062176
2021-12-18 00:00:00+00:00,1.0449722819856508,1.2697022003437346,1.28582982350635,1.4508438827064858
2021-12-19 00:00:00+00:00,1.0449722819856508,1.2697022003437346,1.2817824909007187,1.4462771448343266
2021-12-20 00:00:00+00:00,1.0398332498683907,1.2759464237546403,1.2880861235440304,1.453389739901097
2021-12-21 00:00:00+00:00,1.0836678397545205,1.329734459681591,1.342385913410063,1.5146579703614493
2021-12-22 00:00:00+00:00,1.0768951305488932,1.329734459681591,1.3507755592957582,1.505191658265699
2021-12-23 00:00:00+00:00,1.0768951305488932,1.329734459681591,1.3507755592957582,1.5748650912619295
2021-12-24 00:00:00+00:00,1.076696568557902,1.3294892782202639,1.3510246203944924,1.5745747116890325
2021-12-25 00:00:00+00:00,1.0681160204498614,1.3294892782202639,1.3510246203944924,1.5620264093558618
2021-12-26 00:00:00+00:00,1.0757891593311941,1.3390400720270361,1.3510246203944924,1.5732477049322064
2021-12-27 00:00:00+00:00,1.0745598550518545,1.3390400720270361,1.3510246203944924,1.5714499547695846
2021-12-28 00:00:00+00:00,1.0070511091520162,1.3390400720270361,1.3510246203944924,1.4727243089229576
2021-12-29 00:00:00+00:00,1.0070511091520162,1.3084539500161576,1.3201647494000923,1.4390845946663742
2021-12-30 00:00:00+00:00,1.0213313077704838,1.327008104933958,1.3388849659404498,1.4594911198703602
2021-12-31 00:00:00+00:00,1.0213313077704838,1.302086455288414,1.3388849659404498,1.4320813955326164
2022-01-01 00:00:00+00:00,1.0543465859717103,1.302086455288414,1.38216539736721,1.4783744694064813
2022-01-02 00:00:00+00:00,1.0637254366165068,1.2905038556449508,1.38216539736721,1.4652237146830098
2022-01-03 00:00:00+00:00,1.0637254366165068,1.2905038556449508,1.38216539736721,1.4393718752043418
2022-01-04 00:00:00+00:00,1.0497001710407834,1.2734885068727277,1.38216539736721,1.4203936951993772
2022-01-05 00:00:00+00:00,0.9944655105353228,1.2064782240555136,1.3094365948080202,1.345653340093361
2022-01-06 00:00:00+00:00,0.9866401823263169,1.196984593577398,1.3094365948080202,1.335064557546134
2022-01-07 00:00:00+00:00,0.9516875229778786,1.1545802850016071,1.3094365948080202,1.287768635969072
2022-01-08 00:00:00+00:00,0.9547608102418873,1.158308774447458,1.3094365948080202,1.291927230941012
2022-01-09 00:00:00+00:00,0.9584978121262921,1.1628424775764503,1.3094365948080202,1.29698392623553
2022-01-10 00:00:00+00:00,0.9573602446592432,1.161462389114006,1.3094365948080202,1.2954446355860314
2022-01-11 00:00:00+00:00,0.9573602446592432,1.1864448521548279,1.3094365948080202,1.3233089883479376
2022-01-12 00:00:00+00:00,0.9838170454199733,1.219232442032478,1.2732501088003676,1.359878840130394
2022-01-13 00:00:00+00:00,0.9536304106073847,1.1818225143933572,1.3123174701948208,1.3181534338391672
2022-01-14 00:00:00+00:00,0.9536304106073847,1.1959395940389934,1.3123174701948208,1.3338990105091364
2022-01-15 00:00:00+00:00,0.9542532046625996,1.19672063464055,1.3123174701948208,1.334770149227828
2022-01-16 00:00:00+00:00,0.9540349719538175,1.1964469509007658,1.3123174701948208,1.3344648942872692
2022-01-17 00:00:00+00:00,0.9344423273822245,1.1718759859499133,1.2853669175269635,1.3070595085984262
2022-01-18 00:00:00+00:00,0.9380146971247654,1.1718759859499133,1.2902808707477043,1.3120563925188047
2022-01-19 00:00:00+00:00,0.9229557539946022,1.1530626199311116,1.2695666257427107,1.2909925620062646
2022-01-20 00:00:00+00:00,0.9008843403409241,1.1530626199311116,1.2392064161265999,1.260119976038261
2022-01-21 00:00:00+00:00,0.8070396228875804,1.0329486042601346,1.110118839863744,1.128853843624556
2022-01-22 00:00:00+00:00,0.7764150379419905,0.9937514925217936,1.110118839863744,1.086017433311092
2022-01-23 00:00:00+00:00,0.8026977889850394,1.0273913910299932,1.110118839863744,1.122780664873151
2022-01-24 00:00:00+00:00,0.8119654785366691,1.0392533203771792,1.0973017660976865,1.1357439279833859
2022-01-25 00:00:00+00:00,0.8183008737728359,1.047362138681812,1.0887400223224446,1.1446056183643842
2022-01-26 00:00:00+00:00,0.8150477662976606,1.0431984114859063,1.0930682448853877,1.1400553053773514
2022-01-27 00:00:00+00:00,0.8226597674911902,1.0529411871632017,1.0828597183072801,1.1507026596847465
2022-01-28 00:00:00+00:00,0.8351823369663913,1.0689691123038256,1.0663763717401407,1.1682187150099574
2022-01-29 00:00:00+00:00,0.8251281234389478,1.0689691123038256,1.0535389645446778,1.1822821355201765
2022-01-30 00:00:00+00:00,0.8190721387992871,1.0689691123038256,1.0612713585878906,1.1736048377174852
2022-01-31 00:00:00+00:00,0.8313794135832376,1.0689691123038256,1.0453248288357921,1.1912392761770043
2022-02-01 00:00:00+00:00,0.836602051479448,1.0756842636590105,1.038758208378596,1.1987225158213466
2022-02-02 00:00:00+00:00,0.797919882163946,1.1254209344492578,1.0867875203116846,1.143296895913642
2022-02-03 00:00:00+00:00,0.8065243549110754,1.137557057355803,1.0985070347760715,1.1556257865738016
2022-02-04 00:00:00+00:00,0.8986648634925201,1.267516041442194,1.2240047909792573,1.2876490132207912
2022-02-05 00:00:00+00:00,0.8986648634925201,1.2728640134572413,1.2291691779806186,1.2822160950858277
2022-02-06 00:00:00+00:00,0.8772344509815496,1.2425100940075073,1.199857246914879,1.3127930331215538
2022-02-07 00:00:00+00:00,0.8772344509815496,1.2425100940075073,1.1582589893732975,1.3583066997106414
2022-02-08 00:00:00+00:00,0.8810688250281566,1.2425100940075073,1.1531962627520014,1.36424383082864
2022-02-09 00:00:00+00:00,0.8878038976371123,1.2425100940075073,1.1443809916388021,1.3746723932700102
2022-02-10 00:00:00+00:00,0.8700552570650764,1.2673498870342776,1.16725902467304,1.3471904614184083
2022-02-11 00:00:00+00:00,0.8700552570650764,1.2673498870342776,1.1969374567458144,1.3129371382457773
2022-02-12 00:00:00+00:00,0.8700552570650764,1.2673498870342776,1.1922439001275549,1.3077887115173448
2022-02-13 00:00:00+00:00,0.8667824372315908,1.2625825945978832,1.1922439001275549,1.3028693034702046
2022-02-14 00:00:00+00:00,0.8767615069531816,1.2771184218130727,1.1922439001275549,1.3178689424326353
2022-02-15 00:00:00+00:00,0.918088434277286,1.2771184218130727,1.1922439001275549,1.3799878579811442
2022-02-16 00:00:00+00:00,0.9042973974458732,1.2771184218130727,1.210153154753586,1.3592584133375005
2022-02-17 00:00:00+00:00,0.9042973974458732,1.2771184218130727,1.303106663894225,1.2548519265615476
2022-02-18 00:00:00+00:00,0.8925748542106093,1.2605629435395085,1.2862142961280392,1.2385850922164312
2022-02-19 00:00:00+00:00,0.890658690732641,1.2632690971609062,1.2889755176070612,1.2412440641859699
2022-02-20 00:00:00+00:00,0.890658690732641,1.2632690971609062,1.2347648231849988,1.1890408207979934
2022-02-21 00:00:00+00:00,0.8585845689235004,1.2632690971609062,1.2347648231849988,1.1462214551766416
2022-02-22 00:00:00+00:00,0.8870350601222285,1.3051294189408145,1.2347648231849988,1.184203227272993
2022-02-23 00:00:00+00:00,0.9098818073789096,1.2715141050571772,1.2665678049440974,1.1537025254965334
2022-02-24 00:00:00+00:00,0.9364564233691933,1.3086507955526852,1.2665678049440974,1.1873983322853412
2022-02-25 00:00:00+00:00,0.9146966692846263,1.3390589584774995,1.2371374937419413,1.21498904026297
2022-02-26 00:00:00+00:00,0.9171720761574321,1.3426827999762334,1.2404855092726084,1.2117009642027359
2022-02-27 00:00:00+00:00,0.9171720761574321,1.3426827999762334,1.285768799955173,1.167468438653517
2022-02-28 00:00:00+00:00,1.0506625861800272,1.5381045931454225,1.285768799955173,1.337388523839789
2022-03-01 00:00:00+00:00,1.0808300293624085,1.5381045931454225,1.248850803893895,1.3757886656516272
2022-03-02 00:00:00+00:00,1.0808300293624085,1.5557189242199378,1.2631526086089284,1.3600331720698835
2022-03-03 00:00:00+00:00,1.0454588700059373,1.6066312605610389,1.3044904424929529,1.3155248324119366
2022-03-04 00:00:00+00:00,0.963648594869935,1.6066312605610389,1.2024101741300017,1.212581090122723
2022-03-05 00:00:00+00:00,0.9697416354108006,1.6066312605610389,1.2100128769998297,1.2202481025383867
2022-03-06 00:00:00+00:00,0.9457536746719043,1.5668889145660714,1.1800814598809442,1.1900635023247392
2022-03-07 00:00:00+00:00,0.9349837206358476,1.5490456620983104,1.1666430525851654,1.1765114225778934
2022-03-08 00:00:00+00:00,0.9533588926145854,1.5794889519821353,1.1895710097847554,1.1996333221871363
2022-03-09 00:00:00+00:00,1.0328491822253267,1.7111854570471843,1.2887564737405206,1.2996577735727302
2022-03-10 00:00:00+00:00,1.0951661607239198,1.8144298698511543,1.2887564737405206,1.2212428927507668
2022-03-11 00:00:00+00:00,1.0758736368000037,1.8144298698511543,1.2887564737405206,1.1997293922699517
2022-03-12 00:00:00+00:00,1.0780858017443191,1.8181606222506106,1.2914063591875216,1.2021962240738597
2022-03-13 00:00:00+00:00,1.107235799358545,1.8181606222506106,1.2564884591201944,1.1696904466979923
2022-03-14 00:00:00+00:00,1.107235799358545,1.8181606222506106,1.3200757228427624,1.2288851128869944
2022-03-15 00:00:00+00:00,1.1179245571571537,1.8181606222506106,1.3200757228427624,1.2170220071767435
2022-03-16 00:00:00+00:00,1.065693445714309,1.8181606222506106,1.2583998058487489,1.2738831000638076
2022-03-17 00:00:00+00:00,1.065693445714309,1.8181606222506106,1.2647582671771938,1.2674464045151683
2022-03-18 00:00:00+00:00,1.0434561587358775,1.7802219826798562,1.2647582671771938,1.2938935686037993
2022-03-19 00:00:00+00:00,1.0543701930704512,1.7802219826798562,1.2647582671771938,1.3074270541410682
2022-03-20 00:00:00+00:00,1.077542834781046,1.7802219826798562,1.292554756843183,1.2786928022744422
2022-03-21 00:00:00+00:00,1.084828999704434,1.7922595468001556,1.292554756843183,1.2700464948210461
2022-03-22 00:00:00+00:00,1.048622150214518,1.7922595468001556,1.3356945839968142,1.3124350945871932
2022-03-23 00:00:00+00:00,1.0357934913772593,1.7922595468001556,1.3356945839968142,1.3284911945571016
2022-03-24 00:00:00+00:00,1.0090819028758968,1.7922595468001556,1.3356945839968142,1.3627510257030844
2022-03-25 00:00:00+00:00,1.0018029392389656,1.7922595468001556,1.3356945839968142,1.3725811644995616
2022-03-26 00:00:00+00:00,1.0062950450973838,1.7922595468001556,1.3356945839968142,1.3787358478696132
2022-03-27 00:00:00+00:00,1.0590331821542216,1.7922595468001556,1.3356945839968142,1.4509929462865954
2022-03-30 00:00:00+00:00,1.0537765587831422,1.7922595468001556,1.3290647224540628,1.4581951034628289
2022-03-31 00:00:00+00:00,1.0191263523838054,1.7922595468001556,1.3290647224540628,1.4102468350331008
2022-04-01 00:00:00+00:00,1.0361513568465612,1.8222001196362096,1.3512673990683461,1.4338056985674075
2022-04-02 00:00:00+00:00,1.0255896729414893,1.8222001196362096,1.3512673990683461,1.4191906498397318
2022-04-03 00:00:00+00:00,1.03897765987629,1.8222001196362096,1.3512673990683461,1.4377166806484776
2022-04-04 00:00:00+00:00,1.0347561216741992,1.8222001196362096,1.3512673990683461,1.4435583614906466
2022-04-05 00:00:00+00:00,1.0102427829394929,1.7790322583020886,1.3512673990683461,1.4093605110432545
2022-04-06 00:00:00+00:00,0.958756996636431,1.688366057836214,1.2824017108183425,1.3375341784814776
2022-04-07 00:00:00+00:00,0.9644749244935342,1.6984352988941234,1.2900498223752959,1.3455110943900945
2022-04-08 00:00:00+00:00,0.9380867096471748,1.6984352988941234,1.254753817252899,1.3086976584621768
2022-04-09 00:00:00+00:00,0.9491604743587752,1.7184846959108493,1.2695657193940848,1.3241463475858968
2022-04-10 00:00:00+00:00,0.9491604743587752,1.7184846959108493,1.2521153079045793,1.305945715444752
2022-04-11 00:00:00+00:00,1.0085060908655121,1.7184846959108493,1.1738276453938534,1.2242923431214272
2022-04-12 00:00:00+00:00,1.0226767839074973,1.7426314207979567,1.190321300115162,1.2414950860152627
2022-04-13 00:00:00+00:00,1.0226767839074973,1.7891370298356197,1.222087407595888,1.2746268684468958
2022-04-14 00:00:00+00:00,1.0528599442434414,1.736332653434143,1.222087407595888,1.2370076834372996
2022-04-15 00:00:00+00:00,1.0366750439458714,1.7630241151360508,1.2408737266642502,1.2560233617649115
2022-04-16 00:00:00+00:00,1.0366750439458714,1.755694403113933,1.2357148368940107,1.250801487908649
2022-04-17 00:00:00+00:00,1.0366750439458714,1.755694403113933,1.2139189103217047,1.2287394582453066
2022-04-18 00:00:00+00:00,1.0366750439458714,1.755694403113933,1.2487146267838847,1.2639599902194445
2022-04-19 00:00:00+00:00,1.0541446105993963,1.755694403113933,1.2487146267838847,1.2852596572901223
2022-04-20 00:00:00+00:00,1.0578352567191285,1.755694403113933,1.2487146267838847,1.2807598585724407
2022-04-21 00:00:00+00:00,1.0578352567191285,1.755694403113933,1.2221889171302245,1.253553430926074
2022-04-22 00:00:00+00:00,1.037551917243745,1.7220300443518335,1.1987541974498748,1.2295173160126192
2022-04-23 00:00:00+00:00,1.03077598472947,1.7220300443518335,1.1909255024148329,1.2214877165102003
2022-04-24 00:00:00+00:00,1.0312545627495828,1.7220300443518335,1.1914784361050732,1.2220548399023048
2022-04-25 00:00:00+00:00,1.0568205667092716,1.7220300443518335,1.221016576847092,1.2523510053734155
2022-04-26 00:00:00+00:00,0.9962189904247105,1.7220300443518335,1.1509994598856763,1.1805370689513566
2022-04-27 00:00:00+00:00,1.0253860978472156,1.7724473077960672,1.1846982000345854,1.2151006055204336
2022-04-28 00:00:00+00:00,1.0253860978472156,1.7724473077960672,1.200515729370149,1.2313240533765368
2022-04-29 00:00:00+00:00,1.0553302365078114,1.8242077208391876,1.1654573162124522,1.19536595108917
2022-04-30 00:00:00+00:00,1.0553302365078114,1.8242077208391876,1.1365204530898754,1.1656864935690365
2022-05-01 00:00:00+00:00,1.0785048839271698,1.8642666230554386,1.1614780065400672,1.1912845220869759
2022-05-02 00:00:00+00:00,1.0761172780005508,1.8601394891830378,1.1640492992744635,1.193921800812008
2022-05-03 00:00:00+00:00,1.0988180409174435,1.8601394891830378,1.139493604735758,1.1687359439396967
2022-05-04 00:00:00+00:00,1.0988180409174435,1.9573614197990519,1.1990503040162335,1.2298210214357135
2022-05-05 00:00:00+00:00,1.1860196248369403,1.9573614197990519,1.1990503040162335,1.1322231143999435
2022-05-06 00:00:00+00:00,1.1685091762596416,1.9284628452975616,1.1813474698890516,1.115506919990045
2022-05-07 00:00:00+00:00,1.1513493262078054,1.9001428851909836,1.16399908627832,1.0991254213525354
2022-05-08 00:00:00+00:00,1.1979237432894718,1.8232782488593402,1.1169129607272115,1.0546635672185314
2022-05-09 00:00:00+00:00,1.0579899736293588,1.6102945761244019,0.9864423511810503,0.9314645326298928
2022-05-10 00:00:00+00:00,1.091271499818833,1.6609501233827617,1.0174731811166278,0.9607659078886234
2022-05-11 00:00:00+00:00,1.0234271702814528,1.5576888840535572,0.9542168917270643,0.9010351086568122
2022-05-12 00:00:00+00:00,1.0215263744969667,1.554795812078992,0.9524446391448103,0.8993616297948647
2022-05-13 00:00:00+00:00,1.0304530746996645,1.5683825352780614,0.9607676623829514,0.9072207823761593
2022-05-14 00:00:00+00:00,1.058806611818249,1.6115375255653264,0.9872037634015742,0.9321835087335445
2022-05-15 00:00:00+00:00,1.1026164346584606,1.6782174770383615,0.9872037634015742,0.9707540974665071
2022-05-16 00:00:00+00:00,1.051305508453916,1.600120606347181,0.9872037634015742,0.9255794652987105
2022-05-17 00:00:00+00:00,1.0713800239334055,1.630674660923006,1.0060542660104301,0.9432532615018349
2022-05-18 00:00:00+00:00,1.0102588794855962,1.5376463243186524,0.9486598898399629,0.8894416189854308
2022-05-19 00:00:00+00:00,1.0672581130748253,1.6244009807707545,1.002183682360602,0.9396242915993522
2022-05-20 00:00:00+00:00,1.0274470013664216,1.5638071955256934,0.9647999922841228,0.9045742065463386
2022-05-21 00:00:00+00:00,1.035842182747902,1.5765849300800232,0.9726832903241232,0.9119654048532738
2022-05-22 00:00:00+00:00,1.0659944358773614,1.6224776236617378,1.0009970559470338,0.93851173805965
2022-05-23 00:00:00+00:00,1.0242367684859564,1.5589211184130942,0.961785498442412,0.9017478866906049
2022-05-24 00:00:00+00:00,1.043434805909266,1.5881411453562029,0.9798129649036955,0.9186500231962755
2022-05-25 00:00:00+00:00,1.0396895342153896,1.5824407220581707,0.9762960554216996,0.9153526500312529
2022-05-26 00:00:00+00:00,1.0276265209682898,1.5640804301010685,0.9649685659529026,0.9047322573277446
2022-05-27 00:00:00+00:00,1.0075344055278328,1.5334995878217752,0.9461015365137742,0.8870429659499727
2022-05-28 00:00:00+00:00,1.0214594946452902,1.5546940188058123,0.9591775646254055,0.8993027481312035
2022-05-29 00:00:00+00:00,1.036736260765049,1.577945745416207,0.9735228533019677,0.912752559725375
2022-05-30 00:00:00+00:00,1.1167703232684951,1.577945745416207,0.9735228533019677,0.9832153169181576
2022-05-31 00:00:00+00:00,1.1167703232684951,1.577945745416207,0.9713350235873623,0.9854249288229143
2022-06-01 00:00:00+00:00,1.0464967276163453,1.478652346438816,1.0324569958211631,0.9234163389178968
2022-06-02 00:00:00+00:00,1.0689811875776156,1.5104218671671508,1.054639805735104,0.9432563605367643
2022-06-03 00:00:00+00:00,1.042489422271795,1.4729902059903575,1.054639805735104,0.9198803400633001
2022-06-04 00:00:00+00:00,1.0483054587753666,1.4812080014177431,1.0605236290883502,0.9250123419066061
2022-06-05 00:00:00+00:00,1.0504653998681786,1.484259900081899,1.0605236290883502,0.9269182483882686
2022-06-06 00:00:00+00:00,1.1014364975592001,1.556279746119126,1.0605236290883502,0.971894542320575
2022-06-07 00:00:00+00:00,1.092898584068752,1.5442160621312184,1.0605236290883502,0.9643607884068812
2022-06-08 00:00:00+00:00,1.0603905925970993,1.498283746626459,1.0605236290883502,0.9356761210991276
2022-06-09 00:00:00+00:00,1.0569065900538972,1.493361009268991,1.0570391894425586,0.9326018784490312
2022-06-10 00:00:00+00:00,1.0569065900538972,1.4429625005971742,1.0213658335527804,0.9011280797046982
2022-06-11 00:00:00+00:00,1.0328807814092786,1.4101607930035636,0.9981479443807212,0.8806434588204878
2022-06-12 00:00:00+00:00,0.9655649000025712,1.3182564624992263,0.933095704219369,0.8232493319255443
2022-06-13 00:00:00+00:00,0.8167866247466667,1.1151339972614547,0.7893204183508773,0.6963996341899162
2022-06-14 00:00:00+00:00,0.8041085580972825,1.097825017520681,0.7770686789511583,0.6855902003557065
2022-06-15 00:00:00+00:00,0.820276000888699,1.119897936639649,0.7926924567177723,0.6993747077222674
2022-06-16 00:00:00+00:00,0.7410344495632332,1.0117118508229614,0.7926924567177723,0.6318126472235275
2022-06-17 00:00:00+00:00,0.7435751515666504,1.0151805941827092,0.7926924567177723,0.6339788726392707
2022-06-18 00:00:00+00:00,0.6891408837509457,0.9408631398828737,0.7926924567177723,0.5875677255345906
2022-06-19 00:00:00+00:00,0.747460717291476,1.0204854391778029,0.7926924567177723,0.6372917409789409
2022-06-20 00:00:00+00:00,0.7476751685335383,1.0207782229520876,0.7926924567177723,0.6374745840397833
2022-06-21 00:00:00+00:00,0.7528728850784406,1.0278745076508566,0.7926924567177723,0.6419062039890149
2022-06-22 00:00:00+00:00,0.7261319056233032,0.9913658597285885,0.7926924567177723,0.6191066040124437
2022-06-23 00:00:00+00:00,0.7668122158124969,1.0469054529793735,0.8371017090508351,0.6537910029437723
2022-06-24 00:00:00+00:00,0.7717046119449715,1.0535848929825506,0.8371017090508351,0.6579623039589233
2022-06-25 00:00:00+00:00,0.7808169723492164,1.0660257221712317,0.8469862845086069,0.6657315845272616
2022-06-26 00:00:00+00:00,0.7643587482126304,1.0435558081040806,0.8469862845086069,0.6516991543663379
2022-06-27 00:00:00+00:00,0.7534871606701109,1.0287131594788932,0.8349394732947879,0.6424299408921059
2022-06-28 00:00:00+00:00,0.7534871606701109,1.0058164758424453,0.8163557264072714,0.6281309937272425
2022-06-29 00:00:00+00:00,0.7475874728575168,0.9979410885578675,0.8099637874583142,0.6232128252940743
2022-06-30 00:00:00+00:00,0.7406580348722139,0.9886911062652062,0.8024561792662183,0.6174362241854255
2022-07-01 00:00:00+00:00,0.7164384595104929,0.9563608301725627,0.7762157997750675,0.5972460116195207
2022-07-02 00:00:00+00:00,0.7152823140097262,0.9548175123115018,0.7749631891807854,0.5962822117564361
2022-07-03 00:00:00+00:00,0.7176986952814252,0.9580430962654877,0.777581185599703,0.5982965844606323
2022-07-04 00:00:00+00:00,0.7519258066176284,1.003732252364485,0.8146640979519707,0.6268293990568388
2022-07-05 00:00:00+00:00,0.749821696156426,1.0009235131060912,0.8146640979519707,0.6250753452867234
2022-07-06 00:00:00+00:00,0.7641006507173423,1.0199842330557216,0.8146640979519707,0.636978738451058
2022-07-07 00:00:00+00:00,0.8034802304267377,1.0725513266319875,0.7726786216255676,0.6698068154595967
2022-07-08 00:00:00+00:00,0.8025322654663019,1.0712859052346546,0.7735902461201613,0.669016561552566
2022-07-09 00:00:00+00:00,0.8022385822040492,1.070893872723324,0.7738733381737817,0.6687717377931328
2022-07-10 00:00:00+00:00,0.7752420271346989,1.070893872723324,0.7738733381737817,0.6462665461348671
2022-07-11 00:00:00+00:00,0.7418030278440343,1.024702337438885,0.7738733381737817,0.6183907269437214
2022-07-12 00:00:00+00:00,0.7183306719217157,0.9922783959396138,0.7493862037855583,0.5988234203986528
2022-07-13 00:00:00+00:00,0.7516841684904586,1.038351820572408,0.7841816693749057,0.6266279617864191
2022-07-14 00:00:00+00:00,0.7650114405812904,1.0567616764917758,0.7980851183425619,0.6377380020087935
2022-07-15 00:00:00+00:00,0.7741007516725272,1.0693173522861563,0.8075673868853567,0.6453151424115007
2022-07-16 00:00:00+00:00,0.7741007516725272,1.087824777874274,0.8075673868853567,0.6564840642975363
2022-07-17 00:00:00+00:00,0.7598820152750585,1.0678435367634622,0.7927339330067675,0.644425719386725
2022-07-18 00:00:00+00:00,0.7598820152750585,1.151522365830714,0.8548545012287181,0.6949244935634586
2022-07-19 00:00:00+00:00,0.7924814515325609,1.2009234296924487,0.8548545012287181,0.7247372095855622
2022-07-20 00:00:00+00:00,0.7869104044216114,1.1924810857227301,0.8548545012287181,0.7196423961614106
2022-07-21 00:00:00+00:00,0.7843010940350962,1.188526946515502,0.8548545012287181,0.7172561392656704
2022-07-22 00:00:00+00:00,0.7683944668217161,1.1644221030885806,0.8548545012287181,0.7027092693064444
2022-07-23 00:00:00+00:00,0.7604343757854507,1.1523594108836728,0.8459987377551887,0.6954296362569724
2022-07-24 00:00:00+00:00,0.7648532598685881,1.1523594108836728,0.8509148363373438,0.6994707778050828
2022-07-25 00:00:00+00:00,0.7217962497762987,1.1523594108836728,0.8030130352753327,0.6600944399904418
2022-07-26 00:00:00+00:00,0.7197969080515663,1.1491674294169059,0.8007887268677626,0.6582660093820176
2022-07-27 00:00:00+00:00,0.7774084481569505,1.2411451869025083,0.8648827391340346,0.7109527022190012
2022-07-28 00:00:00+00:00,0.8077408342214936,1.289571332850019,0.8648827391340346,0.7386921638732474
2022-07-29 00:00:00+00:00,0.8055347808947124,1.289571332850019,0.8648827391340346,0.7366746921341216
2022-07-30 00:00:00+00:00,0.8007499156145054,1.2819112972522377,0.8648827391340346,0.7322988548136217
2022-07-31 00:00:00+00:00,0.7892350627659613,1.26347730223718,0.8648827391340346,0.7217683341230698
2022-08-01 00:00:00+00:00,0.7881337304599647,1.2617141920606367,0.8636758448303667,0.7207611477709718
2022-08-02 00:00:00+00:00,0.7785606111847626,1.2617141920606367,0.8531851481907918,0.7120063740950422
2022-08-03 00:00:00+00:00,0.7785606111847626,1.2617141920606367,0.8467384758487381,0.7066264494573737
2022-08-04 00:00:00+00:00,0.7719842555189431,1.2617141920606367,0.8395862345291554,0.700657708183094
2022-08-05 00:00:00+00:00,0.7955170920967357,1.3001757457482637,0.8651798208087839,0.7220162569174327
2022-08-06 00:00:00+00:00,0.783402393289712,1.2803757468388468,0.8651798208087839,0.7110208809874511
2022-08-07 00:00:00+00:00,0.7910679792034009,1.2929042128906056,0.8736455981717426,0.7179782144042517
2022-08-08 00:00:00+00:00,0.8128047809524184,1.3284303665144355,0.8976514505960614,0.7377066707656562
2022-08-09 00:00:00+00:00,0.7901255730955266,1.3284303665144355,0.8726048166340248,0.7171228807637007
2022-08-10 00:00:00+00:00,0.8174655937685366,1.3743968747757342,0.9027987940706442,0.741936853444468
2022-08-11 00:00:00+00:00,0.8166563537411226,1.3730363074648901,0.901905079489343,0.7412023821661687
2022-08-12 00:00:00+00:00,0.832714817238708,1.4000352444391488,0.9196398460541515,0.7557771434397605
2022-08-13 00:00:00+00:00,0.8341318409154033,1.4024176724307111,0.9212047893083287,0.7570632429355165
2022-08-14 00:00:00+00:00,0.8295256603374227,1.4024176724307111,0.9212047893083287,0.7528826448155771
2022-08-15 00:00:00+00:00,0.822392738745576,1.3903585695303868,0.9132835376263768,0.7464087608477836
2022-08-16 00:00:00+00:00,0.8141227836974892,1.376377168274003,0.9040995876150375,0.7389028982484557
2022-08-17 00:00:00+00:00,0.8141227836974892,1.376377168274003,0.8847647564392245,0.723100919142769
2022-08-18 00:00:00+00:00,0.8089588675445893,1.376377168274003,0.87915276386417,0.7185143474470608
2022-08-19 00:00:00+00:00,0.7266083614359792,1.236264535912689,0.7896566498395502,0.6453709250402326
2022-08-20 00:00:00+00:00,0.7371769438867453,1.25424611219531,0.8011422751840368,0.6547579018417868
2022-08-21 00:00:00+00:00,0.7503588866067828,1.2766741066475191,0.8154680237979259,0.6664660558055608
2022-08-22 00:00:00+00:00,0.7462207754193915,1.2696334498395996,0.8109708459641323,0.6627906003791353
2022-08-23 00:00:00+00:00,0.7507985173062866,1.27742210222745,0.8159458015441806,0.666856534206682
2022-08-24 00:00:00+00:00,0.745100763875418,1.2677278420526332,0.8097536502772454,0.6617958101667553
2022-08-25 00:00:00+00:00,0.7518487461995452,1.2792089805572844,0.8170871594935667,0.6677893437204713
2022-08-26 00:00:00+00:00,0.7058061532578784,1.2008712847416798,0.8170871594935667,0.6268944787903593
2022-08-27 00:00:00+00:00,0.6986604098246765,1.188713388331377,0.8088147816213217,0.6205476552546766
2022-08-28 00:00:00+00:00,0.682038182424396,1.1604320316425667,0.789571808875533,0.6057838528503833
2022-08-29 00:00:00+00:00,0.7074390672846061,1.2036495540385654,0.8189775270932789,0.6283448271373805
2022-08-30 00:00:00+00:00,0.6909564051857554,1.175605656264019,0.7998961242278074,0.6137049861302685
2022-08-31 00:00:00+00:00,0.6992744971509671,1.1897582075541373,0.8095256890947177,0.6210930854022741
2022-09-01 00:00:00+00:00,0.7021006945049191,1.1945667505679778,0.8127974791711426,0.6236033036951956
2022-09-02 00:00:00+00:00,0.6957679189525452,1.183792052333261,0.8054662458517458,0.6179785552980939
2022-09-03 00:00:00+00:00,0.6999653453930442,1.1766504754867795,0.8006070317012034,0.6142504162778661
2022-09-04 00:00:00+00:00,0.6999653453930442,1.1868612088001198,0.8075545365548467,0.6195807563566622
2022-09-05 00:00:00+00:00,0.6926900499715817,1.174525218204119,0.7991609812723637,0.6131409617730935
2022-09-06 00:00:00+00:00,0.6575599661126041,1.1149586495610622,0.7586311767947727,0.5820452452901634
2022-09-07 00:00:00+00:00,0.6398618822071694,1.144967519851141,0.7790495704198696,0.5977108668589507
2022-09-08 00:00:00+00:00,0.6398618822071694,1.144967519851141,0.7799503225026383,0.5984019516482364
2022-09-09 00:00:00+00:00,0.6398618822071694,1.2660918046672622,0.8624600211336679,0.6617059381537986
2022-09-10 00:00:00+00:00,0.6484774822041047,1.2660918046672622,0.8624600211336679,0.6706156635762048
2022-09-11 00:00:00+00:00,0.6484774822041047,1.2766701173955526,0.8624600211336679,0.6762187187287997
2022-09-12 00:00:00+00:00,0.6652895201542183,1.3097683005282623,0.8624600211336679,0.6937499593251656
2022-09-13 00:00:00+00:00,0.5992093250294571,1.3097683005282623,0.8624600211336679,0.6248429176670085
2022-09-14 00:00:00+00:00,0.6008290104957487,1.3133086537770553,0.8647912831870732,0.6265318917036037
2022-09-15 00:00:00+00:00,0.5851908730212043,1.279126380758433,0.8422828411228185,0.6102247699044031
2022-09-16 00:00:00+00:00,0.5882132952583028,1.2857328748025112,0.8466331044408245,0.6133764884277378
2022-09-17 00:00:00+00:00,0.5974113255668765,1.3058381836190516,0.8598721063771355,0.6229680015346413
2022-09-18 00:00:00+00:00,0.5766823234982815,1.2605281580955072,0.8300362296385995,0.6013522329011515
2022-09-19 00:00:00+00:00,0.5803704513215254,1.2685897698051443,0.8353446630482801,0.6051981352487014
2022-09-20 00:00:00+00:00,0.5607024175308499,1.2255988380610847,0.807035869893351,0.5846887220850547
2022-09-21 00:00:00+00:00,0.5482412410901878,1.1983608542589026,0.7891001234898124,0.5716944686255246
2022-09-22 00:00:00+00:00,0.5763256955057036,1.2597486307746724,0.8295229242323451,0.6009803487096076
2022-09-23 00:00:00+00:00,0.573003111374852,1.2524860345688913,0.8295229242323451,0.5975156276583902
2022-09-24 00:00:00+00:00,0.5620159973035121,1.228470097026161,0.8295229242323451,0.5860584955239082
2022-09-25 00:00:00+00:00,0.5587082726723515,1.2212399811254149,0.8246407973502627,0.5826092696473385
2022-09-26 00:00:00+00:00,0.5587082726723515,1.248302571280409,0.8429147781146429,0.5955198491637712
2022-09-27 00:00:00+00:00,0.5544575506569428,1.2388053300882338,0.8429147781146429,0.5909890600967945
2022-09-28 00:00:00+00:00,0.5642615415160113,1.260710047803702,0.8578193073609635,0.6014390058791784
2022-09-29 00:00:00+00:00,0.5693554300050647,1.260710047803702,0.8578193073609635,0.6068685150757196
2022-09-30 00:00:00+00:00,0.5643894702223575,1.260710047803702,0.8578193073609635,0.601575363416078
2022-10-01 00:00:00+00:00,0.561258124387477,1.260710047803702,0.8530599540120668,0.5982377027969713
2022-10-02 00:00:00+00:00,0.561258124387477,1.2440825727637714,0.8418089664296242,0.5903475598663813
2022-10-03 00:00:00+00:00,0.5781288080848255,1.2814780645464279,0.8671126407803965,0.6080926338728849
2022-10-04 00:00:00+00:00,0.5571804041225223,1.2814780645464279,0.8671126407803965,0.6301267722218616
2022-10-05 00:00:00+00:00,0.552165698277127,1.2814780645464279,0.8671126407803965,0.624455538300817
2022-10-06 00:00:00+00:00,0.5467947564973594,1.2814780645464279,0.8586781952422845,0.6183814298389332
2022-10-07 00:00:00+00:00,0.534926619329924,1.2814780645464279,0.8400406525761809,0.6049595095591276
2022-10-08 00:00:00+00:00,0.5317835222781926,1.2814780645464279,0.8351047806209694,0.6014049164949536
2022-10-09 00:00:00+00:00,0.5311313364906495,1.2814780645464279,0.8361289632934543,0.6021424868081823
2022-10-10 00:00:00+00:00,0.5227666329926496,1.2612962689853777,0.8229609003615039,0.5926594399238125
2022-10-11 00:00:00+00:00,0.5227666329926496,1.2567454719471016,0.8199916312690053,0.5905211058224351
2022-10-12 00:00:00+00:00,0.5202152135820846,1.2628791549117346,0.8239936896110688,0.5934032083069005
2022-10-13 00:00:00+00:00,0.5202152135820846,1.2628791549117346,0.8333533421852493,0.600143609278634
2022-10-14 00:00:00+00:00,0.5202152135820846,1.2628791549117346,0.8333533421852493,0.5939176481052029
2022-10-15 00:00:00+00:00,0.523043679882203,1.2628791549117346,0.8333533421852493,0.59068845370863
2022-10-16 00:00:00+00:00,0.52829870415753,1.2755673124617126,0.8417260502621247,0.5966231055986849
2022-10-17 00:00:00+00:00,0.52829870415753,1.2755673124617126,0.8417260502621247,0.6055700194402455
2022-10-18 00:00:00+00:00,0.5223589057223025,1.2612257805462221,0.8417260502621247,0.5987614397000625
2022-10-19 00:00:00+00:00,0.516838164527612,1.2478960544782056,0.8328299605632221,0.5924332103739569
2022-10-20 00:00:00+00:00,0.514621216545415,1.2425432751560834,0.8292575837007833,0.5898920017317402
2022-10-21 00:00:00+00:00,0.514621216545415,1.25012855512231,0.834319903108288,0.593493080319857
2022-10-22 00:00:00+00:00,0.515808954864309,1.253013833732527,0.834319903108288,0.5948628537587104
2022-10-23 00:00:00+00:00,0.5256333243074686,1.2768793961735985,0.834319903108288,0.6061929254610816
2022-10-24 00:00:00+00:00,0.5256333243074686,1.2768793961735985,0.834319903108288,0.5986746667220355
2022-10-25 00:00:00+00:00,0.5460457934372206,1.2768793961735985,0.866719921293919,0.6219236267633891
2022-10-26 00:00:00+00:00,0.5272713283618689,1.2768793961735985,0.866719921293919,0.6433069677771639
2022-10-27 00:00:00+00:00,0.5152619690188835,1.2768793961735985,0.866719921293919,0.6286547306303338
2022-10-28 00:00:00+00:00,0.5228135395194536,1.2768793961735985,0.866719921293919,0.6378681614758342
2022-10-29 00:00:00+00:00,0.5228135395194536,1.2768793961735985,0.866719921293919,0.6444969971901044
2022-10-30 00:00:00+00:00,0.5228135395194536,1.2768793961735985,0.866719921293919,0.6388846449327209
2022-10-31 00:00:00+00:00,0.5194254310540295,1.2768793961735985,0.8611031174422307,0.6347443342668654
2022-11-01 00:00:00+00:00,0.5194254310540295,1.2768793961735985,0.8611031174422307,0.6344375298088416
2022-11-02 00:00:00+00:00,0.5194254310540295,1.2768793961735985,0.8471384418598127,0.6241487338427935
2022-11-03 00:00:00+00:00,0.5178883107968897,1.2731007648851764,0.849645353500512,0.6259957586607949
2022-11-04 00:00:00+00:00,0.5419345811225085,1.2731007648851764,0.8890955620208428,0.655061607264881
2022-11-05 00:00:00+00:00,0.5458393118726864,1.2822736722394654,0.8890955620208428,0.6597814374625594
2022-11-06 00:00:00+00:00,0.5358428934912397,1.258790306662071,0.8890955620208428,0.6476983002723117
2022-11-07 00:00:00+00:00,0.5358428934912397,1.2394326413720618,0.8754230589761778,0.6377380020087939
2022-11-08 00:00:00+00:00,0.48260387917383285,1.2394326413720618,0.7884448395451819,0.5743751338395706
2022-11-09 00:00:00+00:00,0.48260387917383285,1.2394326413720618,0.6766059767436127,0.4929015055421588
2022-11-10 00:00:00+00:00,0.5336709856591871,1.370584174564717,0.7482015667379226,0.5450582634061923
2022-11-11 00:00:00+00:00,0.5175983497083302,1.3293061192277296,0.7482015667379226,0.5286426753844582
2022-11-12 00:00:00+00:00,0.5099701437841365,1.309715212843515,0.7482015667379226,0.5208517015716133
2022-11-13 00:00:00+00:00,0.49523259558453064,1.309715212843515,0.7265794055443289,0.5057996889188735
2022-11-14 00:00:00+00:00,0.5038499801607877,1.309715212843515,0.7392223822356623,0.5146009481187461
2022-11-15 00:00:00+00:00,0.5124400561239509,1.3320443854374011,0.7392223822356623,0.5233743160042529
2022-11-16 00:00:00+00:00,0.5052275479768513,1.3132960833336682,0.7392223822356623,0.5160079099767539
2022-11-17 00:00:00+00:00,0.5061833494351334,1.3157806080129597,0.7392223822356623,0.5169841059795568
2022-11-18 00:00:00+00:00,0.5061833494351334,1.3163800488879633,0.7395591557896508,0.5172196326342013
2022-11-19 00:00:00+00:00,0.5061833494351334,1.3166324450458597,0.7397009551808039,0.5173188017519464
2022-11-20 00:00:00+00:00,0.4934384781564708,1.2834817871821707,0.7210764913990468,0.5042935579431209
2022-11-21 00:00:00+00:00,0.4782889713974419,1.2440764370306145,0.6989380614552786,0.4888107794351761
2022-11-22 00:00:00+00:00,0.4918616680054109,1.2793803496163563,0.71877225129281,0.502682059779764
2022-11-23 00:00:00+00:00,0.4918616680054109,1.3089737991296946,0.7353982299055037,0.5143096388353703
2022-11-24 00:00:00+00:00,0.4919624362522696,1.3089737991296946,0.7353982299055037,0.5142042716477663
2022-11-25 00:00:00+00:00,0.4919624362522696,1.3029544950583367,0.7353982299055037,0.5118397079965328
2022-11-26 00:00:00+00:00,0.4919624362522696,1.2976767566261767,0.7353982299055037,0.5097664536286756
2022-11-27 00:00:00+00:00,0.4919624362522696,1.295578283647171,0.7353982299055037,0.5089421103374198
2022-11-28 00:00:00+00:00,0.49849593322270175,1.295578283647171,0.7353982299055037,0.5021831151561092
2022-11-29 00:00:00+00:00,0.49146047887804245,1.295578283647171,0.7353982299055037,0.5092706080399503
2022-11-30 00:00:00+00:00,0.46992476514973164,1.295578283647171,0.7353982299055037,0.5315867585675144
2022-12-01 00:00:00+00:00,0.4749326789079806,1.3093850561195644,0.7432352523109143,0.5259217227163288
2022-12-02 00:00:00+00:00,0.47178427866183886,1.3093850561195644,0.7432352523109143,0.5294081370120529
2022-12-03 00:00:00+00:00,0.4661641826185394,1.3093850561195644,0.7432352523109143,0.5231016009304541
2022-12-04 00:00:00+00:00,0.4661641826185394,1.3093850561195644,0.7432352523109143,0.5299194777754258
2022-12-05 00:00:00+00:00,0.47001355731287187,1.3093850561195644,0.7432352523109143,0.5255436404549257
2022-12-06 00:00:00+00:00,0.4666793415633724,1.3000964468691572,0.7485076676386889,0.5292717794751534
2022-12-07 00:00:00+00:00,0.4598315997697956,1.3000964468691572,0.7485076676386889,0.5215055979417447
2022-12-08 00:00:00+00:00,0.44922934990583785,1.3000964468691572,0.7657658667736909,0.5335298534683311
2022-12-09 00:00:00+00:00,0.4467765409553761,1.3000964468691572,0.7657658667736909,0.5306167606345705
2022-12-10 00:00:00+00:00,0.4467765409553761,1.3000964468691572,0.7656764185939485,0.5305547799359799
2022-12-11 00:00:00+00:00,0.44566220927904465,1.296853799773286,0.7637666999564507,0.5292314920210694
2022-12-12 00:00:00+00:00,0.448864281800962,1.3061716639106018,0.7692543457836398,0.533034007879606
2022-12-13 00:00:00+00:00,0.433803841276117,1.3061716639106018,0.7692543457836398,0.5509185384579385
2022-12-14 00:00:00+00:00,0.433803841276117,1.3081407927669848,0.7692543457836398,0.5517490798190533
2022-12-15 00:00:00+00:00,0.4227881246836326,1.2749227645591228,0.7692543457836398,0.5377383429026363
2022-12-16 00:00:00+00:00,0.4227881246836326,1.2749227645591228,0.7369933476493393,0.5151866657204277
2022-12-17 00:00:00+00:00,0.4227881246836326,1.2749227645591228,0.7433728414400853,0.5196461769840252
2022-12-18 00:00:00+00:00,0.4218375573947148,1.2720563172652368,0.7417014938659983,0.5184778408155913
2022-12-19 00:00:00+00:00,0.4142456260765945,1.2491627554565088,0.7283528796867516,0.5091466466427688
2022-12-20 00:00:00+00:00,0.4257936318676908,1.283985908257563,0.7486573144064295,0.523340226620028
2022-12-21 00:00:00+00:00,0.4240891663841141,1.283985908257563,0.7456604153080665,0.5212452790076639
2022-12-22 00:00:00+00:00,0.423985789039696,1.283672919707071,0.7454786507177812,0.5211182185755531
2022-12-23 00:00:00+00:00,0.42299992216975746,1.280688077676769,0.7454786507177812,0.5199064959181059
2022-12-24 00:00:00+00:00,0.42299992216975746,1.2846958578964844,0.7454786507177812,0.5215334892561105
2022-12-25 00:00:00+00:00,0.42288681319354604,1.2843523338776517,0.7454786507177812,0.5213940326842815
2022-12-26 00:00:00+00:00,0.42288681319354604,1.2843523338776517,0.7454786507177812,0.5241366785969178
2022-12-27 00:00:00+00:00,0.417518496772787,1.268048184613863,0.7549420937884024,0.5174830506032113
2022-12-28 00:00:00+00:00,0.4135378913969843,1.2559586617317242,0.7477445047470018,0.5125493869953954
2022-12-29 00:00:00+00:00,0.415820738575444,1.2628919119775739,0.7518722678090612,0.5153788058860587
2022-12-30 00:00:00+00:00,0.41509312791943986,1.2606820808477357,0.7505566281036294,0.5144769867215647
2022-12-31 00:00:00+00:00,0.4135028860733277,1.2558523468320069,0.7476812093659845,0.512506000506382
2023-01-01 00:00:00+00:00,0.4153206625232074,1.261373127695898,0.7509680480802421,0.5147589989001521
2023-01-02 00:00:00+00:00,0.41671337432868605,1.2656029419203647,0.7509680480802421,0.5164851613559017
2023-01-03 00:00:00+00:00,0.4166833697655518,1.2656940689772653,0.7510221199425785,0.5165223497750562
2023-01-04 00:00:00+00:00,0.4166833697655518,1.2789758375205191,0.7510221199425785,0.5219425618668085
2023-01-05 00:00:00+00:00,0.4171361224309979,1.2789758375205191,0.7518381526697888,0.521375438474704
2023-01-06 00:00:00+00:00,0.4171361224309979,1.2880984555082784,0.7518381526697888,0.5250942803901432
2023-01-07 00:00:00+00:00,0.4173158397136467,1.2880984555082784,0.7521620716557593,0.5248680508402873
2023-01-08 00:00:00+00:00,0.4173158397136467,1.302411928145875,0.7438039751254483,0.5307004345776676
2023-01-09 00:00:00+00:00,0.4184124552915613,1.3058343844088498,0.7418494194905674,0.5320950002959572
2023-01-10 00:00:00+00:00,0.4184124552915613,1.3255401270252223,0.7306545130804376,0.5401245997983761
2023-01-11 00:00:00+00:00,0.4184124552915613,1.3640921954630427,0.7094041244891133,0.5558336078561769
2023-01-12 00:00:00+00:00,0.4184124552915613,1.4327162462648684,0.7094041244891133,0.5837962000253494
2023-01-13 00:00:00+00:00,0.4425381378978727,1.515326734994718,0.7094041244891133,0.6174579174299325
2023-01-15 00:00:00+00:00,0.4212488110905173,1.515326734994718,0.7094041244891133,0.6471621672295024
2023-01-16 00:00:00+00:00,0.4212488110905173,1.515326734994718,0.7197856316909537,0.656632817974154
2023-01-17 00:00:00+00:00,0.42010763026163556,1.5194318191491192,0.7178357020005557,0.6548539719246023
2023-01-18 00:00:00+00:00,0.42010763026163556,1.5194318191491192,0.7025182229517669,0.6408804234273398
2023-01-19 00:00:00+00:00,0.42799582140431414,1.5194318191491192,0.7157091236274038,0.6529139760587148
2023-01-20 00:00:00+00:00,0.42799582140431414,1.5194318191491192,0.7698179739909229,0.70227540441631
2023-01-21 00:00:00+00:00,0.42571429512246367,1.527531486144685,0.7739216587748965,0.7060190386111853
2023-01-22 00:00:00+00:00,0.42571429512246367,1.5223485038702043,0.7712957081639596,0.7036234846106565
2023-01-23 00:00:00+00:00,0.42962369808631395,1.536328475464372,0.7783786409243777,0.710084972438732
2023-01-24 00:00:00+00:00,0.42426678476846263,1.5171722266180714,0.7686731546430761,0.7012310296450575
2023-01-25 00:00:00+00:00,0.42426678476846263,1.5171722266180714,0.7833893487524911,0.7146560489597925
2023-01-26 00:00:00+00:00,0.42534674193635535,1.5171722266180714,0.7813952568914048,0.712836915456157
2023-01-27 00:00:00+00:00,0.42656905051269006,1.5171722266180714,0.7836407334164102,0.714885377544578
2023-01-28 00:00:00+00:00,0.42560562726265927,1.5171722266180714,0.7818708494988189,0.7132707803462915
2023-01-29 00:00:00+00:00,0.42560562726265927,1.5171722266180714,0.8064793698424485,0.7357201893758256
2023-01-30 00:00:00+00:00,0.40910510202361217,1.458352189913427,0.7752125529950208,0.7071966718844077
2023-01-31 00:00:00+00:00,0.4144744059231066,1.4774923474460662,0.7853868377036308,0.7164782814983578
2023-02-01 00:00:00+00:00,0.4144744059231066,1.4774923474460662,0.8061294695669939,0.7354009887780838
2023-02-02 00:00:00+00:00,0.41033664836882155,1.4774923474460662,0.7980817632315358,0.728059375030021
2023-02-03 00:00:00+00:00,0.4115313407145923,1.4774923474460662,0.7957581536353124,0.7259396351382208
2023-02-04 00:00:00+00:00,0.4115313407145923,1.4774923474460662,0.7922897246912419,0.7227755204751679
2023-02-05 00:00:00+00:00,0.40458972916883323,1.4774923474460662,0.7789255724229042,0.7105839170623868
2023-02-06 00:00:00+00:00,0.40156358178678525,1.4664413758645456,0.7730995629820807,0.7052690721582383
2023-02-07 00:00:00+00:00,0.40996974279441006,1.4664413758645456,0.7892832999943737,0.7200328745625314
2023-02-08 00:00:00+00:00,0.4050608553210238,1.4664413758645456,0.779832595467044,0.7114113593885718
2023-02-09 00:00:00+00:00,0.384548340267783,1.4664413758645456,0.7403414236014043,0.6753850783327554
2023-02-10 00:00:00+00:00,0.3814639638107451,1.4546793767041977,0.7344033101888332,0.6699679652759324
2023-02-11 00:00:00+00:00,0.3855699958562412,1.470337369865599,0.7423083387420671,0.6771794195569548
2023-02-12 00:00:00+00:00,0.38698513883023683,1.470337369865599,0.7395838725195946,0.6746939935434697
2023-02-13 00:00:00+00:00,0.38707223719367584,1.470337369865599,0.7394174151069997,0.6745421408319227
2023-02-14 00:00:00+00:00,0.38707223719367584,1.4987900212327367,0.7537259584100598,0.687595275955114
2023-02-15 00:00:00+00:00,0.3496479620092075,1.4987900212327367,0.7537259584100598,0.7540757732634471
2023-02-16 00:00:00+00:00,0.3380661229381908,1.4987900212327367,0.7537259584100598,0.7290975517314144
2023-02-17 00:00:00+00:00,0.3380661229381908,1.4987900212327367,0.7875219813596902,0.7617892712030537
2023-02-18 00:00:00+00:00,0.33882803182132554,1.4987900212327367,0.7875219813596902,0.7635061365540148
2023-02-19 00:00:00+00:00,0.34393034582210125,1.4987900212327367,0.7875219813596902,0.7520087169654489
2023-02-20 00:00:00+00:00,0.3356530792892256,1.4987900212327367,0.7875219813596902,0.7701070809539192
2023-02-21 00:00:00+00:00,0.34114376443206607,1.4987900212327367,0.7875219813596902,0.7575095039653692
2023-02-22 00:00:00+00:00,0.34114376443206607,1.4987900212327367,0.778755413241999,0.749077029922111
2023-02-23 00:00:00+00:00,0.34114376443206607,1.4987900212327367,0.7709425033980443,0.7415618702179945
2023-02-24 00:00:00+00:00,0.34114376443206607,1.4987900212327367,0.7466757665136452,0.7182199391287549
2023-02-25 00:00:00+00:00,0.3407109977863567,1.4987900212327367,0.7457285518768937,0.7173088228594724
2023-02-26 00:00:00+00:00,0.3407109977863567,1.4987900212327367,0.7585868294798724,0.7296770712632369
2023-02-27 00:00:00+00:00,0.33976607764707417,1.4987900212327367,0.7564829820043663,0.7276534014542522
2023-02-28 00:00:00+00:00,0.3448365220085536,1.4987900212327367,0.745193730007163,0.7167943830611699
2023-03-01 00:00:00+00:00,0.3521448569165759,1.4987900212327367,0.7609870842566749,0.7319858522857386
2023-03-02 00:00:00+00:00,0.3521448569165759,1.4987900212327367,0.7557451855696175,0.7269437224553891
2023-03-03 00:00:00+00:00,0.3688730549488194,1.4987900212327367,0.7198444621093336,0.6924111762356074
2023-03-04 00:00:00+00:00,0.36875583603757567,1.4987900212327367,0.7196157129963766,0.6921911447556107
2023-03-05 00:00:00+00:00,0.37013769841378713,1.4987900212327367,0.7223123750744758,0.6947850369916295
2023-03-06 00:00:00+00:00,0.37050586485332737,1.4987900212327367,0.721593909550681,0.6940939522023436
2023-03-07 00:00:00+00:00,0.3670319226188774,1.4847370454252047,0.7148280907167408,0.6875859788503251
2023-03-08 00:00:00+00:00,0.35889793501564393,1.451833006355855,0.6989864091898437,0.6723480241018135
2023-03-09 00:00:00+00:00,0.33661342271075095,1.361686512497158,0.6555852922793631,0.6306009245660799
2023-03-10 00:00:00+00:00,0.3331725656404386,1.3477673745544596,0.6488839098152699,0.624154931912652
2023-03-11 00:00:00+00:00,0.3382511383355631,1.368311486806423,0.6587748925867921,0.6336689691463171
2023-03-12 00:00:00+00:00,0.36370851788125363,1.4712930319026658,0.7083554573656047,0.6813600176768941
2023-03-13 00:00:00+00:00,0.3284182275538629,1.4712930319026658,0.7083554573656047,0.7474717298286128
2023-03-14 00:00:00+00:00,0.33608420164589736,1.4712930319026658,0.7083554573656047,0.7649192964818813
2023-03-15 00:00:00+00:00,0.33071257326346826,1.4477773790682447,0.6970338234982602,0.7526936036848753
2023-03-16 00:00:00+00:00,0.3402766588802445,1.4477773790682447,0.6970338234982602,0.7744612250299122
2023-03-17 00:00:00+00:00,0.3728686226221515,1.4477773790682447,0.6970338234982602,0.8486397251032042
2023-03-18 00:00:00+00:00,0.37936359534311137,1.4477773790682447,0.6970338234982602,0.8338573284893338
2023-03-19 00:00:00+00:00,0.3645779037968104,1.4477773790682447,0.6970338234982602,0.8663569077953421
2023-03-20 00:00:00+00:00,0.3678590879773273,1.4477773790682447,0.6970338234982602,0.858559735912638
2023-03-21 00:00:00+00:00,0.3627204454281297,1.4477773790682447,0.6970338234982602,0.8705530010899292
2023-03-22 00:00:00+00:00,0.3627204454281297,1.4477773790682447,0.6970338234982602,0.8439849746390463
2023-03-23 00:00:00+00:00,0.37670913903068104,1.503612428941394,0.7239156624197555,0.876534138503927
2023-03-24 00:00:00+00:00,0.36545212309916014,1.4586807102393222,0.7239156624197555,0.8503410952795176
2023-03-25 00:00:00+00:00,0.3655640006829566,1.4586807102393222,0.724137278139202,0.8506014142135983
2023-03-26 00:00:00+00:00,0.372316611990672,1.4586807102393222,0.7375133697772347,0.8663135213063284
2023-03-27 00:00:00+00:00,0.372316611990672,1.4586807102393222,0.7152911173379547,0.8402103500948754
2023-03-28 00:00:00+00:00,0.37420758268523957,1.4586807102393222,0.7189240321674559,0.8444777211928418
2023-03-29 00:00:00+00:00,0.38915957173567645,1.4586807102393222,0.7476496506595467,0.8782200135055926
2023-03-30 00:00:00+00:00,0.38915957173567645,1.4586807102393222,0.7476496506595467,0.8681946355085547
2023-03-31 00:00:00+00:00,0.39527027298880957,1.4586807102393222,0.7593894715171278,0.8818272901635685
2023-04-01 00:00:00+00:00,0.39527027298880957,1.4586807102393222,0.7593894715171278,0.8814832972863904
2023-04-02 00:00:00+00:00,0.39527027298880957,1.4586807102393222,0.7593894715171278,0.8727254245755314
2023-04-03 00:00:00+00:00,0.39527027298880957,1.4586807102393222,0.7492745974788739,0.8611009445548546
2023-04-04 00:00:00+00:00,0.4005208931823658,1.4586807102393222,0.7592276766778063,0.8725394824797595
2023-04-05 00:00:00+00:00,0.40050382262091283,1.4586807102393222,0.7592276766778063,0.8725022940606051
2023-04-06 00:00:00+00:00,0.40050382262091283,1.4586807102393222,0.7556896120624719,0.8684363602330584
2023-04-07 00:00:00+00:00,0.39861584015776774,1.4586807102393222,0.7521272771868188,0.8643425350911459
2023-04-08 00:00:00+00:00,0.3991046289559476,1.4586807102393222,0.7530495470789258,0.865402405037046
2023-04-09 00:00:00+00:00,0.40459992991794075,1.478765392121335,0.7634183416261523,0.8773181943410988
2023-04-10 00:00:00+00:00,0.40459992991794075,1.478765392121335,0.7988448316045437,0.9180302162103683
2023-04-11 00:00:00+00:00,0.39692398916177807,1.478765392121335,0.7988448316045437,0.9354467925143415
2023-04-12 00:00:00+00:00,0.39692398916177807,1.478765392121335,0.7988448316045437,0.925836685197861
2023-04-13 00:00:00+00:00,0.3904443295964492,1.478765392121335,0.8118857227969632,0.9409506785491915
2023-04-14 00:00:00+00:00,0.3892818451205785,1.478765392121335,0.8118857227969632,0.9437522061254889
2023-04-15 00:00:00+00:00,0.391489468470987,1.478765392121335,0.8118857227969632,0.9384001728021862
2023-04-16 00:00:00+00:00,0.39140930986328965,1.478765392121335,0.8120519587608652,0.9385923129678171
2023-04-17 00:00:00+00:00,0.40260882740330817,1.478765392121335,0.7888164609677103,0.9117360762684877
2023-04-18 00:00:00+00:00,0.415551975906301,1.478765392121335,0.8141754891384533,0.941046748632007
2023-04-19 00:00:00+00:00,0.43704679865281276,1.478765392121335,0.772061484541513,0.8923702069938386
2023-04-20 00:00:00+00:00,0.42846829569228934,1.478765392121335,0.7569071995741796,0.8748544615721205
2023-04-21 00:00:00+00:00,0.4136334959866707,1.478765392121335,0.7307009042325807,0.844564494170869
2023-04-22 00:00:00+00:00,0.42205263185397857,1.478765392121335,0.7455736605513703,0.8617548409249863
2023-04-23 00:00:00+00:00,0.4255617434684036,1.478765392121335,0.7393746678329565,0.8545898721679069
2023-04-24 00:00:00+00:00,0.426773180836487,1.478765392121335,0.7372699060319379,0.8521571297482238
2023-04-25 00:00:00+00:00,0.426773180836487,1.478765392121335,0.7584301355015407,0.876614713412095
2023-04-26 00:00:00+00:00,0.4251256351225174,1.4730566604269468,0.7555022375566843,0.8799988595551446
2023-04-27 00:00:00+00:00,0.40920956756703414,1.4179076235695174,0.7555022375566843,0.9129446998910055
2023-04-28 00:00:00+00:00,0.41141820741370777,1.4255605415961834,0.7555022375566843,0.9080172343530486
2023-04-29 00:00:00+00:00,0.41141820741370777,1.4298080308549324,0.7555022375566843,0.9053117768595667
2023-04-30 00:00:00+00:00,0.41141820741370777,1.4293039000242387,0.7555022375566843,0.9056309774573085
2023-05-01 00:00:00+00:00,0.42787043056614454,1.4864604047488847,0.7555022375566843,0.8694156552707907
2023-05-02 00:00:00+00:00,0.43705333186661344,1.4864604047488847,0.7717167314411687,0.8880749445815064
2023-05-03 00:00:00+00:00,0.43705333186661344,1.4864604047488847,0.7717167314411687,0.8992903519914849
2023-05-04 00:00:00+00:00,0.43995111606736664,1.4963160474402009,0.7717167314411687,0.8933278087870642
2023-05-05 00:00:00+00:00,0.4297940541183333,1.4617709031409065,0.7895331986851186,0.9139518862431036
2023-05-06 00:00:00+00:00,0.4297940541183333,1.4941720912589478,0.7895331986851186,0.893693494908749
2023-05-07 00:00:00+00:00,0.43602982218119213,1.5158506382695638,0.7780780706819473,0.8807271327635847
2023-05-08 00:00:00+00:00,0.4243755207909856,1.5158506382695638,0.7572814281599374,0.8571868634388551
2023-05-09 00:00:00+00:00,0.4251365178275236,1.5158506382695638,0.7559234588746666,0.855649742113807
2023-05-10 00:00:00+00:00,0.42555687794576585,1.5158506382695638,0.7551760281995076,0.8548037055780446
2023-05-11 00:00:00+00:00,0.4352226993072987,1.5502806809726837,0.738023452449061,0.8353882517445229
2023-05-12 00:00:00+00:00,0.43245698695730606,1.5502806809726837,0.733333530300535,0.8300796049102336
2023-05-13 00:00:00+00:00,0.43281864461428116,1.5502806809726837,0.733333530300535,0.8293854210860183
2023-05-14 00:00:00+00:00,0.4305674384456095,1.5502806809726837,0.733333530300535,0.8336992777079277
2023-05-15 00:00:00+00:00,0.4265565618876538,1.5502806809726837,0.733333530300535,0.8414654592413363
2023-05-16 00:00:00+00:00,0.42856268555777827,1.55757175335866,0.733333530300535,0.8375079916363232
2023-05-17 00:00:00+00:00,0.42267932078386933,1.5361892039782368,0.733333530300535,0.849005411224889
2023-05-18 00:00:00+00:00,0.43172820497924747,1.5690765432102811,0.733333530300535,0.8308295713631804
2023-05-19 00:00:00+00:00,0.4307491016508227,1.5655180820111008,0.733333530300535,0.8327137846003362
2023-05-20 00:00:00+00:00,0.4272319449263523,1.5655180820111008,0.733333530300535,0.8395130672357307
2023-05-21 00:00:00+00:00,0.4216063839246642,1.5655180820111008,0.733333530300535,0.828458809642088
2023-05-22 00:00:00+00:00,0.4199125648846269,1.5655180820111008,0.733333530300535,0.8317871731564059
2023-05-23 00:00:00+00:00,0.42569648882103006,1.5655180820111008,0.733333530300535,0.8432443052908879
2023-05-24 00:00:00+00:00,0.4116770832505382,1.5655180820111008,0.733333530300535,0.8154738532873462
2023-05-25 00:00:00+00:00,0.4116770832505382,1.5655180820111008,0.7374581098931624,0.8200604249830544
2023-05-26 00:00:00+00:00,0.415225728569052,1.5655180820111008,0.7374581098931624,0.8271293236573183
2023-05-27 00:00:00+00:00,0.4175857877309044,1.5655180820111008,0.7374581098931624,0.8318305596454192
2023-05-28 00:00:00+00:00,0.4364740397309376,1.5655180820111008,0.7374581098931624,0.8694559427248744
2023-05-29 00:00:00+00:00,0.43128253187127935,1.5655180820111008,0.7374581098931624,0.859114463165024
2023-05-30 00:00:00+00:00,0.4319343873681919,1.5678842607729604,0.7374581098931624,0.8578159675295498
2023-05-31 00:00:00+00:00,0.4394089474871714,1.5950162639416718,0.7374581098931624,0.8429715902170888
2023-06-01 00:00:00+00:00,0.4458027352904375,1.5950162639416718,0.7374581098931624,0.8307056099659988
2023-06-02 00:00:00+00:00,0.43877607803757296,1.5950162639416718,0.7490817832499188,0.8437990325432742
2023-06-03 00:00:00+00:00,0.44156236205217186,1.6051448204917977,0.7490817832499188,0.8384408011501124
2023-06-04 00:00:00+00:00,0.4407871157124153,1.6023266848131086,0.7490817832499188,0.8399128427416405
2023-06-05 00:00:00+00:00,0.4633563450232557,1.6023266848131086,0.7490817832499188,0.7969075350245167
2023-06-06 00:00:00+00:00,0.43620513032189645,1.6023266848131086,0.7929756039439567,0.8436037933427137
2023-06-07 00:00:00+00:00,0.45055648181671826,1.6023266848131086,0.8190648698143977,0.8158488365138199
2023-06-08 00:00:00+00:00,0.44781815047417445,1.5925882800645494,0.8190648698143977,0.820807292401072
2023-06-09 00:00:00+00:00,0.4481191092136714,1.5925882800645494,0.8190648698143977,0.8202556641836151
2023-06-10 00:00:00+00:00,0.45898004779863105,1.6311874005779756,0.8190648698143977,0.8003753551106635
2023-06-11 00:00:00+00:00,0.457499673379171,1.6311874005779756,0.8217066462640868,0.8029568512069641
2023-06-12 00:00:00+00:00,0.45776629907313465,1.6311874005779756,0.8217066462640868,0.8024888969326046
2023-06-13 00:00:00+00:00,0.4573561712428947,1.629725966325021,0.8217066462640868,0.8032078730362563
2023-06-14 00:00:00+00:00,0.4715102489091469,1.6801620801296855,0.8217066462640868,0.7783505138664755
2023-06-15 00:00:00+00:00,0.4626830072400417,1.6801620801296855,0.8370899876961426,0.7929221761051376
2023-06-16 00:00:00+00:00,0.4491222853195729,1.6801620801296855,0.8370899876961426,0.8161618390417025
2023-06-17 00:00:00+00:00,0.44617372657368304,1.6691315506774365,0.8315943597012814,0.8215200704348644
2023-06-18 00:00:00+00:00,0.44918985820502205,1.680414869633764,0.8372159324281191,0.815966599841142
2023-06-19 00:00:00+00:00,0.4406802321449961,1.6485804417073795,0.8372159324281191,0.8314245860696505
2023-06-20 00:00:00+00:00,0.41666403416824754,1.5587360797855292,0.8372159324281191,0.8767355757743465
2023-06-21 00:00:00+00:00,0.39165735832488374,1.4651863498445648,0.7869692451302285,0.9293540898428803
2023-06-22 00:00:00+00:00,0.39165735832488374,1.4651863498445648,0.7869692451302285,0.9258366851978608
2023-06-23 00:00:00+00:00,0.38119043832868,1.4651863498445648,0.7869692451302285,0.9505793800752489
2023-06-24 00:00:00+00:00,0.38304460556800257,1.4651863498445648,0.7869692451302285,0.9459556199603862
2023-06-25 00:00:00+00:00,0.3838753416032992,1.4651863498445648,0.7869692451302285,0.9439040588370357
2023-06-26 00:00:00+00:00,0.3863695608594321,1.4651863498445648,0.7869692451302285,0.9377710687114906
2023-06-27 00:00:00+00:00,0.3809672997565399,1.4651863498445648,0.7979727344648507,0.9508830854983432
2023-06-28 00:00:00+00:00,0.3886268244221488,1.4651863498445648,0.7979727344648507,0.9317651390180566
2023-06-29 00:00:00+00:00,0.3886268244221488,1.4651863498445648,0.8078882416471802,0.9433431335147905
2023-06-30 00:00:00+00:00,0.38836765390792993,1.4651863498445648,0.808427012513886,0.9439722376054857
2023-07-01 00:00:00+00:00,0.38692180352109207,1.4651863498445648,0.8114366980451391,0.9474865432155755
2023-07-02 00:00:00+00:00,0.38692180352109207,1.4651863498445648,0.8124744291233755,0.9486982658730229
2023-07-03 00:00:00+00:00,0.38014336962834944,1.4651863498445648,0.8267080653703863,0.9653183902001061
2023-07-04 00:00:00+00:00,0.38493833350927587,1.4651863498445648,0.8267080653703863,0.9531422819619726
2023-07-05 00:00:00+00:00,0.38158784395174317,1.4651863498445648,0.8267080653703863,0.944846165455614
2023-07-06 00:00:00+00:00,0.3892725678528456,1.4651863498445648,0.8267080653703863,0.9258180909882838
2023-07-07 00:00:00+00:00,0.38336332416857866,1.4651863498445648,0.83925767666452,0.939872214393714
2023-07-08 00:00:00+00:00,0.3841040642394796,1.4651863498445648,0.83925767666452,0.9380561799250079
2023-07-09 00:00:00+00:00,0.38256228283703236,1.4651863498445648,0.83925767666452,0.9342908524856258
2023-07-10 00:00:00+00:00,0.38256228283703236,1.4651863498445648,0.83925767666452,0.9420105484950916
2023-07-11 00:00:00+00:00,0.37990043499004694,1.4549916618009773,0.8450971865689689,0.948565007371053
2023-07-12 00:00:00+00:00,0.37990043499004694,1.4549916618009773,0.8450971865689689,0.9411428187148225
2023-07-13 00:00:00+00:00,0.37990043499004694,1.4549916618009773,0.8749507624887813,0.9743892654388482
2023-07-14 00:00:00+00:00,0.36602466938123535,1.4549916618009773,0.8749507624887813,0.9387999483080959
2023-07-15 00:00:00+00:00,0.3662288669071749,1.4549916618009773,0.8744626457142451,0.938276211405005
2023-07-16 00:00:00+00:00,0.3655079344162688,1.4549916618009773,0.8727412398111466,0.9364291865870034
2023-07-17 00:00:00+00:00,0.3666050581901812,1.4549916618009773,0.8701215835123038,0.9336183619059173
2023-07-18 00:00:00+00:00,0.3666050581901812,1.4549916618009773,0.8620200003609766,0.9249255689285785
2023-07-19 00:00:00+00:00,0.3666050581901812,1.4549916618009773,0.8634612445650809,0.9264719873584153
2023-07-20 00:00:00+00:00,0.3666050581901812,1.4549916618009773,0.8634612445650809,0.9232334958570538
2023-07-21 00:00:00+00:00,0.36784057052082786,1.4598951951783334,0.8663712344598254,0.9263449269263045
2023-07-22 00:00:00+00:00,0.3665127639423739,1.4546253619968919,0.8632438648418679,0.9230010682373389
2023-07-23 00:00:00+00:00,0.37004824892837773,1.4686570864920556,0.8715709574390801,0.931904595589886
2023-07-24 00:00:00+00:00,0.358886797893552,1.4686570864920556,0.8715709574390801,0.9037963487790255
2023-07-25 00:00:00+00:00,0.35953285762820286,1.4713009290997006,0.8731399393709803,0.9054233421170301
2023-07-26 00:00:00+00:00,0.3610058738232069,1.477328890245131,0.8767172181757129,0.9091328869276807
2023-07-27 00:00:00+00:00,0.3594516386901325,1.4709685603147395,0.872942695928113,0.905218805811681
2023-07-28 00:00:00+00:00,0.3605616308437613,1.4755109337092076,0.872942695928113,0.9080141353181195
2023-07-29 00:00:00+00:00,0.3610440221123006,1.477485002856249,0.872942695928113,0.9092289570104961
2023-07-30 00:00:00+00:00,0.3602072209321813,1.4740605971930139,0.872942695928113,0.907121613258414
2023-07-31 00:00:00+00:00,0.35958823417688723,1.471527544180356,0.872942695928113,0.9055627986888591
2023-08-01 00:00:00+00:00,0.3654999883964355,1.4957199630129765,0.872942695928113,0.9204505624903336
2023-08-02 00:00:00+00:00,0.35896432506171005,1.4957199630129765,0.8885521617344584,0.903991587979586
2023-08-03 00:00:00+00:00,0.3590886146487572,1.496237848506219,0.8885521617344584,0.9043045905074689
2023-08-04 00:00:00+00:00,0.35811521798188317,1.4921819334056767,0.8885521617344584,0.9018532538782086
2023-08-05 00:00:00+00:00,0.3575811419345718,1.4899565640584767,0.8885521617344584,0.9005082727187914
2023-08-06 00:00:00+00:00,0.35780510930925075,1.4908897834621413,0.8885521617344584,0.9010722970759664
2023-08-07 00:00:00+00:00,0.359365497392179,1.4973915538129474,0.8885521617344584,0.9050018733666138
2023-08-08 00:00:00+00:00,0.36621126939953685,1.5259162765744092,0.8885521617344584,0.9222418046796035
2023-08-09 00:00:00+00:00,0.363919910873975,1.5259162765744092,0.8885521617344584,0.9164714016408138
2023-08-10 00:00:00+00:00,0.36233121922171924,1.5259162765744092,0.8885521617344584,0.9124705475467871
2023-08-11 00:00:00+00:00,0.3619841928499639,1.524454814903512,0.8885521617344584,0.911596619696659
2023-08-12 00:00:00+00:00,0.3620481835284436,1.5247243042896348,0.8885521617344584,0.9117577695129946
2023-08-13 00:00:00+00:00,0.36048041190569075,1.5181218143296236,0.8885521617344584,0.90780959901277
2023-08-14 00:00:00+00:00,0.3620334164487944,1.5246621144312986,0.8923801798413595,0.9117205810938401
2023-08-15 00:00:00+00:00,0.35919444538624273,1.512706114166192,0.8923801798413595,0.9045711075114083
2023-08-16 00:00:00+00:00,0.3533565265649403,1.4881203901706719,0.8778764949582284,0.8898692858057058
2023-08-17 00:00:00+00:00,0.32745629945027904,1.3790445611374267,0.8135301510005422,0.8246438976438334
2023-08-18 00:00:00+00:00,0.32745629945027904,1.3790445611374267,0.8135301510005422,0.8070537753838064
2023-08-19 00:00:00+00:00,0.32745629945027904,1.3814910558027782,0.8135301510005422,0.8084855295212505
2023-08-20 00:00:00+00:00,0.32745629945027904,1.3861298638695487,0.8135301510005422,0.8112002841195212
2023-08-21 00:00:00+00:00,0.3282131447208043,1.3861298638695487,0.8135301510005422,0.8093253679871539
2023-08-22 00:00:00+00:00,0.32732083086479685,1.3861298638695487,0.8135301510005422,0.8071250531871857
2023-08-23 00:00:00+00:00,0.32732083086479685,1.3861298638695487,0.8018227935419329,0.8187402361030739
2023-08-24 00:00:00+00:00,0.32732083086479685,1.372771826406598,0.8095499042506514,0.8108500931724839
2023-08-25 00:00:00+00:00,0.3259084445946213,1.3668483290398772,0.8130431043832693,0.8073512827370417
2023-08-26 00:00:00+00:00,0.32531546754230667,1.3643614045475603,0.8145224029759818,0.8058823401804432
2023-08-27 00:00:00+00:00,0.326358806912835,1.3687371324517634,0.8145224029759818,0.8084669353116735
2023-08-28 00:00:00+00:00,0.3265939961234577,1.3697235075668597,0.8145224029759818,0.8090495538784256
2023-08-29 00:00:00+00:00,0.3465300347430483,1.4533345385996885,0.8145224029759818,0.8584357745154568
2023-08-30 00:00:00+00:00,0.3465300347430483,1.4533345385996885,0.8265696457115408,0.8457390284091619
2023-08-31 00:00:00+00:00,0.36382961698933014,1.525888366150337,0.8265696457115408,0.8035177765292099
2023-09-01 00:00:00+00:00,0.36382961698933014,1.525888366150337,0.8223488102791044,0.7994146542825087
2023-09-02 00:00:00+00:00,0.36298053641191547,1.525888366150337,0.8242679514651517,0.8012802733100873
2023-09-03 00:00:00+00:00,0.3614882278768639,1.525888366150337,0.8242679514651517,0.8045745474401804
2023-09-04 00:00:00+00:00,0.3614882278768639,1.5345927493484168,0.8242679514651517,0.7999848767095427
2023-09-05 00:00:00+00:00,0.3614882278768639,1.5345927493484168,0.8242679514651517,0.798921907728713
2023-09-06 00:00:00+00:00,0.3619411450853816,1.5345927493484168,0.8242679514651517,0.797920919446474
2023-09-07 00:00:00+00:00,0.3619411450853816,1.5345927493484168,0.8242679514651517,0.8132084587538582
2023-09-08 00:00:00+00:00,0.3619411450853816,1.5345927493484168,0.8349762383879271,0.8026438486790816
2023-09-09 00:00:00+00:00,0.3618405274649902,1.5345927493484168,0.8349762383879271,0.8024207181641553
2023-09-10 00:00:00+00:00,0.3609433536831664,1.5345927493484168,0.8349762383879271,0.8004311377393954
2023-09-11 00:00:00+00:00,0.3514685277629705,1.5345927493484168,0.8349762383879271,0.7794196809171645
2023-09-12 00:00:00+00:00,0.3609070195424694,1.5758033838874268,0.8573990607449156,0.8003505628312275
2023-09-13 00:00:00+00:00,0.3609070195424694,1.5758033838874268,0.8446472010065096,0.8122539559955624
2023-09-14 00:00:00+00:00,0.35677054940444686,1.5577426001179435,0.8349664307944006,0.8215634569238782
2023-09-15 00:00:00+00:00,0.3556831584510484,1.5529948001273917,0.8324215600231085,0.8240674771469405
2023-09-16 00:00:00+00:00,0.35627437865643796,1.555576204062002,0.8338052197044686,0.8226977037080873
2023-09-17 00:00:00+00:00,0.3567132311093446,1.5574923352062349,0.8348322861673829,0.8216843192861301
2023-09-18 00:00:00+00:00,0.35354220167709804,1.5436468884868126,0.8348322861673829,0.8289887446150384
2023-09-19 00:00:00+00:00,0.3476462852000961,1.5179039557299063,0.8348322861673829,0.8428135394356833
2023-09-20 00:00:00+00:00,0.3476462852000961,1.5179039557299063,0.8375428204690661,0.840077091592906
2023-09-21 00:00:00+00:00,0.3405273318062422,1.5179039557299063,0.8375428204690661,0.8228743486990706
2023-09-22 00:00:00+00:00,0.34070815912177693,1.5179039557299063,0.8379875736671942,0.8233113126241348
2023-09-23 00:00:00+00:00,0.3406619904454702,1.5176982676225903,0.8378740196591615,0.8231997473666716
2023-09-24 00:00:00+00:00,0.33642088454140345,1.4988035295422162,0.8274428223101593,0.8129512388547074
2023-09-25 00:00:00+00:00,0.3371659956784651,1.5021231070519525,0.8292754578286868,0.8147517781487659
2023-09-26 00:00:00+00:00,0.33611822321894813,1.4974551297275902,0.8266984127019451,0.8122198666113377
2023-09-27 00:00:00+00:00,0.3380521777709084,1.506071176000709,0.831455063927314,0.8168932112850728
2023-09-28 00:00:00+00:00,0.3464164029618137,1.5433350047760952,0.831455063927314,0.8371051170954844
2023-09-29 00:00:00+00:00,0.34486590491584557,1.5433350047760952,0.8351765085266674,0.8333583838656796
2023-09-30 00:00:00+00:00,0.3456353828542913,1.5433350047760952,0.8351765085266674,0.8352178048233991
2023-10-01 00:00:00+00:00,0.358851166447097,1.5433350047760952,0.8351765085266674,0.8671533597722325
2023-10-02 00:00:00+00:00,0.3523901166906142,1.5433350047760952,0.8502137091312025,0.8515404217972472
2023-10-03 00:00:00+00:00,0.3515488208112469,1.5433350047760952,0.8502137091312025,0.8495074548834739
2023-10-04 00:00:00+00:00,0.3515488208112469,1.5433350047760952,0.8502137091312025,0.8602858983683882
2023-10-05 00:00:00+00:00,0.3515488208112469,1.5433350047760952,0.8502137091312025,0.8490859861330575
2023-10-06 00:00:00+00:00,0.3581939947738923,1.5433350047760952,0.8502137091312025,0.8651358880331068
2023-10-07 00:00:00+00:00,0.3585365824255676,1.5433350047760952,0.8502137091312025,0.865963330359292
2023-10-08 00:00:00+00:00,0.3585365824255676,1.5433350047760952,0.8502137091312025,0.8646679337587473
2023-10-09 00:00:00+00:00,0.3585365824255676,1.5433350047760952,0.8502137091312025,0.8546611499712865
2023-10-10 00:00:00+00:00,0.35597414890370155,1.5323049075822375,0.8441372968044907,0.8485529521251779
2023-10-11 00:00:00+00:00,0.34925669887453764,1.5323049075822375,0.8282079094416694,0.832540238644283
2023-10-12 00:00:00+00:00,0.3476901172439701,1.5323049075822375,0.8244930048989562,0.8288059015541962
2023-10-13 00:00:00+00:00,0.34906558891628575,1.5323049075822375,0.8277547219165416,0.8320846805096416
2023-10-14 00:00:00+00:00,0.3488900797709525,1.531534469208307,0.8273385292914244,0.8316663107941547
2023-10-15 00:00:00+00:00,0.35283578537159355,1.548855065244449,0.8366951560857271,0.841071881805286
2023-10-16 00:00:00+00:00,0.37034119753391054,1.548855065244449,0.8366951560857271,0.8828003871314424
2023-10-17 00:00:00+00:00,0.37034119753391054,1.548855065244449,0.8366951560857271,0.8795649946650105
2023-10-18 00:00:00+00:00,0.37131722526903527,1.5529370456220943,0.8366951560857271,0.87724691653772
2023-10-19 00:00:00+00:00,0.366204039728663,1.5315524862577121,0.8366951560857271,0.8893269546930382
2023-10-20 00:00:00+00:00,0.3540031510478447,1.480525464798565,0.8366951560857271,0.9189568276542994
2023-10-21 00:00:00+00:00,0.35110933376750214,1.4684228319227288,0.8298555477548607,0.9264688883234864
2023-10-22 00:00:00+00:00,0.3500981242289985,1.4641937128666684,0.8274655291345482,0.9291371573978139
2023-10-23 00:00:00+00:00,0.3139865738002949,1.3131666109191285,0.7421149913412893,1.0249748125936093
2023-10-24 00:00:00+00:00,0.30598359013597703,1.2796962277479118,0.7421149913412893,1.051099677049569
2023-10-26 00:00:00+00:00,0.30384548503050707,1.2707541631202546,0.7421149913412893,1.0584443898325613
2023-10-27 00:00:00+00:00,0.3061665392860689,1.2804613646532543,0.7421149913412893,1.0503590077014107
2023-10-28 00:00:00+00:00,0.3061665392860689,1.2731510485694375,0.7421149913412893,1.0563556402900562
2023-10-29 00:00:00+00:00,0.30219648623400613,1.2566421341142648,0.7421149913412893,1.0700533746785903
2023-10-30 00:00:00+00:00,0.30258857866124855,1.2566421341142648,0.7421149913412893,1.0686650070301598
2023-10-31 00:00:00+00:00,0.30258857866124855,1.2566421341142648,0.7421149913412893,1.0738589895720565
2023-11-01 00:00:00+00:00,0.2957249419011828,1.2566421341142648,0.7421149913412893,1.0982174041181827
2023-11-02 00:00:00+00:00,0.2998749081404515,1.2742768401958349,0.7421149913412893,1.082805903413617
2023-11-03 00:00:00+00:00,0.2998749081404515,1.2742768401958349,0.7370238506913054,1.0753775166875275
2023-11-04 00:00:00+00:00,0.2998749081404515,1.2878383679328154,0.7448676481132457,1.0868222526822913
2023-11-05 00:00:00+00:00,0.2998749081404515,1.2878383679328154,0.7448676481132457,1.085452479243438
2023-11-06 00:00:00+00:00,0.29960179256552233,1.2878383679328154,0.7448676481132457,1.0864410713859587
2023-11-07 00:00:00+00:00,0.29960179256552233,1.2878383679328154,0.7448676481132457,1.097259802324957
2023-11-08 00:00:00+00:00,0.29773850998399276,1.2798290473668517,0.74023516944084,1.1040838772397874
2023-11-09 00:00:00+00:00,0.28860579087976734,1.240572052389419,0.74023516944084,1.1379501309497195
2023-11-10 00:00:00+00:00,0.2838042745832913,1.240572052389419,0.74023516944084,1.1568821353342342
2023-11-11 00:00:00+00:00,0.28508377492114917,1.2461650349563655,0.7435724382356265,1.1516664595478308
2023-11-12 00:00:00+00:00,0.28567140094763743,1.248733679938152,0.7435724382356265,1.1492925987918088
2023-11-13 00:00:00+00:00,0.29028783784583,1.268913159637413,0.7435724382356265,1.13072008245912
2023-11-14 00:00:00+00:00,0.2976647333090641,1.3011592220285584,0.7435724382356265,1.1019858305924939
2023-11-15 00:00:00+00:00,0.2976647333090641,1.2160253024590644,0.7435724382356265,1.174087977262999
2023-11-16 00:00:00+00:00,0.2976647333090641,1.2708988390292655,0.7771263859204361,1.12110687610771
2023-11-17 00:00:00+00:00,0.29399576204130334,1.2552339288036143,0.7771263859204361,1.134925472858496
2023-11-18 00:00:00+00:00,0.294324904610195,1.2552339288036143,0.7771263859204361,1.1336548685373877
2023-11-19 00:00:00+00:00,0.294324904610195,1.227954365605364,0.7771263859204361,1.1582921962271717
2023-11-20 00:00:00+00:00,0.2936429534935866,1.2251091940359455,0.7771263859204361,1.160975960476147
2023-11-21 00:00:00+00:00,0.30716796960978765,1.2815369795363531,0.7771263859204361,1.1075021127670621
2023-11-22 00:00:00+00:00,0.30716796960978765,1.2815369795363531,0.8135808917087513,1.1594543343257464
2023-11-23 00:00:00+00:00,0.30814579320188373,1.2856165620993596,0.8135808917087513,1.155763383724673
2023-11-24 00:00:00+00:00,0.304741625090425,1.2714140157696274,0.8135808917087513,1.1685314076343472
2023-11-25 00:00:00+00:00,0.3042542815962887,1.2693807676081557,0.8135808917087513,1.1704001256968553
2023-11-26 00:00:00+00:00,0.30690234582131026,1.2804287692369176,0.8135808917087513,1.1602135978834818
2023-11-27 00:00:00+00:00,0.30857138488624763,1.2873921752350275,0.8135808917087513,1.1539039627669536
2023-11-28 00:00:00+00:00,0.30857138488624763,1.2674144880259006,0.8262059991830241,1.1718101865897927
2023-11-29 00:00:00+00:00,0.3083673685892909,1.2665765191693534,0.8262059991830241,1.172584945322176
2023-11-30 00:00:00+00:00,0.309347797703607,1.270603496798613,0.8262059991830241,1.1688568063019484
2023-12-01 00:00:00+00:00,0.3016118062410746,1.238828976739105,0.8262059991830241,1.1980869037572999
2023-12-02 00:00:00+00:00,0.29556552714545037,1.2139947176347903,0.8262059991830241,1.2221044244611774
2023-12-03 00:00:00+00:00,0.29148299785329557,1.1972262905346087,0.8147939437055297,1.2389848677223412
2023-12-04 00:00:00+00:00,0.27680375143879454,1.1369333065111573,0.7737604660592063,1.3013808369935504
2023-12-05 00:00:00+00:00,0.26303643454018344,1.0803859474455204,0.7352761410293501,1.366107280531768
2023-12-06 00:00:00+00:00,0.264867713319368,1.087907672952273,0.7403951869754434,1.3565963423330327
2023-12-07 00:00:00+00:00,0.2677647833490955,1.0998069893125888,0.7484934813257053,1.3417581630904305
2023-12-08 00:00:00+00:00,0.26211522843433666,1.076602220171397,0.7484934813257053,1.3700678471717105
2023-12-09 00:00:00+00:00,0.26493265809429656,1.0881744246755294,0.7565389037422894,1.3553412331865717
2023-12-10 00:00:00+00:00,0.2644740843382804,1.086290896096178,0.7565389037422894,1.3576872026282276
2023-12-11 00:00:00+00:00,0.24914654039546152,1.086290896096178,0.7565389037422894,1.2790027057673952
2023-12-12 00:00:00+00:00,0.25061953004573634,1.092713201798668,0.7610116689409305,1.2865643509954547
2023-12-13 00:00:00+00:00,0.25061953004573634,1.092713201798668,0.7859418356218811,1.328711226037098
2023-12-14 00:00:00+00:00,0.25153958868198584,1.092713201798668,0.7859418356218811,1.333589107016182
2023-12-15 00:00:00+00:00,0.25153958868198584,1.092713201798668,0.7859418356218811,1.3006029792262372
2023-12-16 00:00:00+00:00,0.25153958868198584,1.092713201798668,0.7859418356218811,1.3105012967911644
2023-12-17 00:00:00+00:00,0.25683895964252684,1.1157342007601183,0.7859418356218811,1.2828919946039585
2023-12-18 00:00:00+00:00,0.24892715450595368,1.081364525719733,0.7859418356218811,1.3224108880253582
2023-12-19 00:00:00+00:00,0.25110539909176866,1.0908270386710273,0.792819243398492,1.3108390915984838
2023-12-20 00:00:00+00:00,0.25110539909176866,1.054449202664631,0.7663796270371273,1.3545540783144705
2023-12-21 00:00:00+00:00,0.250028795658834,1.049928297755577,0.7630938078536942,1.3603616697724146
2023-12-22 00:00:00+00:00,0.24944268787587068,1.0474670966557338,0.7613049930144448,1.3635505767149037
2023-12-23 00:00:00+00:00,0.2509960637662957,1.053990078539124,0.7660459330334896,1.3550592210079844
2023-12-24 00:00:00+00:00,0.2551107156948787,1.0712684463521207,0.7660459330334896,1.332845338633095
2023-12-25 00:00:00+00:00,0.25153096576412426,1.0562362547948085,0.7660459330334896,1.3515480144328242
2023-12-26 00:00:00+00:00,0.25772178383559585,1.0822329207482926,0.7660459330334896,1.3182829734992212
2023-12-27 00:00:00+00:00,0.25217638969276707,1.0822329207482926,0.7825289270860667,1.3466484402092331
2023-12-28 00:00:00+00:00,0.25713068560890595,1.1034946342104712,0.7825289270860667,1.3201919790158132
2023-12-29 00:00:00+00:00,0.2601788239051188,1.116575936608266,0.7825289270860667,1.3045418526216737
2023-12-30 00:00:00+00:00,0.2606677203555583,1.116575936608266,0.783999360417559,1.3069931892509339
2023-12-31 00:00:00+00:00,0.2598036530512417,1.1128746852285636,0.783999360417559,1.3113256400824207
2024-01-01 00:00:00+00:00,0.2598036530512417,1.0624778786908935,0.783999360417559,1.3707093474021241
2024-01-02 00:00:00+00:00,0.2554005796234206,1.044471326202623,0.770712377302651,1.3939397132339006
2024-01-03 00:00:00+00:00,0.2674966728646483,1.0939388041862834,0.8072142865456409,1.3279209721300678
2024-01-04 00:00:00+00:00,0.2594167432577984,1.0939388041862834,0.8072142865456409,1.368031781223008
2024-01-05 00:00:00+00:00,0.25940734065110815,1.093899154176844,0.8071850289181038,1.3680813657818804
2024-01-06 00:00:00+00:00,0.2605161801945457,1.0985750381963155,0.8106353502416587,1.3622334868698522
2024-01-07 00:00:00+00:00,0.26075206104938103,1.0995697281189032,0.811369329064901,1.3610000709678984
2024-01-08 00:00:00+00:00,0.24260856394109934,1.0230601116572282,0.7549131038815088,1.4557003803445552
2024-01-09 00:00:00+00:00,0.2470436501476879,1.0417625008722418,0.7687135429089237,1.429088967404659
2024-01-10 00:00:00+00:00,0.24410306248307267,1.0293622875589579,0.7687135429089237,1.4460995701328634
2024-01-11 00:00:00+00:00,0.24410306248307267,1.0293622875589579,0.7740691631725527,1.436024607576953
2024-01-12 00:00:00+00:00,0.26279832549612414,1.1081986548944374,0.7740691631725527,1.3260429569627707
2024-01-13 00:00:00+00:00,0.2624451754100965,1.1081986548944374,0.7751093623102362,1.3278249020472521
2024-01-14 00:00:00+00:00,0.2624451754100965,1.1081986548944374,0.7751093623102362,1.2933791288054974
2024-01-15 00:00:00+00:00,0.25753960521974223,1.087484437999629,0.7751093623102362,1.317554700290781
2024-01-16 00:00:00+00:00,0.25753960521974223,1.087484437999629,0.7863763877343859,1.3367067361552925
2024-01-17 00:00:00+00:00,0.25962700572480385,1.087484437999629,0.7863763877343859,1.3258725100416466
2024-01-18 00:00:00+00:00,0.2684886977936888,1.087484437999629,0.7863763877343859,1.280617302965682
2024-01-19 00:00:00+00:00,0.2706919332097597,1.0964084048105815,0.7928294426378353,1.291126130411727
2024-01-20 00:00:00+00:00,0.2704996130436857,1.0956294327740017,0.7928294426378353,1.2920434447508686
2024-01-21 00:00:00+00:00,0.27122498006401785,1.0956294327740017,0.7907034051031903,1.288578723699651
2024-01-22 00:00:00+00:00,0.27122498006401785,1.0956294327740017,0.7907034051031903,1.22619515056816
2024-01-23 00:00:00+00:00,0.27343908951281803,1.1045734595333214,0.7971582083444855,1.2362050333905503
2024-01-24 00:00:00+00:00,0.27473259555922236,1.109798654113766,0.8009291723433475,1.2420529123025783
2024-01-25 00:00:00+00:00,0.27559219099228593,1.109798654113766,0.8009291723433475,1.2381667225009447
2024-01-26 00:00:00+00:00,0.27559219099228593,1.109798654113766,0.8009291723433475,1.2955949387801131
2024-01-27 00:00:00+00:00,0.27559219099228593,1.1019463051459801,0.795262220652239,1.3047618841016704
2024-01-28 00:00:00+00:00,0.2761224000424158,1.1040663285822099,0.7967922176565009,1.3022516658087488
2024-01-29 00:00:00+00:00,0.2678001955443596,1.0707902678045698,0.7727772598813313,1.341500943191279
2024-01-30 00:00:00+00:00,0.27008549580827024,1.0799279656939702,0.7793718333929791,1.3300531081615858
2024-01-31 00:00:00+00:00,0.2723371364930177,1.088931076863921,0.7858692771870718,1.318964761183718
2024-02-01 00:00:00+00:00,0.2690602988713245,1.0758287494837913,0.7858692771870718,1.3348349190578546
2024-02-02 00:00:00+00:00,0.268376913222524,1.0730962544592622,0.7858692771870718,1.3382252632707634
2024-02-03 00:00:00+00:00,0.2695552806614335,1.0778079178802589,0.7858692771870718,1.3323494930443698
2024-02-04 00:00:00+00:00,0.27220177827420206,1.0778079178802589,0.7858692771870718,1.3192684666068129
2024-02-05 00:00:00+00:00,0.27141785290800974,1.0747038934610718,0.7858692771870718,1.3230678834304197
2024-02-06 00:00:00+00:00,0.27141785290800974,1.0649821213712238,0.7858692771870718,1.3350363563282746
2024-02-07 00:00:00+00:00,0.27141785290800974,1.0649821213712238,0.7858692771870718,1.3736844209344754
2024-02-08 00:00:00+00:00,0.2656442947526307,1.0649821213712238,0.7691523887224686,1.4029052212850381
2024-02-09 00:00:00+00:00,0.2656442947526307,1.0649821213712238,0.7377706192158869,1.460144396433505
2024-02-10 00:00:00+00:00,0.26912017046634634,1.0649821213712238,0.7281171125218567,1.4792499467740736
2024-02-13 00:00:00+00:00,0.26912017046634634,1.1087972894104425,0.698161141433535,1.5401087947202348
2024-02-14 00:00:00+00:00,0.26912017046634634,1.1087972894104425,0.6682827374525456,1.6060190696015337
2024-02-15 00:00:00+00:00,0.26912017046634634,1.1087972894104425,0.6673117111529311,1.608352642903472
2024-02-16 00:00:00+00:00,0.2678232745130214,1.103453971162679,0.6640959215066148,1.616103329262233
2024-02-17 00:00:00+00:00,0.2678232745130214,1.1133821495465575,0.6700710350546467,1.6015626573728663
2024-02-18 00:00:00+00:00,0.2678232745130214,1.102685542441021,0.6636334551116786,1.6169493657979954
2024-02-19 00:00:00+00:00,0.2696819642088611,1.1103381643395964,0.6682390618016625,1.6057277603181581
2024-02-20 00:00:00+00:00,0.2696819642088611,1.1103381643395964,0.6682390618016625,1.6207146932373777
2024-02-21 00:00:00+00:00,0.2696819642088611,1.11924678874075,0.6682390618016625,1.607711142673059
2024-02-22 00:00:00+00:00,0.2696819642088611,1.11924678874075,0.6682390618016625,1.5903286557533105
2024-02-23 00:00:00+00:00,0.26681786543255487,1.11924678874075,0.6611421738625644,1.5734389153873578
2024-02-24 00:00:00+00:00,0.2711807549813428,1.11924678874075,0.6719528827929117,1.5991671033723374
2024-02-25 00:00:00+00:00,0.27203630595525596,1.11924678874075,0.6719528827929117,1.6042123322376165
2024-02-26 00:00:00+00:00,0.2864708382651281,1.11924678874075,0.6362983565952897,1.689333524647088
2024-02-27 00:00:00+00:00,0.2999394598317248,1.11924678874075,0.6063823559987549,1.7687586908560786
2024-02-28 00:00:00+00:00,0.2999394598317248,1.11924678874075,0.5488682254156808,1.936521847731396
2024-02-29 00:00:00+00:00,0.29377343040683085,1.1422557940812457,0.5601516278402939,1.8967116450266204
2024-03-01 00:00:00+00:00,0.2996644220876438,1.1422557940812457,0.5489189967101361,1.9347461007167737
2024-03-02 00:00:00+00:00,0.2996644220876438,1.1422557940812457,0.5523542136072129,1.92263817124709
2024-03-03 00:00:00+00:00,0.2996644220876438,1.1422557940812457,0.5422170195173905,1.957923782954748
2024-03-04 00:00:00+00:00,0.2996644220876438,1.1422557940812457,0.4982936518497813,2.1165292916132965
2024-03-05 00:00:00+00:00,0.2996644220876438,1.218337719442986,0.5314833634929228,1.9755541926688591
2024-03-06 00:00:00+00:00,0.2884732034706641,1.218337719442986,0.5314833634929228,2.049332917236242
2024-03-07 00:00:00+00:00,0.2852367840112378,1.2046690255888644,0.5255205805402083,2.072324657378444
2024-03-08 00:00:00+00:00,0.27964807106953715,1.181065655507714,0.5152239293569606,2.1129282130251803
2024-03-09 00:00:00+00:00,0.2789101928001068,1.1779493004453079,0.5138644615805192,2.11850337686341
2024-03-10 00:00:00+00:00,0.27629204755573433,1.1668918258936944,0.5090407877562239,2.1383898840062203
2024-03-11 00:00:00+00:00,0.2636710357285693,1.1668918258936944,0.4857878209784352,2.2360714649850877
2024-03-12 00:00:00+00:00,0.2660485179380303,1.1774135145909832,0.49016809694905034,2.2159091437335485
2024-03-13 00:00:00+00:00,0.2660485179380303,1.150665194052859,0.4790325246014625,2.266249867128876
2024-03-14 00:00:00+00:00,0.2721318534617475,1.17697574261422,0.48998584844069837,2.2144309040721613
2024-03-15 00:00:00+00:00,0.2721318534617475,1.17697574261422,0.5030371890000281,2.155446972258367
2024-03-16 00:00:00+00:00,0.2556941226241393,1.17697574261422,0.5030371890000281,2.025250316798844
2024-03-17 00:00:00+00:00,0.24357710638330607,1.17697574261422,0.5268754756462032,2.1212243295315383
2024-03-18 00:00:00+00:00,0.24357710638330607,1.17697574261422,0.5329403101738022,2.0968070333217512
2024-03-19 00:00:00+00:00,0.26404643935972993,1.17697574261422,0.5777266730117747,1.9205990062634577
2024-03-20 00:00:00+00:00,0.26404643935972993,1.17697574261422,0.5777266730117747,2.10351334490926
2024-03-21 00:00:00+00:00,0.27313567369690767,1.17697574261422,0.597613678973965,2.0311043937807307
2024-03-22 00:00:00+00:00,0.2802783033186973,1.2077542260306808,0.6132415649547718,1.9779900341234717
2024-03-23 00:00:00+00:00,0.2802783033186973,1.2077542260306808,0.6132415649547718,1.9840114589915538
2024-03-24 00:00:00+00:00,0.2802783033186973,1.2077542260306808,0.6132415649547718,2.0844387849179866
2024-03-25 00:00:00+00:00,0.2691956657758394,1.1599977562309725,0.6132415649547718,2.1668607179038357
2024-03-26 00:00:00+00:00,0.26871980269863177,1.1599977562309725,0.6121575244025959,2.1706911250767384
2024-03-27 00:00:00+00:00,0.26871980269863177,1.1599977562309725,0.6121575244025959,2.1548395614121794
2024-03-28 00:00:00+00:00,0.26871980269863177,1.138208364357042,0.6236562881856591,2.195316056626804
2024-03-29 00:00:00+00:00,0.2651725906873514,1.138208364357042,0.6154237684601079,2.1663369810007453
2024-03-30 00:00:00+00:00,0.2651725906873514,1.138208364357042,0.6131215506136406,2.1582330046600178
2024-03-31 00:00:00+00:00,0.2651725906873514,1.138208364357042,0.6282721689386338,2.211564296762344
2024-04-01 00:00:00+00:00,0.27135201165218,1.1647324806347454,0.6282721689386338,2.160027345884217
2024-04-02 00:00:00+00:00,0.25502144804705235,1.1647324806347454,0.5904613616639296,2.030032127695114
2024-04-03 00:00:00+00:00,0.2568379881996622,1.1730289722997582,0.5946672697561356,2.0444922246763126
2024-04-04 00:00:00+00:00,0.2666409202705401,1.1730289722997582,0.6173643905794853,2.1225259242019434
2024-04-05 00:00:00+00:00,0.2666409202705401,1.1730289722997582,0.6173643905794853,2.101942134199988
2024-04-06 00:00:00+00:00,0.27087057018375993,1.1730289722997582,0.6173643905794853,2.1352846510068297
2024-04-07 00:00:00+00:00,0.2690578630780944,1.1651788837803712,0.6132328940613175,2.149574301066904
2024-04-08 00:00:00+00:00,0.26007526445477175,1.126278945612304,0.592759881725036,2.2213386529300903
2024-04-09 00:00:00+00:00,0.26007526445477175,1.165390043565433,0.6133440273198286,2.1442005744990946
2024-04-10 00:00:00+00:00,0.2544654906216458,1.165390043565433,0.6133440273198286,2.190450571787439
2024-04-11 00:00:00+00:00,0.2567191913267668,1.1757114445401118,0.6187761739872434,2.171050613128565
2024-04-12 00:00:00+00:00,0.2674169694553164,1.2247046659346017,0.6187761739872434,2.08058048643072
2024-04-13 00:00:00+00:00,0.25468390920398015,1.166390347538126,0.5893131435687965,1.9815136368383517
2024-04-14 00:00:00+00:00,0.25468390920398015,1.196967649285607,0.6047621790076555,2.033459660327177
2024-04-15 00:00:00+00:00,0.25468390920398015,1.196967649285607,0.6047621790076555,1.9645619157738083
2024-04-16 00:00:00+00:00,0.25468390920398015,1.196967649285607,0.6047621790076555,1.9760996228164585
2024-04-17 00:00:00+00:00,0.25468390920398015,1.196967649285607,0.6047621790076555,1.8982983509105429
2024-04-18 00:00:00+00:00,0.25468390920398015,1.2397719760821708,0.6263888603635765,1.9661827110419543
2024-04-19 00:00:00+00:00,0.25330943098644615,1.2397719760821708,0.6263888603635765,1.976793806640674
2024-04-20 00:00:00+00:00,0.25330943098644615,1.2397719760821708,0.6263888603635765,2.0111868962886263
2024-04-21 00:00:00+00:00,0.2532493210704992,1.2394777802088255,0.6263888603635765,2.0116641476677746
2024-04-22 00:00:00+00:00,0.2459716695278879,1.2038587809513386,0.6263888603635765,2.0694735452432758
2024-04-23 00:00:00+00:00,0.2459716695278879,1.210920260547892,0.6263888603635765,2.057334625424297
2024-04-24 00:00:00+00:00,0.25388699660007646,1.249887471442436,0.6263888603635765,1.9911299422246918
2024-04-25 00:00:00+00:00,0.25388699660007646,1.249887471442436,0.6286194871534784,1.9982205341434627
2024-04-26 00:00:00+00:00,0.25101260210889403,1.249887471442436,0.6215025397905927,1.9755975791578748
2024-04-27 00:00:00+00:00,0.25230332336123595,1.2563144647840963,0.6183067379473681,1.965438942658867
2024-04-28 00:00:00+00:00,0.25097976624794094,1.2563144647840963,0.6150631648136256,1.9551284534483122
2024-04-29 00:00:00+00:00,0.2539797494734768,1.2713313021040697,0.6224150689319161,1.9784982758519174
2024-04-30 00:00:00+00:00,0.2412844219713816,1.2713313021040697,0.6224150689319161,1.879601873180673
2024-05-01 00:00:00+00:00,0.2412844219713816,1.222206271773077,0.5983645644810752,1.8069728905721472
2024-05-02 00:00:00+00:00,0.24430153246914404,1.2374891953156297,0.605846738399452,1.8295679542433692
2024-05-03 00:00:00+00:00,0.2600967742329066,1.2374891953156297,0.605846738399452,1.9478581175036283
2024-05-04 00:00:00+00:00,0.2600967742329066,1.2374891953156297,0.5961065301197064,1.9791738654665552
2024-05-05 00:00:00+00:00,0.25959257969746996,1.2350903370761142,0.5949509846274146,1.9830104707093166
2024-05-06 00:00:00+00:00,0.26302146711949126,1.2514043077096193,0.6028095295453224,1.956817427484907
2024-05-07 00:00:00+00:00,0.2665488143127862,1.268186730531675,0.6028095295453224,1.930574799701625
2024-05-08 00:00:00+00:00,0.2714184561127313,1.2913555265702343,0.6028095295453224,1.8953046831686147
2024-05-09 00:00:00+00:00,0.263020881921065,1.2514015234508304,0.6028095295453224,1.9539446221052303
2024-05-10 00:00:00+00:00,0.263020881921065,1.2964955718548818,0.6028095295453224,1.8835345485062498
2024-05-11 00:00:00+00:00,0.263020881921065,1.2964955718548818,0.6031179856564687,1.8844983483693343
2024-05-12 00:00:00+00:00,0.263020881921065,1.2964955718548818,0.6095310956714907,1.9045367082236921
2024-05-13 00:00:00+00:00,0.263020881921065,1.2657728979771965,0.6095310956714907,1.949667953902475
2024-05-14 00:00:00+00:00,0.26871341535777626,1.2931678884144218,0.6095310956714907,1.9074714943019593
2024-05-15 00:00:00+00:00,0.26871341535777626,1.1959993492940595,0.6095310956714907,2.050798760757912
2024-05-16 00:00:00+00:00,0.26871341535777626,1.1959993492940595,0.6183523182152846,2.0211193032377786
2024-05-17 00:00:00+00:00,0.26145229373151513,1.1636812875828841,0.6183523182152846,2.0757335958009318
2024-05-18 00:00:00+00:00,0.2618235107087303,1.1653335134779146,0.6192302714171699,2.072786413582946
2024-05-19 00:00:00+00:00,0.2643503452582696,1.1765800397185158,0.6252064056447726,2.0527821431128133
2024-05-20 00:00:00+00:00,0.24348986509541334,1.0837334631249378,0.5758699623354161,2.2147717979144117
2024-05-21 00:00:00+00:00,0.2479111925416199,1.103412066597855,0.5863267001093756,2.1745556216338673
2024-05-22 00:00:00+00:00,0.2512665479069215,1.1183462031321547,0.5942623419771839,2.1451240869080963
2024-05-23 00:00:00+00:00,0.25569226530584926,1.1380443455647888,0.5942623419771839,2.1073406530472347
2024-05-24 00:00:00+00:00,0.2534955647020002,1.1282671913825186,0.5942623419771839,2.125445215105564
2024-05-25 00:00:00+00:00,0.2507962829311252,1.1162531308369017,0.5942623419771839,2.1480774671959404
2024-05-26 00:00:00+00:00,0.2507962829311252,1.1162531308369017,0.5942623419771839,2.1235919922177033
2024-05-27 00:00:00+00:00,0.24736580124811142,1.1162531308369017,0.5942623419771839,2.152639246612212
2024-05-28 00:00:00+00:00,0.2510021300924578,1.1326622845548924,0.5942623419771839,2.120995000946755
2024-05-29 00:00:00+00:00,0.253766654104756,1.1451373662696298,0.5942623419771839,2.097634475647938
2024-05-30 00:00:00+00:00,0.2510830224458306,1.1451373662696298,0.5942623419771839,2.119817367673533
2024-05-31 00:00:00+00:00,0.24805618774960117,1.1451373662696298,0.5942623419771839,2.0942627256446067
2024-06-01 00:00:00+00:00,0.24805618774960117,1.1451373662696298,0.5942623419771839,2.1011208899436626
2024-06-02 00:00:00+00:00,0.24808070096595067,1.1452505301469913,0.5942623419771839,2.1013285252839413
2024-06-03 00:00:00+00:00,0.25190586032317325,1.162909162054667,0.5942623419771839,2.133728935472204
2024-06-04 00:00:00+00:00,0.24558145050500488,1.162909162054667,0.5793426470350075,2.1872988532641044
2024-06-05 00:00:00+00:00,0.24365625616433587,1.162909162054667,0.5748009881145701,2.204445813529208
2024-06-06 00:00:00+00:00,0.24365625616433587,1.162909162054667,0.5772518393993432,2.195046440587936
2024-06-07 00:00:00+00:00,0.24365625616433587,1.162909162054667,0.5890935296809647,2.150017463061827
2024-06-08 00:00:00+00:00,0.24365625616433587,1.162909162054667,0.5890935296809647,2.14907225740832
2024-06-09 00:00:00+00:00,0.2447827181447716,1.162909162054667,0.5890935296809647,2.1590077633924016
2024-06-10 00:00:00+00:00,0.24440184328925307,1.162909162054667,0.5890935296809647,2.155648409528788
2024-06-11 00:00:00+00:00,0.23653839378140792,1.162909162054667,0.5890935296809647,2.0862920078058487
2024-06-12 00:00:00+00:00,0.2398749137334409,1.179312713121235,0.5974030572970627,2.11572044349669
2024-06-13 00:00:00+00:00,0.2398749137334409,1.179312713121235,0.5974030572970627,2.069749359352003
2024-06-14 00:00:00+00:00,0.2398749137334409,1.179312713121235,0.5907194177747557,2.0465933703585355
2024-06-15 00:00:00+00:00,0.24050693106528248,1.1824199412292231,0.5922758327598754,2.0519856911359224
2024-06-16 00:00:00+00:00,0.24210477258411647,1.1824199412292231,0.5922758327598754,2.0656183457909365
2024-06-17 00:00:00+00:00,0.24144551312590243,1.1824199412292231,0.5922758327598754,2.059993597393835
2024-06-18 00:00:00+00:00,0.23664327108896127,1.1824199412292231,0.5922758327598754,2.0190212565904844
2024-06-19 00:00:00+00:00,0.23585724493602725,1.178492455806629,0.5922758327598754,2.012314945002976
2024-06-20 00:00:00+00:00,0.2355681151681273,1.1770477800227173,0.5922758327598754,2.0098481131990678
2024-06-21 00:00:00+00:00,0.23291654820120572,1.163798868939105,0.5922758327598754,1.98722515821348
2024-06-22 00:00:00+00:00,0.2333378930891001,1.1659041753578707,0.5922758327598754,1.9908200387317376
2024-06-23 00:00:00+00:00,0.22954179358618265,1.146936453476387,0.5922758327598754,1.9584320246831926
2024-06-24 00:00:00+00:00,0.21893080374992502,1.0939172151906935,0.5648967975807482,1.8678999172867568
2024-06-25 00:00:00+00:00,0.22439448461519002,1.1212172317002407,0.5648967975807482,1.914515600696786
2024-06-26 00:00:00+00:00,0.22772783119812692,1.1212172317002407,0.5648967975807482,1.8860757571484652
2024-06-27 00:00:00+00:00,0.22772783119812692,1.1212172317002407,0.5648967975807482,1.9115467252342937
2024-06-28 00:00:00+00:00,0.23235091070635125,1.1212172317002407,0.5648967975807482,1.8727406098466866
2024-06-29 00:00:00+00:00,0.23235091070635125,1.1212172317002407,0.5648967975807482,1.8898658768672834
2024-06-30 00:00:00+00:00,0.23235091070635125,1.0884241134487362,0.5648967975807482,1.9451402638704265
2024-07-01 00:00:00+00:00,0.23191557203415508,1.0863848138957686,0.5648967975807482,1.9487847289475566
2024-07-02 00:00:00+00:00,0.2347184623703629,1.099514667443606,0.5648967975807482,1.9252320634831088
2024-07-03 00:00:00+00:00,0.24195607716597464,1.1334185348459291,0.5648967975807482,1.8658669503729826
2024-07-04 00:00:00+00:00,0.22924864108428236,1.0738918482089985,0.5648967975807482,1.7678723668662324
2024-07-05 00:00:00+00:00,0.22924864108428236,1.0738918482089985,0.5605297968369066,1.7542056228269938
2024-07-06 00:00:00+00:00,0.22924864108428236,1.0738918482089985,0.5605297968369066,1.8041341745766932
2024-07-07 00:00:00+00:00,0.22924864108428236,1.0738918482089985,0.5605297968369066,1.7302190924724115
2024-07-08 00:00:00+00:00,0.22924864108428236,1.0738918482089985,0.5605297968369066,1.7567313362945627
2024-07-09 00:00:00+00:00,0.23465486874032448,1.0738918482089985,0.5605297968369066,1.798159235232554
2024-07-10 00:00:00+00:00,0.23465486874032448,1.0797440694309182,0.5635844288075637,1.788360086785372
2024-07-11 00:00:00+00:00,0.23624683125980805,1.0870693471820092,0.5635844288075637,1.776227365036252
2024-07-12 00:00:00+00:00,0.2339612563641243,1.0765524721130937,0.5635844288075637,1.79341151372051
2024-07-13 00:00:00+00:00,0.22868934555889153,1.0522942308199283,0.5635844288075637,1.833822929201615
2024-07-14 00:00:00+00:00,0.22253675424970584,1.0239836144095906,0.5635844288075637,1.8831595652797737
2024-07-15 00:00:00+00:00,0.20820073775716236,0.9580176752829773,0.5272778164748433,2.0044743866312564
2024-07-16 00:00:00+00:00,0.20820073775716236,0.9531387622512767,0.5245925397033412,2.014682607689137
2024-07-17 00:00:00+00:00,0.21125697470596502,0.9671301531267789,0.5322931805376575,1.9851085173566072
2024-07-18 00:00:00+00:00,0.21157292501447514,0.9685765672424554,0.5330892640508422,1.982139641894115
2024-07-19 00:00:00+00:00,0.20274744899061303,0.928173716684483,0.5108521724280028,2.0648218938140444
2024-07-20 00:00:00+00:00,0.20132424667006993,0.928173716684483,0.5072662037715604,2.079316080179469
2024-07-21 00:00:00+00:00,0.19819646489706425,0.928173716684483,0.4993852951752967,2.1116204202849165
2024-07-22 00:00:00+00:00,0.20005457493516698,0.928173716684483,0.5040670781239888,2.091823785155062
2024-07-23 00:00:00+00:00,0.20474568803291307,0.928173716684483,0.5158870311197968,2.04277226029042
2024-07-24 00:00:00+00:00,0.20474568803291307,0.928173716684483,0.5203136336769959,2.025244118728984
2024-07-25 00:00:00+00:00,0.20606845117410638,0.928173716684483,0.5203136336769959,2.0383282442014705
2024-07-26 00:00:00+00:00,0.20606845117410638,0.928173716684483,0.5036259105954636,2.1037023860399606
2024-07-27 00:00:00+00:00,0.20609486144958555,0.928173716684483,0.5036904566186976,2.1034327700010915
2024-07-28 00:00:00+00:00,0.20505730919588347,0.928173716684483,0.5011547060193999,2.1140221723553045
2024-07-29 00:00:00+00:00,0.20946263476890672,0.928173716684483,0.5119212066192846,2.0686058154630045
2024-07-30 00:00:00+00:00,0.20946263476890672,0.928173716684483,0.5164514217016818,2.0502998161342556
2024-07-31 00:00:00+00:00,0.20453153583568687,0.928173716684483,0.5286095474572501,2.0020323471067853
2024-08-01 00:00:00+00:00,0.20453153583568687,0.928173716684483,0.5286095474572501,2.024565430079417
2024-08-02 00:00:00+00:00,0.21657007714887877,0.928173716684483,0.559723027584462,1.9054013389690296
2024-08-03 00:00:00+00:00,0.21375532870905375,0.9161102979734658,0.559723027584462,1.8806369508471348
2024-08-04 00:00:00+00:00,0.20480808491979144,0.8777642963868623,0.5831515821496613,1.8019183646020773
2024-08-05 00:00:00+00:00,0.1902204248163109,0.815244658982524,0.6246871351652451,1.6735749320304145
2024-08-06 00:00:00+00:00,0.19722330477278208,0.8452575268831288,0.6016895573702292,1.735186845464452
2024-08-07 00:00:00+00:00,0.19409435840925243,0.8318475220764757,0.6112353580284035,1.707658118185414
2024-08-08 00:00:00+00:00,0.19409435840925243,0.8318475220764757,0.5385021784851047,1.9108587394799363
2024-08-09 00:00:00+00:00,0.19677378840866785,0.8318475220764757,0.5459360828170442,1.8844797541597549
2024-08-10 00:00:00+00:00,0.19677378840866785,0.8307353569625803,0.5452061761338937,1.886999269557465
2024-08-11 00:00:00+00:00,0.2038730389966334,0.860706820738599,0.5648762515935503,1.818919670225493
2024-08-12 00:00:00+00:00,0.2038730389966334,0.860706820738599,0.5648762515935503,1.838459085456196
2024-08-13 00:00:00+00:00,0.2038730389966334,0.860706820738599,0.5648762515935503,1.8764811450066314
2024-08-14 00:00:00+00:00,0.21027840426012742,0.8877488543431624,0.5648762515935503,1.8175251045072034
2024-08-15 00:00:00+00:00,0.2062014167109282,0.8877488543431624,0.553924135741766,1.7822859783234883
2024-08-16 00:00:00+00:00,0.21101987029229208,0.8877488543431624,0.5668680707459106,1.823933908741477
2024-08-17 00:00:00+00:00,0.20881985309047288,0.8784935043718778,0.5668680707459106,1.8429495870690888
2024-08-18 00:00:00+00:00,0.2126069372032061,0.8944255565417673,0.5668680707459106,1.80952649535408
2024-08-19 00:00:00+00:00,0.20893483416896333,0.878977223372177,0.5668680707459106,1.8407802626184162
2024-08-20 00:00:00+00:00,0.21039671143994865,0.8851272597204598,0.5668680707459106,1.8279006734512788
2024-08-21 00:00:00+00:00,0.20277350518833484,0.8530568551328829,0.5668680707459106,1.8941301489303197
2024-08-22 00:00:00+00:00,0.2053284115421558,0.8638052040225727,0.574010497141222,1.8702644809379894
2024-08-23 00:00:00+00:00,0.19284197377904913,0.8112754550294038,0.5391037528962724,1.9839990628518354
2024-08-24 00:00:00+00:00,0.1925509934015875,0.8100513167699588,0.5382902961034661,1.9869927305937638
2024-08-25 00:00:00+00:00,0.192329661790946,0.8091201869976545,0.5376715475001764,1.9892767193368293
2024-08-26 00:00:00+00:00,0.192329661790946,0.8265479184978362,0.5492525159591273,1.9464294624011116
2024-08-27 00:00:00+00:00,0.20281189109562547,0.871595909183835,0.5791875283999735,1.8403463977282815
2024-08-28 00:00:00+00:00,0.20153288641906322,0.871595909183835,0.5791875283999735,1.8287405119171818
2024-08-29 00:00:00+00:00,0.20153288641906322,0.871595909183835,0.5791875283999735,1.8384466893164777
2024-08-30 00:00:00+00:00,0.20153288641906322,0.871595909183835,0.5791875283999735,1.8314149790613685
2024-08-31 00:00:00+00:00,0.20205942831192458,0.871595909183835,0.5791875283999735,1.8266300691301702
2024-09-01 00:00:00+00:00,0.1963214546275252,0.871595909183835,0.5791875283999735,1.7747584224796535
2024-09-02 00:00:00+00:00,0.1963214546275252,0.871595909183835,0.5791875283999735,1.8319046265802346
2024-09-03 00:00:00+00:00,0.20183526447310024,0.8960752210070826,0.5791875283999735,1.7804544486801346
2024-09-04 00:00:00+00:00,0.20183526447310024,0.8960752210070826,0.5791875283999735,1.7957295918478007
2024-09-05 00:00:00+00:00,0.2081019497375857,0.8960752210070826,0.597170441143557,1.7399748544305795
2024-09-06 00:00:00+00:00,0.2081019497375857,0.8606763420155711,0.597170441143557,1.6712382596935467
2024-09-07 00:00:00+00:00,0.2089015151554624,0.8639832165543635,0.597170441143557,1.6776594600675385
2024-09-08 00:00:00+00:00,0.21162088653566358,0.8752301011464816,0.5893967866272679,1.6994983592159545
2024-09-09 00:00:00+00:00,0.20324551596153456,0.8752301011464816,0.5660700886627346,1.7667598133265299
2024-09-10 00:00:00+00:00,0.20110967332668883,0.8752301011464816,0.5601214377222357,1.7853261315893596
2024-09-11 00:00:00+00:00,0.20216777598729835,0.8798349681493943,0.5630684167198873,1.7759329567179465
2024-09-12 00:00:00+00:00,0.1993772355411679,0.8676905249880121,0.5552963314648455,1.8004463230105492
2024-09-13 00:00:00+00:00,0.19128093497334647,0.8324553925964651,0.5327468864815957,1.873558755068082
2024-09-14 00:00:00+00:00,0.19283823556772522,0.839232770999937,0.5370842086673474,1.8583053051449225
2024-09-15 00:00:00+00:00,0.19561516533246287,0.8513179804215639,0.544818386076864,1.8315451385284087
2024-09-16 00:00:00+00:00,0.19259159609817206,0.8644765657992696,0.5532394924242081,1.8032354544471285
2024-09-17 00:00:00+00:00,0.19259159609817206,0.8333662846577145,0.5532394924242081,1.8681292458715408
2024-09-18 00:00:00+00:00,0.1879452571488253,0.8132610344498924,0.5398923980854856,1.9131985108517335
2024-09-19 00:00:00+00:00,0.1843175827321052,0.797563664409567,0.5294715241031989,1.950126611072044
2024-09-20 00:00:00+00:00,0.1835888289784045,0.7944102619742794,0.5273781027651563,1.957837009976721
2024-09-21 00:00:00+00:00,0.1831677490169799,0.7925881999004112,0.526168506558218,1.962327511589614
2024-09-22 00:00:00+00:00,0.18247986402037158,0.7896116413406957,0.5241924849971534,1.9696970166520424
2024-09-23 00:00:00+00:00,0.18321600333688715,0.7927970019671393,0.5263071221364343,1.961751091092721
2024-09-24 00:00:00+00:00,0.18049216237229923,0.7810106246243812,0.5184826042279543,1.9909161088145522
2024-09-25 00:00:00+00:00,0.1773322971880207,0.7810106246243812,0.5275596472874451,1.9560612629620993
2024-09-26 00:00:00+00:00,0.18300977168289942,0.7810106246243812,0.5275596472874451,2.018686560818094
2024-09-27 00:00:00+00:00,0.1847247016273145,0.7810106246243812,0.5226160433023752,2.037603070027961
2024-09-28 00:00:00+00:00,0.18451960679451257,0.7810106246243812,0.5220357968649662,2.03986536552652
2024-09-29 00:00:00+00:00,0.18380617037709357,0.7810106246243812,0.5240542238232165,2.03197832163086
2024-09-30 00:00:00+00:00,0.17747354614546484,0.7810106246243812,0.542109322134997,1.9619711225727183
2024-10-01 00:00:00+00:00,0.17037478370998307,0.7810106246243812,0.542109322134997,1.8834942610521648
2024-10-02 00:00:00+00:00,0.16994251692976298,0.7790290816948903,0.542109322134997,1.8787155491908254
2024-10-03 00:00:00+00:00,0.16964929316056052,0.7790290816948903,0.542109322134997,1.8819571397271164
2024-10-04 00:00:00+00:00,0.16964929316056052,0.7790290816948903,0.542109322134997,1.923087531311873
2024-10-05 00:00:00+00:00,0.16973486360964915,0.7790290816948903,0.5423827599860249,1.922117533378929
2024-10-06 00:00:00+00:00,0.16763805044652583,0.769405375649971,0.5356824552495429,1.9458623390090082
2024-10-07 00:00:00+00:00,0.16763805044652583,0.776740479845496,0.5407893686521829,1.927311515920826
2024-10-08 00:00:00+00:00,0.16779708781025296,0.7774773695783803,0.5413024127689154,1.9254830853124019
2024-10-09 00:00:00+00:00,0.17191641655929696,0.7774773695783803,0.5545910974531656,1.8782135055322413
2024-10-10 00:00:00+00:00,0.17191641655929696,0.7774773695783803,0.5545910974531656,1.868507328132945
2024-10-11 00:00:00+00:00,0.17191641655929696,0.7774773695783803,0.5545910974531656,1.9371757441015283
2024-10-12 00:00:00+00:00,0.17008198871938507,0.7774773695783803,0.5486733534162866,1.9578463070815109
2024-10-13 00:00:00+00:00,0.17098710402594858,0.7816148251256173,0.5515931961005108,1.9474273516484224
2024-10-14 00:00:00+00:00,0.16221160650377178,0.7415003439765268,0.5232840159830733,2.0473743271607776
2024-10-15 00:00:00+00:00,0.159807340318725,0.7305099824256605,0.5155280107753059,2.077720077190761
2024-10-16 00:00:00+00:00,0.159807340318725,0.7305099824256605,0.5113149958030146,2.09469968956967
2024-10-17 00:00:00+00:00,0.16025773827012044,0.7325688377880124,0.5127560762075075,2.0887960280289106
2024-10-18 00:00:00+00:00,0.1578651006875559,0.7325688377880124,0.5051006614246374,2.1199816165247976
2024-10-19 00:00:00+00:00,0.15798210138930133,0.7325688377880124,0.5054750135238751,2.1184104058155246
2024-10-20 00:00:00+00:00,0.15644982261765789,0.7325688377880124,0.5054750135238751,2.138957007398326
2024-10-21 00:00:00+00:00,0.16019287126708814,0.7325688377880124,0.5175684600681714,2.087782643606954
2024-10-22 00:00:00+00:00,0.16019287126708814,0.7325688377880124,0.5178573263400741,2.088947880740458
2024-10-23 00:00:00+00:00,0.16019287126708814,0.7408197792661013,0.5120246860839948,2.0654200075554465
2024-10-24 00:00:00+00:00,0.16019287126708814,0.7408197792661013,0.5120246860839948,2.1127298747896917
2024-10-25 00:00:00+00:00,0.15664236610990798,0.7408197792661013,0.5120246860839948,2.0659034570044543
2024-10-26 00:00:00+00:00,0.1576034227672784,0.7408197792661013,0.5120246860839948,2.078578509866243
2024-10-27 00:00:00+00:00,0.15976709262083996,0.7408197792661013,0.5120246860839948,2.107114423497379
2024-10-28 00:00:00+00:00,0.16434303818211904,0.7408197792661013,0.4973596067418315,2.1674650297150966
2024-10-29 00:00:00+00:00,0.15776485208845528,0.7111668628798351,0.4774517111302536,2.254222512567362
2024-10-30 00:00:00+00:00,0.15861180834661684,0.7149847425731872,0.4800148974759993,2.2421207811675368
2024-10-31 00:00:00+00:00,0.16305585037483325,0.7350174392472272,0.4934641255050474,2.1793002441109817
2024-11-01 00:00:00+00:00,0.1649720294705312,0.7436551241191363,0.4934641255050474,2.1536898194533243
2024-11-02 00:00:00+00:00,0.165278018989259,0.7450344529317781,0.4934641255050474,2.149695163429157
2024-11-03 00:00:00+00:00,0.165278018989259,0.7450344529317781,0.4934641255050474,2.13097389341985
2024-11-04 00:00:00+00:00,0.16750904690746776,0.7550914022749705,0.4934641255050474,2.1022086512039286
2024-11-05 00:00:00+00:00,0.16375854398427017,0.7550914022749705,0.4934641255050474,2.14927679371367
2024-11-06 00:00:00+00:00,0.14905564387337028,0.6872962619901704,0.4934641255050474,2.3422475007058052
2024-11-07 00:00:00+00:00,0.1496068625500635,0.6847545901273305,0.4916392590646491,2.350909303333849
2024-11-08 00:00:00+00:00,0.14837860139856243,0.6791328061594728,0.4916392590646491,2.370210092874978
2024-11-09 00:00:00+00:00,0.14800436749564405,0.6774199276294597,0.49039926841226755,2.3761881312540467
2024-11-10 00:00:00+00:00,0.1407949668928476,0.6444223092670023,0.4665115626565141,2.491933986837159
2024-11-12 00:00:00+00:00,0.1407949668928476,0.6444223092670023,0.4665115626565141,2.726283008208414
2024-11-13 00:00:00+00:00,0.13688778332676396,0.6265390261358521,0.45356545846525603,2.8019397479430936
2024-11-14 00:00:00+00:00,0.14147618034523463,0.6475402413620116,0.45356545846525603,2.7080203953686786
2024-11-15 00:00:00+00:00,0.14147618034523463,0.6201818075177333,0.43440241685509884,2.8224336659320928
2024-11-16 00:00:00+00:00,0.14214616601174207,0.6231187889986555,0.4364596069211502,2.8090675282810187
2024-11-17 00:00:00+00:00,0.14331196050304074,0.6282292219566525,0.440039177300706,2.7860293026148732
2024-11-18 00:00:00+00:00,0.14234352765711322,0.6239839530260011,0.4370656055813806,2.804855939811784
2024-11-19 00:00:00+00:00,0.14234352765711322,0.6113777500182024,0.4282356705726901,2.8615217934982873
2024-11-20 00:00:00+00:00,0.14234352765711322,0.5984524359658073,0.41918221625508495,2.9220180543576935
2024-11-21 00:00:00+00:00,0.13618589592658725,0.572564011184103,0.40104883317705553,3.048421491063469
2024-11-22 00:00:00+00:00,0.1354180687950664,0.5693358488305172,0.3987876873140205,3.0656087387826565
2024-11-23 00:00:00+00:00,0.1337809461050113,0.5762187754936701,0.40360878967669256,3.0285473800603766
2024-11-24 00:00:00+00:00,0.13345938065648386,0.5748337348403763,0.40263864672838273,3.0358270131098486
2024-11-25 00:00:00+00:00,0.14013014263220475,0.6035659153875405,0.42276392051085865,2.8840858668202145
2024-11-26 00:00:00+00:00,0.14170002665511733,0.6035659153875405,0.4275001629195733,2.8517753286449072
2024-11-27 00:00:00+00:00,0.1476805329669442,0.6035659153875405,0.40945734752286084,2.9721356472380944
2024-11-28 00:00:00+00:00,0.1480051353487695,0.6048925556006227,0.41035733635410065,2.9656028816066398
2024-11-29 00:00:00+00:00,0.14518730529714763,0.593376168570151,0.40254465315525584,3.022064198987794
2024-11-30 00:00:00+00:00,0.14673749764730232,0.5997117582788996,0.4068426986396031,2.9897970473015008
2024-12-01 00:00:00+00:00,0.14553591689598547,0.5948009337341172,0.4035112096655022,3.014279423244808
2024-12-02 00:00:00+00:00,0.14759270469926972,0.6032069638879024,0.40921383587784566,2.9716800891034527
2024-12-03 00:00:00+00:00,0.14759270469926972,0.6030635386395551,0.4091165366098471,2.972386669067386
2024-12-04 00:00:00+00:00,0.14335096460166555,0.5857317958649875,0.39735873312310394,3.057811566899952
2024-12-05 00:00:00+00:00,0.1457747296670144,0.5956352957711549,0.40407723842532683,3.0061103671705593
2024-12-06 00:00:00+00:00,0.1415653615871671,0.5784358250057028,0.40407723842532683,3.0929143355467676
2024-12-07 00:00:00+00:00,0.1414281969824179,0.5778753706656006,0.40407723842532683,3.0959111023236257
2024-12-08 00:00:00+00:00,0.13958664270936336,0.5703507830596757,0.40407723842532683,3.1362233486869857
2024-12-09 00:00:00+00:00,0.14489824549997093,0.592053982965649,0.41945333563335147,3.0168826125856154
2024-12-10 00:00:00+00:00,0.14600966327286077,0.5965952340823051,0.41945333563335147,2.993742118766795
2024-12-11 00:00:00+00:00,0.13918864216588936,0.5687245535206416,0.41945333563335147,3.133598466101672
2024-12-12 00:00:00+00:00,0.14074811746497604,0.5750965669220115,0.42415290814056883,3.0984894993849967
2024-12-13 00:00:00+00:00,0.14074811746497604,0.5671041934669021,0.42415290814056883,3.141550589730852
2024-12-14 00:00:00+00:00,0.14076075220763087,0.5670532853931602,0.42415290814056883,3.14183260190944
2024-12-15 00:00:00+00:00,0.13648521083056636,0.5498293096280791,0.42415290814056883,3.2372642835294663
2024-12-16 00:00:00+00:00,0.13648521083056636,0.5416034819930445,0.42415290814056883,3.2856960014082017
2024-12-17 00:00:00+00:00,0.1364190428613229,0.5413409128669056,0.4243585372809686,3.287288905361982
2024-12-18 00:00:00+00:00,0.143998478740442,0.5714177896119614,0.40078119605634566,3.1046472817899784
2024-12-19 00:00:00+00:00,0.14005042245481153,0.5714177896119614,0.38979283885915006,3.019526089380506
2024-12-20 00:00:00+00:00,0.14052475841223608,0.5714177896119614,0.3911130259473193,3.0297529046479634
2024-12-21 00:00:00+00:00,0.14124718644921055,0.5714177896119614,0.3911130259473193,3.014177155092133
2024-12-22 00:00:00+00:00,0.14430893775538495,0.5714177896119614,0.3911130259473193,2.9488402016727973
2024-12-23 00:00:00+00:00,0.14386548655916334,0.5714177896119614,0.3911130259473193,2.939778623538844
2024-12-24 00:00:00+00:00,0.14386548655916334,0.5714177896119614,0.3911130259473193,3.056491378019971
2024-12-25 00:00:00+00:00,0.1427678301455597,0.567058019825503,0.3881289348241265,3.079811615864704
2024-12-26 00:00:00+00:00,0.1427678301455597,0.587763288975448,0.4023008780458942,2.967356935376755
2024-12-27 00:00:00+00:00,0.1427678301455597,0.587763288975448,0.4023008780458942,2.9211162351931987
2024-12-28 00:00:00+00:00,0.14428276808469956,0.587763288975448,0.406569772953659,2.952112782558384
2024-12-29 00:00:00+00:00,0.146644235532123,0.587763288975448,0.399915469763601,2.903795728972041
2024-12-30 00:00:00+00:00,0.1451720025292941,0.587763288975448,0.3959005233131568,2.874643107389928
2024-12-31 00:00:00+00:00,0.14640775800822858,0.587763288975448,0.39927056872324573,2.8991130871935167
2025-01-01 00:00:00+00:00,0.14479263686554822,0.5812792820633127,0.40367518734433466,2.931095127666293
2025-01-02 00:00:00+00:00,0.14113902279396168,0.5666116151816029,0.40367518734433466,3.005056695294518
2025-01-03 00:00:00+00:00,0.13942411835014448,0.5597270218384006,0.40367518734433466,3.041569524834271
2025-01-04 00:00:00+00:00,0.13942411835014448,0.559570188751464,0.40356207930544996,3.0424217594398923
2025-01-05 00:00:00+00:00,0.1391869474342074,0.5586183177569207,0.4028755898435193,3.047597147772212
2025-01-07 00:00:00+00:00,0.14119661943672346,0.5666840136715421,0.4086925705901398,3.0035939508077787
2025-01-08 00:00:00+00:00,0.14119661943672346,0.5666840136715421,0.40065452512330857,2.9445201469810285
2025-01-09 00:00:00+00:00,0.14119661943672346,0.581643444356998,0.3900779719599961,2.8667901528784916
2025-01-10 00:00:00+00:00,0.14450819400148002,0.581643444356998,0.39922671996379266,2.9340268147096307
2025-01-11 00:00:00+00:00,0.14450819400148002,0.5823376652400389,0.39922671996379266,2.930524905239259
2025-01-12 00:00:00+00:00,0.1446038578528428,0.5823376652400389,0.39922671996379266,2.928584909373371
2025-01-13 00:00:00+00:00,0.14462619878997235,0.5824276349639487,0.39922671996379266,2.92813245027366
2025-01-14 00:00:00+00:00,0.14151954269570027,0.5699167456729921,0.39065109443433454,2.991030463203453
2025-01-15 00:00:00+00:00,0.14151954269570027,0.5699167456729921,0.39065109443433454,3.1132904902084433
2025-01-16 00:00:00+00:00,0.1422557373305079,0.5699167456729921,0.39065109443433454,3.0970949336667055
2025-01-17 00:00:00+00:00,0.1422557373305079,0.5699167456729921,0.39065109443433454,3.224313416558948
2025-01-18 00:00:00+00:00,0.1422557373305079,0.5699167456729921,0.39065109443433454,3.2392445668494365
2025-01-19 00:00:00+00:00,0.13788317293260752,0.5699167456729921,0.39065109443433454,3.139678772633413
2025-01-20 00:00:00+00:00,0.1391571885989654,0.5699167456729921,0.39065109443433454,3.168688838608768
2025-01-21 00:00:00+00:00,0.1338944055840747,0.5699167456729921,0.39065109443433454,3.2885254202988636
2025-01-22 00:00:00+00:00,0.1338944055840747,0.5699167456729921,0.3996690789786367,3.212611460665033
2025-01-23 00:00:00+00:00,0.13363711728695243,0.5699167456729921,0.3996690789786367,3.2187847382446626
2025-01-24 00:00:00+00:00,0.13363711728695243,0.5699167456729921,0.3996690789786367,3.24803962797945
2025-01-25 00:00:00+00:00,0.1337724016604326,0.5699167456729921,0.3996690789786367,3.244751551919216
2025-01-26 00:00:00+00:00,0.13650899797298136,0.5699167456729921,0.3996690789786367,3.1783733227635578
2025-01-27 00:00:00+00:00,0.13722614867883912,0.5699167456729921,0.3996690789786367,3.161675722563236
2025-01-28 00:00:00+00:00,0.1382237897055178,0.5699167456729921,0.3996690789786367,3.138690180490893
2025-01-29 00:00:00+00:00,0.13492294671461177,0.5699167456729921,0.409213346870865,3.2136434392965683
2025-01-30 00:00:00+00:00,0.1336495486426145,0.5699167456729921,0.409213346870865,3.2439736941519035
2025-01-31 00:00:00+00:00,0.13658257152676384,0.5699167456729921,0.409213346870865,3.172782663750681
2025-02-01 00:00:00+00:00,0.13421311444407377,0.5699167456729921,0.409213346870865,3.117740704367253
2025-02-02 00:00:00+00:00,0.1302921238963938,0.5699167456729921,0.409213346870865,3.02665696875336
2025-02-03 00:00:00+00:00,0.13513376211749556,0.5699167456729921,0.39400703261682446,3.139127144415957
2025-02-04 00:00:00+00:00,0.13035269106691016,0.5699167456729921,0.40794711382120513,3.028063930611368
2025-02-05 00:00:00+00:00,0.13189581983643195,0.5699167456729921,0.4127764343563504,2.9922173935814644
2025-02-06 00:00:00+00:00,0.1319478660734885,0.5699167456729921,0.41293931639598225,2.991036661273313
2025-02-07 00:00:00+00:00,0.1319478660734885,0.5699167456729921,0.4131985931575833,2.989158646106016
2025-02-08 00:00:00+00:00,0.13200614203878538,0.5699167456729921,0.41338108604354,2.987838457226035
2025-02-09 00:00:00+00:00,0.1319901225239552,0.5699167456729921,0.41338108604354,2.988201044312791
2025-02-10 00:00:00+00:00,0.1319901225239552,0.5699167456729921,0.41338108604354,3.017815422099404
2025-02-11 00:00:00+00:00,0.12975665455651478,0.5699167456729921,0.40638606704993,2.966749524530566
2025-02-12 00:00:00+00:00,0.12975665455651478,0.5699167456729921,0.4152366041902246,3.031361303776391
2025-02-13 00:00:00+00:00,0.12809092572474937,0.5699167456729921,0.4152366041902246,2.9924467221662505
2025-02-14 00:00:00+00:00,0.12809092572474937,0.5699167456729921,0.4152366041902246,3.019857686117966
2025-02-15 00:00:00+00:00,0.12821304214722548,0.5699167456729921,0.4152366041902246,3.0227366895675014
2025-02-16 00:00:00+00:00,0.1262794225835829,0.5699167456729921,0.4152366041902246,2.977149885754077
2025-02-17 00:00:00+00:00,0.1258537896707974,0.5699167456729921,0.4152366041902246,2.9671152106522505
2025-02-18 00:00:00+00:00,0.125694473089483,0.5699167456729921,0.4152366041902246,2.963359180317657
2025-02-19 00:00:00+00:00,0.12697741849676727,0.5699167456729921,0.4152366041902246,2.9936057612298947
2025-02-20 00:00:00+00:00,0.12915277336819628,0.5699167456729921,0.4152366041902246,3.0448916902787295
2025-02-21 00:00:00+00:00,0.12635947522221366,0.5699167456729921,0.42421728347708765,2.979037198026162
2025-02-22 00:00:00+00:00,0.12685293598644984,0.5699167456729921,0.42421728347708765,2.9906709751516276
2025-02-23 00:00:00+00:00,0.12647843686090138,0.5699167456729921,0.42421728347708765,2.981841824637389
2025-02-24 00:00:00+00:00,0.12647843686090138,0.5699167456729921,0.42421728347708765,2.8360663205871055
2025-02-25 00:00:00+00:00,0.12250446445926191,0.5699167456729921,0.4108883096323962,2.7469566702233257
2025-02-26 00:00:00+00:00,0.11638111392622168,0.5414296205399666,0.4108883096323962,2.6096508286354543
2025-02-27 00:00:00+00:00,0.11701630823511557,0.5443846791575665,0.4108883096323962,2.623893993171586
2025-02-28 00:00:00+00:00,0.11650701949963384,0.5420153599656918,0.4108883096323962,2.6124740494562584
2025-03-01 00:00:00+00:00,0.11650701949963384,0.5529978134572552,0.4108883096323962,2.6654086650876043
2025-03-02 00:00:00+00:00,0.11650701949963384,0.6058178788389907,0.4108883096323962,2.9199974835836366
2025-03-03 00:00:00+00:00,0.11650701949963384,0.6058178788389907,0.4108883096323962,2.67114187970724
2025-03-04 00:00:00+00:00,0.11793063417856854,0.6058178788389907,0.41590900822641685,2.7037809155850776
2025-03-05 00:00:00+00:00,0.11344270647537923,0.6058178788389907,0.41590900822641685,2.806675073315419
2025-03-06 00:00:00+00:00,0.11344270647537923,0.6058178788389907,0.41590900822641685,2.785654319388399
2025-03-07 00:00:00+00:00,0.11739796449809017,0.6058178788389907,0.41590900822641685,2.688530564696847
2025-03-08 00:00:00+00:00,0.11739796449809017,0.6058178788389907,0.4131806687579249,2.6708939569128773
2025-03-09 00:00:00+00:00,0.11739796449809017,0.6058178788389907,0.4131806687579249,2.5005740962206957
2025-03-10 00:00:00+00:00,0.11739796449809017,0.6058178788389907,0.40231972896906254,2.4348435653653095
2025-03-11 00:00:00+00:00,0.11739796449809017,0.6391916139211862,0.42448301024872026,2.568975995185339
2025-03-12 00:00:00+00:00,0.11845261447108921,0.6391916139211862,0.42448301024872026,2.5920545083055684
2025-03-13 00:00:00+00:00,0.11845261447108921,0.6391916139211862,0.42448301024872026,2.512864868751222
2025-03-14 00:00:00+00:00,0.12262242978613086,0.6391916139211862,0.4394258273829263,2.6013237217798006
2025-03-15 00:00:00+00:00,0.12262242978613086,0.6391916139211862,0.4394258273829263,2.612576317608933
2025-03-16 00:00:00+00:00,0.12262242978613086,0.6391916139211862,0.4394258273829263,2.557993015395076
2025-03-17 00:00:00+00:00,0.12262242978613086,0.6391916139211862,0.4394258273829263,2.6020395988485223
2025-03-18 00:00:00+00:00,0.12262242978613086,0.6391916139211862,0.4462127227015751,2.561851313882344
2025-03-19 00:00:00+00:00,0.11647588891502664,0.6391916139211862,0.4462127227015751,2.6902660242573857
2025-03-20 00:00:00+00:00,0.11647588891502664,0.6585286590068772,0.4597117038345679,2.608879168938001
2025-03-21 00:00:00+00:00,0.1162914558901575,0.6585286590068772,0.46043963148462264,2.604748155376934
2025-03-22 00:00:00+00:00,0.11595192202441942,0.6585286590068772,0.46178396797796456,2.5971431236598606
2025-03-23 00:00:00+00:00,0.11595192202441942,0.6585286590068772,0.4494449181193876,2.6665398128368842
2025-03-24 00:00:00+00:00,0.114039428588057,0.6476669870654499,0.4420318417261498,2.7105213165568105
2025-03-25 00:00:00+00:00,0.114039428588057,0.6476669870654499,0.44250488737022,2.707620619862768
2025-03-26 00:00:00+00:00,0.11339202460430431,0.6476669870654499,0.44501699594933575,2.6922494066122864
2025-03-27 00:00:00+00:00,0.1129777382647013,0.6476669870654499,0.4433910926906512,2.7020857434786225
2025-03-28 00:00:00+00:00,0.1129777382647013,0.6476669870654499,0.45768274513835006,2.6149904658190386
2025-03-29 00:00:00+00:00,0.11059971197279678,0.6476669870654499,0.45768274513835006,2.55994850643561
2025-03-30 00:00:00+00:00,0.11026244221156108,0.6476669870654499,0.45907843186683334,2.5521420374481174
2025-03-31 00:00:00+00:00,0.11048295959812526,0.6476669870654499,0.4581603062204866,2.5572461479770574
2025-04-01 00:00:00+00:00,0.11396866065569194,0.6476669870654499,0.4581603062204866,2.637926423332509
2025-04-02 00:00:00+00:00,0.11749774218274665,0.6677222337147112,0.4723474087433212,2.5562420606598892
2025-04-03 00:00:00+00:00,0.11848974470994325,0.6677222337147112,0.4683595038314177,2.5778237399091544
2025-04-04 00:00:00+00:00,0.11945810099654328,0.6677222337147112,0.4645318403400813,2.598890979360117
2025-04-05 00:00:00+00:00,0.11945810099654328,0.6677222337147112,0.46649939521567696,2.5878832072904174
2025-04-06 00:00:00+00:00,0.11945810099654328,0.6677222337147112,0.495080032508796,2.4293334812606004
2025-04-07 00:00:00+00:00,0.11945810099654328,0.6741106974892491,0.495080032508796,2.452576243232095
2025-04-08 00:00:00+00:00,0.11516808496366135,0.6499018269644299,0.512859498776085,2.364498571499849
2025-04-09 00:00:00+00:00,0.11516808496366135,0.7034805949487252,0.4705786819613175,2.5594309676023785
2025-04-10 00:00:00+00:00,0.11516808496366135,0.7034805949487252,0.48783080252656275,2.4655983880059904
2025-04-11 00:00:00+00:00,0.11516808496366135,0.7034805949487252,0.48783080252656275,2.5839226406504747
2025-04-12 00:00:00+00:00,0.11259961026472977,0.7034805949487252,0.47695121662353834,2.6415491951651333
2025-04-13 00:00:00+00:00,0.1146129548841882,0.7034805949487252,0.48547937372350963,2.594316803804127
2025-04-14 00:00:00+00:00,0.1146129548841882,0.7034805949487252,0.48547937372350963,2.62035489528206
2025-04-15 00:00:00+00:00,0.1158941750875914,0.71134457116207,0.48547937372350963,2.591062817128118
2025-04-16 00:00:00+00:00,0.11536563620394771,0.7081004627740182,0.48547937372350963,2.602879437314426
2025-04-17 00:00:00+00:00,0.11409508954971921,0.7003019995276083,0.48547937372350963,2.6315455104126024
2025-04-18 00:00:00+00:00,0.11409508954971921,0.7043760640364305,0.48547937372350963,2.6162362778607116
2025-04-19 00:00:00+00:00,0.11409508954971921,0.7043760640364305,0.48547937372350963,2.6356331374846556
2025-04-20 00:00:00+00:00,0.11409508954971921,0.7036149291769006,0.48547937372350963,2.638481150584896
2025-04-21 00:00:00+00:00,0.11409508954971921,0.7036149291769006,0.47220918905413034,2.7106018914649783
2025-04-22 00:00:00+00:00,0.12184209212588398,0.7036149291769006,0.4401464086266091,2.8946504768949897
2025-04-23 00:00:00+00:00,0.12154572091483401,0.7036149291769006,0.4390757874489196,2.9016914842548878
2025-04-24 00:00:00+00:00,0.12115693391321819,0.7036149291769006,0.4376713204088666,2.910973093868838
2025-04-26 00:00:00+00:00,0.12115693391321819,0.7036149291769006,0.43467015682307275,2.930933977849957
2025-04-27 00:00:00+00:00,0.12115693391321819,0.7036149291769006,0.43870820464915017,2.903705856959084
2025-04-28 00:00:00+00:00,0.11951227784334813,0.7036149291769006,0.4327529193148842,2.943122482227809
2025-04-29 00:00:00+00:00,0.12047988822603879,0.7036149291769006,0.43625662810050064,2.9192940026546332
2025-04-30 00:00:00+00:00,0.1205758116020963,0.7036149291769006,0.43660396581147487,2.9169697264574834
2025-05-01 00:00:00+00:00,0.11763177934902101,0.7036149291769006,0.425943650611513,2.9881917472080013
2025-05-02 00:00:00+00:00,0.11763177934902101,0.7036149291769006,0.4241417789157254,3.000832710685565
2025-05-03 00:00:00+00:00,0.11638307329154307,0.7036149291769006,0.42864420514350604,2.9689777306449
2025-05-04 00:00:00+00:00,0.11447205130592329,0.7036149291769006,0.43568258690187184,2.9202268121684223
2025-05-05 00:00:00+00:00,0.11503876146820897,0.7036149291769006,0.43568258690187184,2.934683810114692
2025-05-06 00:00:00+00:00,0.11759254089619821,0.7036149291769006,0.43568258690187184,2.999831722403326
2025-05-07 00:00:00+00:00,0.11759254089619821,0.7036149291769006,0.4348296655337787,3.0057043935947907
2025-05-08 00:00:00+00:00,0.11759254089619821,0.7036149291769006,0.4068551174019287,3.199074876092836
2025-05-09 00:00:00+00:00,0.11759254089619821,0.7036149291769006,0.40798312358048316,3.1902054381245133
2025-05-10 00:00:00+00:00,0.11759254089619821,0.7036149291769006,0.40066342158410656,3.247441514238051
2025-05-11 00:00:00+00:00,0.11759254089619821,0.7036149291769006,0.4034014534748847,3.225249325107668
2025-05-12 00:00:00+00:00,0.11759254089619821,0.7036149291769006,0.408569912619919,3.183926793357281
2025-05-13 00:00:00+00:00,0.11759254089619821,0.7036149291769006,0.403230312080741,3.225537535356115
2025-05-14 00:00:00+00:00,0.11829742729600931,0.7036149291769006,0.40564740045055686,3.2062026564307615
2025-05-15 00:00:00+00:00,0.11800425102118213,0.7036149291769006,0.4046420853183872,3.214148581990083
2025-05-16 00:00:00+00:00,0.1183482018196115,0.7036149291769006,0.4046420853183872,3.204780199398106
2025-05-17 00:00:00+00:00,0.11872883980937675,0.7036149291769006,0.4046420853183872,3.194472809222481
2025-05-18 00:00:00+00:00,0.12256208692020765,0.7036149291769006,0.4177062499051686,3.297608691677325
2025-05-19 00:00:00+00:00,0.1215530951927173,0.7036149291769006,0.4177062499051686,3.2704611456946195
2025-05-20 00:00:00+00:00,0.12301417510860943,0.7036149291769006,0.4177062499051686,3.3097724037757406
2025-05-21 00:00:00+00:00,0.11977826031498914,0.7036149291769006,0.4177062499051686,3.396836691086029
2025-05-22 00:00:00+00:00,0.11977826031498914,0.7036149291769006,0.4177062499051686,3.460466076259192
2025-05-23 00:00:00+00:00,0.11977826031498914,0.7036149291769006,0.4177062499051686,3.3243812544335567
2025-05-24 00:00:00+00:00,0.11977826031498914,0.7036149291769006,0.4177062499051686,3.337626529722379
2025-05-25 00:00:00+00:00,0.11838027692596716,0.7036149291769006,0.4177062499051686,3.3765813987866036
2025-05-26 00:00:00+00:00,0.11791210529572592,0.7036149291769006,0.4177062499051686,3.3899351402979603
2025-05-27 00:00:00+00:00,0.11844837907267727,0.7036149291769006,0.4177062499051686,3.3745174415235355
2025-05-28 00:00:00+00:00,0.11844837907267727,0.7036149291769006,0.4177062499051686,3.3383764961753264
2025-05-29 00:00:00+00:00,0.12084894590738098,0.7036149291769006,0.4177062499051686,3.2707183655937704
2025-05-30 00:00:00+00:00,0.12084894590738098,0.7036149291769006,0.4114137371519423,3.221446809249132
2025-05-31 00:00:00+00:00,0.12015756670458039,0.7036149291769006,0.413767443255687,3.2398767699750626
2025-06-01 00:00:00+00:00,0.11896386057907257,0.7036149291769006,0.41787801860350815,3.272063346753188
2025-06-02 00:00:00+00:00,0.11870358597320436,0.7036149291769006,0.41879227135273467,3.2792221174404084
2025-06-03 00:00:00+00:00,0.11924676658611043,0.7036149291769006,0.41687590260305724,3.264216590311612
2025-06-04 00:00:00+00:00,0.1200260077473855,0.7036149291769006,0.4141517460346909,3.242885932891639
2025-06-05 00:00:00+00:00,0.12367719482426565,0.7036149291769006,0.401553263994267,3.144237453014757
2025-06-06 00:00:00+00:00,0.12367719482426565,0.7036149291769006,0.412561500343612,3.230434010544777
2025-06-07 00:00:00+00:00,0.12367719482426565,0.6950593658352686,0.412561500343612,3.2697142782766027
2025-06-08 00:00:00+00:00,0.12347909093662447,0.6939460323487756,0.4119006668146395,3.2749516473075126
2025-06-09 00:00:00+00:00,0.11816094797684673,0.6640583470863737,0.3941604436340823,3.416001123090259
2025-06-10 00:00:00+00:00,0.11815290820551999,0.6640131639920469,0.3941604436340823,3.4162335507099737
2025-06-11 00:00:00+00:00,0.11990576859410033,0.6738641476905013,0.3941604436340823,3.3655519334723976
2025-06-12 00:00:00+00:00,0.12320759364917083,0.6924202317942623,0.3941604436340823,3.2728752939047254
2025-06-13 00:00:00+00:00,0.12272017412131941,0.6924202317942623,0.3957197752600281,3.2858230618403126
2025-06-14 00:00:00+00:00,0.12349264917452334,0.6924202317942623,0.3932288754822488,3.2651401027206117
2025-06-15 00:00:00+00:00,0.12328788278986665,0.6912721117363042,0.39388089854364833,3.270554116742505
2025-06-16 00:00:00+00:00,0.12186790847309203,0.6833103508368885,0.39841744136637947,3.3082228863109737
2025-06-17 00:00:00+00:00,0.12442753172016645,0.6976620951220122,0.390049376649929,3.238739424155923
2025-06-18 00:00:00+00:00,0.12404082388629048,0.6976620951220122,0.39126160956545597,3.248805089607045
2025-06-19 00:00:00+00:00,0.12430787784221968,0.6976620951220122,0.3904192420499558,3.24181056777109
2025-06-20 00:00:00+00:00,0.12430787784221968,0.6976620951220122,0.3853396576964082,3.199632702380151
2025-06-21 00:00:00+00:00,0.12571209822369056,0.6976620951220122,0.38098674128822113,3.1634886579970125
2025-06-22 00:00:00+00:00,0.12571209822369056,0.6976620951220122,0.3766009811310912,3.1270718985400747
2025-06-23 00:00:00+00:00,0.12571209822369056,0.6976620951220122,0.3929713506325831,3.263001768619233
2025-06-24 00:00:00+00:00,0.1248237992246467,0.692732318676272,0.3929713506325831,3.286058588494956
2025-06-25 00:00:00+00:00,0.12335807320034142,0.6845980062000606,0.3883569394465243,3.3246446724025662
2025-06-26 00:00:00+00:00,0.12377927064826542,0.6869355178487472,0.38968295684882914,3.3132929074556885
2025-06-27 00:00:00+00:00,0.12366696895771612,0.68631227924386,0.38968295684882914,3.316298971337335
2025-06-28 00:00:00+00:00,0.12340082264757178,0.684835252012846,0.38884431188190255,3.323436048780049
2025-06-29 00:00:00+00:00,0.12217096840110145,0.6780099527583506,0.384968958234143,3.3565585341068935
2025-06-30 00:00:00+00:00,0.1235498075437599,0.6856620707223005,0.3893137733343964,3.3186759311282867
2025-07-01 00:00:00+00:00,0.1235498075437599,0.6949429681155697,0.3893137733343964,3.273755419824712
2025-07-02 00:00:00+00:00,0.1235498075437599,0.6949429681155697,0.40096725265063327,3.3717500033314622
2025-07-03 00:00:00+00:00,0.12270358220753186,0.6949429681155697,0.40096725265063327,3.3948440116263394
2025-07-04 00:00:00+00:00,0.12450674863232898,0.7051553661948323,0.40096725265063327,3.3449557473307236
2025-07-05 00:00:00+00:00,0.12450674863232898,0.7051553661948323,0.40096725265063327,3.3517116434771044
2025-07-06 00:00:00+00:00,0.12336429266383678,0.6986849622555039,0.40096725265063327,3.382466466117786
2025-07-07 00:00:00+00:00,0.12442889457485919,0.6986849622555039,0.40096725265063327,3.3532766561165186
2025-07-08 00:00:00+00:00,0.1236593491495141,0.6986849622555039,0.40096725265063327,3.374015397864951
2025-07-09 00:00:00+00:00,0.12101654230740996,0.6986849622555039,0.3923979127175599,3.446123742605315
2025-07-10 00:00:00+00:00,0.11581532935083531,0.6686559330917391,0.3755329034482077,3.5942359189924664
2025-07-11 00:00:00+00:00,0.11581532935083531,0.6686559330917391,0.37060865462114184,3.6413660422007985
2025-07-12 00:00:00+00:00,0.11581532935083531,0.6686559330917391,0.3709578152855381,3.6379354105338058
2025-07-13 00:00:00+00:00,0.11581532935083531,0.6686559330917391,0.36574686814294627,3.689038496521799
2025-07-14 00:00:00+00:00,0.11505819917255806,0.6686559330917391,0.363355837585648,3.7131551863434216
2025-07-15 00:00:00+00:00,0.11505819917255806,0.6686559330917391,0.3696575859300161,3.6487572405077344
2025-07-16 00:00:00+00:00,0.11589099895627243,0.6686559330917391,0.3696575859300161,3.6751672161772113
2025-07-17 00:00:00+00:00,0.11646356102301528,0.6686559330917391,0.3696575859300161,3.6933244618293433
2025-07-18 00:00:00+00:00,0.11646356102301528,0.6686559330917391,0.3696575859300161,3.6536506166614666
2025-07-19 00:00:00+00:00,0.11638255759963775,0.6686559330917391,0.3696575859300161,3.65110940801925
2025-07-20 00:00:00+00:00,0.11579143017830706,0.6652597123380614,0.3696575859300161,3.632564783000927
2025-07-21 00:00:00+00:00,0.11579143017830706,0.6659078547345686,0.3700177321243343,3.636103880890453
2025-07-22 00:00:00+00:00,0.11841999873337576,0.6810245559000446,0.3784174640732543,3.7186466762385537
2025-07-23 00:00:00+00:00,0.11715658838451189,0.6737587774761504,0.3784174640732543,3.6789728310706775
2025-07-24 00:00:00+00:00,0.1175702906327885,0.6737587774761504,0.3784174640732543,3.665981676646077
2025-07-25 00:00:00+00:00,0.1168638410187176,0.6737587774761504,0.3784174640732543,3.643953736366959
2025-07-26 00:00:00+00:00,0.11716767001002523,0.6737587774761504,0.3784174640732543,3.6534274861465397
2025-07-27 00:00:00+00:00,0.11716767001002523,0.6737587774761504,0.3784174640732543,3.7009728800354287
2025-07-28 00:00:00+00:00,0.11581177392974402,0.6737587774761504,0.3827966136816998,3.658144217309288
2025-07-29 00:00:00+00:00,0.11567010143047297,0.6737587774761504,0.38326488863451835,3.653669210871043
2025-07-30 00:00:00+00:00,0.11554648138263257,0.6737587774761504,0.38367449512126484,3.649764426859832
2025-07-31 00:00:00+00:00,0.1135119504841672,0.6737587774761504,0.39043019729355655,3.585499739526115
2025-08-01 00:00:00+00:00,0.1135119504841672,0.6594767380356427,0.39043019729355655,3.509495907879328
2025-08-02 00:00:00+00:00,0.11277421422116575,0.655190670338104,0.39043019729355655,3.486687010797968
2025-08-03 00:00:00+00:00,0.11277421422116575,0.655190670338104,0.39043019729355655,3.5375731643408934
2025-08-04 00:00:00+00:00,0.11361524808660058,0.655190670338104,0.39334190029481453,3.563955248696004
2025-08-05 00:00:00+00:00,0.11453650273187016,0.655190670338104,0.39015246877986903,3.5350567479781128
2025-08-06 00:00:00+00:00,0.11453650273187016,0.655190670338104,0.39015246877986903,3.56206173835406
2025-08-07 00:00:00+00:00,0.11206632640991339,0.655190670338104,0.39015246877986903,3.6388837152222435
2025-08-08 00:00:00+00:00,0.11131072271225458,0.655190670338104,0.39015246877986903,3.614348655685134
2025-08-09 00:00:00+00:00,0.11131072271225458,0.655190670338104,0.39015246877986903,3.6079615446953675
2025-08-10 00:00:00+00:00,0.11401953435186905,0.655190670338104,0.39015246877986903,3.6957634023188852
2025-08-11 00:00:00+00:00,0.11343306496751937,0.655190670338104,0.39015246877986903,3.676753922061132
2025-08-12 00:00:00+00:00,0.11343306496751937,0.655190670338104,0.3948849319132233,3.7213521337320357
2025-08-13 00:00:00+00:00,0.1164964312484728,0.655190670338104,0.4055491697668504,3.8218507374618484
2025-08-14 00:00:00+00:00,0.11169606477712893,0.655190670338104,0.4055491697668504,3.664367079447791
2025-08-15 00:00:00+00:00,0.11078637846902256,0.655190670338104,0.4022462554901753,3.634523373076392
2025-08-16 00:00:00+00:00,0.11078637846902256,0.655190670338104,0.40241946127519307,3.6360883857158064
2025-08-17 00:00:00+00:00,0.11078637846902256,0.655190670338104,0.4025021198775481,3.6368352531338237
2025-08-18 00:00:00+00:00,0.11078637846902256,0.655190670338104,0.39848854740967143,3.6005703463884333
2025-08-19 00:00:00+00:00,0.11398972007514283,0.655190670338104,0.38696641841583707,3.496461366965715
2025-08-20 00:00:00+00:00,0.11398972007514283,0.655190670338104,0.39175547262613974,3.539733191686779
2025-08-21 00:00:00+00:00,0.11574446746994607,0.655190670338104,0.3857248244717494,3.485242860520807
2025-08-22 00:00:00+00:00,0.11574446746994607,0.655190670338104,0.4009370941408431,3.622694356750366
2025-08-23 00:00:00+00:00,0.11724987082195365,0.655190670338104,0.4009370941408431,3.575576629681753
2025-08-24 00:00:00+00:00,0.11921201106107414,0.655190670338104,0.4009370941408431,3.5157404632623375
2025-08-25 00:00:00+00:00,0.12276621058112787,0.655190670338104,0.3889835131645347,3.4109218048407564
2025-08-26 00:00:00+00:00,0.12276621058112787,0.6649884091474284,0.3889835131645347,3.4619288207459333
2025-08-27 00:00:00+00:00,0.12276621058112787,0.6649884091474284,0.3889835131645347,3.4459687908588403
2025-08-28 00:00:00+00:00,0.12131723787854284,0.6649884091474284,0.3889835131645347,3.486640525274026
2025-08-29 00:00:00+00:00,0.11681542033942201,0.6649884091474284,0.40341784115134643,3.357258916000969
2025-08-30 00:00:00+00:00,0.117274239320211,0.6676003015091986,0.40341784115134643,3.3704453096261306
2025-08-31 00:00:00+00:00,0.11668171046017917,0.6642272466260195,0.40341784115134643,3.353416112688349
2025-09-01 00:00:00+00:00,0.11773791067564993,0.670239816704407,0.40706957036467684,3.383771159823121
2025-09-02 00:00:00+00:00,0.11989462946172759,0.6825172454065845,0.40706957036467684,3.4457549574487025
2025-09-03 00:00:00+00:00,0.1193858849373181,0.6825172454065845,0.40706957036467684,3.460376204246237
2025-09-04 00:00:00+00:00,0.11833764804639989,0.6825172454065845,0.40706957036467684,3.429993265797099
2025-09-05 00:00:00+00:00,0.11840661099974978,0.6825172454065845,0.4068323447627263,3.4279943882675505
2025-09-06 00:00:00+00:00,0.11891999401266647,0.6825172454065845,0.4068323447627263,3.4131314167455127
2025-09-07 00:00:00+00:00,0.11891999401266647,0.6825172454065845,0.4103072269005903,3.4422840383276254
2025-09-08 00:00:00+00:00,0.11992273507637298,0.6825172454065845,0.4103072269005903,3.471309599477628
2025-09-09 00:00:00+00:00,0.11992273507637298,0.6825172454065845,0.4103072269005903,3.4554208473939143
2025-09-10 00:00:00+00:00,0.12250069975351224,0.6825172454065845,0.4103072269005903,3.5297016156198815
2025-09-11 00:00:00+00:00,0.1241464928817022,0.6825172454065845,0.4047947619445662,3.577123048111589
2025-09-12 00:00:00+00:00,0.12355343946980575,0.6825172454065845,0.4028610390570595,3.594211126713032
2025-09-13 00:00:00+00:00,0.12343018261381657,0.6825172454065845,0.4028610390570595,3.5906255432995633
2025-09-14 00:00:00+00:00,0.12343018261381657,0.6825172454065845,0.4028610390570595,3.570398142314504
2025-09-15 00:00:00+00:00,0.12333311834383295,0.6825172454065845,0.4028610390570595,3.573205867960661
2025-09-16 00:00:00+00:00,0.12333311834383295,0.6825172454065845,0.4028610390570595,3.6180396062862092
2025-09-17 00:00:00+00:00,0.12369736881647733,0.6825172454065845,0.40405084375718425,3.6073541338491806
2025-09-18 00:00:00+00:00,0.12304425223500692,0.6825172454065845,0.40405084375718425,3.6264008025260885
2025-09-19 00:00:00+00:00,0.12304425223500692,0.6825172454065845,0.40405084375718425,3.5815391728861745
2025-09-20 00:00:00+00:00,0.1231032353713346,0.6828444204432121,0.40405084375718425,3.5832560382371357
2025-09-21 00:00:00+00:00,0.12263371257132562,0.6802400126606717,0.40405084375718425,3.569589294197897
2025-09-22 00:00:00+00:00,0.12263371257132562,0.6650080658290884,0.40405084375718425,3.4896589852953923
2025-09-23 00:00:00+00:00,0.12263371257132562,0.6611238957642884,0.40405084375718425,3.4692766325638567
2025-09-24 00:00:00+00:00,0.12120194340975163,0.6611238957642884,0.40405084375718425,3.5097810190928476
2025-09-25 00:00:00+00:00,0.12120194340975163,0.6611238957642884,0.40405084375718425,3.3759182053116867
2025-09-26 00:00:00+00:00,0.12120194340975163,0.6611238957642884,0.40405084375718425,3.3961858937508302
2025-09-27 00:00:00+00:00,0.12120194340975163,0.6611238957642884,0.40405084375718425,3.395838801838723
2025-09-28 00:00:00+00:00,0.12120194340975163,0.6611238957642884,0.40405084375718425,3.4746255668522306
2025-09-29 00:00:00+00:00,0.11889129340709069,0.6611238957642884,0.3963478312729176,3.5408674384709897
2025-09-30 00:00:00+00:00,0.119170475479987,0.6611238957642884,0.39727854037660154,3.5325527277550535
2025-10-01 00:00:00+00:00,0.11439942444777623,0.6611238957642884,0.3813732905023801,3.6739802857992028
2025-10-02 00:00:00+00:00,0.11253809519744205,0.6611238957642884,0.3813732905023801,3.7337575705549577
2025-10-03 00:00:00+00:00,0.11253809519744205,0.6611238957642884,0.3813732905023801,3.786484550846025
2025-10-04 00:00:00+00:00,0.11268592598100788,0.6611238957642884,0.3813732905023801,3.7914585019079245
2025-10-05 00:00:00+00:00,0.11168795305892948,0.6611238957642884,0.3813732905023801,3.8250365453694104
2025-10-06 00:00:00+00:00,0.11277545342948318,0.6611238957642884,0.3813732905023801,3.862280747152533
2025-10-07 00:00:00+00:00,0.10975130112594642,0.6611238957642884,0.3813732905023801,3.758710999807554
2025-10-08 00:00:00+00:00,0.11151674730913021,0.6611238957642884,0.3813732905023801,3.819173171282735
2025-10-09 00:00:00+00:00,0.11301724083089104,0.6611238957642884,0.3813732905023801,3.7677849740812253
2025-10-10 00:00:00+00:00,0.10477710431405511,0.6611238957642884,0.35356719689656646,3.4930741217877377
2025-10-11 00:00:00+00:00,0.10676249346308472,0.6611238957642884,0.35356719689656646,3.4268849337627807
2025-10-12 00:00:00+00:00,0.10676249346308472,0.6611238957642884,0.35356719689656646,3.5606175880769
2025-10-13 00:00:00+00:00,0.10656038750902411,0.6598723600294856,0.35289787911149595,3.567357989048634
2025-10-14 00:00:00+00:00,0.10853039374346167,0.6720715711395336,0.35289787911149595,3.5014074267132513
2025-10-15 00:00:00+00:00,0.1107251353225647,0.6856624498826774,0.35289787911149595,3.4306006766432904
2025-10-16 00:00:00+00:00,0.11329534198861284,0.6856624498826774,0.34470623880611917,3.3509678750940206
2025-10-17 00:00:00+00:00,0.11329534198861284,0.6856624498826774,0.33912485499282,3.2967099715477644
2025-10-18 00:00:00+00:00,0.11408228530423634,0.6904250241618869,0.33912485499282,3.3196087406420807
2025-10-19 00:00:00+00:00,0.11564648025301998,0.699891518740145,0.33912485499282,3.365124266652126
2025-10-20 00:00:00+00:00,0.11364030198310525,0.699891518740145,0.33912485499282,3.4235007876197314
2025-10-21 00:00:00+00:00,0.11364030198310525,0.699891518740145,0.33912485499282,3.3548199755114303
2025-10-22 00:00:00+00:00,0.11288269087197272,0.6952255192493677,0.33686399547625556,3.3324542404249935
2025-10-23 00:00:00+00:00,0.11550068498317322,0.7113493049360097,0.34467660119658283,3.4097410725326065
2025-10-24 00:00:00+00:00,0.11550068498317322,0.7113493049360097,0.347619759733111,3.4388565056955653
2025-10-25 00:00:00+00:00,0.11550068498317322,0.7113493049360097,0.347619759733111,3.458194483655849
2025-10-26 00:00:00+00:00,0.11550068498317322,0.7113493049360097,0.347619759733111,3.548326815546375
2025-10-27 00:00:00+00:00,0.11506318620959677,0.7113493049360097,0.347619759733111,3.5348863010569924
2025-10-28 00:00:00+00:00,0.11630456502159396,0.7113493049360097,0.347619759733111,3.4967495772141644
2025-10-29 00:00:00+00:00,0.11630456502159396,0.7113493049360097,0.3388458910350388,3.4084921614560053
2025-10-30 00:00:00+00:00,0.11448352579988051,0.7113493049360097,0.3335404100543337,3.3551236809345246
2025-10-31 00:00:00+00:00,0.11585165804832885,0.7113493049360097,0.33752637561547205,3.3952189948528178
2025-11-01 00:00:00+00:00,0.11585165804832885,0.7113493049360097,0.33903566957775494,3.4104011669725978
2025-11-02 00:00:00+00:00,0.11585165804832885,0.7113493049360097,0.3404149529149953,3.424275546352115
2025-11-03 00:00:00+00:00,0.11585165804832885,0.7113493049360097,0.32824293920692504,3.3018357753212118
2025-11-04 00:00:00+00:00,0.11031297364938783,0.6773408206050989,0.3125501638330109,3.14398023311561
2025-11-05 00:00:00+00:00,0.11290817518362671,0.6932758088361657,0.3125501638330109,3.2179448997787645
2025-11-06 00:00:00+00:00,0.11015563269241614,0.6763747197976931,0.3125501638330109,3.1394959295725764
2025-11-07 00:00:00+00:00,0.11232991726436237,0.68972520476306,0.3125501638330109,3.2014642320235103
2025-11-08 00:00:00+00:00,0.11120352129112818,0.68972520476306,0.3125501638330109,3.169361329188482
2025-11-09 00:00:00+00:00,0.11381459827783275,0.7059200661163452,0.3125501638330109,3.2437784549513484
2025-11-10 00:00:00+00:00,0.11381459827783275,0.7059200661163452,0.30868115718474065,3.283932650533302
2025-11-11 00:00:00+00:00,0.11699436503576921,0.7256421509276242,0.3173051307107147,3.1921857214444898
2025-11-12 00:00:00+00:00,0.11699436503576921,0.7157796090969829,0.3173051307107147,3.1487992324310334
2025-11-13 00:00:00+00:00,0.11474730331914178,0.7020319302523426,0.3112107841027262,3.0883215657812046
2025-11-14 00:00:00+00:00,0.10886406625281525,0.6660378793741434,0.3112107841027262,2.929979475091666
2025-11-15 00:00:00+00:00,0.11003325224669867,0.6731910400704528,0.3112107841027262,2.9614470757661397
2025-11-16 00:00:00+00:00,0.10849191644660773,0.6637610411458125,0.3112107841027262,2.9199633941994163
2025-11-17 00:00:00+00:00,0.10612913364234461,0.6493053726911868,0.3044331041311401,2.8563711974454074
2025-11-18 00:00:00+00:00,0.10698949977847785,0.6545691521596548,0.3069010780467196,2.879527186438875
2025-11-19 00:00:00+00:00,0.10536825309796982,0.6446502529471242,0.3022505062143642,2.835892774631056
2025-11-20 00:00:00+00:00,0.09971737936980135,0.6100778170270847,0.28604088524528243,2.6838045364293146
2025-11-21 00:00:00+00:00,0.09798121761918344,0.599455859475484,0.2810606777106053,2.637077287761822
2025-11-22 00:00:00+00:00,0.09751591521606319,0.5966091072227967,0.27972595038286746,2.6245540876115805
2025-11-23 00:00:00+00:00,0.09995503939455762,0.6115318374798306,0.28672261679797995,2.6902009445238693
2025-11-24 00:00:00+00:00,0.10161244171836677,0.6216719394162772,0.29147690166693757,2.7348084532995616
2025-11-25 00:00:00+00:00,0.10054965003789168,0.6151697064807901,0.29147690166693757,2.7062043608999757
2025-11-26 00:00:00+00:00,0.10054965003789168,0.6371068173812309,0.29147690166693757,2.802708308605621
2025-11-27 00:00:00+00:00,0.1014992438053123,0.6371068173812309,0.29147690166693757,2.829177165938759
2025-11-28 00:00:00+00:00,0.10100515708216312,0.6402081805825145,0.29147690166693757,2.815405054711916
2025-11-29 00:00:00+00:00,0.10100515708216312,0.6407916755857203,0.29147690166693757,2.812839053790263
2025-11-30 00:00:00+00:00,0.10149969453390457,0.6439290944215081,0.29147690166693757,2.7990669425634205
2025-12-01 00:00:00+00:00,0.10149969453390457,0.6439290944215081,0.29147690166693757,2.672657307787786
2025-12-02 00:00:00+00:00,0.10739313482697112,0.6813179524704741,0.29147690166693757,2.827841481884131
2025-12-03 00:00:00+00:00,0.10488911414448918,0.6813179524704741,0.2846807112827412,2.8937765490448664
2025-12-04 00:00:00+00:00,0.10639656933600808,0.6911097816121697,0.2846807112827412,2.852187500290539
2025-12-05 00:00:00+00:00,0.10639656933600808,0.7117316305698275,0.2846807112827412,2.767081803055715
2025-12-06 00:00:00+00:00,0.10639656933600808,0.7117316305698275,0.2846807112827412,2.7642492851301226
2025-12-07 00:00:00+00:00,0.10639656933600808,0.7117316305698275,0.2846807112827412,2.799835503225945
2025-12-08 00:00:00+00:00,0.10639656933600808,0.7117316305698275,0.2846807112827412,2.8080603419289245
2025-12-09 00:00:00+00:00,0.10639656933600808,0.7117316305698275,0.27831040431936727,2.8708963741601274
2025-12-10 00:00:00+00:00,0.10715562273799006,0.7117316305698275,0.27831040431936727,2.850414852310847
2025-12-11 00:00:00+00:00,0.10657311276143062,0.7117316305698275,0.27831040431936727,2.86591002695851
2025-12-12 00:00:00+00:00,0.10657311276143062,0.7117316305698275,0.2850754440086918,2.796246820777547
2025-12-13 00:00:00+00:00,0.10661835013607003,0.7117316305698275,0.2850754440086918,2.7950598903995356
2025-12-14 00:00:00+00:00,0.10661835013607003,0.7117316305698275,0.2850754440086918,2.730832391484973
2025-12-15 00:00:00+00:00,0.10452648704272047,0.6977673821223659,0.2850754440086918,2.6772531765882834
2025-12-16 00:00:00+00:00,0.10626444305364495,0.7093691210719488,0.28033551066261675,2.72176771431609
2025-12-17 00:00:00+00:00,0.10429865557735075,0.7093691210719488,0.2855214413482264,2.671417693815974
2025-12-18 00:00:00+00:00,0.10341310141110484,0.7033461788097104,0.2879456787512766,2.6487358571667245
2025-12-19 00:00:00+00:00,0.10659560328769538,0.7249914104429463,0.2879456787512766,2.730249772918221
2025-12-20 00:00:00+00:00,0.10659560328769538,0.7249914104429463,0.2872240169366536,2.7370924420426292
2025-12-21 00:00:00+00:00,0.10623292565357122,0.7249914104429463,0.28624677468919363,2.746405042005875
2025-12-22 00:00:00+00:00,0.10628063506926486,0.7253170055102227,0.2863753286782756,2.745171626103921
2025-12-23 00:00:00+00:00,0.10762261833128878,0.734475431035453,0.2899913298198983,2.7105089204170993
2025-12-24 00:00:00+00:00,0.10762261833128878,0.734475431035453,0.2899913298198983,2.7156006348063215
2025-12-25 00:00:00+00:00,0.10762261833128878,0.734475431035453,0.2899913298198983,2.701825424544549
2025-12-26 00:00:00+00:00,0.10762261833128878,0.734475431035453,0.2899913298198983,2.7060215178391362
2025-12-27 00:00:00+00:00,0.10762261833128878,0.734475431035453,0.2899913298198983,2.7218637843989066
2025-12-28 00:00:00+00:00,0.10762261833128878,0.735237256936203,0.2899913298198983,2.7246870052197107
2025-12-29 00:00:00+00:00,0.10674470087327614,0.7292396550040638,0.2899913298198983,2.702460726705103
2025-12-30 00:00:00+00:00,0.10674470087327614,0.7397095345621206,0.29415480924022425,2.741260644022851
2025-12-31 00:00:00+00:00,0.10572245080900919,0.7397095345621206,0.29415480924022425,2.7150087191347803
2026-01-01 00:00:00+00:00,0.10428422908005941,0.7397095345621206,0.29415480924022425,2.75194301742495
2026-01-02 00:00:00+00:00,0.10293205721786595,0.7397095345621206,0.29415480924022425,2.787625305603588
2026-01-03 00:00:00+00:00,0.10293205721786595,0.7450087163877713,0.29415480924022425,2.8075954866894963
2026-01-04 00:00:00+00:00,0.10395608551907266,0.7450087163877713,0.29122838517235117,2.835527088509374
2026-01-05 00:00:00+00:00,0.10659801718310899,0.7450087163877713,0.2838271302250221,2.9075889477257952
2026-01-06 00:00:00+00:00,0.10646803955339852,0.7450087163877713,0.284173207746997,2.9040436517664103
2026-01-07 00:00:00+00:00,0.10646803955339852,0.7450087163877713,0.29139065166254163,2.8302866204435344
2026-01-08 00:00:00+00:00,0.10646803955339852,0.7450087163877713,0.29139065166254163,2.8219750087625277
2026-01-09 00:00:00+00:00,0.10593464589731472,0.7450087163877713,0.29139065166254163,2.8078372114140002
2026-01-10 00:00:00+00:00,0.1060913200532008,0.7450087163877713,0.29139065166254163,2.8036845046084267
2026-01-11 00:00:00+00:00,0.1060913200532008,0.7450087163877713,0.29139065166254163,2.819018529439753
2026-01-12 00:00:00+00:00,0.10575519384955043,0.7450087163877713,0.29139065166254163,2.8279499481066663
2026-01-13 00:00:00+00:00,0.11053299045111746,0.7786666388379834,0.29139065166254163,2.955710762111577
2026-01-14 00:00:00+00:00,0.11053299045111746,0.791179979385075,0.29139065166254163,3.0032096704765228
2026-01-15 00:00:00+00:00,0.11053299045111746,0.791179979385075,0.29139065166254163,2.961664008211209
2026-01-16 00:00:00+00:00,0.11060655011213845,0.791179979385075,0.29139065166254163,2.959693021996026
2026-01-17 00:00:00+00:00,0.11106494148895826,0.791179979385075,0.29139065166254163,2.9474270417449357
2026-01-18 00:00:00+00:00,0.11280948548677919,0.791179979385075,0.29139065166254163,2.9011305589326484
2026-01-19 00:00:00+00:00,0.11280948548677919,0.791179979385075,0.29139065166254163,2.8693840451145163
2026-01-20 00:00:00+00:00,0.11280948548677919,0.791179979385075,0.29139065166254163,2.7392555684234425
2026-01-21 00:00:00+00:00,0.11280948548677919,0.8003171107424397,0.29139065166254163,2.770890516984111
2026-01-22 00:00:00+00:00,0.11280948548677919,0.8003171107424397,0.29139065166254163,2.774209583393641
2026-01-23 00:00:00+00:00,0.11280948548677919,0.8003171107424397,0.29139065166254163,2.775455395435313
2026-01-24 00:00:00+00:00,0.11280948548677919,0.8003171107424397,0.29139065166254163,2.7637410434016796
2026-01-25 00:00:00+00:00,0.11280948548677919,0.8003171107424397,0.29139065166254163,2.6846598700698667
2026-01-26 00:00:00+00:00,0.11498639892892437,0.8157610343525531,0.29701369146085693,2.7364664369868636
2026-01-27 00:00:00+00:00,0.11498639892892437,0.8157610343525531,0.3000315722451175,2.76427097837463
2026-01-28 00:00:00+00:00,0.11498639892892437,0.8157610343525531,0.3000315722451175,2.7662512616946016
2026-01-29 00:00:00+00:00,0.12098551904216444,0.8157610343525531,0.3000315722451175,2.6219292050262686
2026-01-30 00:00:00+00:00,0.12042309633232345,0.8119688240520514,0.3000315722451175,2.609740700648417
2026-01-31 00:00:00+00:00,0.11255146640964189,0.7588933070926265,0.3000315722451175,2.439151223917366
2026-02-01 00:00:00+00:00,0.11001277066394981,0.7417758116782335,0.3000315722451175,2.3841340568133735
2026-02-02 00:00:00+00:00,0.11253101727475574,0.7587554260672078,0.3000315722451175,2.438708061922443
2026-02-03 00:00:00+00:00,0.10829804635332098,0.7302140538055367,0.3000315722451175,2.346973528973348
2026-02-04 00:00:00+00:00,0.10829804635332098,0.7302140538055367,0.3000315722451175,2.266553572551977
2026-02-05 00:00:00+00:00,0.09309180266109021,0.6276839230824703,0.25790382057693156,1.9483043785334857
2026-02-06 00:00:00+00:00,0.09309180266109021,0.704326176739735,0.2893947179998974,2.1861986958641264
2026-02-07 00:00:00+00:00,0.09309180266109021,0.704326176739735,0.28410152002365163,2.146211848168367
2026-02-08 00:00:00+00:00,0.09448157562462602,0.7148411034031174,0.2883428882230165,2.178252770304805
2026-02-09 00:00:00+00:00,0.094720306331971,0.7148411034031174,0.28761431970361695,2.172748884269955
2026-02-10 00:00:00+00:00,0.094720306331971,0.7148411034031174,0.28225999745406577,2.1323002803696953
2026-02-11 00:00:00+00:00,0.094720306331971,0.7148411034031174,0.27507727999563847,2.0780392777885086
2026-02-12 00:00:00+00:00,0.09357427289453621,0.7061921469261234,0.2717490838256562,2.052896807405211
2026-02-13 00:00:00+00:00,0.0972164923140874,0.7336794751404478,0.2823264547176596,2.1328023240282796
2026-02-14 00:00:00+00:00,0.0985922127192615,0.7336794751404478,0.2863216849037138,2.1629838252069975
2026-02-15 00:00:00+00:00,0.10000268281328177,0.7336794751404478,0.2863216849037138,2.1320399614356145
2026-02-16 00:00:00+00:00,0.09990732712149113,0.7336794751404478,0.28659470160257206,2.1340729283493878
2026-02-17 00:00:00+00:00,0.09990732712149113,0.7336794751404478,0.2808238943672534,2.0911017100164884
2026-02-18 00:00:00+00:00,0.09834806809431786,0.7336794751404478,0.2764410607457952,2.0584657731735807
2026-02-19 00:00:00+00:00,0.09916419531469381,0.7397678081631059,0.27873506691059224,2.0755476537051645
2026-02-20 00:00:00+00:00,0.09916419531469381,0.7397678081631059,0.28291896458379706,2.1067022518517557
2026-02-21 00:00:00+00:00,0.09923158915110487,0.7397678081631059,0.28291896458379706,2.105270497714312
2026-02-22 00:00:00+00:00,0.09923158915110487,0.7397678081631059,0.28291896458379706,2.0953659820795254
2026-02-23 00:00:00+00:00,0.09923158915110487,0.7397678081631059,0.28291896458379706,2.0027761154898798
2026-02-24 00:00:00+00:00,0.09831874660601712,0.7329626009246196,0.280316361220356,1.9843523528338083
2026-02-25 00:00:00+00:00,0.10433966870492054,0.777848351342706,0.280316361220356,2.1058717104906406
2026-02-26 00:00:00+00:00,0.10433966870492054,0.777848351342706,0.28239668999359363,2.0902432773410076
2026-02-27 00:00:00+00:00,0.10683367764639075,0.7964410952859795,0.28239668999359363,2.040280636207083
2026-02-28 00:00:00+00:00,0.10683367764639075,0.7964410952859795,0.28239668999359363,2.0744041098161667
2026-03-01 00:00:00+00:00,0.10683367764639075,0.7964410952859795,0.28740487096784256,2.037615466167685
2026-03-02 00:00:00+00:00,0.10683367764639075,0.7964410952859795,0.2740649137781899,2.132191814147161
2026-03-03 00:00:00+00:00,0.10683367764639075,0.7964410952859795,0.2760825045800098,2.1164952022290784
2026-03-04 00:00:00+00:00,0.10683367764639075,0.7457580666702125,0.25851347460056495,2.251182359301495
2026-03-05 00:00:00+00:00,0.10946122954493677,0.7457580666702125,0.2648715592977399,2.1958150012504656
2026-03-06 00:00:00+00:00,0.10946122954493677,0.7457580666702125,0.27523318600561963,2.1099159510736807
2026-03-07 00:00:00+00:00,0.10946122954493677,0.7457580666702125,0.2786730449714728,2.083546262858288
2026-03-08 00:00:00+00:00,0.10946122954493677,0.7457580666702125,0.2840523485744241,2.043326987542814
2026-03-09 00:00:00+00:00,0.10946122954493677,0.7457580666702125,0.2734552546942529,2.1195570487394573
2026-03-10 00:00:00+00:00,0.10946122954493677,0.7457580666702125,0.2674267254347409,2.1662842974069494
2026-03-11 00:00:00+00:00,0.10946122954493677,0.7457580666702125,0.2664775585225345,2.17397300306712
2026-03-12 00:00:00+00:00,0.10894614541275167,0.7422488045489317,0.2652236135179972,2.1842029173695074
2026-03-13 00:00:00+00:00,0.10830403184020486,0.7378740923477626,0.2636604220773583,2.197076308466786
2026-03-14 00:00:00+00:00,0.10830403184020486,0.7378740923477626,0.26262319275085133,2.2057195168852526
2026-03-17 00:00:00+00:00,0.10830403184020486,0.7378740923477626,0.252667964831237,2.2893314792840425
2026-03-18 00:00:00+00:00,0.11221777517326872,0.7378740923477626,0.26179853500517186,2.2066027418401695
2026-03-19 00:00:00+00:00,0.11429104021219882,0.7378740923477626,0.26179853500517186,2.165834937342168
2026-03-20 00:00:00+00:00,0.11333386415705583,0.7378740923477626,0.25960599840288695,2.1839735887847227
2026-03-21 00:00:00+00:00,0.11333386415705583,0.7378740923477626,0.26546763084578573,2.134661744986
2026-03-22 00:00:00+00:00,0.11333386415705583,0.7378740923477626,0.26546763084578573,2.102093986911542
2026-03-23 00:00:00+00:00,0.11333386415705583,0.7378740923477626,0.26546763084578573,2.1961589941276447
2026-03-24 00:00:00+00:00,0.11333386415705583,0.7378740923477626,0.26674878200239643,2.1855602946686434
2026-03-25 00:00:00+00:00,0.11209066749164312,0.7378740923477626,0.26674878200239643,2.209534428883508
2026-03-26 00:00:00+00:00,0.11603598857681832,0.7638454803311662,0.26674878200239643,2.131764147326887
2026-03-27 00:00:00+00:00,0.12012460910819724,0.7638454803311662,0.26674878200239643,2.0566497387048757
2026-03-28 00:00:00+00:00,0.12007139271279459,0.7638454803311662,0.26674878200239643,2.055738622435593
2026-03-29 00:00:00+00:00,0.12007139271279459,0.7638454803311662,0.26674878200239643,2.044678166772091
2026-03-30 00:00:00+00:00,0.12007139271279459,0.7638454803311662,0.26674878200239643,2.069052076492865
2026-03-31 00:00:00+00:00,0.12007139271279459,0.7638454803311662,0.26674878200239643,2.1148279214369916
2026-04-01 00:00:00+00:00,0.12007139271279459,0.7638454803311662,0.26674878200239643,2.1100244172962164
2026-04-02 00:00:00+00:00,0.12221935091778653,0.7638454803311662,0.26674878200239643,2.072278171854509
2026-04-03 00:00:00+00:00,0.12210694387887518,0.7638454803311662,0.26674878200239643,2.0741840783361716
2026-04-04 00:00:00+00:00,0.12210694387887518,0.7638454803311662,0.26674878200239643,2.084751787445878
2026-04-05 00:00:00+00:00,0.1189723616460493,0.7638454803311662,0.26674878200239643,2.1382690216439766
2026-04-06 00:00:00+00:00,0.11928273377471248,0.7638454803311662,0.26674878200239643,2.132690758770818
2026-04-07 00:00:00+00:00,0.11928273377471248,0.7638454803311662,0.26674878200239643,2.227902408910848
2026-04-08 00:00:00+00:00,0.11928273377471248,0.7638454803311662,0.26674878200239643,2.2014955322763012
2026-04-09 00:00:00+00:00,0.11928273377471248,0.7638454803311662,0.26674878200239643,2.2235699580793615
2026-04-10 00:00:00+00:00,0.11734263378481569,0.7638454803311662,0.26674878200239643,2.259735695707007
2026-04-11 00:00:00+00:00,0.11734263378481569,0.7638454803311662,0.26674878200239643,2.2627107692393587
