Date,Custom,Standard,NautilusTrader
2021-07-22,1.0,1.0,1.0
2021-07-23,0.9809453513081492,1.0,0.9995159785000001
2021-07-24,0.9731293647416003,0.9935129238999999,0.9995159785000001
2021-07-25,0.9585367739284606,0.9821063238999999,0.9995159785000001
2021-07-26,0.9585367739284606,0.98157566385,0.967959418
2021-07-31,0.9585367739284606,0.98157566385,0.967959418
2021-08-01,0.9752014701350593,0.99696714235,0.9673376965
2021-08-02,0.9829030027213674,1.00396014235,0.9673376965
2021-08-03,0.9935712373804899,1.01340234235,0.9673376965
2021-08-04,1.0114545787020333,1.02757540245,0.9986395975
2021-08-05,1.0246412534668259,1.03908630245,0.9986395975
2021-08-06,1.0246412534668259,1.0384729665999999,1.0248173615
2021-08-07,1.0055230393255976,1.02007378515,1.0241749805
2021-08-08,1.0137751119328569,1.02820778515,1.0241749805
2021-08-09,0.9880208792377443,1.00348788515,1.0241749805
2021-08-10,0.9944575694533193,1.00279398965,1.0241749805
2021-08-11,0.9951237732813406,1.00279398965,1.0241749805
2021-08-12,0.9951237732813406,1.00279398965,0.996525149
2021-08-13,0.9607458646310164,0.9680539133000001,0.9958593725
2021-08-14,0.967157555294533,0.9673370255,0.9958593725
2021-08-15,0.967157555294533,0.9673370255,0.968167117
2021-08-16,0.967157555294533,0.9673370255,0.968167117
2021-08-17,0.9787320837264886,0.9673370255,0.968167117
2021-08-18,0.9788232141789968,0.9673370255,0.968167117
2021-08-19,0.9990953149040924,0.9673370255,0.968167117
2021-08-20,0.9990953149040924,0.9673370255,0.968167117
2021-08-21,1.0035103398223795,0.9673370255,0.968167117
2021-08-22,1.0035103398223795,0.9673370255,0.968167117
2021-08-23,1.0035103398223795,0.9673370255,0.968167117
2021-08-24,1.0199649788578862,0.9673370255,0.968167117
2021-08-25,1.0077179570292514,0.9673370255,0.968167117
2021-08-26,1.027521875957011,0.9673370255,0.968167117
2021-08-27,1.027521875957011,0.9673370255,0.968167117
2021-08-28,1.027521875957011,0.9673370255,0.968167117
2021-08-29,1.0262312576515182,0.9673370255,0.968167117
2021-08-30,1.0262312576515182,0.9673370255,0.968167117
2021-08-31,1.0274649035177075,0.9673370255,0.968167117
2021-09-01,1.0274649035177075,0.9673370255,0.968167117
2021-09-02,1.0274649035177075,0.9673370255,0.968167117
2021-09-03,1.020637811587909,0.9673370255,0.968167117
2021-09-04,1.0198451440787593,0.9673370255,0.968167117
2021-09-05,1.0198451440787593,0.9673370255,0.968167117
2021-09-06,1.0198451440787593,0.9673370255,0.968167117
2021-09-07,1.070539533313474,0.9673370255,0.968167117
2021-09-08,1.0622943413489176,0.9673370255,0.968167117
2021-09-09,1.0586455555338032,0.9673370255,0.968167117
2021-09-10,1.0745860083899272,0.9673370255,0.968167117
2021-09-11,1.0745860083899272,0.9673370255,0.968167117
2021-09-12,1.0837123895232443,0.9673370255,0.968167117
2021-09-13,1.0837123895232443,0.9673370255,0.968167117
2021-09-14,1.1066041715319923,0.9673370255,0.968167117
2021-09-15,1.1173800019075502,0.9673370255,0.968167117
2021-09-16,1.1136112055822693,0.9673370255,0.968167117
2021-09-17,1.1136112055822693,0.9673370255,0.968167117
2021-09-18,1.1240148521236597,0.9673370255,0.968167117
2021-09-19,1.134786086430614,0.9673370255,0.968167117
2021-09-20,1.134786086430614,0.9673370255,0.968167117
2021-09-21,1.1074830012153023,0.94368652635,0.967521718
2021-09-22,1.1416720971683383,0.97162552635,0.967521718
2021-09-23,1.1571164258586408,0.9847084263500001,0.967521718
2021-09-24,1.1335393116179784,0.984036002,0.967521718
2021-09-25,1.1317883686029,0.9819249246500001,0.967521718
2021-09-26,1.1317883686029,0.9812378220500001,0.9631319439999999
2021-09-27,1.1439138350925235,0.9908637719,0.962484694
2021-09-28,1.1439138350925235,0.99023193155,0.9721258534999999
2021-09-29,1.1501074667374345,0.99458438715,0.971510759
2021-09-30,1.1501074667374345,0.99396179165,0.9758222635
2021-10-01,1.2012444221371614,1.0365492993,0.9751653145
2021-10-02,1.2068307623206058,1.03582734035,1.017716456
2021-10-03,1.2068307623206058,1.03582734035,1.017716456
2021-10-04,1.1954376315701734,1.03582734035,1.017716456
2021-10-05,1.1707600632392292,1.03582734035,1.017716456
2021-10-06,1.1311716964024414,1.03582734035,1.017716456
2021-10-07,1.1450343750900174,1.03582734035,1.017716456
2021-10-08,1.1435023181731403,1.03582734035,1.017716456
2021-10-09,1.1341043816083698,1.03582734035,1.017716456
2021-10-10,1.136525802920633,1.03582734035,1.017716456
2021-10-11,1.110346138824726,1.03582734035,1.017716456
2021-10-12,1.1232778359850684,1.03582734035,1.017716456
2021-10-13,1.1108077859752108,1.03582734035,1.017716456
2021-10-14,1.1108077859752108,1.03582734035,1.017716456
2021-10-15,1.0731370303999463,1.03582734035,1.017716456
2021-10-16,1.0731370303999463,1.03582734035,1.017716456
2021-10-17,1.0680175400833327,1.03582734035,1.017716456
2021-10-18,1.0680175400833327,1.03582734035,1.017716456
2021-10-19,1.0503638267658006,1.03582734035,1.017716456
2021-10-20,1.0375211473245072,1.03582734035,1.017716456
2021-10-21,1.0644038705706027,1.03582734035,1.017716456
2021-10-22,1.0761441693583755,1.03582734035,1.017716456
2021-10-23,1.0808552337946595,1.03582734035,1.017716456
2021-10-24,1.0808552337946595,1.03582734035,1.017716456
2021-10-25,1.0986184001414698,1.03582734035,1.017716456
2021-10-26,1.0769385867220949,1.03582734035,1.017716456
2021-10-27,1.0616080324007149,1.03582734035,1.017716456
2021-10-28,1.079365896057224,1.03582734035,1.017716456
2021-10-29,1.0928759548778002,1.03582734035,1.017716456
2021-10-30,1.089615939585445,1.03582734035,1.017716456
2021-10-31,1.089615939585445,1.03582734035,1.017716456
2021-11-01,1.0863730731684662,1.03582734035,1.017716456
2021-11-02,1.0863730731684662,1.03582734035,1.017716456
2021-11-03,1.0863730731684662,1.03582734035,1.017716456
2021-11-04,1.0863730731684662,1.03582734035,1.017716456
2021-11-05,1.0829841268363385,1.03582734035,1.017716456
2021-11-06,1.0870206862842728,1.03582734035,1.017716456
2021-11-07,1.1013754709883075,1.03582734035,1.017716456
2021-11-08,1.1013754709883075,1.03582734035,1.017716456
2021-11-09,1.1013754709883075,1.03582734035,1.017716456
2021-11-10,1.085918530281562,1.03582734035,1.017716456
2021-11-11,1.0852498938452178,1.03582734035,1.017716456
2021-11-12,1.080163583760506,1.03582734035,1.017716456
2021-11-13,1.082216188332833,1.03582734035,1.017716456
2021-11-14,1.0908438418141457,1.03582734035,1.017716456
2021-11-15,1.0765153717543863,1.03582734035,1.017716456
2021-11-16,1.0495104066494108,1.03582734035,1.017716456
2021-11-17,1.0515606491572451,1.03582734035,1.017716456
2021-11-18,1.0245489773678782,1.03582734035,1.017716456
2021-11-19,1.0338512316893738,1.03582734035,1.017716456
2021-11-20,1.0470446698481364,1.03582734035,1.017716456
2021-11-21,1.0387213573985474,1.03582734035,1.017716456
2021-11-22,1.0196528612772742,1.03582734035,1.017716456
2021-11-23,1.0303020753565606,1.03582734035,1.017716456
2021-11-24,1.027007256783052,1.03582734035,1.017716456
2021-11-25,1.0417464206751779,1.03582734035,1.017716456
2021-11-26,1.000162682281766,1.03582734035,1.017716456
2021-11-27,1.0083939281376375,1.03582734035,1.017716456
2021-11-28,1.0297565906102162,1.03582734035,1.017716456
2021-11-29,1.0297565906102162,1.03582734035,1.017716456
2021-11-30,1.0297565906102162,1.03582734035,1.017716456
2021-12-01,1.031662123777857,1.03582734035,1.017716456
2021-12-02,1.0260164220441066,1.03582734035,1.017716456
2021-12-03,1.0023110303767648,1.03582734035,1.017716456
2021-12-04,1.0023110303767648,1.03582734035,1.017716456
2021-12-05,1.0023110303767648,1.03582734035,1.017716456
2021-12-06,0.9927367784695593,1.03582734035,1.017716456
2021-12-07,0.9913859008287621,1.03582734035,1.017716456
2021-12-08,0.9924584033646239,1.03582734035,1.017716456
2021-12-09,1.0182679600413311,1.03582734035,1.017716456
2021-12-10,1.0221563003483105,1.03582734035,1.017716456
2021-12-11,1.0002508832262837,1.03582734035,1.017716456
2021-12-12,1.0064113979747615,1.03582734035,1.017716456
2021-12-13,1.0064113979747615,1.03582734035,1.017716456
2021-12-14,1.0223624280981127,1.03582734035,1.017716456
2021-12-15,1.0275647430606958,1.03582734035,1.017716456
2021-12-16,1.0157754931218483,1.03582734035,1.017716456
2021-12-17,1.0301644959609453,1.03582734035,1.017716456
2021-12-18,1.0371058454288227,1.0420420603999998,1.017716456
2021-12-19,1.0371058454288227,1.04133982055,1.017716456
2021-12-20,1.034810689707239,1.0383448908,1.017716456
2021-12-21,1.0544409775341368,1.0376546385,1.017716456
2021-12-22,1.0514754563347357,1.0376546385,1.017716456
2021-12-23,1.0514754563347357,1.0376546385,1.017716456
2021-12-24,1.051388212577777,1.0376546385,1.017716456
2021-12-25,1.0476177266945998,1.0376546385,1.017716456
2021-12-26,1.0510043740914243,1.0376546385,1.017716456
2021-12-27,1.0504639318741358,1.0376546385,1.017716456
2021-12-28,1.020766213274099,1.0376546385,1.017716456
2021-12-29,1.020766213274099,1.0376546385,1.017716456
2021-12-30,1.0272798200426596,1.04354299055,1.017716456
2021-12-31,1.0272798200426596,1.04283656525,1.017716456
2022-01-01,1.042223225728972,1.0570812067,1.017716456
2022-01-02,1.0463951794738011,1.05636564145,1.017716456
2022-01-03,1.0463951794738011,1.05636564145,1.017716456
2022-01-04,1.040186635047919,1.04954515445,1.017716456
2022-01-05,1.0155563065451616,1.0254278544500002,1.017716456
2022-01-06,1.0119602264416658,1.0220110544500003,1.017716456
2022-01-07,0.9958278858314205,1.0067495544500003,1.017716456
2022-01-08,0.9972750092707321,1.0080914544500001,1.017716456
2022-01-09,0.9990315417415053,1.00972315445,1.017716456
2022-01-10,0.9984979885140192,1.0092264544500003,1.017716456
2022-01-11,0.9984979885140192,1.0085994312000002,1.017716456
2022-01-12,1.0109151304626893,1.0197592208500001,1.0170759455
2022-01-13,0.9969569898659822,1.00629522085,1.0170759455
2022-01-14,0.9969569898659822,1.00570114005,1.014773931
2022-01-15,0.9972499802067465,1.0053366040500002,1.0141282950000001
2022-01-16,0.9971473505760022,1.0052381040500002,1.0141282950000001
2022-01-17,0.9879322385624469,0.9963949040500002,1.0141282950000001
2022-01-18,0.9896318262309267,0.99800730405,1.0141282950000001
2022-01-19,0.9824824028300874,0.99121040405,1.0141282950000001
2022-01-20,0.9719096869204554,0.9812484040500002,1.0141282950000001
2022-01-21,0.9263501587504844,0.9388913040500002,1.0141282950000001
2022-01-22,0.9105317407389502,0.9250688040500001,1.0141282950000001
2022-01-23,0.9244019970453339,0.9369316040500002,1.0141282950000001
2022-01-24,0.9292047782180091,0.9411146040500002,1.0141282950000001
2022-01-25,0.9324673501578652,0.9439741040500002,1.0141282950000001
2022-01-26,0.9307992138134344,0.9425058040500002,1.0141282950000001
2022-01-27,0.9347110828581174,0.9459415040500002,1.0141282950000001
2022-01-28,0.9411137820316923,0.9515936040500002,1.0141282950000001
2022-01-29,0.936015528243614,0.9459249174500001,0.9595354090000001
2022-01-30,0.9329241016212174,0.9419806174500002,0.9538529090000001
2022-01-31,0.9392322016374435,0.9476709174500001,0.9538529090000001
2022-02-01,0.9418872726246019,0.9500856174500001,0.9538529090000001
2022-02-02,0.9222896523449147,0.93220081745,0.9538529090000001
2022-02-03,0.9267651859920619,0.93617911745,0.9538529090000001
2022-02-04,0.974409967918127,0.97878051745,0.9538529090000001
2022-02-05,0.974409967918127,0.9781572674500001,0.9872296589999999
2022-02-06,0.9639534520499539,0.9676699472500001,0.9866090385
2022-02-07,0.9639534520499539,0.9670346271500002,0.9761066174999999
2022-02-08,0.9658494915209799,0.9670346271500002,0.9754491675
2022-02-09,0.9691719106345253,0.9670346271500002,0.9754491675
2022-02-10,0.9604530169992684,0.9670346271500002,0.9754491675
2022-02-11,0.9604530169992684,0.9670346271500002,0.971210098
2022-02-12,0.9604530169992684,0.9670346271500002,0.971210098
2022-02-13,0.958827229043919,0.9648141289500002,0.9705770995
2022-02-14,0.9637946712893651,0.9696542289500002,0.9705770995
2022-02-15,0.9842378618365497,0.9896988289500002,0.9705770995
2022-02-16,0.9775847475574609,0.9830098289500002,0.9705770995
2022-02-17,0.9775847475574609,0.9823529169500003,0.986527189
2022-02-18,0.9718820873753296,0.9764955399500003,0.9859198135
2022-02-19,0.9709431989130669,0.9744385359500002,0.9794718094999999
2022-02-20,0.9709431989130669,0.9738377469500001,0.9780130204999999
2022-02-21,0.955208812845678,0.9594472284500001,0.977437499
2022-02-22,0.9694523392353956,0.9717032284500001,0.977437499
2022-02-23,0.9806886196322333,0.9804008654499999,0.974730139
2022-02-24,0.9935778108080953,0.9901550284499999,0.9834553049999999
2022-02-25,0.9831886418842741,0.98012454245,0.993178852
2022-02-26,0.9843859856610693,0.9811855424499999,0.993178852
2022-02-27,0.9843859856610693,0.9805990529499999,0.9847503625
2022-02-28,1.048858930068609,1.03486297145,0.9841852825
2022-03-01,1.0624109749095685,1.04725397145,0.9841852825
2022-03-02,1.0624109749095685,1.0465830674499998,1.050740371
2022-03-03,1.0467652044427809,1.03156178045,1.0500820855
2022-03-04,1.0099045795766903,0.9983437804499999,1.0500820855
2022-03-05,1.0127780599203926,1.0008177804499998,1.0500820855
2022-03-06,1.0015044219191405,0.9910777804499998,1.0500820855
2022-03-07,0.9963722499848117,0.98670478045,1.0500820855
2022-03-08,1.0051839864566914,0.99416578045,1.0500820855
2022-03-09,1.0428991271728758,1.02644178045,1.0500820855
2022-03-10,1.071214631141126,1.05052659545,1.0293419605
2022-03-11,1.0627228646968676,1.04240438245,1.0534627445
2022-03-12,1.0637061708992657,1.04320038245,1.0534627445
2022-03-13,1.0766487071354371,1.05252760145,1.0461529665
2022-03-14,1.0766487071354371,1.05196845645,1.056075811
2022-03-15,1.0813257748134695,1.05517968245,1.055481004
2022-03-16,1.0585912521572476,1.0368316824500001,1.055481004
2022-03-17,1.0585912521572476,1.03621409395,1.040344417
2022-03-18,1.0486511620658754,1.02706562395,1.0397309455
2022-03-19,1.0535869292386326,1.0301780759499999,1.0299444005
2022-03-20,1.064006871553202,1.0381844299499998,1.0330457545
2022-03-21,1.0672444582021805,1.04097442995,1.0330457545
2022-03-22,1.0512154787363654,1.0272964299499998,1.0330457545
2022-03-23,1.0454283054134692,1.02211542995,1.0330457545
2022-03-24,1.0332962801396497,1.01106042995,1.0330457545
2022-03-25,1.0299421453439064,1.00788842995,1.0330457545
2022-03-26,1.032020372541763,1.0085457119499999,1.0106930365
2022-03-27,1.0563592326533917,1.03186171195,1.0106930365
2022-03-30,1.0539997247306119,1.0371274344499999,1.0352927245
2022-03-31,1.0384038296937932,1.0371274344499999,1.0352927245
2022-04-01,1.0462099995636995,1.0440478459499998,1.0352927245
2022-04-02,1.0414111034774118,1.0393318459499998,1.0352927245
2022-04-03,1.047528637006397,1.0453098459499999,1.0352927245
2022-04-04,1.045613309999515,1.0420310769499999,1.0345968385
2022-04-05,1.0344665646722884,1.02959864995,1.032013125
2022-04-06,1.010742419918555,1.00642164995,1.032013125
2022-04-07,1.0134550035208314,1.00899564995,1.032013125
2022-04-08,1.0009772599726194,0.99711664995,1.032013125
2022-04-09,1.0062945338931142,1.00210164995,1.032013125
2022-04-10,1.0062945338931142,1.00146173295,1.032013125
2022-04-11,1.0346075821094507,1.0271766284500001,1.031381019
2022-04-12,1.0411494344284393,1.03154246045,1.056543851
2022-04-13,1.0411494344284393,1.03094154995,1.0614939405000001
2022-04-14,1.054977196399169,1.0424636029500003,1.0608769935
2022-04-15,1.047679345080027,1.0363276029500001,1.0608769935
2022-04-16,1.047679345080027,1.03571865895,1.066272051
2022-04-17,1.047679345080027,1.03571865895,1.066272051
2022-04-18,1.047679345080027,1.03571865895,1.066272051
2022-04-19,1.0556240977928248,1.0419788734500002,1.065660267
2022-04-20,1.0572872194590162,1.0421866864500002,1.07128908
2022-04-21,1.0572872194590162,1.0415837964500003,1.0721211645
2022-04-22,1.0481644454196986,1.0332220509500003,1.0715144175
2022-04-23,1.0450840875671468,1.0306310509500003,1.0715144175
2022-04-24,1.0453024370692694,1.0308140509500003,1.0715144175
2022-04-25,1.0569638572895779,1.0405900509500003,1.0715144175
2022-04-26,1.0296894504220488,1.0174170509500002,1.0715144175
2022-04-27,1.0432556225141552,1.0285700509500002,1.0715144175
2022-04-28,1.0432556225141552,1.0279819159500003,1.0585182825000001
2022-04-29,1.0569653129303493,1.0389889284500002,1.057922295
2022-04-30,1.0569653129303493,1.0384103454500002,1.068946712
2022-05-01,1.0674100618121958,1.0461071294500002,1.0683824945
2022-05-02,1.066346691972649,1.0440969234500002,1.0754892795
2022-05-03,1.076469285273072,1.05222392345,1.0754892795
2022-05-04,1.076469285273072,1.05165722845,1.082199586
2022-05-05,1.1149118849114583,1.0825559669500002,1.081604326
2022-05-06,1.1075046101336565,1.07608595595,1.112001285
2022-05-07,1.1001858179132138,1.07079995595,1.112001285
2022-05-08,1.120212955110417,1.08408295495,1.100257284
2022-05-09,1.0613277129328875,1.04330599195,1.113583324
2022-05-10,1.0763516480639441,1.05276099195,1.113583324
2022-05-11,1.0462391048841175,1.03348699195,1.113583324
2022-05-12,1.0453646810637967,1.03294699195,1.113583324
2022-05-13,1.0494754370897712,1.03548299195,1.113583324
2022-05-14,1.0624700640854334,1.04353799195,1.113583324
2022-05-15,1.0822526959111878,1.05598399195,1.113583324
2022-05-16,1.0595892166530574,1.0414069919500002,1.113583324
2022-05-17,1.0686939278737735,1.0471099919500002,1.113583324
2022-05-18,1.0412583704482055,1.02974599195,1.113583324
2022-05-19,1.0676950775438778,1.04593899195,1.113583324
2022-05-20,1.049772742387233,1.03462899195,1.113583324
2022-05-21,1.0536326637812117,1.03701399195,1.113583324
2022-05-22,1.0674342154951837,1.0455799919500002,1.113583324
2022-05-23,1.0486178852736519,1.03371699195,1.113583324
2022-05-24,1.0574626492097263,1.03917099195,1.113583324
2022-05-25,1.0557546189549902,1.0381069919500001,1.113583324
2022-05-26,1.05024238507097,1.03467999195,1.113583324
2022-05-27,1.041001950083324,1.02897199195,1.113583324
2022-05-28,1.0474763892499384,1.03292799195,1.113583324
2022-05-29,1.0545260308209377,1.03726799195,1.113583324
2022-05-30,1.0911593602947025,1.06000499195,1.113583324
2022-05-31,1.0911593602947025,1.05952909445,1.0900524265
2022-06-01,1.0602614571754254,1.03904212595,1.0895754595
2022-06-02,1.0705125478324289,1.04544412595,1.0895754595
2022-06-03,1.0585741756920641,1.03790112595,1.0895754595
2022-06-04,1.0612317736131691,1.03955712595,1.0895754595
2022-06-05,1.0622157321950276,1.04017212595,1.0895754595
2022-06-06,1.0854092955790775,1.05468512595,1.0895754595
2022-06-07,1.0816231410349313,1.05225412595,1.0895754595
2022-06-08,1.067145468210952,1.0429981259499999,1.0895754595
2022-06-09,1.0655676798959421,1.04200612595,1.0895754595
2022-06-10,1.0655676798959421,1.04155572495,1.07207906
2022-06-11,1.0546674674862588,1.03450955945,1.0716428945
2022-06-12,1.023736364740231,1.01598955945,1.0716428945
2022-06-13,0.9527526547917047,0.9750575594499999,1.0716428945
2022-06-14,0.9460978228180444,0.9715695594499999,1.0716428945
2022-06-15,0.9546578512149064,0.97601755945,1.0716428945
2022-06-16,0.9131573610567086,0.95421655945,1.0716428945
2022-06-17,0.9145662393242678,0.95530874845,1.0716428945
2022-06-18,0.8844378998070583,0.92535674845,1.0716428945
2022-06-19,0.9181191434242142,0.95744674845,1.0716428945
2022-06-20,0.9182376798285378,0.95756474845,1.0716428945
2022-06-21,0.9211102275894609,0.9604247484499999,1.0716428945
2022-06-22,0.9063877882879124,0.9457107484499999,1.0716428945
2022-06-23,0.929238266613086,0.9680947484499999,1.0716428945
2022-06-24,0.9319061828559287,0.97078674845,1.0716428945
2022-06-25,0.9368579988634503,0.97580074845,1.0716428945
2022-06-26,0.9279717185135549,0.9667447484499999,1.0716428945
2022-06-27,0.9220323129539574,0.96076274845,1.0716428945
2022-06-28,0.9220323129539574,0.96014084845,0.9878549445
2022-06-29,0.9187835963366476,0.95666081795,0.9872468864999999
2022-06-30,0.914951276530944,0.9529328179500002,0.9872468864999999
2022-07-01,0.9014877364653451,0.9399028179500002,0.9872468864999999
2022-07-02,0.9008330913391603,0.9392808179500001,0.9872468864999999
2022-07-03,0.9022025370470882,0.94058081795,0.9872468864999999
2022-07-04,0.9215642888502501,0.95899481795,0.9872468864999999
2022-07-05,0.9204038247862445,0.9578628179500002,0.9872468864999999
2022-07-06,0.9282911425400956,0.96554481795,0.9872468864999999
2022-07-07,0.949819813865122,0.9867308179500001,0.9872468864999999
2022-07-08,0.9493155349287168,0.98622081795,0.9872468864999999
2022-07-09,0.9491592058403537,0.9860628179500002,0.9872468864999999
2022-07-10,0.9347859094141922,0.9715388179500001,0.9872468864999999
2022-07-11,0.9166415920004292,0.9535488179500001,0.9872468864999999
2022-07-12,0.9035894991916069,0.94092081795,0.9872468864999999
2022-07-13,0.9224694408361643,0.95886481795,0.9872468864999999
2022-07-14,0.9298293145530547,0.96603481795,0.9872468864999999
2022-07-15,0.9348007154420219,0.97092481795,0.9872468864999999
2022-07-16,0.9348007154420219,0.97061247145,0.9977121935
2022-07-17,0.927073997417601,0.96251071745,0.9970766885
2022-07-18,0.927073997417601,0.96219880145,0.9886708565
2022-07-19,0.9449714342364453,0.97148644895,0.9883344980000001
2022-07-20,0.9419820694181226,0.9698424489499999,0.9883344980000001
2022-07-21,0.9405764893003292,0.96907244895,0.9883344980000001
2022-07-22,0.9319922480406386,0.9643784489499999,0.9883344980000001
2022-07-23,0.9276475597888058,0.96202944895,0.9883344980000001
2022-07-24,0.9300733117343503,0.9633334489499998,0.9883344980000001
2022-07-25,0.9065122182122309,0.95062744895,0.9883344980000001
2022-07-26,0.9053822698838959,0.94912794895,0.9883344980000001
2022-07-27,0.9379917599579661,0.9831299489499999,0.9883344980000001
2022-07-28,0.9544608216399373,0.9917368324499999,0.9883344980000001
2022-07-29,0.9532877768689612,0.9910858324499999,0.9883344980000001
2022-07-30,0.950739644668842,0.9896738324500001,0.9883344980000001
2022-07-31,0.9445873715290355,0.9862758324499998,0.9883344980000001
2022-08-01,0.9439942186310827,0.9859508324499999,0.9883344980000001
2022-08-02,0.9388343885091666,0.9831258324499998,0.9883344980000001
2022-08-03,0.9388343885091666,0.98278120595,0.9935018715
2022-08-04,0.9352658172988475,0.98051318345,0.993159849
2022-08-05,0.9480954260182927,0.98740518345,0.993159849
2022-08-06,0.9415982045402288,0.9838571834500001,0.993159849
2022-08-07,0.9457442933161971,0.98610218345,0.993159849
2022-08-08,0.9574384277487411,0.9924681834500001,0.993159849
2022-08-09,0.9454167522740465,0.98582618345,0.993159849
2022-08-10,0.9601377934532767,0.99383318345,0.993159849
2022-08-11,0.9597100789744066,0.99359618345,0.993159849
2022-08-12,0.9682022203021435,0.99829918345,0.993159849
2022-08-13,0.9689436319459832,0.99871418345,0.993159849
2022-08-14,0.9665358492623989,0.9973651834499999,0.993159849
2022-08-15,0.9627958793721824,0.9952761834499999,0.993159849
2022-08-16,0.9584390493316274,0.99285418345,0.993159849
2022-08-17,0.9584390493316274,0.99249653845,1.003217204
2022-08-18,0.9557033630882441,0.9906665419499999,1.0028672075
2022-08-19,0.9119233929823402,0.96706454195,1.0028672075
2022-08-20,0.9178921956215105,0.97280916695,1.0028672075
2022-08-21,0.9252782392312384,0.98036516695,1.0028672075
2022-08-22,0.922981995479482,0.9779931669499998,1.0028672075
2022-08-23,0.9255299384828537,0.98061716695,1.0028672075
2022-08-24,0.9223692388179462,0.97735116695,1.0028672075
2022-08-25,0.9261282728033231,0.9812191669499999,1.0028672075
2022-08-26,0.9006063759039822,0.9548271669499999,1.0028672075
2022-08-27,0.8965033003922928,0.95073116695,1.0028672075
2022-08-28,0.8869051513035489,0.9412031669499998,1.0028672075
2022-08-29,0.9017689511535063,0.9557631669499999,1.0028672075
2022-08-30,0.8923142869708123,0.94631516695,1.0028672075
2022-08-31,0.8971482511838005,0.9510831669499998,1.0028672075
2022-09-01,0.8987799181626019,0.9527031669499999,1.0028672075
2022-09-02,0.8951318699670034,0.9490731669499999,1.0028672075
2022-09-03,0.8975619368533513,0.95058182195,0.9680488625
2022-09-04,0.8975619368533513,0.95028451145,0.9698602414999999
2022-09-05,0.8933638537172488,0.9458286209499999,0.9692604605
2022-09-06,0.8729755484506592,0.92576062095,0.9692604605
2022-09-07,0.862402372033237,0.91508317895,0.9439095705
2022-09-08,0.862402372033237,0.91479387395,0.9332209604999999
2022-09-09,0.862402372033237,0.91479387395,0.9332209604999999
2022-09-10,0.8676277985451235,0.9173485939499999,0.9329006805
2022-09-11,0.8676277985451235,0.91702400145,0.935451088
2022-09-12,0.8777499174223451,0.9223536969499999,0.9351237835
2022-09-13,0.8385176015273722,0.9001186969499999,0.9351237835
2022-09-14,0.8395375466818648,0.90090525795,0.9351237835
2022-09-15,0.8297045301275392,0.8903812579499999,0.9351237835
2022-09-16,0.8316329143385051,0.89241525795,0.9351237835
2022-09-17,0.8374849125269348,0.8986052579499999,0.9351237835
2022-09-18,0.8244083242810194,0.88465525795,0.9351237835
2022-09-19,0.8267809225375822,0.8871372579499999,0.9351237835
2022-09-20,0.8141725621563507,0.8739012579499998,0.9351237835
2022-09-21,0.8060301029215854,0.86551525795,0.9351237835
2022-09-22,0.8246106315171894,0.88441525795,0.9351237835
2022-09-23,0.8224713425718946,0.8821792579499999,0.9351237835
2022-09-24,0.8153745854569053,0.87478525795,0.9351237835
2022-09-25,0.8132150996490365,0.8725592579499999,0.9351237835
2022-09-26,0.8132150996490365,0.87199526695,0.904635788
2022-09-27,0.8104309309273829,0.8687830224499999,0.904059299
2022-09-28,0.816879496454513,0.8755270224499999,0.904059299
2022-09-29,0.8201979786493817,0.8790310224499999,0.904059299
2022-09-30,0.8169787565562378,0.87561502245,0.904059299
2022-10-01,0.8149390137497603,0.8734610224499999,0.904059299
2022-10-02,0.8149390137497603,0.87317146245,0.905234179
2022-10-03,0.8259622132034387,0.8843397229499999,0.904662697
2022-10-04,0.8124943398921329,0.86952706595,0.914937377
2022-10-05,0.8092036838703891,0.8670900789499999,0.8994973970000001
2022-10-06,0.8056616607975668,0.8651300789499998,0.8994973970000001
2022-10-07,0.7977925904667489,0.86079907895,0.8994973970000001
2022-10-08,0.7956831557297777,0.85965207895,0.8994973970000001
2022-10-09,0.7952440297495309,0.8588338899499999,0.879797025
2022-10-10,0.7896081520914501,0.8551909899499998,0.8781552250000001
2022-10-11,0.7896081520914501,0.8549051284499998,0.8714615050000001
2022-10-12,0.7878739562811626,0.8527593034499997,0.8708898549999999
2022-10-13,0.7878739562811626,0.8524700819499997,0.8684554150000001
2022-10-14,0.7878739562811626,0.8524700819499997,0.8684554150000001
2022-10-15,0.7898016463874014,0.8542666129499997,0.8678804769999999
2022-10-16,0.7933724611067899,0.8575248009499997,0.8688208530000001
2022-10-17,0.7933724611067899,0.8572340239499997,0.8720732959999999
2022-10-18,0.7893584201680613,0.8547429134499996,0.871487078
2022-10-19,0.7856042397091156,0.8527009134499997,0.871487078
2022-10-20,0.7840878275435605,0.8507751644499997,0.871487078
2022-10-21,0.7840878275435605,0.8502061204499998,0.860798037
2022-10-22,0.7849021760540662,0.8503598554499997,0.86022351
2022-10-23,0.7916295234502463,0.8540158554499997,0.86022351
2022-10-24,0.7916295234502463,0.8537214464499996,0.867832689
2022-10-25,0.8054635035425726,0.8609336749499995,0.867253146
2022-10-26,0.7930012412757155,0.8534316259499996,0.8813540725000001
2022-10-27,0.7848734589383458,0.8480788739499994,0.8738313235
2022-10-28,0.7900497817158997,0.8510518739499994,0.8738313235
2022-10-29,0.7900497817158997,0.8507421334499995,0.8717675814999999
2022-10-30,0.7900497817158997,0.8507421334499995,0.8717675814999999
2022-10-31,0.7877458083715992,0.8490979009499995,0.8714583475
2022-11-01,0.7877458083715992,0.8487916694499995,0.8698151175000001
2022-11-02,0.7877458083715992,0.8487916694499995,0.8698151175000001
2022-11-03,0.7866967896189353,0.8478945664499994,0.8695130160000001
2022-11-04,0.8031341284676617,0.8566655724499994,0.8683110249999999
2022-11-05,0.8057381515116464,0.8581885724499995,0.8683110249999999
2022-11-06,0.7990978766689522,0.8542895724499994,0.8683110249999999
2022-11-07,0.7990978766689522,0.8539760724499995,0.875000525
2022-11-08,0.7633701797708735,0.8332223949499994,0.8746918459999999
2022-11-09,0.7633701797708735,0.8329433864499994,0.8539678359999999
2022-11-10,0.7997196551339336,0.8663648114499994,0.853490686
2022-11-11,0.7888812894530148,0.8557708114499994,0.853490686
2022-11-12,0.7836494585978993,0.8507428114499994,0.853490686
2022-11-13,0.7734585046493156,0.8410288114499993,0.853490686
2022-11-14,0.7795149218793099,0.8467088114499993,0.853490686
2022-11-15,0.7854953559284521,0.8523708114499995,0.853490686
2022-11-16,0.7805202837928975,0.8476168114499993,0.853490686
2022-11-17,0.7811847568462869,0.8482468114499994,0.853490686
2022-11-18,0.7811847568462869,0.8479965799499994,0.868532223
2022-11-19,0.7811847568462869,0.8479965799499994,0.868532223
2022-11-20,0.7723337256302536,0.8393381849499995,0.868031436
2022-11-21,0.761663269268259,0.8293461849499995,0.868031436
2022-11-22,0.7713896507870577,0.8382981849499994,0.868031436
2022-11-23,0.7713896507870577,0.8380528774499995,0.858098818
2022-11-24,0.7714607667420404,0.8378719404499996,0.857600944
2022-11-25,0.7714607667420404,0.8376210529499994,0.8571711719999999
2022-11-26,0.7714607667420404,0.8376210529499994,0.8571711719999999
2022-11-27,0.7714607667420404,0.8376210529499994,0.8571711719999999
2022-11-28,0.7760711826903005,0.8417347154499994,0.8566784940000001
2022-11-29,0.7711423440487768,0.8371607154499996,0.8566784940000001
2022-11-30,0.7559362477998852,0.8227587154499995,0.8566784940000001
2022-12-01,0.7595613995633371,0.8264147154499994,0.8566784940000001
2022-12-02,0.7572955384600759,0.8241647154499995,0.8566784940000001
2022-12-03,0.7532359857506875,0.8195822254499994,0.842445514
2022-12-04,0.7532359857506875,0.8193290329499994,0.837869129
2022-12-05,0.7560349339383303,0.8218965404499995,0.837356144
2022-12-06,0.7536214873576736,0.8194905404499994,0.837356144
2022-12-07,0.748645324491319,0.8139621794499993,0.8367494280000001
2022-12-08,0.74087770661301,0.8056973394499992,0.830727748
2022-12-09,0.7390573576939968,0.8033008594499994,0.821934788
2022-12-10,0.7390573576939968,0.8030440294499993,0.819541128
2022-12-11,0.7382278607823093,0.8019312279499995,0.819027528
2022-12-12,0.7406147282223082,0.8043852279499993,0.819027528
2022-12-13,0.7294325223010472,0.7923272279499993,0.819595528
2022-12-14,0.7294325223010472,0.7920605714499994,0.807520215
2022-12-15,0.7210973036411166,0.7827495114499994,0.8069860980000001
2022-12-16,0.7210973036411166,0.7824912329499994,0.7974235439999999
2022-12-17,0.7210973036411166,0.7824912329499994,0.7974235439999999
2022-12-18,0.7203677344762626,0.7814837114499995,0.7969205039999999
2022-12-19,0.7145336354952007,0.7754617114499994,0.7969205039999999
2022-12-20,0.7234972723293472,0.7846217114499994,0.7969205039999999
2022-12-21,0.7221939901378496,0.7832697114499995,0.7969205039999999
2022-12-22,0.7221147701854248,0.7831877114499994,0.7969205039999999
2022-12-23,0.7213591810336653,0.7824057114499995,0.7969205039999999
2022-12-24,0.7213591810336653,0.7821520669499994,0.796585212
2022-12-25,0.7212723808065801,0.7818076319499995,0.7960803449999999
2022-12-26,0.7212723808065801,0.7815572644499995,0.795485613
2022-12-27,0.7171521098257531,0.7770115724499995,0.794978226
2022-12-28,0.7140753244747621,0.7738275724499996,0.794978226
2022-12-29,0.715849179284971,0.7756535724499994,0.794978226
2022-12-30,0.7152855066511198,0.7750715724499995,0.794978226
2022-12-31,0.7140523746365451,0.7737995724499994,0.794978226
2023-01-01,0.7154649268470372,0.7752535724499995,0.794978226
2023-01-02,0.716544565889765,0.7763675724499995,0.794978226
2023-01-03,0.7165213489171512,0.7758395954499996,0.789040266
2023-01-04,0.7165213489171512,0.7755875859499997,0.78851625
2023-01-05,0.7168716943793164,0.7757029529499996,0.788010987
2023-01-06,0.7168716943793164,0.7754505959499995,0.787872273
2023-01-07,0.7170106787580294,0.7753444374499995,0.787363959
2023-01-08,0.7170106787580294,0.7750903899499996,0.787001864
2023-01-09,0.717858545654667,0.7757355209499996,0.786488123
2023-01-10,0.717858545654667,0.7754759769499995,0.7868730319999999
2023-01-11,0.717858545654667,0.7754759769499995,0.7868730319999999
2023-01-12,0.717858545654667,0.7754759769499995,0.7868730319999999
2023-01-13,0.7364848371150421,0.7860544054499995,0.7865904619999999
2023-01-15,0.7205411945914454,0.7966125214499995,0.796854736
2023-01-16,0.7205411945914454,0.7962992809499994,0.7869564955
2023-01-17,0.7196628051474457,0.7954084579499993,0.7866386710000001
2023-01-18,0.7196628051474457,0.7950904959499994,0.7857477075
2023-01-19,0.7257435730515772,0.7986622944499994,0.7854375075000001
2023-01-20,0.7257435730515772,0.7983462699499994,0.789004483
2023-01-21,0.7240026416479346,0.7967973549499995,0.7886645664999999
2023-01-22,0.7240026416479346,0.7964566279499994,0.787114838
2023-01-23,0.7269945264577361,0.7982000574499993,0.786774269
2023-01-24,0.7229153729912021,0.7953430574499993,0.786774269
2023-01-25,0.7229153729912021,0.7950046449499993,0.785662858
2023-01-26,0.7237434437949782,0.7952457359499994,0.785316949
2023-01-27,0.7246793555559928,0.7952166789499994,0.785213892
2023-01-28,0.7239428327759074,0.7946956789499993,0.785213892
2023-01-29,0.7239428327759074,0.7943514389499993,0.7850086534999999
2023-01-30,0.7113127210048209,0.7847923359499992,0.784652549
2023-01-31,0.7155137548381604,0.7877873359499993,0.784652549
2023-02-01,0.7155137548381604,0.7874415434499993,0.778096758
2023-02-02,0.7122993703529298,0.7847155919499994,0.777740808
2023-02-03,0.7132326049886085,0.7846928019499995,0.7746670149999999
2023-02-04,0.7132326049886085,0.7843414314499993,0.7749996445
2023-02-05,0.7078188188729467,0.7800575924499994,0.7746498055
2023-02-06,0.7054364454213427,0.7783425924499994,0.7746498055
2023-02-07,0.7120817331775493,0.7831065924499993,0.7746498055
2023-02-08,0.7082448936969369,0.7803245924499993,0.7746498055
2023-02-09,0.6921052254628354,0.7686995924499993,0.7746498055
2023-02-10,0.6896071757305812,0.7669515924499993,0.7746498055
2023-02-11,0.6929474574975146,0.7692785924499993,0.7746498055
2023-02-12,0.6940919419785792,0.7694230564499993,0.7592812665
2023-02-13,0.6941622403434785,0.7694720564499992,0.7592812665
2023-02-14,0.6941622403434785,0.7691465649499993,0.7598057735000001
2023-02-15,0.6639602979305246,0.7473617539499994,0.7594729625
2023-02-16,0.6540633530886498,0.7385697729499994,0.7372909845000001
2023-02-17,0.6540633530886498,0.7382168739499992,0.7288780855
2023-02-18,0.654726689312741,0.7384041544499993,0.728509363
2023-02-19,0.6591633928257951,0.7413730504499992,0.7283242560000001
2023-02-20,0.6520246450507436,0.7355330504499993,0.7283242560000001
2023-02-21,0.656824326667004,0.7395980504499993,0.7283242560000001
2023-02-22,0.656824326667004,0.7392324009499993,0.7298926050000001
2023-02-23,0.656824326667004,0.7392324009499993,0.7298926050000001
2023-02-24,0.656824326667004,0.7392324009499993,0.7298926050000001
2023-02-25,0.656449372584184,0.7385917684499992,0.7295449709999999
2023-02-26,0.656449372584184,0.7382445754499992,0.7289037780000001
2023-02-27,0.6556301107861442,0.7372393974499992,0.7285505985
2023-02-28,0.6600329964705037,0.7400389974499991,0.7271931985
2023-03-01,0.6663278169036901,0.7442451064499992,0.7300033104999999
2023-03-02,0.6663278169036901,0.7438908094499992,0.7345510135
2023-03-03,0.6805716956810796,0.7546819529499993,0.7341991569999999
2023-03-04,0.6804743745499904,0.7539406689499991,0.744671873
2023-03-05,0.6816218679044599,0.7547776689499992,0.744671873
2023-03-06,0.6819269641802043,0.7543260899499992,0.744765291
2023-03-07,0.6790497122987094,0.751554176949999,0.744316378
2023-03-08,0.6722777621749089,0.7466371769499991,0.744316378
2023-03-09,0.6534935305847276,0.7331661769499991,0.744316378
2023-03-10,0.6504875303555816,0.7310861769499991,0.744316378
2023-03-11,0.6549494724477363,0.734156176949999,0.744316378
2023-03-12,0.67713116804654,0.7495451769499991,0.744316378
2023-03-13,0.64756554213769,0.727552590949999,0.7395477920000001
2023-03-14,0.6543675376226952,0.732459005949999,0.717491207
2023-03-15,0.6496611020057006,0.7285140059499989,0.717491207
2023-03-16,0.6581156837383242,0.735538005949999,0.717491207
2023-03-17,0.6864813587682647,0.7594740059499989,0.717491207
2023-03-18,0.6918623558344204,0.763420488949999,0.7493146869999999
2023-03-19,0.6797279587015701,0.752933488949999,0.7493146869999999
2023-03-20,0.6824808427103479,0.7554494889499991,0.7493146869999999
2023-03-21,0.6781907181887786,0.751579488949999,0.7493146869999999
2023-03-22,0.6781907181887786,0.751158122449999,0.7418223205000001
2023-03-23,0.6899605288685644,0.7612526154499991,0.7414138134999999
2023-03-24,0.6806825392012295,0.7528006154499992,0.7414138134999999
2023-03-25,0.6807763104529261,0.7528846154499991,0.7414138134999999
2023-03-26,0.68643512262133,0.7579546154499991,0.7414138134999999
2023-03-27,0.68643512262133,0.7575353009499991,0.748199499
2023-03-28,0.688003983360974,0.758505620949999,0.747792819
2023-03-29,0.7003745574108734,0.769393620949999,0.747792819
2023-03-30,0.7003745574108734,0.768969541949999,0.7596327414999999
2023-03-31,0.7053234292835227,0.7729483169499989,0.7592125165000001
2023-04-01,0.7053234292835227,0.7725204949499989,0.763184693
2023-04-02,0.7053234292835227,0.7725204949499989,0.763184693
2023-04-03,0.7053234292835227,0.7725204949499989,0.763184693
2023-04-04,0.7095395911409567,0.7757947034499989,0.7627679015
2023-04-05,0.7095259825933626,0.7757827034499988,0.7627679015
2023-04-06,0.7095259825933626,0.7753603934499989,0.7660245914999999
2023-04-07,0.7080208591925868,0.7736180499499988,0.7656042495000001
2023-04-08,0.7084115428621602,0.7739600499499988,0.7656042495000001
2023-04-09,0.7128009196264002,0.7778050499499988,0.7656042495000001
2023-04-10,0.7128009196264002,0.7773804089499988,0.7680456084999999
2023-04-11,0.7067155554149059,0.7713160624499988,0.767601262
2023-04-12,0.7067155554149059,0.7708632859499989,0.7615284855
2023-04-13,0.7015239460636379,0.7655371624499989,0.7610803604999999
2023-04-14,0.7005840430205663,0.7646331624499989,0.7610803604999999
2023-04-15,0.7023719033337477,0.7663601624499989,0.7610803604999999
2023-04-16,0.7023071876229149,0.7662981624499989,0.7610803604999999
2023-04-17,0.711350088904581,0.7749641624499989,0.7610803604999999
2023-04-18,0.7216409696434891,0.7835375594499989,0.7647477605
2023-04-19,0.738438375341958,0.7983335854499989,0.7732947865
2023-04-20,0.7319159317184084,0.791819735449999,0.7881379335
2023-04-21,0.7205124699899678,0.7820457354499989,0.7881379335
2023-04-22,0.727111890967733,0.7875927354499989,0.7881379335
2023-04-23,0.7298323634042344,0.7890705194499988,0.7774247175
2023-04-24,0.7307672824728902,0.7898555194499989,0.7774247175
2023-04-25,0.7307672824728902,0.7894440584499989,0.780109255
2023-04-26,0.7294977846431427,0.7879277579499989,0.7796849545
2023-04-27,0.7172076972472737,0.7772967579499989,0.7796849545
2023-04-28,0.7189496508349055,0.7788867579499988,0.7796849545
2023-04-29,0.7189496508349055,0.7784472579499989,0.7691124545
2023-04-30,0.7189496508349055,0.7784472579499989,0.7691124545
2023-05-01,0.7318872018353008,0.7896949129499989,0.7686741095
2023-05-02,0.7389556537680195,0.7948722779499989,0.7795184775
2023-05-03,0.7389556537680195,0.7944414319499989,0.78510963
2023-05-04,0.7411604197269709,0.7959301559499988,0.7846743540000001
2023-05-05,0.7334604607767962,0.7892751559499989,0.7846743540000001
2023-05-06,0.7334604607767962,0.788832783449999,0.7795009815
2023-05-07,0.7382491733538671,0.7925852149499989,0.7790684145000001
2023-05-08,0.729369734222998,0.7841346299499989,0.7823998325
2023-05-09,0.729958297136246,0.7838008359499988,0.7739740385
2023-05-10,0.7302830878903992,0.7840738359499988,0.7739740385
2023-05-11,0.737747316073567,0.7903388359499988,0.7739740385
2023-05-12,0.735637640751212,0.7878171439499989,0.7801993465
2023-05-13,0.735914482257078,0.7872395879499988,0.7776827935
2023-05-14,0.7341920221477248,0.7858475879499989,0.7776827935
2023-05-15,0.7311143646462993,0.7833415879499988,0.7776827935
2023-05-16,0.7326616802512859,0.784618587949999,0.7776827935
2023-05-17,0.7281355461996758,0.780908587949999,0.7776827935
2023-05-18,0.7351502409350276,0.786773587949999,0.7776827935
2023-05-19,0.7343999896941529,0.7861655879499989,0.7776827935
2023-05-20,0.7317015512446308,0.7839715879499988,0.7776827935
2023-05-21,0.7273659572138058,0.7795898999499988,0.7738261085
2023-05-22,0.7260509585338268,0.7777139159499987,0.7694571245
2023-05-23,0.7305512777459221,0.7806057099499989,0.7675779184999999
2023-05-24,0.7197246613307697,0.7716447099499989,0.7675779184999999
2023-05-25,0.7197246613307697,0.7712510014499989,0.7619192115
2023-05-26,0.7225164645286738,0.7731360759499988,0.7615222844999999
2023-05-27,0.7243644514619725,0.7746530759499988,0.7615222844999999
2023-05-28,0.7391084643462265,0.7867940759499988,0.7615222844999999
2023-05-29,0.7351524688605122,0.7834570759499988,0.7615222844999999
2023-05-30,0.7356524796750411,0.7830464129499988,0.7732926244999999
2023-05-31,0.7413811400481596,0.7878364129499987,0.7732926244999999
2023-06-01,0.7462356273613189,0.7917944129499987,0.7732926244999999
2023-06-02,0.7409427170543247,0.7875694129499988,0.7732926244999999
2023-06-03,0.7430600033609823,0.7892984129499987,0.7732926244999999
2023-06-04,0.7424729412180122,0.7888234129499987,0.7732926244999999
2023-06-05,0.7595802219473096,0.8027004129499987,0.7732926244999999
2023-06-06,0.7395511737650017,0.7876324129499986,0.7732926244999999
2023-06-07,0.7505003835459019,0.7965884129499987,0.7732926244999999
2023-06-08,0.7484478030979285,0.7949884129499988,0.7732926244999999
2023-06-09,0.7486741524726076,0.7951664129499988,0.7732926244999999
2023-06-10,0.7568395859931485,0.8015814129499987,0.7732926244999999
2023-06-11,0.7557411010249006,0.8007484129499988,0.7732926244999999
2023-06-12,0.7559392978833009,0.8008994129499988,0.7732926244999999
2023-06-13,0.7556345260267929,0.8006674129499987,0.7732926244999999
2023-06-14,0.7661578111566927,0.8086884129499987,0.7732926244999999
2023-06-15,0.7597032811074951,0.8039864129499987,0.7732926244999999
2023-06-16,0.7496835566975174,0.7964874129499987,0.7732926244999999
2023-06-17,0.7474687507615798,0.7947584129499987,0.7732926244999999
2023-06-18,0.7497425486204655,0.7965504129499987,0.7732926244999999
2023-06-19,0.7433510131125277,0.7915624129499987,0.7732926244999999
2023-06-20,0.7251209934572238,0.7769414129499987,0.7732926244999999
2023-06-21,0.7055373748469448,0.7599624129499987,0.7732926244999999
2023-06-22,0.7055373748469448,0.7595125854499988,0.750177797
2023-06-23,0.6970525056240156,0.7510804604499988,0.749729672
2023-06-24,0.6985782610090591,0.7525724604499988,0.749729672
2023-06-25,0.6992600363347174,0.7532344604499988,0.749729672
2023-06-26,0.7013045764402986,0.7552134604499987,0.749729672
2023-06-27,0.6968920039494162,0.7509824604499987,0.749729672
2023-06-28,0.7031971059191057,0.7571514604499987,0.749729672
2023-06-29,0.7031971059191057,0.7567004659499987,0.7473656775
2023-06-30,0.7029860767908046,0.7560408674499988,0.746909079
2023-07-01,0.7018083635946131,0.7549068674499988,0.746909079
2023-07-02,0.7018083635946131,0.7544482634499988,0.745113475
2023-07-03,0.6962756624141192,0.7486260729499988,0.7446542845
2023-07-04,0.700227796302627,0.7525550729499989,0.7446542845
2023-07-05,0.6974851552824197,0.7489553899499989,0.7422976015
2023-07-06,0.7038060887654668,0.7541807379499988,0.7387059495
2023-07-07,0.6989983193185554,0.7496457379499989,0.7387059495
2023-07-08,0.6996060958438153,0.750231737949999,0.7387059495
2023-07-09,0.6983424074436785,0.7481106619499988,0.7399888705000001
2023-07-10,0.6983424074436785,0.7476584449499988,0.7383216535
2023-07-11,0.6961558443853255,0.7450874914499988,0.7378657000000001
2023-07-12,0.6961558443853255,0.7446293669499988,0.735291574
2023-07-13,0.6961558443853255,0.7446293669499988,0.735291574
2023-07-14,0.6847137335178646,0.7326747429499988,0.7348199485
2023-07-15,0.6848856278952815,0.7319349439499987,0.7224271495
2023-07-16,0.6842789298552189,0.7304286489499987,0.7216878575
2023-07-17,0.6852032118613228,0.7304311419499987,0.7201853535
2023-07-18,0.6852032118613228,0.7299802519499986,0.720640462
2023-07-19,0.6852032118613228,0.7299802519499986,0.720640462
2023-07-20,0.6852032118613228,0.7299802519499986,0.720640462
2023-07-21,0.6862423673482785,0.7305373869499986,0.720193597
2023-07-22,0.6851276487955644,0.7294583869499986,0.720193597
2023-07-23,0.6881016689098738,0.7323313869499987,0.720193597
2023-07-24,0.6787620871173852,0.7232613869499988,0.720193597
2023-07-25,0.6793119384504813,0.7237863869499988,0.720193597
2023-07-26,0.6805643604739625,0.7249833869499986,0.720193597
2023-07-27,0.6792458482218648,0.7237203869499986,0.720193597
2023-07-28,0.6801897329238414,0.7246223869499986,0.720193597
2023-07-29,0.6805992410412335,0.7250143869499988,0.720193597
2023-07-30,0.6798893918374113,0.7243343869499987,0.720193597
2023-07-31,0.6793636413058549,0.7238313869499987,0.720193597
2023-08-01,0.6843896786483472,0.7286353869499986,0.720193597
2023-08-02,0.6788826381500319,0.7233243869499988,0.720193597
2023-08-03,0.6789884150102551,0.7234253869499987,0.720193597
2023-08-04,0.6781601618580392,0.7226343869499987,0.720193597
2023-08-05,0.6777050427058048,0.7222003869499987,0.720193597
2023-08-06,0.6778960559071167,0.7223823869499986,0.720193597
2023-08-07,0.6792263930230807,0.7236503869499986,0.720193597
2023-08-08,0.685048941592132,0.7292133869499987,0.720193597
2023-08-09,0.6831201049102541,0.7273513869499987,0.720193597
2023-08-10,0.6817781331492182,0.7260603869499986,0.720193597
2023-08-11,0.6814842922083832,0.7257783869499986,0.720193597
2023-08-12,0.6815385042137467,0.7258303869499987,0.720193597
2023-08-13,0.6802104391967153,0.7245563869499987,0.720193597
2023-08-14,0.6815291417956707,0.7258183869499987,0.720193597
2023-08-15,0.6791241740750935,0.7235113869499987,0.720193597
2023-08-16,0.6741572200145789,0.7187673869499986,0.720193597
2023-08-17,0.6519208363383012,0.6977203869499986,0.720193597
2023-08-18,0.6519208363383012,0.6973212414499986,0.6879814515
2023-08-19,0.6519208363383012,0.6973212414499986,0.6879814515
2023-08-20,0.6519208363383012,0.6973212414499986,0.6879814515
2023-08-21,0.6525988854128053,0.6975336029499986,0.687588813
2023-08-22,0.6518004854499887,0.6960401409499986,0.6874103509999999
2023-08-23,0.6518004854499887,0.6956504734499985,0.686309685
2023-08-24,0.6518004854499887,0.6956504734499985,0.686309685
2023-08-25,0.6505348546487043,0.6941290044499986,0.685917216
2023-08-26,0.6500022249757978,0.6936550044499985,0.685917216
2023-08-27,0.6509403230404772,0.6944890044499986,0.685917216
2023-08-28,0.6511514169710623,0.6946770044499985,0.685917216
2023-08-29,0.6690379089994186,0.7106130044499985,0.685917216
2023-08-30,0.6690379089994186,0.7101975029499986,0.7008567145
2023-08-31,0.6840678741611372,0.7234121469499986,0.7004473585
2023-09-01,0.6840678741611372,0.7230232269499987,0.7136824385
2023-09-02,0.6833494803764986,0.7220342929499987,0.7132955044999999
2023-09-03,0.6820852370580242,0.7209712929499986,0.7132955044999999
2023-09-04,0.6820852370580242,0.7205818614499986,0.7112410730000001
2023-09-05,0.6820852370580242,0.7205818614499986,0.7112410730000001
2023-09-06,0.6824698074339649,0.7205181659499985,0.7108543775
2023-09-07,0.6824698074339649,0.7201319549499985,0.7107911665
2023-09-08,0.6824698074339649,0.7201319549499985,0.7107911665
2023-09-09,0.6823844321733032,0.7196704564499985,0.7104026695000001
2023-09-10,0.6816230530052982,0.7190284564499985,0.7104026695000001
2023-09-11,0.6735713272510154,0.7122484564499985,0.7104026695000001
2023-09-12,0.681711099719501,0.7190024564499984,0.7104026695000001
2023-09-13,0.681711099719501,0.7186150694499984,0.7092752825
2023-09-14,0.6781951112395723,0.7152179209499985,0.7088821339999999
2023-09-15,0.677264937901486,0.7144099209499984,0.7088821339999999
2023-09-16,0.6777715284379761,0.7148519209499985,0.7088821339999999
2023-09-17,0.6781472185577628,0.7151789209499985,0.7088821339999999
2023-09-18,0.6754344199541342,0.7128219209499984,0.7088821339999999
2023-09-19,0.6703656128694837,0.7083609209499986,0.7088821339999999
2023-09-20,0.6703656128694837,0.7079539824499984,0.6986131939999999
2023-09-21,0.6641882544706991,0.7019963669499983,0.6982065785
2023-09-22,0.6643469686634568,0.7021373669499984,0.6982065785
2023-09-23,0.6643064577197101,0.7021013669499984,0.6982065785
2023-09-24,0.6605848000251806,0.6987943669499984,0.6982065785
2023-09-25,0.6612431839167292,0.6993753669499985,0.6982065785
2023-09-26,0.6603184922731051,0.6985583669499983,0.6982065785
2023-09-27,0.6620281933233498,0.7000663669499984,0.6982065785
2023-09-28,0.6693992708229504,0.7065883669499983,0.6982065785
2023-09-29,0.6680510205275565,0.7053793669499984,0.6982065785
2023-09-30,0.6687217819209738,0.7059793669499984,0.6982065785
2023-10-01,0.6802280028012153,0.7162843669499984,0.6982065785
2023-10-02,0.6747166813335594,0.7112463669499983,0.6982065785
2023-10-03,0.6739918132070504,0.7105903669499984,0.6982065785
2023-10-04,0.6739918132070504,0.7101791869499984,0.7008383985000001
2023-10-05,0.6739918132070504,0.7101791869499984,0.7008383985000001
2023-10-06,0.6797248911249932,0.7149482124499984,0.7004274225
2023-10-07,0.6800174404444541,0.7152152124499984,0.7004274225
2023-10-08,0.6800174404444541,0.7147960674499984,0.7054542775
2023-10-09,0.6800174404444541,0.7147960674499984,0.7054542775
2023-10-10,0.6778304257669642,0.7124103914499984,0.7050406029999999
2023-10-11,0.6720744420464843,0.7072433914499983,0.7050406029999999
2023-10-12,0.6707178846335426,0.7060383914499984,0.7050406029999999
2023-10-13,0.6719119049179952,0.7070963914499984,0.7050406029999999
2023-10-14,0.6717598790249765,0.7069613914499984,0.7050406029999999
2023-10-15,0.6751785919428465,0.7099963914499984,0.7050406029999999
2023-10-16,0.6902526745935281,0.7234613914499983,0.7050406029999999
2023-10-17,0.6902526745935281,0.7230340969499983,0.7136933085
2023-10-18,0.691071291565148,0.7233573669499983,0.71326758
2023-10-19,0.6867889449011152,0.7194593669499983,0.71326758
2023-10-20,0.6764921006566504,0.7098983669499983,0.71326758
2023-10-21,0.6740035916241873,0.7074743669499983,0.71326758
2023-10-22,0.6731300703079487,0.7066133669499983,0.71326758
2023-10-23,0.6418859819837388,0.6756883669499983,0.71326758
2023-10-24,0.6345237201688531,0.6751922569499983,0.71326758
2023-10-26,0.6325284978686494,0.6751922569499983,0.71326758
2023-10-27,0.6347028261550073,0.6751922569499983,0.71326758
2023-10-28,0.6347028261550073,0.6751922569499983,0.6576471835
2023-10-29,0.6309992478537912,0.6751922569499983,0.6576471835
2023-10-30,0.6313676654796646,0.6751922569499983,0.6576471835
2023-10-31,0.6313676654796646,0.6751922569499983,0.6576471835
2023-11-01,0.6249230559319939,0.6751922569499983,0.6576471835
2023-11-02,0.6288694065692231,0.6751922569499983,0.6576471835
2023-11-03,0.6288694065692231,0.6751922569499983,0.6576471835
2023-11-04,0.6288694065692231,0.6751922569499983,0.6576471835
2023-11-05,0.6288694065692231,0.6751922569499983,0.6576471835
2023-11-06,0.6286116680549605,0.6751922569499983,0.6576471835
2023-11-07,0.6286116680549605,0.6751922569499983,0.6576471835
2023-11-08,0.62685241113356,0.6751922569499983,0.6576471835
2023-11-09,0.6181998853116614,0.6751922569499983,0.6576471835
2023-11-10,0.6135716567281675,0.6751922569499983,0.6576471835
2023-11-11,0.6148164558576252,0.6751922569499983,0.6576471835
2023-11-12,0.6153867337276436,0.6751922569499983,0.6576471835
2023-11-13,0.6198618135104521,0.6751922569499983,0.6576471835
2023-11-14,0.6269502782743656,0.6751922569499983,0.6576471835
2023-11-15,0.6269502782743656,0.6751922569499983,0.6576471835
2023-11-16,0.6269502782743656,0.6751922569499983,0.6576471835
2023-11-17,0.6234728150919479,0.6751922569499983,0.6576471835
2023-11-18,0.6237869187686671,0.6751922569499983,0.6576471835
2023-11-19,0.6237869187686671,0.6751922569499983,0.6576471835
2023-11-20,0.623136527039654,0.6751922569499983,0.6576471835
2023-11-21,0.6360521075490464,0.6751922569499983,0.6576471835
2023-11-22,0.6360521075490464,0.6751922569499983,0.6576471835
2023-11-23,0.6369632573698082,0.6751922569499983,0.6576471835
2023-11-24,0.6337967416310395,0.6751922569499983,0.6576471835
2023-11-25,0.633340635500654,0.6751922569499983,0.6576471835
2023-11-26,0.6358211495024461,0.6751922569499983,0.6576471835
2023-11-27,0.6373771644957394,0.6751922569499983,0.6576471835
2023-11-28,0.6373771644957394,0.6751922569499983,0.6576471835
2023-11-29,0.6371875296142974,0.6751922569499983,0.6576471835
2023-11-30,0.6380991784170773,0.6751922569499983,0.6576471835
2023-12-01,0.6309184309706517,0.6751922569499983,0.6576471835
2023-12-02,0.6252269461594511,0.6751922569499983,0.6576471835
2023-12-03,0.6213407409380013,0.6751922569499983,0.6576471835
2023-12-04,0.6072597610529081,0.6751922569499983,0.6576471835
2023-12-05,0.5936683559977729,0.6751922569499983,0.6576471835
2023-12-06,0.5955282790112926,0.6751922569499983,0.6576471835
2023-12-07,0.5984594751103215,0.6751922569499983,0.6576471835
2023-12-08,0.5927773860320932,0.6751922569499983,0.6576471835
2023-12-09,0.5956446321269168,0.6751922569499983,0.6576471835
2023-12-10,0.5951806797052842,0.6751922569499983,0.6576471835
2023-12-11,0.5796585686439449,0.6751922569499983,0.6576471835
2023-12-12,0.5812007292612574,0.6751922569499983,0.6576471835
2023-12-13,0.5812007292612574,0.6751922569499983,0.6576471835
2023-12-14,0.5821608796438481,0.6751922569499983,0.6576471835
2023-12-15,0.5821608796438481,0.6751922569499983,0.6576471835
2023-12-16,0.5821608796438481,0.6751922569499983,0.6576471835
2023-12-17,0.5876800462857702,0.6751922569499983,0.6576471835
2023-12-18,0.5795336011089889,0.6751922569499983,0.6576471835
2023-12-19,0.5818156529371171,0.6751922569499983,0.6576471835
2023-12-20,0.5818156529371171,0.6751922569499983,0.6576471835
2023-12-21,0.580693123795176,0.6751922569499983,0.6576471835
2023-12-22,0.5800805665842644,0.6751922569499983,0.6576471835
2023-12-23,0.5817061400915063,0.6751922569499983,0.6576471835
2023-12-24,0.5859973756386946,0.6751922569499983,0.6576471835
2023-12-25,0.5822971162175332,0.6751922569499983,0.6576471835
2023-12-26,0.5887464334003791,0.6751922569499983,0.6576471835
2023-12-27,0.583045813380371,0.6751922569499983,0.6576471835
2023-12-28,0.5882003866259161,0.6751922569499983,0.6576471835
2023-12-29,0.5913381383650139,0.6751922569499983,0.6576471835
2023-12-30,0.591838165233583,0.6751922569499983,0.6576471835
2023-12-31,0.5909553378420771,0.6751922569499983,0.6576471835
2024-01-01,0.5909553378420771,0.6751922569499983,0.6576471835
2024-01-02,0.5864484386066928,0.6751922569499983,0.6576471835
2024-01-03,0.598947160231594,0.6751922569499983,0.6576471835
2024-01-04,0.5908059266286467,0.6751922569499983,0.6576471835
2024-01-05,0.5907962903882874,0.6751922569499983,0.6576471835
2024-01-06,0.5919327047598487,0.6751922569499983,0.6576471835
2024-01-07,0.5921738856206105,0.6751922569499983,0.6576471835
2024-01-08,0.5736319522907134,0.6751922569499983,0.6576471835
2024-01-09,0.5783508632931555,0.6751922569499983,0.6576471835
2024-01-10,0.5752529851002482,0.6751922569499983,0.6576471835
2024-01-11,0.5752529851002482,0.6751922569499983,0.6576471835
2024-01-12,0.595078740605905,0.6751922569499983,0.6576471835
2024-01-13,0.5947188888122581,0.6751922569499983,0.6576471835
2024-01-14,0.5947188888122581,0.6751922569499983,0.6576471835
2024-01-15,0.5897165264650834,0.6751922569499983,0.6576471835
2024-01-16,0.5897165264650834,0.6751922569499983,0.6576471835
2024-01-17,0.591867413348525,0.6751922569499983,0.6576471835
2024-01-18,0.6009582474727596,0.6751922569499983,0.6576471835
2024-01-19,0.603177423279345,0.6751922569499983,0.6576471835
2024-01-20,0.602984578847748,0.6751922569499983,0.6576471835
2024-01-21,0.6037122076419432,0.6751922569499983,0.6576471835
2024-01-22,0.6037122076419432,0.6751922569499983,0.6576471835
2024-01-23,0.6059299539805778,0.6751922569499983,0.6576471835
2024-01-24,0.6072198146484711,0.6751922569499983,0.6576471835
2024-01-25,0.6080747678815004,0.6751922569499983,0.6576471835
2024-01-26,0.6080747678815004,0.6751922569499983,0.6576471835
2024-01-27,0.6080747678815004,0.6751922569499983,0.6576471835
2024-01-28,0.6086012089057053,0.6751922569499983,0.6576471835
2024-01-29,0.6003468743320715,0.6751922569499983,0.6576471835
2024-01-30,0.6026522788908772,0.6751922569499983,0.6576471835
2024-01-31,0.6049131569644315,0.6751922569499983,0.6576471835
2024-02-01,0.6016378380077306,0.6751922569499983,0.6576471835
2024-02-02,0.6009501936406592,0.6751922569499983,0.6576471835
2024-02-03,0.6021375650111706,0.6751922569499983,0.6576471835
2024-02-04,0.6047978728745614,0.6751922569499983,0.6576471835
2024-02-05,0.6040140705840799,0.6751922569499983,0.6576471835
2024-02-06,0.6040140705840799,0.6751922569499983,0.6576471835
2024-02-07,0.6040140705840799,0.6751922569499983,0.6576471835
2024-02-08,0.5982322487672046,0.6751922569499983,0.6576471835
2024-02-09,0.5982322487672046,0.6751922569499983,0.6576471835
2024-02-10,0.6017547088522762,0.6751922569499983,0.6576471835
2024-02-13,0.6017547088522762,0.6751922569499983,0.6576471835
2024-02-14,0.6017547088522762,0.6751922569499983,0.6576471835
2024-02-15,0.6017547088522762,0.6751922569499983,0.6576471835
2024-02-16,0.600449767790246,0.6751922569499983,0.6576471835
2024-02-17,0.600449767790246,0.6751922569499983,0.6576471835
2024-02-18,0.600449767790246,0.6751922569499983,0.6576471835
2024-02-19,0.602324968551758,0.6751922569499983,0.6576471835
2024-02-20,0.602324968551758,0.6751922569499983,0.6576471835
2024-02-21,0.602324968551758,0.6751922569499983,0.6576471835
2024-02-22,0.602324968551758,0.6751922569499983,0.6576471835
2024-02-23,0.5994463808245702,0.6751922569499983,0.6576471835
2024-02-24,0.603857229609277,0.6751922569499983,0.6576471835
2024-02-25,0.604714531553213,0.6751922569499983,0.6576471835
2024-02-26,0.6191535864285772,0.6751922569499983,0.6576471835
2024-02-27,0.6322530538262688,0.6751922569499983,0.6576471835
2024-02-28,0.6322530538262688,0.6751922569499983,0.6576471835
2024-02-29,0.6264041371107871,0.6751922569499983,0.6576471835
2024-03-01,0.632056669063545,0.6751922569499983,0.6576471835
2024-03-02,0.632056669063545,0.6751922569499983,0.6576471835
2024-03-03,0.632056669063545,0.6751922569499983,0.6576471835
2024-03-04,0.632056669063545,0.6751922569499983,0.6576471835
2024-03-05,0.632056669063545,0.6751922569499983,0.6576471835
2024-03-06,0.6214345607043364,0.6751922569499983,0.6576471835
2024-03-07,0.6182971798440978,0.6751922569499983,0.6576471835
2024-03-08,0.6128456794064684,0.6751922569499983,0.6576471835
2024-03-09,0.6121180059473651,0.6751922569499983,0.6576471835
2024-03-10,0.6095323125971888,0.6751922569499983,0.6576471835
2024-03-11,0.5970027752200789,0.6751922569499983,0.6576471835
2024-03-12,0.5994251632647998,0.6751922569499983,0.6576471835
2024-03-13,0.5994251632647998,0.6751922569499983,0.6576471835
2024-03-14,0.6055929366769285,0.6751922569499983,0.6576471835
2024-03-15,0.6055929366769285,0.6751922569499983,0.6576471835
2024-03-16,0.5891319524017338,0.6751922569499983,0.6576471835
2024-03-17,0.576568759267324,0.6751922569499983,0.6576471835
2024-03-18,0.576568759267324,0.6751922569499983,0.6576471835
2024-03-19,0.598372491734707,0.6751922569499983,0.6576471835
2024-03-20,0.598372491734707,0.6751922569499983,0.6576471835
2024-03-21,0.6076414541004507,0.6751922569499983,0.6576471835
2024-03-22,0.6147920068123444,0.6751922569499983,0.6576471835
2024-03-23,0.6147920068123444,0.6751922569499983,0.6576471835
2024-03-24,0.6147920068123444,0.6751922569499983,0.6576471835
2024-03-25,0.6038525848064962,0.6751922569499983,0.6576471835
2024-03-26,0.6033722352556928,0.6751922569499983,0.6576471835
2024-03-27,0.6033722352556928,0.6751922569499983,0.6576471835
2024-03-28,0.6033722352556928,0.6751922569499983,0.6576471835
2024-03-29,0.5997880924109708,0.6751922569499983,0.6576471835
2024-03-30,0.5997880924109708,0.6751922569499983,0.6576471835
2024-03-31,0.5997880924109708,0.6751922569499983,0.6576471835
2024-04-01,0.6060777862152635,0.6751922569499983,0.6576471835
2024-04-02,0.58966399108719,0.6751922569499983,0.6576471835
2024-04-03,0.5915540938454183,0.6751922569499983,0.6576471835
2024-04-04,0.6017143278804582,0.6751922569499983,0.6576471835
2024-04-05,0.6017143278804582,0.6751922569499983,0.6576471835
2024-04-06,0.6060094991859509,0.6751922569499983,0.6576471835
2024-04-07,0.6041845206508577,0.6751922569499983,0.6576471835
2024-04-08,0.5951076026169283,0.6751922569499983,0.6576471835
2024-04-09,0.5951076026169283,0.6751922569499983,0.6576471835
2024-04-10,0.5893312417668334,0.6751922569499983,0.6576471835
2024-04-11,0.5916800054610528,0.6751922569499983,0.6576471835
2024-04-12,0.6027751932612475,0.6751922569499983,0.6576471835
2024-04-13,0.5898596786203939,0.6751922569499983,0.6576471835
2024-04-14,0.5898596786203939,0.6751922569499983,0.6576471835
2024-04-15,0.5898596786203939,0.6751922569499983,0.6576471835
2024-04-16,0.5898596786203939,0.6751922569499983,0.6576471835
2024-04-17,0.5898596786203939,0.6751922569499983,0.6576471835
2024-04-18,0.5898596786203939,0.6751922569499983,0.6576471835
2024-04-19,0.588427168898874,0.6751922569499983,0.6576471835
2024-04-20,0.588427168898874,0.6751922569499983,0.6576471835
2024-04-21,0.5883643341343469,0.6751922569499983,0.6576471835
2024-04-22,0.5807557855166302,0.6751922569499983,0.6576471835
2024-04-23,0.5807557855166302,0.6751922569499983,0.6576471835
2024-04-24,0.5891656662159557,0.6751922569499983,0.6576471835
2024-04-25,0.5891656662159557,0.6751922569499983,0.6576471835
2024-04-26,0.5861640451970791,0.6751922569499983,0.6576471835
2024-04-27,0.5875203853682983,0.6751922569499983,0.6576471835
2024-04-28,0.5861334533663524,0.6751922569499983,0.6576471835
2024-04-29,0.5892862004958931,0.6751922569499983,0.6576471835
2024-04-30,0.576031082339932,0.6751922569499983,0.6576471835
2024-05-01,0.576031082339932,0.6751922569499983,0.6576471835
2024-05-02,0.5792723908136185,0.6751922569499983,0.6576471835
2024-05-03,0.5961260974415468,0.6751922569499983,0.6576471835
2024-05-04,0.5961260974415468,0.6751922569499983,0.6576471835
2024-05-05,0.595606084901055,0.6751922569499983,0.6576471835
2024-05-06,0.5991463239823088,0.6751922569499983,0.6576471835
2024-05-07,0.6027621075430108,0.6751922569499983,0.6576471835
2024-05-08,0.6077175075617539,0.6751922569499983,0.6576471835
2024-05-09,0.599256370398546,0.6751922569499983,0.6576471835
2024-05-10,0.599256370398546,0.6751922569499983,0.6576471835
2024-05-11,0.599256370398546,0.6751922569499983,0.6576471835
2024-05-12,0.599256370398546,0.6751922569499983,0.6576471835
2024-05-13,0.599256370398546,0.6751922569499983,0.6576471835
2024-05-14,0.6050927097238998,0.6751922569499983,0.6576471835
2024-05-15,0.6050927097238998,0.6751922569499983,0.6576471835
2024-05-16,0.6050927097238998,0.6751922569499983,0.6576471835
2024-05-17,0.597734895862695,0.6751922569499983,0.6576471835
2024-05-18,0.5981168018774524,0.6751922569499983,0.6576471835
2024-05-19,0.6007143684137761,0.6751922569499983,0.6576471835
2024-05-20,0.5793826937033917,0.6751922569499983,0.6576471835
2024-05-21,0.5841169288307381,0.6751922569499983,0.6576471835
2024-05-22,0.5876745089987009,0.6751922569499983,0.6576471835
2024-05-23,0.5923324970773822,0.6751922569499983,0.6576471835
2024-05-24,0.5900425188545221,0.6751922569499983,0.6576471835
2024-05-25,0.587215207230053,0.6751922569499983,0.6576471835
2024-05-26,0.587215207230053,0.6751922569499983,0.6576471835
2024-05-27,0.5836007439494135,0.6751922569499983,0.6576471835
2024-05-28,0.5874613176166058,0.6751922569499983,0.6576471835
2024-05-29,0.5903729379809913,0.6751922569499983,0.6576471835
2024-05-30,0.5875634491589176,0.6751922569499983,0.6576471835
2024-05-31,0.5843760339463244,0.6751922569499983,0.6576471835
2024-06-01,0.5843760339463244,0.6751922569499983,0.6576471835
2024-06-02,0.584402020886323,0.6751922569499983,0.6576471835
2024-06-03,0.5884569267393018,0.6751922569499983,0.6576471835
2024-06-04,0.5818086524906635,0.6751922569499983,0.6576471835
2024-06-05,0.5797562066513268,0.6751922569499983,0.6576471835
2024-06-06,0.5797562066513268,0.6751922569499983,0.6576471835
2024-06-07,0.5797562066513268,0.6751922569499983,0.6576471835
2024-06-08,0.5797562066513268,0.6751922569499983,0.6576471835
2024-06-09,0.5809623443501809,0.6751922569499983,0.6576471835
2024-06-10,0.5805555620503952,0.6751922569499983,0.6576471835
2024-06-11,0.572150035401091,0.6751922569499983,0.6576471835
2024-06-12,0.5757817735310807,0.6751922569499983,0.6576471835
2024-06-13,0.5757817735310807,0.6751922569499983,0.6576471835
2024-06-14,0.5757817735310807,0.6751922569499983,0.6576471835
2024-06-15,0.5764644494497704,0.6751922569499983,0.6576471835
2024-06-16,0.5781878695288603,0.6751922569499983,0.6576471835
2024-06-17,0.5774793782509132,0.6751922569499983,0.6576471835
2024-06-18,0.5723107666274879,0.6751922569499983,0.6576471835
2024-06-19,0.5714553311331797,0.6751922569499983,0.6576471835
2024-06-20,0.5711400932600109,0.6751922569499983,0.6576471835
2024-06-21,0.5682471410807173,0.6751922569499983,0.6576471835
2024-06-22,0.5687097214057815,0.6751922569499983,0.6576471835
2024-06-23,0.5645462510068318,0.6751922569499983,0.6576471835
2024-06-24,0.5528025179938858,0.6751922569499983,0.6576471835
2024-06-25,0.5590106505163315,0.6751922569499983,0.6576471835
2024-06-26,0.5627474594232604,0.6751922569499983,0.6576471835
2024-06-27,0.5627474594232604,0.6751922569499983,0.6576471835
2024-06-28,0.5678883849106054,0.6751922569499983,0.6576471835
2024-06-29,0.5678883849106054,0.6751922569499983,0.6576471835
2024-06-30,0.5678883849106054,0.6751922569499983,0.6576471835
2024-07-01,0.5674095802499697,0.6751922569499983,0.6576471835
2024-07-02,0.5704955052995134,0.6751922569499983,0.6576471835
2024-07-03,0.5784116359725312,0.6751922569499983,0.6576471835
2024-07-04,0.5647415598140649,0.6751922569499983,0.6576471835
2024-07-05,0.5647415598140649,0.6751922569499983,0.6576471835
2024-07-06,0.5647415598140649,0.6751922569499983,0.6576471835
2024-07-07,0.5647415598140649,0.6751922569499983,0.6576471835
2024-07-08,0.5647415598140649,0.6751922569499983,0.6576471835
2024-07-09,0.5707346363319201,0.6751922569499983,0.6576471835
2024-07-10,0.5707346363319201,0.6751922569499983,0.6576471835
2024-07-11,0.5724770449574903,0.6751922569499983,0.6576471835
2024-07-12,0.5699847464580788,0.6751922569499983,0.6576471835
2024-07-13,0.5642051188579129,0.6751922569499983,0.6576471835
2024-07-14,0.5573744745352407,0.6751922569499983,0.6576471835
2024-07-15,0.5412165218461211,0.6751922569499983,0.6576471835
2024-07-16,0.5412165218461211,0.6751922569499983,0.6576471835
2024-07-17,0.5447916228622569,0.6751922569499983,0.6576471835
2024-07-18,0.5451582719951459,0.6751922569499983,0.6576471835
2024-07-19,0.5349250317718596,0.6751922569499983,0.6576471835
2024-07-20,0.5332353042431236,0.6751922569499983,0.6576471835
2024-07-21,0.5295073397191553,0.6751922569499983,0.6576471835
2024-07-22,0.5317412206648195,0.6751922569499983,0.6576471835
2024-07-23,0.5373522205260138,0.6751922569499983,0.6576471835
2024-07-24,0.5373522205260138,0.6751922569499983,0.6576471835
2024-07-25,0.5389144286149391,0.6751922569499983,0.6576471835
2024-07-26,0.5389144286149391,0.6751922569499983,0.6576471835
2024-07-27,0.5389455095266326,0.6751922569499983,0.6576471835
2024-07-28,0.5377245530416211,0.6751922569499983,0.6576471835
2024-07-29,0.5429230181942203,0.6751922569499983,0.6576471835
2024-07-30,0.5429230181942203,0.6751922569499983,0.6576471835
2024-07-31,0.5371714281626317,0.6751922569499983,0.6576471835
2024-08-01,0.5371714281626317,0.6751922569499983,0.6576471835
2024-08-02,0.5513992692713436,0.6751922569499983,0.6576471835
2024-08-03,0.5481743426609798,0.6751922569499983,0.6576471835
2024-08-04,0.5378490222088894,0.6751922569499983,0.6576471835
2024-08-05,0.5206100473572843,0.6751922569499983,0.6576471835
2024-08-06,0.52923475919453,0.6751922569499983,0.6576471835
2024-08-07,0.5254564215902882,0.6751922569499983,0.6576471835
2024-08-08,0.5254564215902882,0.6751922569499983,0.6576471835
2024-08-09,0.5287206363254306,0.6751922569499983,0.6576471835
2024-08-10,0.5287206363254306,0.6751922569499983,0.6576471835
2024-08-11,0.5373045241663676,0.6751922569499983,0.6576471835
2024-08-12,0.5373045241663676,0.6751922569499983,0.6576471835
2024-08-13,0.5373045241663676,0.6751922569499983,0.6576471835
2024-08-14,0.5449010866563281,0.6751922569499983,0.6576471835
2024-08-15,0.5401469145427114,0.6751922569499983,0.6576471835
2024-08-16,0.545826811385129,0.6751922569499983,0.6576471835
2024-08-17,0.5432660441565778,0.6751922569499983,0.6576471835
2024-08-18,0.547699661834513,0.6751922569499983,0.6576471835
2024-08-19,0.5434427719726865,0.6751922569499983,0.6576471835
2024-08-20,0.5451538365149617,0.6751922569499983,0.6576471835
2024-08-21,0.5362652990099009,0.6751922569499983,0.6576471835
2024-08-22,0.5393058758758268,0.6751922569499983,0.6576471835
2024-08-23,0.5245475472951842,0.6751922569499983,0.6576471835
2024-08-24,0.5241913755129582,0.6751922569499983,0.6576471835
2024-08-25,0.5239202314709583,0.6751922569499983,0.6576471835
2024-08-26,0.5239202314709583,0.6751922569499983,0.6576471835
2024-08-27,0.536769697219637,0.6751922569499983,0.6576471835
2024-08-28,0.5352464190372167,0.6751922569499983,0.6576471835
2024-08-29,0.5352464190372167,0.6751922569499983,0.6576471835
2024-08-30,0.5352464190372167,0.6751922569499983,0.6576471835
2024-08-31,0.535875712600345,0.6751922569499983,0.6576471835
2024-09-01,0.529027834512131,0.6751922569499983,0.6576471835
2024-09-02,0.529027834512131,0.6751922569499983,0.6576471835
2024-09-03,0.5357139682290124,0.6751922569499983,0.6576471835
2024-09-04,0.5357139682290124,0.6751922569499983,0.6576471835
2024-09-05,0.5431988736926324,0.6751922569499983,0.6576471835
2024-09-06,0.5431988736926324,0.6751922569499983,0.6576471835
2024-09-07,0.5441380545400096,0.6751922569499983,0.6576471835
2024-09-08,0.5473255424482806,0.6751922569499983,0.6576471835
2024-09-09,0.537577807038132,0.6751922569499983,0.6576471835
2024-09-10,0.5350356514708903,0.6751922569499983,0.6576471835
2024-09-11,0.5363023990451863,0.6751922569499983,0.6576471835
2024-09-12,0.5329712148944842,0.6751922569499983,0.6576471835
2024-09-13,0.5232319243875634,0.6751922569499983,0.6576471835
2024-09-14,0.5251488599364832,0.6751922569499983,0.6576471835
2024-09-15,0.5285518970629227,0.6751922569499983,0.6576471835
2024-09-16,0.5248755411761681,0.6751922569499983,0.6576471835
2024-09-17,0.5248755411761681,0.6751922569499983,0.6576471835
2024-09-18,0.5191772792895102,0.6751922569499983,0.6576471835
2024-09-19,0.5146678132190348,0.6751922569499983,0.6576471835
2024-09-20,0.5137521124874239,0.6751922569499983,0.6576471835
2024-09-21,0.5132218578722041,0.6751922569499983,0.6576471835
2024-09-22,0.5123545276351106,0.6751922569499983,0.6576471835
2024-09-23,0.5132846244499853,0.6751922569499983,0.6576471835
2024-09-24,0.5098507128511188,0.6751922569499983,0.6576471835
2024-09-25,0.5058340465704655,0.6751922569499983,0.6576471835
2024-09-26,0.5131217035546305,0.6751922569499983,0.6576471835
2024-09-27,0.5152854432003797,0.6751922569499983,0.6576471835
2024-09-28,0.5150279948385779,0.6751922569499983,0.6576471835
2024-09-29,0.5141318956096065,0.6751922569499983,0.6576471835
2024-09-30,0.5061609344488904,0.6751922569499983,0.6576471835
2024-10-01,0.49705026788693935,0.6751922569499983,0.6576471835
2024-10-02,0.49648277637556204,0.6751922569499983,0.6576471835
2024-10-03,0.49609728574526907,0.6751922569499983,0.6576471835
2024-10-04,0.49609728574526907,0.6751922569499983,0.6576471835
2024-10-05,0.4962098890460781,0.6751922569499983,0.6576471835
2024-10-06,0.4934514295746199,0.6751922569499983,0.6576471835
2024-10-07,0.4934514295746199,0.6751922569499983,0.6576471835
2024-10-08,0.4936620902595006,0.6751922569499983,0.6576471835
2024-10-09,0.4991157033720143,0.6751922569499983,0.6576471835
2024-10-10,0.4991157033720143,0.6751922569499983,0.6576471835
2024-10-11,0.4991157033720143,0.6751922569499983,0.6576471835
2024-10-12,0.496719095229713,0.6751922569499983,0.6576471835
2024-10-13,0.4979086075748647,0.6751922569499983,0.6576471835
2024-10-14,0.4864093304824748,0.6751922569499983,0.6576471835
2024-10-15,0.4831650751005125,0.6751922569499983,0.6576471835
2024-10-16,0.4831650751005125,0.6751922569499983,0.6576471835
2024-10-17,0.48377785954339025,0.6751922569499983,0.6576471835
2024-10-18,0.48052761218945406,0.6751922569499983,0.6576471835
2024-10-19,0.48068787516344397,0.6751922569499983,0.6576471835
2024-10-20,0.478589874698898,0.6751922569499983,0.6576471835
2024-10-21,0.4837424745508344,0.6751922569499983,0.6576471835
2024-10-22,0.4837424745508344,0.6751922569499983,0.6576471835
2024-10-23,0.4837424745508344,0.6751922569499983,0.6576471835
2024-10-24,0.4837424745508344,0.6751922569499983,0.6576471835
2024-10-25,0.4789177369599881,0.6751922569499983,0.6576471835
2024-10-26,0.4802399857927327,0.6751922569499983,0.6576471835
2024-10-27,0.48320683982845375,0.6751922569499983,0.6576471835
2024-10-28,0.48943470359519997,0.6751922569499983,0.6576471835
2024-10-29,0.48061889570670063,0.6751922569499983,0.6576471835
2024-10-30,0.4817799808866656,0.6751922569499983,0.6576471835
2024-10-31,0.48785438813023374,0.6751922569499983,0.6576471835
2024-11-01,0.4904342855712567,0.6751922569499983,0.6576471835
2024-11-02,0.4908436306473344,0.6751922569499983,0.6576471835
2024-11-03,0.4908436306473344,0.6751922569499983,0.6576471835
2024-11-04,0.4938252045587698,0.6751922569499983,0.6576471835
2024-11-05,0.4888497013943274,0.6751922569499983,0.6576471835
2024-11-06,0.4690988006517653,0.6751922569499983,0.6576471835
2024-11-07,0.4698794434106466,0.6751922569499983,0.6576471835
2024-11-08,0.4681434896223189,0.6751922569499983,0.6576471835
2024-11-09,0.4676121608214127,0.6751922569499983,0.6576471835
2024-11-10,0.4573621827091787,0.6751922569499983,0.6576471835
2024-11-12,0.4573621827091787,0.6751922569499983,0.6576471835
2024-11-13,0.45165069230891997,0.6751922569499983,0.6576471835
2024-11-14,0.4584632703770819,0.6751922569499983,0.6576471835
2024-11-15,0.4584632703770819,0.6751922569499983,0.6576471835
2024-11-16,0.4594402809138412,0.6751922569499983,0.6576471835
2024-11-17,0.461135900525816,0.6751922569499983,0.6576471835
2024-11-18,0.45973364060332167,0.6751922569499983,0.6576471835
2024-11-19,0.45973364060332167,0.6751922569499983,0.6576471835
2024-11-20,0.45973364060332167,0.6751922569499983,0.6576471835
2024-11-21,0.4507842227772805,0.6751922569499983,0.6576471835
2024-11-22,0.44964052166594487,0.6751922569499983,0.6576471835
2024-11-23,0.44719437457404027,0.6751922569499983,0.6576471835
2024-11-24,0.44671066580443203,0.6751922569499983,0.6576471835
2024-11-25,0.45675833146137274,0.6751922569499983,0.6576471835
2024-11-26,0.4590610189277585,0.6751922569499983,0.6576471835
2024-11-27,0.46777970320543993,0.6751922569499983,0.6576471835
2024-11-28,0.46824238492286574,0.6751922569499983,0.6576471835
2024-11-29,0.4642307514261205,0.6751922569499983,0.6576471835
2024-11-30,0.46646125726230575,0.6751922569499983,0.6576471835
2024-12-01,0.4647423994745787,0.6751922569499983,0.6576471835
2024-12-02,0.4676979889516162,0.6751922569499983,0.6576471835
2024-12-03,0.4676979889516162,0.6751922569499983,0.6576471835
2024-12-04,0.4616493567187005,0.6751922569499983,0.6576471835
2024-12-05,0.465161843110851,0.6751922569499983,0.6576471835
2024-12-06,0.45911747013570037,0.6751922569499983,0.6576471835
2024-12-07,0.4589172898124323,0.6751922569499983,0.6576471835
2024-12-08,0.45622826102376723,0.6751922569499983,0.6576471835
2024-12-09,0.46404051630706156,0.6751922569499983,0.6576471835
2024-12-10,0.46564222165499924,0.6751922569499983,0.6576471835
2024-12-11,0.45585334941219696,0.6751922569499983,0.6576471835
2024-12-12,0.45815167930685274,0.6751922569499983,0.6576471835
2024-12-13,0.45815167930685274,0.6751922569499983,0.6576471835
2024-12-14,0.45817018671498816,0.6751922569499983,0.6576471835
2024-12-15,0.45190767033779167,0.6751922569499983,0.6576471835
2024-12-16,0.45190767033779167,0.6751922569499983,0.6576471835
2024-12-17,0.4518090822512699,0.6751922569499983,0.6576471835
2024-12-18,0.4631052037715164,0.6751922569499983,0.6576471835
2024-12-19,0.4573915015019301,0.6751922569499983,0.6576471835
2024-12-20,0.458088612973577,0.6751922569499983,0.6576471835
2024-12-21,0.4591483637785349,0.6751922569499983,0.6576471835
2024-12-22,0.4636271018124746,0.6751922569499983,0.6576471835
2024-12-23,0.46298598977711614,0.6751922569499983,0.6576471835
2024-12-24,0.46298598977711614,0.6751922569499983,0.6576471835
2024-12-25,0.4613963813243944,0.6751922569499983,0.6576471835
2024-12-26,0.4613963813243944,0.6751922569499983,0.6576471835
2024-12-27,0.4613963813243944,0.6751922569499983,0.6576471835
2024-12-28,0.46359956741366876,0.6751922569499983,0.6576471835
2024-12-29,0.4670140353070206,0.6751922569499983,0.6576471835
2024-12-30,0.46490417355295455,0.6751922569499983,0.6576471835
2024-12-31,0.4666850165621928,0.6751922569499983,0.6576471835
2025-01-01,0.46436827610141257,0.6751922569499983,0.6576471835
2025-01-02,0.45909535527400835,0.6751922569499983,0.6576471835
2025-01-03,0.4565851558111706,0.6751922569499983,0.6576471835
2025-01-04,0.4565851558111706,0.6751922569499983,0.6576471835
2025-01-05,0.4562356472440748,0.6751922569499983,0.6576471835
2025-01-07,0.4591999898830448,0.6751922569499983,0.6576471835
2025-01-08,0.4591999898830448,0.6751922569499983,0.6576471835
2025-01-09,0.4591999898830448,0.6751922569499983,0.6576471835
2025-01-10,0.4640464497750367,0.6751922569499983,0.6576471835
2025-01-11,0.4640464497750367,0.6751922569499983,0.6576471835
2025-01-12,0.464184688384318,0.6751922569499983,0.6576471835
2025-01-13,0.4642169603063272,0.6751922569499983,0.6576471835
2025-01-14,0.4597297158970173,0.6751922569499983,0.6576471835
2025-01-15,0.4597297158970173,0.6751922569499983,0.6576471835
2025-01-16,0.4608059117688818,0.6751922569499983,0.6576471835
2025-01-17,0.4608059117688818,0.6751922569499983,0.6576471835
2025-01-18,0.4608059117688818,0.6751922569499983,0.6576471835
2025-01-19,0.45443213308776187,0.6751922569499983,0.6576471835
2025-01-20,0.456321625039836,0.6751922569499983,0.6576471835
2025-01-21,0.44855569663330186,0.6751922569499983,0.6576471835
2025-01-22,0.44855569663330186,0.6751922569499983,0.6576471835
2025-01-23,0.44816782636432734,0.6751922569499983,0.6576471835
2025-01-24,0.44816782636432734,0.6751922569499983,0.6576471835
2025-01-25,0.4483719878067136,0.6751922569499983,0.6576471835
2025-01-26,0.4524995649523979,0.6751922569499983,0.6576471835
2025-01-27,0.45356930888320884,0.6751922569499983,0.6576471835
2025-01-28,0.4550531711784296,0.6751922569499983,0.6576471835
2025-01-29,0.45016308255332177,0.6751922569499983,0.6576471835
2025-01-30,0.44825120198063373,0.6751922569499983,0.6576471835
2025-01-31,0.4526779207460486,0.6751922569499983,0.6576471835
2025-02-01,0.4491440115358568,0.6751922569499983,0.6576471835
2025-02-02,0.4432392961585019,0.6751922569499983,0.6576471835
2025-02-03,0.45065111748690984,0.6751922569499983,0.6576471835
2025-02-04,0.4434762431987526,0.6751922569499983,0.6576471835
2025-02-05,0.4458387063343059,0.6751922569499983,0.6576471835
2025-02-06,0.44591787413630624,0.6751922569499983,0.6576471835
2025-02-07,0.44591787413630624,0.6751922569499983,0.6576471835
2025-02-08,0.4460064987795027,0.6751922569499983,0.6576471835
2025-02-09,0.4459821426137589,0.6751922569499983,0.6576471835
2025-02-10,0.4459821426137589,0.6751922569499983,0.6576471835
2025-02-11,0.44258613793750845,0.6751922569499983,0.6576471835
2025-02-12,0.44258613793750845,0.6751922569499983,0.6576471835
2025-02-13,0.44002940724912976,0.6751922569499983,0.6576471835
2025-02-14,0.44002940724912976,0.6751922569499983,0.6576471835
2025-02-15,0.4402181846157705,0.6751922569499983,0.6576471835
2025-02-16,0.4372306061611537,0.6751922569499983,0.6576471835
2025-02-17,0.43656743492000183,0.6751922569499983,0.6576471835
2025-02-18,0.4363187447999668,0.6751922569499983,0.6576471835
2025-02-19,0.4383227940011563,0.6751922569499983,0.6576471835
2025-02-20,0.4417019651672946,0.6751922569499983,0.6576471835
2025-02-21,0.4374030843791324,0.6751922569499983,0.6576471835
2025-02-22,0.43817175302834005,0.6751922569499983,0.6576471835
2025-02-23,0.4375896401928515,0.6751922569499983,0.6576471835
2025-02-24,0.4375896401928515,0.6751922569499983,0.6576471835
2025-02-25,0.43140252926360273,0.6751922569499983,0.6576471835
2025-02-26,0.4216989399811089,0.6751922569499983,0.6576471835
2025-02-27,0.42273465222829165,0.6751922569499983,0.6576471835
2025-02-28,0.42190671379922856,0.6751922569499983,0.6576471835
2025-03-01,0.42190671379922856,0.6751922569499983,0.6576471835
2025-03-02,0.42190671379922856,0.6751922569499983,0.6576471835
2025-03-03,0.42190671379922856,0.6751922569499983,0.6576471835
2025-03-04,0.4242266140684858,0.6751922569499983,0.6576471835
2025-03-05,0.41696171403520527,0.6751922569499983,0.6576471835
2025-03-06,0.41696171403520527,0.6751922569499983,0.6576471835
2025-03-07,0.423503659719757,0.6751922569499983,0.6576471835
2025-03-08,0.423503659719757,0.6751922569499983,0.6576471835
2025-03-09,0.423503659719757,0.6751922569499983,0.6576471835
2025-03-10,0.423503659719757,0.6751922569499983,0.6576471835
2025-03-11,0.423503659719757,0.6751922569499983,0.6576471835
2025-03-12,0.4252157137263072,0.6751922569499983,0.6576471835
2025-03-13,0.4252157137263072,0.6751922569499983,0.6576471835
2025-03-14,0.43195158824831936,0.6751922569499983,0.6576471835
2025-03-15,0.43195158824831936,0.6751922569499983,0.6576471835
2025-03-16,0.43195158824831936,0.6751922569499983,0.6576471835
2025-03-17,0.43195158824831936,0.6751922569499983,0.6576471835
2025-03-18,0.43195158824831936,0.6751922569499983,0.6576471835
2025-03-19,0.42220823506846633,0.6751922569499983,0.6576471835
2025-03-20,0.42220823506846633,0.6751922569499983,0.6576471835
2025-03-21,0.42190739071183886,0.6751922569499983,0.6576471835
2025-03-22,0.42135306510971354,0.6751922569499983,0.6576471835
2025-03-23,0.42135306510971354,0.6751922569499983,0.6576471835
2025-03-24,0.41822568497831986,0.6751922569499983,0.6576471835
2025-03-25,0.41822568497831986,0.6751922569499983,0.6576471835
2025-03-26,0.4171572611878664,0.6751922569499983,0.6576471835
2025-03-27,0.4164714091632576,0.6751922569499983,0.6576471835
2025-03-28,0.4164714091632576,0.6751922569499983,0.6576471835
2025-03-29,0.4125266410238623,0.6751922569499983,0.6576471835
2025-03-30,0.4119605478428053,0.6751922569499983,0.6576471835
2025-03-31,0.4123312997298494,0.6751922569499983,0.6576471835
2025-04-01,0.41818531236441187,0.6751922569499983,0.6576471835
2025-04-02,0.4240124803202083,0.6751922569499983,0.6576471835
2025-04-03,0.4256234019422072,0.6751922569499983,0.6576471835
2025-04-04,0.42718868334357823,0.6751922569499983,0.6576471835
2025-04-05,0.42718868334357823,0.6751922569499983,0.6576471835
2025-04-06,0.42718868334357823,0.6751922569499983,0.6576471835
2025-04-07,0.42718868334357823,0.6751922569499983,0.6576471835
2025-04-08,0.4202850842708103,0.6751922569499983,0.6576471835
2025-04-09,0.4202850842708103,0.6751922569499983,0.6576471835
2025-04-10,0.4202850842708103,0.6751922569499983,0.6576471835
2025-04-11,0.4202850842708103,0.6751922569499983,0.6576471835
2025-04-12,0.4160671516505637,0.6751922569499983,0.6576471835
2025-04-13,0.4194149336865122,0.6751922569499983,0.6576471835
2025-04-14,0.4194149336865122,0.6751922569499983,0.6576471835
2025-04-15,0.4215247588736913,0.6751922569499983,0.6576471835
2025-04-16,0.42065968949991384,0.6751922569499983,0.6576471835
2025-04-17,0.41857492231626886,0.6751922569499983,0.6576471835
2025-04-18,0.41857492231626886,0.6751922569499983,0.6576471835
2025-04-19,0.41857492231626886,0.6751922569499983,0.6576471835
2025-04-20,0.41857492231626886,0.6751922569499983,0.6576471835
2025-04-21,0.41857492231626886,0.6751922569499983,0.6576471835
2025-04-22,0.43136438991241866,0.6751922569499983,0.6576471835
2025-04-23,0.43089222308578917,0.6751922569499983,0.6576471835
2025-04-24,0.43027199242380054,0.6751922569499983,0.6576471835
2025-04-26,0.43027199242380054,0.6751922569499983,0.6576471835
2025-04-27,0.43027199242380054,0.6751922569499983,0.6576471835
2025-04-28,0.4276436471898101,0.6751922569499983,0.6576471835
2025-04-29,0.4292017012932113,0.6751922569499983,0.6576471835
2025-04-30,0.429355475624859,0.6751922569499983,0.6576471835
2025-05-01,0.4246379758364235,0.6751922569499983,0.6576471835
2025-05-02,0.4246379758364235,0.6751922569499983,0.6576471835
2025-05-03,0.42260951374039435,0.6751922569499983,0.6576471835
2025-05-04,0.41948683256209196,0.6751922569499983,0.6576471835
2025-05-05,0.4204213606998397,0.6751922569499983,0.6576471835
2025-05-06,0.42462123675685587,0.6751922569499983,0.6576471835
2025-05-07,0.42462123675685587,0.6751922569499983,0.6576471835
2025-05-08,0.42462123675685587,0.6751922569499983,0.6576471835
2025-05-09,0.42462123675685587,0.6751922569499983,0.6576471835
2025-05-10,0.42462123675685587,0.6751922569499983,0.6576471835
2025-05-11,0.42462123675685587,0.6751922569499983,0.6576471835
2025-05-12,0.42462123675685587,0.6751922569499983,0.6576471835
2025-05-13,0.42462123675685587,0.6751922569499983,0.6576471835
2025-05-14,0.4257666272693909,0.6751922569499983,0.6576471835
2025-05-15,0.42529179781230303,0.6751922569499983,0.6576471835
2025-05-16,0.4258496230895342,0.6751922569499983,0.6576471835
2025-05-17,0.42646596152047184,0.6751922569499983,0.6576471835
2025-05-18,0.4326619054703228,0.6751922569499983,0.6576471835
2025-05-19,0.4310590563962303,0.6751922569499983,0.6576471835
2025-05-20,0.4333906735219763,0.6751922569499983,0.6576471835
2025-05-21,0.4282604770971913,0.6751922569499983,0.6576471835
2025-05-22,0.4282604770971913,0.6751922569499983,0.6576471835
2025-05-23,0.4282604770971913,0.6751922569499983,0.6576471835
2025-05-24,0.4282604770971913,0.6751922569499983,0.6576471835
2025-05-25,0.42601119192464054,0.6751922569499983,0.6576471835
2025-05-26,0.42525303472369824,0.6751922569499983,0.6576471835
2025-05-27,0.4261233730382734,0.6751922569499983,0.6576471835
2025-05-28,0.4261233730382734,0.6751922569499983,0.6576471835
2025-05-29,0.43000963927650576,0.6751922569499983,0.6576471835
2025-05-30,0.43000963927650576,0.6751922569499983,0.6576471835
2025-05-31,0.42890259714456747,0.6751922569499983,0.6576471835
2025-06-01,0.42698517611004866,0.6751922569499983,0.6576471835
2025-06-02,0.42656479609676395,0.6751922569499983,0.6576471835
2025-06-03,0.4274431670109175,0.6751922569499983,0.6576471835
2025-06-04,0.42870011169561945,0.6751922569499983,0.6576471835
2025-06-05,0.4345685809688666,0.6751922569499983,0.6576471835
2025-06-06,0.4345685809688666,0.6751922569499983,0.6576471835
2025-06-07,0.4345685809688666,0.6751922569499983,0.6576471835
2025-06-08,0.43425534313664915,0.6751922569499983,0.6576471835
2025-06-09,0.42583898381420315,0.6751922569499983,0.6576471835
2025-06-10,0.42582594531333023,0.6751922569499983,0.6576471835
2025-06-11,0.428668753412493,0.6751922569499983,0.6576471835
2025-06-12,0.4339806342429352,0.6751922569499983,0.6576471835
2025-06-13,0.4332080456117608,0.6751922569499983,0.6576471835
2025-06-14,0.4344351387504013,0.6751922569499983,0.6576471835
2025-06-15,0.4341109820415124,0.6751922569499983,0.6576471835
2025-06-16,0.43186102937762627,0.6751922569499983,0.6576471835
2025-06-17,0.43594274945363004,0.6751922569499983,0.6576471835
2025-06-18,0.43533306031729463,0.6751922569499983,0.6576471835
2025-06-19,0.43575482337495525,0.6751922569499983,0.6576471835
2025-06-20,0.43575482337495525,0.6751922569499983,0.6576471835
2025-06-21,0.43796991317230344,0.6751922569499983,0.6576471835
2025-06-22,0.43796991317230344,0.6751922569499983,0.6576471835
2025-06-23,0.43796991317230344,0.6751922569499983,0.6576471835
2025-06-24,0.43657727309675953,0.6751922569499983,0.6576471835
2025-06-25,0.43427037165931065,0.6751922569499983,0.6576471835
2025-06-26,0.4349376251707989,0.6751922569499983,0.6576471835
2025-06-27,0.434760051788354,0.6751922569499983,0.6576471835
2025-06-28,0.4343390064352529,0.6751922569499983,0.6576471835
2025-06-29,0.43239106032756,0.6751922569499983,0.6576471835
2025-06-30,0.43458707282564407,0.6751922569499983,0.6576471835
2025-07-01,0.43458707282564407,0.6751922569499983,0.6576471835
2025-07-02,0.43458707282564407,0.6751922569499983,0.6576471835
2025-07-03,0.4332476019708522,0.6751922569499983,0.6576471835
2025-07-04,0.4361126192910425,0.6751922569499983,0.6576471835
2025-07-05,0.4361126192910425,0.6751922569499983,0.6576471835
2025-07-06,0.4343118513676763,0.6751922569499983,0.6576471835
2025-07-07,0.43599845084985017,0.6751922569499983,0.6576471835
2025-07-08,0.43478503272454294,0.6751922569499983,0.6576471835
2025-07-09,0.430603595653636,0.6751922569499983,0.6576471835
2025-07-10,0.4222754164545689,0.6751922569499983,0.6576471835
2025-07-11,0.4222754164545689,0.6751922569499983,0.6576471835
2025-07-12,0.4222754164545689,0.6751922569499983,0.6576471835
2025-07-13,0.4222754164545689,0.6751922569499983,0.6576471835
2025-07-14,0.421033155534443,0.6751922569499983,0.6576471835
2025-07-15,0.421033155534443,0.6751922569499983,0.6576471835
2025-07-16,0.42240451668492396,0.6751922569499983,0.6576471835
2025-07-17,0.42334362120868985,0.6751922569499983,0.6576471835
2025-07-18,0.42334362120868985,0.6751922569499983,0.6576471835
2025-07-19,0.4232111203043145,0.6751922569499983,0.6576471835
2025-07-20,0.42224381672787953,0.6751922569499983,0.6576471835
2025-07-21,0.42224381672787953,0.6751922569499983,0.6576471835
2025-07-22,0.42655720648290096,0.6751922569499983,0.6576471835
2025-07-23,0.4245093044590219,0.6751922569499983,0.6576471835
2025-07-24,0.42518386493607924,0.6751922569499983,0.6576471835
2025-07-25,0.424034195754737,0.6751922569499983,0.6576471835
2025-07-26,0.42453028801376147,0.6751922569499983,0.6576471835
2025-07-27,0.42453028801376147,0.6751922569499983,0.6576471835
2025-07-28,0.42231953713817294,0.6751922569499983,0.6576471835
2025-07-29,0.42208705663960855,0.6751922569499983,0.6576471835
2025-07-30,0.42188406304255804,0.6751922569499983,0.6576471835
2025-07-31,0.4185412414507476,0.6751922569499983,0.6576471835
2025-08-01,0.4185412414507476,0.6751922569499983,0.6576471835
2025-08-02,0.4173171599991623,0.6751922569499983,0.6576471835
2025-08-03,0.4173171599991623,0.6751922569499983,0.6576471835
2025-08-04,0.4187176577988998,0.6751922569499983,0.6576471835
2025-08-05,0.42024549422235524,0.6751922569499983,0.6576471835
2025-08-06,0.42024549422235524,0.6751922569499983,0.6576471835
2025-08-07,0.4161670022131287,0.6751922569499983,0.6576471835
2025-08-08,0.41490430537005984,0.6751922569499983,0.6576471835
2025-08-09,0.41490430537005984,0.6751922569499983,0.6576471835
2025-08-10,0.41944792805929587,0.6751922569499983,0.6576471835
2025-08-11,0.4184770679668538,0.6751922569499983,0.6576471835
2025-08-12,0.4184770679668538,0.6751922569499983,0.6576471835
2025-08-13,0.42356268249096146,0.6751922569499983,0.6576471835
2025-08-14,0.415708662973038,0.6751922569499983,0.6576471835
2025-08-15,0.41418511766434646,0.6751922569499983,0.6576471835
2025-08-16,0.41418511766434646,0.6751922569499983,0.6576471835
2025-08-17,0.41418511766434646,0.6751922569499983,0.6576471835
2025-08-18,0.41418511766434646,0.6751922569499983,0.6576471835
2025-08-19,0.4195743125931206,0.6751922569499983,0.6576471835
2025-08-20,0.4195743125931206,0.6751922569499983,0.6576471835
2025-08-21,0.4224808125753884,0.6751922569499983,0.6576471835
2025-08-22,0.4224808125753884,0.6751922569499983,0.6576471835
2025-08-23,0.42495351663105957,0.6751922569499983,0.6576471835
2025-08-24,0.42815367604276316,0.6751922569499983,0.6576471835
2025-08-25,0.43389793460664533,0.6751922569499983,0.6576471835
2025-08-26,0.43389793460664533,0.6751922569499983,0.6576471835
2025-08-27,0.43389793460664533,0.6751922569499983,0.6576471835
2025-08-28,0.43159340946907165,0.6751922569499983,0.6576471835
2025-08-29,0.4243864398205547,0.6751922569499983,0.6576471835
2025-08-30,0.4251365329927233,0.6751922569499983,0.6576471835
2025-08-31,0.4241699306935269,0.6751922569499983,0.6576471835
2025-09-01,0.4258977401907696,0.6751922569499983,0.6576471835
2025-09-02,0.4294084509157675,0.6751922569499983,0.6576471835
2025-09-03,0.4285885089416882,0.6751922569499983,0.6576471835
2025-09-04,0.42689510918300244,0.6751922569499983,0.6576471835
2025-09-05,0.4270070598309463,0.6751922569499983,0.6576471835
2025-09-06,0.4278401904819952,0.6751922569499983,0.6576471835
2025-09-07,0.4278401904819952,0.6751922569499983,0.6576471835
2025-09-08,0.42946359972505804,0.6751922569499983,0.6576471835
2025-09-09,0.42946359972505804,0.6751922569499983,0.6576471835
2025-09-10,0.43361805713696117,0.6751922569499983,0.6576471835
2025-09-11,0.4362395974959874,0.6751922569499983,0.6576471835
2025-09-12,0.4353018261658248,0.6751922569499983,0.6576471835
2025-09-13,0.4351064105575794,0.6751922569499983,0.6576471835
2025-09-14,0.4351064105575794,0.6751922569499983,0.6576471835
2025-09-15,0.4349524370452243,0.6751922569499983,0.6576471835
2025-09-16,0.4349524370452243,0.6751922569499983,0.6576471835
2025-09-17,0.43553049940839617,0.6751922569499983,0.6576471835
2025-09-18,0.43449568769712377,0.6751922569499983,0.6576471835
2025-09-19,0.43449568769712377,0.6751922569499983,0.6576471835
2025-09-20,0.43458941465358103,0.6751922569499983,0.6576471835
2025-09-21,0.4338435176250171,0.6751922569499983,0.6576471835
2025-09-22,0.4338435176250171,0.6751922569499983,0.6576471835
2025-09-23,0.4338435176250171,0.6751922569499983,0.6576471835
2025-09-24,0.43156417950169845,0.6751922569499983,0.6576471835
2025-09-25,0.43156417950169845,0.6751922569499983,0.6576471835
2025-09-26,0.43156417950169845,0.6751922569499983,0.6576471835
2025-09-27,0.43156417950169845,0.6751922569499983,0.6576471835
2025-09-28,0.43156417950169845,0.6751922569499983,0.6576471835
2025-09-29,0.42786178674291053,0.6751922569499983,0.6576471835
2025-09-30,0.42831390650459195,0.6751922569499983,0.6576471835
2025-10-01,0.42059741150968055,0.6751922569499983,0.6576471835
2025-10-02,0.417517923821726,0.6751922569499983,0.6576471835
2025-10-03,0.417517923821726,0.6751922569499983,0.6576471835
2025-10-04,0.4177647282551525,0.6751922569499983,0.6576471835
2025-10-05,0.4160998082810223,0.6751922569499983,0.6576471835
2025-10-06,0.41792300324059306,0.6751922569499983,0.6576471835
2025-10-07,0.4128798999008792,0.6751922569499983,0.6576471835
2025-10-08,0.4158685912071497,0.6751922569499983,0.6576471835
2025-10-09,0.41838663144711613,0.6751922569499983,0.6576471835
2025-10-10,0.40465949282146263,0.6751922569499983,0.6576471835
2025-10-11,0.4081099885868462,0.6751922569499983,0.6576471835
2025-10-12,0.4081099885868462,0.6751922569499983,0.6576471835
2025-10-13,0.4077623322595323,0.6751922569499983,0.6576471835
2025-10-14,0.4111546101967106,0.6751922569499983,0.6576471835
2025-10-15,0.41489614415131165,0.6751922569499983,0.6576471835
2025-10-16,0.4192299927805228,0.6751922569499983,0.6576471835
2025-10-17,0.4192299927805228,0.6751922569499983,0.6576471835
2025-10-18,0.4205403697618846,0.6751922569499983,0.6576471835
2025-10-19,0.42313510394146475,0.6751922569499983,0.6576471835
2025-10-20,0.4198319510741341,0.6751922569499983,0.6576471835
2025-10-21,0.4198319510741341,0.6751922569499983,0.6576471835
2025-10-22,0.4185724400958434,0.6751922569499983,0.6576471835
2025-10-23,0.42294086078698423,0.6751922569499983,0.6576471835
2025-10-24,0.42294086078698423,0.6751922569499983,0.6576471835
2025-10-25,0.42294086078698423,0.6751922569499983,0.6576471835
2025-10-26,0.42294086078698423,0.6751922569499983,0.6576471835
2025-10-27,0.4222199451615706,0.6751922569499983,0.6576471835
2025-10-28,0.4242697815170244,0.6751922569499983,0.6576471835
2025-10-29,0.4242697815170244,0.6751922569499983,0.6576471835
2025-10-30,0.421280428857788,0.6751922569499983,0.6576471835
2025-10-31,0.4235459539746122,0.6751922569499983,0.6576471835
2025-11-01,0.4235459539746122,0.6751922569499983,0.6576471835
2025-11-02,0.4235459539746122,0.6751922569499983,0.6576471835
2025-11-03,0.4235459539746122,0.6751922569499983,0.6576471835
2025-11-04,0.4144338762265249,0.6751922569499983,0.6576471835
2025-11-05,0.41882132702337255,0.6751922569499983,0.6576471835
2025-11-06,0.41422670335115425,0.6751922569499983,0.6576471835
2025-11-07,0.41790596167655225,0.6751922569499983,0.6576471835
2025-11-08,0.4160202003250876,0.6751922569499983,0.6576471835
2025-11-09,0.4204159005808661,0.6751922569499983,0.6576471835
2025-11-10,0.4204159005808661,0.6751922569499983,0.6576471835
2025-11-11,0.4257014354457367,0.6751922569499983,0.6576471835
2025-11-12,0.4257014354457367,0.6751922569499983,0.6576471835
2025-11-13,0.4220221144023262,0.6751922569499983,0.6576471835
2025-11-14,0.412285194810324,0.6751922569499983,0.6576471835
2025-11-15,0.41427774516539007,0.6751922569499983,0.6576471835
2025-11-16,0.41166632090913224,0.6751922569499983,0.6576471835
2025-11-17,0.40763187151236385,0.6751922569499983,0.6576471835
2025-11-18,0.40911893440263386,0.6751922569499983,0.6576471835
2025-11-19,0.40632915389082697,0.6751922569499983,0.6576471835
2025-11-20,0.3965230538280399,0.6751922569499983,0.6576471835
2025-11-21,0.3934163469165632,0.6751922569499983,0.6576471835
2025-11-22,0.3925756153024558,0.6751922569499983,0.6576471835
2025-11-23,0.39699431252610884,0.6751922569499983,0.6576471835
2025-11-24,0.39995655119908985,0.6751922569499983,0.6576471835
2025-11-25,0.39807408759926,0.6751922569499983,0.6576471835
2025-11-26,0.39807408759926,0.6751922569499983,0.6576471835
2025-11-27,0.39976582797415,0.6751922569499983,0.6576471835
2025-11-28,0.3988901215032985,0.6751922569499983,0.6576471835
2025-11-29,0.3988901215032985,0.6751922569499983,0.6576471835
2025-11-30,0.39976898501344255,0.6751922569499983,0.6576471835
2025-12-01,0.39976898501344255,0.6751922569499983,0.6576471835
2025-12-02,0.41021440157116723,0.6751922569499983,0.6576471835
2025-12-03,0.40591027723073797,0.6751922569499983,0.6576471835
2025-12-04,0.4085354419283514,0.6751922569499983,0.6576471835
2025-12-05,0.4085354419283514,0.6751922569499983,0.6576471835
2025-12-06,0.4085354419283514,0.6751922569499983,0.6576471835
2025-12-07,0.4085354419283514,0.6751922569499983,0.6576471835
2025-12-08,0.4085354419283514,0.6751922569499983,0.6576471835
2025-12-09,0.4085354419283514,0.6751922569499983,0.6576471835
2025-12-10,0.40984699829273913,0.6751922569499983,0.6576471835
2025-12-11,0.4088444098921426,0.6751922569499983,0.6576471835
2025-12-12,0.4088444098921426,0.6751922569499983,0.6576471835
2025-12-13,0.40892250436894945,0.6751922569499983,0.6576471835
2025-12-14,0.40892250436894945,0.6751922569499983,0.6576471835
2025-12-15,0.4053121084828098,0.6751922569499983,0.6576471835
2025-12-16,0.4083447041992202,0.6751922569499983,0.6576471835
2025-12-17,0.404945415621532,0.6751922569499983,0.6576471835
2025-12-18,0.4033982193123912,0.6751922569499983,0.6576471835
2025-12-19,0.4089847166478894,0.6751922569499983,0.6576471835
2025-12-20,0.4089847166478894,0.6751922569499983,0.6576471835
2025-12-21,0.4083585339331867,0.6751922569499983,0.6576471835
2025-12-22,0.4084410615122534,0.6751922569499983,0.6576471835
2025-12-23,0.41076184629559587,0.6751922569499983,0.6576471835
2025-12-24,0.41076184629559587,0.6751922569499983,0.6576471835
2025-12-25,0.41076184629559587,0.6751922569499983,0.6576471835
2025-12-26,0.41076184629559587,0.6751922569499983,0.6576471835
2025-12-27,0.41076184629559587,0.6751922569499983,0.6576471835
2025-12-28,0.41076184629559587,0.6751922569499983,0.6576471835
2025-12-29,0.40925401503583914,0.6751922569499983,0.6576471835
2025-12-30,0.40925401503583914,0.6751922569499983,0.6576471835
2025-12-31,0.4074903492717573,0.6751922569499983,0.6576471835
2026-01-01,0.40499582080047336,0.6751922569499983,0.6576471835
2026-01-02,0.4026327522798501,0.6751922569499983,0.6576471835
2026-01-03,0.4026327522798501,0.6751922569499983,0.6576471835
2026-01-04,0.4044352840178934,0.6751922569499983,0.6576471835
2026-01-05,0.4090605127373507,0.6751922569499983,0.6576471835
2026-01-06,0.40883606276382933,0.6751922569499983,0.6576471835
2026-01-07,0.40883606276382933,0.6751922569499983,0.6576471835
2026-01-08,0.40883606276382933,0.6751922569499983,0.6576471835
2026-01-09,0.40791436125202296,0.6751922569499983,0.6576471835
2026-01-10,0.4081858431355629,0.6751922569499983,0.6576471835
2026-01-11,0.4081858431355629,0.6751922569499983,0.6576471835
2026-01-12,0.4076038833579328,0.6751922569499983,0.6576471835
2026-01-13,0.41589049104132086,0.6751922569499983,0.6576471835
2026-01-14,0.41589049104132086,0.6751922569499983,0.6576471835
2026-01-15,0.41589049104132086,0.6751922569499983,0.6576471835
2026-01-16,0.4160150397714158,0.6751922569499983,0.6576471835
2026-01-17,0.416790888651969,0.6751922569499983,0.6576471835
2026-01-18,0.4197369084763025,0.6751922569499983,0.6576471835
2026-01-19,0.4197369084763025,0.6751922569499983,0.6576471835
2026-01-20,0.4197369084763025,0.6751922569499983,0.6576471835
2026-01-21,0.4197369084763025,0.6751922569499983,0.6576471835
2026-01-22,0.4197369084763025,0.6751922569499983,0.6576471835
2026-01-23,0.4197369084763025,0.6751922569499983,0.6576471835
2026-01-24,0.4197369084763025,0.6751922569499983,0.6576471835
2026-01-25,0.4197369084763025,0.6751922569499983,0.6576471835
2026-01-26,0.4233818051038128,0.6751922569499983,0.6576471835
2026-01-27,0.4233818051038128,0.6751922569499983,0.6576471835
2026-01-28,0.4233818051038128,0.6751922569499983,0.6576471835
2026-01-29,0.4333217914570393,0.6751922569499983,0.6576471835
2026-01-30,0.4324153234090346,0.6751922569499983,0.6576471835
2026-01-31,0.4196958694496322,0.6751922569499983,0.6576471835
2026-02-01,0.41543589782500423,0.6751922569499983,0.6576471835
2026-02-02,0.4197151875467882,0.6751922569499983,0.6576471835
2026-02-03,0.4126105776157813,0.6751922569499983,0.6576471835
2026-02-04,0.4126105776157813,0.6751922569499983,0.6576471835
2026-02-05,0.38653978740284806,0.6751922569499983,0.6576471835
2026-02-06,0.38653978740284806,0.6751922569499983,0.6576471835
2026-02-07,0.38653978740284806,0.6751922569499983,0.6576471835
2026-02-08,0.389136591189306,0.6751922569499983,0.6576471835
2026-02-09,0.38957905294837836,0.6751922569499983,0.6576471835
2026-02-10,0.38957905294837836,0.6751922569499983,0.6576471835
2026-02-11,0.38957905294837836,0.6751922569499983,0.6576471835
2026-02-12,0.38745794727081423,0.6751922569499983,0.6576471835
2026-02-13,0.3942444609916301,0.6751922569499983,0.6576471835
2026-02-14,0.3967550079319305,0.6751922569499983,0.6576471835
2026-02-15,0.399309215572248,0.6751922569499983,0.6576471835
2026-02-16,0.399137876339758,0.6751922569499983,0.6576471835
2026-02-17,0.399137876339758,0.6751922569499983,0.6576471835
2026-02-18,0.3963346615044164,0.6751922569499983,0.6576471835
2026-02-19,0.39781467814688787,0.6751922569499983,0.6576471835
2026-02-20,0.39781467814688787,0.6751922569499983,0.6576471835
2026-02-21,0.39793634117017107,0.6751922569499983,0.6576471835
2026-02-22,0.39793634117017107,0.6751922569499983,0.6576471835
2026-02-23,0.39793634117017107,0.6751922569499983,0.6576471835
2026-02-24,0.39628904365630585,0.6751922569499983,0.6576471835
2026-02-25,0.4072097631964885,0.6751922569499983,0.6576471835
2026-02-26,0.4072097631964885,0.6751922569499983,0.6576471835
2026-02-27,0.4115898150155351,0.6751922569499983,0.6576471835
2026-02-28,0.4115898150155351,0.6751922569499983,0.6576471835
2026-03-01,0.4115898150155351,0.6751922569499983,0.6576471835
2026-03-02,0.4115898150155351,0.6751922569499983,0.6576471835
2026-03-03,0.4115898150155351,0.6751922569499983,0.6576471835
2026-03-04,0.4115898150155351,0.6751922569499983,0.6576471835
2026-03-05,0.4161451493507494,0.6751922569499983,0.6576471835
2026-03-06,0.4161451493507494,0.6751922569499983,0.6576471835
2026-03-07,0.4161451493507494,0.6751922569499983,0.6576471835
2026-03-08,0.4161451493507494,0.6751922569499983,0.6576471835
2026-03-09,0.4161451493507494,0.6751922569499983,0.6576471835
2026-03-10,0.4161451493507494,0.6751922569499983,0.6576471835
2026-03-11,0.4161451493507494,0.6751922569499983,0.6576471835
2026-03-12,0.4152639479079795,0.6751922569499983,0.6576471835
2026-03-13,0.41416256908214866,0.6751922569499983,0.6576471835
2026-03-14,0.41416256908214866,0.6751922569499983,0.6576471835
2026-03-17,0.41416256908214866,0.6751922569499983,0.6576471835
2026-03-18,0.4208974679100486,0.6751922569499983,0.6576471835
2026-03-19,0.4243967745192746,0.6751922569499983,0.6576471835
2026-03-20,0.42279734823561316,0.6751922569499983,0.6576471835
2026-03-21,0.42279734823561316,0.6751922569499983,0.6576471835
2026-03-22,0.42279734823561316,0.6751922569499983,0.6576471835
2026-03-23,0.42279734823561316,0.6751922569499983,0.6576471835
2026-03-24,0.42279734823561316,0.6751922569499983,0.6576471835
2026-03-25,0.4207103364159636,0.6751922569499983,0.6576471835
2026-03-26,0.4273739314249912,0.6751922569499983,0.6576471835
2026-03-27,0.4341504189045596,0.6751922569499983,0.6576471835
2026-03-28,0.434063869077362,0.6751922569499983,0.6576471835
2026-03-29,0.434063869077362,0.6751922569499983,0.6576471835
2026-03-30,0.434063869077362,0.6751922569499983,0.6576471835
2026-03-31,0.434063869077362,0.6751922569499983,0.6576471835
2026-04-01,0.434063869077362,0.6751922569499983,0.6576471835
2026-04-02,0.43755810665223077,0.6751922569499983,0.6576471835
2026-04-03,0.4373770136024151,0.6751922569499983,0.6576471835
2026-04-04,0.4373770136024151,0.6751922569499983,0.6576471835
2026-04-05,0.4323244967057508,0.6751922569499983,0.6576471835
2026-04-06,0.432832023517917,0.6751922569499983,0.6576471835
2026-04-07,0.432832023517917,0.6751922569499983,0.6576471835
2026-04-08,0.432832023517917,0.6751922569499983,0.6576471835
2026-04-09,0.432832023517917,0.6751922569499983,0.6576471835
2026-04-10,0.42966407271693974,0.6751922569499983,0.6576471835
2026-04-11,0.42966407271693974,0.6751922569499983,0.6576471835
