,lgbm_net,lgbm_gross,ma_net,ma_gross,buy_and_hold
2021-08-17 00:00:00+00:00,1.0,1.0,1.0,1.0,1.0
2021-08-18 00:00:00+00:00,0.9999069127190703,1.0002069127190703,0.9999069127190703,1.0002069127190703,0.9999069127190703
2021-08-19 00:00:00+00:00,1.0456264041913919,1.0462401833895392,1.0456264041913919,1.0462401833895392,1.0456264041913919
2021-08-20 00:00:00+00:00,0.9887528886274509,0.9889591373104122,1.102499919755333,1.1035212294686663,1.102499919755333
2021-08-21 00:00:00+00:00,0.9887528886274509,0.9889591373104122,1.0911583701871832,1.0926845952250364,1.0911583701871832
2021-08-22 00:00:00+00:00,0.9970110241387113,0.9975632817700352,1.100271803673846,1.1021911721415403,1.100271803673846
2021-08-23 00:00:00+00:00,1.0013529071054008,1.0026374169871353,1.1050633769738776,1.1077975002259268,1.1050633769738776
2021-08-24 00:00:00+00:00,0.9640580839256129,0.9661033599867058,1.0639059159486388,1.0674316248531484,1.0639059159486388
2021-08-25 00:00:00+00:00,0.9387156953841752,0.9403249390850535,1.0918730245109325,1.0959137757790884,1.0918730245109325
2021-08-26 00:00:00+00:00,0.9387156953841752,0.9403249390850535,1.043732012253394,1.0480534098768728,1.043732012253394
2021-08-27 00:00:00+00:00,0.9387156953841752,0.9403249390850535,1.0931164496668337,1.0979567313069463,1.0931164496668337
2021-08-28 00:00:00+00:00,0.9422361605393076,0.9432366831508677,1.0890169354150994,1.0945568757208395,1.0890169354150994
2021-08-29 00:00:00+00:00,0.9393235002955285,0.9406039010754864,1.085650543351808,1.0915017255402328,1.085650543351808
2021-08-30 00:00:00+00:00,0.904837220345083,0.9064708395093806,1.0457920190472374,1.0518928151851124,1.0457920190472374
2021-08-31 00:00:00+00:00,0.904837220345083,0.9064708395093806,1.0476726167117658,1.0547028017547992,1.0476726167117658
2021-09-01 00:00:00+00:00,0.904837220345083,0.9064708395093806,1.0841734969262609,1.092564921382115,1.0841734969262609
2021-09-02 00:00:00+00:00,0.9119619014664987,0.914937405956531,1.0927102704720528,1.1027696329972332,1.0927102704720528
2021-09-03 00:00:00+00:00,0.8994591638717916,0.901427646246889,1.1076910166597875,1.11905288107507,1.1076910166597875
2021-09-04 00:00:00+00:00,0.8972327098728953,0.8998719035775795,1.104949121093381,1.1171215465707969,1.104949121093381
2021-09-05 00:00:00+00:00,0.9303591821367836,0.9333657783284766,1.1457446315670161,1.1587016081480221,1.1457446315670161
2021-09-06 00:00:00+00:00,0.9458084204440739,0.9493015996944396,1.1647704897433424,1.1784847009853971,1.1647704897433424
2021-09-07 00:00:00+00:00,1.0506908496164384,1.054163412567497,1.0356069554038951,1.0483068499965555,1.0356069554038951
2021-09-08 00:00:00+00:00,1.0323927105346942,1.0361210466427428,1.017571507478447,1.0303647211353406,1.017571507478447
2021-09-09 00:00:00+00:00,1.024822252327581,1.0282124125129781,1.025033282916715,1.038229417664844,1.025033282916715
2021-09-10 00:00:00+00:00,1.024822252327581,1.0282124125129781,0.9904158119915081,1.0034893313565159,0.9904158119915081
2021-09-11 00:00:00+00:00,1.024822252327581,1.0282124125129781,0.9974693970899392,1.0109370707959142,0.9974693970899392
2021-09-12 00:00:00+00:00,1.0438564526688576,1.0476180426074944,1.0159955681360704,1.0300166603884506,1.0159955681360704
2021-09-13 00:00:00+00:00,1.0192694727314184,1.0232567476472914,0.99206482307393,1.0060646677183056,0.99206482307393
2021-09-14 00:00:00+00:00,1.066809298658638,1.0712895213950426,1.0383357948426293,1.053290426718897,1.0383357948426293
2021-09-15 00:00:00+00:00,1.0895744070030695,1.0944716220205264,1.0604932946855863,1.0760830370939705,1.0604932946855863
2021-09-16 00:00:00+00:00,1.0810808431262746,1.0862682243498778,1.0522264269237966,1.0680174674598994,1.0522264269237966
2021-09-23 00:00:00+00:00,1.0810808431262746,1.0862682243498778,0.9876976580803639,1.0027614459642402,0.9876976580803639
2021-09-24 00:00:00+00:00,1.0322643101318454,1.0370826042473626,0.9430978710979497,0.957356966270319,0.9430978710979497
2021-09-25 00:00:00+00:00,1.0284564029749523,1.0335227168450272,0.9396188889247252,0.9540707449126316,0.9396188889247252
2021-09-26 00:00:00+00:00,1.0284564029749523,1.0335227168450272,0.9504979287132134,0.965219873284414,0.9504979287132134
2021-09-27 00:00:00+00:00,1.0036624999511585,1.0089167325520476,0.9275834391921575,0.9422400348597603,0.9275834391921575
2021-09-28 00:00:00+00:00,0.9769058128732229,0.9821775956944743,0.9028549474707395,0.9172680184069555,0.9028549474707395
2021-09-29 00:00:00+00:00,0.988524532494002,0.9939952034178617,0.9135929514365907,0.9283046309974491,0.9135929514365907
2021-09-30 00:00:00+00:00,0.988524532494002,0.9939952034178617,0.9638899533811657,0.9796829605027106,0.9638899533811657
2021-10-01 00:00:00+00:00,0.988524532494002,0.9939952034178617,1.0590365421709713,1.0764816516511413,1.0590365421709713
2021-10-02 00:00:00+00:00,0.9781631173785872,0.9837229016380031,1.0479360415003989,1.065356905426795,1.0479360415003989
2021-10-03 00:00:00+00:00,0.9893852115039232,0.9953038979280899,1.0599586138976955,1.0778989478544159,1.0599586138976955
2021-10-04 00:00:00+00:00,1.0098446802314271,1.0161843501736705,1.0818774680116803,1.1005121593098197,1.0818774680116803
2021-10-05 00:00:00+00:00,0.9635975597143356,0.9695683047170063,1.1314234215898045,1.150996625868698,1.1314234215898045
2021-10-06 00:00:00+00:00,0.9635975597143356,0.9695683047170063,1.2161022790626843,1.2374856950612059,1.2161022790626843
2021-10-07 00:00:00+00:00,0.9905321894255572,0.9959732044952067,1.1821095979404566,1.2037844224473233,1.1821095979404566
2021-10-08 00:00:00+00:00,0.9905321894255572,0.9959732044952067,1.1847951442251545,1.2073636769530995,1.1847951442251545
2021-10-09 00:00:00+00:00,1.008268941411594,1.01416311659887,1.2060104241037106,1.2294143095020584,1.2060104241037106
2021-10-10 00:00:00+00:00,1.013465274156886,1.0189749726903239,1.19979498772504,1.223581160339686,1.19979498772504
2021-10-11 00:00:00+00:00,1.013465274156886,1.0189749726903239,1.2608507341204958,1.2862144233152388,1.2608507341204958
2021-10-12 00:00:00+00:00,1.013465274156886,1.0189749726903239,1.227840132627692,1.2529256340029404,1.227840132627692
2021-10-13 00:00:00+00:00,1.013465274156886,1.0189749726903239,1.2577625507833887,1.28383526258007,1.2577625507833887
2021-10-14 00:00:00+00:00,1.0126847459927633,1.0187004936655921,1.256793875171408,1.28348943872744,1.256793875171408
2021-10-15 00:00:00+00:00,0.9369407529987934,0.9419291010392452,1.3507960677121138,1.3802158781912655,1.3507960677121138
2021-10-16 00:00:00+00:00,0.9240281918114874,0.9300711652398311,1.332179909945383,1.3628403546461638,1.332179909945383
2021-10-17 00:00:00+00:00,0.9240281918114874,0.9300711652398311,1.3447619198529288,1.377288230983491,1.3447619198529288
2021-10-18 00:00:00+00:00,0.9303759478541954,0.9371174553052661,1.353999971979905,1.3877226716391338,1.353999971979905
2021-10-19 00:00:00+00:00,0.9303759478541954,0.9371174553052661,1.4032616191514682,1.4386965706621477,1.4032616191514682
2021-10-20 00:00:00+00:00,0.9303759478541954,0.9371174553052661,1.4402214101542572,1.4777871926171755,1.4402214101542572
2021-10-21 00:00:00+00:00,0.985697307929608,0.9910757004831454,1.3545839778848363,1.3926977481632863,1.3545839778848363
2021-10-22 00:00:00+00:00,1.010756821332298,1.0153679100406487,1.3201462097426329,1.358561399615791,1.3201462097426329
2021-10-23 00:00:00+00:00,1.0199991920778155,1.0252456936374288,1.3322176402303822,1.3717778656628679,1.3322176402303822
2021-10-24 00:00:00+00:00,1.028047430732001,1.032305623965579,1.3217058617984325,1.3623316848913898,1.3217058617984325
2021-10-25 00:00:00+00:00,1.028047430732001,1.032305623965579,1.3688301539565277,1.4120851344060283,1.3688301539565277
2021-10-26 00:00:00+00:00,1.0747505273809,1.0775749940448298,1.3066456622053644,1.3501614142898173,1.3066456622053644
2021-10-27 00:00:00+00:00,1.1096788787101286,1.1116630246597659,1.2641809435663878,1.3074503789746255,1.2641809435663878
2021-10-28 00:00:00+00:00,1.150490954322782,1.152985579838942,1.3106753386988594,1.3560507094981213,1.3106753386988594
2021-10-29 00:00:00+00:00,1.181736799835229,1.1850556499911395,1.3462715848023894,1.3937689968245048,1.3462715848023894
2021-10-30 00:00:00+00:00,1.1729740082757882,1.1772001289199898,1.3362887381298763,1.384529952461523,1.3362887381298763
2021-10-31 00:00:00+00:00,1.1613034979071934,1.1668045869325576,1.3229933270945495,1.3723035358140192,1.3229933270945495
2021-11-01 00:00:00+00:00,1.1522201201440088,1.1590877161982083,1.312645258575141,1.3632275610426074,1.312645258575141
2021-11-02 00:00:00+00:00,1.1522201201440088,1.1590877161982083,1.361430706482389,1.415208957240424,1.361430706482389
2021-11-03 00:00:00+00:00,1.1445738867885151,1.1532207070305829,1.3523961334028995,1.4080455270614993,1.3523961334028995
2021-11-04 00:00:00+00:00,1.1737520664379733,1.1809690002331614,1.3179200215562614,1.3741657502856515,1.3179200215562614
2021-11-05 00:00:00+00:00,1.1737520664379733,1.1809690002331614,1.3077545043953462,1.3646397123890837,1.3077545043953462
2021-11-06 00:00:00+00:00,1.1737520664379733,1.1809690002331614,1.3168056196011586,1.3759427390859693,1.3168056196011586
2021-11-07 00:00:00+00:00,1.2071291589824786,1.215625512814116,1.3542506169607225,1.416320917377179,1.3542506169607225
2021-11-08 00:00:00+00:00,1.287432595913282,1.298000919505901,1.4443412076803401,1.512296207748423,1.4443412076803401
2021-11-09 00:00:00+00:00,1.300677555626343,1.309462470046358,1.4294819900650912,1.4989423963937685,1.4294819900650912
2021-11-10 00:00:00+00:00,1.2579874900748578,1.268624073392212,1.3825643819334128,1.4521946616965857,1.3825643819334128
2021-11-11 00:00:00+00:00,1.2555740074799573,1.2668882192520645,1.3799118952445928,1.4502076285252337,1.3799118952445928
2021-11-12 00:00:00+00:00,1.2413619003490441,1.2536935391607602,1.3642923813253778,1.4351036711013843,1.3642923813253778
2021-11-13 00:00:00+00:00,1.2369765826479178,1.2483994087583192,1.3691119714285183,1.4411638650311691,1.3691119714285183
2021-11-14 00:00:00+00:00,1.258432943030617,1.270516077253867,1.3928603271171556,1.4666955524278806,1.3928603271171556
2021-11-15 00:00:00+00:00,1.258432943030617,1.270516077253867,1.3511191305352508,1.423883633181553,1.3511191305352508
2021-11-16 00:00:00+00:00,1.18757610155795,1.1996903510640529,1.2750435362231154,1.3445083351153928,1.2750435362231154
2021-11-17 00:00:00+00:00,1.1923378206807769,1.2048984009602637,1.280155965802075,1.3503450633085816,1.280155965802075
2021-11-18 00:00:00+00:00,1.2607721279320947,1.2736772735232182,1.206681330364203,1.273263700306276,1.206681330364203
2021-11-19 00:00:00+00:00,1.2858316975648598,1.299375453749171,1.2306657714482687,1.2989535361271847,1.2306657714482687
2021-11-20 00:00:00+00:00,1.3219105561247106,1.3362241461132889,1.2651967418595749,1.3357902634256158,1.2651967418595749
2021-11-21 00:00:00+00:00,1.2981621731643318,1.312619483939284,1.242467233719487,1.3121932658745676,1.242467233719487
2021-11-22 00:00:00+00:00,1.2981621731643318,1.312619483939284,1.1914082843124365,1.2586625967121234,1.1914082843124365
2021-11-23 00:00:00+00:00,1.327863904080143,1.3430838081115577,1.2186675043105504,1.287874646235173,1.2186675043105504
2021-11-24 00:00:00+00:00,1.327863904080143,1.3430838081115577,1.2096169750096335,1.2787223933694876,1.2096169750096335
2021-11-25 00:00:00+00:00,1.369638837199242,1.385917936622922,1.2476718299352665,1.3195038836958146,1.2476718299352665
2021-11-26 00:00:00+00:00,1.2473558058842005,1.2629798315599672,1.136278162271128,1.2024570493933096,1.136278162271128
2021-11-27 00:00:00+00:00,1.2697838148708755,1.2860780683407191,1.1567089461056688,1.2244484042443724,1.1567089461056688
2021-11-28 00:00:00+00:00,1.3291810241671767,1.3466233041761484,1.210816804909751,1.2820922745725072,1.210816804909751
2021-11-29 00:00:00+00:00,1.3291810241671767,1.3466233041761484,1.2211445844145283,1.293550765420478,1.2211445844145283
2021-11-30 00:00:00+00:00,1.3494223232483384,1.3664864006563673,1.2025485073527429,1.2744705047596636,1.2025485073527429
2021-12-01 00:00:00+00:00,1.3494223232483384,1.3664864006563673,1.2068702315342668,1.2797113243219302,1.2068702315342668
2021-12-02 00:00:00+00:00,1.3663177276217733,1.383104189806777,1.1917596466293512,1.264148803574736,1.1917596466293512
2021-12-03 00:00:00+00:00,1.3663177276217733,1.383104189806777,1.1299886825694323,1.1992437507885052,1.1299886825694323
2021-12-04 00:00:00+00:00,1.4806606131442546,1.4985866304730395,1.035423440561167,1.0991127582606268,1.035423440561167
2021-12-05 00:00:00+00:00,1.4875173110689484,1.505935050393443,1.040218317721436,1.1045023312911981,1.040218317721436
2021-12-06 00:00:00+00:00,1.456387948579448,1.4739684782718636,1.0619870277993706,1.1279476674114035,1.0619870277993706
2021-12-07 00:00:00+00:00,1.4523331552946368,1.4695113248445986,1.0649437522580407,1.1313584837793849,1.0649437522580407
2021-12-08 00:00:00+00:00,1.4562603333845836,1.473044100126501,1.0620640935821737,1.1286386440483849,1.0620640935821737
2021-12-09 00:00:00+00:00,1.5408550819988873,1.5581719112728505,1.0003683631216398,1.0634141627617948,1.0003683631216398
2021-12-10 00:00:00+00:00,1.5543926327325694,1.5713941515771048,0.9915793876843381,1.054390307626646,0.9915793876843381
2021-12-11 00:00:00+00:00,1.4808332658446814,1.4965587943324246,1.038504437662807,1.1046041099800379,1.038504437662807
2021-12-12 00:00:00+00:00,1.4808332658446814,1.4965587943324246,1.0524064801671882,1.1197223835271528,1.0524064801671882
2021-12-13 00:00:00+00:00,1.3804850782262486,1.3955939389971947,0.9810904952021744,1.0441806748441556,0.9810904952021744
2021-12-14 00:00:00+00:00,1.4288537803701649,1.4447480390792788,1.0154654223108643,1.080957677065839,1.0154654223108643
2021-12-15 00:00:00+00:00,1.4445823590149645,1.461085003424033,1.0266434924362438,1.0931809620613784,1.0266434924362438
2021-12-16 00:00:00+00:00,1.4445823590149645,1.461085003424033,1.0001606539868366,1.065309706957904,1.0001606539868366
2021-12-17 00:00:00+00:00,1.4445823590149645,1.461085003424033,0.9684298114608791,1.0317748592769818,0.9684298114608791
2021-12-18 00:00:00+00:00,1.4658265770173833,1.4829626348353389,0.9826716675283622,1.047224193174609,0.9826716675283622
2021-12-19 00:00:00+00:00,1.4658265770173833,1.4829626348353389,0.9793124609324143,1.0439279057927504,0.9793124609324143
2021-12-20 00:00:00+00:00,1.4590575884646622,1.4756696254986374,0.983834793206589,1.0490618018093787,0.983834793206589
2021-12-21 00:00:00+00:00,1.520138937999746,1.5378770735191145,1.0250216232287435,1.0932854250233304,1.0250216232287435
2021-12-22 00:00:00+00:00,1.5300955467382578,1.5474885004073624,1.0183079347652193,1.0864526078160661,1.0183079347652193
2021-12-23 00:00:00+00:00,1.4596325580774046,1.475857199666698,1.0652024052534028,1.1367431356425832,1.0652024052534028
2021-12-24 00:00:00+00:00,1.4596325580774046,1.475857199666698,1.0646864384896824,1.136533538650401,1.0646864384896824
2021-12-25 00:00:00+00:00,1.4717027384551902,1.4876187897675186,1.0558821971158947,1.127476130101349,1.0558821971158947
2021-12-26 00:00:00+00:00,1.4818336554298852,1.4983055553976778,1.0631506859176945,1.1355757005281752,1.0631506859176945
2021-12-27 00:00:00+00:00,1.4839714968541773,1.500017669165541,1.061616878416231,1.1342780781678223,1.061616878416231
2021-12-28 00:00:00+00:00,1.5776465388627419,1.5942556133776644,0.9946027842146536,1.063017561409458,0.9946027842146536
2021-12-29 00:00:00+00:00,1.5411369151931535,1.557839902058823,0.9715858583964169,1.0387362979042087,0.9715858583964169
2021-12-31 00:00:00+00:00,1.5333766646458613,1.550258788972722,0.9666935288343694,1.0336813642549663,0.9666935288343694
2022-01-01 00:00:00+00:00,1.5824841688520879,1.6003720331398466,0.9976525929885963,1.0670958670246888,0.9976525929885963
2022-01-02 00:00:00+00:00,1.5824841688520879,1.6003720331398466,0.9884787631727198,1.0576036062314504,0.9884787631727198
2022-01-03 00:00:00+00:00,1.554088686105351,1.572135689097441,0.9707418832609622,1.0389436580021312,0.9707418832609622
2022-01-04 00:00:00+00:00,1.554088686105351,1.572135689097441,0.9576513872655027,1.0252451412419772,0.9576513872655027
2022-01-05 00:00:00+00:00,1.4718471456141307,1.4894107515853163,0.9069729890206486,0.9712972913000023,0.9069729890206486
2022-01-06 00:00:00+00:00,1.4598238052084784,1.477690759443102,0.8995640369306018,0.9636542709916867,0.8995640369306018
2022-01-10 00:00:00+00:00,1.4161434987845207,1.4338382039697484,0.8726476154824054,0.9350564726324934,0.8726476154824054
2022-01-11 00:00:00+00:00,1.4462160841246645,1.4646793317349942,0.8541164638646549,0.9149438852705881,0.891178767100156
2022-01-12 00:00:00+00:00,1.4462160841246645,1.4646793317349942,0.8305086445760871,0.8896592672650973,0.9158109901957208
2022-01-13 00:00:00+00:00,1.4018934524657913,1.4197383131681156,0.855961499890814,0.916956842087154,0.8877438475099436
2022-01-14 00:00:00+00:00,1.4188528689473092,1.436697339247631,0.8456064992712877,0.9060036298969123,0.8984833353164847
2022-01-15 00:00:00+00:00,1.4195674698899103,1.4376356131869619,0.8451806121235265,0.9054119397951428,0.8989358537222901
2022-01-16 00:00:00+00:00,1.4190957550564702,1.4373068334536852,0.8454614612132184,0.9056190027625184,0.898637142047427
2022-01-17 00:00:00+00:00,1.3896912531112218,1.4077894229225931,0.8629799218895294,0.9242173474354276,0.8800168498668232
2022-01-18 00:00:00+00:00,1.3945871583191558,1.4131713969523938,0.8599396293896936,0.9206840677553868,0.8831171637449503
2022-01-19 00:00:00+00:00,1.3718501037862025,1.3904842602101761,0.8739599035130027,0.9354647839421095,0.8687190079959349
2022-01-20 00:00:00+00:00,1.3718501037862025,1.3904842602101761,0.8951218263453193,0.9578353365016157,0.8476839873545067
2022-01-21 00:00:00+00:00,1.2286330119247864,1.2456381388164308,0.9885698965659964,1.0576126136677455,0.7591882871673367
2022-01-22 00:00:00+00:00,1.181849705142504,1.198370136215567,1.0262121935724253,1.097745646059523,0.730280274604315
2022-01-23 00:00:00+00:00,1.221772244683733,1.2389366662393344,0.9915470439367985,1.0605853978494297,0.7549489300282759
2022-01-24 00:00:00+00:00,1.235706236038685,1.2532410290448626,0.9802387104905592,1.04834022121491,0.7635589241660683
2022-01-25 00:00:00+00:00,1.2452475719544567,1.2630194955622922,0.9726699319721182,1.0401605019793871,0.7694546394861661
2022-01-26 00:00:00+00:00,1.240363895558547,1.2579984351015328,0.9764845992678172,1.0442955994879235,0.7664369524452801
2022-01-27 00:00:00+00:00,1.2522284989047188,1.2697472993833767,0.96714411258851,1.0345425768082728,0.7737682448693611
2022-01-28 00:00:00+00:00,1.2711703729326331,1.2890754583633253,0.9525145765545401,1.0187947162648507,0.7854726747189736
2022-01-29 00:00:00+00:00,1.2864589620976012,1.304593794105971,0.9410585165765297,1.0065301134774354,0.7949196924278449
2022-01-30 00:00:00+00:00,1.2766931850249956,1.2950187962920867,0.948202287156027,1.0139174885206839,0.7888852920034296
2022-01-31 00:00:00+00:00,1.2959288327569987,1.3144775855993533,0.9339159375550804,0.9986824920553299,0.800771248438326
2022-02-01 00:00:00+00:00,1.3041234114990161,1.3227349953212058,0.928010483879481,0.9924088738443496,0.8058347850182718
2022-02-02 00:00:00+00:00,1.2436985233208289,1.2615753807134338,0.9710086612162012,1.0382951205017268,0.7684974622269776
2022-02-03 00:00:00+00:00,1.2572106112560173,1.2751797427859255,0.9604591959155994,1.0270985301327717,0.7768467567648962
2022-02-04 00:00:00+00:00,1.4008029411205452,1.4208612827389324,0.8507603336513458,0.9097587618375884,0.8655743213852188
2022-02-05 00:00:00+00:00,1.4070979028718826,1.4268562572630468,0.8545835007811966,0.9135972650514931,0.8616845828030731
2022-02-06 00:00:00+00:00,1.4070979028718826,1.4268562572630468,0.834460669198565,0.8918107603662446,0.8819746231809249
2022-02-07 00:00:00+00:00,1.4070979028718826,1.4268562572630468,0.8055064703589606,0.8608922708680514,0.9125774658955993
2022-02-08 00:00:00+00:00,1.4128261699814264,1.4330930171109604,0.8022272698063448,0.8571293281602639,0.9162925503059529
2022-02-09 00:00:00+00:00,1.4233553801362566,1.4440478769941498,0.7962486011667076,0.8505772540243525,0.9231213003889185
2022-02-10 00:00:00+00:00,1.3946411314655414,1.4151790166458291,0.8123118280014714,0.8675816735821028,0.9044985903176895
2022-02-11 00:00:00+00:00,1.3946411314655414,1.4151790166458291,0.832892468286397,0.8896405852912692,0.8815823166850016
2022-02-12 00:00:00+00:00,1.3887539261352513,1.4096296683468306,0.836408361277235,0.8931291372063529,0.8778608890024383
2022-02-13 00:00:00+00:00,1.383213349357573,1.4043271730179734,0.8397452985531173,0.8964887522772083,0.8743585725991467
2022-02-14 00:00:00+00:00,1.3988747594400368,1.4204948734345042,0.8302372964133392,0.8861676804841881,0.8842584829571208
2022-02-15 00:00:00+00:00,1.464704214322401,1.4874511528025327,0.79116727368466,0.8443973848702682,0.9258706812724832
2022-02-16 00:00:00+00:00,1.4422627943052688,1.465107451621529,0.8032891184359435,0.857081473897336,0.9116849824557455
2022-02-17 00:00:00+00:00,1.3310479493361482,1.352570556302646,0.8652318345102832,0.9229150671952113,0.8413837139318413
2022-02-18 00:00:00+00:00,1.3138505696127578,1.3350369806561986,0.8764107859629788,0.9348789540848891,0.8305128845009564
2022-02-19 00:00:00+00:00,1.3164258111016636,1.3379030137872046,0.8746929578708531,0.9328719729340219,0.8321407494094201
2022-02-20 00:00:00+00:00,1.2610331605324099,1.281634566127763,0.9114983448224959,0.9721059512127693,0.7971258770423262
2022-02-21 00:00:00+00:00,1.2156397791189182,1.2354807435507074,0.9443095295869195,1.007113126256378,0.7684317553462169
2022-02-22 00:00:00+00:00,1.2559943447129482,1.276420256433706,0.9129620848032333,0.9737409178895239,0.7939407344108294
2022-02-23 00:00:00+00:00,1.2238776563121179,1.2435443845509977,0.9363071889614046,0.9988208878305599,0.7736390927011076
2022-02-24 00:00:00+00:00,1.2598528890818492,1.27986417270185,0.9087849371308105,0.9696486576332835,0.7963798023595805
2022-02-25 00:00:00+00:00,1.2598528890818492,1.27986417270185,0.8878246397559885,0.9471176398389697,0.8147475776150325
2022-02-26 00:00:00+00:00,1.2636018583344382,1.283327817728394,0.8904665571615688,0.9496807862827482,0.8123231170739877
2022-02-27 00:00:00+00:00,1.309814280036123,1.3301750450251422,0.9230326821473603,0.9843483989065387,0.7826148524045046
2022-02-28 00:00:00+00:00,1.309814280036123,1.3301750450251422,0.7883611491668803,0.8410806597048889,0.8967992620631222
2022-03-01 00:00:00+00:00,1.3471035000234124,1.3683680678102343,0.7659172250405489,0.8169308961678636,0.9223303205324102
2022-03-02 00:00:00+00:00,1.3314139172763535,1.3526975547088376,0.7748377880703848,0.8262863660976909,0.911588029473213
2022-03-03 00:00:00+00:00,1.3314139172763535,1.3526975547088376,0.8004275205080914,0.8533273493562351,0.8814819942142349
2022-03-04 00:00:00+00:00,1.226827382524872,1.2468449360152882,0.8633034898842519,0.9201027598814838,0.8122389541465105
2022-03-05 00:00:00+00:00,1.2193359741594862,1.2389612771963392,0.8580318770411514,0.9142850547060024,0.8171987502697943
2022-03-06 00:00:00+00:00,1.1891116043044212,1.2083137795648606,0.8793003980630164,0.9369012167800961,0.7969423830365738
2022-03-07 00:00:00+00:00,1.1757111790777248,1.1945538712340131,0.8892094757251927,0.947570361729015,0.7879614204631628
2022-03-08 00:00:00+00:00,1.1985424937960059,1.218030357869379,0.8719417812845519,0.928947825342088,0.8032629634752574
2022-03-09 00:00:00+00:00,1.1985424937960059,1.218030357869379,0.7994734553749961,0.851492910680099,0.8700232948157781
2022-03-10 00:00:00+00:00,1.2709687775150835,1.2915202467401246,0.8477845428871891,0.9028677544808468,0.8174489769933354
2022-03-11 00:00:00+00:00,1.2487479853356553,1.26876873546079,0.8626066569105244,0.9187727361887732,0.803157230290817
2022-03-12 00:00:00+00:00,1.2513243982411197,1.2713775229828803,0.8608269295761845,0.9168835953368468,0.8048143017556267
2022-03-13 00:00:00+00:00,1.2176276937272936,1.2370011758482014,0.8840079933548861,0.941674900976294,0.7831415926221037
2022-03-14 00:00:00+00:00,1.279394441309395,1.2996022442645903,0.8391648127444259,0.8940194451424774,0.8228681110987506
2022-03-15 00:00:00+00:00,1.266797291445358,1.287056467085493,0.84742738178916,0.9026499078875497,0.8147660023360777
2022-03-16 00:00:00+00:00,1.266797291445358,1.287056467085493,0.8080535418806828,0.8604767508252881,0.8526223034519558
2022-03-17 00:00:00+00:00,1.2735782229018437,1.293559725219714,0.812378902944892,0.8648245805998312,0.8480583740553416
2022-03-18 00:00:00+00:00,1.247278991770025,1.2665676676546314,0.7956033801297476,0.8467787227950947,0.8655706734897161
2022-03-19 00:00:00+00:00,1.2346072553040657,1.2533199974999116,0.7875204440497262,0.83792183697675,0.8743644425979086
2022-03-20 00:00:00+00:00,1.2346072553040657,1.2533199974999116,0.8050645956542555,0.8563374396155172,0.85488560562999
2022-03-21 00:00:00+00:00,1.2261485125786045,1.2448452567204231,0.8105803856050764,0.8621278505520608,0.8490284738444304
2022-03-22 00:00:00+00:00,1.185592880105756,1.203297764110443,0.7837699300435672,0.8333537918437226,0.877110624082337
2022-03-23 00:00:00+00:00,1.1714088215253082,1.1885768310343572,0.7743931542650725,0.8231586882173954,0.8876040984294562
2022-03-24 00:00:00+00:00,1.141218152245351,1.1579251852409203,0.754434752737383,0.8019306380954083,0.910480280762047
2022-03-25 00:00:00+00:00,1.1331621086954236,1.1495725477655734,0.7491090757739793,0.7961459501157693,0.9169075083510385
2022-03-26 00:00:00+00:00,1.1381001361749674,1.154727255716837,0.7458446521112377,0.7925760146059095,0.9209031541970245
2022-03-27 00:00:00+00:00,1.1977111978931143,1.2152444614528222,0.7067790284671003,0.7510385125682207,0.9691379386561272
2022-03-30 00:00:00+00:00,1.1921255448616825,1.2092124668512427,0.703482889606702,0.7473106533620378,0.9736576160829163
2022-03-31 00:00:00+00:00,1.2316825705159684,1.2489737058044326,0.7268258091771003,0.7718836694987031,0.94134977781547
2022-04-01 00:00:00+00:00,1.2114370353558608,1.2281089888187047,0.7148787557501737,0.7589889750506542,0.9568230259403815
2022-04-02 00:00:00+00:00,1.2114370353558608,1.2281089888187047,0.7223801117780854,0.7667254911387248,0.9467829035901926
2022-04-03 00:00:00+00:00,1.2114370353558608,1.2281089888187047,0.7131669185557209,0.7567167019233428,0.9588581167476216
2022-04-04 00:00:00+00:00,1.2068781972765876,1.2231189787223886,0.7104831533988841,0.7536420367128223,0.9624664585496907
2022-04-05 00:00:00+00:00,1.2068781972765876,1.2231189787223886,0.7275276210496104,0.7714957919539748,0.9393769196363743
2022-04-06 00:00:00+00:00,1.1450102954354442,1.1607842177865197,0.7648226915442038,0.8108141302277487,0.8912218703637592
2022-04-07 00:00:00+00:00,1.1384382948698244,1.1538614204163282,0.7604328487790645,0.8059785183694498,0.8963372048367089
2022-04-08 00:00:00+00:00,1.1070137007666894,1.1222915555171857,0.7814232649687317,0.8280302418141542,0.8715953870601442
2022-04-09 00:00:00+00:00,1.1197574632392178,1.1355397899243096,0.7724276468726121,0.818255652772819,0.8816290520248625
2022-04-10 00:00:00+00:00,1.1041539770158564,1.1199315891874915,0.7831911957143897,0.8295027253948762,0.869343814177382
2022-04-11 00:00:00+00:00,1.03489398272645,1.0499086242609317,0.8323182367538053,0.8813668221018467,0.8148126990803872
2022-04-12 00:00:00+00:00,1.03489398272645,1.0499086242609317,0.820425031315133,0.8689825848557667,0.8264557634712357
2022-04-13 00:00:00+00:00,1.062537286833677,1.0779275383137907,0.7985104593721436,0.8457920444640785,0.8485314237631408
2022-04-14 00:00:00+00:00,1.0940347388751268,1.1097413628098767,0.8221812003525559,0.8707546497472296,0.8233778802999399
2022-04-15 00:00:00+00:00,1.0940347388751268,1.1097413628098767,0.8094409022113358,0.8573691303656072,0.8361367218708842
2022-04-16 00:00:00+00:00,1.089337571234541,1.1051276513248236,0.8129161845563398,0.8609336129885511,0.8325468227447232
2022-04-17 00:00:00+00:00,1.089337571234541,1.1051276513248236,0.8274217749585878,0.876119030572024,0.8176909453112842
2022-04-18 00:00:00+00:00,1.089337571234541,1.1051276513248236,0.80349059044689,0.8510059945070161,0.8413406889825434
2022-04-19 00:00:00+00:00,1.1075723259982748,1.1237507495446746,0.7900407157169086,0.8366652364937791,0.8554241480878426
2022-04-20 00:00:00+00:00,1.1117015233482523,1.1276850924248178,0.7929861071402383,0.8395944696156226,0.8522349973276812
2022-04-21 00:00:00+00:00,1.135319979361593,1.151639842934518,0.8098333517444132,0.8574294806342747,0.8341289910169317
2022-04-22 00:00:00+00:00,1.1137140975967847,1.1295578582972636,0.8252450101007005,0.8738701627928996,0.8182549707546929
2022-04-23 00:00:00+00:00,1.1067578254325345,1.1221810632746843,0.8303995007413751,0.8795771401025779,0.8131441399870815
2022-04-24 00:00:00+00:00,1.107683428104363,1.122702079673423,0.8297050218057771,0.8791687620529504,0.8138241879354748
2022-04-25 00:00:00+00:00,1.107683428104363,1.122702079673423,0.8090566035584517,0.8573731425582336,0.834077388495487
2022-04-26 00:00:00+00:00,1.0438329025927404,1.0583226401835013,0.855693294146359,0.9065377458407606,0.7859984173548435
2022-04-27 00:00:00+00:00,1.0438329025927404,1.0583226401835013,0.8304547341644573,0.8799963085969066,0.8091813362088237
2022-04-28 00:00:00+00:00,1.0577828174802715,1.0724528628909427,0.8193564320983254,0.8682470146197462,0.8199953378949689
2022-04-29 00:00:00+00:00,1.0889123859562488,1.1037714825804252,0.8434693329109849,0.8936022530533533,0.7958636346765435
2022-04-30 00:00:00+00:00,1.1159606132049615,1.1311767627787876,0.8644208350594902,0.9157892913283077,0.7760946424900753
2022-05-01 00:00:00+00:00,1.14032720769572,1.1560169708383201,0.8455465202243403,0.895678909570284,0.7930403870049246
2022-05-02 00:00:00+00:00,1.1381334337217355,1.1534577678045839,0.8439198485661155,0.89369604578848,0.7945660467888788
2022-05-03 00:00:00+00:00,1.1624838714465187,1.177790033308425,0.8619755677887896,0.9125486211257181,0.7775662553168973
2022-05-04 00:00:00+00:00,1.1019871697387813,1.1162317353611912,0.8171175873172085,0.8648534137271648,0.8180314995764799
2022-05-05 00:00:00+00:00,1.1897708500963944,1.2048152603126328,0.8822087163878318,0.9334876959530232,0.7528675687674645
2022-05-06 00:00:00+00:00,1.2071582520024746,1.2226032085211203,0.8951013818247431,0.9472697514563407,0.7418651047222639
2022-05-07 00:00:00+00:00,1.189413471653223,1.2046489740509456,0.9082590414641845,0.9611806451180086,0.7309599617468223
2022-05-08 00:00:00+00:00,1.189413471653223,1.2046489740509456,0.9451574643400706,1.000062353073663,0.7012643919340561
2022-05-09 00:00:00+00:00,1.050116993309593,1.0639296060607562,1.055848245469168,1.1168832239719069,0.6191368034105919
2022-05-10 00:00:00+00:00,1.0828358215618865,1.097397977151646,1.0229508467754147,1.0817490741257687,0.6384274451814873
2022-05-11 00:00:00+00:00,1.0828358215618865,1.097397977151646,1.086660278740275,1.1490013946288962,0.5986661506759857
2022-05-12 00:00:00+00:00,1.0816416433030032,1.0953597965077808,1.0878586747055954,1.151135417518555,0.5980059267646309
2022-05-13 00:00:00+00:00,1.091111913489518,1.104931696716748,1.078333971549062,1.1410761170232981,0.6032417437606412
2022-05-14 00:00:00+00:00,1.1208071815256142,1.135334557987738,1.0489864629005965,1.1096787202533576,0.6196593312235485
2022-05-15 00:00:00+00:00,1.1668759151343913,1.1823108474202322,1.0058697888507377,1.0637639822821168,0.645129297091784
2022-05-16 00:00:00+00:00,1.1122966500853038,1.1272912932616697,1.052918179428095,1.1132668859920887,0.6149541238448079
2022-05-17 00:00:00+00:00,1.1333801160298136,1.1488167455060465,1.0329602261459152,1.0920092276273785,0.6266105145446481
2022-05-18 00:00:00+00:00,1.0688331817614658,1.0832779145799796,1.0917881646952659,1.1543072472368072,0.5909245278909834
2022-05-19 00:00:00+00:00,1.1290009474236233,1.144396913035739,1.0303281954811343,1.0891807437682188,0.6241894088142822
2022-05-20 00:00:00+00:00,1.086547989785773,1.1017083517725612,1.0690708372261735,1.1298096185732762,0.6007184926995903
2022-05-21 00:00:00+00:00,1.0954238963163812,1.1107103162829661,1.060337699882015,1.1205780410205173,0.6056257045692295
2022-05-22 00:00:00+00:00,1.1272081198473036,1.1430419003484285,1.0295715183292438,1.0879592180888897,0.6231982103679721
2022-05-23 00:00:00+00:00,1.0827143969644186,1.0982660911295887,1.070211280426467,1.1305773009187288,0.5985990188034377
2022-05-24 00:00:00+00:00,1.1031184848817879,1.1188517156326276,1.0500428176100447,1.1093860431931672,0.6098798025827612
2022-05-25 00:00:00+00:00,1.0988977790634988,1.1148357448824933,1.0540604475296578,1.1133680381598121,0.6075463059851642
2022-05-26 00:00:00+00:00,1.0988977790634988,1.1148357448824933,1.0664824285155305,1.12628590734213,0.6003864427356966
2022-05-27 00:00:00+00:00,1.0770825013071779,1.0930385179461732,1.0876541979408263,1.148307007428137,0.5884675934496686
2022-05-28 00:00:00+00:00,1.091659559698204,1.10814535567569,1.072934063936805,1.1324363063137064,0.5964318176019797
2022-05-29 00:00:00+00:00,1.107658727609342,1.1247185800806705,1.0572093335535981,1.1154997907810122,0.6051730160026948
2022-05-30 00:00:00+00:00,1.107658727609342,1.1247185800806705,0.9759119516685809,1.029385333945031,0.6517096670017039
2022-05-31 00:00:00+00:00,1.105501747580278,1.1221909632694953,0.9740115264406615,1.0270719626525695,0.6529787625285405
2022-06-01 00:00:00+00:00,1.0356055848339831,1.0515762698502673,1.0355941230470227,1.0917012228552099,0.6116936990218861
2022-06-02 00:00:00+00:00,1.0133853657307197,1.0289826736050829,1.0133741498708007,1.0682455236760369,0.6248183559524789
2022-06-03 00:00:00+00:00,1.0133853657307197,1.0289826736050829,1.0385091585986272,1.0947190575708177,0.6093208076558562
2022-06-04 00:00:00+00:00,1.0133853657307197,1.0289826736050829,1.0328251087434912,1.0886116325322859,0.612655790135126
2022-06-05 00:00:00+00:00,1.0133853657307197,1.0289826736050829,1.0308203725385832,1.0863686441174718,0.6138449684705799
2022-06-06 00:00:00+00:00,1.0133853657307197,1.0289826736050829,0.9810673370052309,1.0336554350058504,0.6434724878152688
2022-06-07 00:00:00+00:00,1.0212008233523144,1.0369589528276064,0.9886335506645,1.041667935683437,0.638509882147921
2022-06-08 00:00:00+00:00,0.9905191033598584,1.0061148715136048,1.0183367952007327,1.0726520844993541,0.6193260145202312
2022-06-09 00:00:00+00:00,0.9940618377344342,1.0094205466068946,1.0219790235606054,1.0761763732062295,0.6171109057421496
2022-06-10 00:00:00+00:00,0.9602872986082452,0.9753542425746363,1.0567020852526823,1.1124955779670316,0.5961437630152056
2022-06-11 00:00:00+00:00,0.9383738623851203,0.9531822979455277,1.0808156747853024,1.1377850464269237,0.5825399609555714
2022-06-12 00:00:00+00:00,0.877114035234681,0.8910606013447572,1.1513745256579617,1.2119378476312388,0.544510025610126
2022-06-13 00:00:00+00:00,0.7419483771978553,0.753762259807892,1.3288044710877562,1.398678296344162,0.46059954993343777
2022-06-14 00:00:00+00:00,0.7305145570431831,0.7420624499945287,1.3492820566045853,1.4203884175984105,0.45350146524302876
2022-06-15 00:00:00+00:00,0.7452752428116323,0.7569823909491846,1.3220186321340859,1.391830024267227,0.4626648591267565
2022-06-16 00:00:00+00:00,0.6733156666573961,0.6838552253123921,1.4496652987232999,1.5262857077015897,0.41799254847999634
2022-06-17 00:00:00+00:00,0.6756687354022366,0.6861998832996457,1.4445990834637619,1.521052702464613,0.41945332720550454
2022-06-18 00:00:00+00:00,0.6260897030603544,0.6359658374954804,1.5506004727946825,1.6324031019411325,0.38867479774897795
2022-06-19 00:00:00+00:00,0.6790303685623658,0.6897856334976058,1.4194853617231773,1.4942579426261355,0.4215402199977559
2022-06-20 00:00:00+00:00,0.6791816404838539,0.6899835373906643,1.4191691339252268,1.4938292305020806,0.42163412919830995
2022-06-21 00:00:00+00:00,0.6837877742073752,0.6947801910698815,1.409544488002088,1.4834443718984862,0.4244936045812198
2022-06-22 00:00:00+00:00,0.6837877742073752,0.6947801910698815,1.459546873351756,1.5361342167022922,0.4094350569614669
2022-06-23 00:00:00+00:00,0.7221307335165891,0.733704074550485,1.377703721886102,1.4500748989065229,0.43239386424204007
2022-06-24 00:00:00+00:00,0.7265502566539969,0.7383852349476342,1.3692720166660268,1.440823167281862,0.4350401644184429
2022-06-25 00:00:00+00:00,0.7349650772642407,0.7471041570246422,1.353413267348485,1.4238097922471225,0.440078749028806
2022-06-26 00:00:00+00:00,0.7193214190706169,0.731356538690102,1.3822205334405355,1.4538211540879977,0.4307117168512906
2022-06-27 00:00:00+00:00,0.7193214190706169,0.731356538690102,1.4021213271447979,1.4744990674170377,0.4245104596599143
2022-06-28 00:00:00+00:00,0.7033525140056837,0.715078299087998,1.4332483612759688,1.5073178744457993,0.41508634541883005
2022-06-29 00:00:00+00:00,0.6977198805590391,0.7094793467151028,1.4447261942207816,1.519119940038615,0.41176222389243333
2022-06-30 00:00:00+00:00,0.6913971942979921,0.7029031354844305,1.4578181967760986,1.533200763753462,0.40803086489240475
2022-07-01 00:00:00+00:00,0.6688834571438906,0.6799181482699297,1.50528864642698,1.5833365480075026,0.39474429138775585
2022-07-02 00:00:00+00:00,0.6677744549663762,0.6788209370613787,1.5077844001623217,1.5858916417519522,0.3940898092443647
2022-07-03 00:00:00+00:00,0.669926171406728,0.6811141437673535,1.5029259865794022,1.580534150329312,0.3953596534488258
2022-07-04 00:00:00+00:00,0.7017767288790349,0.7135965347549065,1.4314717987072458,1.5051583433372426,0.4141563894204348
2022-07-05 00:00:00+00:00,0.6997047995353868,0.71159968091555,1.435698083652721,1.5093702208763686,0.4129336318954451
2022-07-06 00:00:00+00:00,0.712830844107267,0.7251507685427023,1.4087652441891327,1.480627082460969,0.4206800204597183
2022-07-07 00:00:00+00:00,0.749387962573915,0.7625229818294571,1.336517531636772,1.404319763315353,0.4422543525353147
2022-07-08 00:00:00+00:00,0.749387962573915,0.7625229818294571,1.3383645235232402,1.405976612953288,0.4416431819509022
2022-07-09 00:00:00+00:00,0.7489178147477555,0.7622439397940366,1.3392041809540618,1.4064911241026974,0.44136610573363927
2022-07-10 00:00:00+00:00,0.7489178147477555,0.7622439397940366,1.3846717019024573,1.4538217012261163,0.42638121922883504
2022-07-11 00:00:00+00:00,0.7489178147477555,0.7622439397940366,1.4446784101435877,1.516530302068787,0.4079033855397311
2022-07-12 00:00:00+00:00,0.7250922431710004,0.7381247863491173,1.4906384449944905,1.5645168128823075,0.39492661944177027
2022-07-13 00:00:00+00:00,0.758772780618566,0.7723973623243812,1.4213982835663979,1.4918732405138742,0.4132709624138852
2022-07-14 00:00:00+00:00,0.7721232379433146,0.7860918769110198,1.3963890612920375,1.4654225030435242,0.4205423834350327
2022-07-15 00:00:00+00:00,0.7721232379433146,0.7860918769110198,1.379969362570658,1.4480114157006465,0.42548740873420327
2022-07-16 00:00:00+00:00,0.7588742274086454,0.7724864333200686,1.356290203954839,1.4229496662868455,0.4327884286798074
2022-07-17 00:00:00+00:00,0.7588742274086454,0.7724864333200686,1.381565403607888,1.4490865046351924,0.4247231828271759
2022-07-18 00:00:00+00:00,0.7588742274086454,0.7724864333200686,1.2737170320227293,1.335532544948784,0.45787811238950954
2022-07-19 00:00:00+00:00,0.7912027666382496,0.8056266073689141,1.2194558520406764,1.2782373238569698,0.47738401993535956
2022-07-20 00:00:00+00:00,0.7912027666382496,0.8056266073689141,1.2283713632560684,1.2872231749912892,0.4738938381656298
2022-07-21 00:00:00+00:00,0.7883418624096343,0.8029552360635546,1.2328130221779414,1.291491468791187,0.4721802889432436
2022-07-22 00:00:00+00:00,0.7721548418426624,0.786670279041012,1.258126367436849,1.3176845641464803,0.4624850128036752
2022-07-23 00:00:00+00:00,0.7721548418426624,0.786670279041012,1.2714122082913604,1.3313349605777203,0.45760116135858997
2022-07-24 00:00:00+00:00,0.7764714730301534,0.7912416199553954,1.264304543749142,1.3235985732523252,0.46015932111815167
2022-07-25 00:00:00+00:00,0.7764714730301534,0.7912416199553954,1.3356493017090465,1.3981098555033242,0.4341925114989952
2022-07-26 00:00:00+00:00,0.7741474294241425,0.7890499178156128,1.339647010996931,1.401982554164108,0.43289293725167716
2022-07-27 00:00:00+00:00,0.8360113578227673,0.8522043721858554,1.2325926908277174,1.2897698268756375,0.4674864224930207
2022-07-28 00:00:00+00:00,0.868385913994194,0.8854550939709294,1.1848605147845401,1.239446478298787,0.48558984334102806
2022-07-29 00:00:00+00:00,0.8657537146881817,0.8830367921183895,1.1884519929217108,1.242831580191591,0.48411795252837103
2022-07-30 00:00:00+00:00,0.8603514236729517,0.8777915659804694,1.1958679166589894,1.2502139823153064,0.4810970633067781
2022-07-31 00:00:00+00:00,0.8477533870404406,0.8651688475550775,1.2133788864873392,1.2681921672077836,0.4740524089242031
2022-08-01 00:00:00+00:00,0.8463461734727491,0.8639615540035024,1.2153930137770883,1.269961856708226,0.47326551382967114
2022-08-02 00:00:00+00:00,0.8358491558871765,0.8534673869782724,1.2304672260071163,1.2853875336705984,0.46739572132983526
2022-08-03 00:00:00+00:00,0.8358491558871765,0.8534673869782724,1.2397738726045877,1.2950999299537578,0.4638605708539445
2022-08-04 00:00:00+00:00,0.8287636268938625,0.8462583078066384,1.2502834886730148,1.3060393965024097,0.45992840498347437
2022-08-05 00:00:00+00:00,0.8539396099698862,0.8720552827032647,1.212302676135383,1.2662266523145254,0.4738999999766622
2022-08-06 00:00:00+00:00,0.8407176534074622,0.8587750060153323,1.231073339935529,1.2855096503375913,0.466562378976923
2022-08-07 00:00:00+00:00,0.8488460073584169,0.8671781123187168,1.2191708899203273,1.2729309490827245,0.4710732681454247
2022-08-08 00:00:00+00:00,0.8719769697683628,0.8910062525090714,1.185948614287781,1.2379536166564231,0.483909964040021
2022-08-09 00:00:00+00:00,0.8474032595882512,0.8661450355526883,1.219370549208556,1.2724954993412712,0.47027260477266947
2022-08-10 00:00:00+00:00,0.8766514262971687,0.8961154908627995,1.1772839125339163,1.2284644561211369,0.48650408770289943
2022-08-11 00:00:00+00:00,0.8755897069855939,0.8952283923354488,1.1787097301709484,1.2296805594259446,0.48591487884567325
2022-08-12 00:00:00+00:00,0.8927452700843421,0.9128318707073052,1.1556150900789894,1.2055005230045397,0.4954354834144004
2022-08-13 00:00:00+00:00,0.8942015085272603,0.914385228888109,1.153730060635786,1.2034491330832815,0.4962436335341604
2022-08-14 00:00:00+00:00,0.8892340891816133,0.9093358790425563,1.1601391988090102,1.2100947300398879,0.4934869280244239
2022-08-15 00:00:00+00:00,0.8816235653641075,0.9015166856938837,1.1700682682313082,1.2205000872708753,0.4892634124563083
2022-08-16 00:00:00+00:00,0.8727027180387832,0.8924510627688069,1.1819077888511853,1.2327733970684691,0.48431272332337055
2022-08-17 00:00:00+00:00,0.8539512587324278,0.8733653438196052,1.2073030298059895,1.2591371581373454,0.4739064645421933
2022-08-18 00:00:00+00:00,0.8483164267051178,0.867825656813365,1.2152694678309386,1.2671237651207437,0.47077937350854876
2022-08-19 00:00:00+00:00,0.7619139076468024,0.7794826211908789,1.3390467990834796,1.3961146045149226,0.42282966687629275
2022-08-20 00:00:00+00:00,0.7730738723510747,0.7908202643948662,1.3194334085610588,1.375807994941404,0.4290229704909133
2022-08-21 00:00:00+00:00,0.7869655873956276,0.8049614383878223,1.2957239112057148,1.3512062730163166,0.4367322788335976
2022-08-22 00:00:00+00:00,0.7826829343263075,0.8005222027193083,1.3027752182440324,1.3586579629937983,0.4343555893513959
2022-08-23 00:00:00+00:00,0.7875354649921398,0.805433060389705,1.294698184211526,1.350323183700546,0.4370485365523177
2022-08-24 00:00:00+00:00,0.7816013027894128,0.799320689524036,1.3044538706157744,1.3605706846949739,0.4337553300598433
2022-08-25 00:00:00+00:00,0.7816013027894128,0.799320689524036,1.292720426134764,1.3482487178199238,0.43765691998819933
2022-08-26 00:00:00+00:00,0.7337046501489454,0.7503709541901157,1.3719385402689672,1.430814349820368,0.41083723404658123
2022-08-27 00:00:00+00:00,0.7263754620377788,0.7427740264874885,1.3856432314366591,1.4453002425788355,0.4067332620044421
2022-08-28 00:00:00+00:00,0.7091853515753072,0.7251022669292285,1.4184353086127648,1.4796862031341997,0.3971076756953962
2022-08-29 00:00:00+00:00,0.7358091158295572,0.7521069708721613,1.3651853547290225,1.4245788208151464,0.41201562764023375
2022-08-30 00:00:00+00:00,0.7187253238244904,0.7345835888080933,1.3968818126103035,1.4577701618401802,0.4024495742521791
2022-08-31 00:00:00+00:00,0.7273156145825229,0.7434268874619329,1.3801861146473078,1.440220767725991,0.40725969954437885
2022-09-01 00:00:00+00:00,0.7244872633303965,0.7404222432045461,1.374818910853985,1.434399951809727,0.4088434321881612
2022-09-02 00:00:00+00:00,0.7178667436729483,0.7337438167097454,1.387382300281839,1.447337886522286,0.4051073334095884
2022-09-03 00:00:00+00:00,0.7222718444687182,0.7381703440228281,1.395895800773224,1.456069381820848,0.4026214421874317
2022-09-04 00:00:00+00:00,0.7284805629033736,0.7445760360100903,1.3838965458424246,1.4434339081154197,0.4060824149353524
2022-09-05 00:00:00+00:00,0.7361416023245905,0.7523150057481895,1.3984502436793713,1.4584366624260623,0.40181186394538004
2022-09-06 00:00:00+00:00,0.7735016385966232,0.7904689957490353,1.4694232082061842,1.532401926191778,0.38141944791546345
2022-09-07 00:00:00+00:00,0.7735016385966232,0.7904689957490353,1.4297365807223168,1.4911576606277952,0.3917209399975181
2022-09-08 00:00:00+00:00,0.7735016385966232,0.7904689957490353,1.4282209466901463,1.4894335554879603,0.3921361952240957
2022-09-09 00:00:00+00:00,0.8551642925899218,0.8740914480190065,1.2774361168000035,1.3318687590533274,0.43353608480536865
2022-09-10 00:00:00+00:00,0.8439042239279037,0.862321998257604,1.2606159355656503,1.3139354381359505,0.4392445154831587
2022-09-11 00:00:00+00:00,0.8370544040772364,0.8551172191598904,1.250383741183077,1.3029573874778957,0.44280978475915445
2022-09-12 00:00:00+00:00,0.8585189397221346,0.8772864748932557,1.2183202262529904,1.2691776963601635,0.45416472938709707
2022-09-13 00:00:00+00:00,0.9440489932102881,0.9644233674566952,1.3396955265472898,1.3952393691850016,0.4089185131423121
2022-09-14 00:00:00+00:00,0.9466217701093553,0.967030240291234,1.336044510840188,1.3914679844053075,0.41003292151706805
2022-09-15 00:00:00+00:00,0.9218780515534309,0.9418607634924385,1.3709673389414245,1.4276845572595427,0.39931508306347985
2022-09-16 00:00:00+00:00,0.9264981527054709,0.9467253316992754,1.3640965735821895,1.420310782731677,0.40131629794453677
2022-09-17 00:00:00+00:00,0.9264981527054709,0.9467253316992754,1.342886281892932,1.3981010473644695,0.40755635154770914
2022-09-18 00:00:00+00:00,0.8941854548956977,0.9138758182747284,1.3897209987166907,1.4466124134243998,0.393342351023737
2022-09-19 00:00:00+00:00,0.8999498247766492,0.919720441380085,1.3807621570982451,1.4373607140502358,0.3958780339614653
2022-09-20 00:00:00+00:00,0.8693131496500973,0.8885522578899557,1.4277669572209126,1.4860710834857533,0.38240129738981754
2022-09-21 00:00:00+00:00,0.8693131496500973,0.8885522578899557,1.4596321094085716,1.5190978609628867,0.37386679848125415
2022-09-22 00:00:00+00:00,0.824686156346471,0.8430348770141727,1.3847005471763048,1.4412798651038312,0.3930595958282018
2022-09-23 00:00:00+00:00,0.8198887628606589,0.838174683679111,1.3927556761895692,1.4495890098205315,0.3907730756410363
2022-09-24 00:00:00+00:00,0.8040859849538802,0.8221030067920598,1.4196000599965095,1.4773843210348885,0.38324120009153123
2022-09-25 00:00:00+00:00,0.7992953102195287,0.8172645495631478,1.4280579143399093,1.486079412512398,0.38095788217678567
2022-09-26 00:00:00+00:00,0.81694742589612,0.835375073207036,1.3965198292610963,1.4531479996040717,0.38937118389157604
2022-09-27 00:00:00+00:00,0.8105622102761829,0.8290194357688783,1.407434950534131,1.4642037302880284,0.38632788038571003
2022-09-28 00:00:00+00:00,0.7962735299323385,0.8143606057815543,1.3826245314719292,1.4383134886084816,0.39313811101423324
2022-09-29 00:00:00+00:00,0.789244456499027,0.8070089402673958,1.370419467512011,1.4253290691784626,0.3966085223086878
2022-09-30 00:00:00+00:00,0.7963650778211692,0.8140477313817923,1.382783492371851,1.4377608937675437,0.3930302911570598
2022-10-01 00:00:00+00:00,0.8009443604312204,0.8185642312591765,1.3907348159248738,1.445737879207189,0.39077027646324236
2022-10-02 00:00:00+00:00,0.811631838698012,0.8293602555690909,1.4092922199773417,1.4648056819447641,0.3855559956176159
2022-10-03 00:00:00+00:00,0.7874163405559546,0.8044307731529066,1.3672451839847393,1.420775542754996,0.3970592783258382
2022-10-04 00:00:00+00:00,0.7591206615678306,0.775282354046204,1.318113449181299,1.3692939704943292,0.4113275393462173
2022-10-05 00:00:00+00:00,0.7591206615678306,0.775282354046204,1.3303720987376282,1.3816178182590693,0.4075021325416328
2022-10-06 00:00:00+00:00,0.7591206615678306,0.775282354046204,1.343711802493928,1.3950568799155842,0.4034160894463785
2022-10-07 00:00:00+00:00,0.7758061726664303,0.7921097965408121,1.3732466568707358,1.4253364797297285,0.39454898309742326
2022-10-08 00:00:00+00:00,0.7804836583391024,0.7967640385923176,1.381526226934584,1.433711405794869,0.3921701708623226
2022-10-09 00:00:00+00:00,0.7804836583391024,0.7967640385923176,1.379928240170069,1.4319530846677078,0.3926237871095263
2022-10-10 00:00:00+00:00,0.7680178186185725,0.7842159276397057,1.4019683739819662,1.4545046875451304,0.386352822755205
2022-10-11 00:00:00+00:00,0.7710192566709496,0.787045403638824,1.407447310959584,1.459752586700151,0.3848429436407509
2022-10-12 00:00:00+00:00,0.7674875191065497,0.7832041429440766,1.401000345471988,1.4526281054320789,0.38660575860119534
2022-10-13 00:00:00+00:00,0.7589339715103902,0.774307814288847,1.3853863806336009,1.4361278645227684,0.39091442900275997
2022-10-14 00:00:00+00:00,0.7669714002034499,0.7823405756371535,1.4000582027744894,1.451026425777713,0.3867744814366431
2022-10-15 00:00:00+00:00,0.7712385437617493,0.7865942458406218,1.4078476057947698,1.4589158131672766,0.38462261210156856
2022-10-16 00:00:00+00:00,0.7789363593135048,0.7944971648810658,1.3937957261499465,1.4442580736538595,0.388461572108094
2022-10-17 00:00:00+00:00,0.7673460725613159,0.7825829469856289,1.3730565579921132,1.4226000915396857,0.3942417375338125
2022-10-18 00:00:00+00:00,0.7673460725613159,0.7825829469856289,1.3889061035784307,1.4385947508700678,0.38969090358986436
2022-10-19 00:00:00+00:00,0.775667822423853,0.7908539611606655,1.4039685761573948,1.4537990657895419,0.3854647658153445
2022-10-20 00:00:00+00:00,0.7722001193269673,0.7874616379660151,1.4102451626532193,1.4600350543960872,0.38374150577603894
2022-10-21 00:00:00+00:00,0.7675502155576368,0.7826544677804251,1.4017531874082314,1.4511220653118977,0.3860522553207447
2022-10-22 00:00:00+00:00,0.7658690000264012,0.7808481125973322,1.3986828355512946,1.4477728965894467,0.3868978508718348
2022-10-23 00:00:00+00:00,0.7658690000264012,0.7808481125973322,1.372189604198548,1.4201978503019514,0.39422629876044274
2022-10-24 00:00:00+00:00,0.7755386315985762,0.7905325181715761,1.389514457299158,1.4378117392979104,0.3892489161206646
2022-10-25 00:00:00+00:00,0.7455235440549223,0.7598329413429896,1.3357371258037045,1.3819756908862502,0.40431372374933416
2022-10-26 00:00:00+00:00,0.7455235440549223,0.7598329413429896,1.2899984364906139,1.3344597963305822,0.41815834889177195
2022-10-27 00:00:00+00:00,0.7455235440549223,0.7598329413429896,1.3193685553522045,1.364854028599366,0.4086379029264817
2022-10-28 00:00:00+00:00,0.756452135380349,0.7709688923159147,1.3000279994917707,1.3448510164624903,0.41462810494863794
2022-10-29 00:00:00+00:00,0.7486775229827572,0.7629568508994711,1.2866666599841716,1.3308750932440103,0.41888954153444763
2022-10-30 00:00:00+00:00,0.7552407538360185,0.7696007648712982,1.2979461362091647,1.342464503072805,0.4152173747086637
2022-10-31 00:00:00+00:00,0.7503092965704332,0.7646133445591655,1.3064212692991577,1.3511643836297873,0.4125061508652681
2022-11-01 00:00:00+00:00,0.7499396107501147,0.7642437677545987,1.3070649577364863,1.351817470603615,0.4123029044501349
2022-11-02 00:00:00+00:00,0.7376874324960225,0.7518498789549872,1.3284192009612799,1.3737401556354583,0.40556688383248785
2022-11-03 00:00:00+00:00,0.7355786273336029,0.7496249519295147,1.3246216884303075,1.3696748871772144,0.4067262658426145
2022-11-04 00:00:00+00:00,0.7696407892547497,0.7844310749122665,1.2632829317577143,1.3060789883924053,0.4255603855545123
2022-11-05 00:00:00+00:00,0.7750403350000166,0.7900830341086342,1.2544201556750618,1.2966684673336206,0.42854597675661066
2022-11-06 00:00:00+00:00,0.7606674147762594,0.7756135732375659,1.277683049243808,1.3204154570054079,0.4205987037464457
2022-11-07 00:00:00+00:00,0.7487583141228724,0.763686195130458,1.2976866089349335,1.3407207932676823,0.41401375978762783
2022-11-08 00:00:00+00:00,0.7487583141228724,0.763686195130458,1.4268159921577168,1.4739289674833775,0.3728163388702616
2022-11-09 00:00:00+00:00,0.854671574509556,0.8720131082090149,1.628641776060112,1.6830019822407856,0.3200807722255935
2022-11-10 00:00:00+00:00,0.947288368389409,0.9642858564715595,1.452153421730515,1.504913812727347,0.3547664407212766
2022-11-11 00:00:00+00:00,0.9190669282704702,0.9352443384949285,1.495415708276435,1.5502374906100895,0.3441973044401597
2022-11-12 00:00:00+00:00,0.9190669282704702,0.9352443384949285,1.5175954802893055,1.5730844158687245,0.3390922238276749
2022-11-13 00:00:00+00:00,0.945588226746543,0.9622718197798167,1.561388376606914,1.6185447387591707,0.3293071191716161
2022-11-14 00:00:00+00:00,0.945588226746543,0.9622718197798167,1.5340226387039169,1.5903809575538912,0.33507873400355503
2022-11-15 00:00:00+00:00,0.961958265499112,0.9786774729595233,1.507465613846169,1.5632667494092436,0.3408796224935407
2022-11-16 00:00:00+00:00,0.9753176656856551,0.9924521948274722,1.5284008634563742,1.5852694676422556,0.33614558417227713
2022-11-17 00:00:00+00:00,0.9772835488584349,0.9943297394286917,1.525320167141273,1.5822704172638469,0.33682313054591323
2022-11-18 00:00:00+00:00,0.9777237253186977,0.994782734316605,1.524633150530051,1.5815495694586421,0.33697483842384846
2022-11-19 00:00:00+00:00,0.9777237253186977,0.994782734316605,1.5245281108952993,1.5812463310168325,0.3369980543128223
2022-11-20 00:00:00+00:00,0.9530886959776289,0.9697357273116346,1.5629405926328657,1.6210595350093309,0.32850694712078465
2022-11-21 00:00:00+00:00,0.9237414403670259,0.9399629823683009,1.6110662469080272,1.6708291688533792,0.31839164789658864
2022-11-22 00:00:00+00:00,0.9499325745322552,0.9666368827618882,1.5653871744122916,1.623415034828224,0.3274191073162231
2022-11-23 00:00:00+00:00,0.9499325745322552,0.9666368827618882,1.5294757521129825,1.5858636914088962,0.3349304029393715
2022-11-24 00:00:00+00:00,0.9499325745322552,0.9666368827618882,1.5299986968681156,1.5861885890667848,0.3348158865128706
2022-11-25 00:00:00+00:00,0.9455277648506117,0.9621918118767399,1.5370932562648023,1.593482662820178,0.33326335499850906
2022-11-26 00:00:00+00:00,0.9416512304974872,0.9582943644033926,1.543395128122376,1.5999372126317353,0.3318970208808712
2022-11-27 00:00:00+00:00,0.9401117155597991,0.956744706663616,1.5459184401274417,1.602524470969892,0.33135439914909653
2022-11-28 00:00:00+00:00,0.9275996941494703,0.9440386783536447,1.5664931912994118,1.6238067640975655,0.3269443771613465
2022-11-29 00:00:00+00:00,0.9275996941494703,0.9440386783536447,1.5445185758659081,1.6008893888654316,0.33153072135752354
2022-11-30 00:00:00+00:00,0.9275996941494703,0.9440386783536447,1.477099879526879,1.5307386909537655,0.34600213619158027
2022-12-01 00:00:00+00:00,0.9375408928127814,0.9540991489571465,1.492930138463514,1.5470515306234705,0.3422939892446751
2022-12-02 00:00:00+00:00,0.9313939991548338,0.9477742820258435,1.483141890430569,1.5367958930644627,0.3445382057559455
2022-12-03 00:00:00+00:00,0.9201272262661467,0.9364839895483946,1.5010829796541871,1.5551028628144257,0.3403704381739658
2022-12-04 00:00:00+00:00,0.9082928798205266,0.9242782679511525,1.4817765886272216,1.5348343341364923,0.3447481606999516
2022-12-05 00:00:00+00:00,0.9157971423589137,0.9319105432477812,1.494018939956114,1.5475083075263618,0.34189987160180335
2022-12-06 00:00:00+00:00,0.9093796193035261,0.9252996896626514,1.483549480565077,1.536530482544175,0.34429576279555285
2022-12-07 00:00:00+00:00,0.8959718499814268,0.9117224583773318,1.5054227321655151,1.5590765073310762,0.3392195129344943
2022-12-08 00:00:00+00:00,0.8753449741349622,0.8907010468102765,1.470765206046288,1.5231291764037849,0.34702895335178313
2022-12-09 00:00:00+00:00,0.8801977704036261,0.8955643076374238,1.47891893299381,1.5314455183288522,0.3451050709286183
2022-12-10 00:00:00+00:00,0.8801006328479868,0.8954596978596364,1.4790821446889202,1.5316244046176417,0.3450669855526313
2022-12-11 00:00:00+00:00,0.8778835723308082,0.8932262791038766,1.4828080988608223,1.535444519224953,0.3441977276963167
2022-12-12 00:00:00+00:00,0.8841615254179866,0.89964408897113,1.472204187390853,1.5244123863638508,0.34665916706629346
2022-12-13 00:00:00+00:00,0.913694806438538,0.929829240351667,1.4230287610282415,1.4732648056562592,0.35823847956180055
2022-12-14 00:00:00+00:00,0.9125914674445798,0.9284274693293165,1.4213103720098268,1.4710437742849112,0.35867107311585333
2022-12-15 00:00:00+00:00,0.9125914674445798,0.9284274693293165,1.457760036683332,1.5083984488424076,0.3494729130231549
2022-12-16 00:00:00+00:00,0.9125914674445798,0.9284274693293165,1.519020393715445,1.5716576813844276,0.33478679535898853
2022-12-17 00:00:00+00:00,0.9203127283584346,0.9364640374946,1.5061682542732628,1.5580532432283036,0.33761936205470666
2022-12-18 00:00:00+00:00,0.9181289365510616,0.9343585571622082,1.509742211030412,1.5615562613145217,0.33681823177132936
2022-12-19 00:00:00+00:00,0.9014723732635731,0.9175426386454129,1.5371317373645732,1.5896600365177043,0.3307077237908774
2022-12-20 00:00:00+00:00,0.9265217612229615,0.9431211530283163,1.4944191591692615,1.545344774866187,0.3398971635564173
2022-12-21 00:00:00+00:00,0.9226358808864646,0.9393458089840274,1.5006868306564751,1.551530839268868,0.3384716172178709
2022-12-22 00:00:00+00:00,0.9226358808864646,0.9393458089840274,1.5013270134967038,1.5519090454355429,0.3383272275178877
2022-12-23 00:00:00+00:00,0.9250478961733415,0.9415300093427009,1.5052518811310256,1.555517599666849,0.33744275026998816
2022-12-24 00:00:00+00:00,0.9223470374789354,0.9385835890445146,1.5008570031498514,1.5506497690248453,0.33842798053720036
2022-12-25 00:00:00+00:00,0.9220502657192349,0.9383326144620582,1.5013399146308717,1.5510644083631628,0.3383190889126439
2022-12-26 00:00:00+00:00,0.9268900681956208,0.9432684479170338,1.4934594455210237,1.5429054725235407,0.34009491136528514
2022-12-27 00:00:00+00:00,0.9150151862746878,0.9312941717273923,1.5125929492425474,1.5624918122376528,0.33573777446960684
2022-12-28 00:00:00+00:00,0.906143901994128,0.9224152487213795,1.5272578884203687,1.577388549401433,0.33248271894078174
2022-12-29 00:00:00+00:00,0.9108876698774394,0.9275072441387724,1.5192625171502219,1.5686809144440383,0.33422330433830677
2022-12-30 00:00:00+00:00,0.9090466401002053,0.9258842751722212,1.5223331565122473,1.5714258207061216,0.3335477928829643
2022-12-31 00:00:00+00:00,0.9052913244703193,0.9223371677401708,1.5286219883987104,1.577446029016178,0.3321698908208773
2023-01-01 00:00:00+00:00,0.909083710193033,0.9263918015500773,1.5222183876488398,1.5705115085108161,0.33356139465772394
2023-01-02 00:00:00+00:00,0.9121610321871437,0.929498309159593,1.5170655551080865,1.565245047879518,0.3346905269968663
2023-01-03 00:00:00+00:00,0.9120233076200227,0.9295652357149148,1.5172946124669284,1.5651323457279844,0.33463999303814235
2023-01-04 00:00:00+00:00,0.921458721543872,0.9393197811530529,1.50159731329328,1.5487083724590598,0.33810203926372456
2023-01-05 00:00:00+00:00,0.921458721543872,0.9393197811530529,1.5034859215459904,1.550391141425875,0.33767679722582344
2023-01-06 00:00:00+00:00,0.927839263321713,0.9460197165860923,1.4930751950418806,1.539332585274999,0.34001500387766026
2023-01-07 00:00:00+00:00,0.9273172367745075,0.9456121371805825,1.493915238053205,1.5399957852580315,0.3398237025763585
2023-01-08 00:00:00+00:00,0.9374073804304743,0.956119869251399,1.4776599386108848,1.5228832055169068,0.3435213260440562
2023-01-09 00:00:00+00:00,0.9398141113175703,0.9586323450387887,1.4738661453368804,1.5188813985218494,0.34440329412221105
2023-01-10 00:00:00+00:00,0.9538532682263373,0.973098622294626,1.4518491977004004,1.4959606619710064,0.34954806884718226
2023-01-11 00:00:00+00:00,0.9815472292077044,1.0014002662196895,1.4096965350516593,1.452452075060083,0.3596967687596609
2023-01-12 00:00:00+00:00,1.030655997531074,1.0517781973966174,1.339166601813511,1.3793828607374352,0.3776931165237326
2023-01-13 00:00:00+00:00,1.0898037465144037,1.112423779624678,1.2623139078005061,1.2998475776217644,0.3993683386176143
2023-01-15 00:00:00+00:00,1.0378779254161719,1.0589080453532769,1.2021685042304584,1.237315385455933,0.418397020588733
2023-01-16 00:00:00+00:00,1.0230008555927652,1.0434118547907558,1.1849364730455139,1.2192083599374257,0.4243943749372302
2023-01-17 00:00:00+00:00,1.026079108393584,1.04623850159418,1.1885019969617487,1.2225112469014772,0.42311735433049247
2023-01-18 00:00:00+00:00,1.0482818381629804,1.0685635772118212,1.2142193012641842,1.2485977042330567,0.41396176369221366
2023-01-19 00:00:00+00:00,1.0676505179132088,1.0886275635286176,1.191784662089337,1.225153289892936,0.4216103678537098
2023-01-20 00:00:00+00:00,0.9872545832383562,1.0063254326880475,1.1020412111826665,1.1325295774841764,0.45335835937668384
2023-01-21 00:00:00+00:00,0.9822879809461318,1.0009609926445935,1.096497149399097,1.126492378364977,0.45563907876265375
2023-01-27 00:00:00+00:00,0.9822879809461318,1.0009609926445935,1.0830510185915478,1.1123456447979692,0.46122649196972976
2023-01-28 00:00:00+00:00,0.9797747578860212,0.9987002822355081,1.085822047910851,1.1148579218958523,0.4600464255553614
2023-01-29 00:00:00+00:00,0.9797747578860212,0.9987002822355081,1.051972746340855,1.0797690016875896,0.4743878641223747
2023-01-30 00:00:00+00:00,1.0180540859132021,1.0374194113016766,1.0930728150134963,1.1216311259721712,0.4558537586897804
2023-01-31 00:00:00+00:00,1.0311101304620593,1.0510350324781432,1.0790546920420045,1.1069102673256097,0.4616998596617922
2023-02-01 00:00:00+00:00,1.0041871025549738,1.0232764405237174,1.050879797111916,1.0776759701886158,0.47375517542209966
2023-02-02 00:00:00+00:00,1.014513302832191,1.0334919562742468,1.0616861450770005,1.0884345642610003,0.46888348287463544
2023-02-11 00:00:00+00:00,1.085599559100025,1.1057168688575612,1.1360777702772429,1.1644991052370193,0.4360291365291208
2023-02-12 00:00:00+00:00,1.0897752007560588,1.109775139664441,1.1404475709300697,1.1687731222630091,0.4343519974676009
2023-02-13 00:00:00+00:00,1.0893294401829954,1.1095253636685405,1.140914058479441,1.1690361768766522,0.43417433055504123
2023-02-14 00:00:00+00:00,1.110094492880618,1.1309959043774007,1.1191656877167777,1.1464140362319624,0.44245066324317267
2023-02-15 00:00:00+00:00,1.0029207240224334,1.0216449928658944,1.0111161428369364,1.0355724148376213,0.4851669413777709
2023-02-16 00:00:00+00:00,0.9692667202816181,0.9878037319957075,1.0450451520181965,1.0698750116155702,0.46888668146394524
2023-02-17 00:00:00+00:00,0.926096929572435,0.9435119874647394,0.9985002954268507,1.0219033051321316,0.48977024166628125
2023-02-18 00:00:00+00:00,0.9242875886292041,0.9413855686495513,0.9965494980441426,1.0196002136566593,0.4907271192054736
2023-02-19 00:00:00+00:00,0.938483456195705,0.9555616235090904,0.9812437805686126,1.0042463469255924,0.483190182345959
2023-02-20 00:00:00+00:00,0.91617880667896,0.9325644139215907,1.004564701647806,1.0284152368742259,0.494674015754005
2023-02-21 00:00:00+00:00,0.931440709963618,0.9478195028458571,0.9878304471464328,1.011592199606898,0.4864336297825834
2023-02-22 00:00:00+00:00,0.931440709963618,0.9478195028458571,0.9765377282491403,1.0003313178345978,0.48087279871163136
2023-02-23 00:00:00+00:00,0.931440709963618,0.9478195028458571,0.9665732063358707,0.990295434593941,0.4759660066833823
2023-02-24 00:00:00+00:00,0.9019788823992506,0.9179852591920383,0.936000124411507,0.9591241881738882,0.46091101900096276
2023-02-25 00:00:00+00:00,0.9008189144921105,0.9168207255178187,0.9347964043171867,0.9579074666593509,0.4603182756446369
2023-02-26 00:00:00+00:00,0.9162007948396229,0.9326290720954062,0.950758465292115,0.9744242542937679,0.4681784132636734
2023-02-27 00:00:00+00:00,0.9162007948396229,0.9326290720954062,0.9479679537550655,0.9717218082087581,0.46680429216846075
2023-02-28 00:00:00+00:00,0.9024240401470296,0.9187111322801493,0.933713521725666,0.9572204742395779,0.45978503584509084
2023-03-01 00:00:00+00:00,0.9024240401470296,0.9187111322801493,0.9533138231108172,0.9775074431656398,0.4694367384982673
2023-03-02 00:00:00+00:00,0.9088722106312305,0.9250394797353344,0.946502025349576,0.9707740897501557,0.46608243056018217
2023-03-03 00:00:00+00:00,0.8656467473811214,0.8810966439939563,0.901486908775061,0.9246586889457682,0.4439158061018236
2023-03-04 00:00:00+00:00,0.865315866248451,0.8808166528481574,0.9011423282514637,0.924364854838516,0.44374612561127985
2023-03-05 00:00:00+00:00,0.8621262045924816,0.8775159121575413,0.9044640506919134,0.9278287864972501,0.4453818288926535
2023-03-06 00:00:00+00:00,0.8631124375328589,0.8783887546440091,0.903429385192329,0.9269058990899648,0.4448723324542439
2023-03-07 00:00:00+00:00,0.8549491167456252,0.8701527938064345,0.8948847465575074,0.9182150311289835,0.4406647282056368
2023-03-08 00:00:00+00:00,0.8358590807805792,0.8508688797881707,0.8749029936534491,0.8978659845746291,0.43082518881644555
2023-03-09 00:00:00+00:00,0.7837085762104921,0.7980371519581861,0.8203164806657598,0.8421161358592109,0.4039453576404788
2023-03-10 00:00:00+00:00,0.7757760158203024,0.7898796288428741,0.8120133815043168,0.8335080380692865,0.3998566937658101
2023-03-11 00:00:00+00:00,0.7876188572178029,0.8019198192101855,0.8244094152739806,0.8462132593265306,0.4059608260274787
2023-03-12 00:00:00+00:00,0.846853946979798,0.8622737246051547,0.8864114423545536,0.9099007674463115,0.4364922509028757
2023-03-13 00:00:00+00:00,0.7649047920132185,0.7786081281537364,0.9721885340392848,0.9981875704042221,0.47873114137332917
2023-03-14 00:00:00+00:00,0.7823397098800678,0.7967824840131262,0.99434819027239,1.0214873735567576,0.4896431375031728
2023-03-15 00:00:00+00:00,0.7693954973392673,0.7840475224029498,0.9778961884733003,1.0051609573157714,0.48154174016779133
2023-03-16 00:00:00+00:00,0.7914153126381511,0.8067218875106505,1.0058832166351892,1.0342298413909772,0.49532328712753687
2023-03-17 00:00:00+00:00,0.8670332016201585,0.8839903389938397,1.1019930140951752,1.1332891821119517,0.5426502730198837
2023-03-18 00:00:00+00:00,0.8823961028884453,0.8993885055034826,1.0824668761776763,1.1135484963148659,0.5330350904039987
2023-03-19 00:00:00+00:00,0.8482694442673806,0.8643348493648755,1.124331269539119,1.156949035508585,0.5536502160870337
2023-03-20 00:00:00+00:00,0.8561505150565263,0.8721138228157354,1.1138853736205874,1.1465365479896188,0.5485063828688324
2023-03-21 00:00:00+00:00,0.8442736427952535,0.8599312199002936,1.1293376499009073,1.1625525760891413,0.5561154891290742
2023-03-22 00:00:00+00:00,0.8184602777254373,0.8336873549458945,1.0948085546333317,1.1270731422655738,0.5391124566829345
2023-03-23 00:00:00+00:00,0.8499501003473643,0.8658393803297804,1.1369307298061837,1.1705398975961383,0.5598545208933029
2023-03-24 00:00:00+00:00,0.8242964699718685,0.8399659233608568,1.1026153027086747,1.1355612233074655,0.5429567042600942
2023-03-25 00:00:00+00:00,0.8245454608552105,0.8402230660945753,1.1029483638926165,1.1359088580259045,0.5431207123255598
2023-03-26 00:00:00+00:00,0.8397732259995611,0.8557434668083048,1.1233176939648268,1.1568910963888448,0.5531511048811721
2023-03-27 00:00:00+00:00,0.8651180030882523,0.881528148309635,1.0894154026415546,1.1220324388482044,0.5364567271425993
2023-03-28 00:00:00+00:00,0.8694493650311209,0.8860053696884428,1.0948697480581706,1.1277311651254764,0.539142589930851
2023-03-29 00:00:00+00:00,0.9039879569120264,0.9214069574680065,1.138363090985136,1.1727912462488876,0.5605598531185347
2023-03-30 00:00:00+00:00,0.8935441430075725,0.9108885760878734,1.1252115305168313,1.1594031710804236,0.5540836796877777
2023-03-31 00:00:00+00:00,0.9074529102597013,0.9251916239058657,1.1427263957977933,1.1776084702044027,0.5627084588878749
2023-04-01 00:00:00+00:00,0.9080686088796108,0.9255525328187544,1.1419510662386811,1.1771490957550366,0.5623266662707247
2023-04-02 00:00:00+00:00,0.8989019093076661,0.9163568154471452,1.130423388431398,1.1654536705846876,0.5566501352679001
2023-04-03 00:00:00+00:00,0.9109308482687919,0.9285624544637435,1.1152962718919042,1.1499301250029539,0.5492011461952244
2023-04-04 00:00:00+00:00,0.923110030354507,0.9408971254662438,1.1302078279125458,1.1652053600715169,0.5565439876127778
2023-04-05 00:00:00+00:00,0.9229179857118022,0.9408570235827353,1.129972698457382,1.1651556979688826,0.5564282036999872
2023-04-06 00:00:00+00:00,0.9272379191449276,0.9452414961796685,1.1246835970267492,1.159725974747546,0.5538237113859237
2023-04-07 00:00:00+00:00,0.9316143695425759,0.9496973821598463,1.119375227002392,1.1542590049492336,0.551209730710762
2023-04-08 00:00:00+00:00,0.9327201540535919,0.950861915515763,1.1207038752376506,1.1556743748743077,0.5518639919614128
2023-04-09 00:00:00+00:00,0.9455703734419527,0.9639544030990959,1.1361439733245229,1.171586940260009,0.5594671013596828
2023-04-10 00:00:00+00:00,0.9892022158110572,1.0086867852531252,1.188569531638345,1.2259545271187755,0.5852828217574878
2023-04-11 00:00:00+00:00,0.9707321477075144,0.9895503014512186,1.2107621226417493,1.2492129451857825,0.596211035832333
2023-04-12 00:00:00+00:00,0.9707321477075144,0.9895503014512186,1.198087234508986,1.2363794301634004,0.5899695883660004
2023-04-13 00:00:00+00:00,0.9550899968438425,0.9733962033083647,1.217392932084045,1.256562936375641,0.5994762203735972
2023-04-14 00:00:00+00:00,0.9550899968438425,0.9733962033083647,1.2208555230225469,1.2603041481074158,0.6011812909993642
2023-04-15 00:00:00+00:00,0.9606350730848289,0.9789163481971069,1.2137674611888345,1.253156943836647,0.5976909433836818
2023-04-16 00:00:00+00:00,0.9606991350429114,0.9787159122266832,1.213686518568271,1.2534135313669235,0.597651085113633
2023-04-17 00:00:00+00:00,0.9884509221820981,1.0067202180759909,1.1786266661249742,1.2175492162479409,0.5803866939087459
2023-04-18 00:00:00+00:00,0.9884509221820981,1.0067202180759909,1.2163883894615537,1.256691230140779,0.5989815572301992
2023-04-19 00:00:00+00:00,1.0397391247852894,1.0587937826299285,1.1532730918146559,1.1916876763011925,0.5679019287191763
2023-04-20 00:00:00+00:00,1.0191421115427541,1.0380114187575185,1.130426994579187,1.1682968259604947,0.5566519110296855
2023-04-21 00:00:00+00:00,0.9835884885994997,1.002072490150134,1.0909911056340182,1.1278470433649563,0.5372326446376487
2023-04-22 00:00:00+00:00,0.9637548044696239,0.9816762105322538,1.1129905222889032,1.1508033503076054,0.5480657345949872
2023-04-23 00:00:00+00:00,0.9718402479482996,0.9898382527326571,1.103653062264285,1.1412351185334204,0.5434677242928696
2023-04-24 00:00:00+00:00,0.9747136960474604,0.9926560037784764,1.1003898821268177,1.1379863893194344,0.5418608487774529
2023-04-25 00:00:00+00:00,0.9469356608702681,0.9641659912979974,1.1317495203244705,1.1706474988185123,0.5573031574056375
2023-04-26 00:00:00+00:00,0.9434318554368131,0.9604438559393398,1.1359371650425696,1.1751667501582226,0.5593652635356411
2023-04-27 00:00:00+00:00,0.9082201639139914,0.9244862753291422,1.1783337290490585,1.2191632345835517,0.5802424440068045
2023-04-28 00:00:00+00:00,0.9133444255305972,0.9294760345802143,1.1716854618785777,1.212583005984523,0.5769686628221454
2023-04-29 00:00:00+00:00,0.9161992316627198,0.9322454290450216,1.1680231689384895,1.2089700880178866,0.575165253691236
2023-04-30 00:00:00+00:00,0.9159926503810915,0.9319167320084875,1.1682865305686592,1.20939635439883,0.575294939867724
2023-05-01 00:00:00+00:00,0.9525914662289608,0.9691831965407094,1.1216072219824607,1.161033743450246,0.5523088235995747
2023-05-02 00:00:00+00:00,0.9729567325472998,0.9899836842587557,1.1455858430283423,1.185951703446945,0.5641165257272256
2023-05-03 00:00:00+00:00,0.960861073135646,0.9774812818253376,1.1598276029345667,1.2009289658997027,0.5711295419646668
2023-05-04 00:00:00+00:00,0.9674653941049198,0.9839622524723476,1.151855718160625,1.1929664754440228,0.5672039767444422
2023-05-05 00:00:00+00:00,0.9453443785147679,0.9612457160461924,1.1781928031398874,1.2205082498632276,0.5801730483916697
2023-05-06 00:00:00+00:00,0.9665822100037323,0.9825524086382748,1.1517238667572454,1.1934548194532588,0.567139049654046
2023-05-07 00:00:00+00:00,0.9665822100037323,0.9825524086382748,1.1348478008305676,1.176139299668142,0.5588288320161126
2023-05-08 00:00:00+00:00,0.9406985777929587,0.9562905308505087,1.1044582666679326,1.1447031887007069,0.5438642280672923
2023-05-09 00:00:00+00:00,0.9388957231855591,0.9545756952287694,1.1023415656100712,1.1426504884584943,0.5428219089307296
2023-05-10 00:00:00+00:00,0.9388957231855591,0.9545756952287694,1.1011157011364916,1.1415206756235667,0.5422182611010565
2023-05-11 00:00:00+00:00,0.9388957231855591,0.9545756952287694,1.0759545051151511,1.1155929195399727,0.5298282280283895
2023-05-12 00:00:00+00:00,0.932832056581277,0.9485096472181787,1.0690056723115915,1.1085036543889437,0.5264064404400922
2023-05-13 00:00:00+00:00,0.932832056581277,0.9485096472181787,1.0680061778292897,1.1075766284731057,0.5259142631333711
2023-05-14 00:00:00+00:00,0.932832056581277,0.9485096472181787,1.0734726167871604,1.1133374323786704,0.5286060810986335
2023-05-15 00:00:00+00:00,0.9241670568739864,0.9396739695302505,1.083444015008974,1.1237085348121079,0.5335162592016226
2023-05-16 00:00:00+00:00,0.9286763599960703,0.9440933182424875,1.078157549274079,1.1184236593901207,0.5309130647732927
2023-05-17 00:00:00+00:00,0.9161120085194477,0.9311326813064895,1.0927442782786925,1.1337775261211873,0.5380959528457001
2023-05-18 00:00:00+00:00,0.935984137124685,0.9510667338833904,1.0690406758494593,1.1095051734587327,0.5264236771005226
2023-05-19 00:00:00+00:00,0.9339644520849716,0.9489098384247208,1.0713474729138743,1.1120213866588644,0.5275596044982422
2023-05-20 00:00:00+00:00,0.9415258466478325,0.9566578862008878,1.0800211231138808,1.1211012744238134,0.5318307374264097
2023-05-21 00:00:00+00:00,0.9540844394386693,0.9692546439117299,1.0656152036811,1.1063392144158037,0.5247368847310552
2023-05-22 00:00:00+00:00,0.9503276875844308,0.9653606279928542,1.0698111131067785,1.1107839726015627,0.5268030606199111
2023-05-23 00:00:00+00:00,0.9631325120842436,0.978657616248119,1.0842258710163386,1.1260840387214426,0.533901265613126
2023-05-24 00:00:00+00:00,0.9950094594190354,1.010887616722944,1.0483410778484556,1.0889988635793697,0.5162306519515661
2023-05-25 00:00:00+00:00,1.0003489042609213,1.0165732785154253,1.0539667121654632,1.0951238562375851,0.5190008618884601
2023-05-26 00:00:00+00:00,0.9919713693806542,1.0078104443609321,1.062793275433736,1.104563794246632,0.5233472932234067
2023-05-27 00:00:00+00:00,0.9865620721385822,1.0020822533819644,1.0685887700529868,1.1108419117213026,0.5262011468297327
2023-05-28 00:00:00+00:00,1.0308914905605175,1.0474084658220217,1.1166039127859482,1.1610875440614328,0.5498450628798937
2023-05-29 00:00:00+00:00,1.0183205974757767,1.0349503840402516,1.1029878256088164,1.1472773410205783,0.5431401443099698
2023-05-30 00:00:00+00:00,1.0200540591315403,1.0365146442340072,1.1011102370505506,1.1455433059369349,0.5422155704417784
2023-05-31 00:00:00+00:00,1.0378596951578962,1.0544513754809353,1.0818897183630323,1.125719849968792,0.5327508827532367
2023-06-01 00:00:00+00:00,1.0531870688151264,1.0697945731610052,1.0659120982216672,1.1093396331166188,0.5248830833924225
2023-06-02 00:00:00+00:00,1.0531870688151264,1.0697945731610052,1.0824571733381385,1.1268248317524026,0.5330303124712379
2023-06-03 00:00:00+00:00,1.0601170265033493,1.0765879050387015,1.0753346187296908,1.119669350464528,0.5295229797082923
2023-06-04 00:00:00+00:00,1.0617148236034692,1.0784780589660619,1.076955351622862,1.121635142027131,0.5303210711078951
2023-06-05 00:00:00+00:00,1.00706194084592,1.0232577093871609,1.02151794672011,1.0642050588392566,0.5030222384281863
2023-06-06 00:00:00+00:00,1.066132159721492,1.0832173712344535,1.081436096985421,1.1265641057135733,0.5325275076852828
2023-06-07 00:00:00+00:00,1.1014643282395016,1.1188557261259025,1.0455967481094532,1.0894996231142648,0.5148792719853792
2023-06-08 00:00:00+00:00,1.0949088366644093,1.1120556958826766,1.0518197373588019,1.0961212367988218,0.5179436351636989
2023-06-09 00:00:00+00:00,1.0958517017492349,1.1128030592490985,1.050913977835564,1.0953845822764148,0.5174976154101355
2023-06-10 00:00:00+00:00,1.122575637436188,1.1397737584118,1.0252859138271149,1.0688360499098937,0.5048776842914479
2023-06-11 00:00:00+00:00,1.122575637436188,1.1397737584118,1.0284536749197406,1.0722834275344162,0.5064375729656847
2023-06-12 00:00:00+00:00,1.1234021660998303,1.1404380058134505,1.0276964462634242,1.0716585127429359,0.5060646937079827
2023-06-13 00:00:00+00:00,1.1226504945940092,1.1394162500271585,1.028384080806601,1.0726186467271968,0.5064033029984409
2023-06-14 00:00:00+00:00,1.0878081900362562,1.1041540471509033,0.9964674054758995,1.0394236696248014,0.49068669467101617
2023-06-15 00:00:00+00:00,1.1080686811879827,1.1248251452588887,1.015026669173809,1.0588829368402934,0.4998257630533941
2023-06-16 00:00:00+00:00,1.0756476968114106,1.0918577771789688,1.0447253370829197,1.089917612478102,0.5144501663327908
2023-06-17 00:00:00+00:00,1.0688807455641178,1.0846895584033671,1.0512977542821647,1.0970730937659767,0.5176865970015453
2023-06-18 00:00:00+00:00,1.076305654917595,1.0920220531076317,1.0439949840138691,1.0896568864392728,0.5140905213193905
2023-06-19 00:00:00+00:00,1.0561000440089952,1.0713343658157108,1.0635940229496341,1.1102997671008796,0.5237416023093664
2023-06-20 00:00:00+00:00,0.9985584698946708,1.0129487692948784,1.1215439062455272,1.1708089006520732,0.5522776452694997
2023-06-21 00:00:00+00:00,0.9388167724655929,0.9521552295542659,1.188643569129979,1.2410766373708828,0.5853192797608824
2023-06-22 00:00:00+00:00,0.9349890811376051,0.9485515275166712,1.1837972979351448,1.2363794301634001,0.5829328486734181
2023-06-23 00:00:00+00:00,0.9349890811376051,0.9485515275166712,1.2150787700485732,1.26942128244934,0.598336666270895
2023-06-24 00:00:00+00:00,0.9301606578415199,0.943937631179601,1.208803921755433,1.2632466276884906,0.5952467663387918
2023-06-25 00:00:00+00:00,0.9324570115063083,0.9459848157473897,1.2058196616791412,1.260506935026505,0.5937772383794956
2023-06-26 00:00:00+00:00,0.9261186611460077,0.9398383059622294,1.1976231363779748,1.2523168266004183,0.5897410542697946
2023-06-27 00:00:00+00:00,0.9134474051838186,0.9266973848399388,1.214009146015775,1.2698268562875192,0.5978099553335274
2023-06-28 00:00:00+00:00,0.932031003838129,0.9453290665650445,1.1893107795808961,1.2442963970249985,0.5856478316924473
2023-06-29 00:00:00+00:00,0.9433711482351947,0.9570756046914086,1.2037812810104564,1.2597578649784396,0.5927734862574474
2023-06-30 00:00:00+00:00,0.9430250368062929,0.956437342582294,1.2042229337576655,1.2605979822146678,0.5929909676577717
2023-07-01 00:00:00+00:00,0.9430250368062929,0.956437342582294,1.208344857424157,1.2652910509135975,0.5950207110176471
2023-07-02 00:00:00+00:00,0.9439481462163573,0.9576605122481159,1.2095276833990312,1.2669092077577613,0.5956031655613607
2023-07-03 00:00:00+00:00,0.9602018693571168,0.9744376450302182,1.2303543868316857,1.2891040291266862,0.6058587807597146
2023-07-04 00:00:00+00:00,0.9726015005773485,0.9867287796005855,1.2144661229636708,1.2728438290225457,0.5980349827723295
2023-07-05 00:00:00+00:00,0.9726015005773485,0.9867287796005855,1.203531113207079,1.261765041626571,0.592650297067437
2023-07-06 00:00:00+00:00,0.95282761057553,0.9668572392549208,1.1790622101340362,1.236354599112083,0.580601167206132
2023-07-07 00:00:00+00:00,0.9672511444781173,0.9815343460085997,1.1969103954430824,1.2551227353992496,0.5893900819333417
2023-07-08 00:00:00+00:00,0.965304112193646,0.9796378113762609,1.1945010695975138,1.2526975693872804,0.5882036666737448
2023-07-09 00:00:00+00:00,0.961249083966297,0.9757055766010195,1.1894832358458176,1.2476692814955699,0.5857327536820122
2023-07-10 00:00:00+00:00,0.969137090227951,0.9837674669920702,1.1992441306742108,1.2579783063007148,0.5905392743911247
2023-07-11 00:00:00+00:00,0.9756842473844982,0.9906124682674904,1.2073458119242226,1.2667312518899887,0.5945287548016234
2023-07-12 00:00:00+00:00,0.9678725783542621,0.9828612729697923,1.1976793794558536,1.2568195239059172,0.589768749836986
2023-07-13 00:00:00+00:00,1.0020099017213224,1.0175814496519242,1.239922097331036,1.3012174436608728,0.6105701724366486
2023-07-14 00:00:00+00:00,0.9651111449888666,0.9804145491096421,1.1942622852293603,1.2536908114399639,0.5880860829859046
2023-07-15 00:00:00+00:00,0.9645854883874676,0.9798675962890531,1.193611819366136,1.2529914034945326,0.5877657765286457
2023-07-16 00:00:00+00:00,0.9625482742440443,0.97793869758449,1.1910908993342215,1.250524852397035,0.5865244093638068
2023-07-17 00:00:00+00:00,0.9625482742440443,0.97793869758449,1.187333148725671,1.2467712251396015,0.5846739943724334
2023-07-18 00:00:00+00:00,0.95341037674264,0.9688332440185639,1.1760612687551877,1.2351627086488624,0.5791234249357909
2023-07-19 00:00:00+00:00,0.9547859555582546,0.9704530733695077,1.1777580878864118,1.2372278244167338,0.5799589831952779
2023-07-20 00:00:00+00:00,0.9512780057358754,0.9670608455704373,1.173430922985048,1.2329030829790075,0.5778281736664579
2023-07-21 00:00:00+00:00,0.9544138321777699,0.9703199811783481,1.1772990621555595,1.2370581455660672,0.5797329468819946
2023-07-22 00:00:00+00:00,0.9509370038472117,0.966817384245145,1.173010286579558,1.2325926948375439,0.5776210412641998
2023-07-23 00:00:00+00:00,0.9598981403106595,0.9761435760793361,1.1840641263276601,1.2444826299098768,0.5830642419746423
2023-07-24 00:00:00+00:00,0.9598981403106595,0.9761435760793361,1.1480620282338259,1.2069463573355437,0.5653358642898265
2023-07-25 00:00:00+00:00,0.9613949833274181,0.9779008072269975,1.1498522896767862,1.209119074325789,0.5662174359952489
2023-07-26 00:00:00+00:00,0.9650913913200844,0.9819072942436653,1.1542732854877236,1.2140728690635483,0.5683944503257751
2023-07-27 00:00:00+00:00,0.9608414082960172,0.9776798981684344,1.1491902001834946,1.208845932761301,0.5658914057575769
2023-07-28 00:00:00+00:00,0.9636062633493667,0.9806989886354639,1.1524970355309345,1.21257886747597,0.5675197782437613
2023-07-29 00:00:00+00:00,0.9646825330359164,0.9820110545590509,1.1537842808201764,1.2142011628286864,0.5681536515975086
2023-07-30 00:00:00+00:00,0.9622723642391534,0.979735021834461,1.150901659049181,1.2113869770127497,0.5667341730064142
2023-07-31 00:00:00+00:00,0.9604458572545096,0.9780514270396541,1.1487171113088397,1.209305307210667,0.5656584443833117
2023-08-01 00:00:00+00:00,0.9760143617607954,0.9941309288174921,1.167337429558721,1.2291867022985496,0.5748275776289627
2023-08-02 00:00:00+00:00,0.9582690226209755,0.9763544438170553,1.1461135629951653,1.2072070833743727,0.5643763888846243
2023-08-03 00:00:00+00:00,0.958313337730058,0.976692501618796,1.1461665649668102,1.2076250727382105,0.5644024884460696
2023-08-04 00:00:00+00:00,0.9554461579316529,0.9740449400229861,1.1427373466816255,1.2043515124729074,0.5627138513903908
2023-08-05 00:00:00+00:00,0.9537902144220985,0.9725922956075861,1.1407567970958077,1.2025553997609713,0.5617385768108546
2023-08-06 00:00:00+00:00,0.954101474326647,0.9732014690721087,1.1411290716761169,1.2033086083175897,0.5619218945815294
2023-08-07 00:00:00+00:00,0.9579983205225356,0.9774456006820793,1.145789796558779,1.2085562371626013,0.5642169577967203
2023-08-08 00:00:00+00:00,0.9760075474230605,0.9960655566333934,1.1673292794414611,1.2315787602420958,0.57482356429739
2023-08-09 00:00:00+00:00,0.9696419572180343,0.9898332434963545,1.159715875378273,1.2238728573166924,0.5710745243845627
2023-08-10 00:00:00+00:00,0.9651348015123934,0.9855121284265816,1.154325205156421,1.2185300427749655,0.5684200169328526
2023-08-11 00:00:00+00:00,0.963948660430796,0.9845682442672664,1.1529065509485177,1.2173629833630621,0.5677214343797938
2023-08-12 00:00:00+00:00,0.9638365797576516,0.9847422938285585,1.1527724996783544,1.21757818580781,0.5676554240172759
2023-08-13 00:00:00+00:00,0.9594254327765961,0.9804780795769003,1.1474966582768187,1.2123057259114813,0.5650574612894417
2023-08-14 00:00:00+00:00,0.9632709561047094,0.9847021285451832,1.1520959997343043,1.2175285237051756,0.567322297695565
2023-08-15 00:00:00+00:00,0.9554282567202435,0.9769803528163171,1.1427159363879538,1.2079809844737548,0.5627033084000472
2023-08-16 00:00:00+00:00,0.939613234990059,0.9611016774553548,1.1238007774126053,1.188347899899043,0.5533889878454699
2023-08-17 00:00:00+00:00,0.8704598448873225,0.8906551175223495,1.0410916044633816,1.101244710387247,0.5126608210530543
2023-08-18 00:00:00+00:00,0.8891588608276985,0.9096532965587792,1.0187271167485321,1.0777545358412806,0.5016479605274569
2023-08-19 00:00:00+00:00,0.8907885738555622,0.9112670674259911,1.0205943116077922,1.0796665267926964,0.5025674162655596
2023-08-20 00:00:00+00:00,0.893847619380841,0.9143269446547304,1.0240991213389452,1.0832918602849915,0.5042932765325182
2023-08-21 00:00:00+00:00,0.8958813786555989,0.9164402160284602,1.0217690026015511,1.0807880626105184,0.5031458649311353
2023-08-22 00:00:00+00:00,0.8934384692670748,0.9139486878367411,1.0189828200233353,1.0778497215379963,0.5017738755288309
2023-08-23 00:00:00+00:00,0.9062692727295714,0.9271011493333089,1.033616584681024,1.0933608515940714,0.5089799251908822
2023-08-24 00:00:00+00:00,0.8974940751538194,0.9181667397894824,1.0236083122822128,1.0828242088185198,0.5040515892756755
2023-08-25 00:00:00+00:00,0.8935553322218183,0.9142048590451854,1.019116104348196,1.0781518326623543,0.5018395082273597
2023-08-26 00:00:00+00:00,0.8918290199567737,0.9125415007876152,1.017147213819541,1.0761901796083042,0.500869974873468
2023-08-27 00:00:00+00:00,0.8946419306380765,0.9154681691142261,1.0203553896000837,1.0796416957413797,0.502449764800391
2023-08-28 00:00:00+00:00,0.8952101321572353,0.9161278977058362,1.0210034337645675,1.0804197353493152,0.5027688787496523
2023-08-29 00:00:00+00:00,0.949912555279599,0.972050423428703,1.0833925420162664,1.146371007647504,0.5334909125495213
2023-08-30 00:00:00+00:00,0.9357246705463541,0.957673253004093,1.0672110014928238,1.129415538106485,0.5255226974423336
2023-08-31 00:00:00+00:00,0.9826054562493665,1.0054825207280098,1.0137426129425147,1.073032497582481,0.4991934600754509
2023-09-01 00:00:00+00:00,0.9774423572286538,1.000348075890599,1.0084159037747102,1.0675531122585098,0.49657044872489353
2023-09-02 00:00:00+00:00,0.9752093302130901,0.9980135322409605,1.0107196917570906,1.0700444944073244,0.4977048943716703
2023-09-03 00:00:00+00:00,0.9712776536165856,0.9939104358959543,1.0147945327523458,1.0744437289990019,0.4997114529889256
2023-09-04 00:00:00+00:00,0.9768483866903861,0.999580167372075,1.008974209958276,1.0683145978322337,0.49684537333790424
2023-09-05 00:00:00+00:00,0.9754977215338299,0.9982519888743272,1.0075791251858357,1.0668950893986069,0.4961583969932564
2023-09-06 00:00:00+00:00,0.9754977215338299,0.9982519888743272,1.0063055312547702,1.065558351136037,0.4955312459264444
2023-09-07 00:00:00+00:00,0.9569507335066367,0.9791262633210014,1.0254382634261319,1.085973613827237,0.5049527052311846
2023-09-08 00:00:00+00:00,0.9693568622329316,0.991846356274548,1.0121442466586066,1.0718654381705772,0.49840638258107983
2023-09-09 00:00:00+00:00,0.9693568622329316,0.991846356274548,1.01190347330681,1.0715674655547722,0.498287819465509
2023-09-10 00:00:00+00:00,0.9668968546579225,0.9893871001136053,1.0093354920952482,1.0689105430638437,0.4970232781410722
2023-09-11 00:00:00+00:00,0.9668968546579225,0.9893871001136053,0.9828063358085454,1.040851455075533,0.4839596255427055
2023-09-12 00:00:00+00:00,0.992817342062389,1.0159565402583635,1.0091533232101828,1.0688029418414695,0.4969335734025195
2023-09-13 00:00:00+00:00,1.0075167118569976,1.031066581655464,1.0240945588724346,1.0846989531929596,0.5042910298543034
2023-09-14 00:00:00+00:00,0.9959605878115718,1.0192491996307596,1.0358408292988206,1.0971310328857156,0.5100752015979668
2023-09-15 00:00:00+00:00,0.9929664494643591,1.0161426585757674,1.0389548588965452,1.1004749477964169,0.5116086314743664
2023-09-16 00:00:00+00:00,0.9945289718259478,1.0178317013573388,1.0373199696204947,1.0986457270160581,0.5108035691004144
2023-09-17 00:00:00+00:00,0.9945289718259478,1.0178317013573388,1.0360143341418666,1.0972924347192767,0.5101606399349117
2023-09-18 00:00:00+00:00,0.9856213675189004,1.0087836089385622,1.0452935065002362,1.1070468993783398,0.5147299478608809
2023-09-19 00:00:00+00:00,0.9691720389423366,0.9919604294893869,1.0627387211780128,1.1255087860325956,0.5233204292765538
2023-09-20 00:00:00+00:00,0.9722472034077745,0.9951811276039593,1.0593666714075944,1.1218544829804307,0.5216599434974705
2023-09-21 00:00:00+00:00,0.9922702519651428,1.0155600252578716,1.0375494316898524,1.0988816220035702,0.5109165622437392
2023-09-22 00:00:00+00:00,0.9927663289879745,1.0160993094091841,1.038068145651189,1.099465151709522,0.5111719906077472
2023-09-23 00:00:00+00:00,0.9925480018167706,1.0159616198386363,1.0378398557957225,1.0993161654016192,0.5110595746932975
2023-09-24 00:00:00+00:00,0.9925480018167706,1.0159616198386363,1.024854651420073,1.0856301176173504,0.5046653193672319
2023-09-25 00:00:00+00:00,0.9946262467792024,1.018211790242893,1.0227087612337646,1.0832256441481456,0.5057220119964743
2023-09-26 00:00:00+00:00,0.9946262467792024,1.018211790242893,1.0258920408325354,1.086591861417764,0.5041479034873269
2023-09-27 00:00:00+00:00,1.0001959872799013,1.0240703697264493,1.020147217118429,1.0803398371853767,0.5069710473622132
2023-09-28 00:00:00+00:00,0.9753923281930053,0.9987324019600342,0.9948487914962012,1.0536096272500095,0.5195433203823208
2023-09-29 00:00:00+00:00,0.9710850232968316,0.9942622538248871,0.9992420155832746,1.0583253960597343,0.517249031794053
2023-09-30 00:00:00+00:00,0.9710850232968316,0.9942622538248871,0.9970527581882137,1.0559640201383786,0.5183822820480289
2023-10-01 00:00:00+00:00,0.9710850232968316,0.9942622538248871,0.9589034558561707,1.0155879687726506,0.5382166611608858
2023-10-02 00:00:00+00:00,0.9710850232968316,0.9942622538248871,0.9762170690390877,1.0338734447912796,0.5284988162380927
2023-10-03 00:00:00+00:00,0.9710850232968316,0.9942622538248871,0.9786290956209617,1.0363417134165709,0.5271930070756796
2023-10-04 00:00:00+00:00,0.9588550484620066,0.9816471797011349,0.9909540815129676,1.0494906864184053,0.5338325464104968
2023-10-05 00:00:00+00:00,0.9712387149017089,0.9944270733150654,0.9781558542707982,1.0358275500099439,0.5269380692942652
2023-10-06 00:00:00+00:00,0.9712387149017089,0.9944270733150654,0.9966730817825828,1.0554073462079026,0.5369134040746479
2023-10-07 00:00:00+00:00,0.9712387149017089,0.9944270733150654,0.9975560050364892,1.0564167699547369,0.5373890398056177
2023-10-08 00:00:00+00:00,0.9727542478092744,0.9959146391335019,0.9959994063037818,1.054836473602015,0.5365504912989585
2023-10-09 00:00:00+00:00,0.9841611813722678,1.0074403382782058,0.9843198900415042,1.0426288733079025,0.5302586700900331
2023-10-10 00:00:00+00:00,0.9770015726534701,1.0002402392628702,0.9771591267435649,1.035177284525092,0.5264011265601196
2023-10-11 00:00:00+00:00,0.958364015185275,0.981365093848238,0.9585185637291243,1.0156428556865416,0.5163593502496258
2023-10-12 00:00:00+00:00,0.9538739615175171,0.9769632068297299,0.9540277859823679,1.011087216679293,0.5139401429779282
2023-10-13 00:00:00+00:00,0.9501639283420573,0.9730983134972971,0.9577384174484727,1.01508710553379,0.515939081053159
2023-10-14 00:00:00+00:00,0.950687009776656,0.9735875844502359,0.9572111661285416,1.0145767227404467,0.515655047796757
2023-10-15 00:00:00+00:00,0.9613910217109638,0.9845981869506045,0.9679886350962724,1.0260508840574585,0.5214609310462812
2023-10-16 00:00:00+00:00,0.9137909632565235,0.9357488417553934,1.0159153522938342,1.0769568419268374,0.5472793236034902
2023-10-17 00:00:00+00:00,0.9137909632565235,0.9357488417553934,1.012198341899057,1.0730098816583167,0.5452769491634468
2023-10-18 00:00:00+00:00,0.9137909632565235,0.9357488417553934,1.0095602164914643,1.0701819829218668,0.5438557761440722
2023-10-19 00:00:00+00:00,0.9010920314161218,0.922863208874729,1.0235900514247382,1.0849188135029915,0.5514137272619622
2023-10-20 00:00:00+00:00,0.9311557573920505,0.9536104155069829,1.0577407593933332,1.1210652571115418,0.5698109060381594
2023-10-21 00:00:00+00:00,0.9236242043135084,0.9458150772707541,1.0662961816301246,1.1302294637120152,0.5744197601954684
2023-10-22 00:00:00+00:00,0.9210404286434009,0.9430910903646411,1.0692790724187784,1.1334845717495594,0.576026660267912
2023-10-23 00:00:00+00:00,0.8262082082020471,0.8458141296737933,1.1793742490857777,1.2504000375579918,0.6353355521773387
2023-10-24 00:00:00+00:00,0.8053974288457278,0.8242557662670386,1.209080680264499,1.2822706075423114,0.6513385740092817
2023-10-26 00:00:00+00:00,0.8000112157001611,0.8184961585008657,1.21716658421806,1.2912306610254474,0.6556944960223076
2023-10-27 00:00:00+00:00,0.8063624483843117,0.8247485929961773,1.207503584450018,1.2813670409674296,0.6504889836091974
2023-10-28 00:00:00+00:00,0.8020007317861673,0.8200399988355734,1.2140351242522092,1.2886825276720155,0.6540075608971195
2023-10-29 00:00:00+00:00,0.7918418106850232,0.8094065628376939,1.2294132736135293,1.3053928383874,0.6622918565933446
2023-11-09 00:00:00+00:00,0.7419150147752273,0.7580483021922838,1.30692959666219,1.3882222948270748,0.704050336520352
2023-11-10 00:00:00+00:00,0.7298068750951433,0.7454367005144485,1.3282588402996378,1.4113180613791756,0.7155405202295753
2023-11-11 00:00:00+00:00,0.7333982108988795,0.7487974198396254,1.3217225583152086,1.4049552892221637,0.7120193883013657
2023-11-12 00:00:00+00:00,0.7333982108988795,0.7487974198396254,1.3181240102925955,1.4020593394466017,0.710080830208584
2023-11-13 00:00:00+00:00,0.7457181821891588,0.7608979522231686,1.295981537455187,1.3794021240354475,0.6981525553478842
2023-11-14 00:00:00+00:00,0.7650282768727472,0.7802341555356901,1.2624225780598612,1.34434827766598,0.6800741548618181
2023-11-15 00:00:00+00:00,0.8148540227267627,0.831284319664865,1.344643259878194,1.4323080263320749,0.7243668993608109
2023-11-16 00:00:00+00:00,0.8519278066816063,0.8687962944758499,1.2834654141258428,1.3676746616284061,0.6914100491987694
2023-11-17 00:00:00+00:00,0.8621729638824848,0.8795049484925125,1.298900178464418,1.384532416261868,0.6997248437021912
2023-11-18 00:00:00+00:00,0.8633968603799079,0.8804895971013557,1.2970563264236787,1.3829823648154183,0.6987315502202075
2023-11-19 00:00:00+00:00,0.8448919752147244,0.8613542223649338,1.324855684372101,1.4130382404234065,0.7137072209591842
2023-11-20 00:00:00+00:00,0.8431878272032873,0.8593584637167995,1.3275279196947172,1.4163122515273712,0.7151467691819456
2023-11-21 00:00:00+00:00,0.8822775028264374,0.8989399926895946,1.2659845315107812,1.3510777693115426,0.6819929992526673
2023-11-22 00:00:00+00:00,0.9233998975546654,0.9411086974981917,1.32499126743892,1.4144559704049156,0.7137802603211085
2023-12-02 00:00:00+00:00,0.873739934816,0.8902567208571394,1.3962486036638013,1.4908848485547384,0.7521669887851353
2023-12-03 00:00:00+00:00,0.8619334339361869,0.8779599581881682,1.415115556759022,1.5114778491128151,0.7623307227075503
2023-12-04 00:00:00+00:00,0.8619334339361869,0.8779599581881682,1.4859570311410522,1.587596716973348,0.8004934240540085
2023-12-05 00:00:00+00:00,0.8193222527408541,0.8342930898533274,1.5594179062033808,1.6665586060234665,0.8400672113037592
2023-12-06 00:00:00+00:00,0.8252722305023914,0.8401014989953518,1.5480933000037884,1.654955903854798,0.8339665821450453
2023-12-07 00:00:00+00:00,0.8345464746340673,0.8492903610282789,1.530696137380121,1.6368543274508927,0.8245946326299572
2023-12-08 00:00:00+00:00,0.8173851557040902,0.8313712288959958,1.5621728320842507,1.6713902298004488,0.8415513053961026
2023-12-09 00:00:00+00:00,0.8266521544272317,0.8403074893823478,1.5444618991914445,1.6534247554747683,0.8320103260693542
2023-12-10 00:00:00+00:00,0.8257588684361937,0.8388529953823012,1.5461308553186992,1.656286679730774,0.8329094021374396
2023-12-11 00:00:00+00:00,0.7776153883168284,0.790237433746244,1.4559881720969752,1.5602969084494127,0.7843490308525688
2023-12-12 00:00:00+00:00,0.7819794760622657,0.794909429429268,1.4641593840287548,1.5695216048624305,0.7887509087540573
2023-12-13 00:00:00+00:00,0.8073254043215046,0.8209500611051396,1.5116164846863802,1.6209379455251527,0.814316316235542
2023-12-14 00:00:00+00:00,0.8100470088842362,0.8239638812711558,1.5167123509873797,1.6268886308342059,0.8170614881202742
2023-12-15 00:00:00+00:00,0.8303264150137551,0.8443445050621835,1.478741683347119,1.5866477830390577,0.7966064755485925
2023-12-16 00:00:00+00:00,0.8303264150137551,0.8443445050621835,1.48955211377914,1.5987230618682295,0.8024301153246237
2023-12-17 00:00:00+00:00,0.8480686149765913,0.8621329365940322,1.4577237496805504,1.5650415781208624,0.7852839962744966
2023-12-18 00:00:00+00:00,0.8222747126906729,0.8355753309813666,1.5020602376664436,1.6132519587187324,0.809168312129245
2023-12-19 00:00:00+00:00,0.8297167348195299,0.8428870581585927,1.4884657961068684,1.5991351487161882,0.8018449098746252
2023-12-20 00:00:00+00:00,0.8024128911147579,0.8147777373528271,1.537447377110704,1.6524644797006263,0.8282315635070191
2023-12-21 00:00:00+00:00,0.7996570952501734,0.8112844133849414,1.5427275653663686,1.6595493489948865,0.8310760306671368
2023-12-22 00:00:00+00:00,0.7984097172440916,0.8093826320016059,1.5451340524041808,1.6634396000641467,0.8323724187917386
2023-12-23 00:00:00+00:00,0.803711873103752,0.8144229700343073,1.5348729779295434,1.6530807196659218,0.8268447201648353
2023-12-24 00:00:00+00:00,0.8172933842510425,0.8277740441270636,1.508935953534317,1.6259812836460403,0.8128722990027215
2023-12-25 00:00:00+00:00,0.8062982852243118,0.8161586007338966,1.529235763313528,1.6487972848151233,0.8238079208930312
2023-12-26 00:00:00+00:00,0.8269230876849486,0.8362463438046587,1.4901184960291158,1.608216181824413,0.8027352286334912
2023-12-27 00:00:00+00:00,0.8269230876849486,0.8362463438046587,1.52072300975514,1.6428201352130818,0.8192220525931591
2023-12-28 00:00:00+00:00,0.8269230876849486,0.8362463438046587,1.4893099319321392,1.6105450396073715,0.8022996505992739
2023-12-29 00:00:00+00:00,0.837984070664735,0.8461595694454753,1.4693888146552634,1.591452942523052,0.7915680324933974
2023-12-30 00:00:00+00:00,0.838599593899632,0.847749569752949,1.470468122709175,1.5944434076307146,0.7921494618224952
2023-12-31 00:00:00+00:00,0.836625050100411,0.8449394301450497,1.4739304469635257,1.5997287050017799,0.7940146354038754
2024-01-01 00:00:00+00:00,0.836625050100411,0.8449394301450497,1.539230014647888,1.6721728167502414,0.8291918803910757
2024-01-02 00:00:00+00:00,0.8237409018717604,0.8306196532316119,1.5629343821711066,1.7005122939272832,0.8419615567182069
2024-01-03 00:00:00+00:00,0.8631520274335222,0.8699588465423715,1.488157224644298,1.6199738891377267,0.8016786806893517
2024-01-04 00:00:00+00:00,0.8373388445663392,0.8436811131947294,1.5326616379503553,1.6689063668728452,0.8256534588601068
2024-01-05 00:00:00+00:00,0.8375596967221284,0.8436505338204773,1.5322573910567192,1.6689668566853895,0.8254356887811151
2024-01-06 00:00:00+00:00,0.8413911228077947,0.8472567273475929,1.5252480626935883,1.6618328394184365,0.8216597241037159
2024-01-07 00:00:00+00:00,0.8413911228077947,0.8472567273475929,1.523409473028067,1.6603281553313953,0.8206692654929085
2024-01-08 00:00:00+00:00,0.7830983561021374,0.7883034062473157,1.6289534354032198,1.7758561360645906,0.8775263926233187
2024-01-09 00:00:00+00:00,0.7830983561021374,0.7883034062473157,1.5986861265772148,1.7433920097946793,0.8612212228429894
2024-01-27 00:00:00+00:00,0.8514394288293426,0.8568837854202997,1.4591686266450126,1.5917213660662173,0.7860623596351998
2024-01-28 00:00:00+00:00,0.8532880229993436,0.858532335534523,1.4560005673269552,1.588659069306158,0.7843557082327898
2024-01-29 00:00:00+00:00,0.8278189723485128,0.8326565584754558,1.4994594595150121,1.6365405365483179,0.8077672582871666
2024-01-30 00:00:00+00:00,0.8278189723485128,0.8326565584754558,1.4862941875811078,1.6225749510771346,0.8006750521276919
2024-01-31 00:00:00+00:00,0.8349037038170082,0.8395982247721757,1.4735740210302926,1.6090479167468978,0.7938226267456603
2024-02-01 00:00:00+00:00,0.8251083769059333,0.8294959409431363,1.4908624091374107,1.6284084373743832,0.8031359788158844
2024-02-02 00:00:00+00:00,0.8232602185056747,0.8273891060657622,1.4942017884991976,1.6325444283071053,0.8049349212910106
2024-02-03 00:00:00+00:00,0.8270782428340662,0.8310219386003848,1.487272146264849,1.6253763855205965,0.8012018839801112
2024-02-04 00:00:00+00:00,0.8270782428340662,0.8310219386003848,1.472266247989466,1.6094184168487327,0.7931181220410168
2024-02-05 00:00:00+00:00,0.824944428839446,0.8286286435173713,1.476064609693435,1.6140534487349456,0.7951643208896275
2024-02-06 00:00:00+00:00,0.8177024309218979,0.8211328682918324,1.4890226423267419,1.628654177237845,0.8021448860703544
2024-02-07 00:00:00+00:00,0.7942041057369771,0.7973618331484162,1.531812704987624,1.675802205502904,0.8251961338904832
2024-02-08 00:00:00+00:00,0.7942041057369771,0.7973618331484162,1.5641042263076537,1.7114496081579633,0.8425917583450707
2024-02-09 00:00:00+00:00,0.7942041057369771,0.7973618331484162,1.6275612606716108,1.7812775355138806,0.8767764202523605
2024-02-10 00:00:00+00:00,0.8043733248584717,0.8077950729568045,1.6484010258829316,1.8045850164098867,0.8880029191758737
2024-02-13 00:00:00+00:00,0.8372252936661048,0.8410291302734513,1.7157245153762022,1.8788287000815438,0.9242704622436225
2024-02-14 00:00:00+00:00,0.8372252936661048,0.8410291302734513,1.788596528082056,1.9592347834061592,0.9635270260244893
2024-02-15 00:00:00+00:00,0.8372252936661048,0.8410291302734513,1.7906588106096955,1.9620815852090294,0.9646379892403295
2024-02-16 00:00:00+00:00,0.833441854359094,0.8369761926070179,1.798750836711582,1.9715368990323727,0.9689972092891485
2024-02-17 00:00:00+00:00,0.833441854359094,0.8369761926070179,1.7819185307018022,1.9537982615037337,0.9599295512141724
2024-02-18 00:00:00+00:00,0.833441854359094,0.8369761926070179,1.7981534294963994,1.9725690064589112,0.9686753826567398
2024-02-19 00:00:00+00:00,0.8396925313341334,0.8427847954168016,1.7846675742078089,1.9588794057574617,0.9614104764380378
2024-02-20 00:00:00+00:00,0.8322049083692937,0.8349187302553279,1.8005816349081125,1.9771624515990003,0.9699834705917161
2024-02-21 00:00:00+00:00,0.8252678451389193,0.8282198905574628,1.785572412387082,1.961298998259237,0.9618979178627638
2024-02-22 00:00:00+00:00,0.8160476915461289,0.8192652213807883,1.7656234321981268,1.940093538349148,0.9511512898491798
2024-02-23 00:00:00+00:00,0.8160476915461289,0.8192652213807883,1.746289514873724,1.919489195951219,0.9407359996657861
2024-02-24 00:00:00+00:00,0.8160476915461289,0.8192652213807883,1.7743201937386495,1.9508758474351835,0.9558362842856666
2024-02-25 00:00:00+00:00,0.8182834911465023,0.8218499297170924,1.7791814591048676,1.9570306858615742,0.9584550753251699
2024-02-26 00:00:00+00:00,0.861084219128181,0.8654581507694643,1.8722424367307255,2.0608727909338524,1.0085875482462292
2024-02-27 00:00:00+00:00,0.861084219128181,0.8654581507694643,1.9578567153219362,2.157766128790095,1.0547084424451454
2024-02-28 00:00:00+00:00,0.861084219128181,0.8654581507694643,2.141520261935304,2.362425848307433,1.153649029703945
2024-02-29 00:00:00+00:00,0.861084219128181,0.8654581507694643,2.0931600874343137,2.313860090060865,1.1275971312554278
2024-03-01 00:00:00+00:00,0.8769378820381439,0.8828130448428126,2.1316978444917707,2.3602595568956874,1.1483576380909428
2024-03-02 00:00:00+00:00,0.8837149536194738,0.8883378204595788,2.115223851090652,2.345488700795007,1.1394830050368643
2024-03-03 00:00:00+00:00,0.8686792813424674,0.8720344182559119,2.1512126192870555,2.3885347636469003,1.1588703572127903
2024-03-04 00:00:00+00:00,0.7997480617977348,0.8013935364813853,2.3219151012413994,2.582022770909948,1.250828745921528
2024-03-05 00:00:00+00:00,0.8547767280262972,0.8547717408589779,2.1621499236552784,2.4100426726197113,1.1647623446930182
2024-03-06 00:00:00+00:00,0.8547767280262972,0.8547717408589779,2.240313236575192,2.5000477330724635,1.2068693617085913
2024-03-07 00:00:00+00:00,0.8462597209361056,0.8451819423536031,2.262635748518421,2.5280961030266353,1.218894624649876
2024-03-08 00:00:00+00:00,0.8308739147413541,0.8286220891926687,2.303772617324504,2.5776296982739133,1.2410552876268905
2024-03-09 00:00:00+00:00,0.8293198681487451,0.8264356902990636,2.3080815382360638,2.5844310215718727,1.243376527596948
2024-03-10 00:00:00+00:00,0.8227701861699629,0.8186778932439845,2.3263099693121094,2.6086912170154526,1.2531962861104167
2024-03-11 00:00:00+00:00,0.7866696321902491,0.7812807134674419,2.4283810944359234,2.727856147727879,1.3081825762487425
2024-03-12 00:00:00+00:00,0.7948461977726171,0.7883254045603839,2.4031407438934025,2.7032594777020207,1.2945854572159055
2024-03-13 00:00:00+00:00,0.8117664102007732,0.8062344741847908,2.454297372679423,2.7646717598877015,1.3221438213420442
2024-03-14 00:00:00+00:00,0.8311510282348291,0.8246694380600498,2.395689851459604,2.7014561251655413,1.2905716194860153
2024-03-15 00:00:00+00:00,0.8311510282348291,0.8246694380600498,2.330245238976895,2.6294997125307185,1.255316238048812
2024-03-16 00:00:00+00:00,0.7804976068095919,0.7748564739384565,2.1882314651809005,2.4706685872423155,1.1788126180474368
2024-03-17 00:00:00+00:00,0.8170497351721474,0.8115759275679342,2.290710341098566,2.5877504000352447,1.2340185658355403
2024-03-18 00:00:00+00:00,0.8170497351721474,0.8115759275679342,2.2625559651874676,2.557962947970422,1.218851644920019
2024-03-19 00:00:00+00:00,0.8863653082459845,0.879777812973765,2.070608820983872,2.34300105725412,1.1154486369723824
2024-03-20 00:00:00+00:00,0.8023415801919492,0.7959893822339067,2.26689388636501,2.5661441951170496,1.221188507496739
2024-03-21 00:00:00+00:00,0.8303553627272774,0.8233896154753504,2.187745212120679,2.4778101657358365,1.1785506707845106
2024-03-22 00:00:00+00:00,0.8523872831836742,0.8449216511049927,2.129697500675794,2.4130142346609547,1.147280041608017
2024-03-23 00:00:00+00:00,0.8500550203461549,0.8423495288223852,2.135524680918831,2.4203599662718127,1.1504191764332998
2024-03-24 00:00:00+00:00,0.8073739197085402,0.7997112112402774,2.242748968334121,2.542874520353884,1.2081815041292139
2024-03-25 00:00:00+00:00,0.7760198228556614,0.7680893932536813,2.329845376396481,2.6434237112557777,1.2551008298240534
2024-03-26 00:00:00+00:00,0.7751685509062562,0.7667316248022806,2.3324011513354237,2.648096549274831,1.256477640182032
2024-03-27 00:00:00+00:00,0.7816194510735092,0.7723307148910443,2.312991066961309,2.62875871232705,1.2460213183798592
2024-03-28 00:00:00+00:00,0.7816194510735092,0.7723307148910443,2.354506376582221,2.678137302429683,1.2683858495558293
2024-03-29 00:00:00+00:00,0.7816194510735092,0.7723307148910443,2.321686508072979,2.642784787610778,1.250705601493884
2024-03-30 00:00:00+00:00,0.7816194510735092,0.7723307148910443,2.310998912139383,2.6328984838730563,1.2449481333541623
2024-03-31 00:00:00+00:00,0.8000541159256302,0.7914154915887027,2.365504324409246,2.69795905787782,1.2743105060089588
2024-04-01 00:00:00+00:00,0.8197471299790918,0.8098581574311141,2.3072783757179884,2.6350874589645064,1.2429438594237159
2024-04-02 00:00:00+00:00,0.7701064986188241,0.7611191041602922,2.1675587584044695,2.476502073539565,1.16767611444395
2024-04-03 00:00:00+00:00,0.7753610028358622,0.7665406223275425,2.1823482020166725,2.4941424151228193,1.175643271036557
2024-04-04 00:00:00+00:00,0.8047221913657939,0.7957977649446378,2.264988851679232,2.5893382576145356,1.220162254579191
2024-04-05 00:00:00+00:00,0.7966767557288682,0.7880802930914708,2.2423439908563787,2.5642274241820506,1.2079633404804486
2024-04-06 00:00:00+00:00,0.7966767557288682,0.7880802930914708,2.2772409596236187,2.6049030425048616,1.2267625341530564
2024-04-07 00:00:00+00:00,0.8017692348747925,0.7933542464270169,2.291797430631133,2.622335450357494,1.2346041870910287
2024-04-08 00:00:00+00:00,0.7754443538442227,0.7668678145486293,2.367045135436059,2.70988311217563,1.2751405495895098
2024-04-09 00:00:00+00:00,0.7754443538442227,0.7668678145486293,2.28341332979277,2.615779866922997,1.2300876247362198
2024-04-10 00:00:00+00:00,0.7589848113785295,0.750326622103665,2.331880945144063,2.672201739573766,1.2561974021760807
2024-04-11 00:00:00+00:00,0.7518537267397858,0.7436812745039766,2.3099716260931413,2.6485351004157778,1.2443947285736707
2024-04-12 00:00:00+00:00,0.7835534943920155,0.77467131164099,2.212578261897264,2.5381676568152742,1.1919283746001441
2024-04-13 00:00:00+00:00,0.7460095250435067,0.7377853335140313,2.1065625641301273,2.4173127919648896,1.134817120956475
2024-04-14 00:00:00+00:00,0.7653426041525642,0.7571266156288398,2.161154817088468,2.4806834318316944,1.164226275179385
2024-04-15 00:00:00+00:00,0.7653426041525642,0.7571266156288398,2.0874602555165684,2.3966328373012797,1.124526599690418
2024-04-16 00:00:00+00:00,0.7696920507385061,0.7615731566185534,2.0993233046038453,2.4107080605577003,1.130917291066132
2024-04-17 00:00:00+00:00,0.7392615378689815,0.7315891621123058,2.016324545844748,2.315795764062286,1.0862053921357275
2024-04-18 00:00:00+00:00,0.7128959318488078,0.7054270669257154,2.0882363332992853,2.3986100980488247,1.1249446771641263
2024-04-19 00:00:00+00:00,0.7091155941606847,0.7016200178640815,2.0993098128350804,2.411554917933322,1.13091002297429
2024-04-20 00:00:00+00:00,0.6968733939106436,0.6894129378478784,2.1355523822091502,2.4535121641594166,1.1504340992744548
2024-04-21 00:00:00+00:00,0.6967732822123894,0.6892493412791072,2.135859172190748,2.4540943786051566,1.1505993687658922
2024-04-22 00:00:00+00:00,0.6768044135957205,0.6694423127326917,2.197070892390122,2.5246179388053345,1.183574467283382
2024-04-23 00:00:00+00:00,0.6768044135957205,0.6694423127326917,2.1841193478258836,2.509809276571814,1.1765973972620138
2024-04-24 00:00:00+00:00,0.6986770079381565,0.6909848540806935,2.113534175018489,2.429044034985216,1.1385727670177281
2024-04-25 00:00:00+00:00,0.6986770079381565,0.6909848540806935,2.12080219527044,2.4376940781790624,1.1424880904730172
2024-04-26 00:00:00+00:00,0.7066427018137152,0.698807874104002,2.096622694777084,2.4100956012056898,1.1294624573381349
2024-04-27 00:00:00+00:00,0.7104197760062677,0.702401184427197,2.085416041893474,2.39770275086066,1.12342537029525
2024-04-28 00:00:00+00:00,0.7104197760062677,0.702401184427197,2.0744405671897734,2.3851246504647134,1.1175128202402616
2024-04-29 00:00:00+00:00,0.7188060313754506,0.710797047577362,2.0989286078274434,2.413634255239536,1.1307046656890964
2024-04-30 00:00:00+00:00,0.7549436664148054,0.7463266570254542,1.9934059595850684,2.292987324119772,1.0738590206020904
2024-05-01 00:00:00+00:00,0.7255543885788659,0.7174881319277668,1.9158044587151033,2.204384871195393,1.0320546549028833
2024-05-02 00:00:00+00:00,0.7345349912486085,0.7264598714092158,1.9395174689421395,2.2319493226492093,1.044828987103251
2024-05-03 00:00:00+00:00,0.6870642587182154,0.6794908279300075,2.0648625050576697,2.3762553317003934,1.1123530642101414
2024-05-04 00:00:00+00:00,0.6761311515512265,0.6685666423749284,2.0977202221728186,2.4144584289354527,1.130053701529315
2024-05-05 00:00:00+00:00,0.6748978692438091,0.6672706338079062,2.1015465230761006,2.419138828181074,1.1321149513819955
2024-05-06 00:00:00+00:00,0.6838617929831269,0.6760844292022682,2.073633999380345,2.387185084704506,1.117078317617393
2024-05-07 00:00:00+00:00,0.6931469961389658,0.6851513108522501,2.0454790225229433,2.3551708514153935,1.1019110729687127
2024-05-08 00:00:00+00:00,0.7059470580595857,0.6976684982620508,2.007705998486966,2.3121436916299203,1.0815625321201154
2024-05-09 00:00:00+00:00,0.6842198259510648,0.6760829249769731,2.0694980177846998,2.3836804561902163,1.1148502410311
2024-05-10 00:00:00+00:00,0.7089755600661726,0.7004454621584792,1.9946215808021728,2.2977849223771982,1.0745138826001424
2024-05-11 00:00:00+00:00,0.7087384024452995,0.700087045987636,1.995288796620728,2.2989606931085294,1.074873315520466
2024-05-12 00:00:00+00:00,0.7087384024452995,0.700087045987636,2.016197267182058,2.3234061386030267,1.0861368264030917
2024-05-13 00:00:00+00:00,0.6921393907220383,0.6834972893646357,2.06341762656839,2.378463209858263,1.1115747000280107
2024-05-14 00:00:00+00:00,0.7072871903344192,0.698290149707859,2.018258750852176,2.326986379382997,1.0872473592698848
2024-05-15 00:00:00+00:00,0.6542264729557101,0.6458206797054402,2.16966861468053,2.501835963155808,1.1688127059060796
2024-05-16 00:00:00+00:00,0.6446877952148892,0.6364742690308709,2.138034661339709,2.465629029734713,1.1517713170264068
2024-05-17 00:00:00+00:00,0.6273004587271637,0.6192755851718402,2.195697809851374,2.5322547776390625,1.1828347799842773
2024-05-18 00:00:00+00:00,0.6282403472788839,0.620154849252907,2.1924079808614447,2.5286594144059555,1.1810625305736209
2024-05-19 00:00:00+00:00,0.634387168790965,0.6261399064959132,2.1709570495444925,2.5042555556575827,1.1695067930259013
2024-05-20 00:00:00+00:00,0.5843937369248826,0.5767297985353219,2.3420412055299304,2.7018719926267845,1.2616707916854113
2024-05-21 00:00:00+00:00,0.5951835901814455,0.5872021493508689,2.298799330520343,2.652810974040009,1.2383761500076773
2024-05-22 00:00:00+00:00,0.6034519373754575,0.5951496399911322,2.266864190997578,2.6169064896816363,1.2211725104350106
2024-05-23 00:00:00+00:00,0.6142619554491927,0.6056323888433595,2.2262564120550437,2.5708132525228193,1.1992968711482026
2024-05-24 00:00:00+00:00,0.6091689934167468,0.6004292864628811,2.2447147249629205,2.592899595328086,1.2092404682995552
2024-05-25 00:00:00+00:00,0.6028651660902407,0.5940357709410059,2.2679435730762574,2.6205094141413103,1.2217539796416679
2024-05-26 00:00:00+00:00,0.6099179565480449,0.6008070574647367,2.241411386957817,2.5906387885842395,1.207460941506319
2024-05-27 00:00:00+00:00,0.6180776581482585,0.6090251123001994,2.271397793956569,2.6260744768953934,1.2236147878898014
2024-05-28 00:00:00+00:00,0.6273489518652614,0.617977908408693,2.237326353550496,2.5874706346522274,1.2052603109961015
2024-05-29 00:00:00+00:00,0.6344627918798817,0.6247842839810293,2.2119561322528747,2.5589723717172568,1.1915932298558443
2024-05-30 00:00:00+00:00,0.6279435634549314,0.6181770688195037,2.234684411163289,2.5860340016042986,1.2038370817483053
2024-05-31 00:00:00+00:00,0.6279435634549314,0.6181770688195037,2.2069211726198805,2.5548590644642393,1.1888808687362942
2024-06-01 00:00:00+00:00,0.6260771649633654,0.6161527001230843,2.213480670299768,2.563225561661784,1.1924145070904362
2024-06-02 00:00:00+00:00,0.625951211526281,0.6162135890877155,2.2130353649700956,2.5634788627518135,1.1921746186006423
2024-06-03 00:00:00+00:00,0.6353890924535217,0.6257149939417357,2.2464027646615707,2.603005174636281,1.2101498247950617
2024-06-04 00:00:00+00:00,0.6196402346484281,0.6100056410668823,2.302082470425818,2.668356855863914,1.2401447959708543
2024-06-05 00:00:00+00:00,0.6150281276760504,0.6052236047789493,2.319217333559526,2.689274989164417,1.2493754432729947
2024-06-06 00:00:00+00:00,0.6178485887358327,0.607804172801654,2.3085816213308936,2.6778083890739732,1.2436459251774323
2024-06-07 00:00:00+00:00,0.6307094571443179,0.6202726107951709,2.260527186986497,2.622876078057109,1.2177587306737083
2024-06-08 00:00:00+00:00,0.6311759468663497,0.6205452993609674,2.2588552401222834,2.621722991005482,1.2168580434787744
2024-06-09 00:00:00+00:00,0.6339046217919125,0.6234141798808945,2.268620633884196,2.6338436371940617,1.2221187161132356
2024-06-10 00:00:00+00:00,0.6350811305027,0.6243841943798344,2.264410139362651,2.6297454523941797,1.2198504989939802
2024-06-11 00:00:00+00:00,0.6144573380020534,0.6042950922686381,2.190875085953633,2.54513532709773,1.1802367514509722
2024-06-12 00:00:00+00:00,0.6229403005786817,0.6128190473020573,2.2211214679476092,2.581036030842819,1.196530647828993
2024-06-13 00:00:00+00:00,0.6366626386706368,0.6261345853144562,2.172193858515111,2.5249544133876114,1.1701730689861363
2024-06-18 00:00:00+00:00,0.6524465607401398,0.6414807041296914,2.1183415723903196,2.463069554541428,1.1411625390651816
2024-06-19 00:00:00+00:00,0.6524465607401398,0.6414807041296914,2.1109432525483167,2.4548883073948007,1.1371770224866677
2024-06-20 00:00:00+00:00,0.6524465607401398,0.6414807041296914,2.1080015947465425,2.451878939220718,1.1355923348565489
2024-06-21 00:00:00+00:00,0.6449677145360551,0.634260163931482,2.0838380529735727,2.424280462247345,1.1225752987742448
2024-06-22 00:00:00+00:00,0.6459787240489289,0.6354075374424303,2.0871045422060766,2.428665973656812,1.124334974926088
2024-06-23 00:00:00+00:00,0.6353597963660416,0.6250702955778431,2.052795653421942,2.3891547842254806,1.1058525832534225
2024-06-24 00:00:00+00:00,0.6058174391326476,0.5961752762887619,1.9573467080095839,2.2787117283592964,1.0544336986327743
2024-06-25 00:00:00+00:00,0.6208082218710678,0.611053545557456,2.0057807037122215,2.3355797133775806,1.0805253649785027
2024-06-26 00:00:00+00:00,0.6208082218710678,0.611053545557456,1.9753833964668348,2.300885025270095,1.0641501643172855
2024-06-27 00:00:00+00:00,0.6208082218710678,0.611053545557456,2.001467826236781,2.331957885851486,1.078201993585193
2024-06-28 00:00:00+00:00,0.6335974288236534,0.623458481353102,1.9602357913878612,2.2846170463089415,1.055990064124769
2024-06-29 00:00:00+00:00,0.6279935795738355,0.6177572684284238,1.9775730869154486,2.305508715316456,1.0653297628979277
2024-06-30 00:00:00+00:00,0.6098145577277325,0.5996892379152113,2.0348194434366373,2.372939733850302,1.0961686976624638
2024-07-01 00:00:00+00:00,0.6088549377769682,0.5985656446580526,2.038021487909634,2.3773857350723135,1.0978936570593005
2024-07-05 00:00:00+00:00,0.6697794000002429,0.6583302591698572,1.8340888999540836,2.140012368808319,0.9880340230405573
2024-07-06 00:00:00+00:00,0.650826457902319,0.6395927314903003,1.8859886459350172,2.2009218294272244,1.0159927085860665
2024-07-07 00:00:00+00:00,0.6239789055874095,0.6133887218730556,1.8081888296825177,2.1107504219899758,0.9740815092730465
2024-07-08 00:00:00+00:00,0.6145806689237464,0.6039897322174634,1.8354233826486162,2.1430935686347983,0.9887529163861254
2024-07-09 00:00:00+00:00,0.6145806689237464,0.6039897322174634,1.8783241393416297,2.1936328070156264,1.011863795704976
2024-07-10 00:00:00+00:00,0.6180817164006773,0.60728120103213,1.8676239948017492,2.1816785078115437,1.0060995675603543
2024-07-11 00:00:00+00:00,0.6224603755660016,0.611401162045596,1.8543932379208632,2.166877406804591,0.9989720842910207
2024-07-12 00:00:00+00:00,0.6165220345809603,0.6054861487533054,1.8720843549772954,2.187840907464502,1.0085023887150788
2024-07-13 00:00:00+00:00,0.6027850455918673,0.5918425693862014,1.913797060652861,2.237140104688171,1.0309732582577533
2024-07-14 00:00:00+00:00,0.5866932058967541,0.5759198098894152,1.9648874381169634,2.297327468169828,1.0584959324235375
2024-07-15 00:00:00+00:00,0.5489406050332651,0.5388185412886664,2.0913242375333305,2.445323355786219,1.1266081485712132
2024-07-16 00:00:00+00:00,0.5489406050332651,0.5388185412886664,2.1018394725502505,2.4577766959437928,1.1322727649140985
2024-07-17 00:00:00+00:00,0.5570013971523334,0.5467280095851096,2.0709754940058818,2.4216983033743547,1.1156461657950516
2024-07-18 00:00:00+00:00,0.5578643000315633,0.5475456814444172,2.067767152472578,2.41807647584826,1.113917814136352
2024-07-19 00:00:00+00:00,0.534669007465052,0.5247055600856643,2.153742297428636,2.5189432382660115,1.1602331090790103
2024-07-20 00:00:00+00:00,0.5309184691162274,0.5210223464401483,2.168850136048812,2.5366251665953907,1.1683717868561418
2024-07-21 00:00:00+00:00,0.5226569683394479,0.5129277218458499,2.2025991165909886,2.5760342794680535,1.1865525528045313
2024-07-22 00:00:00+00:00,0.5276502614400684,0.5177364662867658,2.1815562076879473,2.5518837218097103,1.1752166192298454
2024-07-23 00:00:00+00:00,0.5400953027374621,0.5298769550457244,2.1301025098859885,2.4920441747501836,1.1474982223512342
2024-07-24 00:00:00+00:00,0.5448916545502479,0.5344235990641153,2.1111859946285367,2.4706610260157458,1.1373077890128087
2024-07-25 00:00:00+00:00,0.5448916545502479,0.5344235990641153,2.1241919933129116,2.486622775300894,1.1443141937754704
2024-07-26 00:00:00+00:00,0.5275428323038693,0.5172833350921853,2.191824207903506,2.5663748125273735,1.1807480487924003
2024-07-27 00:00:00+00:00,0.5277353551746187,0.5173496314869159,2.1910243178038895,2.5660458991716637,1.180317143489427
2024-07-28 00:00:00+00:00,0.5251849510299738,0.5147451159142048,2.2016129536539473,2.578964254763173,1.186021301274639
2024-07-29 00:00:00+00:00,0.5251849510299738,0.5147451159142048,2.153786815240465,2.523559367085806,1.1602570910750405
2024-07-30 00:00:00+00:00,0.5251849510299738,0.5147451159142048,2.1344115036876152,2.501227284417078,1.1498195015875814
2024-07-31 00:00:00+00:00,0.5127473456958253,0.5026271594358809,2.083863657921148,2.4423442325184093,1.122589092303753
2024-08-01 00:00:00+00:00,0.5183737348039732,0.5082842805629366,2.106729944575215,2.4698330717065455,1.1349072897452086
2024-08-02 00:00:00+00:00,0.5490402563715081,0.5382014338537559,1.982097705430771,2.3244609297092667,1.0677672003822989
2024-08-03 00:00:00+00:00,0.5417724509179607,0.5312064617588341,1.9558601020022053,2.2942500489566333,1.0536328556015648
2024-08-04 00:00:00+00:00,0.5189579595536935,0.5089715366952494,1.8734971960788087,2.198218690929148,1.0092634941759318
2024-08-05 00:00:00+00:00,0.48188881466236594,0.472719531396903,1.739673371361547,2.041648372384591,0.9371718458826671
2024-08-06 00:00:00+00:00,0.49960424895315314,0.4901224897524452,1.8036281019136164,2.116810745084266,0.9716246195303446
2024-08-07 00:00:00+00:00,0.4916997537983437,0.4823466998489051,1.7750919763251585,2.083227557282284,0.9562520479129816
2024-08-08 00:00:00+00:00,0.5501751652961412,0.539742936276376,1.986194855592864,2.3311185897024322,1.0699743582565737
2024-08-09 00:00:00+00:00,0.5578363657097769,0.5471939689971835,1.958537051662295,2.2989380094288228,1.0550749434644822
2024-08-10 00:00:00+00:00,0.5570499938595301,0.5464623805429275,1.9612979659729513,2.302011648028734,1.0565622635576881
2024-08-11 00:00:00+00:00,0.5369337025369789,0.5267469834478969,1.8904712148936071,2.218959135405302,1.018407493737333
2024-08-12 00:00:00+00:00,0.5426604972383631,0.5324054675467756,1.9106344873524197,2.2427959021610713,1.0292695622039392
2024-08-13 00:00:00+00:00,0.5314524456208359,0.5213945331440566,1.9500965268143913,2.289180246542758,1.05052798517786
2024-08-14 00:00:00+00:00,0.5481073749015626,0.5377759166149322,1.8889834018070482,2.2172578594274914,1.017606000445769
2024-08-15 00:00:00+00:00,0.5375260401353109,0.5273492362146662,1.8525161571435311,2.174268505774858,0.9979608903014346
2024-08-16 00:00:00+00:00,0.550189881421453,0.5396721768442656,1.8961604996356156,2.2250761676988526,1.0214723434793551
2024-08-17 00:00:00+00:00,0.5444864645559675,0.5340457490071333,1.9158166113499004,2.248274010809622,1.0320612015957122
2024-08-18 00:00:00+00:00,0.5543583263024285,0.5437310166749607,1.8810817226979974,2.2075000965414264,1.013349321394341
2024-08-19 00:00:00+00:00,0.5447152504022612,0.534339807044601,1.9138031827460213,2.245627581510805,1.030976556263828
2024-08-20 00:00:00+00:00,0.5485271294222404,0.5380784809809418,1.900410522644635,2.229915352702403,1.023761854817503
2024-08-21 00:00:00+00:00,0.5485271294222404,0.5380784809809418,1.9693993113217991,2.3107108391952726,1.0609265039373466
2024-08-22 00:00:00+00:00,0.555393747626253,0.5448581641976209,1.9447458120931718,2.2815963362950065,1.0476455250134253
2024-08-23 00:00:00+00:00,0.5215899397916829,0.511724232532361,2.0631119514313507,2.4203448438186754,1.1114100311096173
2024-08-24 00:00:00+00:00,0.5208284676005307,0.5109520888573064,2.0661239005860375,2.4239969162510424,1.1130325850875478
2024-08-25 00:00:00+00:00,0.5202129732958684,0.5103647647059759,2.068565563384148,2.4267832282413675,1.114347922592391
2024-08-26 00:00:00+00:00,0.5202129732958684,0.5103647647059759,2.023810340637483,2.374512468976456,1.090238031963005
2024-08-27 00:00:00+00:00,0.5486292719849094,0.5381803415798738,1.9132610039587596,2.2450982956510415,1.0306844814966787
2024-08-28 00:00:00+00:00,0.5451871228830726,0.5347863829219469,1.9012570333676002,2.2309398989023728,1.024217874912919
2024-08-29 00:00:00+00:00,0.542282265039663,0.531947964092407,1.9113872825497693,2.242780779707935,1.0296750972177442
2024-08-30 00:00:00+00:00,0.54016778689907,0.5299133639182328,1.9039343620179434,2.234202568166485,1.0256601669400212
2024-08-31 00:00:00+00:00,0.5416094810666925,0.5312978604668996,1.8988528093377754,2.228365301255953,1.0229227058834691
2024-09-01 00:00:00+00:00,0.5262275303550573,0.5162103529578187,1.8449245430445806,2.165085396107964,0.9938712450177489
2024-09-02 00:00:00+00:00,0.543190178480529,0.532832030486045,1.9043946468238269,2.2347999050653606,1.0259081249580393
2024-09-03 00:00:00+00:00,0.5585327373671044,0.5477969486163927,1.8506044860850848,2.1720341633239997,0.9969310623325427
2024-09-04 00:00:00+00:00,0.5537508812717084,0.5430972064673425,1.8664483637128642,2.1906688062009523,1.0054662484696646
2024-09-05 00:00:00+00:00,0.571018951923601,0.5599595683040457,1.8082453643087173,2.122651792608082,0.974111964794677
2024-09-06 00:00:00+00:00,0.571018951923601,0.5599595683040457,1.7367447550498492,2.038797789968437,0.9355941837767237
2024-09-07 00:00:00+00:00,0.573301001351131,0.5621110344810308,1.7436855708680912,2.0466312206929347,0.9393332403602147
2024-09-08 00:00:00+00:00,0.580806927744725,0.5694283038580645,1.7665147226010598,2.073273202505449,0.9516314330104689
2024-09-09 00:00:00+00:00,0.580806927744725,0.5694283038580645,1.8367565058498665,2.155327633221899,0.9894710773650031
2024-09-10 00:00:00+00:00,0.5869690120215433,0.5754122452164466,1.8562436156696307,2.177977287406485,0.9999688932086825
2024-09-11 00:00:00+00:00,0.5899609113864913,0.5784396740692687,1.8467819678123036,2.1665182485426095,0.994871850204223
2024-09-12 00:00:00+00:00,0.5817854913779922,0.5704554179322361,1.8723738637491127,2.1964228996192365,1.0086583487214507
2024-09-13 00:00:00+00:00,0.5581407057784246,0.5472903935422379,1.9484704306568252,2.2856151282159227,1.0496519980169043
2024-09-14 00:00:00+00:00,0.5626539941213465,0.5517461206918353,1.9327145311315488,2.2670069496319583,1.0411642061792397
2024-09-15 00:00:00+00:00,0.5707558891519944,0.5596914341335235,1.904884549617086,2.234361353924414,1.0261720383527142
2024-09-16 00:00:00+00:00,0.5796505500839477,0.5683424290503342,1.8751988249397036,2.1998254515748576,1.0101801712296958
2024-09-17 00:00:00+00:00,0.5588818158621898,0.5478892514259267,1.9423867297945947,2.2789914937423132,1.0463746740889117
2024-09-18 00:00:00+00:00,0.5454414647518951,0.5346712335040487,1.9890985012272404,2.33397295273187,1.0715385685179677
2024-09-19 00:00:00+00:00,0.5349709353610497,0.5243511371921586,2.0272820931693385,2.379022740624296,1.0921082846105925
2024-09-20 00:00:00+00:00,0.5349709353610497,0.5243511371921586,2.0350318736383075,2.388428906474947,1.0962831350088629
2024-09-21 00:00:00+00:00,0.5338662827598277,0.523148483643735,2.039233977162431,2.3939070151234976,1.0985468318505354
2024-09-22 00:00:00+00:00,0.5338662827598277,0.523148483643735,2.046462514879859,2.4028973135129057,1.1024408858420458
2024-09-23 00:00:00+00:00,0.5360904899139767,0.5252589091926201,2.037936491204487,2.393203821052669,1.0978478688553948
2024-09-24 00:00:00+00:00,0.5281475272291272,0.5174499748865764,2.068131493369752,2.428783172668616,1.114114086630232
2024-09-25 00:00:00+00:00,0.5374133149596015,0.5265089397677064,2.0318483216642833,2.386262615063202,1.094568137625403
2024-09-26 00:00:00+00:00,0.5545229752808625,0.5433656608741124,2.0965363999836923,2.4626612483067523,1.1294159698467792
2024-09-27 00:00:00+00:00,0.5545229752808625,0.5433656608741124,2.1157841377793156,2.485738111792433,1.139784834632513
2024-09-28 00:00:00+00:00,0.5550545315305024,0.5439689450498916,2.1178122923039426,2.4884979594897705,1.140877412900865
2024-09-29 00:00:00+00:00,0.5528467948248778,0.5418657146014559,2.109388666033475,2.4788762986819304,1.1363395579731084
2024-09-30 00:00:00+00:00,0.5336835275761325,0.5231969618194675,2.0362711602125754,2.393472244595835,1.096950745668141
2024-10-01 00:00:00+00:00,0.5121766209224959,0.5022696122533635,1.954211490949247,2.297735774404504,1.0527447395396192
2024-10-02 00:00:00+00:00,0.5107581619405024,0.5009952777341149,1.9487993562894115,2.291906068720539,1.0498291921082334
2024-10-03 00:00:00+00:00,0.5107581619405024,0.5009952777341149,1.9519062474564748,2.2958605902156277,1.0515028918831024
2024-10-04 00:00:00+00:00,0.5218725282001334,0.5119445876415158,1.994380754092397,2.34603688972119,1.0743841478948495
2024-10-05 00:00:00+00:00,0.5218725282001334,0.5119445876415158,1.9933677559688174,2.3448535577632903,1.073838440098789
2024-10-06 00:00:00+00:00,0.5218725282001334,0.5119445876415158,2.017832481738265,2.3738206167454803,1.0870177256967644
2024-10-07 00:00:00+00:00,0.5218725282001334,0.5119445876415158,1.9984785394205868,2.3511898656273145,1.076591647936679
2024-10-08 00:00:00+00:00,0.5224381622976914,0.5124302668615737,1.9963124786604376,2.3489593037897407,1.0754247788023343
2024-10-09 00:00:00+00:00,0.5353843027783027,0.5250101558078596,1.946843386130384,2.2912936093685277,1.0487754999642922
2024-10-10 00:00:00+00:00,0.5353843027783027,0.5250101558078596,1.9365173462141896,2.279452728562965,1.0432128040880289
2024-10-11 00:00:00+00:00,0.5353843027783027,0.5250101558078596,2.007675921246423,2.363223557710362,1.0815463293411893
2024-10-12 00:00:00+00:00,0.5353843027783027,0.5250101558078596,2.028883269933451,2.3884402483148,1.0929708475539068
2024-10-13 00:00:00+00:00,0.5325016164105849,0.5222162401692848,2.01795909058494,2.3757298264539126,1.0870859305957394
2024-10-14 00:00:00+00:00,0.5053076750538147,0.4954147609129862,2.1210127893504587,2.49765838547696,1.1426015386903385
2024-10-15 00:00:00+00:00,0.4979697036786032,0.48807182792003523,2.151813689283462,2.5346781507541207,1.1591941570060793
2024-10-16 00:00:00+00:00,0.5019056477028987,0.49206046457139435,2.168821587894898,2.5553921309372862,1.1683564078047965
2024-10-17 00:00:00+00:00,0.5034707806749852,0.49344727837333624,2.1620583761372245,2.548190062631221,1.1647130275292947
2024-10-18 00:00:00+00:00,0.4961050359831587,0.48608014268307576,2.193689149200363,2.5862343741083516,1.1817527031754633
2024-10-19 00:00:00+00:00,0.4966215525433829,0.48644039784745813,2.1914052038836207,2.5843176031733517,1.1805223289663602
2024-10-20 00:00:00+00:00,0.4919537739717721,0.4817223804977919,2.2120023652432472,2.609383069246429,1.1916181358282179
2024-10-21 00:00:00+00:00,0.5038713121463337,0.4932475473247888,2.1584167967920136,2.5469538020873457,1.162751288220606
2024-10-22 00:00:00+00:00,0.50400137234691,0.49352283956362053,2.158973931351475,2.548375312682138,1.1630514197464952
2024-10-26 00:00:00+00:00,0.5066157082768072,0.4959726476251397,2.147774987399873,2.5357253806337954,1.1570184855487122
2024-10-27 00:00:00+00:00,0.5134202317831744,0.5027816435658067,2.176622465181128,2.5705372677530853,1.1725587843463876
2024-10-28 00:00:00+00:00,0.49886084457916274,0.4883812974593179,2.238346346138172,2.644160930846162,1.2058097867493742
2024-10-29 00:00:00+00:00,0.4790425169246244,0.46883277812506907,2.3272695033154545,2.7499991997324056,1.2537131924837082
2024-10-30 00:00:00+00:00,0.47632707762675985,0.46631586228349964,2.314077440309033,2.735235904858293,1.2466065538225366
2024-10-31 00:00:00+00:00,0.47632707762675985,0.46631586228349964,2.2485465727660245,2.6585990929778487,1.2113047062984186
2024-11-01 00:00:00+00:00,0.48206761598659936,0.4717958539872375,2.2214478238996764,2.627356104798677,1.1967064576189494
2024-11-02 00:00:00+00:00,0.48310637352777414,0.4726709392169135,2.216661056228757,2.6224828942755707,1.1941277989075982
2024-11-03 00:00:00+00:00,0.48310637352777414,0.4726709392169135,2.196691595186776,2.5996442094267835,1.183370137743107
2024-11-10 00:00:00+00:00,0.40151442983274255,0.39260644527720795,2.5676913310027727,3.039991141683442,1.3832297855139648
2024-11-12 00:00:00+00:00,0.40151442983274255,0.39260644527720795,2.805785104486743,3.3258811182213126,1.5114922426294097
2024-11-13 00:00:00+00:00,0.41247629785532824,0.40350161777363014,2.8823867001701977,3.4181772303241833,1.5527579537715166
2024-11-14 00:00:00+00:00,0.4264260007337613,0.41702675182829657,2.784906097630888,3.3036019641385614,1.5002446040109119
2024-11-15 00:00:00+00:00,0.4443103121968593,0.43464604105917287,2.9017050919694345,3.443178425971432,1.563164880267038
2024-11-16 00:00:00+00:00,0.44656207162697475,0.4367043848510624,2.8869992847331596,3.4268726408774377,1.5552427790613224
2024-11-17 00:00:00+00:00,0.4503867857301226,0.440285962747038,2.8622727179652583,3.3987675617240054,1.5419224382423566
2024-11-18 00:00:00+00:00,0.4503867857301226,0.440285962747038,2.8796748662750566,3.4217347874244495,1.551297073574651
2024-11-19 00:00:00+00:00,0.44160201041301106,0.4313909676098121,2.9358428034527657,3.4908633013228227,1.5815550577634054
2024-11-20 00:00:00+00:00,0.44160201041301106,0.4313909676098121,2.9970295534640354,3.5646646532402495,1.6145167046998898
2024-11-21 00:00:00+00:00,0.4226312511545133,0.41272944675151735,3.125778800090414,3.7188683078690072,1.6838746491871426
2024-11-22 00:00:00+00:00,0.42037521124304444,0.41040244464137055,3.142464460954733,3.7398355891422024,1.69286330869611
2024-11-23 00:00:00+00:00,0.41516701618664625,0.4054409268752794,3.1035312236164616,3.6946232348785637,1.6718897544053184
2024-11-24 00:00:00+00:00,0.41516701618664625,0.4054409268752794,3.1094586936173116,3.703503895482735,1.6750829158881335
2024-11-25 00:00:00+00:00,0.43615210743336585,0.42570626832296765,2.952287550753377,3.5183899466438,1.5904139357783782
2024-11-26 00:00:00+00:00,0.43615210743336585,0.42570626832296765,2.9171629662690983,3.4789732725445686,1.5714921242366922
2024-11-27 00:00:00+00:00,0.43615210743336585,0.42570626832296765,3.0385910417459883,3.6258047312694806,1.636906112580718
2024-11-28 00:00:00+00:00,0.4372685930900628,0.4266419723448818,3.030812692732289,3.6178351984667585,1.6327158721464559
2024-11-29 00:00:00+00:00,0.4372685930900628,0.4266419723448818,3.0868701849205396,3.686714191888386,1.6629143589971798
2024-11-30 00:00:00+00:00,0.4421034322863073,0.4311973094690907,3.0527389411046855,3.6473504463751314,1.6445276656697185
2024-12-01 00:00:00+00:00,0.43868428329118814,0.42766638931994777,3.0763482789215413,3.677217291318918,1.657246148958667
2024-12-02 00:00:00+00:00,0.44516329921518416,0.43371038885070656,3.030913075869919,3.6252489811167283,1.632769949108222
2024-12-03 00:00:00+00:00,0.44527850693935994,0.4336072650077211,3.030128679226572,3.626110960945486,1.632347390217426
2024-12-04 00:00:00+00:00,0.43282038151896896,0.4211456103050492,3.1149064588351196,3.7303235661195986,1.6780176577018298
2024-12-05 00:00:00+00:00,0.4407752777727864,0.4282663019621916,3.0576569419953192,3.6672515947022313,1.6471770204558531
2024-12-06 00:00:00+00:00,0.42820017854841214,0.4158997518387801,3.144890372223021,3.773146572787735,1.6941701607630986
2024-12-07 00:00:00+00:00,0.42820017854841214,0.4158997518387801,3.146099751151004,3.7768024258333863,1.694821660004834
2024-12-08 00:00:00+00:00,0.42284349909779734,0.41048426906022045,3.185456689169351,3.8259806434319663,1.7160234642389682
2024-12-09 00:00:00+00:00,0.439198227922411,0.42610416897844183,3.0622496859989723,3.6803930064774986,1.649651157524584
2024-12-10 00:00:00+00:00,0.4426987839876712,0.4293725297848202,3.0378425367206776,3.6521631670856936,1.6365028887067592
2024-12-11 00:00:00+00:00,0.4426987839876712,0.4293725297848202,3.1788477365915506,3.822778463980399,1.712463184252708
2024-12-12 00:00:00+00:00,0.44779160909411314,0.43418323735324194,3.1422781408573095,3.7799478960856945,1.6927629370099633
2024-12-13 00:00:00+00:00,0.4417027868923742,0.42814919927951767,3.1850050980390145,3.8324795176672035,1.7157801895529443
2024-12-14 00:00:00+00:00,0.44178129140607986,0.42811076498250394,3.1844390221984464,3.8328235534760497,1.7154752413085508
2024-12-15 00:00:00+00:00,0.4284869491186465,0.41510710266227513,3.2802670329768655,3.9492437589442746,1.767098330577422
2024-12-16 00:00:00+00:00,0.422201524092685,0.40889681263810707,3.3283848870756145,4.008327183346997,1.793019689660101
2024-12-17 00:00:00+00:00,0.42211449165910364,0.40869857964599204,3.329070998849465,4.010270418574986,1.7933893019379954
2024-12-18 00:00:00+00:00,0.4456902381746366,0.43140585432950396,3.1431372402319777,3.78745997468105,1.6932257386829717
2024-12-19 00:00:00+00:00,0.4456902381746366,0.43140585432950396,3.0560178140967245,3.6836178696087707,1.6462940130225885
2024-12-20 00:00:00+00:00,0.4470660367664574,0.4328669802966032,3.065451417629154,3.6960938934460486,1.6513759483912336
2024-12-21 00:00:00+00:00,0.4494591770791939,0.4350923194210397,3.049042084866317,3.6770925310805462,1.6425361483872736
2024-12-22 00:00:00+00:00,0.4395832837460562,0.4256610202158494,2.9820459794712284,3.597385861213475,1.6064449689775864
2024-12-23 00:00:00+00:00,0.4410614878308845,0.4269690465344936,2.9720181355768127,3.5863313479709897,1.6010429129781907
2024-12-24 00:00:00+00:00,0.4236831336272235,0.4100178607886657,3.0891192321013903,3.7287130248606055,1.664125933383873
2024-12-25 00:00:00+00:00,0.4205776459553903,0.406889530670367,3.1117616762553135,3.7571621398228836,1.6763235456094483
2024-12-26 00:00:00+00:00,0.43604318737846964,0.4217464887809626,2.997335530297043,3.619975025585516,1.6146815361436004
2024-12-27 00:00:00+00:00,0.4429689167312474,0.42831861790661224,2.9497284692003998,3.5635644947745986,1.5890353441287906
2024-12-28 00:00:00+00:00,0.44756829824470545,0.4328635922446344,2.9803557346326435,3.601378188841404,1.605534424560774
2024-12-29 00:00:00+00:00,0.44756829824470545,0.4328635922446344,2.9307415432846726,3.5424346471301904,1.5788069801720823
2024-12-30 00:00:00+00:00,0.4521455692620703,0.4372093209663477,2.900768914798529,3.5068704179673795,1.5626605563509657
2024-12-31 00:00:00+00:00,0.4558587487442189,0.44093100148609093,2.924591056049329,3.53672214045803,1.5754936780486422
2025-01-01 00:00:00+00:00,0.4509666259789708,0.4360667989830829,2.955976783588295,3.5757380695491543,1.5924013462904352
2025-01-02 00:00:00+00:00,0.43972248365472877,0.42506334033072257,3.0296794075677727,3.665966186185664,1.6321053650437856
2025-01-03 00:00:00+00:00,0.4344906467311522,0.41989862403322437,3.0657266627805826,3.7105093718980307,1.6515242245049457
2025-01-04 00:00:00+00:00,0.4344906467311522,0.41989862403322437,3.0660185986507997,3.711549040551137,1.6516814920028993
2025-01-05 00:00:00+00:00,0.4351067002622634,0.42061290318693995,3.0703658305149655,3.7178626647354567,1.6540233702989564
2025-01-07 00:00:00+00:00,0.4287060750010209,0.4145398195320853,3.0251992976065907,3.6641817367156047,1.6296919045682754
2025-01-08 00:00:00+00:00,0.42014579798385093,0.40638677209009366,2.964793006374075,3.5921156862955455,1.5971506951727459
2025-01-09 00:00:00+00:00,0.4089736644260483,0.3956588979981812,2.8859559369629384,3.4972903439056626,1.5546807217396355
2025-01-10 00:00:00+00:00,0.41852066351557254,0.4049385390275302,2.9533251127783515,3.57931452971584,1.5909728762865036
2025-01-11 00:00:00+00:00,0.41907184711087186,0.4054218536644754,2.949435640894036,3.5750424367048934,1.5888775958704562
2025-01-12 00:00:00+00:00,0.41941157023256637,0.40569024132384773,2.9470446630937626,3.5726757727890943,1.5875895626594902
2025-01-13 00:00:00+00:00,0.41941157023256637,0.40569024132384773,2.9462022282209746,3.572123803249627,1.5871357382475269
2025-01-14 00:00:00+00:00,0.4105260718449627,0.3969757755414363,3.008619378834859,3.6488551304621715,1.6207602089202997
2025-01-15 00:00:00+00:00,0.3938261693129685,0.3807491708193828,3.1310078306976337,3.7980041051301896,1.686691557433837
2025-01-16 00:00:00+00:00,0.3959256607472246,0.382729854839592,3.114316395152337,3.7782466201078817,1.6776997870716948
2025-01-17 00:00:00+00:00,0.3797312860601712,0.36700857004429005,3.2416999208928665,3.933444576030338,1.7463220100237318
2025-01-18 00:00:00+00:00,0.3813883308322426,0.3687081132987038,3.2558458238082473,3.951659570832764,1.7539424876174703
2025-01-19 00:00:00+00:00,0.3813883308322426,0.3687081132987038,3.154792997198324,3.830196027243651,1.6995047606253262
2025-01-20 00:00:00+00:00,0.3779787878945866,0.3653013167863738,3.182996277985369,3.865586348195397,1.7146980268730332
2025-01-21 00:00:00+00:00,0.3637974090873028,0.3514859933765214,3.3024190535641766,4.011778883275308,1.7790317488647822
2025-01-22 00:00:00+00:00,0.3637974090873028,0.3514859933765214,3.2251936406601094,3.919168980269863,1.7374299838715566
2025-01-23 00:00:00+00:00,0.36319755221403405,0.3508105862726646,3.2305115855509934,3.926699961931639,1.740294790743775
2025-01-24 00:00:00+00:00,0.36319755221403405,0.3508105862726646,3.259310593879797,3.9623889513328225,1.7558089787743543
2025-01-25 00:00:00+00:00,0.36319755221403405,0.3508105862726646,3.255294744048505,3.9583777206384734,1.7536456178463005
2025-01-26 00:00:00+00:00,0.36319755221403405,0.3508105862726646,3.1878282173759698,3.8774007647079705,1.7173010198442589
2025-01-27 00:00:00+00:00,0.36319755221403405,0.3508105862726646,3.1706699072690085,3.8570308203336507,1.7080577415255347
2025-01-28 00:00:00+00:00,0.36319755221403405,0.3508105862726646,3.1468719037763684,3.8289900116060474,1.695237622974163
2025-01-29 00:00:00+00:00,0.3546330139552087,0.34243308000329675,3.2210780889536097,3.920427924493444,1.7352129129816418
2025-01-30 00:00:00+00:00,0.3513820664578053,0.33920120852048197,3.250605953929958,3.9574287867041833,1.7511197401943848
2025-01-31 00:00:00+00:00,0.3591679463852286,0.34664519106307967,3.178579433328614,3.8705805383435914,1.7123186477734333
2025-02-01 00:00:00+00:00,0.35286723704653533,0.3406315328491258,3.122819153713151,3.8034330658060473,1.6822802710100653
2025-02-02 00:00:00+00:00,0.3425289008679764,0.3306800983259391,3.0313265161247203,3.692317060775307,1.6329926717026642
2025-02-03 00:00:00+00:00,0.35517212855651015,0.3429681273727729,3.1432170784817544,3.8295230780790943,1.6932687479979072
2025-02-04 00:00:00+00:00,0.36778634560101064,0.35510243755078535,3.0315832557291307,3.6940334592062536,1.6331309787739439
2025-02-05 00:00:00+00:00,0.36778634560101064,0.35510243755078535,2.995515495884725,3.6503031053499515,1.6137010733522268
2025-02-06 00:00:00+00:00,0.36778634560101064,0.35510243755078535,2.994098284220158,3.6488626916887386,1.6129376134444342
2025-02-07 00:00:00+00:00,0.36778634560101064,0.35510243755078535,2.9916153652644453,3.64657164003862,1.6116000510150679
2025-02-08 00:00:00+00:00,0.3679390758765291,0.35525927174555766,2.990373040081776,3.6449610987796257,1.610930803440325
2025-02-09 00:00:00+00:00,0.3679390758765291,0.35525927174555766,2.990248145100798,3.645403430533857,1.6108635218104561
2025-02-10 00:00:00+00:00,0.3679390758765291,0.35525927174555766,3.0193315583049753,3.681530971075987,1.62653092034964
2025-02-11 00:00:00+00:00,0.36168039610178476,0.34924775975960654,2.9679724323078442,3.619234025381845,1.5988634698350752
2025-02-12 00:00:00+00:00,0.36951695170538823,0.3568539020945437,3.032279708141498,3.698056031740455,1.6335061616120627
2025-02-13 00:00:00+00:00,0.36951695170538823,0.3568539020945437,2.99290085989455,3.6505828707329697,1.6122925542143465
2025-02-14 00:00:00+00:00,0.3728400253331349,0.3601227019611831,3.0198160795402926,3.684022395230159,1.6267919346687338
2025-02-15 00:00:00+00:00,0.37316905193024,0.3604660275774757,3.0224810289583353,3.6875345849710164,1.6282275579336551
2025-02-16 00:00:00+00:00,0.36751367060210977,0.3550297306822506,2.9766752937630323,3.631921763563028,1.6035517503299568
2025-02-17 00:00:00+00:00,0.36622111976948296,0.35383308014882164,2.966206284207253,3.6196801377493593,1.5979120359034065
2025-02-18 00:00:00+00:00,0.36564953420728163,0.35338516771938505,2.9615767295610578,3.615098034449123,1.595418068734159
2025-02-19 00:00:00+00:00,0.3692948392705402,0.3569921192963665,2.9911018612446045,3.6519968201011936,1.6113234235066716
2025-02-20 00:00:00+00:00,0.3692948392705402,0.3569921192963665,3.0419550037902727,3.7145621893385012,1.638718297885394
2025-02-21 00:00:00+00:00,0.3612992439628233,0.3492711435948373,2.976093695783276,3.6342241570529983,1.6032384402217361
2025-02-22 00:00:00+00:00,0.36264232830010773,0.3506351220787686,2.987156948463397,3.6484165793212235,1.6091982767671336
2025-02-23 00:00:00+00:00,0.36154006582857584,0.34959996632471413,2.978077393364848,3.6376456120750396,1.604307069284409
2025-02-24 00:00:00+00:00,0.3438436381474189,0.33250881451180914,2.8323084006536567,3.45980934380785,1.5257804916977864
2025-02-25 00:00:00+00:00,0.3438436381474189,0.33250881451180914,2.7428458118388845,3.3511015894390335,1.477586491101362
2025-02-26 00:00:00+00:00,0.3265895735684057,0.3158884567512269,2.6052098822555254,3.18359773727708,1.403441240440624
2025-02-27 00:00:00+00:00,0.328312879408019,0.31761253846177706,2.6189567185505576,3.200973435930453,1.4108467385977748
2025-02-28 00:00:00+00:00,0.328312879408019,0.31761253846177706,2.607071346845791,3.1870418759788257,1.404444021902261
2025-03-01 00:00:00+00:00,0.328312879408019,0.31761253846177706,2.660078465118626,3.251618531483234,1.4329992551399773
2025-03-02 00:00:00+00:00,0.3596941165883293,0.34794957531681847,2.9143376138387125,3.5621996933790636,1.5699700909653636
2025-03-03 00:00:00+00:00,0.3290373707298529,0.31829571356837133,2.6659484869309003,3.258612666058678,1.436161468959963
2025-03-04 00:00:00+00:00,0.3330595341600235,0.32218501098602054,2.6985371272031804,3.2984300851660153,1.4537171530679955
2025-03-05 00:00:00+00:00,0.3330595341600235,0.32218501098602054,2.8009116016647875,3.4239540074221697,1.508866859203558
2025-03-06 00:00:00+00:00,0.3330595341600235,0.32218501098602054,2.779464328722752,3.398310107516637,1.4973130924430162
2025-03-07 00:00:00+00:00,0.3330595341600235,0.32218501098602054,2.682559811056298,3.2798256871953346,1.4451100828488859
2025-03-08 00:00:00+00:00,0.33085167145197497,0.32007149561548753,2.664777033019699,3.2583102169959557,1.435530400138425
2025-03-09 00:00:00+00:00,0.33085167145197497,0.32007149561548753,2.4945690655115573,3.0505314915192985,1.3438384091477837
2025-03-10 00:00:00+00:00,0.33085167145197497,0.32007149561548753,2.4287635658195392,2.9703446837651564,1.30838861573781
2025-03-11 00:00:00+00:00,0.33085167145197497,0.32007149561548753,2.56215518553154,3.133977187924269,1.380247432759844
2025-03-12 00:00:00+00:00,0.33085167145197497,0.32007149561548753,2.5849058569713885,3.162131415050393,1.392503347634063
2025-03-13 00:00:00+00:00,0.33085167145197497,0.32007149561548753,2.505787559969273,3.0655254038037363,1.3498818753133512
2025-03-14 00:00:00+00:00,0.33085167145197497,0.32007149561548753,2.5937197838885795,3.1734392293829083,1.3972514597190313
2025-03-15 00:00:00+00:00,0.332311775840442,0.32145603501226927,2.6051663080130893,3.1871666362171975,1.4034177667507426
2025-03-16 00:00:00+00:00,0.32534928927173834,0.3147400084643438,2.550583723983658,3.120578694445689,1.3740138212343074
2025-03-17 00:00:00+00:00,0.31978086586528853,0.30932043852590835,2.5942375156994224,3.174312551051517,1.3975303647622581
2025-03-18 00:00:00+00:00,0.3247399241617208,0.3140978669458461,2.5540069189114187,3.1252855579842986,1.3758579156270123
2025-03-19 00:00:00+00:00,0.3247399241617208,0.3140978669458461,2.681742757456236,3.2819428306343874,1.4446699314715299
2025-03-20 00:00:00+00:00,0.3345862155745583,0.32360006391177837,2.6004308560867244,3.1826563645693575,1.4008667521200782
2025-03-21 00:00:00+00:00,0.3345862155745583,0.32360006391177837,2.596067297208254,3.177616807061754,1.3985160783694344
2025-03-22 00:00:00+00:00,0.3355837041556,0.32454487262375153,2.588327744997072,3.1683391820627596,1.3943467379912564
2025-03-23 00:00:00+00:00,0.3355837041556,0.32454487262375153,2.65733526652574,3.2529984553319022,1.4315214786037396
2025-03-24 00:00:00+00:00,0.3300624936278376,0.31919187865986287,2.7010552304800486,3.306652919058766,1.4550736694893858
2025-03-25 00:00:00+00:00,0.3300624936278376,0.31919187865986287,2.698242265347621,3.30311426502492,1.4535583093252546
2025-03-26 00:00:00+00:00,0.32820328829342316,0.31737982035349965,2.6830433666235103,3.284362423136163,1.445370576957132
2025-03-27 00:00:00+00:00,0.32820328829342316,0.31737982035349965,2.6927149213665817,3.2963620896996533,1.4505806979834863
2025-03-28 00:00:00+00:00,0.3388124794866147,0.32760980052490996,2.605672748272942,3.1901117339654523,1.4036905889718378
2025-03-29 00:00:00+00:00,0.3388124794866147,0.32760980052490996,2.550407192285979,3.1229642614279074,1.373918722614248
2025-03-30 00:00:00+00:00,0.33776113647277445,0.326610766465683,2.5424932193764787,3.113440896565452,1.3696554208232588
2025-03-31 00:00:00+00:00,0.33840114383770276,0.32726396578904415,2.547310867737904,3.119667566644239,1.3722507151365568
2025-04-01 00:00:00+00:00,0.33840114383770276,0.32726396578904415,2.627412182055973,3.218092052880511,1.415401744423359
2025-04-02 00:00:00+00:00,0.3488854671230753,0.337397814949788,2.546009860514731,3.1184426479402156,1.3715498552159997
2025-04-03 00:00:00+00:00,0.3517703650913246,0.3402463759423919,2.5670625536357967,3.1447708388501563,1.382891059604056
2025-04-04 00:00:00+00:00,0.34895552667395224,0.3374657157431211,2.5876039835367943,3.1704714479549496,1.3939568436151781
2025-04-05 00:00:00+00:00,0.3504907932074192,0.33889507376919453,2.5762195477158314,3.157042709570098,1.387823983902372
2025-04-06 00:00:00+00:00,0.3719814842125932,0.3596578813594254,2.4182560880916997,2.9636227533461623,1.3027281782902544
2025-04-07 00:00:00+00:00,0.375477937892491,0.36309892500044555,2.440986575379371,2.99197735297634,1.314973219847985
2025-04-08 00:00:00+00:00,0.3619531710151636,0.3500592048242544,2.3530619037781744,2.8845285428311027,1.2676077039186182
2025-04-09 00:00:00+00:00,0.3619531710151636,0.3500592048242544,2.5467179699027516,3.1223328990094763,1.3719313177325747
2025-04-10 00:00:00+00:00,0.37527574080665416,0.36289290052298634,2.45297979985685,3.0078634899958074,1.3214340374397655
2025-04-11 00:00:00+00:00,0.37527574080665416,0.36289290052298634,2.570672459388438,3.1522110857931156,1.3848357361699897
2025-04-12 00:00:00+00:00,0.36696145203165503,0.35479967544496854,2.6276260826824744,3.222511589809536,1.415516973895899
2025-04-13 00:00:00+00:00,0.373607800871272,0.3611436940065184,2.5800349270749985,3.1648912627477306,1.3898793502577096
2025-04-14 00:00:00+00:00,0.36992406195553185,0.35751904318228916,2.605473836655234,3.196655975560098,1.4035834341627778
2025-04-15 00:00:00+00:00,0.3740830546612617,0.3615156299703131,2.5761809417179977,3.1609216187995064,1.387803186633846
2025-04-16 00:00:00+00:00,0.372419395023413,0.3598669270278241,2.587637991694272,3.175337097251489,1.3939751640012017
2025-04-17 00:00:00+00:00,0.36835699366595953,0.3559036348799406,2.6158642984616627,3.2103077701287077,1.4091808344742416
2025-04-18 00:00:00+00:00,0.36835699366595953,0.3559036348799406,2.600336208096735,3.1916315405056306,1.4008157647146562
2025-04-19 00:00:00+00:00,0.36835699366595953,0.3559036348799406,2.619433134555865,3.215294399050334,1.4111033865838014
2025-04-20 00:00:00+00:00,0.3679455682825134,0.3555190524431267,2.6223588324530893,3.218768782658352,1.4126794765234265
2025-04-21 00:00:00+00:00,0.3679455682825134,0.3555190524431267,2.6937192697572896,3.306751215004151,1.451121746119719
2025-04-22 00:00:00+00:00,0.39292904538863294,0.3796586278273273,2.8766226106520536,3.5312780573290334,1.5496528062751653
2025-04-23 00:00:00+00:00,0.39292904538863294,0.3796586278273273,2.8834882474735295,3.5398676107103353,1.5533513635095655
2025-04-24 00:00:00+00:00,0.3916736569950388,0.37844421782227256,2.892700846342018,3.5511905474959864,1.55831424242068
2025-04-26 00:00:00+00:00,0.388948721750459,0.3758491814266472,2.912825821171058,3.575541477658383,1.5691556797383717
2025-04-27 00:00:00+00:00,0.388948721750459,0.3758491814266472,2.8858411035099967,3.5423250093449514,1.5546188603116036
2025-04-28 00:00:00+00:00,0.3836486680331066,0.37074718175049337,2.9251653434753866,3.5904106297044485,1.5758030499204
2025-04-29 00:00:00+00:00,0.3836486680331066,0.37074718175049337,2.901454607942127,3.5613414941635906,1.563029943110385
2025-04-30 00:00:00+00:00,0.3839309519269575,0.37104236231432813,2.899319753913413,3.5585060342005725,1.5618798852180724
2025-05-01 00:00:00+00:00,0.3745615080700101,0.3619828281723109,2.9700746996172915,3.6453920886940043,1.599995973078137
2025-05-02 00:00:00+00:00,0.3745615080700101,0.3619828281723109,2.9835390441880794,3.660813210279537,1.6072492913519747
2025-05-03 00:00:00+00:00,0.37852174695728236,0.36582541350718556,2.9519940853764544,3.621952286333058,1.5902558443265449
2025-05-04 00:00:00+00:00,0.3722785824597353,0.359818522742586,2.9033052456494435,3.5624794587620814,1.5640268920691818
2025-05-05 00:00:00+00:00,0.37412537912951915,0.3615998554879205,2.9177079395234897,3.580116019732052,1.5717857043990267
2025-05-06 00:00:00+00:00,0.38240385537550137,0.3696271174327053,2.9822696539045315,3.6595920721887976,1.6065654636549127
2025-05-07 00:00:00+00:00,0.38240385537550137,0.3696271174327053,2.9880329999798487,3.666756334362023,1.6096702106544247
2025-05-08 00:00:00+00:00,0.38240385537550137,0.3696271174327053,3.179888496549604,3.9026552614452488,1.7130238475054
2025-05-09 00:00:00+00:00,0.38240385537550137,0.3696271174327053,3.170297059618115,3.8918351462263723,1.7078568863955017
2025-05-10 00:00:00+00:00,0.38240385537550137,0.3696271174327053,3.2264178109275785,3.961659292969006,1.7380894512912035
2025-05-11 00:00:00+00:00,0.3851094565672787,0.37215305511682384,3.2035901125356636,3.9345863212421124,1.7257920415639625
2025-05-12 00:00:00+00:00,0.3901080801223838,0.37692115360656003,3.1620083213738437,3.884175623712941,1.7033916964073708
2025-05-13 00:00:00+00:00,0.38510378503853515,0.3719951707261284,3.2025704719777877,3.934937918277527,1.7252427554511256
2025-05-14 00:00:00+00:00,0.38749169506573256,0.374225025907774,3.1827123183061046,3.9113506719985036,1.714545056194082
2025-05-15 00:00:00+00:00,0.3865691672465204,0.3732975847828862,3.1902896178755538,3.9210441644587406,1.7186269901600821
2025-05-16 00:00:00+00:00,0.387760883552757,0.3743856472995051,3.18045458580013,3.909615370501137,1.7133288029738136
2025-05-17 00:00:00+00:00,0.389034226293884,0.37558976699033275,3.17001049787871,3.8970410507184745,1.7077025139720927
2025-05-18 00:00:00+00:00,0.401506382978084,0.38771595630949796,3.2716387479089146,4.022859860810782,1.762450224802483
2025-05-19 00:00:00+00:00,0.401506382978084,0.38771595630949796,3.2442423896309456,3.989741688442735,1.747691652256343
2025-05-20 00:00:00+00:00,0.401506382978084,0.38771595630949796,3.282695052695309,4.037698767950575,1.7684063184783878
2025-05-21 00:00:00+00:00,0.39102911855562233,0.3775170032405786,3.3683566151100535,4.143911317551936,1.8145526847394227
2025-05-22 00:00:00+00:00,0.39102911855562233,0.3775170032405786,3.430442005854677,4.221534869499511,1.847998434501602
2025-05-23 00:00:00+00:00,0.40650508758906156,0.392363076858985,3.294673563725055,4.055520578971463,1.7748592098529836
2025-05-24 00:00:00+00:00,0.4049502979581141,0.39079979137263005,3.3072749417904994,4.07167892014738,1.781647643208732
2025-05-25 00:00:00+00:00,0.40029910022664134,0.38623859958928414,3.345261800385684,4.119201229127557,1.8021113779390456
2025-05-26 00:00:00+00:00,0.39882452600682106,0.38471109889805927,3.3575846779704834,4.135491891768416,1.8087497815168931
2025-05-27 00:00:00+00:00,0.4007077757199893,0.386460796043435,3.3417301605840133,4.116683340680398,1.8002088636818239
2025-05-28 00:00:00+00:00,0.40504258417826206,0.39059977554230085,3.305579726169964,4.0725938285621135,1.7807344210036795
2025-05-29 00:00:00+00:00,0.4133097247087453,0.39851597392467153,3.238111037201359,3.9900554793453082,1.7443886581605632
2025-05-30 00:00:00+00:00,0.4133097247087453,0.39851597392467153,3.188881792822972,3.929947508742616,1.717868586873047
2025-05-31 00:00:00+00:00,0.4110309127251881,0.39623605617870705,3.206463914919792,3.952430815942705,1.7273401750983213
2025-06-01 00:00:00+00:00,0.40697165097224236,0.3922996465094727,3.238130332040922,3.991696265510575,1.7443990523993362
2025-06-02 00:00:00+00:00,0.40611958826584194,0.3914413552991801,3.244909895403148,4.00042948219667,1.7480512413763298
2025-06-03 00:00:00+00:00,0.4080410257531243,0.3932325678690867,3.229557541820538,3.9821237526754274,1.7397808420114207
2025-06-04 00:00:00+00:00,0.4107219835237784,0.3958022224736517,3.208338333846198,3.9561017914414927,1.7283499351338174
2025-06-05 00:00:00+00:00,0.42324940489305785,0.4078425126309132,3.1104808832698367,3.8357573093844506,1.6756335752126188
2025-06-06 00:00:00+00:00,0.4116061111428676,0.39666186195535075,3.1960480269198386,3.9409112872662853,1.7217290775531635
2025-06-07 00:00:00+00:00,0.4116061111428676,0.39666186195535075,3.2350940809588495,3.9888305606412855,1.7427634068362146
2025-06-08 00:00:00+00:00,0.41097487535970856,0.39602649617879027,3.240055394920193,3.9952197970912855,1.7454360946175516
2025-06-09 00:00:00+00:00,0.41097487535970856,0.39602649617879027,3.379442604269909,4.167290630100339,1.8205247695545428
2025-06-10 00:00:00+00:00,0.4110477614045611,0.39599955019940264,3.37884326299627,4.167574176096641,1.8202019010339479
2025-06-11 00:00:00+00:00,0.4172371561104217,0.40187441130931933,3.327965976783929,4.105746026449718,1.7927940203259716
2025-06-12 00:00:00+00:00,0.42876952535396307,0.4129407596244254,3.235981521631383,3.9926867861909896,1.7432414761260482
2025-06-13 00:00:00+00:00,0.42708093513472684,0.4113071315003354,3.248725540093388,4.008482188491641,1.7501067506670114
2025-06-14 00:00:00+00:00,0.4297989274301305,0.41389614753265275,3.2280502763168175,3.9832503754340665,1.7389688695931436
2025-06-15 00:00:00+00:00,0.42910847432172705,0.413209855528067,3.2332359973717586,3.989855106841256,1.7417624467400354
2025-06-16 00:00:00+00:00,0.42420395339900707,0.408450690482723,3.270190461210457,4.035808461308564,1.7616700245988677
2025-06-17 00:00:00+00:00,0.43315533512350674,0.41702948612910934,3.201184213400743,3.951043330867469,1.7244959701459606
2025-06-18 00:00:00+00:00,0.4318465363332584,0.415733401838005,3.210856738904016,3.9633227628139776,1.7297066141263044
2025-06-19 00:00:00+00:00,0.4327929375741747,0.4166284559507906,3.203820075306098,3.954789918631936,1.725915923803928
2025-06-20 00:00:00+00:00,0.438483670950323,0.4220490376182781,3.161693496402316,3.9033357718363737,1.7032220984215918
2025-06-21 00:00:00+00:00,0.4434954562017054,0.4268166345790756,3.125555938986965,3.8592424791048052,1.683754592655191
2025-06-22 00:00:00+00:00,0.4434954562017054,0.4268166345790756,3.0890436254744724,3.8148164924042427,1.664085203668011
2025-06-23 00:00:00+00:00,0.4434954562017054,0.4268166345790756,3.2232889771482705,3.980641752268089,1.7364039309075017
2025-06-24 00:00:00+00:00,0.44037456194802965,0.42380068945820726,3.245971383261003,4.008769515101226,1.7486230708654196
2025-06-25 00:00:00+00:00,0.43520588117931225,0.4188242690678979,3.284069382814502,4.055841931100605,1.7691466778561076
2025-06-26 00:00:00+00:00,0.43671200231990914,0.42025431502016836,3.2727041726035537,4.041993544641226,1.763024175087727
2025-06-27 00:00:00+00:00,0.4363434419285543,0.419873029286376,3.2754661510338146,4.0456607395267286,1.7645120684281588
2025-06-28 00:00:00+00:00,0.4354450713301777,0.4189694116234259,3.2822098813235625,4.054367491919836,1.768144953927137
2025-06-29 00:00:00+00:00,0.43117760621227763,0.4147938210643755,3.314376317690354,4.0947746866994805,1.785473194412729
2025-06-30 00:00:00+00:00,0.4360825981520817,0.4194752438614733,3.2766726223000484,4.048560469915574,1.7651620012961293
2025-07-01 00:00:00+00:00,0.4420135974098727,0.42515312348108497,3.2321078013848417,3.9937604803636506,1.7411546812060092
2025-07-02 00:00:00+00:00,0.42882391800587366,0.41242685107544697,3.328553851798761,4.113307253017764,1.7931107119083503
2025-07-03 00:00:00+00:00,0.4259445134668406,0.40960203040061766,3.350903941583525,4.141480383210308,1.805150831188234
2025-07-04 00:00:00+00:00,0.43225516419980387,0.4156212566975154,3.3012580751702467,4.080620070564095,1.7784063232634144
2025-07-05 00:00:00+00:00,0.4314172519951643,0.41478181538391434,3.307657453733996,4.088861807523266,1.7818537045476361
2025-07-06 00:00:00+00:00,0.4274786213873711,0.4109758372677663,3.337854764636895,4.126380613753917,1.7981211660524437
2025-07-07 00:00:00+00:00,0.431210694053186,0.4145224523562307,3.308713853474759,4.090771017231698,1.7824227930393834
2025-07-08 00:00:00+00:00,0.4285836507183528,0.4119587885223319,3.328871365325727,4.116070881328385,1.7932817582340903
2025-07-09 00:00:00+00:00,0.41947014068608923,0.40315454110828974,3.3996573193236492,4.204038191221048,1.8314145504368466
2025-07-10 00:00:00+00:00,0.40152728645933994,0.3858272188866074,3.5450778148129207,4.3847250419043915,1.909753390606706
2025-07-11 00:00:00+00:00,0.40152728645933994,0.3858272188866074,3.5904998193973428,4.442220608727824,1.9342224803685144
2025-07-12 00:00:00+00:00,0.4010285383107549,0.38546372039187765,3.5860399602599724,4.4380354698224105,1.931819929125878
2025-07-13 00:00:00+00:00,0.3955154879573007,0.38004900478384346,3.635338244501012,4.500377782875962,1.9583771925763522
2025-07-14 00:00:00+00:00,0.3930407943200346,0.37756447555650413,3.6580841260072954,4.529798515452234,1.970630527086375
2025-07-15 00:00:00+00:00,0.3930407943200346,0.37756447555650413,3.5935438626475054,4.4512373714102225,1.9358623236164851
2025-07-16 00:00:00+00:00,0.3930407943200346,0.37756447555650413,3.6184761366320264,4.483455757816673,1.9492934800719288
2025-07-17 00:00:00+00:00,0.3912168797422977,0.37569910983871546,3.6352677558994717,4.505606371047768,1.958339219969594
2025-07-18 00:00:00+00:00,0.39553671281962316,0.37973488532161664,3.5951269779575448,4.4572069597856965,1.9367151567527388
2025-07-19 00:00:00+00:00,0.39553671281962316,0.37973488532161664,3.5915479359285625,4.454106856892797,1.9347871066486162
2025-07-20 00:00:00+00:00,0.39553671281962316,0.37973488532161664,3.572228369692157,4.4314836670012,1.9243795474771757
2025-07-31 00:00:00+00:00,0.4007630827214886,0.3846548908698177,3.5250272219128282,4.3740674930567325,1.8989520232531811
2025-08-01 00:00:00+00:00,0.39224455239153866,0.37650114726596323,3.450100032761946,4.281347952266051,1.85858832434321
2025-08-02 00:00:00+00:00,0.3896555011691987,0.3740541930182825,3.42732728639095,4.253522638495637,1.8463205175792192
2025-08-03 00:00:00+00:00,0.39527344272334597,0.37951329475020057,3.476741510812531,4.315600308619306,1.8729402386581189
2025-08-04 00:00:00+00:00,0.39816664225626963,0.3823435829989105,3.502189481325995,4.3477846695062,1.8866492037389635
2025-08-05 00:00:00+00:00,0.401476716059321,0.3854438341347288,3.47307477299742,4.3125304506326785,1.8709649463399602
2025-08-06 00:00:00+00:00,0.401476716059321,0.3854438341347288,3.4988166673857917,4.345474714789661,1.8848322498680852
2025-08-07 00:00:00+00:00,0.39289322543505273,0.37713107610724883,3.5736206569055775,4.439192337487324,1.9251295804427198
2025-08-08 00:00:00+00:00,0.39289322543505273,0.37713107610724883,3.5490930447156344,4.409261222117708,1.9119164175757426
2025-08-09 00:00:00+00:00,0.39289322543505273,0.37713107610724883,3.542002368207123,4.4014693781393355,1.9080966301941393
2025-08-10 00:00:00+00:00,0.39289322543505273,0.37713107610724883,3.627141818347048,4.508581713702295,1.9539617316313251
2025-08-11 00:00:00+00:00,0.39503197385396605,0.3790708825735794,3.6073971566248355,4.485391431818093,1.9433251711268367
2025-08-12 00:00:00+00:00,0.39503197385396605,0.3790708825735794,3.6501970075350836,4.539798237588478,1.9663816919320425
2025-08-13 00:00:00+00:00,0.39503197385396605,0.3790708825735794,3.747783957428367,4.662399745776082,2.018952331611358
2025-08-14 00:00:00+00:00,0.3786357274927513,0.36345084052192395,3.5922279692001324,4.4702803205218515,1.9351534444030882
2025-08-15 00:00:00+00:00,0.37550031681233265,0.36049078768611226,3.5624814103750824,4.433873014596704,1.9191288055820024
2025-08-16 00:00:00+00:00,0.37550031681233265,0.36049078768611226,3.5630841337400296,4.435782224305136,1.9194534960542389
2025-08-17 00:00:00+00:00,0.37550031681233265,0.36049078768611226,3.56329052213822,4.436693352106586,1.9195646786470664
2025-08-18 00:00:00+00:00,0.3717279820148306,0.3568961335739294,3.527493149330705,4.392452615456941,1.9002804322453912
2025-08-19 00:00:00+00:00,0.3717279820148306,0.3568961335739294,3.4249128018553274,4.265446692793449,1.8450198211574922
2025-08-20 00:00:00+00:00,0.3717279820148306,0.3568961335739294,3.466927786039137,4.318235396078272,1.8676535298354926
2025-08-21 00:00:00+00:00,0.3775109725012457,0.3623901602299416,3.4129926200742764,4.251760872705283,1.8385983520777758
2025-08-22 00:00:00+00:00,0.3775109725012457,0.3623901602299416,3.5468041497179725,4.419442413691586,1.9106833769456444
2025-08-23 00:00:00+00:00,0.3825331429779996,0.3671035031124977,3.4996196799010506,4.36196196932129,1.8852648372339564
2025-08-24 00:00:00+00:00,0.38904947647805405,0.37324686642991173,3.440004743584538,4.288965888033361,1.8531499351899032
2025-08-25 00:00:00+00:00,0.40075891094630495,0.3843748880253793,3.336469042983878,4.161094204927828,1.7973746699912785
2025-08-26 00:00:00+00:00,0.40075891094630495,0.3843748880253793,3.385748045969681,4.2233193189695735,1.8239215465209329
2025-08-27 00:00:00+00:00,0.40075891094630495,0.3843748880253793,3.3697735266472275,4.203849160556851,1.8153159829668992
2025-08-28 00:00:00+00:00,0.40075891094630495,0.3843748880253793,3.4087876848102154,4.253465929296378,1.836333129761846
2025-08-29 00:00:00+00:00,0.40075891094630495,0.3843748880253793,3.281928204643965,4.095629105301673,1.767993213112968
2025-08-30 00:00:00+00:00,0.40223862752130396,0.3858846073231591,3.294046022687989,4.111715614825194,1.7745211499609639
2025-08-31 00:00:00+00:00,0.400151943633627,0.3839349228246162,3.276957577445506,4.0909411448294835,1.765315508238329
2025-09-01 00:00:00+00:00,0.4036955882002742,0.38741029309999886,3.305977486255646,4.127972251946495,1.7809486966026828
2025-09-02 00:00:00+00:00,0.4110012243889493,0.39450686082617836,3.3658054097417764,4.203588298240254,1.8131783360349067
2025-09-03 00:00:00+00:00,0.4092910961095139,0.392832864199404,3.3798101344791145,4.221425231714277,1.8207227601487836
2025-09-04 00:00:00+00:00,0.4092910961095139,0.392832864199404,3.3496568832077296,4.184360099077709,1.8044790338156897
2025-09-05 00:00:00+00:00,0.4092910961095139,0.392832864199404,3.3468538760171103,4.1819216035095135,1.8029690380509105
2025-09-06 00:00:00+00:00,0.4092910961095139,0.392832864199404,3.3319388456755146,4.163789782199336,1.7949342271796667
2025-09-07 00:00:00+00:00,0.4092910961095139,0.392832864199404,3.359979817821057,4.199354011362146,1.8100400568478046
2025-09-08 00:00:00+00:00,0.41264650320668617,0.3961452562607779,3.3875252499944843,4.234763235380313,1.8248789363412596
2025-09-09 00:00:00+00:00,0.41264650320668617,0.3961452562607779,3.371213795454623,4.215380031073123,1.8160918638874295
2025-09-10 00:00:00+00:00,0.41264650320668617,0.3961452562607779,3.4429821172217454,4.305997550877888,1.8547538631417808
2025-09-11 00:00:00+00:00,0.418134887060222,0.4014674555774421,3.48877532596901,4.363848495350019,1.879422922677351
2025-09-12 00:00:00+00:00,0.418134887060222,0.4014674555774421,3.504855388801879,4.384694796998126,1.8880853431150422
2025-09-13 00:00:00+00:00,0.4177017245922187,0.40106695182320595,3.5012245704770035,4.380320627428511,1.8861294008286316
2025-09-14 00:00:00+00:00,0.41528149315849167,0.39880758449053544,3.480937908337223,4.355644564523688,1.8752008616457525
2025-09-15 00:00:00+00:00,0.41528149315849167,0.39880758449053544,3.482886676860559,4.359069800159014,1.876250674227975
2025-09-16 00:00:00+00:00,0.41013092178885735,0.3938036648883611,3.5260835365739114,4.413763932538984,1.899521065912026
2025-09-17 00:00:00+00:00,0.41013092178885735,0.3938036648883611,3.514903921729938,4.40072837793567,1.8934985444134165
2025-09-18 00:00:00+00:00,0.40803958821015035,0.39172439912997625,3.5328270682349143,4.423964027179281,1.9031538444085805
2025-09-19 00:00:00+00:00,0.40803958821015035,0.39172439912997625,3.4888707099237535,4.369235869279754,1.8794743065511321
2025-09-20 00:00:00+00:00,0.4082240732030008,0.39191217818683644,3.4904481163974728,4.371330329039103,1.8803240643050982
2025-09-21 00:00:00+00:00,0.4066630703324129,0.39041740266201097,3.4771010359899313,4.354657824456559,1.873133916896628
2025-09-22 00:00:00+00:00,0.397503196817526,0.381675169025662,3.398781149057205,4.25714824663502,1.8309425525782677
2025-09-23 00:00:00+00:00,0.3950955134365362,0.3794458858903384,3.3781946759074986,4.232283153065996,1.819852503515308
2025-09-24 00:00:00+00:00,0.3950955134365362,0.3794458858903384,3.417063162665146,4.281695768688186,1.8407911763035345
2025-09-25 00:00:00+00:00,0.3950955134365362,0.3794458858903384,3.286358332846872,4.1183921778847825,1.7703797481337147
2025-09-26 00:00:00+00:00,0.3974073823061844,0.3817239301221684,3.3055881880738616,4.143117388762298,1.7807389794789812
2025-09-27 00:00:00+00:00,0.39732211437769904,0.3816849177438863,3.304878939404179,4.142693960074488,1.7803569032249567
2025-09-28 00:00:00+00:00,0.39732211437769904,0.3816849177438863,3.38110750294251,4.238808491594223,1.8214216598489488
2025-09-29 00:00:00+00:00,0.3897618758185111,0.3744082996353883,3.4454431600617768,4.319619100540229,1.8560796407843867
2025-09-30 00:00:00+00:00,0.39071933090756666,0.37528749004711914,3.4369793843763663,4.309475715099193,1.8515201571406124
2025-10-01 00:00:00+00:00,0.3751423700783765,0.36026266313799277,3.5740027896857653,4.482007782928897,1.9253354375242142
2025-10-02 00:00:00+00:00,0.3751423700783765,0.36026266313799277,3.6311767286036463,4.55493203256443,1.9561353605178724
2025-10-03 00:00:00+00:00,0.3751423700783765,0.36026266313799277,3.6813684277303094,4.619255386978809,1.983173911600429
2025-10-04 00:00:00+00:00,0.37552894926037783,0.36073590654670484,3.6851620285308275,4.625323271299667,1.9852175457235293
2025-10-05 00:00:00+00:00,0.37552894926037783,0.36073590654670484,3.7167589539425054,4.666286216232064,2.0022389874491697
2025-10-06 00:00:00+00:00,0.37552894926037783,0.36073590654670484,3.7520861649658386,4.71172162667946,2.021269955048974
2025-10-07 00:00:00+00:00,0.37552894926037783,0.36073590654670484,3.650540769654456,4.585373530727389,1.9665668785223887
2025-10-08 00:00:00+00:00,0.3815023002297864,0.36653866079942565,3.70860809386003,4.659133295898691,1.9978480732035568
2025-10-09 00:00:00+00:00,0.3866666243872034,0.37147055577731475,3.6584053706838446,4.59644316642301,1.970803583403417
2025-10-10 00:00:00+00:00,0.35845264042574204,0.34438647489650337,3.3914617454961773,4.261314482474014,1.826999548644903
2025-10-11 00:00:00+00:00,0.36531821384964874,0.35091214837076407,3.3265038486861007,4.1805681439538365,1.7920063636825385
2025-10-12 00:00:00+00:00,0.3510212650940903,0.3372179584753467,3.4566885842312227,4.343712948999309,1.8621376141373764
2025-10-13 00:00:00+00:00,0.35034368079375544,0.33657959049598135,3.463361108516023,4.3519357828920615,1.865732140560339
2025-10-14 00:00:00+00:00,0.35679314307918836,0.34280201429868545,3.399604237549771,4.271480551594754,1.8313859549862153
2025-10-15 00:00:00+00:00,0.3640039675245311,0.3497342828386853,3.330897902195187,4.185101099281381,1.794373465062492
2025-10-16 00:00:00+00:00,0.37242437853685967,0.3578524881809403,3.2538450899213864,4.087954460335108,1.7528646810011643
2025-10-17 00:00:00+00:00,0.36639869694938476,0.35205824409647124,3.201199141973877,4.021763482958422,1.724504012252412
2025-10-18 00:00:00+00:00,0.36899818794460065,0.3545036216119009,3.223910708397934,4.049698434514073,1.73673886103432
2025-10-19 00:00:00+00:00,0.3740469066230176,0.3593642603409732,3.268021001463874,4.105224301816529,1.760501324411384
2025-10-20 00:00:00+00:00,0.3740469066230176,0.3593642603409732,3.3248071417426672,4.1764397142476835,1.7910923380934396
2025-10-21 00:00:00+00:00,0.3740469066230176,0.3593642603409732,3.2583008139145475,4.092653762647151,1.7552650046183194
2025-10-22 00:00:00+00:00,0.37153851188732356,0.3569684698350775,3.236450333495609,4.065369076576352,1.7434940277184356
2025-10-23 00:00:00+00:00,0.3800976431191706,0.36524734186314073,3.3110084270537405,4.159653791266618,1.7836588927532326
2025-10-24 00:00:00+00:00,0.37688394849854656,0.3621285318585834,3.339002733683859,4.195172653070021,1.7987395834453135
2025-10-25 00:00:00+00:00,0.37688394849854656,0.3621285318585834,3.3573760452994854,4.218763679962328,1.8086373899216626
2025-10-26 00:00:00+00:00,0.37688394849854656,0.3621285318585834,3.4445670590818733,4.328719036714873,1.8556076802508579
2025-10-27 00:00:00+00:00,0.3753534658595196,0.36075684485440457,3.4305790659505893,4.3123225169020625,1.8480722695474223
2025-10-28 00:00:00+00:00,0.3753534658595196,0.36075684485440457,3.3929893857933746,4.265798289828867,1.827822497079212
2025-10-29 00:00:00+00:00,0.3753534658595196,0.36075684485440457,3.307060455175595,4.1581302041131565,1.7815320980609402
2025-10-30 00:00:00+00:00,0.36944593371164486,0.35510829302103936,3.255012005565096,4.093024262748985,1.7534933050324386
2025-10-31 00:00:00+00:00,0.3737863111460645,0.3593520049785377,3.2932530020643203,4.141937837417684,1.774093945283385
2025-11-01 00:00:00+00:00,0.3753464251808581,0.3609588951377419,3.3069984231122276,4.160459061896115,1.7814986810389366
2025-11-02 00:00:00+00:00,0.37679090999592185,0.3624273677327117,3.319725090226011,4.177384867568689,1.7883546083108612
2025-11-03 00:00:00+00:00,0.3632493455858393,0.3494682692840488,3.200416821527201,4.028016617330197,1.7240825718204598
2025-11-04 00:00:00+00:00,0.34580252049923105,0.3327607444750294,3.046701162661054,3.8354435184818825,1.6412750804073384
2025-11-05 00:00:00+00:00,0.3538936131461536,0.3405892089432326,3.117987922916557,3.925675415731676,1.679677659762426
2025-11-06 00:00:00+00:00,0.3452081637963325,0.3322861231114106,3.041464569084055,3.8299729710599006,1.6384540979462154
2025-11-07 00:00:00+00:00,0.3519613560802906,0.3388448852309141,3.1009637270239825,3.9055701142872383,1.670506629526546
2025-11-08 00:00:00+00:00,0.3519613560802906,0.3388448852309141,3.0694170065693185,3.866406741278037,1.6535122334940866
2025-11-09 00:00:00+00:00,0.36018500870452524,0.3468010189181985,3.1411345936989292,3.9571906080672976,1.6921469017133888
2025-11-10 00:00:00+00:00,0.36456730556898503,0.35109401122179,3.1793521317644995,4.006176014388393,1.712734904773969
2025-11-11 00:00:00+00:00,0.36456730556898503,0.35109401122179,3.090340485746915,3.8942509581148714,1.6647838296028485
2025-11-12 00:00:00+00:00,0.3595797267349018,0.34632212832091935,3.0480621010388678,3.84132237213854,1.6420082255785322
2025-11-13 00:00:00+00:00,0.3526091476179381,0.3396704644058843,2.988974348173495,3.7675437039008175,1.6101773202295813
2025-11-14 00:00:00+00:00,0.3344360336823709,0.32225513691037805,2.834925674885244,3.574377048766911,1.5271904320711818
2025-11-15 00:00:00+00:00,0.33794613071375607,0.32571611540862383,2.864679837694934,3.6127653960528874,1.5432191672016315
2025-11-16 00:00:00+00:00,0.3331283844820411,0.3211535136578342,2.823841078973312,3.562158106632946,1.5212190978065674
2025-11-17 00:00:00+00:00,0.32578417529094805,0.31415929672027226,2.7615861629335776,3.48457992204478,1.4876820238128636
2025-11-18 00:00:00+00:00,0.32834794546792334,0.31670611879422267,2.7398537622135186,3.456331179586555,1.4993893905137399
2025-11-19 00:00:00+00:00,0.3233182442702897,0.31190696799106127,2.7818234042939882,3.508706089865071,1.476421436191873
2025-11-20 00:00:00+00:00,0.30590356828767007,0.2951794733308377,2.9316589118323404,3.696877142152027,1.3968979283765175
2025-11-21 00:00:00+00:00,0.30054254582250656,0.29004015544659995,2.9830368325754884,3.761242819745052,1.3724170070931003
2025-11-22 00:00:00+00:00,0.2990757347446791,0.2886627855321415,2.99759567468423,3.779104562692034,1.3657188656905452
2025-11-23 00:00:00+00:00,0.30654720149283987,0.29588298520993744,2.922710173100647,3.6845794250106887,1.3998370568605973
2025-11-24 00:00:00+00:00,0.31161517420937135,0.3007891625295898,2.8743906472871026,3.623483650968059,1.422979776732809
2025-11-25 00:00:00+00:00,0.3083755800994808,0.2976431283028015,2.9042732068707364,3.661382634728925,1.408186283717287
2025-11-26 00:00:00+00:00,0.31934455768558717,0.30825715926945246,2.8009676607577223,3.530816782638312,1.458275735606358
2025-11-27 00:00:00+00:00,0.31634281510413725,0.3053459698511427,2.7746394090489876,3.4974716480760937,1.4719830879495115
2025-11-28 00:00:00+00:00,0.317901953613765,0.3068323591483866,2.7883145960500104,3.5144969404932445,1.4647282194702405
2025-11-29 00:00:00+00:00,0.317901953613765,0.3068323591483866,2.790923690263317,3.5177001038794007,1.4633576374251223
2025-11-30 00:00:00+00:00,0.31950142656075303,0.30833465959906187,2.8049657774192447,3.5349233278772414,1.4559949870034343
2025-12-01 00:00:00+00:00,0.3050459942872336,0.2944098509008848,2.931872856556538,3.6945652285556165,1.3901203611785327
2025-12-02 00:00:00+00:00,0.3227408875430235,0.3115043543468573,2.76180284020528,3.4800453752366582,1.470757484315421
2025-12-03 00:00:00+00:00,0.3152208620877818,0.3042411959780803,2.697451441103628,3.3989032648996416,1.5050268754816234
2025-12-04 00:00:00+00:00,0.31978575621208666,0.3086137180848005,2.736514782763618,3.447751941084335,1.4832317179679249
2025-12-05 00:00:00+00:00,0.31978575621208666,0.3086137180848005,2.818447309490587,3.5506285341585326,1.4388230697339965
2025-12-06 00:00:00+00:00,0.31944628826226684,0.3082978062503207,2.821439226770334,3.5542631281770465,1.4372956898925
2025-12-07 00:00:00+00:00,0.3235233930353675,0.3122667511029812,2.785429093733401,3.508506479697604,1.455639947856789
2025-12-08 00:00:00+00:00,0.32260342030526845,0.3113494316186164,2.7775084337037907,3.498199838521498,1.4597792128549296
2025-12-09 00:00:00+00:00,0.32978143786173447,0.3183165051633804,2.715708083659478,3.4199205385640297,1.4922597141729923
2025-12-10 00:00:00+00:00,0.3321604714500696,0.32058743577382354,2.7352991218605056,3.4443189034314816,1.4814945965073176
2025-12-11 00:00:00+00:00,0.3339425064312792,0.3223301850101793,2.7206242910537335,3.425595199789659,1.4894427884879096
2025-12-12 00:00:00+00:00,0.3339425064312792,0.3223301850101793,2.787163916843406,3.508862972486879,1.4530147649247127
2025-12-13 00:00:00+00:00,0.33412493677761224,0.32246700536720063,2.788686524085205,3.510352388951612,1.4522209935967527
2025-12-14 00:00:00+00:00,0.3418584738748382,0.32987695365072156,2.8532324717613617,3.591016547535668,1.4186084023437213
2025-12-15 00:00:00+00:00,0.33514304574859216,0.3234047335890919,2.9092810388025865,3.6614726648345246,1.3907414237743505
2025-12-16 00:00:00+00:00,0.34067219672644966,0.3287819658735068,2.86128405869331,3.6005935651276335,1.4136857139834251
2025-12-17 00:00:00+00:00,0.34067219672644966,0.3287819658735068,2.9148194403329244,3.6672009978130924,1.3872352803095538
2025-12-18 00:00:00+00:00,0.3377329650223122,0.3259904223195261,2.939967749449979,3.698337594005036,1.3752665726892548
2025-12-19 00:00:00+00:00,0.34804048689680356,0.3360226630765084,2.850240701674963,3.5845225534291183,1.4172393492593913
2025-12-20 00:00:00+00:00,0.3488487040464026,0.33686481749202823,2.8436218929377426,3.575538869208946,1.4205304524220463
2025-12-21 00:00:00+00:00,0.3488487040464026,0.33686481749202823,2.834587565300175,3.5633735646578404,1.4250435480478028
2025-12-22 00:00:00+00:00,0.34905967796275117,0.33701610414361405,2.8363018443929384,3.564973882728929,1.4241817216605706
2025-12-23 00:00:00+00:00,0.35350089689451286,0.34127153572339797,2.8723891906055616,3.609988059366627,1.4060613164008637
2025-12-24 00:00:00+00:00,0.3540787607901257,0.341912617247235,2.867693728664783,3.603206665655527,1.4083597888429529
2025-12-25 00:00:00+00:00,0.35220394913749903,0.3401782244453753,2.882877880367832,3.6214843640769536,1.4009026645090292
2025-12-26 00:00:00+00:00,0.352681188528393,0.3407065411728709,2.8789715559583025,3.615859986528905,1.4028008997103927
2025-12-27 00:00:00+00:00,0.352681188528393,0.3407065411728709,2.8624175282776014,3.594691116521123,1.410866976249516
2025-12-28 00:00:00+00:00,0.35298569632336574,0.34105993497837167,2.8599460937974572,3.5909625659365227,1.4120851302251514
2025-12-29 00:00:00+00:00,0.350018629361847,0.33827778308698697,2.8839857408851888,3.6202553742382237,1.4002156658803278
2025-12-30 00:00:00+00:00,0.350018629361847,0.33827778308698697,2.8432417281274733,3.5682784452854635,1.419997457497879
2025-12-31 00:00:00+00:00,0.350018629361847,0.33827778308698697,2.870701297273127,3.6024503792566485,1.4062833515233246
2026-01-01 00:00:00+00:00,0.3547042025436475,0.3428796292826978,2.832272254121949,3.553443546996676,1.4251087596735241
2026-01-02 00:00:00+00:00,0.35925144523137653,0.3473254806921132,2.7959630443498176,3.5073688296541996,1.4433783920606584
2026-01-03 00:00:00+00:00,0.36178518765152756,0.3498136747586647,2.77624356857685,3.482242500616195,1.4535583067383517
2026-01-04 00:00:00+00:00,0.36531303273247284,0.35329382577074236,2.7491718211664957,3.4475991157594423,1.4677322660305527
2026-01-05 00:00:00+00:00,0.3745172627174842,0.36227240687402,2.6799051719011806,3.359982106871998,1.504712455956764
2026-01-06 00:00:00+00:00,0.37404513313953586,0.3618306790633225,2.6832835542181153,3.364079017130381,1.5028155627358488
2026-01-07 00:00:00+00:00,0.37404513313953586,0.3618306790633225,2.751956065460781,3.449520047360141,1.4643544323549778
2026-01-08 00:00:00+00:00,0.3728526930268429,0.36076810254653924,2.7607291853601916,3.4596501419280936,1.459686132169694
2026-01-09 00:00:00+00:00,0.37473803184009297,0.36257551271416233,2.7746888803908965,3.476982624480741,1.452305193338861
2026-01-10 00:00:00+00:00,0.37536546319553965,0.363111750995022,2.7793345972844232,3.482124977231409,1.4498735698084058
2026-01-11 00:00:00+00:00,0.37536546319553965,0.363111750995022,2.7645528994029296,3.4630803982929144,1.4575846216177886
2026-01-12 00:00:00+00:00,0.3742113561255571,0.3619613140478562,2.7560529430686955,3.4521084161681705,1.462066143978919
2026-01-13 00:00:00+00:00,0.3910593283774739,0.3783139627756041,2.6319682440088,3.296149439037712,1.5278921789749254
2026-01-14 00:00:00+00:00,0.39731752719043556,0.3843935496152245,2.5898483421290797,3.2431796078319786,1.5523433359399488
2026-01-15 00:00:00+00:00,0.4028254739132174,0.38971115522440775,2.625750978464815,3.288044955056091,1.5308234587518361
2026-01-16 00:00:00+00:00,0.40316272729568114,0.3899705078426388,2.6279493086508188,3.2902331476611093,1.529541823346797
2026-01-17 00:00:00+00:00,0.4048569751363978,0.3915866790172019,2.6389929819376823,3.3038689992547576,1.5231140889456687
2026-01-18 00:00:00+00:00,0.4112959511699091,0.39773749656005364,2.6809643782748123,3.3557642666088534,1.498889990764526
2026-01-19 00:00:00+00:00,0.4067626851588528,0.3933851316202357,2.710513720198349,3.3924857496638894,1.4823693636343105
2026-01-20 00:00:00+00:00,0.3882258442408065,0.375544854011591,2.834036264105927,3.5463372369026147,1.414815366972243
2026-01-21 00:00:00+00:00,0.3838140110605882,0.3712077843800348,2.8018300227919952,3.5053815125220793,1.430893455210024
2026-01-22 00:00:00+00:00,0.3834344213705268,0.37076313913673137,2.799059030177584,3.5011826479478625,1.4323086000132927
2026-01-23 00:00:00+00:00,0.3835473770049157,0.3709296374381249,2.7982344576540337,3.4996103747032534,1.4327305426390406
2026-01-24 00:00:00+00:00,0.3852212182135233,0.37249521848107897,2.810446247976112,3.5143811643824003,1.4264779554311005
2026-01-25 00:00:00+00:00,0.3852212182135233,0.37249521848107897,2.891265841595562,3.614941014835144,1.3854569365277618
2026-01-26 00:00:00+00:00,0.39260670071336645,0.37968335381160756,2.8358343329820817,3.5451825751631643,1.4120189935361078
2026-01-27 00:00:00+00:00,0.39652600167779917,0.3835412200666474,2.8075248614014057,3.509160874218478,1.4261148492438884
2026-01-28 00:00:00+00:00,0.39652600167779917,0.3835412200666474,2.8059695617446723,3.5066469626661463,1.4269048817618497
2026-01-29 00:00:00+00:00,0.41728148998291587,0.4035514984038332,2.9528433308717417,3.6895972639166965,1.352215939648069
2026-01-30 00:00:00+00:00,0.4153145510955645,0.40167551746752317,2.9667621423100003,3.7067490132154752,1.3458420021990367
2026-01-31 00:00:00+00:00,0.38808457431361054,0.3754194161148355,3.161277032384469,3.949046025474455,1.257602265894624
2026-02-01 00:00:00+00:00,0.38808457431361054,0.3754194161148355,3.2326416777037537,4.038120176742514,1.2292123656299818
2026-02-02 00:00:00+00:00,0.3970017385236957,0.3840129518157932,3.158364062512702,3.945685613121064,1.2574564372547719
2026-02-03 00:00:00+00:00,0.38206978571341366,0.36956790637092957,3.2771558424039013,4.0941066695546455,1.2101612282919705
2026-02-04 00:00:00+00:00,0.36894635067304027,0.35690451900921166,3.3897204665200498,4.234392819306857,1.168594287220685
2026-02-05 00:00:00+00:00,0.3171255475456027,0.30679117649141235,3.865827728814804,4.828948411648229,1.0044579720533415
2026-02-06 00:00:00+00:00,0.3171255475456027,0.30679117649141235,3.3926856300392068,4.239318065142187,1.1273944778595386
2026-02-07 00:00:00+00:00,0.31140889257100807,0.30117978715522215,3.453843784386297,4.316857662126401,1.1070715322625446
2026-02-08 00:00:00+00:00,0.3160947208638429,0.30567611780289095,3.4018731460712117,4.252411041749983,1.1237298462407974
2026-02-09 00:00:00+00:00,0.3168759848440976,0.30644848294751426,3.410281261673896,4.263155793721012,1.1209524203793158
2026-02-10 00:00:00+00:00,0.31104803434255685,0.30074353775466733,3.473002803664987,4.342520096385586,1.100335978828003
2026-02-11 00:00:00+00:00,0.31104803434255685,0.30074353775466733,3.561096588031785,4.453024933029878,1.072425618275569
2026-02-12 00:00:00+00:00,0.3072834101999885,0.2971048021581911,3.604196652038485,4.506902667051316,1.059446017288209
2026-02-13 00:00:00+00:00,0.3192276820359456,0.30866910126080976,3.4640995848581375,4.33147914616046,1.1006272552137342
2026-02-14 00:00:00+00:00,0.3237407286066398,0.3130371088996712,3.4151262544367897,4.270183947124611,1.1161872531063846
2026-02-15 00:00:00+00:00,0.3237407286066398,0.3130371088996712,3.4640252288149953,4.331273627407322,1.1002052929021255
2026-02-16 00:00:00+00:00,0.3237407286066398,0.3130371088996712,3.460558323815775,4.327143622276888,1.1013064128357803
2026-02-17 00:00:00+00:00,0.3171778248886179,0.306733863226042,3.5307111006614633,4.414274024842133,1.078980621507055
2026-02-18 00:00:00+00:00,0.31220643238333523,0.3019466513272257,3.586050879570378,4.483167836937431,1.0620688585961735
2026-02-19 00:00:00+00:00,0.31481090695415964,0.3044523119469461,3.5561354859180914,4.44596491698043,1.0709288020430847
2026-02-20 00:00:00+00:00,0.3195174378375757,0.3090222332477534,3.502970042407831,4.379229638647936,1.0869395544325802
2026-02-21 00:00:00+00:00,0.3192677737337883,0.30881221597520064,3.5057071884057165,4.382205844776942,1.0860902430724082
2026-02-22 00:00:00+00:00,0.31774739871768665,0.30735936921529017,3.522401606262823,4.402822495393368,1.0809182069113896
2026-02-23 00:00:00+00:00,0.30370718304578176,0.293777797674037,3.6780449834693014,4.597374068222563,1.033155975623358
2026-02-24 00:00:00+00:00,0.3009001929654171,0.29107530268415344,3.7120390289185887,4.639665829153311,1.0236071116618262
2026-02-25 00:00:00+00:00,0.31932262685972224,0.30890040504635913,3.4847716651146947,4.355538259522897,1.0862768433176577
2026-02-26 00:00:00+00:00,0.31932262685972224,0.30890040504635913,3.5106641127720533,4.387862279158339,1.0782056211516344
2026-02-27 00:00:00+00:00,0.3117211237480474,0.30151682426858095,3.5942357795835167,4.492744419326039,1.0525388418669646
2026-02-28 00:00:00+00:00,0.3117211237480474,0.30151682426858095,3.533979127835822,4.417603753427139,1.0701844473126507
2026-03-01 00:00:00+00:00,0.3061716181187273,0.29616955613044477,3.596893815259046,4.495948011180962,1.0511321785944978
2026-03-02 00:00:00+00:00,0.2919503784268486,0.282422784246051,3.429823172306116,4.287267644024733,1.0999557852745994
2026-03-03 00:00:00+00:00,0.2941076132031575,0.2845019034002101,3.455166293502798,4.318829333714516,1.0918281613777492
2026-03-04 00:00:00+00:00,0.2753968536703305,0.2663970891250308,3.2353529232892115,4.0439924976912955,1.1612889072462902
2026-03-05 00:00:00+00:00,0.28219415758533944,0.27294906966823035,3.315207419805119,4.143453645141307,1.1326261482841602
2026-03-06 00:00:00+00:00,0.29322342236507304,0.28362668404730423,3.444778849439379,4.305543225714573,1.088358634765217
2026-03-07 00:00:00+00:00,0.2895589358307936,0.28008192330738607,3.487829113315042,4.359353820587898,1.0747571443747312
2026-03-08 00:00:00+00:00,0.29512382112257834,0.2854884228822666,3.5548599195903057,4.443503644680243,1.0541019357630153
2026-03-09 00:00:00+00:00,0.30617462465630746,0.2961390921485787,3.4217494901715835,4.277730590819287,1.0935723971860611
2026-03-10 00:00:00+00:00,0.29942652942047204,0.28961048042415183,3.346334058671442,4.183424763491531,1.1176747560663118
2026-03-11 00:00:00+00:00,0.2982975297895953,0.28858257760329525,3.3337165730921163,4.16857670236841,1.1218889931597364
2026-03-12 00:00:00+00:00,0.2968324770317356,0.2872246145403323,3.3173434215518536,4.148960919482425,1.127399017210557
2026-03-13 00:00:00+00:00,0.29508546882351927,0.28553175223054483,3.297819189416352,4.124507515387468,1.1340343266507409
2026-03-14 00:00:00+00:00,0.2938974136687172,0.2844084819849425,3.284541710510962,4.108281871361521,1.1386001066360159
2026-03-17 00:00:00+00:00,0.2938974136687172,0.2844084819849425,3.159919208937077,3.952549691126304,1.181801017474563
2026-03-18 00:00:00+00:00,0.3044915324472886,0.2946860476611464,3.2738248027709296,4.095381539021616,1.1392006413927416
2026-03-19 00:00:00+00:00,0.29887440630186707,0.2892416135763235,3.334218885809536,4.171045232699584,1.1181851679698283
2026-03-20 00:00:00+00:00,0.29887440630186707,0.2892416135763235,3.3063336456353865,4.136113145160213,1.1275369421142063
2026-03-21 00:00:00+00:00,0.2921295353913924,0.2827108398792373,3.380949581816438,4.229502262315918,1.1020911663602584
2026-03-22 00:00:00+00:00,0.2921295353913924,0.2827108398792373,3.4321779881755097,4.2940302404735915,1.0853921968107882
2026-03-23 00:00:00+00:00,0.3052157877237532,0.29536165252552743,3.2784299354746307,4.101879942688972,1.1340134912924003
2026-03-24 00:00:00+00:00,0.30672221579012876,0.2967870727228823,3.2946110082339297,4.121675682817858,1.1284164356365585
2026-03-25 00:00:00+00:00,0.31006189345367396,0.30004262834953405,3.258738357907885,4.076463658125124,1.1407029508326123
2026-03-26 00:00:00+00:00,0.320980669568664,0.3106034050365589,3.3734942672877732,4.219945344720937,1.100533293106805
2026-03-27 00:00:00+00:00,0.3097002350325454,0.299659046527406,3.492051192510868,4.368638481991023,1.0618565286013506
2026-03-28 00:00:00+00:00,0.3096121686935076,0.29952629459235813,3.4930441919647586,4.370573832245686,1.0615545791467516
2026-03-29 00:00:00+00:00,0.30794951015402844,0.2979147583468276,3.5118023040217095,4.3940887565498,1.055853889817939
2026-03-30 00:00:00+00:00,0.311615697814978,0.30146609837795596,3.4699937417406432,4.341708326026451,1.0684239974978633
2026-03-31 00:00:00+00:00,0.31852413872225277,0.30813575427112777,3.3930648614514927,4.245652083951727,1.0921106862699124
2026-04-01 00:00:00+00:00,0.31852413872225277,0.30813575427112777,3.4006585920136825,4.255295425217856,1.0896665260094234
2026-04-02 00:00:00+00:00,0.32421256220192296,0.3136479975014632,3.461389895640315,4.331418442672349,1.0702065105882135
2026-04-03 00:00:00+00:00,0.32421256220192296,0.3136479975014632,3.4581690530931524,4.32743476972882,1.0712023436978826
2026-04-04 00:00:00+00:00,0.3258334970276864,0.3152459949188844,3.44087957296485,4.305387029455735,1.0765579325515244
2026-04-05 00:00:00+00:00,0.3258334970276864,0.3152459949188844,3.3528284479235952,4.1948643248554305,1.1041067424192208
2026-04-06 00:00:00+00:00,0.3258334970276864,0.3152459949188844,3.3620124319539895,4.205807782242887,1.1010824007782076
2026-04-07 00:00:00+00:00,0.3258334970276864,0.3152459949188844,3.2122815166291083,4.0180440863238776,1.1501203145436898
2026-04-08 00:00:00+00:00,0.3219335607968606,0.3115094479031524,3.250729660188913,4.06566915018455,1.1363544005863642
2026-04-09 00:00:00+00:00,0.325151593756352,0.31463295739652863,3.2182355171023986,4.024902630025982,1.147713346530672
2026-04-10 00:00:00+00:00,0.3198653124119759,0.30951554116913826,3.1659137733295077,3.9594387250269802,1.1663727526937024
2026-04-11 00:00:00+00:00,0.32035060828564077,0.30992303638910274,3.161110486349153,3.954225893554621,1.1681423596566116
2026-04-12 00:00:00+00:00,0.32035060828564077,0.30992303638910274,3.260404880162359,4.078912790408222,1.131449561986135
2026-04-13 00:00:00+00:00,0.3036876540205242,0.2938205257028042,3.090815761244668,3.866986831107904,1.1903016191292595
2026-04-14 00:00:00+00:00,0.3036876540205242,0.2938205257028042,3.1021129926218802,3.881444168443807,1.1859509512672066
2026-04-15 00:00:00+00:00,0.3008794428439887,0.2911668716185976,3.073427636923594,3.8463887204094207,1.196917484387932
2026-04-16 00:00:00+00:00,0.2995236701938234,0.2898795667307174,3.059578671061996,3.8293830941410714,1.2023108338786754
2026-04-17 00:00:00+00:00,0.2918375028197054,0.28245453583502544,2.9810658986161767,3.731296540107234,1.2331636953534528
2026-04-18 00:00:00+00:00,0.2866790541711005,0.27740610826289613,3.0337584936649318,3.797987557396722,1.2113665941024374
2026-04-19 00:00:00+00:00,0.2866790541711005,0.27740610826289613,3.108918948466341,3.893140816271884,1.1813553508429306
2026-04-20 00:00:00+00:00,0.2787475858495907,0.2697648634669444,3.0229053670932653,3.785902939685358,1.2140395752581001
2026-04-21 00:00:00+00:00,0.27686544634015564,0.2679919422213875,3.0024943217120166,3.7610216127804295,1.2222369264338842
2026-04-22 00:00:00+00:00,0.27686544634015564,0.2679919422213875,2.929637658282694,3.6697374086935026,1.2518949689940806
2026-04-23 00:00:00+00:00,0.277188438489963,0.2682560250517895,2.9262199332544765,3.6661212005579635,1.2533554338253317
2026-04-24 00:00:00+00:00,0.27431867326180237,0.26543891288435817,2.9565154400229106,3.7046212664535045,1.2403792943365688
2026-04-25 00:00:00+00:00,0.2736109672959619,0.2647886517850826,2.9488880204596537,3.6955458408840314,1.2435793091808707
2026-04-26 00:00:00+00:00,0.2699854746580258,0.2612784999727354,2.909813666408963,3.6465561019222577,1.2600574046120674
2026-04-27 00:00:00+00:00,0.2743512930754168,0.2655403305809012,2.9568670055268367,3.7060367113531436,1.239681560944947
2026-04-28 00:00:00+00:00,0.27069136719262027,0.2619928657087264,2.9963124696403947,3.755547213278613,1.2231438490921338
