,lgbm_net,lgbm_gross,ma_net,ma_gross,buy_and_hold
2021-08-18 00:00:00+00:00,1.0,1.0,1.0,1.0,1.0
2021-08-19 00:00:00+00:00,0.9430552459152359,0.942755245915236,1.056944754084764,1.057244754084764,1.056944754084764
2021-08-20 00:00:00+00:00,0.9142237297737248,0.913225363698825,1.0892581523401397,1.09036078626524,1.0892581523401397
2021-08-21 00:00:00+00:00,0.9314936312137312,0.9299581869038025,1.0686818094592854,1.0703823505017833,1.0686818094592854
2021-08-22 00:00:00+00:00,0.9276666913204465,0.9256663826008651,1.073072372006147,1.0753222194575764,1.073072372006147
2021-08-23 00:00:00+00:00,0.9495831453320008,0.9490044537966367,1.0984240867030135,1.102433441154516,1.0984240867030135
2021-08-24 00:00:00+00:00,0.9932992317689409,0.9915653048772273,1.0478557899142822,1.0529916231234966,1.0478557899142822
2021-08-25 00:00:00+00:00,0.9932992317689409,0.9915653048772273,1.0651700610152153,1.0708799867297005,1.0651700610152153
2021-08-26 00:00:00+00:00,1.0348721141798696,1.0327681470790249,1.020589144934805,1.0263813552293273,1.020589144934805
2021-08-27 00:00:00+00:00,0.9749253935903766,0.9726334719044594,1.079708500331256,1.0861441486273533,1.079708500331256
2021-08-28 00:00:00+00:00,0.9831985524272223,0.9805419064741625,1.0705461582900495,1.077312764369246,1.0705461582900495
2021-08-29 00:00:00+00:00,0.9901667156910329,0.9871306079450094,1.0629589416551244,1.0700738160404741,1.0629589416551244
2021-08-30 00:00:00+00:00,0.9901667156910329,0.9871306079450094,1.0642746301276098,1.0717193331674544,1.0642746301276098
2021-08-31 00:00:00+00:00,0.9901667156910329,0.9871306079450094,1.1297517491206188,1.1380907356722234,1.1297517491206188
2021-09-01 00:00:00+00:00,1.1055987144875215,1.1025048015020673,1.2614563403558534,1.2711088993945423,1.2614563403558534
2021-09-02 00:00:00+00:00,1.091851451051592,1.0902782159321973,1.2457711080952192,1.257012523845069,1.2457711080952192
2021-09-03 00:00:00+00:00,1.0489447050728704,1.0460104370649626,1.2947264714197728,1.3080500953802765,1.2947264714197728
2021-09-04 00:00:00+00:00,1.0654155265372751,1.060092402880897,1.2743963163097258,1.2904404080617065,1.2743963163097258
2021-09-05 00:00:00+00:00,1.0504321118304016,1.0429634118967195,1.2923187212611922,1.3112913660114454,1.2923187212611922
2021-09-06 00:00:00+00:00,1.0423712073298428,1.0367466263237524,1.2824016046012507,1.3034751596582894,1.2824016046012507
2021-09-07 00:00:00+00:00,1.0423712073298428,1.0367466263237524,1.119436703840398,1.1395869619308283,1.119436703840398
2021-09-08 00:00:00+00:00,1.0235692280516615,1.0177350775633063,1.1396287674362056,1.1604843659285058,1.1396287674362056
2021-09-09 00:00:00+00:00,1.044818854302413,1.0385582644509777,1.1159697078348145,1.1367404827071408,1.1159697078348145
2021-09-10 00:00:00+00:00,1.111174077518027,1.104204317449382,1.045095777143084,1.064888446545575,1.045095777143084
2021-09-11 00:00:00+00:00,1.0916403085424813,1.0844618113498818,1.0634679295187321,1.0839280086256944,1.0634679295187321
2021-09-12 00:00:00+00:00,1.0458662008784638,1.0386633702453203,1.1080607272764615,1.1297039064443888,1.1080607272764615
2021-09-13 00:00:00+00:00,1.0832821180406613,1.075510006759848,1.0684197977315186,1.0896276022227747,1.0684197977315186
2021-09-24 00:00:00+00:00,1.2012613646169248,1.1927534699146598,0.9520591926183113,0.970845152193746,0.9520591926183113
2021-09-25 00:00:00+00:00,1.2012613646169248,1.1927534699146598,0.9503310811066176,0.969090155096624,0.9503310811066176
2021-09-26 00:00:00+00:00,1.2572302924984196,1.248510411291427,0.9946087156902961,1.0143916397113706,0.9946087156902961
2021-09-27 00:00:00+00:00,1.20174293149616,1.1937824519159008,0.950712053962691,0.9699261839595252,0.950712053962691
2021-09-28 00:00:00+00:00,1.1523341949618078,1.1447424763805678,0.9116242589250335,0.930082109977606,0.9116242589250335
2021-09-29 00:00:00+00:00,1.1707884707090304,1.1630681558312401,0.926223639491552,0.9449713859168943,0.926223639491552
2021-09-30 00:00:00+00:00,1.2328012431132713,1.2247539935008718,0.9752826259679332,0.9950899892178813,0.9752826259679332
2021-10-01 00:00:00+00:00,1.3596509657070968,1.3509798689150059,1.0756348370365938,1.0976461806419504,1.0756348370365938
2021-10-02 00:00:00+00:00,1.391572269491361,1.3831028903585083,1.1008881316393937,1.1237455420087912,1.1008881316393937
2021-10-03 00:00:00+00:00,1.4038904212083239,1.395761002278536,1.1106331569796115,1.1340300240524175,1.1106331569796115
2021-10-04 00:00:00+00:00,1.4175075217021766,1.4088805227943582,1.0998605189717394,1.1233706560504269,1.0998605189717394
2021-10-05 00:00:00+00:00,1.4721395589848052,1.4636027317999203,1.1422501500376832,1.1670034005142238,1.1422501500376832
2021-10-06 00:00:00+00:00,1.4478653349334598,1.438966919792474,1.161084801885378,1.1866467612175498,1.161084801885378
2021-10-07 00:00:00+00:00,1.443706945728611,1.4337370191935386,1.1644195336381045,1.1909596085261671,1.1644195336381045
2021-10-08 00:00:00+00:00,1.4549777276091902,1.44413703924446,1.1553291024948937,1.1823206436095213,1.1553291024948937
2021-10-09 00:00:00+00:00,1.44970259813915,1.438467972380898,1.1595178336902368,1.1869619308285642,1.1595178336902368
2021-10-10 00:00:00+00:00,1.5160990176533093,1.5039183053296057,1.1064118844985418,1.132955129800116,1.1064118844985418
2021-10-11 00:00:00+00:00,1.5721601792527102,1.5603271872156523,1.147323945472223,1.1754499460894081,1.147323945472223
2021-10-12 00:00:00+00:00,1.5494179999137059,1.5382242769036787,1.1307272606864107,1.1587990379032922,1.1307272606864107
2021-10-13 00:00:00+00:00,1.600915241818613,1.5898109458406104,1.1683086849859117,1.197661109728788,1.1683086849859117
2021-10-14 00:00:00+00:00,1.5205280144758204,1.5087184990415108,1.2269733122024238,1.258750933067927,1.2269733122024238
2021-10-15 00:00:00+00:00,1.5504204991730302,1.5399411253582582,1.2510947230608351,1.284800530811976,1.2510947230608351
2021-10-16 00:00:00+00:00,1.5329683668476255,1.5242701663268903,1.2370119173509524,1.2717259683171598,1.2370119173509524
2021-10-17 00:00:00+00:00,1.52779478229858,1.5172279769220303,1.2411866843461463,1.2776013933814379,1.2411866843461463
2021-10-18 00:00:00+00:00,1.569789382237988,1.5576899111236795,1.2070701008474012,1.2435298996433604,1.2070701008474012
2021-10-19 00:00:00+00:00,1.624102998036545,1.6130315358730571,1.2488338829452799,1.2877100439578664,1.2488338829452799
2021-10-20 00:00:00+00:00,1.5078668109468831,1.4955661634043391,1.3382122592166288,1.38148461474662,1.3382122592166288
2021-10-21 00:00:00+00:00,1.466412017382754,1.4571798191544687,1.3014216670051217,1.3460263747200794,1.3014216670051217
2021-10-22 00:00:00+00:00,1.4974337913520541,1.4865226739936754,1.2738902445167553,1.3189217881728454,1.2738902445167553
2021-10-23 00:00:00+00:00,1.4249607789591316,1.4136316271805656,1.335544164717612,1.3835945923529898,1.335544164717612
2021-10-24 00:00:00+00:00,1.4557986870774735,1.4427448798981146,1.3066413423749272,1.3550999419424399,1.3066413423749272
2021-10-25 00:00:00+00:00,1.4557986870774735,1.4427448798981146,1.349765017248311,1.4013900638633157,1.349765017248311
2021-10-26 00:00:00+00:00,1.4888213300016835,1.4737403246160345,1.3191475915068018,1.3712830720743134,1.3191475915068018
2021-10-27 00:00:00+00:00,1.5659293032307338,1.5485506364692438,1.2508272396141018,1.3016737165132286,1.2508272396141018
2021-10-28 00:00:00+00:00,1.4207185450894144,1.4043388810884305,1.3668181540145423,1.4228945840590528,1.3668181540145423
2021-10-29 00:00:00+00:00,1.4631593166216146,1.4477464217197007,1.407648772578013,1.4668756738823918,1.407648772578013
2021-10-30 00:00:00+00:00,1.4631593166216146,1.4477464217197007,1.3756781702645915,1.434791407481131,1.3756781702645915
2021-10-31 00:00:00+00:00,1.4631593166216146,1.4477464217197007,1.3636142886035278,1.4228614083105247,1.3636142886035278
2021-11-01 00:00:00+00:00,1.4737659660287776,1.4591761941625945,1.3734993219840426,1.4340947167620468,1.3734993219840426
2021-11-02 00:00:00+00:00,1.3830568461962043,1.3676434978951681,1.4580371098415863,1.5240540764701003,1.4580371098415863
2021-11-03 00:00:00+00:00,1.3830568461962043,1.3676434978951681,1.4609020717315306,1.528270714107987,1.4609020717315306
2021-11-04 00:00:00+00:00,1.3830568461962043,1.3676434978951681,1.4367461437663853,1.5046429460064692,1.4367461437663853
2021-11-05 00:00:00+00:00,1.4017380874194083,1.385157556143503,1.4173397098500744,1.4853744712615078,1.4173397098500744
2021-11-06 00:00:00+00:00,1.3892373427376088,1.371511064671767,1.4299795902950938,1.5000082939371318,1.4299795902950938
2021-11-07 00:00:00+00:00,1.3892373427376088,1.371511064671767,1.4589994077255428,1.5315584307870944,1.4589994077255428
2021-11-08 00:00:00+00:00,1.330723885415682,1.3127468734896863,1.5204511819835207,1.5971800613751346,1.5204511819835207
2021-11-09 00:00:00+00:00,1.3530479968735554,1.3343755800524688,1.4949442214300528,1.5708650576428627,1.4949442214300528
2021-11-10 00:00:00+00:00,1.3833542710322542,1.3633374295981886,1.461459681686223,1.5367703408808158,1.461459681686223
2021-11-11 00:00:00+00:00,1.3573759379054238,1.3371491167873173,1.4889047745718986,1.5662901219208754,1.4889047745718986
2021-11-12 00:00:00+00:00,1.3573759379054238,1.3371491167873173,1.47104987691767,1.5479771087335152,1.47104987691767
2021-11-13 00:00:00+00:00,1.3573759379054238,1.3371491167873173,1.463808173217132,1.5408210997760632,1.463808173217132
2021-11-14 00:00:00+00:00,1.3621611982255244,1.341461925226148,1.458647699267414,1.5358513726465948,1.458647699267414
2021-11-15 00:00:00+00:00,1.3813142231342945,1.35955211928674,1.4381380005962268,1.5151397528406731,1.4381380005962268
2021-11-16 00:00:00+00:00,1.4899629062833273,1.4660030012282608,1.3250197851066206,1.3965065936800196,1.3250197851066206
2021-11-17 00:00:00+00:00,1.5173264912070437,1.4933663567039566,1.3493541435409606,1.4225727792983325,1.3493541435409606
2021-11-18 00:00:00+00:00,1.6204951657722777,1.59445788265445,1.2576065339691513,1.3262735340466116,1.2576065339691513
2021-11-19 00:00:00+00:00,1.6204951657722777,1.59445788265445,1.3502571289551593,1.424380857593099,1.3502571289551593
2021-11-20 00:00:00+00:00,1.5760250137343368,1.5502239167895555,1.3873113214533723,1.463896491664593,1.3873113214533723
2021-11-21 00:00:00+00:00,1.5207910918846002,1.496359296349634,1.3386911254268852,1.4130314340217296,1.3386911254268852
2021-11-22 00:00:00+00:00,1.5207910918846002,1.496359296349634,1.2840218664911502,1.355750186613585,1.2840218664911502
2021-11-25 00:00:00+00:00,1.6841758463477756,1.6579442915622764,1.4219695428692574,1.5021514472920288,1.4219695428692574
2021-11-26 00:00:00+00:00,1.501892526152772,1.479548656792398,1.2680655844123827,1.3405192004644597,1.2680655844123827
2021-11-27 00:00:00+00:00,1.4820225362777628,1.4595304109942264,1.2848420513594982,1.3586563821846223,1.2848420513594982
2021-11-28 00:00:00+00:00,1.409631333500312,1.3878000044529197,1.3476017322686482,1.4254292112465783,1.3476017322686482
2021-11-29 00:00:00+00:00,1.409631333500312,1.3878000044529197,1.3937735484863631,1.4746951978104,1.3937735484863631
2021-11-30 00:00:00+00:00,1.4681931202498688,1.4459988748563006,1.4516765387107313,1.5365381106411207,1.4516765387107313
2021-12-01 00:00:00+00:00,1.453443407149041,1.4319963034406489,1.4370927539443634,1.5216587874263907,1.4370927539443634
2021-12-02 00:00:00+00:00,1.430083918698946,1.4094111079845006,1.4139960503352933,1.4976594509413612,1.4139960503352933
2021-12-03 00:00:00+00:00,1.334372673822936,1.3155423650228542,1.319361518432804,1.3979132454175993,1.319361518432804
2021-12-04 00:00:00+00:00,1.3030246990407635,1.2849864750685658,1.2883661957468955,1.3654441403334159,1.2883661957468955
2021-12-05 00:00:00+00:00,1.3285119921465274,1.3105064346564224,1.3135667670658677,1.3925619971800607,1.3135667670658677
2021-12-06 00:00:00+00:00,1.3748507735721658,1.356610330329762,1.3593842558554865,1.4415526250311017,1.3593842558554865
2021-12-07 00:00:00+00:00,1.3620186396563094,1.3443155418716046,1.3466964782802364,1.4284880152608437,1.3466964782802364
2021-12-08 00:00:00+00:00,1.402576687111193,1.3847497230096437,1.3867982640290695,1.4714539271792313,1.3867982640290695
2021-12-09 00:00:00+00:00,1.5078366150568627,1.488256356263401,1.2827224678973552,1.3614663680849293,1.2827224678973552
2021-12-10 00:00:00+00:00,1.4311815041078466,1.4128788808383441,1.2175116671304835,1.2925105747698424,1.2175116671304835
2021-12-11 00:00:00+00:00,1.501985166644178,1.4831828374700569,1.277744617993896,1.3568250808658862,1.277744617993896
2021-12-12 00:00:00+00:00,1.5159271220148351,1.4973952178496959,1.289605093606295,1.3698266567139412,1.289605093606295
2021-12-13 00:00:00+00:00,1.3879019094814165,1.3710577094839176,1.1806935477968326,1.2542523015675533,1.1806935477968326
2021-12-14 00:00:00+00:00,1.4156086992259473,1.3986302351349498,1.2042638215013728,1.2794758231732595,1.2042638215013728
2021-12-15 00:00:00+00:00,1.4156086992259473,1.3986302351349498,1.2545972448749134,1.3333366509081854,1.2545972448749134
2021-12-16 00:00:00+00:00,1.3940263464950482,1.3776316936065527,1.235469670786883,1.3133184042464952,1.235469670786883
2021-12-17 00:00:00+00:00,1.36376736060203,1.3481418624975643,1.2086523445336272,1.2852052749440153,1.2086523445336272
2021-12-18 00:00:00+00:00,1.3928896953074512,1.3772732498250768,1.23446230240244,1.3129766940366585,1.23446230240244
2021-12-19 00:00:00+00:00,1.4055928941209952,1.3894986187991005,1.2232039665068744,1.3013220535788335,1.2232039665068744
2021-12-20 00:00:00+00:00,1.398500178656973,1.382070266535826,1.229376335281065,1.3082790080451185,1.229376335281065
2021-12-21 00:00:00+00:00,1.3737760326180883,1.357221964554482,1.251110533470033,1.3318006137513474,1.251110533470033
2021-12-22 00:00:00+00:00,1.3737760326180883,1.357221964554482,1.239590337921058,1.3199369660777966,1.239590337921058
2021-12-23 00:00:00+00:00,1.3282842410653883,1.3119609920923998,1.280638648507739,1.3639545492245166,1.280638648507739
2021-12-24 00:00:00+00:00,1.3064654641133968,1.2908039337955772,1.2596025116900058,1.3419590279505678,1.2596025116900058
2021-12-25 00:00:00+00:00,1.3218576943706328,1.3063988876261308,1.2744426222211194,1.3581720162561164,1.2744426222211194
2021-12-26 00:00:00+00:00,1.3112482189987429,1.2963054071747206,1.2642137090249983,1.3476785269967648,1.2642137090249983
2021-12-27 00:00:00+00:00,1.3112482189987429,1.2963054071747206,1.2560915156219137,1.3394244007630418,1.2560915156219137
2021-12-28 00:00:00+00:00,1.3112482189987429,1.2963054071747206,1.1795457222370607,1.2580210666003147,1.1795457222370607
2021-12-29 00:00:00+00:00,1.2544048095167186,1.2404328558893438,1.1284116962605835,1.2037986232064357,1.1284116962605835
2021-12-30 00:00:00+00:00,1.2817672516422138,1.2677196097048038,1.1530258395566042,1.2302795056813465,1.1530258395566042
2021-12-31 00:00:00+00:00,1.27035731942336,1.2566606459622565,1.1427619272440745,1.2195471510325948,1.1427619272440745
2022-01-01 00:00:00+00:00,1.3000554558340993,1.2864155827211847,1.169477166398755,1.248423322551215,1.169477166398755
2022-01-02 00:00:00+00:00,1.278405599259536,1.264827528305671,1.1889524993979275,1.2693738077465373,1.1889524993979275
2022-01-03 00:00:00+00:00,1.257394844610817,1.24428595254038,1.1694119175447972,1.248758397611346,1.1694119175447972
2022-01-04 00:00:00+00:00,1.2505799250315732,1.2371687956973367,1.1757499808884113,1.2559011362693868,1.1757499808884113
2022-01-05 00:00:00+00:00,1.332846016595747,1.3181815209629255,1.0984063792134526,1.1736617732437586,1.0984063792134526
2022-01-06 00:00:00+00:00,1.2824336285381888,1.2685835770230958,1.0568612285026178,1.1295015343783692,1.0568612285026178
2022-01-07 00:00:00+00:00,1.20379603129543,1.1910735154322056,0.9920555139774849,1.0604893422907853,0.9920555139774849
2022-01-08 00:00:00+00:00,1.1595434749562181,1.147645971549799,0.9555867174516552,1.021823007381604,0.9555867174516552
2022-01-09 00:00:00+00:00,1.1857896849203569,1.1737174022272079,0.9772163761637835,1.0450360786265238,0.9772163761637835
2022-01-10 00:00:00+00:00,1.160161450559213,1.1481229106846722,0.9560959948445994,1.0222476569627599,0.9560959948445994
2022-01-11 00:00:00+00:00,1.218509004435902,1.2060821938327493,1.004180563198075,1.0738525337977936,1.004180563198075
2022-01-12 00:00:00+00:00,1.2688302211910196,1.2556652334246141,1.0456505790929183,1.1179995023637717,1.0456505790929183
2022-01-13 00:00:00+00:00,1.219965945450659,1.2073863242796683,1.005381237007968,1.0750136849962675,1.005381237007968
2022-01-14 00:00:00+00:00,1.244300002777108,1.2316953158102406,1.025435079287353,1.0966575433358212,1.025435079287353
2022-01-15 00:00:00+00:00,1.2508762745723199,1.238569946309,1.0308546242320509,1.1027784689392053,1.0308546242320509
2022-01-16 00:00:00+00:00,1.2586867749852395,1.2465586768181274,1.0372913043673244,1.1098913494235711,1.0372913043673244
2022-01-17 00:00:00+00:00,1.207175429323311,1.1955559980826163,0.9948404961175876,1.0644803848386828,0.9948404961175876
2022-01-18 00:00:00+00:00,1.1883754318585944,1.177190115303004,0.9793473056909964,1.0481280583893173,0.9793473056909964
2022-01-19 00:00:00+00:00,1.1593790278022962,1.148681823733352,0.9554511955679101,1.0227452931906775,0.9554511955679101
2022-01-20 00:00:00+00:00,1.1278580546665071,1.1177962886633162,0.9294745729571471,0.9952459152359625,0.9294745729571471
2022-01-21 00:00:00+00:00,0.9650429632578337,0.9564529958574738,0.7952976816968345,0.8515916065356224,0.7952976816968345
2022-01-22 00:00:00+00:00,0.9061572957452235,0.8983446692297491,0.7467696506754453,0.7998540267064775,0.7467696506754453
2022-01-23 00:00:00+00:00,0.954136548543161,0.945833647932561,0.7863096400567795,0.8421365182051919,0.7863096400567795
2022-01-24 00:00:00+00:00,0.9163648640062445,0.9084684475848327,0.7551817687705267,0.8088678775814879,0.7551817687705267
2022-01-25 00:00:00+00:00,0.9235994122503812,0.9156374389558966,0.7611438032764958,0.8152508915982416,0.7611438032764958
2022-01-26 00:00:00+00:00,0.925489098397271,0.9172172998401643,0.7627011049397115,0.8166575433358215,0.7627011049397115
2022-01-27 00:00:00+00:00,0.9110130055477447,0.9026855605744941,0.7746309396948307,0.8295960852616736,0.7507712701845924
2022-01-28 00:00:00+00:00,0.9565661724341336,0.9476706088192214,0.7358972528468994,0.7882534278080835,0.7883119076463619
2022-01-29 00:00:00+00:00,0.9777757996264664,0.9687602611893991,0.7195804450456917,0.7707114774538496,0.8057908883528507
2022-01-30 00:00:00+00:00,0.9779744331892072,0.9689502916259499,0.7194342634491205,0.7705602959444682,0.8059545834607054
2022-01-31 00:00:00+00:00,1.00996528740055,1.0005810440942253,0.6959006046380288,0.7454058559349598,0.832318437878019
2022-02-01 00:00:00+00:00,1.0481795967658107,1.0382294270532848,0.6695696392822238,0.7173588273711026,0.8638110789343711
2022-02-02 00:00:00+00:00,1.007470726928488,0.9978460962426864,0.6955741745514341,0.7452614643805845,0.8302626556633224
2022-02-03 00:00:00+00:00,1.014150681715562,1.0039457006472765,0.6909622251291162,0.7407058519190797,0.8357676463821453
2022-02-04 00:00:00+00:00,1.1265066088479965,1.115460032119835,0.6144117649089992,0.6584311653087246,0.9283608383698577
2022-02-05 00:00:00+00:00,1.1330117502633221,1.1221446321820432,0.6108637738128261,0.6544853950598182,0.9337217643427839
2022-02-06 00:00:00+00:00,1.1487250317281443,1.138043845373483,0.6023919513340622,0.6452122563499664,0.9466711736402061
2022-02-07 00:00:00+00:00,1.1803245729021465,1.1694510326222867,0.585821136958727,0.6274059985042889,0.9727125446414818
2022-02-08 00:00:00+00:00,1.1713262944815899,1.160761797758814,0.5902871811435402,0.6320677397176263,0.9652970095413937
2022-02-09 00:00:00+00:00,1.2187255402829265,1.207930332980383,0.5664004406817086,0.6063831337107329,1.004359011685551
2022-02-10 00:00:00+00:00,1.2829306709361443,1.2716166118339305,0.5962396563984539,0.6383537567600813,0.951447179253585
2022-02-11 00:00:00+00:00,1.22249085910346,1.2116321179102392,0.6243289471577209,0.6684660773189616,0.9066237996387975
2022-02-12 00:00:00+00:00,1.2183179807858553,1.2078597947040757,0.6264600458953901,0.6705472949251378,0.9035291091815522
2022-02-13 00:00:00+00:00,1.198789100444236,1.1885592475427944,0.6365018112374767,0.681262056478024,0.8890460988864936
2022-02-14 00:00:00+00:00,1.222936659910977,1.2128039812113856,0.6236805690925076,0.6673653852334283,0.9069544144806044
2022-02-15 00:00:00+00:00,1.329268525329226,1.31833793207009,0.5694528069273362,0.6092935889158752,0.9858122637072837
2022-02-16 00:00:00+00:00,1.3030127783286065,1.2926935878156776,0.5807006538014461,0.6211455838908134,0.9663404738523363
2022-02-17 00:00:00+00:00,1.206381882746717,1.1970397282521497,0.6237651771699738,0.667107730690345,0.8946770588970689
2022-02-18 00:00:00+00:00,1.1596155542504578,1.150521310142337,0.6479459176115002,0.6930323475665569,0.8599942094338596
2022-02-19 00:00:00+00:00,1.152445703105679,1.1436599055840355,0.6519521382611918,0.6971654090463616,0.8546769036729878
2022-02-20 00:00:00+00:00,1.0934786992950414,1.0852033888975279,0.6853104683912801,0.7328000073812246,0.8109457880985758
2022-02-21 00:00:00+00:00,1.0710141278481549,1.0629090001576997,0.6993895775594791,0.7478546306898591,0.7942856102569436
2022-02-22 00:00:00+00:00,1.0996403470890266,1.0913525655837548,0.68069619260645,0.727841955932143,0.8155153899842829
2022-02-23 00:00:00+00:00,1.0756109361786859,1.0675219178873,0.6955708091668048,0.7437350282329716,0.7976946957350088
2022-02-24 00:00:00+00:00,1.0830077948306662,1.0747477181010818,0.6907874448621157,0.7387008639353069,0.803180354827272
2022-02-25 00:00:00+00:00,1.1539899012646602,1.1455108698794858,0.6455121031992831,0.6900635879745349,0.8558221120742329
2022-02-26 00:00:00+00:00,1.1585619148438515,1.150392943490975,0.6429546370567066,0.6871225934177094,0.8592128092661993
2022-02-27 00:00:00+00:00,1.0906993262622928,1.0832447622493224,0.6806156074823272,0.727229786963276,0.808884549177401
2022-02-28 00:00:00+00:00,1.217695506980189,1.209172447235749,0.6013677519037861,0.6426890010606532,0.9030674700922561
2022-03-01 00:00:00+00:00,1.2404781307935826,1.2321583595490455,0.5901163880064951,0.6304717254711607,0.9199635219634238
2022-03-02 00:00:00+00:00,1.228374928982941,1.2205059802931246,0.5958740854285692,0.6364340237410143,0.9109875441623249
2022-03-03 00:00:00+00:00,1.1802878886248966,1.1730931364834971,0.6192006940382394,0.6611574969971785,0.8753252282291266
2022-03-04 00:00:00+00:00,1.0913091999263793,1.0850087684906242,0.6658805475957678,0.71080201238606,0.8093368437483717
2022-03-05 00:00:00+00:00,1.1092365516486453,1.1029386910841341,0.6549418743191475,0.6990559090996115,0.8226321282201277
2022-03-06 00:00:00+00:00,1.061638610555533,1.0556583547855902,0.6830457848032745,0.7290227592435898,0.7873325381352836
2022-03-07 00:00:00+00:00,1.061638610555533,1.0556583547855902,0.699058503535508,0.7460289150751153,0.7688750133801503
2022-03-08 00:00:00+00:00,1.0252508256286046,1.0193702313324,0.6750981932895573,0.7203842647512956,0.7952282924945245
2022-03-09 00:00:00+00:00,0.9654573906884367,0.9596524376296744,0.6357259354092143,0.6781819739772388,0.8416066322931767
2022-03-10 00:00:00+00:00,1.0083929913828045,1.0022184757252213,0.6639977940919884,0.708263197770439,0.8041788942548311
2022-03-11 00:00:00+00:00,0.9891666368238363,0.9831583839663687,0.6766577958221462,0.721732877152626,0.7888461532680259
2022-03-12 00:00:00+00:00,0.9891666368238363,0.9831583839663687,0.6736910408377309,0.7184149091232729,0.7923047896298538
2022-03-13 00:00:00+00:00,1.009897291176603,1.0036705253214955,0.6878100533359758,0.7334035705718145,0.7756999061608786
2022-03-14 00:00:00+00:00,0.9799115509224843,0.973772835264605,0.667387685849996,0.7115566874698631,0.798731887833178
2022-03-15 00:00:00+00:00,0.9905870874513962,0.984428459307868,0.6601169055305575,0.7037703945352403,0.8074335828354898
2022-03-16 00:00:00+00:00,0.9319796881249445,0.9259447677269654,0.6210615457599111,0.6619602555570282,0.8552048318435677
2022-03-17 00:00:00+00:00,0.944459111869104,0.9386211659204446,0.6127453879085164,0.6528978664381856,0.8666562224914697
2022-03-18 00:00:00+00:00,0.944459111869104,0.9386211659204446,0.5851245485633007,0.6233323995361412,0.9057226483860411
2022-03-19 00:00:00+00:00,0.9408913457435378,0.9347938667299261,0.5829141960796764,0.6207907142697225,0.909144084574713
2022-03-20 00:00:00+00:00,0.96972886812503,0.9631640683869873,0.600780022194437,0.639631186353983,0.8812795888435866
2022-03-21 00:00:00+00:00,0.9791370349005724,0.9727974936620476,0.5949513428284737,0.633233689354683,0.8898296337275271
2022-03-22 00:00:00+00:00,0.9525179622636024,0.9460589301845035,0.578776841767116,0.6158284644139908,0.9140207722611918
2022-03-23 00:00:00+00:00,0.9311421351515813,0.9246868818170934,0.5657882849144404,0.6019165237223925,0.9345326689168942
2022-03-24 00:00:00+00:00,0.9085080011108464,0.9020414887930014,0.5520351451992602,0.5871757108965381,0.95724921980122
2022-03-25 00:00:00+00:00,0.9112695444946115,0.9045127638170428,0.5537131370286847,0.588784364918654,0.9543395203309633
2022-03-26 00:00:00+00:00,0.8991270089973744,0.8922343232063781,0.5463349891883702,0.5807918255689231,0.9670559570560178
2022-03-27 00:00:00+00:00,0.8558413064893213,0.849221604987755,0.5200333726479898,0.5527930874716245,1.0136118896961077
2022-03-28 00:00:00+00:00,0.8460695512762677,0.8392706651822379,0.5140957779308338,0.5463156136225985,1.025185025033289
2022-03-29 00:00:00+00:00,0.8297153455297641,0.8228106259187302,0.5041585001822054,0.5356011006251227,1.04500146542207
2022-03-30 00:00:00+00:00,0.8333573296547129,0.8261754590167798,0.5063714726962297,0.5377914081563641,1.0404144962065192
2022-03-31 00:00:00+00:00,0.859129228190735,0.8514774027810023,0.5220312068240504,0.5542614785482491,1.0082392745129023
2022-04-01 00:00:00+00:00,0.8141190674293597,0.8066126813208964,0.4946817606981309,0.5250571957687925,1.0610613766398749
2022-04-02 00:00:00+00:00,0.8170170683368331,0.8092419781141018,0.49644266797664527,0.5267687126257102,1.057284340877653
2022-04-03 00:00:00+00:00,0.7988268654214566,0.7909821084978336,0.48538978644415925,0.5148826164139307,1.0808238940218302
2022-04-04 00:00:00+00:00,0.7994181676534061,0.7913865006731866,0.485749078396538,0.5151458518260421,1.080023853852247
2022-04-05 00:00:00+00:00,0.8255215220544793,0.8170062150651347,0.501610214478295,0.5318227721206811,1.0447578984868933
2022-04-06 00:00:00+00:00,0.8832940081735443,0.8741743836626897,0.536714410285338,0.5690358720212618,0.9716425894663558
2022-04-07 00:00:00+00:00,0.8670440201207003,0.858061625979999,0.5268404581536346,0.5585474188133089,0.9895179291883035
2022-04-08 00:00:00+00:00,0.8761274059777977,0.8670781704831888,0.5323597801897559,0.5644166565304952,0.9791514737895544
2022-04-09 00:00:00+00:00,0.8581965015417854,0.8490723450857216,0.5214644557437575,0.5526959280946184,0.9991908783157792
2022-04-10 00:00:00+00:00,0.8428804876680612,0.8341397566982129,0.5307708987605688,0.5624161608232628,0.9813585737942745
2022-04-11 00:00:00+00:00,0.9014404042260389,0.8918865704048379,0.5676467073687546,0.6013517720369199,0.9131777616439752
2022-04-12 00:00:00+00:00,0.9160596008685316,0.9061420718558028,0.5584408421783515,0.5917400441073005,0.9279873100117195
2022-04-13 00:00:00+00:00,0.8886254377988648,0.8791491406269754,0.5417166496535885,0.5741127880598919,0.9557786842468731
2022-04-14 00:00:00+00:00,0.9161815825323194,0.9064084200823763,0.5585152036532942,0.5919139781031229,0.9261401271721443
2022-04-15 00:00:00+00:00,0.9222069511173157,0.9122223861786984,0.5548420672068773,0.5881172704331765,0.9322309892173554
2022-04-16 00:00:00+00:00,0.9280825425412133,0.9178652649918556,0.5513070414865132,0.5844792600803709,0.9381704460808075
2022-04-17 00:00:00+00:00,0.9280825425412133,0.9178652649918556,0.5642745477817233,0.5982331073968706,0.9161033759183626
2022-04-18 00:00:00+00:00,0.9494263274652485,0.938764472088501,0.5512975182246507,0.584611720816055,0.9371716672906418
2022-04-19 00:00:00+00:00,0.9637114337409523,0.9530272049798726,0.5430026738438378,0.5757296624648113,0.9512723894620685
2022-04-20 00:00:00+00:00,0.9553434302583148,0.9449091279182106,0.5477176207737173,0.5806338433131143,0.9430123954542614
2022-04-21 00:00:00+00:00,0.9267587807669849,0.9164144007839402,0.5641057757703016,0.5981434666634371,0.9147967005153734
2022-04-22 00:00:00+00:00,0.9205465370701207,0.9099808016585866,0.5678870860989651,0.6023426753191172,0.9086646409604743
2022-04-23 00:00:00+00:00,0.9113240382587096,0.9007284684682788,0.5735764649251921,0.608467062906895,0.8995611809682166
2022-04-24 00:00:00+00:00,0.9079378502899124,0.8972519273260069,0.5757076911884936,0.6108155628732728,0.8962187000061081
2022-04-25 00:00:00+00:00,0.9353445227527089,0.9240375856051904,0.5583295940845149,0.5925808882624419,0.9232716225803325
2022-04-26 00:00:00+00:00,0.8734319417697357,0.8631043627375918,0.5952866995874325,0.6316570729264309,0.8621581743141703
2022-04-27 00:00:00+00:00,0.8985468243528476,0.887599991705553,0.5781696755258507,0.6137301130344457,0.8869488881413947
2022-04-28 00:00:00+00:00,0.9134044286211266,0.9022992134052379,0.5686095546661847,0.6035663511151479,0.9016147188238256
2022-04-29 00:00:00+00:00,0.8758333445665283,0.8654066875082033,0.5919981837369469,0.6282445143101032,0.8645285811564946
2022-04-30 00:00:00+00:00,0.8479249665384415,0.8376589095318216,0.6108621710539044,0.6483880948365608,0.8369804287497804
2022-05-01 00:00:00+00:00,0.8787408590299122,0.8678688532508733,0.5886617833625837,0.6250041522434312,0.8673985670611364
2022-05-02 00:00:00+00:00,0.8886585149192509,0.8776375957355238,0.5820180215042362,0.6179690978199047,0.8771882114353773
2022-05-03 00:00:00+00:00,0.8653357807446479,0.8548141492444821,0.5972930133852347,0.6340397227632101,0.8541665139746134
2022-05-04 00:00:00+00:00,0.9145122763926524,0.9036424923434987,0.56334922193812,0.597822365868907,0.9027082671204237
2022-05-05 00:00:00+00:00,0.8540773894922015,0.8441970200619827,0.6005777506218284,0.6371496807978086,0.843053439694027
2022-05-06 00:00:00+00:00,0.8540773894922015,0.8441970200619827,0.6124975068172842,0.649858478051676,0.826321232331219
2022-05-07 00:00:00+00:00,0.8358660660613215,0.8263915352634367,0.6255576701402931,0.6635650476997255,0.8087017479555301
2022-05-08 00:00:00+00:00,0.8728899888461671,0.8627489740136122,0.6532661749081407,0.692758867516393,0.7728810437925278
2022-05-09 00:00:00+00:00,0.7716475919125466,0.7629346479160907,0.7290354404839585,0.7729064673304498,0.6832382131747234
2022-05-10 00:00:00+00:00,0.8107247976666565,0.801768455797969,0.6921161677376781,0.733565088163891,0.7178382566597616
2022-05-11 00:00:00+00:00,0.8998962697355027,0.8897524791592046,0.7682418983153597,0.8140646480895337,0.6388833582307089
2022-05-12 00:00:00+00:00,0.8474069302941121,0.836725454949964,0.8130520738099479,0.8625808667157777,0.6016184349485135
2022-05-13 00:00:00+00:00,0.8687051481819131,0.8575221244284834,0.7926173102942393,0.8411415653565816,0.6167391521090448
2022-05-14 00:00:00+00:00,0.8886387430191405,0.8773795068437152,0.7744296520796599,0.8216635026304865,0.6308910520996529
2022-05-15 00:00:00+00:00,0.9269390956754435,0.9154078244469124,0.7410517141772718,0.7860500874580788,0.6580824726549036
2022-05-16 00:00:00+00:00,0.8743674323972771,0.8636701852063666,0.7830807119519826,0.830476598531957,0.6207591033816863
2022-05-17 00:00:00+00:00,0.9034401133196867,0.8923227101232921,0.7570433107044836,0.8029252810962686,0.6413993178654491
2022-05-18 00:00:00+00:00,0.8274622881746676,0.8172651347933042,0.8207094059330429,0.8704632066545097,0.5874586919153243
2022-05-19 00:00:00+00:00,0.8729729534583678,0.8622057512849682,0.7755701511266427,0.8225972798273997,0.6197690899574344
2022-05-20 00:00:00+00:00,0.846470653143361,0.8362600809049718,0.7991154316294181,0.8473510440490782,0.6009537229028883
2022-05-21 00:00:00+00:00,0.8530021866367433,0.8427710480482159,0.7929493003082863,0.8407537247071976,0.6055907996338263
2022-05-22 00:00:00+00:00,0.8825180953889645,0.872098151856048,0.765511364556541,0.8114968205712373,0.6265456847011829
2022-05-23 00:00:00+00:00,0.8519320776982654,0.8421348945371712,0.7920422020102911,0.8393779575699545,0.6048310734128383
2022-05-24 00:00:00+00:00,0.8547139600153434,0.84474355088112,0.7894558829200357,0.836777841308071,0.606806076951257
2022-05-25 00:00:00+00:00,0.8387696086417563,0.8291343076839394,0.8041828706376534,0.8522398934461022,0.595486349230459
2022-05-26 00:00:00+00:00,0.9039705532494842,0.8935950171453819,0.8666952486049909,0.9184969372733384,0.5491967935875145
2022-05-27 00:00:00+00:00,0.9039705532494842,0.8935950171453819,0.8980247373461441,0.9515593807669969,0.5293443081965172
2022-05-28 00:00:00+00:00,0.9379257640376782,0.9273348214763932,0.8642928650633692,0.9156309940812938,0.5492276965433309
2022-05-29 00:00:00+00:00,0.9486393680235337,0.9380535106571762,0.8544203444022166,0.9050475847208823,0.5555013359553649
2022-05-30 00:00:00+00:00,1.0455166702888863,1.034019679073438,0.7671649122997333,0.8124580384388079,0.6122304499328696
2022-05-31 00:00:00+00:00,1.015821317115016,1.0049379241208454,0.7889543621102724,0.835308382645326,0.5948415359622004
2022-06-01 00:00:00+00:00,1.015821317115016,1.0049379241208454,0.8398110962288936,0.888902547651895,0.5564974956856177
2022-06-02 00:00:00+00:00,1.0249196299703602,1.0139359649691455,0.8322892378428336,0.8809434675515723,0.5614818253444429
2022-06-03 00:00:00+00:00,1.0582102106707292,1.046687285131182,0.8593229595398769,0.9093989741587515,0.5432442431264497
2022-06-04 00:00:00+00:00,1.0408222297282967,1.029247905062711,0.8452029944391779,0.8942470232661366,0.552170560838487
2022-06-05 00:00:00+00:00,1.0416405591228237,1.0302065605453028,0.844538467457589,0.8934141094390318,0.5526046958788624
2022-06-06 00:00:00+00:00,1.0416405591228237,1.0302065605453028,0.8196588931232088,0.8668302655277081,0.5688840841345977
2022-06-07 00:00:00+00:00,1.0155028620552355,1.0044390669245076,0.840226444626052,0.8885113964704919,0.5546091792958266
2022-06-08 00:00:00+00:00,1.0278731200570612,1.0164029419196252,0.8504615885024025,0.899094456836372,0.5478532567923832
2022-06-09 00:00:00+00:00,1.0258958521757533,1.0147061184356108,0.8520975787335103,0.9005954408711346,0.5467993790061197
2022-06-10 00:00:00+00:00,1.0983291244614046,1.0862564545107112,0.9122598416020563,0.9640994498559015,0.5081926644734733
2022-06-11 00:00:00+00:00,1.0130295261953173,1.0014448551621689,0.9831087304003923,1.0393734019081904,0.46872486820373777
2022-06-12 00:00:00+00:00,0.9485718247813997,0.9374962817939398,1.0456626119635108,1.1057439523247168,0.4389005375019205
2022-06-13 00:00:00+00:00,0.7996045341319381,0.7902328612543278,1.2098774053699468,1.2794359869733603,0.3699739446724098
2022-06-14 00:00:00+00:00,0.7992253186462716,0.7897622666833433,1.2104511943222223,1.2801979087547908,0.3697984831247021
2022-06-15 00:00:00+00:00,0.8180397865242657,0.8081742792731125,1.181956107164536,1.2503521931416894,0.3785038650986683
2022-06-16 00:00:00+00:00,0.7064605995461318,0.6978982848057415,1.3431728397168798,1.4209636999285344,0.3268766041371528
2022-06-17 00:00:00+00:00,0.7187486479379303,0.7098069418659328,1.3198099333303184,1.3967169439673275,0.3325622368990713
2022-06-18 00:00:00+00:00,0.6582423907958272,0.6497407737083262,1.4309151986186677,1.514911666893503,0.304566224274494
2022-06-19 00:00:00+00:00,0.7470060610489204,0.7371863954472401,1.2379569713359104,1.3110266746758148,0.34563683333849804
2022-06-20 00:00:00+00:00,0.7468514226091929,0.7371537152686994,1.238213241993512,1.3110847937432102,0.3455652827267871
2022-06-21 00:00:00+00:00,0.7451688082205257,0.7356112108415837,1.2410028670168372,1.3138282569541853,0.344786743516259
2022-06-22 00:00:00+00:00,0.6949233121868731,0.6858915872099283,1.3246816307339475,1.4026293049665755,0.3215383456194494
2022-06-23 00:00:00+00:00,0.7575226658091639,0.7475329399731914,1.205353048162281,1.2765744452835206,0.35050282594061843
2022-06-24 00:00:00+00:00,0.8108129446854624,0.8002852841734137,1.1205587535752644,1.1864883889590738,0.37516003315613394
2022-06-25 00:00:00+00:00,0.8221906230947972,0.8115141935199608,1.1048345878222248,1.169840612442587,0.3804244412261626
2022-06-26 00:00:00+00:00,0.7927599766267738,0.782500731011624,1.1443825895221802,1.211665052508894,0.3668069942217449
2022-06-27 00:00:00+00:00,0.7893879704008933,0.7790300960506132,1.1492502232706419,1.217039165178202,0.36524677990129545
2022-06-28 00:00:00+00:00,0.7572949260610877,0.747395683223321,1.1959736846811635,1.2664600021566608,0.3503974516344985
2022-06-29 00:00:00+00:00,0.7279904618349159,0.7185194774648546,1.2422533662848336,1.3153906561971342,0.33683838866840565
2022-06-30 00:00:00+00:00,0.7093190223483999,0.6999113838038419,1.2741145784455608,1.3494564168327388,0.3281991853814485
2022-07-01 00:00:00+00:00,0.7017580542453272,0.6923230463467167,1.2876959704338826,1.36408702709508,0.324700754500647
2022-07-02 00:00:00+00:00,0.7066527064729489,0.6970878163779349,1.2787144932537429,1.3546989805451735,0.3269654912738304
2022-07-03 00:00:00+00:00,0.7115301367839446,0.7019048746948182,1.2698886007447694,1.3453376578569995,0.3292222595323832
2022-07-04 00:00:00+00:00,0.7620995665888008,0.7517944352548847,1.179635863530282,1.249714579894224,0.35262054034009316
2022-07-05 00:00:00+00:00,0.7498362167362183,0.7397485214448227,1.1986180122249426,1.2697386096164975,0.34694633549734133
2022-07-06 00:00:00+00:00,0.7858069865868992,0.775415668304024,1.1411185054069206,1.2085178675006005,0.36358987245402885
2022-07-07 00:00:00+00:00,0.8190780990709008,0.8084553288085619,1.0928034830171687,1.157024169748503,0.3789842883232546
2022-07-08 00:00:00+00:00,0.8033805304448297,0.7931675412872732,1.113746977525116,1.1789033497523977,0.3717210836533883
2022-07-09 00:00:00+00:00,0.8052450438233011,0.795095671821168,1.1111621549396373,1.1760375245303023,0.3725837868273722
2022-07-10 00:00:00+00:00,0.7728577998230562,0.7632847860297566,1.1558534946900807,1.2230894664602066,0.35759833350844283
2022-07-11 00:00:00+00:00,0.7252143219600703,0.716316833431219,1.2271070686330876,1.298351032177087,0.33555387941837506
2022-07-12 00:00:00+00:00,0.6868329168188995,0.6783620740741764,1.292050757866233,1.36714545203066,0.3177949507780257
2022-07-13 00:00:00+00:00,0.7376780364891116,0.7282385625628266,1.1964023493595994,1.2666262499606138,0.34132079222682515
2022-07-14 00:00:00+00:00,0.789985837395277,0.7797555960142145,1.1115669973518076,1.1770226087307558,0.3655234106617024
2022-07-15 00:00:00+00:00,0.8147516034021421,0.8043114821696147,1.0767197800293606,1.1399560800260389,0.3769824354061543
2022-07-16 00:00:00+00:00,0.8972419250103945,0.8858746717712223,0.9677062345932926,1.0243560221456496,0.4151503901637308
2022-07-17 00:00:00+00:00,0.8858378266178107,0.8746980507103401,0.9800059464177159,1.0372797905474076,0.4098737576689977
2022-07-18 00:00:00+00:00,1.0458863191911298,1.03277207431118,0.8029436560931962,0.8498242566537311,0.4839275800382106
2022-07-19 00:00:00+00:00,1.0199972685426406,1.0074580080136382,0.8228190943688939,0.8706541261954106,0.4719488158074103
2022-07-20 00:00:00+00:00,1.006687293822809,0.994353256418861,0.8335560852244599,0.8819793684963325,0.4657903416612725
2022-07-21 00:00:00+00:00,1.0421507629597855,1.02968052942124,0.8041916632399111,0.8506445026101882,0.4821991525275331
2022-07-22 00:00:00+00:00,1.0421507629597855,1.02968052942124,0.8252852927401578,0.8727071882795476,0.46955125932783165
2022-07-23 00:00:00+00:00,1.0421507629597855,1.02968052942124,0.8182172122332426,0.8650409367901611,0.47357268819885046
2022-07-24 00:00:00+00:00,1.075337527918738,1.0627790902470753,0.7921614981534153,0.837234632557838,0.48865337139059806
2022-07-25 00:00:00+00:00,0.9692484638347868,0.9581022309793571,0.8703133990780404,0.9196968230643733,0.4404445276681705
2022-07-26 00:00:00+00:00,0.9743131263598845,0.9633370716887485,0.8657657069001633,0.9146718202890911,0.4427460045101762
2022-07-27 00:00:00+00:00,1.1001175639927767,1.087842469907796,0.7539770375990097,0.7964561068366879,0.499913880632004
2022-07-28 00:00:00+00:00,1.1001175639927767,1.087842469907796,0.7134627918019618,0.75342035144144,0.5267762820411734
2022-07-29 00:00:00+00:00,1.0985303025624567,1.0865992718559585,0.7144921835764969,0.7542813683065069,0.52601624356687
2022-07-30 00:00:00+00:00,1.0821968178494907,1.0707153657824826,0.7251156020937269,0.7653074519027985,0.5181951773176914
2022-07-31 00:00:00+00:00,1.0698301223610551,1.0586935775147148,0.7334017878384108,0.773900178261775,0.512273553953285
2022-08-01 00:00:00+00:00,1.0388262679802212,1.0282888657697775,0.7546558932870434,0.7961258839231261,0.49742778139748123
2022-08-02 00:00:00+00:00,1.0390205555906245,1.0286170195702624,0.7545147529494308,0.7958718193862333,0.4975208133682494
2022-08-03 00:00:00+00:00,1.030944982751847,1.0206656005585104,0.7603790631525256,0.8020240706081984,0.4936539355230087
2022-08-04 00:00:00+00:00,1.0375925428582211,1.0270835316179958,0.7652820071606943,0.8070671867770931,0.4904708420863658
2022-08-05 00:00:00+00:00,1.1211871914331097,1.1101154898454262,0.7036263207454294,0.7418218908724468,0.5299861007133179
2022-08-06 00:00:00+00:00,1.0903351396104402,1.0799011360780673,0.7229882220205275,0.7620122847983185,0.5154023106295214
2022-08-07 00:00:00+00:00,1.0962855279519739,1.0859082199489043,0.7190425905067948,0.75777349704964,0.5182150640563853
2022-08-08 00:00:00+00:00,1.1457337059231596,1.1350129353356182,0.686610030669336,0.7235070174184532,0.541589258152225
2022-08-09 00:00:00+00:00,1.0980643815200235,1.0876911735658867,0.7151770843583536,0.7536719835180521,0.5190559295902356
2022-08-10 00:00:00+00:00,1.1956501372198072,1.1843157566797748,0.6516187926854485,0.6867198531874316,0.5651847959772864
2022-08-11 00:00:00+00:00,1.2123020631012393,1.2010013907082377,0.642543639761553,0.6770447677334571,0.5730561749358588
2022-08-12 00:00:00+00:00,1.2624539524261784,1.2508793583804532,0.6159621643285,0.6489268843580367,0.5967630139631187
2022-08-13 00:00:00+00:00,1.2462543613828285,1.234647450899681,0.6080582442361101,0.6405061513128266,0.6044205738744491
2022-08-14 00:00:00+00:00,1.2157824143825806,1.204603200594098,0.6229257698116013,0.6560924039862398,0.5896419923395164
2022-08-15 00:00:00+00:00,1.2157824143825806,1.204603200594098,0.6344670953289893,0.6682982221969166,0.5787173356595243
2022-08-16 00:00:00+00:00,1.2011919709190533,1.19014968797952,0.6420812507686097,0.6763168434159698,0.5717722256896688
2022-08-17 00:00:00+00:00,1.1739499326465197,1.1633554896602207,0.6566431213363354,0.6915429681733807,0.5588049055339305
2022-08-18 00:00:00+00:00,1.1816527957510419,1.1711659699185815,0.6523345627415262,0.6869001201800266,0.5624714994573694
2022-08-19 00:00:00+00:00,1.0293716219549385,1.020431949205441,0.7364017889853481,0.7753070749605456,0.48998504618428074
2022-08-20 00:00:00+00:00,1.008001272334928,0.9992656111535391,0.7516899156014003,0.7913889034993563,0.4798126735229394
2022-08-21 00:00:00+00:00,1.0350900864741248,1.0260661542983935,0.7314891589427629,0.7701636634672197,0.49270705837285783
2022-08-22 00:00:00+00:00,1.039383820909451,1.0304123598036552,0.7284548141723294,0.76690140835814,0.4947508932918745
2022-08-23 00:00:00+00:00,1.065140247837613,1.0558995240585984,0.7104033563621813,0.7479321656309897,0.5070110564523564
2022-08-24 00:00:00+00:00,1.0598262290353373,1.0505191119878512,0.7139475814542031,0.7517433078470533,0.5044815620572106
2022-08-25 00:00:00+00:00,1.084527880662577,1.0749149662473125,0.6973074154024116,0.7342858242377744,0.5162396479178007
2022-08-26 00:00:00+00:00,1.2043659519197971,1.1935187903492923,0.7743584320015698,0.8153053555245284,0.45919624238065593
2022-08-27 00:00:00+00:00,1.1912690424406063,1.1798750009092478,0.782779213303305,0.8246255729271065,0.45420270066681273
2022-08-28 00:00:00+00:00,1.140940179454411,1.1294333649643356,0.81585015393152,0.8598796997696948,0.43501349598221306
2022-08-29 00:00:00+00:00,1.2409809111908354,1.2279172937315055,0.7443141980099633,0.7849002156076272,0.47315666004721363
2022-08-30 00:00:00+00:00,1.219493492859772,1.2063865546209533,0.7572018986975129,0.7986629355044277,0.46496401582611346
2022-08-31 00:00:00+00:00,1.2432049046914315,1.2297940076591258,0.7424791255422192,0.7831665217848444,0.4740046161496963
2022-09-01 00:00:00+00:00,1.2692128542665526,1.2554186754641081,0.7269464007397258,0.766848031182569,0.48392083197918234
2022-09-02 00:00:00+00:00,1.2603908805210362,1.2467794564977188,0.7319992191382833,0.7721251297193433,0.4805572221163624
2022-09-03 00:00:00+00:00,1.2463233132986382,1.2324625840034644,0.7401692625598238,0.780991506987745,0.4751935915706256
2022-09-04 00:00:00+00:00,1.2463233132986382,1.2324625840034644,0.7297474300557277,0.7700876028449782,0.4818844773840156
2022-09-05 00:00:00+00:00,1.215517414290607,1.2021769952675763,0.7117099550347654,0.7511640616899931,0.4937954192603576
2022-09-06 00:00:00+00:00,1.215517414290607,1.2021769952675763,0.7373139305808187,0.778429367815581,0.4760309834110969
2022-09-07 00:00:00+00:00,1.2717568028348034,1.257046191665688,0.7031999934759492,0.7429006611169268,0.49805591791255527
2022-09-08 00:00:00+00:00,1.2756351040065919,1.2608034046361438,0.7010555415236418,0.740680189014776,0.4995747702951419
2022-09-09 00:00:00+00:00,1.2756351040065919,1.2608034046361438,0.6651659124857955,0.7029441237742513,0.5251498526111488
2022-09-10 00:00:00+00:00,1.3174405291061084,1.3015973848837334,0.643366932788673,0.6801999841288784,0.542360191806427
2022-09-11 00:00:00+00:00,1.3122551107271598,1.295695214626569,0.6458992115853135,0.6832843911520285,0.5402254734305536
2022-09-12 00:00:00+00:00,1.2765023824304307,1.2590856088150286,0.6634969018744257,0.7025904532064936,0.5255068913403443
2022-09-13 00:00:00+00:00,1.2765023824304307,1.2590856088150286,0.7180927632448477,0.7612673288652142,0.48226554189656223
2022-09-14 00:00:00+00:00,1.334006810764684,1.3099408447102296,0.6857438116018924,0.7305192770109915,0.503990847445361
2022-09-15 00:00:00+00:00,1.207731695745645,1.1790100389230265,0.750655308293567,0.8035359158679105,0.45628381797882844
2022-09-16 00:00:00+00:00,1.1761566156320717,1.1482918424104898,0.7702805293426964,0.8244714239243632,0.44435467994431355
2022-09-17 00:00:00+00:00,1.2041346521178802,1.1758300848120806,0.751957343069858,0.8046990166959423,0.45492484660654897
2022-09-18 00:00:00+00:00,1.0937939366759268,1.0682643322783505,0.8208628521590823,0.8783134414432775,0.4132378700224938
2022-09-19 00:00:00+00:00,1.1279555885244101,1.1014095466639766,0.7952254537145158,0.8510618648111852,0.42614422081944453
2022-09-20 00:00:00+00:00,1.084759124331065,1.0589807886647833,0.8256796029616095,0.8838466704393794,0.4098244970970688
2022-09-21 00:00:00+00:00,1.0210004103979946,0.996591210402424,0.8742104412138937,0.9359182675897207,0.38573630803547426
2022-09-22 00:00:00+00:00,1.0885332514038335,1.0619044240564588,0.816386845717856,0.8745813531801324,0.4112503710029754
2022-09-23 00:00:00+00:00,1.0893865507139593,1.062617310494429,0.8157468814987121,0.873994222011395,0.4115727494488458
2022-09-24 00:00:00+00:00,1.0808451875737004,1.0542629222382165,0.8221427658070393,0.8808656393996286,0.4083458027701178
2022-09-25 00:00:00+00:00,1.0626549351736523,1.0364808110888473,0.8359791455132531,0.8957230818620935,0.4014734834923098
2022-09-26 00:00:00+00:00,1.0626549351736523,1.0364808110888473,0.8093988271216399,0.867162169986708,0.41423850648874355
2022-09-27 00:00:00+00:00,1.0561843625535323,1.030224278351625,0.8143273073988944,0.8723966407525519,0.41171618221435674
2022-09-28 00:00:00+00:00,1.0487155888710287,1.0230517768017573,0.8085688180876719,0.8663229474904315,0.4146276199286484
2022-09-29 00:00:00+00:00,1.050185046346369,1.0242995596232944,0.8097017825507492,0.8673795732803415,0.4140466448177104
2022-09-30 00:00:00+00:00,1.0559008621002997,1.0296865710920955,0.8141087260896908,0.871941308824564,0.41179312355158243
2022-10-01 00:00:00+00:00,1.0692112879197595,1.042458971509248,0.8243711798829735,0.8827570112423897,0.4066021610088544
2022-10-02 00:00:00+00:00,1.0403508320582169,1.0143565970570958,0.8466228417568668,0.9065541761747232,0.3956270395772103
2022-10-03 00:00:00+00:00,1.0403508320582169,1.0143565970570958,0.815674524507607,0.8734241241080227,0.4100891950132871
2022-10-04 00:00:00+00:00,1.0403508320582169,1.0143565970570958,0.7923274505661018,0.848236880825161,0.4218271891162258
2022-10-05 00:00:00+00:00,1.0333869786793115,1.0075580902518069,0.7976310962438856,0.8539220059808683,0.4190035813430387
2022-10-06 00:00:00+00:00,1.0332361616129504,1.0074760907179712,0.7977475060540109,0.8539915019306303,0.41894243010711574
2022-10-07 00:00:00+00:00,1.0170527556858444,0.9917545437307407,0.8102424923867141,0.8673179397964956,0.4123806045938393
2022-10-08 00:00:00+00:00,1.0292540161820318,1.003435750050793,0.8199627155112499,0.8775334914810223,0.4074334048029773
2022-10-09 00:00:00+00:00,1.0354093817352426,1.009442290775879,0.8150589986691265,0.8722805984542981,0.40987002540947687
2022-10-10 00:00:00+00:00,1.0094337354847496,0.9842178726101743,0.8355066443986144,0.8940775558180821,0.399587485018666
2022-10-11 00:00:00+00:00,1.0015476071428266,0.9766772598574615,0.8420339798706082,0.9009275560130964,0.3964657365770309
2022-10-12 00:00:00+00:00,1.0126910526520227,0.9876218334276947,0.8326653191053477,0.8908318280551476,0.4008769041543894
2022-10-13 00:00:00+00:00,1.0069164534738877,0.9817908332828844,0.8374133698112123,0.8960913720856426,0.3985910111022083
2022-10-14 00:00:00+00:00,1.0069164534738877,0.9817908332828844,0.8317431968440847,0.889842876611826,0.4012898932284888
2022-10-15 00:00:00+00:00,0.9903751492624419,0.9657074569890159,0.8454068103418406,0.9044199915550482,0.3946976301087729
2022-10-16 00:00:00+00:00,1.0147706345352248,0.9894914507732572,0.8245822678373521,0.882145420408464,0.4044200471440668
2022-10-17 00:00:00+00:00,0.9953536959679098,0.97045970813711,0.8088044529367187,0.8651783565740571,0.41215834675931284
2022-10-18 00:00:00+00:00,1.0110341223531423,0.9855495244342923,0.8215460529686447,0.8786311381326667,0.40566535975218276
2022-10-19 00:00:00+00:00,1.0110341223531423,0.9855495244342923,0.8376971398891141,0.895721762364206,0.397690229858605
2022-10-20 00:00:00+00:00,1.0110341223531423,0.9855495244342923,0.8391809130651305,0.8972908183533994,0.39698582003394445
2022-10-21 00:00:00+00:00,0.9978709303596751,0.9725748902333481,0.8282551695796193,0.8854780987980997,0.4021543899686846
2022-10-22 00:00:00+00:00,0.9870130241443366,0.9620112361849503,0.8192428648014619,0.875860449404651,0.4065302611535409
2022-10-23 00:00:00+00:00,1.0246496345355236,0.9988231709531816,0.7880036371884092,0.8423451259689078,0.4220320029512519
2022-10-24 00:00:00+00:00,1.0403910655993645,1.0140021418665697,0.8001095361364726,0.8551461227198288,0.4155484329022533
2022-10-25 00:00:00+00:00,0.9501365007834015,0.9260381810373439,0.7306995417825731,0.7809628079748294,0.45159751503267476
2022-10-26 00:00:00+00:00,1.0191528870639588,0.9934666053350535,0.6776227030450741,0.7240978831205767,0.48440083172994575
2022-10-27 00:00:00+00:00,1.0529448652226734,1.0263082143459379,0.7000905897299806,0.7480348120876403,0.46833958858021774
2022-10-28 00:00:00+00:00,1.080745697332679,1.053489753827426,0.6816061452070833,0.728223280333268,0.48070512708335134
2022-10-29 00:00:00+00:00,1.080745697332679,1.053489753827426,0.6532456023091889,0.6977453136067011,0.5007064995383241
2022-10-30 00:00:00+00:00,1.100351885309984,1.0723167133276958,0.6650963606382126,0.7102147493207654,0.4916230067466014
2022-10-31 00:00:00+00:00,1.100351885309984,1.0723167133276958,0.6726826233498922,0.7182018677489933,0.4860154263943248
2022-11-01 00:00:00+00:00,1.1045001271227999,1.076320822148399,0.670146661697817,0.715520049590275,0.4878476670987378
2022-11-02 00:00:00+00:00,1.1471146995093353,1.1176716018265977,0.696002714334868,0.7430093551180481,0.4690251978090894
2022-11-03 00:00:00+00:00,1.1571385978387987,1.1272552641783133,0.6899207938011084,0.7366382969539327,0.4731237076606376
2022-11-04 00:00:00+00:00,1.2429660221066192,1.2110994185881727,0.6387479050984463,0.6818478541175074,0.5082162966248257
2022-11-05 00:00:00+00:00,1.2429660221066192,1.2110994185881727,0.6458386717595835,0.6893046383671729,0.5025745666966491
2022-11-06 00:00:00+00:00,1.1978306080187442,1.1673880922468185,0.6692907978558603,0.7141832069915399,0.48432474266731473
2022-11-07 00:00:00+00:00,1.1977594318571851,1.1674625705673864,0.6693305677111632,0.7141376427390108,0.4842959636597486
2022-11-08 00:00:00+00:00,1.3765407249016297,1.341831214681169,0.7692369271910708,0.8207990600849185,0.41200844389875296
2022-11-09 00:00:00+00:00,1.1385776702850878,1.108454825753083,0.9022151715734235,0.963555554778404,0.34078440666951537
2022-11-10 00:00:00+00:00,1.3434004827456356,1.306418704973182,0.7399124550271085,0.791469881067333,0.4020893333674647
2022-11-11 00:00:00+00:00,1.3338674459731792,1.2967881929554088,0.7451630208358655,0.7973043506537746,0.39923602755878257
2022-11-12 00:00:00+00:00,1.3005994322863832,1.2647669920770865,0.7637481461051724,0.8169919472189932,0.38927867409822386
2022-11-13 00:00:00+00:00,1.2634487248392192,1.2284991077384715,0.7855640743878625,0.840419637562696,0.37815920273922166
2022-11-14 00:00:00+00:00,1.286201366109581,1.2507489113657408,0.7714173526190742,0.8251984853595871,0.38496923033579583
2022-11-15 00:00:00+00:00,1.2965685326565672,1.2607316364667136,0.7651994987257705,0.8186122476597366,0.3880721971274018
2022-11-16 00:00:00+00:00,1.2965685326565672,1.2607316364667136,0.7877130565224701,0.8428084238802649,0.376654408885422
2022-11-17 00:00:00+00:00,1.2965685326565672,1.2607316364667136,0.7979921030758871,0.8539554730635008,0.3717393599708145
2022-11-18 00:00:00+00:00,1.3101737955448143,1.2736994020697803,0.7896185446625515,0.8451717683559877,0.37564012694990273
2022-11-19 00:00:00+00:00,1.3152168892765577,1.2788171507316066,0.7865791613787483,0.8417758519572767,0.37708603311598093
2022-11-20 00:00:00+00:00,1.2337367100052359,1.1996444229734984,0.8353092313792025,0.8938909571716815,0.3537248386015901
2022-11-21 00:00:00+00:00,1.1965432180771756,1.1632632199606805,0.8604913199908033,0.9209996801911052,0.34306108690919956
2022-11-22 00:00:00+00:00,1.2313429578387645,1.1970592768322061,0.8354651666932175,0.8942420581531219,0.35303852555613185
2022-11-23 00:00:00+00:00,1.2797750866076978,1.2440542912381338,0.8026040078441306,0.859135260003156,0.36692450851585884
2022-11-24 00:00:00+00:00,1.3003787182998252,1.2641154456435264,0.7896825519216847,0.8452811659918028,0.3728317788724923
2022-11-25 00:00:00+00:00,1.305206760228506,1.268707758097773,0.7926144827641168,0.8483519260551355,0.37144753024137467
2022-11-26 00:00:00+00:00,1.2981391595841232,1.2620495696213347,0.7883225324005207,0.8438997683521721,0.3734588918770046
2022-11-27 00:00:00+00:00,1.2981391595841232,1.2620495696213347,0.7958020851000408,0.8520106870779101,0.3699155383026846
2022-11-28 00:00:00+00:00,1.2699881934248716,1.2344978279316479,0.8130595550728981,0.8706108902175271,0.3618936866208693
2022-11-29 00:00:00+00:00,1.3225784038685087,1.2858255064038362,0.7793907593109608,0.8344128226013684,0.3768797039997317
2022-11-30 00:00:00+00:00,1.237805641697406,1.2030327870384356,0.7294344714385996,0.7806860095054474,0.401036406861985
2022-12-01 00:00:00+00:00,1.2201372140200977,1.1860009323077947,0.7398464131601409,0.7917385185038708,0.3953120164472734
2022-12-02 00:00:00+00:00,1.2201372140200977,1.1860009323077947,0.7287615245827798,0.7797603469846072,0.40123485337351183
2022-12-03 00:00:00+00:00,1.2201372140200977,1.1860009323077947,0.7598076842478648,0.8130220933687227,0.3841417428005262
2022-12-04 00:00:00+00:00,1.1816765759146186,1.148634670760445,0.7358573546965379,0.7874069396559216,0.3962504928503511
2022-12-05 00:00:00+00:00,1.1816765759146186,1.148634670760445,0.7475217114068018,0.799820042284488,0.38996937455245695
2022-12-06 00:00:00+00:00,1.1816765759146186,1.148634670760445,0.7404335023195303,0.7921564717333058,0.393667172786649
2022-12-07 00:00:00+00:00,1.21887051021639,1.18469221059348,0.7637390629115115,0.8170235720051531,0.38127627729135855
2022-12-08 00:00:00+00:00,1.170466555863968,1.1376252321333993,0.7334093515693549,0.7845638069108248,0.3964175735709739
2022-12-09 00:00:00+00:00,1.170466555863968,1.1376252321333993,0.7435522535304315,0.7952434827146166,0.3909351992655816
2022-12-10 00:00:00+00:00,1.170466555863968,1.1376252321333993,0.7415354361561244,0.7929944161356532,0.3919955751818181
2022-12-11 00:00:00+00:00,1.170466555863968,1.1376252321333993,0.7435639410552042,0.7951556247302026,0.39092325293543184
2022-12-12 00:00:00+00:00,1.1820237577810673,1.1488444158822495,0.7362219810803583,0.7873138532831592,0.39478323419301603
2022-12-13 00:00:00+00:00,1.1395494750854995,1.1072298049969567,0.7097669285949497,0.7587949701375956,0.4089691882249911
2022-12-14 00:00:00+00:00,1.1395494750854995,1.1072298049969567,0.7171255599666662,0.7664342697173497,0.40472912944330725
2022-12-15 00:00:00+00:00,1.1760534057627718,1.142366249686635,0.7400977101894191,0.7907560276800263,0.39176417758532606
2022-12-16 00:00:00+00:00,1.269176026945597,1.232636152347735,0.7987003538844519,0.853241653167417,0.3607433864175835
2022-12-17 00:00:00+00:00,1.2911420098999997,1.2540397555762048,0.7848770244276836,0.8384258895962969,0.36698687267065455
2022-12-18 00:00:00+00:00,1.2865571619348928,1.249811883333544,0.7876641243754153,0.8412525603859511,0.3656837015217928
2022-12-19 00:00:00+00:00,1.303094869042225,1.2659200765780816,0.797788943523197,0.8520950391548479,0.3609831175690382
2022-12-20 00:00:00+00:00,1.3575071969396728,1.3190639699240312,0.7644762856199019,0.8163237067308732,0.3760564113293354
2022-12-21 00:00:00+00:00,1.3575071969396728,1.3190639699240312,0.7665131098118265,0.818337315499254,0.3750544694633391
2022-12-22 00:00:00+00:00,1.3575071969396728,1.3190639699240312,0.7640762303696109,0.8155178118858756,0.3762468333181082
2022-12-23 00:00:00+00:00,1.3575071969396728,1.3190639699240312,0.7628798274738208,0.8141043432496299,0.3768359666833693
2022-12-24 00:00:00+00:00,1.3572299073990575,1.3185664140190168,0.7627239987626495,0.8137972600205238,0.37691294061936353
2022-12-25 00:00:00+00:00,1.3549912950865421,1.3164047588598,0.7639820342107139,0.8151313976316266,0.3762912611640133
2022-12-26 00:00:00+00:00,1.3655391607332874,1.3267915118998361,0.7580348522010559,0.8086998130711814,0.3792204826883101
2022-12-27 00:00:00+00:00,1.3655391607332874,1.3267915118998361,0.7682377684741918,0.8194247680283724,0.3741162914724414
2022-12-28 00:00:00+00:00,1.3898090283126225,1.3501882762536905,0.7818917371383349,0.8338745802492988,0.36746708424763186
2022-12-29 00:00:00+00:00,1.4016202753487388,1.36201162875221,0.7752468555217207,0.826572492625491,0.3705899913674393
2022-12-30 00:00:00+00:00,1.4028464580948086,1.3627945570846454,0.7759250665428541,0.8270476332260754,0.37026578725790055
2022-12-31 00:00:00+00:00,1.4074302693624956,1.3668386600998512,0.778460407486531,0.8295019032478191,0.369055941035687
2023-01-01 00:00:00+00:00,1.4074302693624956,1.3668386600998512,0.7761817332746092,0.8268249720994731,0.37013622494930287
2023-01-02 00:00:00+00:00,1.3922366627702885,1.3517231987348683,0.7678026326142449,0.8176813611626419,0.3741319498600309
2023-01-03 00:00:00+00:00,1.3912153374166227,1.350609046266882,0.7672393833361086,0.8170073905542966,0.3744064078284399
2023-01-04 00:00:00+00:00,1.3432942251871989,1.303713748513893,0.7408114367725257,0.788639592372923,0.3873030249130955
2023-01-05 00:00:00+00:00,1.3432942251871989,1.303713748513893,0.7441646417117375,0.7919726945430298,0.3855499385652817
2023-01-06 00:00:00+00:00,1.3432942251871989,1.303713748513893,0.7340023724769155,0.7809199695000899,0.39081498618990024
2023-01-07 00:00:00+00:00,1.3378899439968113,1.2986881598606124,0.7369553779621613,0.7839302795028137,0.38924267683340513
2023-01-08 00:00:00+00:00,1.310624847309094,1.2719672385957241,0.7219368334811068,0.7678006650786667,0.39717512244783604
2023-01-09 00:00:00+00:00,1.2797434378344117,1.2417177637709804,0.7049263006689452,0.7495411013226378,0.40653350415000755
2023-01-10 00:00:00+00:00,1.2797434378344117,1.2417177637709804,0.6971398720031436,0.7410370070895631,0.4110239652483075
2023-01-11 00:00:00+00:00,1.228320000398183,1.1915394588708965,0.6691269691568367,0.7110914091695805,0.42753998286313816
2023-01-12 00:00:00+00:00,1.228320000398183,1.1915394588708965,0.6565256436740347,0.6974864614594849,0.43559162437410404
2023-01-13 00:00:00+00:00,1.228320000398183,1.1915394588708965,0.640446715608182,0.680195118654346,0.4462596713299005
2023-01-17 00:00:00+00:00,1.1314177835874686,1.0971813987000654,0.5899218471118164,0.6263304384240235,0.4814651156856628
2023-01-18 00:00:00+00:00,1.1314177835874686,1.0971813987000654,0.6105108489536665,0.6480022459866182,0.4646613878661712
2023-01-19 00:00:00+00:00,1.1022304426109897,1.0685481040579385,0.594761416182909,0.6310912417897935,0.4766483219262415
2023-01-20 00:00:00+00:00,1.1022304426109897,1.0685481040579385,0.5535664044222606,0.5871905867820127,0.5096624561541523
2023-01-21 00:00:00+00:00,1.1022304426109897,1.0685481040579385,0.5642031247741275,0.5982972350922817,0.49986934555956125
2023-01-22 00:00:00+00:00,1.1022304426109897,1.0685481040579385,0.5641955988535915,0.5981097652189707,0.4998760133300997
2023-01-23 00:00:00+00:00,1.103404500195086,1.069361915922417,0.5647965604094879,0.5985652887666213,0.4993435627627139
2023-01-24 00:00:00+00:00,1.1518284670911731,1.1159710827169702,0.5895832002495985,0.6246543321168218,0.47742939062663814
2023-01-25 00:00:00+00:00,1.1925078182266178,1.1557188429237677,0.5687607751127365,0.6024058966603507,0.4942908577448536
2023-01-26 00:00:00+00:00,1.1842168373351005,1.1480303552042284,0.5727151179239365,0.6064134373931245,0.49085427142334115
2023-01-27 00:00:00+00:00,1.1811908348002025,1.1454412282762865,0.5741785639280588,0.6077810679205777,0.4896000025911777
2023-01-28 00:00:00+00:00,1.161932454121072,1.1271093489748478,0.5835400904791799,0.6175081223549517,0.48161746246928533
2023-01-29 00:00:00+00:00,1.2164080519155562,1.180290446400579,0.5561816195515847,0.5883718547461272,0.5041974317981591
2023-02-10 00:00:00+00:00,1.1174708149337806,1.0846075036147829,0.6014189661901803,0.6360695639719627,0.4631882484761138
2023-02-11 00:00:00+00:00,1.1361506816533684,1.1028174572714156,0.5913655258846895,0.6253903115753853,0.470930996324187
2023-02-12 00:00:00+00:00,1.1534527513353499,1.1194280333520619,0.6003712393887194,0.6348099061619855,0.46375934115081807
2023-02-13 00:00:00+00:00,1.1458968641113414,1.1123026735005515,0.6043040726773891,0.6388505848692742,0.4607214071940441
2023-02-14 00:00:00+00:00,1.1839327213244282,1.1493264572103183,0.5842453534841314,0.6175859898623951,0.4760141741156423
2023-02-15 00:00:00+00:00,1.1839327213244282,1.1493264572103183,0.5392014199571359,0.5699009512481211,0.5127137399554159
2023-02-16 00:00:00+00:00,1.15808327023747,1.12462451544341,0.5509740996712401,0.5821495687077821,0.5015193802558523
2023-02-17 00:00:00+00:00,1.1966824894635308,1.162445932948743,0.5326099883783356,0.5625717259822343,0.5182351527759443
2023-02-18 00:00:00+00:00,1.1945858044318949,1.1607579669280046,0.5335431643879832,0.5633886258747544,0.5173271626471844
2023-02-19 00:00:00+00:00,1.2029591175012349,1.1685459402350717,0.5372829743998321,0.5671686176601477,0.513701016851673
2023-02-20 00:00:00+00:00,1.1865747536112767,1.1522797217741338,0.5299651531735119,0.5592736018790889,0.5206976506260794
2023-02-21 00:00:00+00:00,1.1552258971470988,1.1221826110040751,0.5159636741539311,0.5446655868038882,0.5069410155206783
2023-02-22 00:00:00+00:00,1.1552258971470988,1.1221826110040751,0.5104632874391571,0.5390226254748388,0.5015368140882493
2023-02-23 00:00:00+00:00,1.1603833389507139,1.1274312772439345,0.5127422224114003,0.5415437390878174,0.5037758973164029
2023-02-24 00:00:00+00:00,1.1603833389507139,1.1274312772439345,0.4994156274062293,0.5275692851158782,0.4906823445262143
2023-02-25 00:00:00+00:00,1.1503467350794063,1.117939674139555,0.4950959886703359,0.5231277919930138,0.48643824332849517
2023-02-26 00:00:00+00:00,1.1841208295921541,1.1508410921436498,0.5096319700438824,0.5385236550722704,0.500720033943268
2023-02-27 00:00:00+00:00,1.178133774225064,1.1453060774730248,0.5070552103541276,0.535933604758937,0.49818833405951357
2023-02-28 00:00:00+00:00,1.157829210016124,1.125747622591273,0.49831635972327715,0.5267814371118226,0.48960229974120384
2023-03-01 00:00:00+00:00,1.2006969778116299,1.167656592987107,0.5167661533651405,0.5463922870127774,0.5077294617750234
2023-03-02 00:00:00+00:00,1.1879778531261551,1.1556114469928573,0.5112919885597423,0.5407558910837618,0.5023510237093463
2023-03-03 00:00:00+00:00,1.1313530412134658,1.1005910159894214,0.4869213215405939,0.5150096748512226,0.47840652663237254
2023-03-04 00:00:00+00:00,1.1292051793801081,1.0986197370002635,0.4859969065398941,0.514087236146474,0.47749827688012836
2023-03-05 00:00:00+00:00,1.127614814777432,1.0972237066840982,0.4853124319277643,0.513433978843111,0.47682577167801277
2023-03-06 00:00:00+00:00,1.1282424468116832,1.0980023969609543,0.4855825575281967,0.5137983585449869,0.4770911735910949
2023-03-07 00:00:00+00:00,1.1252890872358565,1.095280488605818,0.4843114655743503,0.51252467093843,0.47584230922683574
2023-03-08 00:00:00+00:00,1.103782554185148,1.074606612516678,0.475055301394533,0.5028505539886285,0.46674800762345814
2023-03-09 00:00:00+00:00,1.0348158825766824,1.007681340073381,0.4453728400773905,0.4715335958274117,0.4375846036145621
2023-03-10 00:00:00+00:00,1.027250144438268,1.0002241530076341,0.4421166335012049,0.468044085709448,0.4343853383345335
2023-03-11 00:00:00+00:00,1.059827028185987,1.0319610432103046,0.4561373491472246,0.4828950205858993,0.4481608736754176
2023-03-12 00:00:00+00:00,1.059827028185987,1.0319610432103046,0.48968219989314965,0.5184236828687976,0.48111912549520663
2023-03-13 00:00:00+00:00,0.996632932712308,0.9701189189689362,0.518880383057788,0.5494911558287302,0.5098067199254003
2023-03-14 00:00:00+00:00,0.996632932712308,0.9701189189689362,0.5267935739348022,0.5580360239727183,0.5175815328049709
2023-03-15 00:00:00+00:00,0.996632932712308,0.9701189189689362,0.5109452489877963,0.5415831314880203,0.5020103475735469
2023-03-16 00:00:00+00:00,0.9831888859883886,0.9567414964738954,0.5178376278920959,0.5490512740264656,0.5087821994230562
2023-03-17 00:00:00+00:00,0.9148333301684861,0.8900151036606748,0.5538399458428728,0.5873439697235929,0.5441549447098111
2023-03-18 00:00:00+00:00,0.9148333301684861,0.8900151036606748,0.5441738760529833,0.5772693633717297,0.5346579055172449
2023-03-19 00:00:00+00:00,0.9148333301684861,0.8900151036606748,0.5506545137059543,0.5843173203080121,0.5410252162361746
2023-03-20 00:00:00+00:00,0.9399049668829986,0.9141556489472985,0.5355634479701884,0.5684684446264235,0.5261980480214291
2023-03-21 00:00:00+00:00,0.9029584453043544,0.878032007542292,0.5566157960099948,0.5909319608420637,0.5468822535750362
2023-03-22 00:00:00+00:00,0.9029584453043544,0.878032007542292,0.5359777254499051,0.5690921576296343,0.526605081029362
2023-03-23 00:00:00+00:00,0.9442873300390432,0.9183778925572718,0.5605097088990585,0.5952421459642521,0.5507080735953467
2023-03-24 00:00:00+00:00,0.9781599508586675,0.9510456001076883,0.5404036117067232,0.5740687308552532,0.5309535717972238
2023-03-25 00:00:00+00:00,0.9737990631237873,0.9468308643786705,0.5379943539160029,0.5715246383421565,0.5285864447061905
2023-03-26 00:00:00+00:00,0.9914189185953112,0.9640215477843809,0.5477287879686376,0.5819012530955744,0.5381506526753923
2023-03-27 00:00:00+00:00,0.9914189185953112,0.9640215477843809,0.5297148143842986,0.5627696773970867,0.5204516895121774
2023-03-28 00:00:00+00:00,0.9914189185953112,0.9640215477843809,0.5475104107019197,0.5817239872946618,0.5379360941727263
2023-03-29 00:00:00+00:00,1.0022228144636667,0.9747927990448308,0.5534768547076939,0.588223733328122,0.5437982029506246
2023-03-30 00:00:00+00:00,1.0018415372605454,0.9743140767665885,0.5536874147788775,0.588512610929609,0.5440050809570831
2023-03-31 00:00:00+00:00,1.0172686454919062,0.9895529343515186,0.5622135093322067,0.5977173017769939,0.5523820796641675
2023-04-01 00:00:00+00:00,1.0180893514484877,0.9900909681963502,0.5617599300559514,0.5973923144753209,0.551936432130354
2023-04-02 00:00:00+00:00,1.0329077219514113,1.004377979452868,0.5535834701357861,0.588771944230944,0.5439029539943407
2023-04-03 00:00:00+00:00,1.0235687884314681,0.9953509198458403,0.5585886406030671,0.5940636566581854,0.548820599027585
2023-04-04 00:00:00+00:00,1.0235687884314681,0.9953509198458403,0.5768232529416647,0.6135727428586163,0.566736342634366
2023-04-05 00:00:00+00:00,1.002831328975618,0.9749178716065794,0.5885096671389947,0.626168462823458,0.5782183964644235
2023-04-06 00:00:00+00:00,1.0219518084136259,0.9933942284011869,0.5772888499741635,0.6143015022623679,0.567193797769876
2023-04-07 00:00:00+00:00,1.026702902030915,0.997885213514595,0.5746050117071693,0.6115243380480713,0.5645568917923489
2023-04-08 00:00:00+00:00,1.0349590109815932,1.0058399260928703,0.5699843940281153,0.6066495285229763,0.5600170748713352
2023-04-09 00:00:00+00:00,1.029479942836335,1.0004950986157695,0.5730018887341634,0.609873139939571,0.5629818026365614
2023-04-10 00:00:00+00:00,1.0011908539543717,0.9729979622986907,0.5887474129405641,0.6266346062258576,0.5784519848043023
2023-04-11 00:00:00+00:00,1.011866148369068,0.9831973908835285,0.5824698366480845,0.6200659234920426,0.5722841845111197
2023-04-12 00:00:00+00:00,0.9969430570161174,0.9686385594941876,0.5910601532592764,0.6292476354393092,0.5807242822247092
2023-04-13 00:00:00+00:00,0.9969430570161174,0.9686385594941876,0.6201574045352292,0.6604135893997486,0.6093127097625191
2023-04-14 00:00:00+00:00,0.9536488002743556,0.9262828908995442,0.6470889867387439,0.6892915014484094,0.6357733392907817
2023-04-15 00:00:00+00:00,0.9578271165474507,0.9300634213266906,0.6442538314460898,0.686478227533927,0.6329877623689689
2023-04-16 00:00:00+00:00,0.9457981050975062,0.9181040652634375,0.6523447870906429,0.6953054078793686,0.6409372314429466
2023-04-17 00:00:00+00:00,0.9655507043896889,0.9370028548547609,0.6387208380572312,0.6809928358056886,0.627551524455483
2023-04-18 00:00:00+00:00,0.9655507043896889,0.9370028548547609,0.6473965386576901,0.6904470118543579,0.6360755130482108
2023-04-19 00:00:00+00:00,1.0439865485871567,1.0129417442321376,0.594805728243201,0.6344901073662969,0.5844043583253634
2023-04-20 00:00:00+00:00,1.0489079533562689,1.0178051307619793,0.5976096721748856,0.637536452981979,0.5871592696793886
2023-04-21 00:00:00+00:00,1.099987374336974,1.0671255301502787,0.5685074464462243,0.6066429631229422,0.5585659546771427
2023-04-22 00:00:00+00:00,1.1150150140877115,1.081786957212246,0.5762741947745451,0.6149777384658489,0.5661968858493976
2023-04-23 00:00:00+00:00,1.1221997710397322,1.0887683141708593,0.5725608904917646,0.6110089541454179,0.5625485161320201
2023-04-24 00:00:00+00:00,1.1344970455118113,1.1005316681696644,0.5662866614248386,0.604407444411434,0.5563840045314459
2023-04-25 00:00:00+00:00,1.149149908318684,1.1150026742507249,0.5736006696825479,0.6123548611523466,0.5635701127003392
2023-04-26 00:00:00+00:00,1.1487573131345716,1.1147755374349129,0.5734047049447092,0.6122301185517044,0.5633775747985788
2023-04-27 00:00:00+00:00,1.1225681306168243,1.089282418502355,0.5864770922127874,0.6262308341237788,0.5762213651832911
2023-04-28 00:00:00+00:00,1.111964169800918,1.0792670523119074,0.5809371343824917,0.6204729782941378,0.5707782846155804
2023-04-29 00:00:00+00:00,1.1022177008213934,1.0696285471069613,0.5860291021932231,0.6260141759226634,0.5757812091668167
2023-04-30 00:00:00+00:00,1.124686320948531,1.091279016647409,0.5740829455756924,0.6133429538574331,0.5640439550331985
2023-05-01 00:00:00+00:00,1.147831457620594,1.1137306013637862,0.5622687819382759,0.6007242549924732,0.5524363857179745
2023-05-02 00:00:00+00:00,1.147831457620594,1.1137306013637862,0.5742064959426278,0.6136022871587681,0.5641653448744212
2023-05-03 00:00:00+00:00,1.1263064478201659,1.0925547049522364,0.5849744535295857,0.6252690030188273,0.574745003148169
2023-05-04 00:00:00+00:00,1.1435608124233232,1.1089653384815807,0.5760129825868714,0.6158771982704792,0.565940241480193
2023-05-05 00:00:00+00:00,1.0728129940541484,1.040144502846838,0.6116487453968836,0.6540976745672346,0.6009528415772535
2023-05-06 00:00:00+00:00,1.0728129940541484,1.040144502846838,0.5816635600410901,0.6221668515028576,0.5714920072660635
2023-05-07 00:00:00+00:00,1.087502396158583,1.0542981820877035,0.5736991804425062,0.613700768159275,0.5636669008022822
2023-05-08 00:00:00+00:00,1.0740344851998354,1.0413499679872844,0.5665943414034393,0.6061636889204748,0.5566863041091495
2023-05-09 00:00:00+00:00,1.0747317478612366,1.0417672884765836,0.5662265086346914,0.6059207691192242,0.5563249036333571
2023-05-10 00:00:00+00:00,1.0783349008334409,1.0451198172952805,0.5643281737882629,0.6039708453091861,0.5544597649752437
2023-05-11 00:00:00+00:00,1.0509331553034702,1.0186376469767204,0.5499879377432391,0.5886668978304028,0.5403702966897267
2023-05-12 00:00:00+00:00,1.0587074295158767,1.0261869400598105,0.5540564715219619,0.5930296061528616,0.544367684003568
2023-05-13 00:00:00+00:00,1.0515577684407442,1.0193192987223718,0.5503148183726332,0.5890608218324307,0.5406914611563741
2023-05-14 00:00:00+00:00,1.0515577684407442,1.0193192987223718,0.5514348108764376,0.5903115305388692,0.5417918683472198
2023-05-15 00:00:00+00:00,1.061723540493658,1.0291312920830749,0.5567657216049312,0.5959938842681214,0.5470295574205525
2023-05-16 00:00:00+00:00,1.0571233152112518,1.0246135805241607,0.5591780706310376,0.5986101961815898,0.5493997216905276
2023-05-17 00:00:00+00:00,1.0571233152112518,1.0246135805241607,0.5585388700353447,0.5979930485784128,0.54877169879796
2023-05-18 00:00:00+00:00,1.070073821176786,1.0369653024401768,0.5516963750640462,0.5907842393413025,0.5420488585609351
2023-05-19 00:00:00+00:00,1.0633111866994651,1.0302296288599906,0.5551829765051675,0.5946217156610575,0.5454744897900641
2023-05-20 00:00:00+00:00,1.0591696527439456,1.0261289124867943,0.5573453812437649,0.5969885423732416,0.5475990805491885
2023-05-21 00:00:00+00:00,1.0678005776834059,1.0344233026536576,0.5528037045270956,0.5921629733484001,0.5431368241496651
2023-05-22 00:00:00+00:00,1.0604165239834349,1.0270947350536854,0.5566264522620956,0.596358263969997,0.546892723481218
2023-05-23 00:00:00+00:00,1.0392139163407763,1.0063512286220717,0.5677559773156139,0.6084024903319996,0.5578276264899328
2023-05-24 00:00:00+00:00,1.0699402013608872,1.0359549046399394,0.5509692198380989,0.590505209839866,0.5413344191010498
2023-05-25 00:00:00+00:00,1.0665722016077832,1.0326089161162473,0.5527035823697827,0.5924124585496844,0.5430384528288787
2023-05-26 00:00:00+00:00,1.0665722016077832,1.0326089161162473,0.5593778701901003,0.5996869217871327,0.5495960273539794
2023-05-27 00:00:00+00:00,1.065463925689859,1.0314558010200539,0.5599591201248134,0.60035659259058,0.5501671129689851
2023-05-28 00:00:00+00:00,1.1117718199495956,1.0762987628480356,0.5842964318810286,0.6264573404249443,0.574078838066629
2023-05-29 00:00:00+00:00,1.1016159944526005,1.0667898666535975,0.5789589943833147,0.6209227081964526,0.5688347363577129
2023-05-30 00:00:00+00:00,1.1016159944526005,1.0667898666535975,0.5813613723524474,0.6236506319104956,0.5711951039346237
2023-05-31 00:00:00+00:00,1.1174018723469095,1.0819341825081554,0.5730306112863066,0.6147971899649189,0.5630100229173317
2023-06-01 00:00:00+00:00,1.109804178306501,1.0748573933880357,0.5691343306659803,0.6107758824442175,0.5591818765702838
2023-06-02 00:00:00+00:00,1.0832229455960507,1.048866802162388,0.5827658274495153,0.6255447498202463,0.5725749993203372
2023-06-03 00:00:00+00:00,1.0746800931920486,1.0407921603275019,0.5781698368732099,0.6207290288954556,0.5680593788478372
2023-06-04 00:00:00+00:00,1.0746800931920486,1.0407921603275019,0.5773543775887564,0.6199510289914505,0.5672581795028359
2023-06-05 00:00:00+00:00,1.1194650929259777,1.084059759905648,0.5532943658601548,0.5941785511587762,0.5436189052862214
2023-06-06 00:00:00+00:00,1.1194650929259777,1.084059759905648,0.5756580001380412,0.6182177633825278,0.5655914666107277
2023-06-07 00:00:00+00:00,1.1505993481348766,1.1139637054718994,0.5596479581969415,0.6011641367947372,0.5498613923308697
2023-06-08 00:00:00+00:00,1.1505993481348766,1.1139637054718994,0.5637108901946124,0.6056384569177706,0.5538532758220247
2023-06-09 00:00:00+00:00,1.1470953211188752,1.1107454834429091,0.5619941690860372,0.6038887778087634,0.5521665750216748
2023-06-10 00:00:00+00:00,1.2027244105453705,1.1644650357729767,0.5347399180105801,0.5746825957584127,0.5253889191331986
2023-06-11 00:00:00+00:00,1.2033954764215364,1.1652366275574078,0.5350382787226886,0.5750633889603729,0.5256820624104571
2023-06-12 00:00:00+00:00,1.2106368534318162,1.1720146622844372,0.5318187104535081,0.5717183176431527,0.5225187947432267
2023-06-13 00:00:00+00:00,1.2125001444015455,1.1736095513523768,0.5310001883691092,0.5709403177391477,0.5217145861574737
2023-06-14 00:00:00+00:00,1.1502494606321154,1.1135133790912497,0.5037382330115796,0.5417045913886449,0.4949293607117335
2023-06-15 00:00:00+00:00,1.161171556536623,1.123945523972869,0.5085214365513544,0.5467796456147708,0.49962892035393447
2023-06-16 00:00:00+00:00,1.1973607326155646,1.1588115605856293,0.5243700609029215,0.563741356602088,0.5152003997542308
2023-06-17 00:00:00+00:00,1.1906634787708288,1.152137956906508,0.5273030445149488,0.5669879469188012,0.5180820942712426
2023-06-18 00:00:00+00:00,1.185648992040773,1.1473284880150676,0.5250823044262648,0.5646211202066169,0.5159001882725093
2023-06-19 00:00:00+00:00,1.1966877841773222,1.1581481253824968,0.5299709978355723,0.5699456596340271,0.5207033930825135
2023-06-20 00:00:00+00:00,1.2346645876718616,1.1949428970956526,0.5467895905451509,0.5880530329272421,0.5372278790006418
2023-06-21 00:00:00+00:00,1.3013453488787858,1.2596072402768228,0.5763201581840303,0.6198755268910614,0.5662420454965751
2023-06-22 00:00:00+00:00,1.2892737045543805,1.2483006525223268,0.5709740508093992,0.6143113503624175,0.5609894255209109
2023-06-23 00:00:00+00:00,1.3033182863468105,1.2622020854900966,0.5771939029087789,0.6211524971976351,0.5671005110441668
2023-06-24 00:00:00+00:00,1.3033182863468105,1.2622020854900966,0.5716534760100644,0.61533555276769,0.5616569696106385
2023-06-25 00:00:00+00:00,1.2871681920199713,1.246182822753866,0.5787371313661984,0.6231450961078928,0.5686167530599783
2023-06-26 00:00:00+00:00,1.2871681920199713,1.246182822753866,0.5663624516595708,0.6099716209400771,0.5564584694220697
2023-06-27 00:00:00+00:00,1.2871681920199713,1.246182822753866,0.5757164568055911,0.6201184466923119,0.565648901046321
2023-06-28 00:00:00+00:00,1.244858570654512,1.2054207271936843,0.5567924766666146,0.5998346432878927,0.5470558446163758
2023-06-29 00:00:00+00:00,1.244858570654512,1.2054207271936843,0.5640136636845918,0.6076901444283321,0.5541507547108915
2023-06-30 00:00:00+00:00,1.2998502276463089,1.258959095589076,0.5889289807038756,0.634680503967276,0.5786303774914813
2023-07-01 00:00:00+00:00,1.3065128318805532,1.2650344176169157,0.585910324679472,0.6316177448515092,0.5756645087158779
2023-07-02 00:00:00+00:00,1.2976631535516765,1.2560861834355062,0.5898789943905209,0.6360854995745089,0.5795637782853574
2023-07-03 00:00:00+00:00,1.2864600155300228,1.2448651667428108,0.5949716070397619,0.6417678533037612,0.58456733639881
2023-07-04 00:00:00+00:00,1.2864600155300228,1.2448651667428108,0.5889255694790175,0.6354388076711799,0.5786270259187246
2023-07-05 00:00:00+00:00,1.2864600155300228,1.2448651667428108,0.5808873019525451,0.6269563108275128,0.5707293236055165
2023-07-06 00:00:00+00:00,1.24234376713543,1.202458875379852,0.5609670804199349,0.6055990645175676,0.5511574470587859
2023-07-07 00:00:00+00:00,1.2591341277387833,1.2188712703463338,0.5685485887077567,0.6138649031601194,0.558606377483799
2023-07-08 00:00:00+00:00,1.2553377194329092,1.2152537647043968,0.5668343610199255,0.6120430046507405,0.5569221265017356
2023-07-09 00:00:00+00:00,1.2553377194329092,1.2152537647043968,0.5659791172688083,0.611176371846279,0.5560818384011829
2023-07-10 00:00:00+00:00,1.2553377194329092,1.2152537647043968,0.5712264674151377,0.616930944975903,0.5612374281165534
2023-07-11 00:00:00+00:00,1.2539678687421034,1.2141674118759023,0.5706031331849286,0.616379451373064,0.560624994134279
2023-07-12 00:00:00+00:00,1.2588636825914534,1.218596886206372,0.568375351443813,0.6141308018614882,0.5584361696205156
2023-07-13 00:00:00+00:00,1.349009025998448,1.3058614533431032,0.6090758593292263,0.6581091339878846,0.5984249475775529
2023-07-14 00:00:00+00:00,1.395197592336638,1.3501809364212787,0.5882217803783487,0.6357736430729036,0.5779355439806007
2023-07-15 00:00:00+00:00,1.3903963656393292,1.3457610622322236,0.5861975609191099,0.6336924112621897,0.5759467220543557
2023-07-16 00:00:00+00:00,1.397388026498748,1.352335102232664,0.5832498442507912,0.6305968251462538,0.5730505521180611
2023-07-17 00:00:00+00:00,1.397388026498748,1.352335102232664,0.5799784567827455,0.6271171631283408,0.5698363714144833
2023-07-18 00:00:00+00:00,1.386900249274311,1.342488328428607,0.5756255607121024,0.6225509274048342,0.5655595944531473
2023-07-19 00:00:00+00:00,1.3800278572720344,1.3361810132169503,0.5727732110194595,0.6196260416897772,0.5627571238098805
2023-07-20 00:00:00+00:00,1.3780890564884845,1.3340502591443253,0.5735778999570554,0.6206141343948638,0.5635477411491187
2023-07-21 00:00:00+00:00,1.378017899872393,1.3338526806106843,0.573607516230571,0.620706049995337,0.5635768395227524
2023-07-22 00:00:00+00:00,1.3595268362410304,1.3160476618578476,0.5659105094768637,0.6124205151526838,0.5560144303539437
2023-07-23 00:00:00+00:00,1.3595268362410304,1.3160476618578476,0.5726040357038717,0.619727805390301,0.5625909068636474
2023-07-24 00:00:00+00:00,1.331338630495738,1.288985819224749,0.5607317578357621,0.606984363924699,0.5509262395614923
2023-07-25 00:00:00+00:00,1.3366606203379787,1.294472081499929,0.5629732677349473,0.6095678488379986,0.5531285521689755
2023-07-26 00:00:00+00:00,1.3464451416889807,1.3042804309550475,0.5670943018062609,0.6141866077617756,0.5571775217026015
2023-07-27 00:00:00+00:00,1.33844719285281,1.2968213450154762,0.5637257344055564,0.6106741187436936,0.5538678604521983
2023-07-28 00:00:00+00:00,1.347615751816821,1.3059604680685397,0.5675873381079866,0.6149777384658482,0.5576619362767385
2023-07-29 00:00:00+00:00,1.3519731922459142,1.3104638040657013,0.5694226001333663,0.617098362676765,0.5594651050684527
2023-07-30 00:00:00+00:00,1.3659139496622004,1.3237716499148988,0.5635510470720048,0.6108316883445047,0.5536962278766794
2023-07-31 00:00:00+00:00,1.3619113879999198,1.3199513540357728,0.5618996635303796,0.60906887843543,0.5520737220850103
2023-08-01 00:00:00+00:00,1.3745878338022406,1.332514934152229,0.5671297326037763,0.6148661266652737,0.5572123329216329
2023-08-02 00:00:00+00:00,1.399937341885437,1.3566887989516168,0.5566709904358831,0.6037115120078508,0.5469364828157998
2023-08-03 00:00:00+00:00,1.399937341885437,1.3566887989516168,0.55517820005073,0.602273689400449,0.5454697968615029
2023-08-04 00:00:00+00:00,1.3955532688637011,1.3527770297990875,0.5534395924028904,0.6005371410915095,0.5437615922518797
2023-08-05 00:00:00+00:00,1.3998426645402517,1.3572877654948208,0.5551406535145296,0.6025395881018178,0.5454329069017164
2023-08-06 00:00:00+00:00,1.3948688956759303,1.3527622405017246,0.5531681880598662,0.6005305756914756,0.543494933957582
2023-08-07 00:00:00+00:00,1.39354478855924,1.351874882659941,0.552643082125676,0.6001366516894477,0.5429790105527593
2023-08-08 00:00:00+00:00,1.413961439090688,1.3719735377763393,0.5607397868523664,0.6090590303353793,0.5509341281746539
2023-08-09 00:00:00+00:00,1.4132000687714232,1.3714854909633585,0.5604378474792425,0.6088423721342641,0.5506374688164384
2023-08-10 00:00:00+00:00,1.4103108800451032,1.3690600461958167,0.5592920714872078,0.6077656465287212,0.5495117290133142
2023-08-11 00:00:00+00:00,1.4076153165644227,1.3665606549414595,0.5582230821570774,0.6066560939230093,0.5484614331034603
2023-08-12 00:00:00+00:00,1.4082060155917593,1.3673740662964278,0.5584573378004954,0.6070171909248683,0.548691592317596
2023-08-13 00:00:00+00:00,1.401057853399149,1.360681909239643,0.5556225653424515,0.6040463474095745,0.5459063915357633
2023-08-14 00:00:00+00:00,1.4042330314773999,1.364172183417325,0.556881757163101,0.6055957818175508,0.5471435638644977
2023-08-15 00:00:00+00:00,1.3912802563400146,1.351948829146756,0.5517450284172627,0.6001694786896167,0.5420966611127883
2023-08-16 00:00:00+00:00,1.3748587497955471,1.3363535150774095,0.545232692348564,0.5932462643539766,0.5356982062884412
2023-08-17 00:00:00+00:00,1.2785191567466152,1.2430404433651832,0.5070269525184574,0.5518218728407277,0.4981605703687179
2023-08-18 00:00:00+00:00,1.2938370974636222,1.2580072122965997,0.5009522615295748,0.545177688006524,0.4921921075230957
2023-08-19 00:00:00+00:00,1.2873901370898309,1.2520003255739474,0.5034484176419428,0.547780869119925,0.4946446133445122
2023-08-20 00:00:00+00:00,1.299610514574257,1.2636073017268752,0.5082273339395532,0.5528592060460679,0.49933996071556797
2023-08-21 00:00:00+00:00,1.2863078093285836,1.2505747758201942,0.5030251611767336,0.5471571561167142,0.49422875836663854
2023-08-22 00:00:00+00:00,1.2614744453952433,1.22634793289983,0.49331379442257434,0.5365573177621473,0.4846872143179804
2023-08-23 00:00:00+00:00,1.2956880791478596,1.259585750842603,0.5066934213734787,0.55109967883701,0.4978328716840759
2023-08-24 00:00:00+00:00,1.2813506697671533,1.2456453748295844,0.5010866159010381,0.5450004222056117,0.49232411243917995
2023-08-25 00:00:00+00:00,1.2760112404131394,1.2404083552079015,0.49899857189483976,0.5427090975938162,0.49027258206605867
2023-08-26 00:00:00+00:00,1.2706750442496755,1.2351863413731001,0.49691179226423315,0.5404243383820545,0.48822229395838856
2023-08-27 00:00:00+00:00,1.2706750442496755,1.2351863413731001,0.5003025862848359,0.5441370721011674,0.4915537931517078
2023-08-28 00:00:00+00:00,1.2667717588497356,1.2314008777698116,0.49876574664244655,0.5424694604925827,0.49004382822969494
2023-08-29 00:00:00+00:00,1.2667717588497356,1.2314008777698116,0.5217464305573138,0.5674179806210154,0.5126226488419517
2023-08-30 00:00:00+00:00,1.248849440460567,1.2142176452910827,0.5143647490653367,0.5595001081802551,0.5053700508408826
2023-08-31 00:00:00+00:00,1.248849440460567,1.2142176452910827,0.49646152437140784,0.5400927856803479,0.48777989990183124
2023-09-01 00:00:00+00:00,1.248849440460567,1.2142176452910827,0.5016361650843656,0.5456996373092114,0.4826957481497083
2023-09-02 00:00:00+00:00,1.2426723183838393,1.2082143827451923,0.4991549469891844,0.5430016216720075,0.48508328219956026
2023-09-03 00:00:00+00:00,1.2426723183838393,1.2082143827451923,0.4995186072695538,0.5434064901377825,0.48472987385717836
2023-09-04 00:00:00+00:00,1.246334204836614,1.2118574555558819,0.5009905805273538,0.5450449985330188,0.4833014797969957
2023-09-05 00:00:00+00:00,1.2489860665590051,1.2144891969889735,0.49992460822343787,0.5438613465292601,0.4843298144841727
2023-09-06 00:00:00+00:00,1.2479242487622186,1.2135227382706064,0.500349616044002,0.5442941371553432,0.48391806448126806
2023-09-07 00:00:00+00:00,1.2591377105316477,1.2246295792339918,0.49585362897072977,0.5393124518287851,0.4882664027085115
2023-09-08 00:00:00+00:00,1.2591377105316477,1.2246295792339918,0.4993657389581724,0.5430742516985775,0.48480803271927725
2023-09-09 00:00:00+00:00,1.2600490650496328,1.2253632579607459,0.49972717616914614,0.5433996088778221,0.484457132267898
2023-09-10 00:00:00+00:00,1.27425595535811,1.2391024973285099,0.5053615354754011,0.5494924121753083,0.4789949407325084
2023-09-11 00:00:00+00:00,1.222542984840599,1.1889395698227858,0.525870559643453,0.5717376647644391,0.45955594879059847
2023-09-12 00:00:00+00:00,1.2551601108746182,1.220567356939017,0.5118404711032885,0.5565284837375211,0.4718167809145017
2023-09-13 00:00:00+00:00,1.2551601108746182,1.220567356939017,0.5072281955006441,0.5514989697162165,0.47606839670181794
2023-09-14 00:00:00+00:00,1.2551601108746182,1.220567356939017,0.5012341602294202,0.5449874456694139,0.48169420927820505
2023-09-15 00:00:00+00:00,1.2435899430904658,1.2092900698838551,0.4966137430549436,0.5399520989256779,0.48613450559874366
2023-09-16 00:00:00+00:00,1.2490269115694475,1.2144421952890176,0.4987849356431603,0.5422525403133368,0.48400912817978725
2023-09-17 00:00:00+00:00,1.2490269115694475,1.2144421952890176,0.5024945172494445,0.5462555063998279,0.4804094377503755
2023-09-18 00:00:00+00:00,1.2490269115694475,1.2144421952890176,0.4981781503292532,0.5415361272329073,0.4845360965179259
2023-09-19 00:00:00+00:00,1.2437709656345006,1.2093487001466674,0.49608180044291467,0.5392648691654852,0.4865750401973926
2023-09-20 00:00:00+00:00,1.2437709656345006,1.2093487001466674,0.5024403757903668,0.5461235064277317,0.4803383186475951
2023-09-21 00:00:00+00:00,1.2735118437265402,1.2381356141980127,0.5144546600740305,0.5591232396221757,0.4688525356758518
2023-09-22 00:00:00+00:00,1.280867644057127,1.2453939202622941,0.5114831716051278,0.5558454988365195,0.4715606264202842
2023-09-23 00:00:00+00:00,1.2804163548461305,1.2448542401777731,0.5113029602944411,0.5556046282646369,0.47172677178590544
2023-09-24 00:00:00+00:00,1.290940534257037,1.2549976879749745,0.515505533986272,0.5601318623461795,0.4678494883066584
2023-09-25 00:00:00+00:00,1.2970731841422005,1.2611138546579328,0.5130566102210721,0.5574020885247847,0.47007202066550857
2023-09-26 00:00:00+00:00,1.3014785834387157,1.2655699189555167,0.5113140568652758,0.5554325442707905,0.4716685805007355
2023-09-27 00:00:00+00:00,1.297932934871266,1.2619240481665843,0.5099210720122702,0.5538324467510497,0.47295355825453367
2023-09-28 00:00:00+00:00,1.2539703957807018,1.2190883333348028,0.492649436121726,0.5350327346859032,0.48897306029055265
2023-09-29 00:00:00+00:00,1.243030803847929,1.208403702545042,0.4883515804345293,0.5303434705249402,0.49323884340927415
2023-09-30 00:00:00+00:00,1.2403639398914441,1.205815213805573,0.4873038451540184,0.5292074361859082,0.49429706408196755
2023-10-02 00:00:00+00:00,1.2336289720684002,1.1995413186517752,0.4899498231703135,0.5319609194155334,0.4916131140616949
2023-10-03 00:00:00+00:00,1.2295771589771736,1.195707672706244,0.4915590469746451,0.5336610274403162,0.4899984272340711
2023-10-04 00:00:00+00:00,1.2374186454821432,1.2032377908252445,0.4946939080975159,0.5370218242837768,0.48687351878358515
2023-10-05 00:00:00+00:00,1.2634582143267792,1.2284759913655983,0.5051039791950854,0.5482859855320076,0.4766280157298829
2023-10-06 00:00:00+00:00,1.2891058243135671,1.253712956488021,0.49485060499222516,0.5370223756680469,0.48630334121164426
2023-10-07 00:00:00+00:00,1.2891058243135671,1.253712956488021,0.4982844066525269,0.5406638585143726,0.48292884959009913
2023-10-08 00:00:00+00:00,1.2878281647691083,1.2528224808334536,0.49877826667240044,0.5410478762441249,0.48245020878161327
2023-10-09 00:00:00+00:00,1.3296147398259968,1.293216298888046,0.5149622856643967,0.5584924781779036,0.46679599154054296
2023-10-10 00:00:00+00:00,1.3188088419799622,1.2829730825406422,0.5191474301929376,0.5629161459644084,0.4630022987899755
2023-10-11 00:00:00+00:00,1.3179554808001994,1.282301664682539,0.519483354740452,0.563210736675748,0.462702704053156
2023-10-12 00:00:00+00:00,1.3410788902161639,1.3046222144531405,0.5285976430995315,0.5730143372055971,0.45458462706227093
2023-10-13 00:00:00+00:00,1.3301081477143901,1.2938210843512223,0.5242734316964613,0.5682702800081528,0.4583033724136061
2023-10-14 00:00:00+00:00,1.3280232249916875,1.2916529719350494,0.5234516416844751,0.5673180047169787,0.4590217554388347
2023-10-15 00:00:00+00:00,1.3304809702967884,1.2942293797547568,0.5224829004828253,0.5661863984919537,0.45987125757338965
2023-10-16 00:00:00+00:00,1.295383161180192,1.2598551128440767,0.5086999110848325,0.5511486913533266,0.47200256495535053
2023-10-17 00:00:00+00:00,1.3235821938975383,1.2871389306649723,0.5197737353137372,0.5630845404313707,0.4617276006276369
2023-10-18 00:00:00+00:00,1.3235821938975383,1.2871389306649723,0.5202909377137029,0.5635669816772725,0.46126815720648967
2023-10-19 00:00:00+00:00,1.3210110151014482,1.2844701755788337,0.5192802252449079,0.562398481360097,0.4621642125558205
2023-10-20 00:00:00+00:00,1.3210110151014482,1.2844701755788337,0.5070148944999628,0.5490199276745483,0.473080470579705
2023-10-21 00:00:00+00:00,1.3004245348275585,1.2643194557940316,0.49911363402228986,0.540406923706701,0.48045290098658056
2023-10-22 00:00:00+00:00,1.2729798844199898,1.2375001582468341,0.488580151430615,0.5289435755655041,0.4905925604222028
2023-10-23 00:00:00+00:00,1.3520674917698394,1.3145411163614413,0.45822567713907475,0.49601402838236386,0.5210720615221804
2023-10-24 00:00:00+00:00,1.3387254786761944,1.3011750459621143,0.453703970181805,0.4909706270464184,0.5262139278194473
2023-10-27 00:00:00+00:00,1.3351051757685282,1.2980466428554918,0.4549309176244526,0.4921510631758069,0.5247908923702206
2023-10-28 00:00:00+00:00,1.3322594790642794,1.295669348187056,0.45590057562326874,0.4930524083662841,0.5236723320201133
2023-10-29 00:00:00+00:00,1.3322594790642794,1.295669348187056,0.45123139688815506,0.4878548174655994,0.5290356060486511
2023-11-02 00:00:00+00:00,1.329172426243072,1.2919241176833547,0.4501858234254244,0.48644463612087097,0.5302614639883662
2023-11-03 00:00:00+00:00,1.3522542345696185,1.314746665933742,0.44236809964296164,0.4778513247745991,0.5394697451963417
2023-11-04 00:00:00+00:00,1.3352520792046205,1.2978216765207702,0.4368061195312541,0.4716998517780574,0.546252603173831
2023-11-05 00:00:00+00:00,1.3094595337323944,1.2723628130870166,0.42836850548367467,0.46244669911047886,0.556804352409882
2023-11-06 00:00:00+00:00,1.3034728309339043,1.2661640035098658,0.42641005250021025,0.4601937104205526,0.5593499997467511
2023-11-07 00:00:00+00:00,1.3034728309339043,1.2661640035098658,0.430107630213997,0.4640461820749559,0.5544996448333449
2023-11-08 00:00:00+00:00,1.3020459961662991,1.2643981593123512,0.42963681677927285,0.4633990042561865,0.5551066228639542
2023-11-09 00:00:00+00:00,1.1415472468238768,1.1073878711567786,0.4825966753154267,0.5209429121252389,0.6235327145563256
2023-11-10 00:00:00+00:00,1.166042009132516,1.1302458858318913,0.4722413519718851,0.5101899311323951,0.6101532546371566
2023-11-11 00:00:00+00:00,1.180462057894379,1.1436081309734178,0.46640130223999876,0.5041582498726027,0.6026076948587206
2023-11-12 00:00:00+00:00,1.1859090114346522,1.148306090898566,0.4642492074670794,0.5020871599689148,0.5998271089898606
2023-11-13 00:00:00+00:00,1.1815668898678353,1.143198966334924,0.4659490229475957,0.5043202071399526,0.6020233333217387
2023-11-14 00:00:00+00:00,1.2252278236603449,1.1849568398072052,0.4487314031784136,0.48589879492788546,0.5797775331701736
2023-11-15 00:00:00+00:00,1.2738542703313145,1.2323405117122683,0.46654051037045974,0.5053287592139049,0.6027875569007
2023-11-16 00:00:00+00:00,1.3343385399162178,1.2904839514987791,0.4443885557405271,0.4814866863415931,0.5741664140092728
2023-11-17 00:00:00+00:00,1.3333125960896004,1.2898788716950051,0.4440468750637402,0.48126092772649914,0.5737249499652672
2023-11-18 00:00:00+00:00,1.3342586891348553,1.2911811086639966,0.4443619622094681,0.4817467995285491,0.5741320541857203
2023-11-19 00:00:00+00:00,1.3011731983678396,1.258776454390149,0.45538076517295284,0.4938371549260255,0.5883687542593217
2023-11-20 00:00:00+00:00,1.3011731983678396,1.258776454390149,0.457495643451809,0.49627878342622617,0.5911012550443913
2023-12-08 00:00:00+00:00,1.5183064454028414,1.4694076023424287,0.5338402182491268,0.5793211453109425,0.689741263150345
2023-12-09 00:00:00+00:00,1.5183064454028414,1.4694076023424287,0.5292089228018239,0.5748010652130834,0.683757458516213
2023-12-10 00:00:00+00:00,1.5116487651441963,1.4621496421481401,0.5315294713371373,0.5776402251876886,0.6867556928628089
2023-12-11 00:00:00+00:00,1.5947766251782378,1.5419104868268074,0.5022998589323888,0.5461297210961535,0.6489899549280215
2023-12-12 00:00:00+00:00,1.5793504754806347,1.5274582803011656,0.49744115164094604,0.5410108898886975,0.6427123257987122
2023-12-13 00:00:00+00:00,1.539311717532401,1.488147724296136,0.510051985128036,0.5549343070848171,0.6590059880620992
2023-12-14 00:00:00+00:00,1.5763552638165768,1.524406453074577,0.5223263893979615,0.5684552850105518,0.6748649713611161
2023-12-15 00:00:00+00:00,1.641364535081383,1.5868096336564197,0.5007855231246275,0.5451849703699453,0.6470333771784006
2023-12-16 00:00:00+00:00,1.6359983847004493,1.58114579796459,0.5024227526176774,0.5471309114761354,0.6491487381047597
2023-12-17 00:00:00+00:00,1.6597793339067237,1.603632895995419,0.4951195119349152,0.539349600949365,0.6397126816192803
2023-12-18 00:00:00+00:00,1.6597793339067237,1.603632895995419,0.5000255637411443,0.5448831409171566,0.6460514816089249
2023-12-19 00:00:00+00:00,1.6597793339067237,1.603632895995419,0.49053925947276955,0.5347092798499885,0.6337948264056936
2023-12-20 00:00:00+00:00,1.6415061875512702,1.585285855538165,0.4959397940488589,0.5408268475394361,0.6407725163826984
2023-12-21 00:00:00+00:00,1.6152065302816978,1.5583842965204344,0.5038855737898932,0.5500044260226027,0.6510387570441275
2023-12-22 00:00:00+00:00,1.5560616379839265,1.4991596442449704,0.522336624744353,0.5709067291027131,0.6748781958063855
2023-12-23 00:00:00+00:00,1.567974670553794,1.5099013889332247,0.5183376744000232,0.5668160811531305,0.669711404381753
2023-12-24 00:00:00+00:00,1.5989960647025692,1.5389442394567647,0.5080826890347026,0.5559134123828874,0.6564615848333808
2023-12-25 00:00:00+00:00,1.5948697463181605,1.5337542605170271,0.509393831061155,0.5577881904473632,0.6581556287187608
2023-12-26 00:00:00+00:00,1.6252343191476726,1.5611693579864439,0.4996955305461015,0.5478180029133777,0.6456250665411788
2023-12-27 00:00:00+00:00,1.519559353020489,1.457762272929083,0.5321864197934176,0.5841037924937476,0.6876044945127588
2023-12-28 00:00:00+00:00,1.543528112529924,1.4787990849725199,0.5237919807839375,0.5756746528975772,0.6767585695188961
2023-12-29 00:00:00+00:00,1.5755511778863065,1.5073922095331915,0.5129250424381884,0.5645437716142501,0.6627180841359157
2023-12-30 00:00:00+00:00,1.569181882974515,1.5025829168191285,0.5108515008682377,0.5627426104894789,0.6600389919042676
2023-12-31 00:00:00+00:00,1.5768942846459573,1.5087485087045964,0.5083407071789259,0.5604334924807464,0.6567949537977799
2024-01-01 00:00:00+00:00,1.5296387069159534,1.4619966940227986,0.5235744067587379,0.5777997285570483,0.6764774558488504
2024-01-02 00:00:00+00:00,1.5296387069159534,1.4619966940227986,0.5232055957217686,0.5783665789927732,0.6760009383782535
2024-01-03 00:00:00+00:00,1.625705095128851,1.552895021738132,0.49034654760372864,0.5424071578450934,0.6335458355589336
2024-01-04 00:00:00+00:00,1.6674782582722498,1.5932631685127163,0.5029462044487664,0.5565072556965038,0.6498250571883194
2024-01-05 00:00:00+00:00,1.667184411964722,1.5925044215841304,0.5030348346209016,0.5567722766794402,0.6499395706415814
2024-01-06 00:00:00+00:00,1.6886774840595786,1.6125569799815502,0.4965497908014299,0.5497614901215775,0.6415606546987209
2024-01-07 00:00:00+00:00,1.6886774840595786,1.6125569799815502,0.49208109357887825,0.5449788429387722,0.6357869329715938
2024-01-08 00:00:00+00:00,1.6886774840595786,1.6125569799815502,0.5163594913755285,0.5720306143822022,0.6671555189100054
2024-01-09 00:00:00+00:00,1.67952771293271,1.6033358859348712,0.5191572850394284,0.5753016604030741,0.670770371575287
2024-01-27 00:00:00+00:00,1.7354633381586027,1.6563030611944878,0.5018670747584976,0.5562962204693508,0.6484307818036169
2024-01-28 00:00:00+00:00,1.7266863748387322,1.648273572470441,0.49932892324025246,0.5535993865781743,0.6451513963725171
2024-01-29 00:00:00+00:00,1.7724888739817948,1.6924905567815716,0.5125742426636793,0.568450377214571,0.6622648378811162
2024-01-30 00:00:00+00:00,1.7724888739817948,1.6924905567815716,0.5180668464734424,0.5746906398035262,0.6693614847058078
2024-01-31 00:00:00+00:00,1.8183933689926768,1.7358154821126224,0.5046497822998212,0.5599795213525681,0.652026142641782
2024-02-01 00:00:00+00:00,1.834964540471102,1.7520402604796086,0.5092486981458864,0.5652136857655613,0.6579681116361579
2024-02-02 00:00:00+00:00,1.8382424803457929,1.7555849143563154,0.5101584087026682,0.5663572022289719,0.6591434912480459
2024-02-03 00:00:00+00:00,1.8382424803457929,1.7555849143563154,0.507264505832113,0.5632726524553515,0.6554044619408917
2024-02-04 00:00:00+00:00,1.8382424803457929,1.7555849143563154,0.5056576263961875,0.5616138174140091,0.6533283144083947
2024-02-05 00:00:00+00:00,1.8474659025121645,1.7649202758375824,0.5081947746830773,0.5646002112680234,0.6566064036275596
2024-02-06 00:00:00+00:00,1.7910029050144536,1.710526645382641,0.5237264282049432,0.5820008019161875,0.676673873167642
2024-02-07 00:00:00+00:00,1.7516748012518226,1.672677455189078,0.5352267821429564,0.5948788585685025,0.6915327548717918
2024-02-08 00:00:00+00:00,1.7472509100477354,1.6689101325428943,0.5338750557540045,0.59353903026588,0.689786274492312
2024-02-09 00:00:00+00:00,1.6997123403439385,1.6230398743893566,0.5484005348395394,0.6098525441044069,0.7085537295281656
2024-02-10 00:00:00+00:00,1.6906313148695318,1.6139229936669817,0.5513304654571216,0.6132781856986583,0.7123393080140693
2024-02-11 00:00:00+00:00,1.686382820112531,1.6094671403313936,0.5527159387837233,0.6149713753118629,0.7141293906824107
2024-02-12 00:00:00+00:00,1.686382820112531,1.6094671403313936,0.5867205727184015,0.6529601700973979,0.758064632654241
2024-02-13 00:00:00+00:00,1.686382820112531,1.6094671403313936,0.5821169926304124,0.6480327429331738,0.7521166372871674
2024-02-14 00:00:00+00:00,1.686382820112531,1.6094671403313936,0.6117507403324388,0.6812364366379134,0.7904045329404991
2024-02-15 00:00:00+00:00,1.6576151541238178,1.581407240761473,0.6221864734034489,0.6931133029102466,0.8038878851950482
2024-02-16 00:00:00+00:00,1.670393631364033,1.5930807667054767,0.617390067150902,0.6879969256007809,0.7976907513071889
2024-02-17 00:00:00+00:00,1.6806409783780794,1.6023198385239132,0.6136025705139839,0.6840068874687945,0.7927971658761518
2024-02-18 00:00:00+00:00,1.6806409783780794,1.6023198385239132,0.634577187499864,0.707601116644101,0.8198971450822601
2024-02-19 00:00:00+00:00,1.644444277195959,1.567329278098383,0.6482443544489229,0.7230533122880849,0.8375556291621001
2024-02-20 00:00:00+00:00,1.6060279581578603,1.5297438012558275,0.6633881706794249,0.7403925554864952,0.8571219986087509
2024-02-21 00:00:00+00:00,1.6060279581578603,1.5297438012558275,0.6526518190471335,0.7287218166453348,0.8432502360788114
2024-02-22 00:00:00+00:00,1.6048062028027124,1.5281211544880413,0.6531483115589342,0.7294947945122325,0.8438917227269273
2024-02-23 00:00:00+00:00,1.57763017444813,1.5027021585618323,0.6420878003248215,0.7173602689509334,0.8296011340284465
2024-02-24 00:00:00+00:00,1.6154946990660008,1.5392191549338823,0.6574984775012633,0.7347927602729695,0.8495122976656545
2024-02-25 00:00:00+00:00,1.6797738507587734,1.6013401995786214,0.6836597792978618,0.7644481174839501,0.8833136650598631
2024-02-26 00:00:00+00:00,1.6472543329007316,1.5687709865981443,0.6968950647451613,0.77999601514955,0.9004141423010055
2024-02-27 00:00:00+00:00,1.6795959113476988,1.6015322708397555,0.7105776430547721,0.7962849900081755,0.918092538427429
2024-02-28 00:00:00+00:00,1.7513081988079438,1.67165958144371,0.7409165762810856,0.8311524265502379,0.9572915598027462
2024-02-29 00:00:00+00:00,1.7248918518491196,1.649983239113316,0.7297407539101818,0.8203749065774926,0.9428519848600171
2024-03-01 00:00:00+00:00,1.7702108780670855,1.6957197291806572,0.7489136315159985,0.8431151792522265,0.9676240502945693
2024-03-02 00:00:00+00:00,1.7789414779499562,1.701341166774992,0.7452200234015046,0.8403201894414438,0.962851772299425
2024-03-03 00:00:00+00:00,1.7460014474316572,1.6678849962091962,0.7590189991508257,0.856844738507124,0.980680558213558
2024-03-04 00:00:00+00:00,1.6791338801124156,1.6019915567137375,0.7880875626946643,0.8906962612812636,1.0182382150766023
2024-03-05 00:00:00+00:00,1.6791338801124156,1.6019915567137375,0.7702009433760588,0.8724662531124282,0.9951280428180054
2024-03-06 00:00:00+00:00,1.6791338801124156,1.6019915567137375,0.8272591111079136,0.9379681521635418,1.068849301237782
2024-03-07 00:00:00+00:00,1.659463197043435,1.5813168312842414,0.8369502691407925,0.950073230948959,1.0813706350648038
2024-03-08 00:00:00+00:00,1.6557974398833393,1.575455851575399,0.8387990937771046,0.9535945745648263,1.0837593847250968
2024-03-09 00:00:00+00:00,1.6481189994749463,1.5664921433072567,0.8426888623569105,0.9590201430210512,1.0887851092806526
2024-03-10 00:00:00+00:00,1.6613526341861504,1.5772864151287747,0.8359224598197247,0.9524117957335732,1.0800426674910677
2024-03-11 00:00:00+00:00,1.5829960439018629,1.500356913996688,0.8753481857888622,0.9988640846871408,1.130982160434782
2024-03-12 00:00:00+00:00,1.61901013660595,1.5321810583208713,0.8554334988047746,0.9776771294401729,1.1052516499073077
2024-03-13 00:00:00+00:00,1.61901013660595,1.5321810583208713,0.8594163458294467,0.9837088106999654,1.1103976352486555
2024-03-14 00:00:00+00:00,1.671046181235621,1.579486970769702,0.8317941424127336,0.9533369152758604,1.0747087290472341
2024-03-15 00:00:00+00:00,1.7328808134389797,1.6364015010614275,0.8010148106129578,0.9189847973117298,1.03494069646226
2024-03-16 00:00:00+00:00,1.630046952256067,1.5405245404838845,0.7534804128625665,0.865141367611826,0.9735245003296836
2024-03-17 00:00:00+00:00,1.6852744540199125,1.593575409974904,0.7790090277118481,0.8949341431102551,1.006508412838885
2024-03-18 00:00:00+00:00,1.6269419748757208,1.5395850843484287,0.752045153813596,0.8646137795439434,0.9716700926707185
2024-03-19 00:00:00+00:00,1.4585337694848888,1.3812189972911006,0.6741993690945101,0.7756771546868833,0.8710904659442527
2024-03-20 00:00:00+00:00,1.622640276873579,1.5371250201425608,0.7500567171110963,0.8632322349754882,0.9691009590685802
2024-03-21 00:00:00+00:00,1.622640276873579,1.5371250201425608,0.7448467852145372,0.8576766099257851,0.9623695347876486
2024-03-22 00:00:00+00:00,1.6961471266805261,1.6058021173700017,0.7111046542257488,0.8193565389115797,0.9187734563094805
2024-03-23 00:00:00+00:00,1.691436796254661,1.6019354959193712,0.7091298621596094,0.817383604927498,0.9162219520810698
2024-03-24 00:00:00+00:00,1.6281626396853806,1.5412430049903223,0.7356573647098638,0.8483517975632097,0.9504964643635029
2024-03-25 00:00:00+00:00,1.5650991433879784,1.4807106676910402,0.7641515239324964,0.8816708244734865,0.9873119696453736
2024-03-26 00:00:00+00:00,1.5678398947435304,1.4820706528851657,0.762813366325093,0.8808610381367366,0.9855830206324052
2024-03-27 00:00:00+00:00,1.6060921966278758,1.5170204753650605,0.7442021756876367,0.8600887916501042,0.9615366754898209
2024-03-28 00:00:00+00:00,1.5808474570230486,1.491484251853285,0.7558996300293149,0.874566789791998,0.9766502181894222
2024-03-29 00:00:00+00:00,1.556381828320281,1.4699196056286885,0.7442011200923205,0.8619218534487475,0.961535311621716
2024-03-30 00:00:00+00:00,1.5532312090157332,1.4683293542090596,0.7426946167569793,0.8609893722124898,0.9595888537155162
2024-03-31 00:00:00+00:00,1.5532312090157332,1.4683293542090596,0.7712416692865108,0.8953758447484825,0.9964726991019077
2024-04-01 00:00:00+00:00,1.615596079410117,1.5255809957733382,0.7402750067132802,0.8604642380425973,0.9564626282442582
2024-04-02 00:00:00+00:00,1.510970592749438,1.4273596351064126,0.69233503345685,0.8050650370169375,0.894522413590268
2024-04-03 00:00:00+00:00,1.5254991574166425,1.4415124560777763,0.6989921016706304,0.8130475671789003,0.903123591399071
2024-04-04 00:00:00+00:00,1.5184243647228688,1.4343947139599922,0.7022338105826691,0.8170621442907882,0.907311998947473
2024-04-05 00:00:00+00:00,1.5184243647228688,1.4343947139599922,0.6999162175593955,0.8146107001986268,0.9043175832315047
2024-04-06 00:00:00+00:00,1.5331850629424961,1.448865436555234,0.7067201468866905,0.8228288045676442,0.9131085110188226
2024-04-07 00:00:00+00:00,1.5797473855421007,1.493301659657493,0.7281830036952637,0.8480646914983619,0.9408393140941573
2024-04-08 00:00:00+00:00,1.470126276572219,1.388904189181639,0.7787127460633463,0.9073533208384119,1.0061256060148576
2024-04-09 00:00:00+00:00,1.394183826611734,1.317855068837711,0.7384867092296985,0.8609378403546966,0.9541520818990246
2024-04-10 00:00:00+00:00,1.3792706815766187,1.3031343972739864,0.746386068834244,0.8705546665781002,0.9643583460309926
2024-04-11 00:00:00+00:00,1.3965595058761282,1.319006480491621,0.737030300038429,0.8599513733626557,0.952270347475671
2024-04-12 00:00:00+00:00,1.5030346315906002,1.4191731822528872,0.6808383558199581,0.7946457861507544,0.8796682818028394
2024-04-13 00:00:00+00:00,1.3945126395781866,1.317131900174092,0.6316805166996127,0.7375092253480673,0.8161545395077889
2024-04-14 00:00:00+00:00,1.4626260635726414,1.3818608873027554,0.6625342512889323,0.7737532986626046,0.8560187032426606
2024-04-15 00:00:00+00:00,1.4379598241807534,1.358892395661501,0.6513610410921303,0.7608924192962206,0.8415825033252725
2024-04-16 00:00:00+00:00,1.4293392451071512,1.3510477858469914,0.6474561271538027,0.7564999418938494,0.836537210407573
2024-04-17 00:00:00+00:00,1.3830060025929636,1.307398448555083,0.6264682882909126,0.7320591179119407,0.8094201480484194
2024-04-18 00:00:00+00:00,1.4197403425130712,1.3422828586799413,0.643108056309345,0.7515921459135464,0.8309193424126144
2024-04-19 00:00:00+00:00,1.41580583485397,1.3388031825946225,0.6413258194471453,0.7496437509093661,0.8286166266138714
2024-04-20 00:00:00+00:00,1.41580583485397,1.3388031825946225,0.6620809080545694,0.7740354969314719,0.8554329670534023
2024-04-21 00:00:00+00:00,1.4118226665318152,1.3351615204540397,0.6602182375988156,0.771930052455922,0.8530263280834157
2024-04-22 00:00:00+00:00,1.388157026980047,1.312696115197507,0.6712851280850686,0.7849185345177938,0.8673251590110856
2024-04-23 00:00:00+00:00,1.3964454170732585,1.32064946150894,0.6752932286797433,0.7896741888227075,0.8725037728968503
2024-04-24 00:00:00+00:00,1.4309736388652283,1.3531523009240833,0.658596067380494,0.7702393167407078,0.8509304242957625
2024-04-25 00:00:00+00:00,1.4309736388652283,1.3531523009240833,0.6617891182202658,0.774067397605344,0.8550559638190879
2024-04-26 00:00:00+00:00,1.4309736388652283,1.3531523009240833,0.6565909303381963,0.7680651631214336,0.8483397132382854
2024-04-27 00:00:00+00:00,1.37456485599228,1.2995489699789728,0.6824736539746465,0.7984910443013217,0.8817811473687602
2024-04-28 00:00:00+00:00,1.37456485599228,1.2995489699789728,0.6840398378581302,0.8005302335311376,0.8838047147456481
2024-04-29 00:00:00+00:00,1.3947134161350205,1.3182756878200874,0.6740130881176346,0.7889944590794354,0.8708497840474998
2024-04-30 00:00:00+00:00,1.4828980030382135,1.401379532649372,0.6313967591604571,0.739256400717055,0.8157879142952346
2024-05-01 00:00:00+00:00,1.4828980030382135,1.401379532649372,0.6225113649758387,0.7289573908523893,0.8043076570965771
2024-05-02 00:00:00+00:00,1.489725705397582,1.4080736377551566,0.6253775919898822,0.7324394721004143,0.8080109281757513
2024-05-03 00:00:00+00:00,1.431958542635397,1.3533367092545099,0.6496278878755006,0.7609120504801418,0.8393432054080192
2024-05-04 00:00:00+00:00,1.431958542635397,1.3533367092545099,0.6525645512759054,0.7645021032397334,0.8431374828978004
2024-05-05 00:00:00+00:00,1.4232081559009049,1.3447443986136884,0.6565522311024283,0.7693559134642529,0.8482897123974923
2024-05-06 00:00:00+00:00,1.4570316520537692,1.3763724245235942,0.6409488270811872,0.7512608696848759,0.8281295385642918
2024-05-07 00:00:00+00:00,1.4844026800666126,1.401975694024368,0.628908300524259,0.7372859206309633,0.8125727339016365
2024-05-08 00:00:00+00:00,1.5003956917528238,1.4167301402625905,0.6221324182553127,0.7295266951861042,0.8038180439487713
2024-05-09 00:00:00+00:00,1.4696461314688631,1.3872702278963276,0.6348825870307238,0.7446966925612207,0.8202917325467856
2024-05-10 00:00:00+00:00,1.5309713622887136,1.4448226858227293,0.6083902768347655,0.7138021168652136,0.7860626900848637
2024-05-11 00:00:00+00:00,1.5300465118347932,1.4436206744093902,0.6087578016869941,0.7143959601788302,0.7865375457573095
2024-05-12 00:00:00+00:00,1.5217254152608881,1.4354586020832991,0.6120685065699989,0.7184350762706196,0.7908150986464701
2024-05-13 00:00:00+00:00,1.5106940733262169,1.424681863765971,0.6165055337206952,0.7238287440529726,0.796547901471988
2024-05-14 00:00:00+00:00,1.546362357218088,1.4579309287593603,0.6019495128916449,0.7069361102887698,0.7777409853763809
2024-05-15 00:00:00+00:00,1.6263423522073412,1.5337356245001832,0.6330831723474197,0.7436930482832488,0.8179668223692347
2024-05-16 00:00:00+00:00,1.6736206793880413,1.5779866599202883,0.6146792284827022,0.7222361642573643,0.7941882477053931
2024-05-17 00:00:00+00:00,1.590187748589475,1.4990342487720012,0.6453220677860892,0.7583722660603349,0.8337799269478288
2024-05-18 00:00:00+00:00,1.5744785900073215,1.4839443742284684,0.6516970802388057,0.7660063427076963,0.8420166783041753
2024-05-19 00:00:00+00:00,1.6008194295695912,1.5084787843060032,0.6407942655910117,0.7533417751805245,0.8279298394149515
2024-05-20 00:00:00+00:00,1.2911283542882905,1.216406889968147,0.7647609425811381,0.8992039256131187,0.9880993610297844
2024-05-21 00:00:00+00:00,1.2465616544634628,1.1739400855522346,0.791158683171812,0.9305966426011266,1.0222062160716232
2024-05-22 00:00:00+00:00,1.2641466396932262,1.1900587306704487,0.7799979726620992,0.9178191957664078,1.0077861662112506
2024-05-23 00:00:00+00:00,1.2494686728574262,1.1758839785946866,0.7890545045668976,0.9287513113125327,1.019487539660154
2024-05-24 00:00:00+00:00,1.2680632809648322,1.1930307331863799,0.7773117857564684,0.9152082483048867,1.0043155135964583
2024-05-25 00:00:00+00:00,1.2750064381914556,1.1999209662115042,0.7815678808769801,0.9204939445756729,1.009814545561749
2024-05-26 00:00:00+00:00,1.249427570476521,1.175488468604308,0.797247504788175,0.93923681742445,1.0300731983056362
2024-05-27 00:00:00+00:00,1.2714329075422586,1.19654421197079,0.8112888950073703,0.9560607420449285,1.0482151926610614
2024-05-28 00:00:00+00:00,1.287861996899891,1.2116204436198654,0.8008056538769389,0.9440145568112749,1.0346704582404729
2024-05-29 00:00:00+00:00,1.2615027502904126,1.1873691376259143,0.7844152069442558,0.9251195422871085,1.0134933959201669
2024-05-30 00:00:00+00:00,1.2687995868660642,1.1935453468537245,0.7798779599416548,0.9203074483284214,1.007631105347412
2024-05-31 00:00:00+00:00,1.2731022887015853,1.1979880562898306,0.7825226505330284,0.9237330899226728,1.0110481431927785
2024-06-01 00:00:00+00:00,1.2905433787992866,1.214899630747902,0.7932429580625655,0.9367731038423377,1.0248991761498578
2024-06-02 00:00:00+00:00,1.2787543049570658,1.2042352186272778,0.7859967081797278,0.9285500916773402,1.0155367538811049
2024-06-03 00:00:00+00:00,1.2732142887482332,1.199515635465569,0.782591492270366,0.9249109609579454,1.011137089257997
2024-06-04 00:00:00+00:00,1.258753426192952,1.185522373724481,0.7914799787621256,0.9357007504206415,1.0226213418316015
2024-06-05 00:00:00+00:00,1.258753426192952,1.185522373724481,0.8027000840616871,0.949317430367992,1.037118131952401
2024-06-06 00:00:00+00:00,1.258753426192952,1.185522373724481,0.7912945045210147,0.9363485794900415,1.022381702267229
2024-06-07 00:00:00+00:00,1.2133255810375916,1.1432870362074188,0.7627370416568318,0.9029902902119222,0.9854844063442783
2024-06-08 00:00:00+00:00,1.213716651703736,1.1439985186475694,0.7629828817574903,0.903552232851667,0.9858020408269655
2024-06-09 00:00:00+00:00,1.205655543765237,1.1360572561278097,0.7680503638229629,0.9098243961144943,0.9923494146690759
2024-06-10 00:00:00+00:00,1.2183772852054144,1.1477037986478882,0.7599461103385261,0.9004971298539284,0.9818784200827568
2024-06-11 00:00:00+00:00,1.161071427570305,1.0940663495468508,0.724202368118256,0.8584127793228306,0.9356961860248046
2024-06-12 00:00:00+00:00,1.1813977291505167,1.113547846366114,0.7368806197657705,0.8736981099034842,0.9520769550395021
2024-06-13 00:00:00+00:00,1.2120365705899396,1.142092977441634,0.7177700629128965,0.8513013829473717,0.9273854103176759
2024-06-17 00:00:00+00:00,1.2120365705899396,1.142092977441634,0.7259155100822781,0.8612102230316033,0.9379096286651811
2024-06-18 00:00:00+00:00,1.2216879184288876,1.1509510026202778,0.7201351043919768,0.854530712702411,0.9304411311896139
2024-06-19 00:00:00+00:00,1.1951655151455869,1.125663620799296,0.7357689773058617,0.87330548622506,0.950640671956553
2024-06-20 00:00:00+00:00,1.211381362173969,1.1407163293185756,0.7257861615091996,0.8616273856899291,0.9377425055352033
2024-06-21 00:00:00+00:00,1.2094946181927844,1.1387930765063186,0.7269165839464387,0.8630800933000988,0.939203053041931
2024-06-22 00:00:00+00:00,1.2175495309981381,1.1462141175999006,0.7220755126325349,0.8574557591066718,0.9329482102464511
2024-06-23 00:00:00+00:00,1.2438222774218195,1.170776832774467,0.7064942928470924,0.8390809709564174,0.9128166992646034
2024-06-24 00:00:00+00:00,1.2190003775890252,1.147706292795774,0.692395389098688,0.8225466062987767,0.8946003953069248
2024-06-25 00:00:00+00:00,1.2044340504040307,1.1336475754979833,0.7006691008746768,0.8326223114463387,0.9052903362597237
2024-06-26 00:00:00+00:00,1.2127112086104075,1.141098177884503,0.6958539356140185,0.827150118928301,0.8990689650410902
2024-06-27 00:00:00+00:00,1.2127112086104075,1.141098177884503,0.7120735386746222,0.8466782391339265,0.9200252907737408
2024-06-28 00:00:00+00:00,1.2379700569277703,1.1645231110619751,0.6972421778555863,0.8292972796696836,0.9008626252497536
2024-06-29 00:00:00+00:00,1.2379700569277703,1.1645231110619751,0.6966430706507274,0.8288334929495449,0.9000885566312499
2024-06-30 00:00:00+00:00,1.21667636718828,1.1441433877376006,0.70862567178279,0.8433384839693304,0.9155705195072629
2024-07-05 00:00:00+00:00,1.3785141424790945,1.2960530890596906,0.6143669146242904,0.7313671186787183,0.7937847266744998
2024-07-06 00:00:00+00:00,1.4175651753309926,1.3330461525727773,0.6317709163873526,0.7522424288809371,0.8162713392405155
2024-07-07 00:00:00+00:00,1.3547585499952344,1.2742277468976853,0.6037796818860506,0.719051004666148,0.7801056312588518
2024-07-08 00:00:00+00:00,1.314719008668416,1.2362780037122256,0.6216242354600102,0.7404661724262,0.8031614530229458
2024-07-09 00:00:00+00:00,1.3352455793689195,1.2557593042138033,0.6313295897860574,0.7521344573693702,0.8157011289846499
2024-07-10 00:00:00+00:00,1.3206142872600841,1.2418048752951125,0.6382475438971482,0.7604924339238261,0.8246393810006738
2024-07-11 00:00:00+00:00,1.321229871604006,1.242153480783608,0.6379500344734202,0.7602789447986831,0.8242549878457438
2024-07-12 00:00:00+00:00,1.3065977368282418,1.2281252550779298,0.6450150964170214,0.768865133866223,0.8333833086103304
2024-07-13 00:00:00+00:00,1.2899565817660303,1.2121447790692208,0.6532301697593333,0.7788696759720707,0.8439974865427894
2024-07-14 00:00:00+00:00,1.261942743900013,1.1855838453027034,0.6674162937913343,0.7959365364935741,0.8623264823257065
2024-07-15 00:00:00+00:00,1.169554899602439,1.098568316003797,0.7162783780106983,0.8543540320471202,0.9254580983739656
2024-07-16 00:00:00+00:00,1.1828056469478283,1.1108078668386918,0.7081631336393469,0.8448353617433227,0.9149729031561383
2024-07-17 00:00:00+00:00,1.1630447742381305,1.0924720178213303,0.6963320085701874,0.8308898594652919,0.8996866529435634
2024-07-18 00:00:00+00:00,1.1762051166868865,1.1050519008617476,0.7042112991132509,0.8404576077288924,0.9098669871074555
2024-07-19 00:00:00+00:00,1.1499617550597956,1.0801470234088155,0.7199235856203605,0.8593992463148717,0.9301678411306652
2024-07-20 00:00:00+00:00,1.145601606462596,1.0758753879491267,0.7226532188434847,0.8627978950312317,0.9336946279910291
2024-07-21 00:00:00+00:00,1.1398611030318802,1.0702879826698912,0.7262743671192786,0.8672787127612482,0.93837328520047
2024-07-22 00:00:00+00:00,1.1085990047442618,1.0411527371714544,0.7063553957742009,0.8436697601980009,0.9126372391204838
2024-07-23 00:00:00+00:00,1.122144499772684,1.0541532162198683,0.7149860489326582,0.8542043442697212,0.9237883615122193
2024-07-24 00:00:00+00:00,1.122144499772684,1.0541532162198683,0.6846758452853294,0.8181884834682679,0.8846264598132049
2024-07-25 00:00:00+00:00,1.122144499772684,1.0541532162198683,0.6516116566609945,0.7787862434404056,0.8419063078891187
2024-07-26 00:00:00+00:00,1.0872228765806142,1.0212199587015378,0.6718900938373876,0.8031166420127576,0.8681067970891158
2024-07-27 00:00:00+00:00,1.095544753420262,1.0289115127686703,0.6667472783842401,0.7970677834670341,0.8614620897299792
2024-07-28 00:00:00+00:00,1.095544753420262,1.0289115127686703,0.670623888412823,0.801941224875475,0.8664708129517434
2024-07-29 00:00:00+00:00,1.111608773520466,1.0442883723090115,0.6804572754921805,0.8139260626593747,0.879175911955725
2024-07-30 00:00:00+00:00,1.1249120920325062,1.0564727388981028,0.6723138170332853,0.8044294774374885,0.8686542630955607
2024-07-31 00:00:00+00:00,1.1412713539069115,1.0715197658000488,0.6625365572166927,0.7929722277214712,0.8560216825864269
2024-08-01 00:00:00+00:00,1.1412713539069115,1.0715197658000488,0.6562526594817334,0.7856571578128296,0.8479026548079769
2024-08-02 00:00:00+00:00,1.217616312562307,1.1429930160676463,0.6123528612574868,0.7332517123351546,0.7911824953967077
2024-08-03 00:00:00+00:00,1.182305492513581,1.1100318104244304,0.5945946549431482,0.7121064733540192,0.7682382374786572
2024-08-04 00:00:00+00:00,1.0948299670724084,1.0280438236823295,0.5506022348833496,0.6595096238331123,0.7113984072376809
2024-08-05 00:00:00+00:00,0.9853359574674329,0.9251476380257784,0.49553647288557695,0.5934997678980374,0.6402514105553228
2024-08-06 00:00:00+00:00,1.002287796019489,0.9409339784794805,0.5040617420806669,0.6036270049033925,0.6512663729772322
2024-08-07 00:00:00+00:00,0.9541142599329578,0.8956214054204654,0.47983473201589444,0.5745581293120581,0.6199641818848517
2024-08-08 00:00:00+00:00,1.092820998817812,1.0257449163373635,0.5495919022800609,0.6580348311410313,0.7100930202282874
2024-08-09 00:00:00+00:00,1.092820998817812,1.0257449163373635,0.5324253573906127,0.6374981588614536,0.6879132107062376
2024-08-10 00:00:00+00:00,1.097379821248392,1.030032837270203,0.534646428054983,0.6401630920787581,0.6907829159723814
2024-08-11 00:00:00+00:00,1.097379821248392,1.030032837270203,0.5235546398714485,0.6268850500540484,0.6764519163009836
2024-08-12 00:00:00+00:00,1.168745611919828,1.09716550413474,0.5576029156923208,0.6677424515900706,0.720443545200364
2024-08-13 00:00:00+00:00,1.1601266710542073,1.0890450722389335,0.5534908604188422,0.6628003010379055,0.7151306180331765
2024-08-14 00:00:00+00:00,1.1424319074726919,1.0724372971749678,0.5619329471012743,0.6729079068593395,0.7042231304874403
2024-08-15 00:00:00+00:00,1.1031533981590724,1.0357098820116606,0.5812530381736383,0.6959527675024723,0.6800108911331414
2024-08-16 00:00:00+00:00,1.0934134046900532,1.026520972234827,0.5761210222589827,0.6897782129282737,0.6860148627018748
2024-08-17 00:00:00+00:00,1.0934134046900532,1.026520972234827,0.5712855755694848,0.6840130264384815,0.6917726604017251
2024-08-18 00:00:00+00:00,1.0944191870683624,1.027506961581259,0.571811075771353,0.6846700315802476,0.6911363294873211
2024-08-19 00:00:00+00:00,1.0944191870683624,1.027506961581259,0.5664244935005566,0.6782499469379587,0.6976469810938813
2024-08-20 00:00:00+00:00,1.1208522864267352,1.0523216943422142,0.5801051335081782,0.6946299733588954,0.6807969731753237
2024-08-21 00:00:00+00:00,1.1459891221080707,1.0760034441513084,0.5670953840563734,0.6789978208266171,0.6960648919316971
2024-08-22 00:00:00+00:00,1.149258428887924,1.0790235117785958,0.5687132081248153,0.6809035947800588,0.6940791403861466
2024-08-23 00:00:00+00:00,1.0882222648703388,1.0215825881424185,0.5385093203154717,0.6446562554362751,0.7309411091034758
2024-08-24 00:00:00+00:00,1.0901211122210002,1.0233656355554381,0.5375696712849408,0.6435310868185986,0.7322165338336213
2024-08-25 00:00:00+00:00,1.0814521637955237,1.0152531397530484,0.5418445758833621,0.6486325315604768,0.7263937428639533
2024-08-26 00:00:00+00:00,1.0555992266358891,0.9911265106499089,0.5547977829132849,0.6640467331033518,0.7090287475214833
2024-08-27 00:00:00+00:00,1.0555992266358891,0.9911265106499089,0.6011525925224802,0.719383754321971,0.6497875363792576
2024-08-28 00:00:00+00:00,1.0555992266358891,0.9911265106499089,0.5836606113984474,0.6984904069837247,0.6686946682162589
2024-08-29 00:00:00+00:00,1.0560395993533045,0.9915304422237834,0.583904101733609,0.6987750753145558,0.668415703547914
2024-08-30 00:00:00+00:00,1.0566845039749846,0.9920367496285325,0.5842606815948722,0.6991318923922972,0.6680075139528595
2024-08-31 00:00:00+00:00,1.0624016516688668,0.9971757167868742,0.5874217997865754,0.7027535483800402,0.6643932869972025
2024-09-01 00:00:00+00:00,1.0994984396644625,1.031855809074616,0.6079333096627535,0.7271941334274664,0.6411940978066398
2024-09-02 00:00:00+00:00,1.1502808467489736,1.0796023613090846,0.5798547643026077,0.6935450398516576,0.6708088553363909
2024-09-03 00:00:00+00:00,1.0990003519902536,1.0316430158121397,0.605705180994913,0.7243545002381707,0.6409036282021624
2024-09-04 00:00:00+00:00,1.0990003519902536,1.0316430158121397,0.5993808260848326,0.7166987331145133,0.6475955009730886
2024-09-05 00:00:00+00:00,1.136033929494344,1.066302467983795,0.6195784686397962,0.7407772031677549,0.6257731438344807
2024-09-06 00:00:00+00:00,1.066948299873301,1.0015911319546857,0.65725689310787,0.7857331926324822,0.5877180025932439
2024-09-07 00:00:00+00:00,1.0901986322960735,1.0234408355168219,0.6429343235384437,0.7685924285120515,0.6005252200870657
2024-09-08 00:00:00+00:00,1.1014481542646806,1.0341066978204991,0.6363000244458239,0.7605824872182602,0.6067219088884852
2024-09-09 00:00:00+00:00,1.1313067465579367,1.0621676446751904,0.6190508938965967,0.7399437419152632,0.6231692214948433
2024-09-10 00:00:00+00:00,1.1454543946904647,1.0754279059176,0.611309302812107,0.7307061725243382,0.630962314658616
2024-09-11 00:00:00+00:00,1.1687074119021656,1.0972325678314943,0.6237190380279766,0.7455214855384582,0.6181536182751548
2024-09-12 00:00:00+00:00,1.1794113721419361,1.1073501739087872,0.6180065186105005,0.7386470152265318,0.6238151651128858
2024-09-13 00:00:00+00:00,1.1409330503719342,1.0710637573051995,0.5978440424459145,0.7144425188088391,0.6441671484964511
2024-09-14 00:00:00+00:00,1.1308656724171626,1.0616189443190986,0.603119305469761,0.720742588187011,0.638483139125483
2024-09-15 00:00:00+00:00,1.083192199753277,1.016898853063979,0.6285447759068616,0.7511034577698789,0.6115668490462294
2024-09-16 00:00:00+00:00,1.073773933375131,1.0080075500482266,0.6340099206258055,0.7576707662284237,0.606249325993836
2024-09-17 00:00:00+00:00,1.073773933375131,1.0080075500482266,0.6214062385990041,0.742488359705667,0.6183011464547001
2024-09-18 00:00:00+00:00,1.0585882769296109,0.9936492165858912,0.6126181116393504,0.7319121537436716,0.627045360202206
2024-09-19 00:00:00+00:00,1.0585882769296109,0.9936492165858912,0.5893426912835084,0.7039697971898603,0.6508689202040995
2024-09-20 00:00:00+00:00,1.0177846814513771,0.9550532645685871,0.5666263044716933,0.6766257565964136,0.6759568535471672
2024-09-21 00:00:00+00:00,1.0177846814513771,0.9550532645685871,0.5554162306535748,0.6631185592009455,0.6893299111802609
2024-09-22 00:00:00+00:00,1.0302506280831574,0.9665589610162121,0.5622190340519111,0.6711072663589688,0.6808869172532851
2024-09-23 00:00:00+00:00,1.0564033132999693,0.9912479985639724,0.5479472277363774,0.6539650193094032,0.6981710816398691
2024-09-24 00:00:00+00:00,1.054085159711821,0.9889401917158056,0.5467448215946122,0.6524424689968576,0.6997031364693727
2024-09-25 00:00:00+00:00,1.0832634518333604,1.0161994405900232,0.5618793484148057,0.6704264601294633,0.6803345471991828
2024-09-26 00:00:00+00:00,1.1049167461786886,1.0367724650551846,0.5506479726149521,0.6568536323798959,0.693933717538464
2024-09-27 00:00:00+00:00,1.1049167461786886,1.0367724650551846,0.5377144204411513,0.6412705500560276,0.710232747748858
2024-09-28 00:00:00+00:00,1.1132276693824472,1.0443282908633373,0.5417589815081235,0.6459440234896259,0.7048905445070758
2024-09-29 00:00:00+00:00,1.1132276693824472,1.0443282908633373,0.545427603180202,0.6501957213143079,0.7001172471252343
2024-09-30 00:00:00+00:00,1.1364738385829956,1.0658769237821417,0.5568170994161428,0.6636118367701064,0.6854975566212033
2024-10-01 00:00:00+00:00,1.2043518157789077,1.129235694138234,0.5900740183995028,0.7030588207823952,0.6445549621359633
2024-10-02 00:00:00+00:00,1.1627569492796288,1.0905384250152836,0.610453487005316,0.7271516266849245,0.6222938775838934
2024-10-03 00:00:00+00:00,1.1556102594404971,1.0839573509819709,0.6142055365936209,0.7315397698066034,0.6184690530282217
2024-10-04 00:00:00+00:00,1.1872663176902254,1.1137890919015596,0.5973803776917547,0.7114069621223561,0.6354110040089915
2024-10-05 00:00:00+00:00,1.1870085672365103,1.1138075521372772,0.5975100664238415,0.7113951710747445,0.6352730589901372
2024-10-06 00:00:00+00:00,1.174749408122526,1.102108377751269,0.5913391160375687,0.7039228423517104,0.6418340171213146
2024-10-07 00:00:00+00:00,1.166372002365253,1.094416842842554,0.5955560900415064,0.7088354691171808,0.6372569524698507
2024-10-08 00:00:00+00:00,1.1747933422304906,1.1025919231303716,0.5912561066460881,0.7035406064615268,0.6418580208831454
2024-10-09 00:00:00+00:00,1.2088919222682712,1.1343341917548215,0.6084174174490757,0.7237946773013597,0.6232279807635603
2024-10-10 00:00:00+00:00,1.2165486086089412,1.1418211037902053,0.6045639205038176,0.7190174369430742,0.6271752824863497
2024-10-11 00:00:00+00:00,1.2433828852058246,1.1672976676343951,0.5912286247758105,0.7029745615954737,0.6410093330831534
2024-10-12 00:00:00+00:00,1.2249760612733982,1.1497627835003728,0.5824761790653668,0.6924146351700895,0.6504987237394761
2024-10-13 00:00:00+00:00,1.2287561875827313,1.153153879710835,0.5842736293165627,0.6944568343776907,0.6484913642346389
2024-10-14 00:00:00+00:00,1.2287561875827313,1.153153879710835,0.546289159761916,0.649124755290774,0.6906507211613502
2024-10-15 00:00:00+00:00,1.2287561875827313,1.153153879710835,0.5510974436373967,0.6546434317920782,0.6845718073355727
2024-10-16 00:00:00+00:00,1.2287561875827313,1.153153879710835,0.5504466548390666,0.6536739729150588,0.6853802154837325
2024-10-17 00:00:00+00:00,1.2287561875827313,1.153153879710835,0.5517462564832775,0.6550211915200499,0.683762036415658
2024-10-18 00:00:00+00:00,1.212096819010299,1.1371735744307934,0.5442657291515721,0.6459439653236538,0.6930324221077898
2024-10-19 00:00:00+00:00,1.212096819010299,1.1371735744307934,0.5431224958046668,0.6443933730574658,0.6944881407632254
2024-10-20 00:00:00+00:00,1.1668920722996723,1.0944219130724686,0.5228669234191701,0.6201676190600685,0.72038884440699
2024-11-06 00:00:00+00:00,1.1668920722996723,1.0944219130724686,0.5276827134567988,0.6256965653905044,0.7137538073359362
2024-11-07 00:00:00+00:00,1.0930335293673228,1.024768586566929,0.49428298671969007,0.5858747684747351,0.758930921375589
2024-11-08 00:00:00+00:00,1.0683131947481157,1.0012847193249679,0.4831041523106812,0.5724487077390445,0.7760951032832814
2024-11-09 00:00:00+00:00,1.0091575267192092,0.9455402312340462,0.4563532434967027,0.5405787914651441,0.819069789465558
2024-11-10 00:00:00+00:00,0.9908594440836932,0.9279540168873427,0.44807862913829255,0.530524502727392,0.8339211940233973
2024-11-12 00:00:00+00:00,0.9731506815213801,0.9102438254430076,0.44007051244723683,0.5203993345205352,0.8488251367660509
2024-11-13 00:00:00+00:00,0.9554535490613763,0.89423734433213,0.4480733698653142,0.5295504673107656,0.8333889138193173
2024-11-14 00:00:00+00:00,0.9168491491833526,0.858379798087422,0.4661774457379373,0.5507846290138693,0.7997164460006584
2024-11-15 00:00:00+00:00,0.925718223057466,0.8669943583489175,0.46166791196307594,0.545257043918883,0.8074524451497451
2024-11-16 00:00:00+00:00,0.9382178422976879,0.8790440866834376,0.4554341866552741,0.5376789101185453,0.8183551668069069
2024-11-17 00:00:00+00:00,0.9208962211656819,0.8631637954201404,0.46384253072650405,0.5473922997291047,0.8032464814762872
2024-11-18 00:00:00+00:00,0.9598479748502771,0.9002888485783236,0.4442230778608728,0.5238487170004854,0.8372219266734425
2024-11-19 00:00:00+00:00,0.9908256547870257,0.9286507178767498,0.45855972354545427,0.5403515636892762,0.8102018218651124
2024-11-20 00:00:00+00:00,0.9781238242844879,0.9172148388839408,0.46443820262562807,0.5470057286804518,0.7998154878370638
2024-11-21 00:00:00+00:00,1.0692579676134264,1.0030421709853647,0.42116538105165113,0.4958202916960649,0.8743362156790304
2024-11-22 00:00:00+00:00,1.0792047020929312,1.0115152941774774,0.4172475049692026,0.49163188712623224,0.8662027339126187
2024-11-23 00:00:00+00:00,1.0586383681784393,0.9913824932591481,0.4251989635715821,0.5014171340380583,0.8827099031537685
2024-11-24 00:00:00+00:00,1.0698592814152441,1.0011172970474114,0.4206921170203603,0.49649350723495933,0.8733537230508315
2024-11-25 00:00:00+00:00,1.0534803391573107,0.9850600302772441,0.42713267608522093,0.5044569384121456,0.8867242760283017
2024-11-26 00:00:00+00:00,1.0534803391573107,0.9850600302772441,0.41567879510682476,0.49120669836482517,0.8629461038421581
2024-11-27 00:00:00+00:00,1.1569521068902657,1.082379699110647,0.45650634369991283,0.5397357948100028,0.9477037927177177
2024-11-28 00:00:00+00:00,1.1569521068902657,1.082379699110647,0.4470349307740664,0.5287665153056472,0.9280412095442389
2024-11-29 00:00:00+00:00,1.1531876086297024,1.078475180514801,0.4484894959278767,0.5306739593325149,0.9310608760440481
2024-11-30 00:00:00+00:00,1.1181285390189606,1.0451023068665437,0.4621244191092885,0.5470953988919962,0.9593668757103593
2024-12-01 00:00:00+00:00,1.1169206845508726,1.0435483583298628,0.4626236274068635,0.5479088676681604,0.960403228443453
2024-12-02 00:00:00+00:00,1.1375247580350176,1.0618198180910947,0.4540895109324913,0.5383155462389139,0.9426864657699996
2024-12-03 00:00:00+00:00,1.1475674255475743,1.0703929794796412,0.45008056963515025,0.5339691722334196,0.9343639332910857
2024-12-04 00:00:00+00:00,1.1475674255475743,1.0703929794796412,0.4777014624524623,0.5670290747826837,0.9917047024665157
2024-12-05 00:00:00+00:00,1.1647316593509838,1.085286372911495,0.4705564534471289,0.5591394610987973,0.97687171662348
2024-12-06 00:00:00+00:00,1.2299086711391312,1.1467360059774814,0.4968882383411723,0.5907983076252307,1.0315363072858088
2024-12-07 00:00:00+00:00,1.2314702440160676,1.1472976608963832,0.49625735637890145,0.5905089430514954,1.0302266009988041
2024-12-08 00:00:00+00:00,1.2299385307680266,1.1451434964444165,0.496874605533639,0.5916176818008589,1.0315080056782124
2024-12-09 00:00:00+00:00,1.3209419228552868,1.2293725398344775,0.4601107564351439,0.5481022695006061,0.9551865268940123
2024-12-10 00:00:00+00:00,1.2906046932721211,1.2015071375565092,0.44954368652075666,0.5356787853782439,0.9332493679169596
2024-12-11 00:00:00+00:00,1.362082182856505,1.2684105941963275,0.47444074007907494,0.5655069580708412,0.9849354669391118
2024-12-12 00:00:00+00:00,1.3446826508198453,1.2518271200896056,0.48050134858009086,0.5729005181997526,0.9975172453565563
2024-12-13 00:00:00+00:00,1.3363953026019482,1.2437364971391125,0.4834627030620755,0.5766032036636723,1.0036649953558494
2024-12-14 00:00:00+00:00,1.3363953026019482,1.2437364971391125,0.47873754339564256,0.5711407091594846,0.9938555988406085
2024-12-15 00:00:00+00:00,1.3363953026019482,1.2437364971391125,0.4897218607496606,0.584413094454795,1.0166589604159317
2024-12-16 00:00:00+00:00,1.3279129263935112,1.2354857656966791,0.49283022625520123,0.5882899892029022,1.0231119042126782
2024-12-17 00:00:00+00:00,1.3279129263935112,1.2354857656966791,0.4810627564933114,0.5744196822118631,0.9986827240316358
2024-12-18 00:00:00+00:00,1.4188683856388489,1.319763917822729,0.4481123400367803,0.5352358804184446,0.9302779032039755
2024-12-19 00:00:00+00:00,1.3368929643182466,1.2437903067316483,0.4222225547365487,0.5044244587150934,0.8765309004289041
2024-12-20 00:00:00+00:00,1.3576915513025902,1.2635135949391938,0.4287912425566078,0.5124233222890636,0.8901674477543906
2024-12-21 00:00:00+00:00,1.3576915513025902,1.2635135949391938,0.4122128851572185,0.4927465312750596,0.8557509004243078
2024-12-22 00:00:00+00:00,1.3342416159477593,1.2420108467990494,0.4050931785492698,0.4843608640361983,0.8409704421710797
2024-12-23 00:00:00+00:00,1.3908890461526944,1.2949878639598207,0.42229207812194175,0.5050209040609561,0.8766752304627117
2024-12-24 00:00:00+00:00,1.3908890461526944,1.2949878639598207,0.4309972914040509,0.5155369441564507,0.8947471888434141
2024-12-25 00:00:00+00:00,1.3908890461526944,1.2949878639598207,0.4314073044662958,0.5160905753561994,0.8955983729277447
2024-12-26 00:00:00+00:00,1.455938827905127,1.3552118455841922,0.41123103585625675,0.49208955558469103,0.8537125885383061
2024-12-27 00:00:00+00:00,1.4551296353169716,1.3547808645133377,0.4110024787906325,0.4919330624988954,0.8532381057607198
2024-12-28 00:00:00+00:00,1.4551296353169716,1.3547808645133377,0.4195716857801409,0.5023339473048422,0.8710277160840294
2024-12-29 00:00:00+00:00,1.4551296353169716,1.3547808645133377,0.4136798747268413,0.4953832921357297,0.8587963599194398
2024-12-30 00:00:00+00:00,1.456709616606687,1.35665832126144,0.4141290487702645,0.49606979482341823,0.8597288419110205
2024-12-31 00:00:00+00:00,1.4460889463220037,1.3471539488205098,0.4111096906002099,0.492594467238862,0.8534606766843507
2025-01-01 00:00:00+00:00,1.4460889463220037,1.3471539488205098,0.41379438805018665,0.49595906858346844,0.8590340887316432
2025-01-02 00:00:00+00:00,1.4054262213694693,1.3088690411315769,0.4254299153329188,0.5100537807541389,0.8831893573019403
2025-01-03 00:00:00+00:00,1.343582980214015,1.2508819634937196,0.4441501899717692,0.5326507918030844,0.9220525089772611
2025-01-04 00:00:00+00:00,1.343582980214015,1.2508819634937196,0.44993830730044965,0.5397520346585285,0.9340685977365698
2025-01-05 00:00:00+00:00,1.343582980214015,1.2508819634937196,0.44721518891441453,0.5366472708903375,0.9284154241102219
2025-01-06 00:00:00+00:00,1.3252237380328806,1.233414159593005,0.4533261117835429,0.5441412228101368,0.9411016547836896
2025-01-08 00:00:00+00:00,1.3252237380328806,1.233414159593005,0.4088715501766277,0.4909424317388116,0.8488143137206458
2025-01-09 00:00:00+00:00,1.3252237380328806,1.233414159593005,0.3955893724928716,0.4751248192745229,0.8212406110981894
2025-01-10 00:00:00+00:00,1.3252237380328806,1.233414159593005,0.40130718560825096,0.48210500144095536,0.8331107488307291
2025-01-11 00:00:00+00:00,1.3188952213224883,1.2272499593784734,0.40322360104606386,0.48451440442226196,0.8370892131037951
2025-01-12 00:00:00+00:00,1.3188952213224883,1.2272499593784734,0.4011271153979387,0.4821315757385432,0.8327369244061105
2025-01-13 00:00:00+00:00,1.3715196872676172,1.2759386033865192,0.3851219772469641,0.4630039868746899,0.7995103759956014
2025-01-14 00:00:00+00:00,1.4096573600890798,1.3116803771298806,0.3958310148939998,0.47597372044747094,0.8217422589354889
2025-01-15 00:00:00+00:00,1.4096573600890798,1.3116803771298806,0.42349241447576796,0.5093111767715426,0.879167119854299
2025-01-16 00:00:00+00:00,1.4683652985562516,1.365998499536042,0.40585524439864634,0.48822004258591367,0.8425524852373414
2025-01-17 00:00:00+00:00,1.5413843482550742,1.434336840045166,0.4260376637805337,0.5126447747689631,0.8844510385836394
2025-01-18 00:00:00+00:00,1.5413843482550742,1.434336840045166,0.40558203117867375,0.4881846101891297,0.8419852966136521
2025-01-19 00:00:00+00:00,1.5849879984556727,1.474481961932903,0.39410867151002055,0.47452099217933025,0.8181666868106198
2025-01-20 00:00:00+00:00,1.6185630041463819,1.506158448553461,0.4024571264520135,0.4847151880040374,0.8354980175162027
2025-01-21 00:00:00+00:00,1.6185630041463819,1.506158448553461,0.4076711036608103,0.4911402626208551,0.8463221956335798
2025-01-22 00:00:00+00:00,1.6602677492065094,1.5445150712212685,0.3971668357373497,0.47863262655613104,0.8245154131251409
2025-01-25 00:00:00+00:00,1.6602677492065094,1.5445150712212685,0.40637744004533866,0.489839598388912,0.8436365595371639
2025-01-26 00:00:00+00:00,1.6602677492065094,1.5445150712212685,0.3955770379761789,0.47693482421023486,0.8212150047327744
2025-01-27 00:00:00+00:00,1.6602677492065094,1.5445150712212685,0.3894879400298662,0.4696254160236851,0.808574082437632
2025-01-28 00:00:00+00:00,1.6051177675740254,1.4935182375530176,0.3765501155440342,0.4541193133811218,0.7817152545068659
2025-01-29 00:00:00+00:00,1.623806062704646,1.5112843438457082,0.3809342671825723,0.45952127754080374,0.7908167208786527
2025-01-30 00:00:00+00:00,1.6930393303454583,1.5760124015084194,0.3971759383273885,0.4792024976044058,0.8245343100347291
2025-01-31 00:00:00+00:00,1.7205543118699649,1.6020570569208252,0.40363077278349463,0.4871216382856121,0.8379344986188291
2025-02-01 00:00:00+00:00,1.7205543118699649,1.6020570569208252,0.3811221896118972,0.46006309794162453,0.7912068464518583
2025-02-02 00:00:00+00:00,1.5831848403544269,1.4744721945503763,0.3506933020094303,0.4234245233171844,0.7280367008733435
2025-02-03 00:00:00+00:00,1.5767013062868385,1.4690021420233925,0.3521294779459963,0.4249953595746048,0.7310181914941798
2025-02-04 00:00:00+00:00,1.6578445760463023,1.5448636826662532,0.334007505759317,0.40304794246669784,0.693397111283889
2025-02-05 00:00:00+00:00,1.6231662929080162,1.5126256178825341,0.3409941720743569,0.411458707653281,0.7079013788731451
2025-02-06 00:00:00+00:00,1.6231662929080162,1.5126256178825341,0.32855628661230446,0.3964368477667646,0.6820804206576679
2025-02-07 00:00:00+00:00,1.5840559447828273,1.476241486550616,0.32063969124911157,0.3869011039822919,0.6656456272431842
2025-02-08 00:00:00+00:00,1.5900691401599594,1.482060469003917,0.3218568636068773,0.3884261733938665,0.668172468054413
2025-02-09 00:00:00+00:00,1.5869345279280986,1.4792889884937293,0.3212223651211895,0.38769980925979614,0.6668552538915463
2025-02-10 00:00:00+00:00,1.6072200417333928,1.4983964313607157,0.325328495908288,0.3927075880052569,0.6753795510322806
2025-02-11 00:00:00+00:00,1.571555801905147,1.465183729962204,0.3181094510981435,0.3840030291953404,0.6603928674061043
2025-02-12 00:00:00+00:00,1.6535127348764147,1.5418557243202677,0.33469891927329315,0.40409762722142145,0.6948324806244786
2025-02-13 00:00:00+00:00,1.6535127348764147,1.5418557243202677,0.3269728752007214,0.3948527243605501,0.6787932702798055
2025-02-14 00:00:00+00:00,1.6842913054884023,1.5708074593887522,0.3208865853794808,0.3874384953335147,0.6914283629280702
2025-02-15 00:00:00+00:00,1.6842913054884023,1.5708074593887522,0.3248031432966682,0.39213228069687384,0.682989184251307
2025-02-16 00:00:00+00:00,1.7043743704564134,1.589324071636788,0.32867601410433983,0.39675471952488106,0.6748453933791038
2025-02-17 00:00:00+00:00,1.7043743704564134,1.589324071636788,0.31848363367855026,0.384374779028428,0.6957726307884267
2025-02-18 00:00:00+00:00,1.7495254215484777,1.631290802409173,0.3269206713772313,0.39452434710900725,0.6773407263044514
2025-02-19 00:00:00+00:00,1.7777464789468405,1.6578562311366636,0.3216472144054073,0.3880995524562662,0.688266701588862
2025-02-20 00:00:00+00:00,1.7630158705567929,1.6439229722432613,0.3189820092081158,0.3848378151359684,0.6939697573221079
2025-02-21 00:00:00+00:00,1.812240182246009,1.6895849965081817,0.3278881512949445,0.39552716856036785,0.6745937640552266
2025-02-22 00:00:00+00:00,1.8810428894622166,1.7538195148939488,0.3154396951276994,0.380490045696784,0.7002050917880926
2025-02-23 00:00:00+00:00,1.8428019858411548,1.7179241281368574,0.30902692323014624,0.37270256401379265,0.7144400013587621
2025-02-24 00:00:00+00:00,1.8428019858411548,1.7179241281368574,0.34264100879780496,0.4132014089052983,0.6367275254113302
2025-02-25 00:00:00+00:00,1.8297344251591452,1.7057385716626732,0.34507072300964775,0.41613232361856256,0.6322124035262078
2025-02-26 00:00:00+00:00,1.7128078578588262,1.5969301683982404,0.3671219751272047,0.44267724347431653,0.5918117720834376
2025-02-27 00:00:00+00:00,1.6913771073469384,1.5773252355073952,0.37171542641263844,0.44811183154983847,0.5844069891246688
2025-02-28 00:00:00+00:00,1.6398866909427325,1.5294104239391526,0.38303152026699827,0.46172423911605853,0.5666159482687606
2025-03-01 00:00:00+00:00,1.6251829040376897,1.515740992181636,0.38646591233995475,0.4658509979497877,0.5615354752053728
2025-03-02 00:00:00+00:00,1.8452685042590806,1.72124062358578,0.3341299062995702,0.4026923126191596,0.6375797603126891
2025-03-03 00:00:00+00:00,2.1157578557526113,1.973499421752254,0.38310845953502687,0.4617094409742671,0.5441199004091971
2025-03-04 00:00:00+00:00,2.137877453009932,1.9939765153976248,0.37910317849223346,0.45691872892460894,0.549808506515052
2025-03-05 00:00:00+00:00,2.206421698588598,2.0582281048797784,0.3669484400016621,0.442195509081813,0.5674363687850565
2025-03-06 00:00:00+00:00,2.206421698588598,2.0582281048797784,0.37336418288508794,0.4499146129940581,0.5575152860170981
2025-03-07 00:00:00+00:00,2.145528756829226,2.0015490876821564,0.3836683071864399,0.46230425922757945,0.5421289499132087
2025-03-08 00:00:00+00:00,2.207493910652856,2.059630587984305,0.37258755816530165,0.44888898745769956,0.5577862109341519
2025-03-09 00:00:00+00:00,2.02323426039113,1.887929256440735,0.4036874641845692,0.4863106674965276,0.5112277621649118
2025-03-10 00:00:00+00:00,1.8681996088340553,1.7432958488145378,0.434620879347139,0.523566708084403,0.47205384171231035
2025-03-11 00:00:00+00:00,1.9263084483228534,1.797618694396554,0.421102348031192,0.5072518448014472,0.4867366950800244
2025-03-12 00:00:00+00:00,1.9263084483228534,1.797618694396554,0.42446611401931655,0.5113069890348582,0.4828486418603328
2025-03-13 00:00:00+00:00,1.8822561229350352,1.7566377686439678,0.43417313647834266,0.5229634286456233,0.4718064821777457
2025-03-14 00:00:00+00:00,1.9294524071895318,1.8009646531459023,0.42328654218587963,0.5097670031137932,0.4836367068611181
2025-03-15 00:00:00+00:00,1.9549956726055362,1.8249801542539035,0.4176828172876709,0.5029693627454955,0.490039383974191
2025-03-16 00:00:00+00:00,1.9043727565523465,1.7775712176082026,0.4284983513027582,0.5160353912157494,0.4773502394685051
2025-03-17 00:00:00+00:00,1.9439396739981663,1.8147066471080158,0.41959549400587054,0.5052548409345146,0.48726808640934555
2025-03-18 00:00:00+00:00,1.9439396739981663,1.8147066471080158,0.41849266855122397,0.5038718895995894,0.48854877616079845
2025-03-19 00:00:00+00:00,1.9439396739981663,1.8147066471080158,0.3915809972588415,0.47136074236995523,0.5199654891939107
2025-03-20 00:00:00+00:00,1.9439396739981663,1.8147066471080158,0.4053886345791081,0.48798626492696795,0.5016308535907975
2025-03-21 00:00:00+00:00,1.9439396739981663,1.8147066471080158,0.4091097031447986,0.49239426706788647,0.49702637620377055
2025-03-22 00:00:00+00:00,1.9585608358571247,1.8283298081489525,0.40603262247827365,0.48869782036858667,0.5007647139679772
2025-03-23 00:00:00+00:00,1.9335330906427484,1.8048333188688552,0.4008440774823435,0.4824173981787178,0.5071638063240008
2025-03-24 00:00:00+00:00,1.861028263052879,1.7369517824220222,0.38581297671198306,0.46427321064921306,0.5261817504777881
2025-03-25 00:00:00+00:00,1.861028263052879,1.7369517824220222,0.38865974227890526,0.46766307614195796,0.5222992577167392
2025-03-26 00:00:00+00:00,1.8100537005290283,1.689407266941678,0.39930534112693133,0.4804641306031314,0.5079932008463465
2025-03-27 00:00:00+00:00,1.8044729079654318,1.684453486715617,0.40053648707454287,0.48187297603435897,0.5064269463883643
2025-03-28 00:00:00+00:00,1.8044729079654318,1.684453486715617,0.4219014311334537,0.5075642065021785,0.47941371855851417
2025-03-29 00:00:00+00:00,1.7389398202511266,1.6234193443872855,0.4372236359563755,0.5259551839110137,0.462002838555245
2025-03-30 00:00:00+00:00,1.7196257933292556,1.6053578580185086,0.4420797839250385,0.5318067418696149,0.4568714733648451
2025-03-31 00:00:00+00:00,1.7334451787707006,1.6183287237826083,0.4385271092945288,0.5275098844264102,0.46054301807656184
2025-04-01 00:00:00+00:00,1.8119712684745102,1.6917296093599992,0.41866157241817076,0.5035841565451031,0.48140588861486755
2025-04-02 00:00:00+00:00,1.7070519085423155,1.5939061826966427,0.4429035154172457,0.5327036609470239,0.45353083420322426
2025-04-03 00:00:00+00:00,1.7282583772207802,1.6137889207651734,0.43740138658315647,0.5260585977220117,0.45916498474200984
2025-04-04 00:00:00+00:00,1.7276281802573994,1.6133358288788933,0.43756088184684877,0.5262062954037028,0.45899755353907795
2025-04-05 00:00:00+00:00,1.7172077693907886,1.6037231735660469,0.4402000864049275,0.5293415631208281,0.45622905094731436
2025-04-06 00:00:00+00:00,1.7172077693907886,1.6037231735660469,0.49513345918457485,0.5953703362244024,0.39929539440654865
2025-04-07 00:00:00+00:00,1.687416618017581,1.5757693157956898,0.5037233317063726,0.6057479986376101,0.3923681781724815
2025-04-08 00:00:00+00:00,1.6007230440473699,1.4948005709031194,0.5296028776652786,0.6368735286750493,0.37220967118923537
2025-04-09 00:00:00+00:00,1.6007230440473699,1.4948005709031194,0.4590579597753503,0.5521023653520489,0.4217892746982578
2025-04-10 00:00:00+00:00,1.7420582573045862,1.6265896149983479,0.4995903022586711,0.6007784525765144,0.38454755614440106
2025-04-11 00:00:00+00:00,1.7930067960235314,1.6740434377010673,0.48497919740525575,0.5832514538121647,0.3957941008402213
2025-04-12 00:00:00+00:00,1.7041874423134502,1.5910446813451509,0.4609550057669975,0.5543339572771468,0.41540037133337004
2025-04-13 00:00:00+00:00,1.7041874423134502,1.5910446813451509,0.4741304139316373,0.5700776352557895,0.4035270444889131
2025-04-14 00:00:00+00:00,1.6766526776805308,1.5650407073307304,0.4664698309295739,0.5607603079756651,0.410046880228306
2025-04-15 00:00:00+00:00,1.7129088332289464,1.598809684651233,0.4765568352173208,0.5728598668137003,0.4011799731642463
2025-04-16 00:00:00+00:00,1.700610771702124,1.5873119474983883,0.47997833971705683,0.5769795517501062,0.3982996470794059
2025-04-17 00:00:00+00:00,1.6939921647255987,1.5810093350135543,0.4781103120409457,0.5746885852314674,0.3998497894557644
2025-04-18 00:00:00+00:00,1.6994498742427917,1.5860734712045268,0.47656993466811604,0.5728477983375782,0.40113802682002275
2025-04-19 00:00:00+00:00,1.6734287325556176,1.561571841862406,0.46927292992452413,0.5639984576991157,0.40728005524357247
2025-04-20 00:00:00+00:00,1.70042368098785,1.5866353972613039,0.47684301540083174,0.5730507511706576,0.4007100090414934
2025-04-21 00:00:00+00:00,1.7092163375761225,1.5945557736393225,0.4793087049391591,0.5759113816852751,0.398637992790262
2025-04-22 00:00:00+00:00,1.7092163375761225,1.5945557736393225,0.4256106893354968,0.5113646827788901,0.44329828987328973
2025-04-23 00:00:00+00:00,1.746630056615128,1.6298789302419263,0.4162943269764887,0.5000367536656841,0.4530018231845329
2025-04-24 00:00:00+00:00,1.746630056615128,1.6298789302419263,0.42232145973951607,0.507187062448862,0.44644323721951007
2025-04-25 00:00:00+00:00,1.732071013056912,1.616084669960537,0.41880119710311514,0.5028945532195204,0.45016456705254065
2025-04-26 00:00:00+00:00,1.6968661076183784,1.5832605123658525,0.41028892686106627,0.49268030493462756,0.4593143079669695
2025-04-27 00:00:00+00:00,1.7245565730834682,1.609175529213863,0.4169842644065258,0.500744561134629,0.45181894523606314
2025-04-28 00:00:00+00:00,1.733464682277841,1.6172743955581559,0.41483035341419056,0.4982243492623777,0.45415279299905814
2025-04-29 00:00:00+00:00,1.7306918140369856,1.6148923760451286,0.4154939203873657,0.49895816420749023,0.45342632544014133
2025-04-30 00:00:00+00:00,1.7341933126854672,1.618362034656557,0.4163345387972345,0.5000301950851298,0.45250896299996707
2025-05-01 00:00:00+00:00,1.6913499488258847,1.578207886299308,0.40604896567079923,0.4876236468551391,0.46368822773920676
2025-05-02 00:00:00+00:00,1.6913499488258847,1.578207886299308,0.4051299439413013,0.4865540115442425,0.4647377059869858
2025-05-03 00:00:00+00:00,1.6913499488258847,1.578207886299308,0.40707230476212924,0.4888451137917135,0.4625095608558489
2025-05-04 00:00:00+00:00,1.7142522521092787,1.5994625154411417,0.412584406730385,0.4954286708070089,0.4562467917337383
2025-05-05 00:00:00+00:00,1.703348690533421,1.5892351281408934,0.4099601491402385,0.49226076856042644,0.4591487654551292
2025-05-06 00:00:00+00:00,1.7003183841297294,1.5864312583787523,0.41068948005885914,0.4931292587288192,0.4583319265706786
2025-05-07 00:00:00+00:00,1.6944364012052877,1.5811205019445413,0.4121101954563407,0.49478006418910003,0.4567463996534978
2025-05-08 00:00:00+00:00,1.3237686504989719,1.234873158108807,0.32195870963823414,0.3864288772949597,0.556662312981577
2025-05-09 00:00:00+00:00,1.2415194799653233,1.1577768325216573,0.30195458217695376,0.3623031228848182,0.5912491824415986
2025-05-10 00:00:00+00:00,1.1160411525479013,1.040428646207845,0.27143653027441816,0.325581353047911,0.6510057627425072
2025-05-11 00:00:00+00:00,1.1458412871036532,1.0680037871926207,0.2786843321203066,0.33421044236127534,0.6336228380340351
2025-05-12 00:00:00+00:00,1.1549101672528468,1.0762130560821928,0.28089000827799293,0.33677936900736755,0.6286079641220926
2025-05-13 00:00:00+00:00,1.0698136086853547,0.9966327669534923,0.26019335695548496,0.3118763078460832,0.6749253106583591
2025-05-14 00:00:00+00:00,1.0979275855568447,1.0226221116354712,0.267031062103535,0.3200091538968223,0.6571887307347316
2025-05-15 00:00:00+00:00,1.0719768785049297,0.9987141244122727,0.27334263033223194,0.32749068072439697,0.6416553636407013
2025-05-16 00:00:00+00:00,1.0666578971431722,0.9939983827120745,0.27469891364884474,0.3290370305974672,0.6384715702321749
2025-05-17 00:00:00+00:00,1.0926147226311456,1.0181572489617177,0.28138363588492066,0.33703418808950963,0.6229345408135248
2025-05-18 00:00:00+00:00,1.1026097835283324,1.0275771243214393,0.27880958437537395,0.33391598601708344,0.6286330441756237
2025-05-19 00:00:00+00:00,1.1156895916688105,1.039877695509822,0.27550218049973746,0.3299188579575673,0.6360902604378179
2025-05-20 00:00:00+00:00,1.1175370194801797,1.0414332712572987,0.27595837404510054,0.3304123907800234,0.6350369828537579
2025-05-21 00:00:00+00:00,1.1056552968829303,1.0302185535975794,0.27302436757226173,0.32685433115571616,0.6417887352679841
2025-05-22 00:00:00+00:00,1.1546116916878222,1.076052545853734,0.2609353478136572,0.3123127187660275,0.670205966925708
2025-05-23 00:00:00+00:00,1.2147945259122448,1.1319331746990882,0.274536308979922,0.32853147238386443,0.6352722356166591
2025-05-24 00:00:00+00:00,1.2131242728983065,1.1301940766913219,0.2741588417723176,0.32802671782601417,0.636145688158284
2025-05-25 00:00:00+00:00,1.2228597430496442,1.1394705987835114,0.27195868365131737,0.32533430671052704,0.6412508348422019
2025-05-26 00:00:00+00:00,1.2170740782420428,1.133929708901857,0.27067197698355266,0.3237523075171017,0.6442847579139838
2025-05-27 00:00:00+00:00,1.1710997901651667,1.090823714613572,0.26044749544488277,0.31144496164804736,0.66862225190339
2025-05-28 00:00:00+00:00,1.162398766695321,1.0823918782728692,0.2585124257014164,0.3090375580405056,0.6735899736595794
2025-05-29 00:00:00+00:00,1.1844546441058776,1.1026231247664786,0.2634175568265861,0.31481385324190436,0.6608089743074786
2025-05-30 00:00:00+00:00,1.2300620237176245,1.14482404100046,0.2735604395197921,0.32686278705396477,0.6353645506716199
2025-05-31 00:00:00+00:00,1.2286476091481664,1.1436699981939817,0.27387499916298375,0.3271922819235653,0.634633962408541
2025-06-01 00:00:00+00:00,1.2286476091481664,1.1436699981939817,0.272744085940358,0.32579266316690003,0.6372545591837437
2025-06-02 00:00:00+00:00,1.19563278134741,1.1127607290073247,0.2654152155922208,0.31698766422422814,0.6543781423658122
2025-06-03 00:00:00+00:00,1.19563278134741,1.1127607290073247,0.26691249437143627,0.318729194315267,0.6506866188638133
2025-06-04 00:00:00+00:00,1.1892011625165864,1.1065533497786326,0.2654767028376454,0.31695120833068313,0.6541868309491103
2025-06-05 00:00:00+00:00,1.1892011625165864,1.1065533497786326,0.2852523534102824,0.34050653594952274,0.6054557368840239
2025-06-06 00:00:00+00:00,1.1892011625165864,1.1065533497786326,0.2778779090855253,0.3316894078604489,0.62110819187476
2025-06-07 00:00:00+00:00,1.1663804376790392,1.0850872751329743,0.27254544263531255,0.32525495118492487,0.6330272343276995
2025-06-08 00:00:00+00:00,1.1736332642208818,1.0915718261787877,0.27424019398431243,0.32719869560272175,0.6290909228305887
2025-06-09 00:00:00+00:00,1.0938668155818034,1.0172430053300376,0.25560135081660246,0.30491862878152476,0.6718473360263145
2025-06-10 00:00:00+00:00,1.0384139414268951,0.965369353015774,0.24264380485327705,0.2893694995659122,0.7059062042955399
2025-06-11 00:00:00+00:00,1.0554684862507107,0.980934628441387,0.24662890124018136,0.29403519145518187,0.6943126494304876
2025-06-12 00:00:00+00:00,1.104826343751964,1.0265973736942446,0.25816223863649285,0.3077226010475281,0.661843859259743
2025-06-13 00:00:00+00:00,1.1312950880837291,1.051195632097469,0.26434712943786526,0.3150959299211843,0.6459878145542887
2025-06-14 00:00:00+00:00,1.1312950880837291,1.051195632097469,0.2693313852374151,0.32101507777330857,0.6338077371009129
2025-06-15 00:00:00+00:00,1.1385489694907194,1.0581186649282621,0.2676044282760781,0.3189009157137023,0.6378717220047548
2025-06-16 00:00:00+00:00,1.1401801066324693,1.0594484191334566,0.2679878105757899,0.3193016834609941,0.6369578779055419
2025-06-17 00:00:00+00:00,1.1401801066324693,1.0594484191334566,0.27162361267774215,0.32358687899110034,0.6283162430999579
2025-06-18 00:00:00+00:00,1.1465989990248473,1.0655712024356756,0.27009444835461,0.321716799897373,0.6318534863209028
2025-06-19 00:00:00+00:00,1.1449221375498444,1.0641735187991,0.2704894521662679,0.32213878794078127,0.6309294223979804
2025-06-20 00:00:00+00:00,1.0925609440867081,1.015714855918915,0.2828598571659695,0.33680783828801203,0.6020748684817957
2025-06-21 00:00:00+00:00,1.0422540796586008,0.9689325688807859,0.29588411230122624,0.35232069691724466,0.5743523886071348
2025-06-22 00:00:00+00:00,1.0112087728549544,0.9400921482227461,0.30469752279679846,0.36280757436565586,0.5572443278513963
2025-06-23 00:00:00+00:00,1.0947993316024056,1.0178134926783653,0.27951000775216583,0.33281275682389766,0.6033083711769257
2025-06-24 00:00:00+00:00,1.11164971486273,1.0335173761962644,0.27520798580187233,0.3276777760007608,0.6125940703777224
2025-06-25 00:00:00+00:00,1.0978841954323966,1.020722870399213,0.2786158766377067,0.3317342875806981,0.6050083394897036
2025-06-26 00:00:00+00:00,1.0965110657103059,1.019565875485552,0.2789643430268297,0.3321103101961879,0.6042516522757677
2025-06-27 00:00:00+00:00,1.099855594274117,1.0227412775843583,0.27811345857822306,0.33107596430310876,0.606094713393858
2025-06-28 00:00:00+00:00,1.1054966824584367,1.0281208816719636,0.2766870326426244,0.3293345095971057,0.6092033339655988
2025-06-29 00:00:00+00:00,1.1054966824584367,1.0281208816719636,0.2694045201982205,0.3206169109674304,0.625237807350216
2025-06-30 00:00:00+00:00,1.1122711048158846,1.0342708895467243,0.27105541615637907,0.3225347754543617,0.6214063847434871
2025-07-01 00:00:00+00:00,1.1484720847110774,1.0678473284800027,0.27987743052704317,0.3330055034825364,0.6011815313390942
2025-07-02 00:00:00+00:00,1.2275152463253671,1.141470218366511,0.2606149710664751,0.3100463904514687,0.642557625345869
2025-07-03 00:00:00+00:00,1.2275152463253671,1.141470218366511,0.2585683122647049,0.307536450302175,0.6476037522593656
2025-07-04 00:00:00+00:00,1.2275152463253671,1.141470218366511,0.26691245185099866,0.3174280256330121,0.6267052281589809
2025-07-05 00:00:00+00:00,1.2275152463253671,1.141470218366511,0.26604825436886775,0.3163656523313276,0.6287343469822406
2025-07-06 00:00:00+00:00,1.2014441781175271,1.1170138700640477,0.2603976832602878,0.3095874215375158,0.6420879701603278
2025-07-07 00:00:00+00:00,1.2146347790976184,1.1290877450462122,0.2632565775797962,0.31293377194897515,0.635038515543325
2025-07-08 00:00:00+00:00,1.1801405496159112,1.0968327918948195,0.25578039382820567,0.3039941087580602,0.6530728783508415
2025-07-09 00:00:00+00:00,1.1109471302010123,1.032327038157022,0.24078360376449406,0.28611593328574164,0.6913635256766469
2025-07-10 00:00:00+00:00,1.037701243777185,0.9640995345187366,0.22490849322627895,0.2672062514139247,0.7369458336935242
2025-07-11 00:00:00+00:00,1.0396090923768218,0.96616129376351,0.22532199504717518,0.26777768095972243,0.7383007333674443
2025-07-12 00:00:00+00:00,1.0340873747816024,0.9612405181333536,0.22412523327030634,0.2664138570358374,0.7343793669808942
2025-07-13 00:00:00+00:00,1.0242324335441522,0.9519282933352489,0.22626116593670717,0.26899479872446447,0.7413780652380131
2025-07-14 00:00:00+00:00,1.010003140851158,0.9385036101450018,0.22940453090908067,0.27278833020995885,0.7516777639596536
2025-07-15 00:00:00+00:00,1.010003140851158,0.9385036101450018,0.2388916134437247,0.28414085126561817,0.7827635884544113
2025-07-16 00:00:00+00:00,0.9353257325665278,0.8688311686412264,0.25655473332063616,0.30523484240708865,0.8406394045989937
2025-07-17 00:00:00+00:00,0.9061636398573445,0.8414816301407343,0.26455373586870734,0.31484319023738105,0.8668493156474582
2025-07-18 00:00:00+00:00,0.9061636398573445,0.8414816301407343,0.26977891318125397,0.32115608304840537,0.8839703793990036
2025-07-27 00:00:00+00:00,0.9889799919922624,0.918623852807089,0.29443462048386815,0.3505978357638282,0.9647584390795594
2025-07-28 00:00:00+00:00,1.0085557505301137,0.9365314026967565,0.2886066147785503,0.34376332105362867,0.9456621192311356
2025-07-29 00:00:00+00:00,1.0099851025849897,0.9376292859269988,0.2881975938021019,0.3433603319127729,0.9443219017046074
2025-07-30 00:00:00+00:00,1.005516732788776,0.9333956048796513,0.28947263580043514,0.34491070811309904,0.9484997647767262
2025-07-31 00:00:00+00:00,1.035249903852085,0.9608656438567643,0.28091291807745883,0.33475990973140746,0.9204525877979826
2025-08-01 00:00:00+00:00,1.035249903852085,0.9608656438567643,0.26493605760785466,0.31572795516011387,0.8681020491870118
2025-08-02 00:00:00+00:00,1.0071884981564256,0.9349590202937581,0.257754720842423,0.30721537555551925,0.8445713406143014
2025-08-03 00:00:00+00:00,1.0071884981564256,0.9349590202937581,0.2655068181009825,0.3165049544474268,0.8699722300833118
2025-08-04 00:00:00+00:00,0.9425800743567796,0.8749236831451672,0.2825383638910335,0.3368282854566089,0.9257786006266898
2025-08-05 00:00:00+00:00,0.9703049474840867,0.9006179886847262,0.27422783356519215,0.326936486837355,0.8985479228894524
2025-08-06 00:00:00+00:00,0.9513806002634814,0.8829009462142774,0.2795762374390446,0.3333680124066987,0.916072756634972
2025-08-07 00:00:00+00:00,0.8928602276709777,0.8284117250151549,0.29677325152406175,0.3539421928361439,0.9724213084398687
2025-08-08 00:00:00+00:00,0.8700836972152953,0.8070782790723713,0.3043438261697728,0.36305699216808485,0.9972274123081183
2025-08-09 00:00:00+00:00,0.8160763972876843,0.75673968921142,0.3232348688978156,0.3857013595098815,1.0591266986927859
2025-08-10 00:00:00+00:00,0.8182998423460914,0.7585750818975635,0.3223541977077844,0.38476588134695106,1.0562410497115602
2025-08-11 00:00:00+00:00,0.8238195341448247,0.7634777882687973,0.3201798164733049,0.3822791213901195,1.0491163690531073
2025-08-12 00:00:00+00:00,0.7521965489245502,0.696920291642651,0.3480162943821502,0.4156049649485324,1.1403266925289148
2025-08-13 00:00:00+00:00,0.7263519744397682,0.6727658672109436,0.3599737183492462,0.43000933635179633,1.1795069549007444
2025-08-14 00:00:00+00:00,0.7576393521938022,0.701543210865548,0.344467966174202,0.41161582525084733,1.128700072066904
2025-08-15 00:00:00+00:00,0.7576393521938022,0.701543210865548,0.3361850934145244,0.40182635870556355,1.1015600184224348
2025-08-16 00:00:00+00:00,0.7576393521938022,0.701543210865548,0.3348447209915103,0.40029228318958665,1.0971680905829462
2025-08-17 00:00:00+00:00,0.7490645061307499,0.6935377632733336,0.3386344422212933,0.4048600971816691,1.1095856708667582
2025-08-18 00:00:00+00:00,0.7222949025452915,0.6688828003110346,0.3265325341687116,0.3904674984948795,1.06993198508923
2025-08-19 00:00:00+00:00,0.7222949025452915,0.6688828003110346,0.30842644975780387,0.3689333888759801,1.0106047303479109
2025-08-20 00:00:00+00:00,0.6762385906666067,0.6261025673058743,0.32809291107661426,0.39252953506505633,1.0750447900561528
2025-08-21 00:00:00+00:00,0.6936246162610068,0.6421072193897344,0.31965767560196284,0.3824955582545342,1.0474054975150127
2025-08-22 00:00:00+00:00,0.5941281687669859,0.549878323685217,0.3655107240534951,0.43743520366644273,1.197649770346928
2025-08-23 00:00:00+00:00,0.6008388565006347,0.5559242451717537,0.36138227423177854,0.4326255961898468,1.1841222958968378
2025-08-24 00:00:00+00:00,0.6008857913215973,0.5558008941923467,0.36135404467878507,0.43272158910879216,1.1840297976049008
2025-08-25 00:00:00+00:00,0.6517660984030638,0.6028011928990681,0.33075620891044616,0.3961292695255098,1.0837714780276597
2025-08-26 00:00:00+00:00,0.6183631215790879,0.5718994064223722,0.3477074464904489,0.4164362998503427,1.1393147068819112
2025-08-27 00:00:00+00:00,0.6309888850307572,0.5835463556190552,0.3406079416581399,0.40795541602087165,1.1160521327016053
2025-08-28 00:00:00+00:00,0.6304602301956752,0.5829945252599442,0.3408933096566842,0.4083411988838033,1.1169871830173135
2025-08-29 00:00:00+00:00,0.6515478073280778,0.6024466390576774,0.3294911408647301,0.39471654354857716,1.0796262960816345
2025-08-30 00:00:00+00:00,0.6534970852361176,0.6042918577908678,0.33047690091880244,0.39592551097114465,1.0828562842179175
2025-08-31 00:00:00+00:00,0.6508889437329969,0.601861974245588,0.33179585174594745,0.3975175444759188,1.0871780210406048
2025-09-01 00:00:00+00:00,0.6622228341328624,0.6123619742427919,0.3260183103465636,0.3905825088788991,1.068247054929938
2025-09-02 00:00:00+00:00,0.660502528428719,0.6107164200388796,0.3268652324550088,0.3916320918322741,1.0710221200701138
2025-09-03 00:00:00+00:00,0.660502528428719,0.6107164200388796,0.3361936168175209,0.4028279451994659,1.1015879466088596
2025-09-04 00:00:00+00:00,0.6831380086201904,0.631659332644985,0.3246722317713873,0.3890140208070738,1.063836430041699
2025-09-05 00:00:00+00:00,0.6847749465830455,0.6331341964864324,0.32545021264050183,0.3899223311627555,1.066385599048004
2025-09-06 00:00:00+00:00,0.6847749465830455,0.6331341964864324,0.3228595456542888,0.38684150182075216,1.0578968967558402
2025-09-07 00:00:00+00:00,0.6847749465830455,0.6331341964864324,0.32523066012671475,0.3897529851642386,1.0656662028705128
2025-09-08 00:00:00+00:00,0.6847749465830455,0.6331341964864324,0.32519667973148264,0.389765663474288,1.0655548610962011
2025-09-09 00:00:00+00:00,0.6853319743289445,0.6337843977300419,0.32546120981452464,0.39016593583441894,1.066421632909875
2025-09-10 00:00:00+00:00,0.6853319743289445,0.6337843977300419,0.3283585075969947,0.39373669130047395,1.0759150562089792
2025-09-11 00:00:00+00:00,0.6853319743289445,0.6337843977300419,0.33652756075029094,0.40361037804822875,1.1026821631340422
2025-09-12 00:00:00+00:00,0.6464493323695276,0.597668786404692,0.35562061513016574,0.4266097380714085,1.1652433704761604
2025-09-13 00:00:00+00:00,0.652966827115157,0.6035162812973951,0.35203525217209336,0.4224358572844323,1.1534954001957665
2025-09-14 00:00:00+00:00,0.6618420753633172,0.6116334778589608,0.3472503226390959,0.41675416319515285,1.1378168731945124
2025-09-15 00:00:00+00:00,0.6735295596210834,0.6223270957704194,0.34111822129585506,0.40946775729104984,1.1177241391591586
2025-09-16 00:00:00+00:00,0.6769008311126407,0.6253729824880864,0.3394107949204597,0.40746367870967026,1.112129504934207
2025-09-17 00:00:00+00:00,0.6636104968675094,0.6130181616530511,0.3460748182213086,0.4155134999974619,1.1339651596787177
2025-09-18 00:00:00+00:00,0.6641186814753677,0.6134176395213995,0.3458097984595393,0.4152427275185498,1.1330967833605063
2025-09-19 00:00:00+00:00,0.6813315472064448,0.6293132461276995,0.3368469763083065,0.40448246466091214,1.103728775297593
2025-09-20 00:00:00+00:00,0.6813315472064448,0.6293132461276995,0.3377379896977852,0.4055492538922114,1.1066483120199382
2025-09-21 00:00:00+00:00,0.6813315472064448,0.6293132461276995,0.33506022520445616,0.40235613094691347,1.0978742219059385
2025-09-22 00:00:00+00:00,0.6813315472064448,0.6293132461276995,0.3165042478775684,0.38006494509934996,1.037072826702942
2025-09-23 00:00:00+00:00,0.6813315472064448,0.6293132461276995,0.31388398468401596,0.37693068573642424,1.0284871480744067
2025-09-24 00:00:00+00:00,0.6794228991957648,0.6275382115887989,0.3130046858383837,0.3758675188794249,1.0256059957819128
2025-09-25 00:00:00+00:00,0.6340575269117055,0.5855950828463433,0.292105222313499,0.35074544751654624,0.9571258225783248
2025-09-26 00:00:00+00:00,0.6596636536235919,0.609343351587836,0.30390175972264294,0.3649696057983939,0.9957789164253946
2025-09-27 00:00:00+00:00,0.6596636536235919,0.609343351587836,0.3028705721420498,0.3637778446537506,0.9924000783016158
2025-09-28 00:00:00+00:00,0.6396750293683887,0.5907551642784757,0.3120479249206224,0.37487498832127214,1.0224710275907578
2025-09-29 00:00:00+00:00,0.6283527793724684,0.5802759692662236,0.3175711741557035,0.38152476194218043,1.0405687679377567
2025-09-30 00:00:00+00:00,0.6388278730016475,0.5899491178027859,0.3122770338376937,0.3751647782652584,1.0232217367323988
2025-10-01 00:00:00+00:00,0.670145052496206,0.6188716127218001,0.32758575209191143,0.39355738377263255,1.073383008878237
2025-10-02 00:00:00+00:00,0.691038283773473,0.6382173583384819,0.33779895124349735,0.40585987248842165,1.106848061511314
2025-10-03 00:00:00+00:00,0.6866060595802231,0.6340292215803912,0.33996554710267357,0.40852322319236983,1.1139472322398787
2025-10-04 00:00:00+00:00,0.6825238884346299,0.6303299881074775,0.3379443043135743,0.4061397009030834,1.1073243322731303
2025-10-05 00:00:00+00:00,0.6865427907845902,0.6342020960929933,0.33993422024439474,0.4086346112020896,1.1138445851705745
2025-10-06 00:00:00+00:00,0.6608554686823378,0.610296221419441,0.35265301931446685,0.42403785231853103,1.1555196053079624
2025-10-07 00:00:00+00:00,0.6272547556733413,0.5794492452290144,0.33472263444927436,0.4026051691800267,1.0967680560295152
2025-10-08 00:00:00+00:00,0.6272547556733413,0.5794492452290144,0.34055987342671695,0.4096606487225157,1.1158946300552095
2025-10-09 00:00:00+00:00,0.6491982681683569,0.599667401917488,0.32864592654907554,0.3953667597353964,1.0768568267762983
2025-10-10 00:00:00+00:00,0.6491982681683569,0.599667401917488,0.28755704451957526,0.3459358400399504,0.9422230475516954
2025-10-11 00:00:00+00:00,0.6619231315241174,0.6114410073834216,0.2819206707368451,0.33914388822777386,0.923754637947691
2025-10-12 00:00:00+00:00,0.7335772180258578,0.6775649778053148,0.31243896986486186,0.3758204280135272,1.0237523439977567
2025-10-13 00:00:00+00:00,0.7177772414975635,0.6629181101842085,0.31916836149410854,0.38394450797446533,1.0458021877067536
2025-10-14 00:00:00+00:00,0.7375880435072947,0.6811574661652892,0.3103592479533422,0.3733807589225935,1.0169378285655024
2025-10-15 00:00:00+00:00,0.7625575348665117,0.7041609139985328,0.2998526885964761,0.36077127398489395,0.9825115379731494
2025-10-16 00:00:00+00:00,0.7801341790897303,0.7203853148348992,0.2929412048252766,0.3524588305603648,0.959865042517322
2025-10-17 00:00:00+00:00,0.767607401316129,0.7089040015119438,0.2882373865951114,0.3468414336149073,0.9444522886570917
2025-10-18 00:00:00+00:00,0.767607401316129,0.7089040015119438,0.2925026016129336,0.35200512817931146,0.958427894433921
2025-10-19 00:00:00+00:00,0.785996603581193,0.7259709080703235,0.29950994611598963,0.36047967285375787,0.9813884917093063
2025-10-20 00:00:00+00:00,0.7867080468924665,0.7265271601007045,0.29923884526535843,0.36020346681339604,0.9805001898069748
2025-10-21 00:00:00+00:00,0.7867080468924665,0.7265271601007045,0.2911980716465407,0.35056523439513004,0.9541534096873873
2025-10-22 00:00:00+00:00,0.7730388957934189,0.7139188656798368,0.28613846858691677,0.3444814567585698,0.9375748743842252
2025-10-23 00:00:00+00:00,0.7833836442124503,0.7235430594562896,0.2899675520737192,0.34912534061094863,0.9501214309058801
2025-10-24 00:00:00+00:00,0.7991244640546566,0.7381782901639298,0.29579397828391485,0.3561871593084623,0.9692125753056894
2025-10-25 00:00:00+00:00,0.8029231256098286,0.7417554573515115,0.29720004362679947,0.3579132206623301,0.9738197556814752
2025-10-26 00:00:00+00:00,0.7616322093450258,0.7034463615315126,0.31248377593425974,0.37639819671434976,1.0238991576893754
2025-10-27 00:00:00+00:00,0.7616322093450258,0.7034463615315126,0.3095474272259554,0.37296599706526323,1.0142777782749524
2025-10-28 00:00:00+00:00,0.7616322093450258,0.7034463615315126,0.2989244925147421,0.3602052780005459,0.9794701666782185
2025-10-29 00:00:00+00:00,0.746870759869027,0.6897967898888467,0.29313093659726114,0.3532159067890288,0.9604867266381729
2025-10-30 00:00:00+00:00,0.7282753097399747,0.6725394019529652,0.2858326167196258,0.3443791246845997,0.9365727056528703
2025-10-31 00:00:00+00:00,0.7365582509672329,0.6802537620858116,0.2890834955197974,0.3483293238585615,0.9472246892808018
2025-11-01 00:00:00+00:00,0.7413082689291521,0.6848024402751011,0.29094777685044604,0.35065851053335056,0.9533332818899386
2025-11-02 00:00:00+00:00,0.735198063406901,0.6790263971311586,0.29334590295710117,0.3536161791491597,0.9611910956061734
2025-11-03 00:00:00+00:00,0.792268188516391,0.7316558119774363,0.27057477743952413,0.32620838960308995,0.8865781459662176
2025-11-04 00:00:00+00:00,0.72240249474114,0.6672943120006752,0.24671430340068118,0.29751284599343153,0.808395785306379
2025-11-05 00:00:00+00:00,0.72240249474114,0.6672943120006752,0.2570459377243458,0.3099901142691873,0.8422489082402889
2025-11-06 00:00:00+00:00,0.7455538932134882,0.6886130461041949,0.24880818526186693,0.30008654293345893,0.8152566979011506
2025-11-07 00:00:00+00:00,0.7185603171807872,0.663538944603476,0.25781655169595036,0.3110134350088886,0.8447739385208868
2025-11-08 00:00:00+00:00,0.7258972656941061,0.6701639782081222,0.2551840840791801,0.30790815464036153,0.8361482703005223
2025-11-09 00:00:00+00:00,0.7258972656941061,0.6701639782081222,0.26875474429920226,0.32432113259287987,0.8806145390756815
2025-11-10 00:00:00+00:00,0.7290729033276174,0.6729578017516432,0.2675790026061058,0.32296908138546926,0.8767620480923576
2025-11-11 00:00:00+00:00,0.7290729033276174,0.6729578017516432,0.256311625677044,0.3093797441996664,0.8398428265662387
2025-11-12 00:00:00+00:00,0.7284135749149653,0.6723944296691071,0.2560798333054847,0.30912074443722876,0.839083324690377
2025-11-13 00:00:00+00:00,0.7284135749149653,0.6723944296691071,0.24227616296227877,0.2925175918339694,0.7938535638966396
2025-11-14 00:00:00+00:00,0.7284135749149653,0.6723944296691071,0.2333295100307246,0.28174827304058225,0.764538536665643
2025-11-15 00:00:00+00:00,0.7412700840739304,0.6843567052162224,0.2374477789456292,0.28676073347796854,0.7780326518737114
2025-11-16 00:00:00+00:00,0.724092357876312,0.6686879612746531,0.23194531362213472,0.2801951800595312,0.7600030130769558
2025-11-17 00:00:00+00:00,0.7089287409277044,0.654858403690915,0.22708801903735817,0.27440028677338213,0.7440873713156115
2025-11-18 00:00:00+00:00,0.7303091801696184,0.6747717563361038,0.23393672090722634,0.28274442597303473,0.7665281526165227
2025-11-19 00:00:00+00:00,0.7072148573803373,0.6535681636725541,0.22653901827442816,0.2738596474091329,0.742288489383088
2025-11-20 00:00:00+00:00,0.6623658319550738,0.6122631934365166,0.21217272762827447,0.2565519430045571,0.695215220226189
2025-11-21 00:00:00+00:00,0.6463305286096586,0.5975064784526498,0.20703620958189325,0.2503685500747516,0.6783846616302366
2025-11-22 00:00:00+00:00,0.6472635308863699,0.5984509255012658,0.20733507408906285,0.25076429446700776,0.6793639352460885
2025-11-23 00:00:00+00:00,0.6546436776771909,0.6052954650961554,0.20969912398318805,0.2536323093188962,0.6871100932285102
2025-11-24 00:00:00+00:00,0.6899639285920229,0.6380290920946393,0.22101310428769033,0.267348429605193,0.7241820175844524
2025-11-25 00:00:00+00:00,0.6913213126323229,0.6393366217614874,0.2214479091347632,0.2678963137180419,0.7256067197640972
2025-11-26 00:00:00+00:00,0.6913213126323229,0.6393366217614874,0.21646145510385917,0.26184875982447986,0.7419455714911498
2025-11-27 00:00:00+00:00,0.6887218916893221,0.6369652797881571,0.21727536670974754,0.26281997425784914,0.739155799467838
2025-11-28 00:00:00+00:00,0.6923673051585099,0.6403468726200008,0.21612532551331678,0.2614246860542107,0.7430681602330798
2025-11-29 00:00:00+00:00,0.6923673051585099,0.6403468726200008,0.2191162433427401,0.2650348282631051,0.732784979381232
2025-11-30 00:00:00+00:00,0.6919982639731733,0.6399053959745312,0.21899945140648427,0.26485210434905604,0.7331755637363465
2025-12-01 00:00:00+00:00,0.7366345896035399,0.6811137437430732,0.23312568746049617,0.2819079343075214,0.6858831572218241
2025-12-02 00:00:00+00:00,0.7884284634103946,0.7291172561011626,0.21673427357920702,0.26203963604942715,0.7341086223204882
2025-12-03 00:00:00+00:00,0.737848021845588,0.682262945296787,0.20283001242094686,0.2452005248532688,0.7812042562260522
2025-12-04 00:00:00+00:00,0.7507864717652339,0.694049758190147,0.20638671499412092,0.24943662286756435,0.767505537998262
2025-12-05 00:00:00+00:00,0.7776738235779547,0.7187868358197735,0.21377788735031894,0.25832695534118555,0.7400194388283458
2025-12-06 00:00:00+00:00,0.7735787726193505,0.7149434759119178,0.21265218231051886,0.2569456787042193,0.7439162104830959
2025-12-07 00:00:00+00:00,0.779051669109588,0.7200314969472628,0.2111477157669659,0.25511707957402857,0.7491792509923357
2025-12-08 00:00:00+00:00,0.779051669109588,0.7200314969472628,0.20668977735066354,0.2496946299241395,0.764996589823419
2025-12-09 00:00:00+00:00,0.7309412178700122,0.6754551763421176,0.19392561953002344,0.23423632299719022,0.8122390675594678
2025-12-10 00:00:00+00:00,0.7297054238329955,0.6741720825860816,0.19359775168185595,0.23379136798906947,0.8136123109500197
2025-12-11 00:00:00+00:00,0.7488861506877673,0.6918278642113546,0.19868657995889155,0.23991409161662605,0.7922260432969186
2025-12-12 00:00:00+00:00,0.7135873060099276,0.6592373768337793,0.20805169736572177,0.25121591621637274,0.7548843672272049
2025-12-13 00:00:00+00:00,0.7067352752189332,0.6528937452619583,0.20605393672107158,0.24879854536718327,0.7621329419766681
2025-12-14 00:00:00+00:00,0.7184625685821808,0.6635879133086101,0.20947311650353184,0.2528737773221955,0.74948640103588
2025-12-15 00:00:00+00:00,0.6952040066813095,0.6421829002134992,0.21625432356958724,0.26103059634562226,0.7252235144017793
2025-12-16 00:00:00+00:00,0.6946401988653729,0.6416606152933898,0.21642970500681552,0.2612428915408278,0.7246353608787974
2025-12-17 00:00:00+00:00,0.6643842848537715,0.6137389600623067,0.22585656880614421,0.272610791915762,0.6930729704436828
2025-12-18 00:00:00+00:00,0.6632758829046403,0.6127203961102259,0.22623336859926985,0.2730632180181645,0.6919167067438287
2025-12-19 00:00:00+00:00,0.6985593845766666,0.6454509734895374,0.21419870000211827,0.2584766025839045,0.7287237804043204
2025-12-20 00:00:00+00:00,0.6981059511139961,0.6450630523248088,0.21433773593862684,0.2586319490762761,0.7282507672942334
2025-12-21 00:00:00+00:00,0.7037091030041416,0.6502815672112142,0.21261741413312213,0.2565396347335303,0.7340958681084482
2025-12-22 00:00:00+00:00,0.7055711463466986,0.6519871200416133,0.21205481967639536,0.2558667848140627,0.7360383160861347
2025-12-23 00:00:00+00:00,0.7055711463466986,0.6519871200416133,0.21526884303986943,0.25971096534103655,0.7248825010571577
2025-12-24 00:00:00+00:00,0.7097347954547375,0.6557406845823467,0.21653916699083087,0.2612061511205985,0.7206048936258065
2025-12-25 00:00:00+00:00,0.6990279901997599,0.6459676616140072,0.21980579940887432,0.2650991133454436,0.7097341059580101
2025-12-26 00:00:00+00:00,0.7048243321426941,0.6514206122567837,0.21798316913901955,0.262861273177246,0.7156192230411182
2025-12-27 00:00:00+00:00,0.7097487653029099,0.656047830373654,0.21646017468845372,0.2609940979258281,0.7206190774322377
2025-12-28 00:00:00+00:00,0.709396479206906,0.6556049172398122,0.21635273398040433,0.2608178947460071,0.7209767590428372
2025-12-29 00:00:00+00:00,0.709396479206906,0.6556049172398122,0.21735953827005666,0.2619806813326324,0.7176216708940102
2025-12-30 00:00:00+00:00,0.7179500524175065,0.6635910868969384,0.21473871792753982,0.2587893962873334,0.7262744196451287
2025-12-31 00:00:00+00:00,0.7174394270227615,0.6631847455836599,0.21489144588158002,0.25894786258567026,0.7257578737364325
2026-01-01 00:00:00+00:00,0.7250592570637251,0.6703493020359154,0.2126091120242541,0.256150381805178,0.7334660529087311
2026-01-02 00:00:00+00:00,0.7542441082210084,0.697453607218334,0.20405123867989008,0.24579342596147874,0.7629892916985505
2026-01-03 00:00:00+00:00,0.7542441082210084,0.697453607218334,0.2039721913413574,0.2456691086478028,0.763284865855453
2026-01-04 00:00:00+00:00,0.758438256848639,0.7014368631410745,0.20283795684477388,0.24426605771806637,0.7675292877047262
2026-01-05 00:00:00+00:00,0.758438256848639,0.7014368631410745,0.19767875315240416,0.23801898507514252,0.7870514718004694
2026-01-06 00:00:00+00:00,0.775173466080978,0.7170487187144269,0.19331690132739318,0.23272140490225432,0.8044180417727301
2026-01-07 00:00:00+00:00,0.7449328731083483,0.6892106587554762,0.20085846200197002,0.24175637317472448,0.7730365773063654
2026-01-08 00:00:00+00:00,0.7596402929577674,0.7027162737441589,0.20482406727677158,0.2464937759639587,0.7577742980972844
2026-01-09 00:00:00+00:00,0.7550424061783868,0.6985752610698225,0.206063809138494,0.24794633069842245,0.7531877056544193
2026-01-10 00:00:00+00:00,0.7556362857225047,0.6989554196104173,0.20622588888398774,0.24808126092065763,0.7525952849273064
2026-01-11 00:00:00+00:00,0.7468583361519711,0.6906802325308578,0.20383023837465405,0.24514413676730928,0.7613379083070144
2026-01-12 00:00:00+00:00,0.7468583361519711,0.6906802325308578,0.2057097996164148,0.24735530233148842,0.7543174522856325
2026-01-13 00:00:00+00:00,0.6912542765676113,0.6391444285850337,0.19039457931119436,0.22889863632961888,0.8104768476249358
2026-01-14 00:00:00+00:00,0.6912542765676113,0.6391444285850337,0.18881183294691758,0.22693095722982293,0.8172143255959458
2026-01-15 00:00:00+00:00,0.6988398850949734,0.6460576113662531,0.19088379502891842,0.22938551228167553,0.8082464708324218
2026-01-16 00:00:00+00:00,0.7035905490240125,0.6503873854695608,0.1921814095169048,0.23092281705647855,0.8027520687001868
2026-01-17 00:00:00+00:00,0.7007376021705,0.6476040463790869,0.1914021447181587,0.22993458063314814,0.8060070996151498
2026-01-18 00:00:00+00:00,0.695157082616378,0.6424958174034867,0.19292642914073302,0.23174827913279464,0.7995882370248859
2026-01-19 00:00:00+00:00,0.675052474990109,0.6239496190231085,0.19850604597210186,0.2384378939795928,0.776463380542863
2026-01-20 00:00:00+00:00,0.6220567242354552,0.5750652377497116,0.2140899854810763,0.25711871141093184,0.7155062530455253
2026-01-21 00:00:00+00:00,0.6310238362095548,0.5833675777169516,0.21100382179608168,0.25340663352142934,0.7258204646588043
2026-01-22 00:00:00+00:00,0.6247457598277735,0.5776036948306902,0.21310310558548784,0.25591038281091755,0.7185992535806941
2026-01-23 00:00:00+00:00,0.6255051111477928,0.578361121885693,0.2128440880219734,0.2555748007339124,0.7194726797435572
2026-01-24 00:00:00+00:00,0.6248338209772014,0.5777759263057297,0.21307251164571564,0.25583339564646784,0.7187005438659868
2026-01-25 00:00:00+00:00,0.5958283276979206,0.5510409041575692,0.22296357883358606,0.26767139579053784,0.6853376510534338
2026-01-26 00:00:00+00:00,0.619863066864356,0.573237235503271,0.2139695931303801,0.2568893958556757,0.7129830497669335
2026-01-27 00:00:00+00:00,0.6400267592530235,0.5920300380410921,0.20700931869713426,0.24846762666244207,0.7361758671202223
2026-01-28 00:00:00+00:00,0.6434646743130096,0.595075403667925,0.2081212729147,0.249745728652203,0.732221485426362
2026-01-29 00:00:00+00:00,0.6837891908312895,0.6323219953136205,0.22116377554534455,0.26537765884630704,0.6863347746824685
2026-01-30 00:00:00+00:00,0.6558308966636093,0.6064687450692132,0.23020656530985423,0.2762279456847803,0.6582723984627552
2026-01-31 00:00:00+00:00,0.594045204410572,0.5492481995308719,0.2518942779065344,0.3022901523088242,0.5962566928334577
2026-02-01 00:00:00+00:00,0.5502155701074454,0.5086011698852951,0.27047945290958514,0.32466108915114344,0.5522638912694543
2026-02-02 00:00:00+00:00,0.5689577918942226,0.5257507465820145,0.2612659988188409,0.31371380751179195,0.5710758858718235
2026-02-03 00:00:00+00:00,0.5415744152360334,0.500350275646552,0.27384047333269795,0.3288701881761292,0.5435905674421841
2026-02-04 00:00:00+00:00,0.5209339746829021,0.4812483683652239,0.2842770594265988,0.3414254882287088,0.5228732874583368
2026-02-05 00:00:00+00:00,0.4428063918385274,0.40905920785097194,0.3269117897196772,0.39264066316452084,0.44445485428189047
2026-02-06 00:00:00+00:00,0.5006071226645659,0.46231457221345446,0.28423909865261593,0.34152282697105885,0.5024707634245067
2026-02-07 00:00:00+00:00,0.5062268661991713,0.4675573979739598,0.28104827142580185,0.33764982624241696,0.5081114279221536
2026-02-08 00:00:00+00:00,0.5069040937682936,0.46815587359518895,0.28067228656531285,0.3372176329108731,0.5087911766477764
2026-02-09 00:00:00+00:00,0.5106787695801046,0.47159878952855205,0.2785822523671908,0.3347376641080812,0.512579904676146
2026-02-10 00:00:00+00:00,0.4908214201873668,0.4531177726857275,0.2894147080113126,0.34785536615836327,0.49264863111406015
2026-02-11 00:00:00+00:00,0.47121339091120096,0.43486314549737537,0.300976656683953,0.36186931663099864,0.4729676058277963
2026-02-12 00:00:00+00:00,0.472953809493181,0.43645011456040994,0.29986500456171167,0.3605487278059833,0.4747145035725007
2026-02-13 00:00:00+00:00,0.497396477942171,0.4589657985126443,0.2843677176410056,0.3419486611916439,0.49924816623859414
2026-02-14 00:00:00+00:00,0.5065897367447658,0.4674453238875873,0.27911181789239314,0.33563106114628355,0.5084756493481265
2026-02-15 00:00:00+00:00,0.47748829471220483,0.4405565090850982,0.29514561368381986,0.3549375361155264,0.4792658695970443
2026-02-16 00:00:00+00:00,0.485303545686399,0.44770235283220844,0.290314841766653,0.3491804354467994,0.4871102148841343
2026-02-17 00:00:00+00:00,0.48367607794667944,0.44620728451999936,0.2912884139639646,0.3503464972308783,0.4854766884707005
2026-02-18 00:00:00+00:00,0.47496807926665896,0.4381581236367267,0.2965327070765611,0.35666641942608845,0.4767362719912864
2026-02-19 00:00:00+00:00,0.47346136762862584,0.43667426273315485,0.297473379303418,0.3578743015281264,0.475223951225666
2026-02-20 00:00:00+00:00,0.478320041292459,0.44108998173623115,0.2944206992485447,0.3542554201585686,0.4801007125711745
2026-02-21 00:00:00+00:00,0.47939177079061873,0.44214123666640515,0.2937610167744404,0.35341111905810685,0.4811764318622996
2026-02-22 00:00:00+00:00,0.4756124389623488,0.43866021554367546,0.29607691043020673,0.3561935593021437,0.4773830304842337
2026-02-23 00:00:00+00:00,0.4756124389623488,0.43866021554367546,0.31132579625092827,0.3746747597106953,0.4527963130869644
2026-02-24 00:00:00+00:00,0.4756124389623488,0.43866021554367546,0.3120457333825463,0.37555921240868173,0.45174922709930554
2026-02-25 00:00:00+00:00,0.4756124389623488,0.43866021554367546,0.27744345262104847,0.3338845138144117,0.5018430175845503
2026-02-26 00:00:00+00:00,0.48254543996564087,0.4450145495193848,0.28148774494354345,0.33872109036025727,0.4945276535204825
2026-02-27 00:00:00+00:00,0.5058837190327067,0.46657899579354284,0.2951018815643749,0.35513478461561737,0.4706098554680047
2026-02-28 00:00:00+00:00,0.4965789595342544,0.458115976206891,0.2896740491748535,0.3486931902335306,0.4792658199870922
2026-03-01 00:00:00+00:00,0.5029130070938922,0.4639279370963901,0.2933689483828007,0.3531169416181728,0.47315260790022856
2026-03-02 00:00:00+00:00,0.4799586207398902,0.4428395421367374,0.27997875148898915,0.33706559196590674,0.4947486446162122
2026-03-03 00:00:00+00:00,0.4799586207398902,0.4428395421367374,0.28615246082263074,0.3445230823288884,0.4838391227013188
2026-03-04 00:00:00+00:00,0.4450493972021784,0.4106340456520549,0.26533949947749597,0.31946764833738417,0.5190305899670445
2026-03-05 00:00:00+00:00,0.4450493972021784,0.4106340456520549,0.27204454014862,0.32755208915082146,0.5059148600356187
2026-03-06 00:00:00+00:00,0.4653147873840541,0.42936462407431175,0.28443212855480365,0.3424929839893662,0.4828779519937609
2026-03-07 00:00:00+00:00,0.46745786340458345,0.4313772096882033,0.2857421227580844,0.3440983711446817,0.4806539862230233
2026-03-08 00:00:00+00:00,0.47505858022044717,0.43848212748299575,0.290388199180096,0.34976577912405094,0.4728387046293209
2026-03-09 00:00:00+00:00,0.48894513848958226,0.4512359039354033,0.28189978782099084,0.3395924236368919,0.48666037315005467
2026-03-10 00:00:00+00:00,0.48894513848958226,0.4512359039354033,0.27583374000531347,0.332244144588271,0.4971325523465791
2026-03-11 00:00:00+00:00,0.48521001870284325,0.4477774610318849,0.2737266077750458,0.3296976996044709,0.5009302169243226
2026-03-12 00:00:00+00:00,0.48006165164796294,0.4430595097337805,0.27082220556735714,0.3262238809664216,0.5062453846376807
2026-03-13 00:00:00+00:00,0.4758181164514304,0.4391240057415972,0.2684282556290888,0.32332617680324877,0.5107203725906186
2026-03-14 00:00:00+00:00,0.47483071155143564,0.43822938148611346,0.26787122056518264,0.32266746665208657,0.5117802057095928
2026-03-17 00:00:00+00:00,0.42473561830276174,0.39196919802665553,0.2396105511383793,0.28860618086356843,0.5657735058566714
2026-03-18 00:00:00+00:00,0.40373535426428997,0.3725945198881021,0.25145764995344233,0.30287171981708727,0.5377998853337685
2026-03-19 00:00:00+00:00,0.39175064974995427,0.36152980195377893,0.2589220585090243,0.3118659212107789,0.5218355348118432
2026-03-20 00:00:00+00:00,0.39014001060406717,0.36008812284687525,0.2578575293156854,0.31062228768365313,0.5239810034680391
2026-03-21 00:00:00+00:00,0.3788947172210541,0.3497290508957682,0.26528994713841547,0.31955831868154516,0.5088779123956818
2026-03-22 00:00:00+00:00,0.38441750259785623,0.3548523514296814,0.26915682459560064,0.32423963783568516,0.5014604864844179
2026-03-23 00:00:00+00:00,0.4027995019692133,0.37182013125594127,0.2562863373074904,0.30873564930756525,0.5254392238858725
2026-03-24 00:00:00+00:00,0.40200737139293896,0.37108029733523645,0.25578233409231727,0.30812133855167095,0.5264725331952909
2026-03-25 00:00:00+00:00,0.3996362803577203,0.36889199294040753,0.2542736970809307,0.3063043105818888,0.5295777357178786
2026-03-26 00:00:00+00:00,0.4196851931006242,0.38740975843473613,0.26703007435735804,0.3216802783497056,0.5030099331037402
2026-03-27 00:00:00+00:00,0.4060080115818344,0.37469345741412885,0.2757323561104478,0.33223908117494905,0.48661726956946905
2026-03-28 00:00:00+00:00,0.40644826491125174,0.3750509211208777,0.27543336672023166,0.33192211963976975,0.4871449312583241
2026-03-29 00:00:00+00:00,0.40443600916608496,0.3731620076388996,0.2767969901440257,0.33359381841837965,0.48473316013939094
2026-03-30 00:00:00+00:00,0.40443600916608496,0.3731620076388996,0.27090831814125343,0.32648781126506193,0.49504553596198536
2026-03-31 00:00:00+00:00,0.3887075351054725,0.3586458841442163,0.26037272200708467,0.3137873291934287,0.5142978050347983
2026-04-01 00:00:00+00:00,0.39500992532982415,0.3644929731230131,0.256151114886914,0.3086715798837971,0.52263647914354
2026-04-02 00:00:00+00:00,0.41019248307320927,0.3786105146853427,0.2659965107704625,0.3206270472849444,0.502548481312167
2026-04-03 00:00:00+00:00,0.41019248307320927,0.3786105146853427,0.2663810188316884,0.32110113541104907,0.5018220283911806
2026-04-04 00:00:00+00:00,0.40791573098838835,0.3764877787657607,0.2649024848141025,0.3193008343430186,0.5046073655109365
2026-04-05 00:00:00+00:00,0.39903467830906614,0.3682957688539894,0.2591350854622389,0.3123531570283659,0.5155935674517589
2026-04-06 00:00:00+00:00,0.3996841853845413,0.3688562398132998,0.2595568785560743,0.31282849475518276,0.5147543379603561
2026-04-07 00:00:00+00:00,0.3744211598001022,0.34556344831075536,0.24315094531338044,0.29307378243670473,0.5472906565967364
2026-04-08 00:00:00+00:00,0.36593077296014404,0.3378053471886363,0.24866464434501184,0.29965345992140563,0.5348802752206362
2026-04-09 00:00:00+00:00,0.365936114511388,0.3377976307562491,0.2486682741434286,0.2996466149863496,0.5348724674859208
2026-04-10 00:00:00+00:00,0.37512351134310895,0.3462822321756608,0.24242506932319555,0.29212026825282367,0.5483012749150984
2026-04-11 00:00:00+00:00,0.3818678733463723,0.3524473799876924,0.23806649840790473,0.2869194104977097,0.5581592074974576
2026-04-12 00:00:00+00:00,0.3662824707219654,0.3380599774716547,0.24778284924034158,0.29863186825137195,0.5353787208827138
2026-04-13 00:00:00+00:00,0.3960565264741926,0.3655569996781075,0.2276412892219598,0.2743418379015032,0.5788981277838916
2026-04-14 00:00:00+00:00,0.38799989419938036,0.35820666199883183,0.23227199730333517,0.27985809159081787,0.5671221083816814
2026-04-15 00:00:00+00:00,0.39428731573092457,0.3640245862169442,0.2285080994805452,0.2753126898955634,0.5763121514939649
2026-04-16 00:00:00+00:00,0.39233185370904305,0.3621804431292402,0.22964138196871806,0.27670741984857133,0.5734539400323404
2026-04-17 00:00:00+00:00,0.40414363677551074,0.373097152922059,0.22272765788219526,0.26836700650679235,0.5907186955555982
2026-04-18 00:00:00+00:00,0.3927391731235423,0.36249988883564577,0.22901277348829968,0.2759895681311818,0.5740493006202917
2026-04-19 00:00:00+00:00,0.3784042386328957,0.34910631740620346,0.237371713288897,0.28618677400183484,0.5530965674020933
2026-04-20 00:00:00+00:00,0.38683887924038324,0.35688258269402,0.23208069144620092,0.27981202749756795,0.5654251046936577
2026-04-21 00:00:00+00:00,0.389149346889373,0.35897209712142697,0.23069454605514159,0.278173754023966,0.5688022120177371
2026-04-22 00:00:00+00:00,0.39693616800382375,0.36621132325064853,0.22607838216698406,0.2725639511319246,0.5801838605027984
2026-04-23 00:00:00+00:00,0.3895516994984616,0.35940574080983273,0.23028426922749307,0.2776292135147406,0.5693903128481511
2026-04-24 00:00:00+00:00,0.38712137949484604,0.35708165755453375,0.23172095777677196,0.2794244920343813,0.5658380226926688
2026-04-25 00:00:00+00:00,0.3878882304467778,0.3577498700708315,0.23126194040789008,0.27890160059208147,0.5669588944639651
2026-04-26 00:00:00+00:00,0.3878882304467778,0.3577498700708315,0.2262493712320093,0.27287291500895083,0.5792476466614476
2026-04-27 00:00:00+00:00,0.37715776595971795,0.3477741060611209,0.2325082897880798,0.28048190674452333,0.5632234525410063
2026-04-28 00:00:00+00:00,0.3749837279756053,0.34567291167324876,0.23384852960081198,0.28217653264702713,0.559976882299369
2026-04-29 00:00:00+00:00,0.3688992175809047,0.34010648369387514,0.2376429710738408,0.28672046794946643,0.5508906609330804
2026-04-30 00:00:00+00:00,0.3697815683146195,0.340857233953237,0.23707456528739268,0.2860875618568229,0.5522083074763786
2026-05-01 00:00:00+00:00,0.3697815683146195,0.340857233953237,0.23307892976341307,0.28128877514991046,0.5615151815702509
2026-05-02 00:00:00+00:00,0.3732735923932237,0.3440602823087692,0.23087785403468275,0.2786454938610727,0.5668178377937132
2026-05-03 00:00:00+00:00,0.3741638805187425,0.34491749886774054,0.2303271914213045,0.2779512564157692,0.5681697448147391
2026-05-04 00:00:00+00:00,0.37027277626349525,0.3412865850546975,0.2279319118090767,0.27502528988874275,0.5740784063046892
2026-05-05 00:00:00+00:00,0.37027277626349525,0.3412865850546975,0.22660913114762635,0.27345914939536714,0.5774100144502488
2026-05-06 00:00:00+00:00,0.37174451443559065,0.34269977103967897,0.22750984362187535,0.2745914782190405,0.5751149595240074
