Date,Open,High,Low,Close,Volume,funding_rate,funding_mean_3,funding_mean_14,funding_mean_30,funding_vol_3,funding_vol_14,funding_vol_30,funding_z_5,funding_z_20,funding_z_60,btc_vol_5,btc_vol_20,btc_vol_60,btc_rsi_7,btc_rsi_14,btc_rsi_28,btc_sma_10,btc_sma_50,btc_sma_200
2020-01-01,7195.24,7255.0,7175.15,7200.85,16792.388165,-0.00034406,,,,,,,,,,,,,,,,,,
2020-01-02,7200.77,7212.5,6924.74,6965.71,31951.483932,0.00013766,,,,,,,,,,,,,,,,,,
2020-01-03,6965.49,7405.0,6871.04,7344.96,68428.500451,6.783e-05,-4.618999999999999e-05,,,0.00026031511654147174,,,,,,,,,,,,,,
2020-01-04,7345.0,7404.0,7272.21,7354.11,29987.974977,0.00017471,0.00012673333333333334,,,5.427133343979438e-05,,,,,,,,,,,,,,
2020-01-05,7354.19,7495.0,7318.0,7358.75,38331.085604,0.00030000000000000003,0.00018084666666666666,,,0.00011620658859691797,,,0.9505380071449552,,,,,,,,,,,
2020-01-06,7357.64,7795.34,7346.76,7758.0,54635.695316,0.00030000000000000003,0.0002582366666666667,,,7.233621522676829e-05,,,1.015458220146349,,,0.7145490861561465,,,,,,,,
2020-01-07,7758.9,8207.68,7723.71,8145.28,91171.684661,0.00030000000000000003,0.00030000000000000003,,,0.0,,,0.6812365391364912,,,0.5303500607003909,,,83.37892571618325,,,,,
2020-01-08,8145.92,8455.0,7870.0,8055.98,112622.64264,0.00032514,0.00030838,,,1.4514585767427445e-05,,,0.754712315637059,,,0.5715910924465278,,,78.42833491794939,,,,,
2020-01-09,8054.72,8055.96,7750.0,7817.76,64239.51983,0.00030000000000000003,0.00030838,,,1.4514585767427445e-05,,,-0.446816176508677,,,0.7045484791540841,,,78.2680530027704,,,,,
2020-01-10,7817.74,8199.0,7672.0,8197.02,82406.777448,0.00030000000000000003,0.00030838,,,1.4514585767427445e-05,,,-0.4468161765086722,,,0.7462922483448655,,,78.26819719988404,,,7619.842,,
2020-01-11,8198.86,8286.34,8003.16,8020.01,54810.032667,0.00037846,0.00032615333333333335,,,4.529890212061811e-05,,,1.6945517579677045,,,0.733472393131159,,,69.87808664084582,,,7701.757999999999,,
2020-01-12,8020.01,8197.0,7960.0,8184.98,38131.494336,0.00030000000000000003,0.00032615333333333335,,,4.529890212061811e-05,,,-0.6080899276946807,,,0.6156076711960176,,,72.50952165595042,,,7823.685,,
2020-01-13,8184.97,8196.0,8055.89,8110.34,31159.755683,0.00030000000000000003,0.00032615333333333335,,,4.529890212061811e-05,,,-0.44708617833368913,,,0.6124928511010345,,,61.66163581960234,,,7900.223,,
2020-01-14,8110.34,8880.0,8105.54,8810.01,120399.126742,0.000459,0.000353,0.00023562428571428573,,9.179869280115052e-05,0.0001931157060781591,,1.5704884396515308,,,0.8111753925573555,,,68.23106079303169,74.84974272492116,,8045.812999999999,,
2020-01-15,8814.64,8916.48,8564.0,8821.41,84816.297606,0.00078889,0.0005159633333333333,0.00031654928571428573,,0.0002493731622154504,0.00016714868735370295,,1.6921254329483941,,,0.7846010168160882,,,71.92995524788398,74.93798435294292,,8192.079,,
2020-01-16,8820.01,8859.81,8586.0,8720.01,51991.074284,0.00082657,0.0006914866666666667,0.00036575714285714286,,0.0002022188992980957,0.00020707168128744402,,1.1316750611082633,,,0.744892062798359,,,78.04893213538433,78.1549315666136,,8288.279999999999,,
2020-01-17,8720.15,9041.65,8672.44,8913.28,70897.737377,0.0008177600000000001,0.0008110733333333333,0.0004193235714285715,,1.9709876542824968e-05,0.00022062808666333778,,0.736760893430288,,,0.745704089229678,,,75.17857645036939,76.76807329674841,,8365.08,,
2020-01-18,8913.27,8988.88,8806.38,8915.96,38294.746545,0.0007126299999999999,0.0007856533333333334,0.0004577464285714286,,6.339329170608987e-05,0.0002215890552909265,,-0.05444968632692361,,,0.7192725453630187,,,85.89456984202297,76.71664973191582,,8451.078,,
2020-01-19,8915.09,9198.98,8466.0,8701.7,70676.889259,0.00151837,0.0010162533333333333,0.0005447728571428571,,0.00043801134623812365,0.0003543499201990244,,1.7722422493710912,,,0.3277318155603155,,,69.91490148918632,71.43500148435334,,8539.472,,
2020-01-20,8701.72,8746.99,8521.28,8642.35,38896.639746,0.00050484,0.0009119466666666667,0.0005594042857142858,,0.0005353560641604178,0.00034763088702097374,,-0.9723298590090849,0.21529006166117604,,0.3265689322129859,,,70.74873442895294,65.8331871192884,,8584.005000000001,,
2020-01-21,8642.35,8789.0,8488.0,8736.03,36494.687659,0.00043222000000000003,0.0008184766666666667,0.0005688485714285715,,0.0006072120096254136,0.00034178834797749734,,-0.8448432586549514,-0.09018014951961295,,0.3356641841297913,0.6147396019185875,,44.52843027035211,61.81920763788451,,8655.607,,
2020-01-22,8736.04,8818.0,8590.0,8682.36,29080.557138,0.00041392,0.0004503266666666667,0.00057519,,4.8088461540512946e-05,0.0003377182001200227,,-0.6522541387702347,-0.1917015284785434,,0.24448076602233312,0.588829746871911,,40.32103130956243,62.71331612187324,,8705.345,,
2020-01-23,8682.77,8691.81,8306.39,8404.52,48165.944597,0.00072304,0.00052306,0.0006054071428571428,,0.00017342930202246694,0.00033004004434027676,,0.009837372383798835,0.6835997656411276,,0.32430601671601633,0.5849959173003522,,32.36993573621382,61.72066637366212,,8734.763,,
2020-01-24,8404.52,8528.02,8238.0,8439.0,41687.529529,0.00114791,0.0007616233333333334,0.0006659721428571428,,0.0003685130055145047,0.00034704530398513083,,1.6393748662753451,1.7693273819445552,,0.31503884692528183,0.5846084893848833,,17.7781401162936,55.60574891578735,,8697.662,,
2020-01-25,8438.99,8451.26,8254.9,8340.58,25521.157932,0.00030000000000000003,0.00072365,0.000660367857142857,,0.0004239553291326812,0.0003526338724551957,,-0.8869662457933813,-0.7714012386509979,,0.31879294724594087,0.5895117951786972,,15.409402428747399,57.70701004453425,,8649.579000000002,,
2020-01-26,8340.01,8618.13,8293.66,8615.0,31130.485164,0.00030000000000000003,0.0005826366666666667,0.000660367857142857,,0.0004895410667485757,0.0003526338724551957,,-0.7628169430886115,-0.7714012386509979,,0.4540372629212313,0.5644032770172134,,45.13937165022354,59.82148567039545,,8639.078,,
2020-01-27,8614.39,9000.0,8535.0,8907.57,53973.542996,0.00030000000000000003,0.00030000000000000003,0.000660367857142857,,0.0,0.0003526338724551957,,-0.670500634443078,-0.7714012386509979,,0.5440981529357327,0.5452039592845414,,61.786717388947196,66.55989963063875,,8638.507,,
2020-01-28,8907.57,9400.0,8862.4,9374.21,74584.853765,0.00133083,0.0006436100000000001,0.0007226414285714287,,0.0005951499779887419,0.00038940160477045056,,1.2632404500179797,1.951116003223136,,0.48145555455738,0.5750010033208589,,71.30049931907695,62.975603473612665,70.07960294608579,8684.332,,
2020-01-29,9375.34,9449.24,9216.0,9301.53,53864.065122,0.00224211,0.00129098,0.0008264428571428571,,0.0009716680656993928,0.0005632861331703257,,1.5389457867069047,2.9974003120578634,,0.5296807482015957,0.5545572623202465,,70.40703997887398,60.739209791673396,69.15092241095999,8744.315,,
2020-01-30,9301.57,9578.0,9204.44,9513.21,60626.744259,0.00083329,0.0014687433333333336,0.0008269228571428571,0.000549704,0.0007144637945573819,0.0005632891130388832,0.0004982888546893119,-0.20595561845057003,0.20177530089378962,,0.4137924781201349,0.5309032286212073,,88.20723831574989,66.90796541664807,73.3241410123629,8831.401,,
2020-01-31,9511.52,9530.22,9210.01,9352.89,45552.022352,0.00170563,0.0015936766666666668,0.0008903421428571428,0.000618027,0.0007110510598637293,0.0006102057866651792,0.0005118516608398206,0.5619288764718495,1.6762442517241822,,0.542697153624317,0.5261618216324612,,78.98054835003127,59.50430018719183,69.15177932714754,8893.087,,
2020-02-01,9351.71,9464.53,9281.0,9384.61,28578.067354,0.0018971,0.0014786733333333336,0.0009749471428571429,0.000676675,0.0005670581323227214,0.0006634601616864835,0.0005539780652308325,0.5455457197859247,1.7556906183140837,,0.5170835801145355,0.523296506250622,,84.56984298321288,60.00649092761167,69.28402650089771,8963.312,,
2020-02-02,9384.41,9477.03,9120.0,9331.51,45690.91254,0.00128703,0.00162992,0.0009584228571428571,0.000717315,0.00031200217034501476,0.0006516603999775504,0.0005524912828131161,-0.5593039771438049,0.6306470861930215,,0.28582481485684413,0.5214573433360351,,77.79950493124568,64.44140752184511,68.5647766497292,9056.011,,
2020-02-03,9331.59,9618.79,9234.0,9292.24,50892.133451,0.00106539,0.0014165066666666666,0.0009984621428571429,0.0007470043333333334,0.00043070701925245326,0.0006387401746608898,0.0005462235311708135,-0.6629930121600801,0.19265993248156038,,0.2795582454698632,0.39608797020465536,,68.57573328435309,65.04033807141387,65.48736170552709,9141.335,,
2020-02-04,9291.35,9350.0,9093.01,9197.02,53308.175266,0.00191924,0.0014238866666666666,0.0011046778571428572,0.0008009790000000001,0.00044307140060416124,0.0006606007723647475,0.0005795173342166618,0.9028044432909127,1.5127830870150258,,0.14420396207933878,0.39993675980711235,,36.65717857192786,60.6610454063612,61.28200397324014,9226.979,,
2020-02-05,9197.02,9744.45,9177.22,9612.04,64870.415615,0.00072631,0.0012369800000000002,0.0011269914285714287,0.0008151893333333334,0.0006146973582991877,0.0006404421085571955,0.0005719870800622694,-1.248555502575324,-0.4705345198837806,,0.42357619282431236,0.43285522152666805,,65.42784176160326,68.42132377997142,65.60160100741078,9326.683,,
2020-02-06,9612.03,9862.57,9526.35,9772.0,64949.706588,0.00297988,0.0018751433333333333,0.0012881942857142857,0.0009045186666666667,0.0011274319594695428,0.0007960657816239354,0.0006865451014229261,1.5591864362375027,2.509912633389754,,0.4324343375506551,0.42936005505991515,,63.55475010732713,78.42402826850562,69.90628692494894,9413.126,,
2020-02-07,9772.0,9885.0,9730.0,9813.73,43966.114632,0.0008996,0.0015352633333333334,0.0012704578571428571,0.0009236673333333334,0.001254071505630095,0.0008021745051965703,0.0006777835460398097,-0.6600370084759677,-0.3072218702174688,,0.4113973332243532,0.42893152815811164,,77.56154158984917,78.48886125785523,67.684152725688,9457.078,,
2020-02-08,9813.87,9940.0,9667.11,9895.05,43600.843666,0.00202088,0.0019667866666666666,0.0013933778571428572,0.00098103,0.0010411944036217888,0.0007733595814385098,0.0006957636823985767,0.3392088296314901,1.1435419313818609,,0.38479753878908746,0.4085346298849948,,78.81822903722228,82.4435956837955,70.94838874012966,9516.43,,
2020-02-09,9895.04,10166.0,9880.75,10151.75,43408.475616,0.00238271,0.0017677300000000001,0.001542142857142857,0.0010504536666666666,0.0007732835895711221,0.0007467145549717061,0.000728599070188259,0.6003595777178428,1.4368873782295974,,0.3038400696062433,0.4117976359004206,,87.65263215873621,82.31276782743178,71.53188778019357,9580.284000000001,,
2020-02-10,10151.72,10188.0,9756.0,9851.83,59573.084619,0.0032967300000000003,0.0025667733333333336,0.001756195,0.0011477293333333333,0.0006575391917090051,0.0007914336957577486,0.0008243105115726692,1.0484306469643252,2.1446279149199725,,0.404433462300168,0.44230300906352144,,70.72755154196368,69.7934833645955,68.1693267868035,9630.178,,
2020-02-11,9851.74,10323.59,9700.0,10223.08,62422.395224,0.0015890600000000002,0.0024228333333333337,0.0017746399999999999,0.001190698,0.0008545417594438157,0.0007837292755105599,0.0008121042338076289,-0.5016164928740995,0.16473732665613505,,0.4873232367768426,0.4576407567124982,,81.55360108244227,68.53516981160848,65.8275033209936,9714.025,,
2020-02-12,10223.08,10450.0,10223.08,10326.46,61008.06393,0.00511939,0.0033350599999999995,0.0019801600000000003,0.0013513443333333336,0.0017654770938474382,0.0011884863120405263,0.001066624483604892,1.5982565212520035,2.948017591427398,,0.48466160517638834,0.4194679529021525,,77.17955351296237,72.08339258546278,66.51741129727364,9813.52,,
2020-02-13,10325.33,10500.0,10080.0,10229.63,79344.358759,0.0024837,0.00306405,0.0020980464285714285,0.0014188343333333335,0.001835323423568717,0.0011471093125739826,0.001072255917492562,-0.3653038119953013,0.636500029395632,,0.513744612509576,0.427209450807272,,68.2886670449531,66.2399013482583,66.58420083574951,9907.259,,
2020-02-14,10227.78,10381.56,10111.37,10344.36,47038.480173,0.00193725,0.003180113333333333,0.0021145907142857143,0.0014571130000000001,0.0017015426509592198,0.0011426760064896532,0.0010694861330698125,-0.6745125371261987,0.10757615361208477,,0.4787096572557273,0.4162829716566482,,70.03692990865775,72.94910075684462,65.9974423408428,10021.992999999999,,
2020-02-15,10344.36,10375.0,9801.0,9904.72,57657.202947,0.00243342,0.00228479,0.0021528992857142858,0.0015106746666666668,0.00030202658541922937,0.0011438132639113123,0.0010770288376273495,-0.20007114965811698,0.4740715433531954,,0.5702065559021442,0.46392685523896504,,50.287378525343875,60.12647630318322,60.06924925655461,10051.260999999999,,
2020-02-16,9904.46,10050.0,9638.12,9917.27,60023.999537,0.00149022,0.00195363,0.002167412857142857,0.0015330900000000002,0.0004718132981381512,0.0011332213911705836,0.0010690788274281616,-0.8494736763763511,-0.48475282445311474,,0.42908478566728353,0.44883414831512536,,41.84871028295262,61.587643223362726,62.909375139350324,10065.787999999999,,
2020-02-17,9910.7,9964.16,9452.67,9706.0,70261.011901,0.0019521500000000002,0.0019585966666666667,0.002230752857142857,0.0015744073333333333,0.00047163304552727564,0.0010908781120619404,0.0010601919092605872,-0.2618593347190628,-0.06072654682249121,,0.4049024284429797,0.41253662086137616,,44.59748823766814,57.66358463723895,60.94287871832143,10055.015,,
2020-02-18,9706.0,10250.0,9576.01,10164.71,70604.124019,0.00070581,0.0013827266666666669,0.0021440792857142857,0.001547322,0.0006300848843079279,0.001163331881526666,0.0010719867526150075,-1.5352438532607393,-1.1802502272138393,,0.6478896381366919,0.45120319341207016,,47.96918816233023,65.79638982566422,63.67147428533019,10081.981,,
2020-02-19,10164.78,10250.0,9350.0,9593.79,55162.586895,0.0012564,0.0013047866666666668,0.002181942857142857,0.001572374,0.0006245772978850056,0.0011215122871059727,0.0010554383162740069,-0.47142169711591936,-0.6851894813035985,,0.7813545767249066,0.5153109680489527,,30.766282519086744,49.71651894583272,57.93611956202801,10026.185,8928.3434,
2020-02-20,9594.65,9699.0,9400.0,9596.42,60152.342914,0.00030000000000000003,0.0007540699999999999,0.0019905228571428573,0.0015679666666666668,0.0004800229272649411,0.0012007462466728349,0.0010606268943065876,-1.2937324668318435,-1.4593819628824956,,0.7236779514036253,0.5093439986334548,,32.512358805809214,47.13252634258586,60.90070019092998,10000.643999999998,8976.2548,
2020-02-21,9597.21,9755.51,9550.21,9677.05,42181.554524,0.00030000000000000003,0.0006188,0.0019476942857142856,0.0015641693333333334,0.000552177797452961,0.0012522399921906973,0.0010650956898178238,-0.854350349514317,-1.3176182314843532,,0.7329576254322421,0.5101824665437069,,31.2168210093608,47.79582516253389,61.22799157659458,9946.041000000001,9030.481600000001,
2020-02-22,9677.05,9709.17,9560.02,9650.86,24636.757623,0.00032243,0.0003074766666666667,0.0018263764285714288,0.0015508156666666668,1.2949966538079974e-05,0.001324776919093621,0.0010784328417332491,-0.6099047766582968,-1.2107301750537187,,0.7113129307951985,0.5095346269431176,,40.6867708562415,45.990772817553214,62.04080132325425,9878.481,9076.5996,
2020-02-23,9650.85,9990.0,9645.0,9936.4,37702.089843,0.0013398099999999999,0.00065408,0.0017518835714285716,0.0015572123333333333,0.0005939654879704738,0.001320401796532504,0.001076528061112823,1.1703926587971027,-0.36699773885989523,,0.616554324482052,0.521908783739864,,50.58469701505881,46.497451361150375,62.11822190264083,9849.158,9128.2454,
2020-02-24,9936.4,9990.0,9473.56,9656.13,55796.59612,0.00073361,0.0007986166666666667,0.0015688035714285715,0.001571666,0.0005117957758064599,0.0012663110058057322,0.0010618776152373068,0.2965220412245406,-0.8155164903514371,,0.39821927869380686,0.5367614423640008,,48.53744229831014,46.79657166052316,56.880374718251836,9780.335000000001,9174.193000000001,
2020-02-25,9655.52,9675.0,9250.0,9315.84,54379.344552,0.00106701,0.0010468099999999998,0.0015315142857142857,0.001597233,0.00030360441367016097,0.001273335592913439,0.001039195165046589,0.6886405240662928,-0.5579616971166996,,0.5106066991930645,0.5260744706743363,,23.246578882666313,34.997254909726536,49.450735583312145,9721.447,9205.3498,
2020-02-26,9316.48,9377.44,8633.63,8785.25,92130.345482,0.0012546,0.0010184066666666667,0.0012554578571428569,0.0016290530000000003,0.0002638737539683242,0.0007449788419419768,0.0010123731029041585,0.7442675321796518,-0.33710302245942286,,0.6431218308189421,0.5723997228575096,,23.852949926903875,27.668736724043256,45.52723958565758,9608.244999999999,9218.1492,
2020-02-27,8786.0,8971.77,8531.0,8823.21,72483.578762,0.00037363,0.0008984133333333334,0.0011047385714285714,0.0015971463333333334,0.0004640535122519126,0.0006886960108210873,0.0010368834033958768,-1.453194286765847,-1.0550163256779408,,0.662201543113954,0.5724159409072933,,25.554073109184472,29.268084152916032,43.836710339655724,9519.966,9233.4938,
2020-02-28,8823.25,8900.0,8445.0,8692.91,71155.208977,0.00045263,0.0006936200000000002,0.0009986942857142856,0.0015374969999999999,0.00048742606649624645,0.0006645220018319043,0.0010498914031169919,-0.8484965566228426,-0.9034010915678078,,0.4490307787361757,0.5704056297859509,,19.83275500569296,25.767353682612054,44.0730722532126,9372.785999999998,9250.996799999999,
2020-02-29,8690.8,8790.0,8523.55,8523.61,36748.183035,0.0018404699999999999,0.00088891,0.0009563407142857142,0.0015710696666666668,0.0008250212574231058,0.0005795023269146126,0.001042674912363532,1.3913630775029802,0.2758737773640986,0.8125644397467093,0.45211945276550186,0.5540365609697889,,18.233056220931175,27.98782334283051,42.45427871315761,9265.768,9257.5286,
2020-03-01,8523.61,8750.0,8411.0,8531.88,43892.201779,0.00108283,0.00112531,0.0009272414285714285,0.0015503096666666667,0.0006948945094041269,0.0005605502790439621,0.0010460978455933544,0.135258395115154,-0.2859908463424092,-0.0014205057921817387,0.4796339968436634,0.5469676370338928,0.5481774134968938,3.088217611456159,27.889443226166634,42.93661744153312,9159.314,9267.766,
2020-03-02,8530.3,8965.75,8498.0,8915.24,60401.31773,0.0003872,0.0011035,0.0008154592857142857,0.0014999796666666668,0.0007268554601156974,0.0004923327283057557,0.0010649893583489166,-0.6891391178366818,-0.8397297541254263,-0.7471144033808061,0.479186105501432,0.5584586722390877,0.54983504090856,26.8482003912211,38.03676897752064,46.860677360882,9083.133,9282.3712,
2020-03-03,8911.18,8919.65,8651.0,8760.07,55154.997282,0.00030000000000000003,0.0005900100000000001,0.0007864728571428572,0.0014670786666666667,0.000429015878843666,0.0005108817435410239,0.0010868175152845098,-0.785663587290589,-1.092924154854393,-0.8475967457084833,0.5089701821437193,0.5548494871899182,0.5384385116614651,30.36079013391192,26.600409139661423,46.39743553802584,8994.054,9295.3658,
2020-03-04,8760.07,8848.29,8660.0,8750.87,38696.482578,0.00044328,0.0003768266666666667,0.0007283928571428571,0.0014463416666666666,7.220106739749019e-05,0.0004994401353581762,0.0011005939817022425,-0.5620815644992897,-0.8299163741322718,-0.701965087598449,0.4889664073079889,0.5556545864634801,0.5385128971097245,48.07623438825191,32.72492519570194,42.390622431989705,8875.501,9294.182999999999,
2020-03-05,8750.99,9159.42,8746.54,9054.68,58201.866355,0.00053002,0.0004244333333333334,0.000744822857142857,0.0014000343333333332,0.00011616237658268198,0.0004879137657324384,0.0011092026921161958,-0.06012368580085468,-0.6236695221217914,-0.6147896677746593,0.4941762182146445,0.5788976480537754,0.5439508287238651,59.98223234227591,40.117407547920294,43.81882856579404,8815.356,9298.8484,
2020-03-06,9054.64,9170.0,8985.5,9131.88,43782.948044,0.0007783800000000001,0.0005838933333333334,0.0007789928571428571,0.00140177,0.00017392456564078735,0.00047081683677541614,0.0011081523455952597,1.590083915795414,-0.12632578367708977,-0.35764351863322985,0.4827826782900712,0.5576423993476468,0.529861117066895,69.8393759434075,40.04237520317955,44.16017321205912,8796.960000000001,9307.085799999999,
2020-03-07,9130.89,9188.0,8835.0,8886.66,45422.204525,0.00104276,0.0007837200000000002,0.0008304450000000001,0.0013371993333333334,0.0002564117072210293,0.00045621784273187205,0.0010687637539116878,1.4421379504649972,0.428916828680055,-0.08517547321410163,0.45663694779839936,0.5656350007722614,0.522124917576987,65.35445725447187,37.07584695311585,41.5993122097566,8807.101,9306.553399999999,
2020-03-08,8885.25,8886.76,8000.0,8033.31,77537.315166,0.00147353,0.0010982233333333335,0.0008399964285714285,0.0013563303333333332,0.00035087820769226405,0.000468925101229596,0.0010657931465846372,1.4831464061732456,1.4484542094189952,0.3657139960834475,0.9867567899907927,0.695719668577665,0.579392290304166,37.70365656952988,23.00037738096684,33.947515185300986,8728.111,9288.9004,
2020-03-09,8034.76,8179.31,7632.01,7929.87,116968.863268,0.00030000000000000003,0.0009387633333333333,0.0008090242857142857,0.0012989676666666668,0.000593636795720528,0.0004903239115541463,0.00107506261494849,-1.1504092039665794,-1.0009246993507392,-0.9210513461573567,0.9740016830084274,0.6491847055002077,0.5754480557817054,21.8045198839324,24.21537523972384,34.9893783192599,8651.807,9273.4638,
2020-03-10,7929.87,8149.0,7728.01,7894.56,86783.443875,0.00030000000000000003,0.0006911766666666668,0.0007542378571428571,0.001229544,0.0006775378614021038,0.0005019925951978938,0.0010698997494918666,-0.9527069526139811,-0.905612020908083,-0.9210513461573567,0.8235676003795971,0.6167178008081582,0.5632543366424603,23.410321161504584,26.64273881832011,30.80698179706657,8588.901999999998,9258.508,
2020-03-11,7894.57,7980.0,7590.0,7934.52,79942.411172,0.00042898000000000003,0.0003429933333333334,0.0006952649999999999,0.0011339523333333335,7.446663772010296e-05,0.0004869604771950184,0.001004977105629375,-0.5319284713786198,-0.6555200258147018,-0.781141822363703,0.8102943134959193,0.6185429389680552,0.5608909347841498,25.38578897537954,33.331112722124445,30.075933256019965,8529.166000000001,9242.4778,
2020-03-12,7934.58,7966.17,4410.0,4800.0,261505.608653,5.423e-05,0.00026107000000000013,0.0006724507142857143,0.0010827913333333332,0.0001903839523174259,0.0005101196313454972,0.0010199652528487678,-0.8240321003656953,-1.381504158089026,-1.1821802871592204,4.132415771454579,2.1901223067466216,1.3584765985886738,2.609935397638239,14.386349432845648,19.969956848914123,8117.642,9164.830600000001,
2020-03-13,4800.01,5955.0,3782.13,5578.6,402201.673764,-0.00381451,-0.0011104333333333332,0.0003676550000000001,0.0007849946666666668,0.00234928337052671,0.0013058087920621928,0.001101699162687858,-1.7839326232450052,-3.8492762176068,-4.3894571372605755,4.765040214247427,2.3268471570068914,1.4140939438775386,15.770653514177909,25.27033959003424,25.444858927055137,7799.495000000001,9108.3122,
2020-03-14,5576.05,5640.52,5055.13,5172.06,136910.135974,-0.00131692,-0.0016924,0.00014212714285714287,0.0006583073333333333,0.0019615112081504934,0.0013045277755714374,0.0011180254353806813,-0.25022586157222904,-1.4438958848053864,-2.045089534782696,4.722958657355288,2.3209794192291753,1.4063816363791615,15.295269558196111,24.35280343436449,25.531945693864017,7441.614,9042.973399999999,
2020-03-15,5172.48,5940.0,5093.1,5361.3,139916.146534,-0.00150891,-0.0022134466666666667,-4.299714285714285e-05,0.0005434353333333334,0.0013898805301296015,0.0013440613850875698,0.0011583983396281845,-0.16607605572011633,-1.4272283948445983,-2.095326375708329,4.798201482123834,2.339441737765988,1.4105208245267589,21.499228818093854,26.39152811946576,26.868058721796928,7072.276000000001,8983.387799999999,
2020-03-16,5360.33,5365.42,4442.12,5028.97,227276.92276,-0.00155513,-0.00146032,-0.00018173499999999998,0.00041048366666666665,0.0001263199988125698,0.0013955014148037369,0.0011628793742451168,0.05260730970147605,-1.3079503899645102,-2.025501795276388,4.725667593399158,2.3440111328076783,1.417182909999151,20.498321977013262,20.840830205776314,26.541777637332842,6661.985000000001,8911.6672,
2020-03-17,5028.86,5525.0,4921.45,5312.64,150089.926318,-0.00038084,-0.0011482933333333333,-0.00023036642857142859,0.000348115,0.0006650357405683852,0.0013892714901182902,0.0011531072236944007,1.053758104412412,-0.3461098903012762,-1.0538357940223337,1.7784091652132235,2.368170948333664,1.4239700262301003,25.004937210298536,24.622849983579485,25.228894577281892,6304.5830000000005,8839.7686,
2020-03-18,5312.64,5436.17,5009.37,5393.04,137127.634894,-0.0008360799999999999,-0.0009240166666666665,-0.0003217492857142857,0.00025517400000000005,0.0005920632517166896,0.0013836172325325344,0.0011315275065320429,0.5651936197434425,-0.6490179109599112,-1.3737923603388196,1.1350814566278056,2.371170164690275,1.4250032117408424,25.58757420321251,25.538821520511007,27.423309388390862,6040.5560000000005,8760.1452,
2020-03-19,5393.26,6400.0,5252.53,6162.37,199020.873439,-0.00064135,-0.0006194233333333332,-0.0004054185714285714,0.00021026866666666667,0.00022841070122334379,0.0013634171552325493,0.0011397287676785319,0.6528505759814671,-0.4543612296460845,-1.1806262637910931,1.3599282753390745,2.465540023311822,1.4665500754784497,73.98445834842602,30.268340903596425,32.94908932381338,5863.8060000000005,8697.362,
2020-03-20,6162.05,6900.0,5670.0,6208.36,219298.329514,-6.639999999999999e-05,-0.0005146099999999999,-0.00046576,0.00016617533333333333,0.0004001863269778294,0.00132515200032066,0.0011233308901708152,1.1232832883791337,0.06893028737971334,-0.7239318443645893,1.3798667419979815,2.4677370805939836,1.4669070851334551,64.94092526688233,29.97012839309363,32.7176431315209,5695.186,8631.265,
2020-03-21,6204.57,6456.98,5860.02,6186.98,128913.668363,-4.145000000000002e-05,-0.0002497333333333332,-0.0005432035714285714,0.00015479366666666666,0.0003393793391374012,0.0012603053049687674,0.0011236579634067803,1.006684527970971,0.13988913207322637,-0.6962818472071748,1.0679029875672685,2.467230680148826,1.4663489794141116,79.46340443811579,30.91845418330587,32.73333240283257,5520.432,8567.9468,
2020-03-22,6187.04,6407.87,5734.01,5816.19,119115.990527,7.382000000000001e-05,-1.1343333333333188e-05,-0.0006431828571428572,0.00014725433333333336,7.480120743235988e-05,0.0011375535418028165,0.0011234088510535265,0.9223902055815895,0.2524345466031312,-0.6017448014940918,1.3595090617624865,2.4591582623151433,1.4728528386714146,61.946330932961786,33.18197678828089,29.634759124093804,5622.051,8496.5784,
2020-03-23,5816.05,6600.0,5688.0,6467.31,164674.215785,-0.00023091000000000002,-6.617999999999987e-05,-0.0006811050000000001,0.00012880966666666666,0.00015386283794342827,0.0011122605722633247,0.0011249749656846273,-0.1777895925576108,0.014994742591346264,-0.8193217736750786,1.5500476471734166,2.518856598625293,1.4972927327603247,82.35598466713263,39.756806804134975,34.79579731924645,5710.9220000000005,8439.2944,
2020-03-24,6465.25,6833.0,6371.33,6744.72,151138.009878,0.00030000000000000003,4.763666666666681e-05,-0.0006811050000000001,9.414933333333333e-05,0.00026642171877183527,0.0011122605722633247,0.00110216457389909,1.4899878285292085,0.4786253151000275,-0.4018855723093971,1.1808126976393145,2.530181724256987,1.501530706180686,82.30615136117811,42.21110701666119,37.667022264508624,5868.188,8388.344000000001,
2020-03-25,6744.69,6957.96,6450.0,6677.43,132155.734989,0.00029771,0.00012226666666666683,-0.0006904814285714284,7.961933333333333e-05,0.0003058621085282366,0.0011026948040411457,0.0010963014477305471,0.9571327387076503,0.48966966838319903,-0.4036022865639602,1.2043406352748354,2.5213914107161273,1.50148044334506,79.14682908893646,41.51601987416558,39.41906297499208,5999.801,8337.9522,
2020-03-26,6677.42,6780.0,6510.0,6737.36,83026.555211,9.979e-05,0.00023250000000000015,-0.0006872271428571429,4.7378666666666674e-05,0.00011493593476369924,0.0011051262146813026,0.0010803688989087002,-0.0381501646457185,0.35445790757341994,-0.5516778850577219,1.19201976832535,2.52147256376895,1.499107332206392,69.24446586471174,72.3506121337462,39.552393555465876,6170.64,8280.4586,
2020-03-27,6737.27,6842.59,6261.0,6359.11,82914.968354,0.00013209000000000002,0.00017653000000000015,-0.0004053271428571428,9.96166666666667e-06,0.00010618035034791229,0.0006595912094673438,0.0010562866558392304,0.057031752779391764,0.4385189620296592,-0.5243524048475274,1.1679977069315863,2.5276420701756934,1.5018644815124347,54.127490868846884,59.92088812735082,38.593776575248604,6275.287,8212.2008,
2020-03-28,6359.11,6360.0,6024.0,6236.65,93159.693429,-0.00075116,-0.0001730933333333332,-0.00036491571428571423,-2.753133333333333e-05,0.0005008808499367282,0.0006152874865861084,0.0010628748144268876,-1.7488456541558186,-0.2914323445541947,-1.1594814735234047,0.7017779202401417,2.4992936962782566,1.4954578785234456,51.28862368658146,64.58506297965238,38.77129171190876,6359.647999999999,8140.659199999999,
2020-03-29,6236.65,6266.0,5866.56,5881.42,63311.627714,-0.00078015,-0.00046640666666666647,-0.00031286142857142856,-6.8624e-05,0.0005185159592850924,0.0005368916586004343,0.0010674915003605749,-1.1115916047993792,-0.27031441269377565,-1.1423865081571845,0.5719148809916156,2.507008074560049,1.500918094324201,51.70608205303362,56.8157396778263,37.415317411319045,6331.553,8060.386600000001,
2020-03-30,5880.5,6599.0,5857.76,6394.38,118889.549992,-0.00105109,-0.0008607999999999998,-0.0002768585714285714,-0.00016500933333333333,0.0001654322160282178,0.0004583320789702449,0.0010185943756790825,-1.060674627742833,-0.4811790921065298,-1.303597772092551,1.1243149529916812,2.542076290328764,1.5160057426098168,47.94393103018637,67.08381191176292,38.17618971678437,6350.155,7985.239199999999,
2020-03-31,6394.45,6523.23,6321.4,6410.44,72337.595259,-0.00036856,-0.0007332666666666664,-0.0002759814285714285,-0.000213389,0.00034367184265421,0.0004581294806200391,0.0009913872668008352,0.4255410169442798,0.2631213750557919,-0.7704180764921424,1.116449583833448,2.5418001991845367,1.5159432391775665,38.947083019199226,64.72134313144595,38.833607863888396,6372.501,7916.411399999999,
2020-04-01,6412.14,6679.94,6150.11,6642.92,97500.7524,-0.0009289999999999999,-0.0007828833333333331,-0.0002826185714285714,-0.0002572623333333333,0.00036397027410674644,0.0004674464341810422,0.0009930145421294583,-0.5936233660137172,-0.27669849117765805,-1.1469177222304934,1.0334319447128835,1.2548178786354744,1.519298534921605,48.97130627110638,66.103878701647,40.190352625156244,6455.174,7844.8082,
2020-04-02,6643.36,7198.0,6551.0,6794.09,149299.906871,-6.633000000000001e-05,-0.00045462999999999976,-0.00024154571428571425,-0.0002694733333333333,0.00043772813012189017,0.00045868163827202855,0.0009881661722895973,1.394164882590529,0.7031669700715529,-0.49205067105473155,0.9903118507228454,1.101950592740642,1.5208967270381917,51.60380185567417,59.68147321699682,39.328413095990875,6487.852,7774.1608,
2020-04-03,6793.86,7048.0,6602.1,6734.1,104080.276939,0.00019126,-0.0002680233333333331,-0.00022314142857142856,-0.00027787399999999995,0.0005867331313581495,0.0004712469306630449,0.0009829554290930241,1.183222510350596,1.0408439997694523,-0.2908002888828093,0.6879753250076343,1.0374184028492615,1.5209197212392214,62.92756920740234,58.022841307215835,38.66235689521428,6486.79,7704.2502,
2020-04-04,6732.97,6990.41,6650.01,6856.99,72990.861139,4.068999999999999e-05,5.520666666666688e-05,-0.0002172742857142857,-0.000294185,0.00012940711817106164,0.0004741852142150994,0.0009730975911853305,0.6027716186957446,0.7111994652172771,-0.3818016599887713,0.332501046698401,1.0326937037503898,1.5219610300393336,71.3795337680076,59.91717065861349,40.290602166637214,6504.746,7634.5028,
2020-04-05,6857.41,6895.54,6677.52,6772.78,49685.356983,3.562e-05,8.919000000000021e-05,-0.0002200028571428571,-0.00031894366666666667,8.843155488854494e-05,0.000472488211581534,0.0009541313913838208,0.4048462034058852,0.6520178844092435,-0.37659352677271113,0.3972182555376204,0.9817109427461223,1.5170724364766655,87.77717501859578,65.47154248003633,43.49098157068643,6508.288,7571.863999999999,
2020-04-06,6772.78,7355.14,6765.0,7329.9,118052.000832,-5.4529999999999995e-05,7.2600000000002075e-06,-0.0002074042857142857,-0.00035551999999999996,5.357172108497018e-05,0.00047452215606397593,0.0009205728635343674,-0.8128986086916415,0.4069574489282472,-0.41748389255699875,0.700448018801923,1.0057677577476252,1.5305536567045643,88.21818419499498,64.38873042082764,47.040584494044694,6605.367,7520.1166,
2020-04-07,7329.9,7459.69,7077.0,7197.32,103585.168918,-0.00014667,-5.519333333333312e-05,-0.00023930928571428567,-0.00040952666666666665,9.114681033003433e-05,0.0004522767306122399,0.0008547407417752929,-1.273257180068279,0.12380395439005555,-0.47414855889721036,0.768703987080822,1.0164378600307717,1.5307370754920344,79.35155620538366,57.93305803083442,46.593478537006376,6701.433999999999,7469.943,
2020-04-08,7197.32,7420.0,7150.0,7361.28,76059.145838,0.00013914,-2.0686666666666453e-05,-0.00025063571428571426,-0.00041488866666666667,0.00014587963337402246,0.0004396015022847272,0.0008506308981745247,1.2608363407929473,0.7339631134217823,-0.23435294787644373,0.7388999740721605,0.8665576546126881,1.5319155359854228,78.23919743375781,61.593468258432964,47.232836771919764,6849.42,7413.8744,
2020-04-09,7360.26,7371.92,7108.08,7283.54,61094.872417,-8.859e-05,-3.2039999999999795e-05,-0.00026409142857142855,-0.0004278416666666666,0.00015106378090067084,0.0004308461348923167,0.0008422872478906461,-0.5847032532990198,0.17580691258448944,-0.38576358574390995,0.7776053052720425,0.8705615769000703,1.5300520735299694,70.41944446758063,59.203936503628846,67.00793850803882,6938.336,7367.669400000001,
2020-04-10,7283.54,7295.75,6739.98,6858.92,104674.623375,0.00014997,6.684000000000021e-05,-0.0002628142857142857,-0.000437142,0.00013471520292827297,0.00043213543125905624,0.0008339998035739473,1.102146040201542,0.7309185924920014,-0.16389633529662315,0.9917263541066467,0.9171991454321357,1.5348172308557717,53.992655714188416,58.292931404632675,59.21472721146173,6983.183999999999,7312.9194,
2020-04-11,6858.92,6944.3,6760.0,6876.83,45470.293206,0.00030000000000000003,0.00012046000000000023,-0.00018773142857142854,-0.0004289496666666666,0.00019596856150925257,0.0004320779567990577,0.0008401771766038965,1.2423340395638005,1.0444005477737295,-0.022438992875689,0.5852742639860411,0.8667578507206832,1.5311929027233833,50.68031876223444,61.003740219708554,62.99662575795777,7006.575,7256.915,
2020-04-12,6876.84,7177.0,6780.0,6903.79,73868.666501,0.00028453,0.00024483333333333356,-0.00011168285714285712,-0.00029231499999999997,8.251738746069746e-05,0.0004130646615320577,0.0005557845171172406,0.8171663371237377,0.9248239231476575,0.03738564301155981,0.5968206159639124,0.7470619141448624,1.5308538406799526,54.67595599937307,69.80838160924662,62.057805926276295,7017.545,7201.9736,
2020-04-13,6903.79,6903.79,6575.0,6837.91,96415.476573,-0.00015198999999999996,0.00014418000000000024,-4.746142857142856e-05,-0.00025348399999999995,0.0002566073496609278,0.000313723149530997,0.0005213588597091682,-1.1968011722519467,-0.038487778201613095,-0.3618256839617429,0.5006585704988344,0.7279402117082721,1.5308557286307298,22.957181333462245,60.39408128156819,64.75534195351524,7027.9259999999995,7140.0038,
2020-04-14,6838.04,6978.0,6754.28,6868.7,69068.623285,-0.00015818,-8.546666666666434e-06,-3.243428571428571e-05,-0.00020845966666666665,0.00025383070821580905,0.0003019783089946969,0.00046441692960085744,-1.0720895511722117,0.0011762249098330349,-0.3415172184843934,0.5279421836344744,0.7264764996898494,1.530462933804997,29.661079890054268,60.66564260108695,63.23878235120947,7029.097,7084.2552000000005,
2020-04-15,6868.57,6933.0,6605.0,6621.24,61571.384994,-0.00014508000000000001,-0.00015174999999999979,2.356e-05,-0.00016145799999999998,6.553296880659033e-06,0.0001641869536651621,0.0003885885487282934,-0.7025364010276903,0.06425626314526281,-0.2973370603817906,0.33526270597000973,0.7433530140375145,1.5295559118908397,8.488152934834474,49.49890906398186,60.16055698578938,7013.942999999999,7030.3632,
2020-04-16,6621.25,7190.0,6468.27,7101.94,125009.857539,-0.00046654,-0.0002565999999999998,-5.026428571428567e-06,-0.00016431466666666665,0.00018193132000842018,0.00020960087494705589,0.00039056689542901627,-1.2668149233919566,-0.6636245405346429,-0.6261913854143764,0.7508401577405017,0.7558882272833042,1.5411508272748438,42.98473329622495,56.17475860571858,58.16260753073015,6991.147,6996.696999999999,
2020-04-17,7101.99,7148.12,6972.98,7027.55,54126.509763,2.4999999999999998e-05,-0.0001955399999999998,-1.690214285714285e-05,-0.00013561199999999996,0.00024962482168247233,0.0002022035562792553,0.00037062801232503,1.1485934349918376,0.4903597815693218,-0.04055041052671646,0.7652806982122078,0.7511755209395135,1.5406843995157202,58.93082227325654,55.852122478740036,57.08184856482585,6974.17,6960.7838,
2020-04-18,7026.78,7293.08,7014.4,7248.6,49488.542819,-0.00039919,-0.0002802433333333331,-4.832214285714285e-05,-0.00012753999999999996,0.0002664847557241118,0.00022541035015409867,0.0003617646550662115,-0.8467373929489416,-0.7163125220712634,-0.5149813891771178,0.7800408871092587,0.6988223892106226,1.5379902030217076,66.20294099696983,57.515439265793155,58.87137747766073,6962.902,6931.8976,
2020-04-19,7248.6,7266.15,7055.6,7120.74,45664.86393,-0.00016594,-0.00018004333333333311,-6.27192857142857e-05,-0.000130858,0.00021244638625624919,0.0002260724060821183,0.0003616410151193505,0.3211161559008148,-0.2340342952982228,-0.21835735108641358,0.8209190119913116,0.625259111617658,1.5327510142911753,58.691001738568026,56.56771183302534,61.362745559131604,6946.622,6903.840200000001,
2020-04-20,7121.4,7220.0,6751.0,6826.83,90149.49137,-8.946e-05,-0.00021819666666666643,-6.521428571428572e-05,-0.0001324583333333333,0.0001613419896782591,0.00022616780314673382,0.0003613378237174364,0.6241693091635226,-0.01676266685272406,-0.11978003599130603,0.8484216784792423,0.6574761286432073,1.5354228064583284,49.624701929306624,39.45703974748399,53.33924053451823,6943.4130000000005,6869.7392,
2020-04-21,6828.98,6940.0,6762.0,6841.37,60109.710808,-6.718999999999999e-05,-0.00010752999999999978,-5.953714285714285e-05,-0.00013715866666666669,5.179560116463549e-05,0.00022496017221614238,0.000359474332360114,0.4498448674753811,-0.12918365824779687,-0.08606902604901881,0.5134008515465025,0.6410573982128018,1.5351468810291236,49.06398339621323,42.151981902900644,50.94377576705237,6939.867,6828.2618,
2020-04-22,6841.36,7156.38,6818.0,7125.14,61486.377334,-0.00045308999999999996,-0.00020324666666666642,-0.00010183928571428571,-0.00014456466666666663,0.00021665700227165388,0.00023991195088276363,0.0003637358791166802,-1.2162340302343608,-1.799045054331588,-0.5298246746492709,0.652848623005701,0.6569753004609402,1.5394008649590878,66.83910120166368,45.05482538802342,54.19449977231003,6962.001999999999,6795.5632000000005,
2020-04-23,7125.12,7738.0,7020.0,7482.39,102773.569561,-0.00027831,-0.00026619666666666643,-0.00011539071428571427,-0.00016384166666666666,0.0001932349661250249,0.00024442177711942885,0.0003545717131110551,-0.42563543959124966,-0.9031802314172621,-0.2961544336525375,0.7363231351708818,0.6838090811109334,1.5428865172990227,63.857019019905245,53.72784570446621,56.6116868617923,7026.45,6770.193600000001,
2020-04-24,7483.96,7615.96,7388.0,7505.0,60182.119939,0.00030000000000000003,-0.00014379999999999973,-0.00010467428571428571,-0.00016376533333333334,0.0003941520545424139,0.0002597589737463524,0.00035467473531959615,1.4854923489889706,1.616380065293838,0.41864024562991337,0.6943192528148078,0.6814094464682139,1.5418293073682228,68.071673517553,64.26174792939324,60.85421185739069,7090.08,6739.2,
2020-04-25,7505.0,7705.0,7431.07,7538.67,43874.427726,0.00030000000000000003,0.00010723000000000025,-0.0001046742857142857,-0.00015709166666666666,0.0003338874341750611,0.0002597589737463524,0.00036162047185225323,1.0024265935213081,1.4712879382632977,0.4406103269523592,0.43892515636537793,0.6771839868726649,1.5399116961973929,62.79408262096843,64.5086897809183,62.5441253545106,7181.822999999999,6707.335800000001,
2020-04-26,7539.03,7700.0,7480.0,7693.1,50522.616209,0.00027493,0.0002916433333333336,-0.00010536,-0.0001523303333333333,1.447417124877402e-05,0.00025866287423534953,0.0003664672060172568,0.6737381367831082,1.2437264354037765,0.43916266950132066,0.39754540400861504,0.5959951231072892,1.53473127081493,74.66686203860414,66.38721759238099,68.15689041399594,7240.939,6683.464599999999,
2020-04-27,7693.1,7792.02,7606.0,7774.62,65441.339576,0.00030000000000000003,0.0002916433333333336,-7.3075e-05,-0.00011729166666666664,1.4474171248774009e-05,0.0002797435842599707,0.0003573765856626418,0.4712702260115348,1.2083458261418234,0.4729179025249122,0.36033267355485127,0.5894680927514853,1.534971971774165,99.99999999992615,69.32197446312958,65.14244589158525,7315.646000000001,6678.2908,
2020-04-28,7773.51,7780.0,7659.12,7738.98,46302.752638,0.00030000000000000003,0.0002916433333333336,-4.0347857142857124e-05,-8.128666666666665e-05,1.4474171248774009e-05,0.0002953851879568196,0.00034238932567084475,0.4468150678271631,1.1457645982205504,0.47704465549799513,0.17747663980332432,0.5843324467523429,1.5346522577222672,96.32156385134797,67.9158432147171,64.51290118193165,7364.683999999999,6674.473000000001,
2020-04-29,7738.58,8952.89,7710.05,8778.57,183546.887514,0.00030000000000000003,0.00030000000000000003,-8.556428571428555e-06,-3.625033333333332e-05,0.0,0.0003069702357810842,0.0002961649084487208,0.4468150678271583,1.0436973178494442,0.5366507746446478,1.0260238454164379,0.7831996465067846,1.5659987228669343,97.93356564287991,83.48924068510743,69.83252882034773,7530.467,6692.1532,
2020-04-30,8778.58,9460.0,8401.0,8620.0,206277.214124,0.00120725,0.0006024166666666669,0.00011100000000000001,1.6276666666666676e-05,0.0005238010317222928,0.0004200113001227099,0.00036656780571745254,1.7881794354607294,2.960166522614458,1.7409705197192873,1.096223603515178,0.7306062458836285,1.5666781640665783,87.27351362682182,76.18428315161216,66.93288275669283,7709.784,6705.862799999999,
2020-05-01,8620.0,9059.18,8613.56,8826.96,91468.815059,0.00052485,0.0006773666666666669,0.00014670357142857146,6.473833333333334e-05,0.00047246337512376376,0.0004331772413335453,0.0003317367877584593,-0.003996316728105912,1.1384396178047853,0.826205550653316,1.0947444590327944,0.7312789199650591,1.5639732881189616,88.64521334436671,79.6798147371942,68.89347088961559,7908.343000000001,6786.401999999999,
2020-05-02,8825.67,9010.0,8753.0,8972.05,59002.08755,0.00030144000000000004,0.0006778466666666669,0.00019674857142857146,7.699733333333333e-05,0.00047188867758544316,0.00040480131251416005,0.0003335167820203319,-0.5737050292795811,0.5738633155299587,0.5289837231354257,1.0876839592653929,0.7304046563247527,1.5638736706987424,89.33966406846935,79.15754497680157,69.01765579645422,8093.0340000000015,6854.271,
2020-05-03,8972.58,9200.0,8712.0,8894.16,90126.065643,0.00044971999999999997,0.00042533666666666687,0.00024072428571428572,8.561266666666667e-05,0.0001136834079069528,0.0003957087885673635,0.00033984831215618015,-0.2840790447893051,0.8602813837657023,0.7260041008301151,1.0996922154874627,0.7298952456576188,1.5640320032632824,84.40919977535779,80.51895754167607,69.0961857677986,8234.211,6928.713000000001,
2020-05-04,8894.15,8950.0,8522.0,8871.96,84418.512331,0.00031925,0.00035680333333333353,0.0002699178571428572,9.4898e-05,8.095942955171249e-05,0.00038438999729198436,0.0003423746293613868,-0.6464072216237032,0.4798793715049618,0.5589947321756933,0.33377153517006275,0.7320954293687122,1.5617340863188296,82.54386277088282,88.82573384510775,65.36057088892946,8370.907,6998.9262,
2020-05-05,8871.92,9118.58,8760.0,9021.83,76480.765342,0.00030000000000000003,0.00035632333333333356,0.0002961457142857143,0.00010371066666666668,8.145454949441866e-05,0.00037194461243400366,0.000344193924608604,-0.7704753332767309,0.37971042337820604,0.549066181148808,0.266171820201325,0.6974758517814689,1.562155924486753,85.63135703846862,89.3718445970383,68.11168929660309,8519.223,7078.783399999999,
2020-05-06,9021.36,9395.0,8906.21,9142.92,105925.30242,0.00055981,0.0003930200000000002,0.0003684957142857143,0.00012418866666666668,0.00014476470115330368,0.0003080132010586128,0.00035262661277836406,1.5055918541158866,0.9469496351360724,0.9224709564191893,0.22586588053374734,0.6528100241822529,1.5610185258427913,70.66249276934744,88.70847689127288,67.83794824143767,8664.205,7155.388999999999,
2020-05-07,9143.4,10067.0,9021.0,9986.4,147154.611378,0.00030000000000000003,0.00038660333333333355,0.00040980357142857143,0.00013907766666666668,0.00015000137343817443,0.0002474147872456333,0.0003502174226714681,-0.7413262612140402,0.22711015385438538,0.6180288269767343,0.7419766963319009,0.7185541927839658,1.5547031406704273,93.61092315740943,90.48376613923945,73.4635484486682,8885.382999999998,7247.2562,
2020-05-08,9986.3,10035.96,9705.0,9800.01,100683.7964,0.001033,0.0006309366666666669,0.0004621607142857143,0.00016887300000000002,0.00037164028580515646,0.0002953123742351028,0.00038637927269271797,1.6771685647716996,1.911475460580611,1.6097849857389246,0.7833797191751264,0.7320889834495949,1.555158882041043,81.46971882455031,85.23856172015044,76.63321542991005,9091.486,7320.009,
2020-05-09,9800.02,9914.25,9520.0,9539.4,81950.679567,0.0017587100000000001,0.0010305700000000004,0.0005663542857142857,0.00023044966666666667,0.0007293580360152377,0.0004503398654471851,0.00047983198361498054,1.5654695382107444,2.7728495794325463,2.4557434897704757,0.8689405252185041,0.7409787058564896,1.5568622257882316,67.0731193538203,78.71863992211183,73.09586636060271,9167.569,7386.6298,
2020-05-10,9539.1,9574.83,8117.0,8722.77,183865.182028,0.00062326,0.0011383233333333335,0.000591235,0.00024622600000000005,0.0005750055904365955,0.000442555635281295,0.00048484905020016475,-0.4068464392633655,0.42271397641528186,0.9468524906105359,1.2391790419630428,0.8325978303020557,1.57352421409697,46.42977665011333,62.419039302553024,63.87720786589559,9177.846000000001,7437.3456,
2020-05-11,8722.77,9168.0,8200.0,8561.52,168807.251832,0.00030000000000000003,0.0008939900000000003,0.000591235,0.00024622600000000005,0.0007661134156898734,0.000442555635281295,0.00048484905020016475,-0.8201141670318983,-0.2871079241521793,0.5145819073610964,1.221913336729338,0.8421353810582924,0.9390164705970538,43.88733991776119,59.31185299837572,62.961013413597065,9151.302,7492.2522,
2020-05-12,8562.04,8978.26,8528.78,8810.79,86522.780066,0.00030000000000000003,0.0004077533333333336,0.000591235,0.00024674166666666667,0.00018663424801825212,0.000442555635281295,0.0004848994176619028,-0.8201141670318983,-0.40671349181569594,0.5525273397048099,0.8063231682150276,0.8356392070909737,0.8718040230659637,46.001091438260914,62.072950670080395,64.13932486757855,9135.176,7539.121799999999,
2020-05-13,8810.99,9398.0,8792.99,9309.37,92466.274018,0.00030000000000000003,0.00030000000000000003,0.000591235,0.000261808,0.0,0.000442555635281295,0.00047907006140416973,-0.563984626468655,-0.5174226500498378,0.528003678149837,1.0641343753691925,0.8414189696890242,0.8539819984670357,52.759257478744225,56.808829414943645,68.88047300037607,9176.697,7590.4148,
2020-05-14,9309.35,9939.0,9256.76,9791.98,129565.37747,0.00030000000000000003,0.00030000000000000003,0.0005264314285714286,0.0002770806666666667,0.0,0.00041069094490695955,0.00047247720859415156,-0.4471826627884202,-0.5174226500498378,0.5060192010670493,1.1553674103326046,0.8571868980084841,0.8575006507707003,46.33907522199325,63.87970402089821,68.88882023163488,9268.699,7652.705800000001,
2020-05-15,9791.97,9845.62,9150.0,9316.42,115890.761516,0.00024400000000000002,0.0002813333333333336,0.0005063707142857144,0.00029005000000000003,3.233161507469936e-05,0.0004175756622635412,0.00046578207352129266,-1.7881403813809087,-0.6504239220689337,0.37253088446369187,0.8738181370815183,0.898275048469899,0.850601388771704,41.788277166649365,55.44992562106892,65.21472661788692,9298.158,7704.287,
2020-05-16,9315.96,9588.0,9220.0,9381.27,59587.627862,0.00030000000000000003,0.0002813333333333336,0.0005062678571428571,0.00031560133333333336,3.233161507469936e-05,0.00041763019750047485,0.00044333064315889547,0.44703509534522445,-0.5121570100297649,0.46766422422827486,0.8140702487713908,0.8973175009731637,0.8432379582371385,47.123601637095796,54.63938797534931,64.47705510275608,9321.992999999999,7764.7302,
2020-05-17,9380.81,9888.0,9322.1,9680.04,68647.764323,0.00013014,0.00022471333333333357,0.0004834407142857143,0.00031910600000000004,8.65568398992163e-05,0.0004295233646992063,0.00044136535832377873,-1.689306062206055,-0.9084673200642545,0.08263789255419822,0.8174728997591624,0.9019859976768342,0.8448624985028161,71.45489020074947,58.484699297782456,66.97914178804933,9291.357,7833.598000000001,
2020-05-18,9681.11,9950.0,9464.23,9733.93,82006.603583,0.0001336,0.00018791333333333357,0.00047018000000000006,0.0003368656666666667,9.708531574516604e-05,0.00043776901652671713,0.0004217491968365803,-1.0344926728886803,-0.8660904003643721,0.06366391185016286,0.7210161312063222,0.8996631470539467,0.7859409056962186,77.60521395974895,59.24295227166157,69.92097667671763,9284.749,7910.6482,
2020-05-19,9733.93,9897.21,9474.0,9775.53,78539.760454,0.00027892,0.00018088666666666686,0.0004686742857142857,0.00035169433333333337,8.49169814191401e-05,0.00043843512532492333,0.00041114837690583257,0.7645199402568341,-0.5038923317512898,0.37072997407057345,0.5697967889378152,0.7375333179420976,0.7859844033100978,75.17772697375977,58.27408893902807,70.03211517767176,9308.362000000001,7978.271200000001,
2020-05-20,9775.13,9842.0,9326.0,9511.43,74923.73809,0.00030000000000000003,0.0002375066666666669,0.00045011642857142864,0.0003646763333333334,9.060098307048635e-05,0.00043977734295728706,0.00040280250297550907,0.8059358514569674,-0.3732696350212001,0.4044071496773006,0.39895588751567584,0.744173615718769,0.7902659989642051,56.00875471336686,53.92233038641612,66.33556819097207,9387.228,8040.291000000001,
2020-05-21,9511.43,9578.47,8815.0,9068.65,108928.780969,7.782e-05,0.00021891333333333356,0.00043424642857142857,0.00036951000000000003,0.0001226441524628817,0.0004495123117952326,0.0003982861097684482,-1.0737013290380453,-0.8952680224475217,-0.08435165895578939,0.5907709792413416,0.7715166596736016,0.7833751057739626,27.96807894976118,39.32076455295457,60.73320251706203,9437.941,8088.8056,
2020-05-22,9067.51,9271.0,8933.52,9170.0,58943.131024,-6.789999999999994e-06,0.0001236766666666669,0.0003599757142857143,0.0003843866666666667,0.0001584523632936367,0.00042837604669287906,0.00037410188569180256,-1.2451585963388057,-1.0480569752589801,-0.27986113521721867,0.487940127023951,0.7699012898914037,0.7433372635667033,44.22333391194869,42.52098246612307,61.14720469613038,9473.862,8136.3238,
2020-05-23,9170.0,9307.85,9070.0,9179.15,43526.296966,3.85e-05,3.651000000000022e-05,0.00023710357142857144,0.00039494700000000004,4.234008856869977e-05,0.00015716273533688364,0.00035891308622437414,-0.6987665732918038,-0.8606065250444586,-0.1703862713872268,0.4753812059471694,0.7686407214623402,0.7378500910135406,41.65923871774686,45.451836814035076,61.01922157198674,9460.84,8185.2248,
2020-05-24,9179.01,9298.0,8700.0,8720.34,70379.86645,0.00024641,9.270666666666689e-05,0.00021018571428571428,0.0003931606666666666,0.00013502344993866303,0.0001116062645549612,0.0003595347606036173,0.8572587934306813,-0.32596043474105335,0.2914495207017004,0.5375738548532891,0.8011668149927978,0.7500083832668405,15.017350985644953,49.96627407654259,56.62898000798149,9353.676,8222.4918,
2020-05-25,8718.14,8979.66,8642.72,8900.35,62833.910949,-1.7279999999999997e-05,8.921000000000022e-05,0.00018752285714285718,0.00038258466666666664,0.00013896665823140926,0.0001235410338824601,0.0003669595090012498,-0.795589264354868,-0.9279547715451887,-0.2875167922420956,0.6451911503309741,0.8028739000287111,0.7509693229813174,22.17318734142377,54.67825356979989,57.17337085279592,9312.069,8265.0432,
2020-05-26,8900.35,9017.67,8700.0,8841.18,58299.770138,0.00014564,0.00012492333333333355,0.00017649714285714288,0.000378275,0.00013306009632244604,0.00011955435470810019,0.00036902084826395627,0.5714126939366834,-0.47650283127534704,0.07223318672432927,0.5307170233688935,0.8007128880064471,0.7351006633787902,19.17089555685186,50.44284411127477,57.00243452448507,9258.060000000001,8295.2688,
2020-05-27,8841.0,9225.0,8811.73,9204.07,68910.355514,-1.9209999999999987e-05,3.638333333333355e-05,0.00015369642857142858,0.0003676346666666667,9.462396965536097e-05,0.0001245244129667961,0.00037589369626892416,-0.8513091829134852,-0.8269473809921981,-0.3294863114840069,0.6554126791282382,0.719250433454159,0.7373072389823678,40.479258561711134,48.402386255342726,52.957563995964605,9210.463,8335.4038,
2020-05-28,9204.07,9625.47,9110.0,9575.89,74110.787662,-0.00019415,-2.257333333333311e-05,0.00011839999999999999,0.000351163,0.00016991996655290015,0.00014773493811032464,0.00038953881420655616,-1.3348795188910596,-1.1577812116694668,-0.7761855769519878,0.7349586263834034,0.7392627903909407,0.7233031754422293,66.43468118192943,46.60742601458035,56.45289988616232,9194.659000000001,8379.696000000002,
2020-05-29,9575.87,9605.26,9330.0,9427.07,57374.362961,3.8910000000000005e-05,-5.814999999999978e-05,0.00010375071428571428,0.00034246000000000005,0.00012131151470493392,0.00014445436684105628,0.00039361657181437136,0.3907817169938539,-0.7646658516563551,-0.2893666553852857,0.4944498734664224,0.7332436339231079,0.7002785851280656,58.080557249435365,51.935787488471796,54.083197591878736,9159.812999999998,8422.566599999998,
2020-05-30,9426.6,9740.0,9331.23,9697.72,55665.27254,0.00030000000000000003,4.825333333333356e-05,0.0001037507142857143,0.0003122183333333334,0.00024720746152440197,0.00014445436684105628,0.00035813648515695297,1.3323702424726225,0.9420417127984798,0.3489269667795152,0.5059347001041605,0.6233215556545012,0.7022636188643643,63.99898497435722,55.16432154732922,54.85457092433278,9178.442,8479.3426,
2020-05-31,9697.72,9700.0,9381.41,9448.27,48333.786403,0.00030000000000000003,0.00021297000000000026,0.00011588357142857144,0.00030472333333333334,0.0001507403817827367,0.0001536800707567579,0.000355878821359119,1.0036335888233885,0.9420417127984796,0.3184850103689294,0.6064121072956415,0.6295557834000373,0.7031341616741142,72.15502705726746,46.15573446915908,53.623694519085994,9216.403999999999,8530.7714,
2020-06-01,9448.27,10380.0,9421.67,10200.77,76649.12696,8.027e-05,0.0002267566666666669,0.00011207428571428572,0.000297351,0.00012686117464905702,0.00015386798520981352,0.00035823226470863505,-0.11979826787052326,-0.46968514577925435,-0.29638074843716444,0.8021869166780045,0.6942966142030242,0.723436357751012,79.35087798489799,56.286391424933676,57.93229424720036,9319.481000000002,8596.711,
2020-06-02,10202.71,10228.99,9266.0,9518.04,108970.773151,0.0012278999999999999,0.0005360566666666669,0.00017985857142857145,0.0003232903333333334,0.0006091434286219776,0.0003352018037599976,0.00039584479576517035,1.7319555930631358,3.6710426550965303,2.658908544628105,1.063273180454469,0.7322371579888877,0.7464904679188702,61.92133462021964,47.043220041186196,52.784939851658336,9353.369999999999,8650.3136,
2020-06-03,9518.02,9690.0,9365.21,9666.24,46252.644939,0.00028646,0.0005315433333333335,0.00017889142857142857,0.0003221973333333334,0.0006118112735422078,0.0003348478468213272,0.0003959016020813459,-0.3381882807454682,0.3269973250458852,0.20266016767737133,1.0579038148730338,0.7014235558288415,0.7462498222155103,58.806022475662346,51.82630894713895,52.928181989079114,9447.960000000001,8706.2644,
2020-06-04,9666.32,9881.63,9450.0,9789.06,57456.100969,0.00030000000000000003,0.0006047866666666668,0.00019476142857142854,0.0003221973333333334,0.000539674441245218,0.00033495417626565294,0.0003959016020813459,-0.3081549007047141,0.3641790973296581,0.2267133831081531,1.0346253226922546,0.667271294568404,0.745048345674141,54.487468265413376,59.19272554657094,48.798942455852085,9536.831,8769.6208,
2020-06-05,9788.14,9854.75,9581.0,9621.16,47788.05005,0.00030000000000000003,0.0002954866666666669,0.000216675,0.000313537,7.81732264515636e-06,0.0003307631288806583,0.0003933580968528001,-0.30815490070471385,0.3641790973296581,0.21213090602227727,1.015578021008847,0.6721729213760959,0.7243283926096621,54.05325258430081,55.66084137195279,48.9090214803957,9614.829000000002,8820.0052,
2020-06-06,9621.17,9735.0,9531.05,9666.3,32752.950893,0.00030000000000000003,0.00030000000000000003,0.00023535357142857142,0.000313537,0.0,0.0003272927994133114,0.0003933580968528001,-0.43903197769163527,0.3335406646714798,0.19413907008765638,0.6713305321284257,0.6587610873552597,0.7220701945240959,49.27561625642793,56.057708329686946,50.79498327338375,9661.052,8872.7802,
2020-06-07,9666.85,9802.0,9372.46,9746.99,57952.848385,0.00030000000000000003,0.00030000000000000003,0.00023918142857142858,0.00028910366666666667,0.0,0.0003277451256894398,0.0003691478438099591,0.44647626072170177,0.30383911651718476,0.18710473266419875,0.24826534273727502,0.659319211535626,0.7207756682343063,57.46807468072668,64.09153423609659,57.068109797144686,9678.162,8922.748,
2020-06-08,9746.99,9800.0,9633.0,9782.01,40664.664125,0.00030000000000000003,0.00030000000000000003,0.00026184428571428574,0.00024048,0.0,0.00031951348103771,0.0002436278899016548,0.0,0.2997964659592242,0.17103251238988235,0.2207958804292373,0.6592426325576418,0.7197616269620923,33.67407407405565,62.6030647835532,58.57190415118645,9713.655999999999,8975.973399999999,
2020-06-09,9782.0,9877.0,9570.0,9772.43,46024.001289,0.00030000000000000003,0.00030000000000000003,0.00027287000000000004,0.00022970466666666668,0.0,0.00031785407060473507,0.00023303254036105827,0.0,0.29979646595922443,0.1644400878424472,0.19190023263792763,0.6476927096021802,0.7012761263084416,70.8738820053342,63.5033829145879,56.98923168162531,9721.127,9034.885400000001,
2020-06-10,9772.44,9992.72,9704.18,9885.0,47130.762982,0.00030000000000000003,0.00030000000000000003,0.0002956707142857143,0.00022970466666666668,0.0,0.00030653809238668177,0.00023303254036105827,0.0,0.26173397899062056,0.1644400878424473,0.09043906459395876,0.6098666895486659,0.7013585690563008,69.06504915281266,60.646551319749946,54.432403213686385,9764.8,9095.758,
2020-06-11,9885.22,9964.0,9113.0,9280.4,94418.98473,0.00030000000000000003,0.00030000000000000003,0.0003309671428571429,0.00022970466666666668,0.0,0.00027234106268056224,0.00023303254036105827,0.0,0.21102722558590256,0.16374028747125718,0.5939075892175486,0.6731163187159335,0.7218061367529335,25.904310753180354,45.693406827219185,46.13342765839067,9672.762999999999,9138.8632,
2020-06-12,9278.88,9557.12,9232.51,9465.13,50119.066932,0.00015898,0.00025299333333333356,0.00033954357142857144,0.000225004,8.141793496115278e-05,0.000264205330744775,0.00023298797051380093,-1.7885707792588774,-0.32493421564585057,-0.2257649252460988,0.6296399259448173,0.6780581234263835,0.7217775124610292,42.72472093475894,50.54895603157267,51.17564933060588,9667.472,9178.518,
2020-06-13,9464.96,9494.73,9351.0,9473.34,27759.784851,0.00015275,0.0002039100000000002,0.00032902571428571433,0.00022009566666666668,8.327466181261382e-05,0.00026879178789865983,0.00023290459243460244,-1.1343173735443253,-0.3296040390634428,-0.2587188338435007,0.6263335063029062,0.6352816962389373,0.7218616868460818,40.68186208225959,46.498592446002654,50.734450657688384,9648.181999999999,9217.8848,
2020-06-14,9473.34,9480.99,9245.0,9342.1,30055.506608,0.00027102,0.00019425000000000022,0.0003269557142857143,0.00022099633333333334,6.655770353614376e-05,0.0002691438720694331,0.00023305241830797903,0.46180653147935447,0.0509174635871884,0.0422468875718761,0.6258711126623528,0.6353239521445592,0.7158200003154366,31.357797320298445,48.27977303436319,47.230190708159064,9603.486,9253.9534,
2020-06-15,9342.1,9495.0,8910.45,9426.02,86107.924707,-0.00012361999999999999,0.00010005000000000025,0.0003123921428571428,0.00020687566666666667,0.0002025293803377803,0.0002883500512112255,0.00024080515100292622,-1.6453800938773375,-1.315775719262392,-1.0752077805892262,0.6187090461721693,0.6345322026699406,0.6974672187054485,34.315548310328225,33.97522079961627,47.48868353870711,9583.972,9288.6118,
2020-06-16,9426.05,9589.0,9373.09,9525.59,52052.446927,4.785e-05,6.508333333333356e-05,0.00022810285714285717,0.00020413266666666668,0.00019788361032015416,0.00012807963679070723,0.00024217417359859573,-0.3605225066380077,-0.7215880730499421,-0.5976298960759261,0.2413271818719135,0.6135767982559304,0.6965513872110735,39.92358185556648,50.20581292010623,47.98058308903817,9569.901000000002,9323.6312,
2020-06-17,9526.97,9565.0,9236.61,9465.14,48046.411152,6.953999999999999e-05,-2.076666666666441e-06,0.00021260857142857146,0.00020199733333333333,0.00010581682490671632,0.00013348371170337532,0.00024309818647720845,-0.09619648386967214,-0.7342775999246426,-0.5743919816915598,0.19722781275415918,0.5900239277676264,0.6940452375647945,32.09888123335283,44.24257346369646,49.61326834612876,9541.716,9358.1544,
2020-06-18,9465.13,9489.0,9280.0,9386.32,37381.953765,-0.0001397,-7.436666666666448e-06,0.00018120142857142856,0.00018804333333333336,0.00011505566493371226,0.00016036186573627009,0.0002504343583392333,-0.9832413734071566,-1.444238016179012,-1.1787339518986446,0.20894239779322393,0.5872567921153237,0.6925631773114381,58.18623056227667,38.17168299613882,52.82583826883529,9502.147,9370.3094,
2020-06-19,9386.32,9438.3,9215.79,9310.23,45330.983673,0.00011783,1.589000000000022e-05,0.00016818928571428574,0.00018197099999999998,0.00013689107750326651,0.0001573432013375309,0.000249833950874,1.0465355083069883,-0.4577674675971147,-0.45089928508276333,0.18244113945146895,0.5737357418042297,0.6833778306397866,35.61211220504384,40.34756585928706,51.25304929807731,9455.927,9384.114,
2020-06-20,9310.23,9395.0,9170.95,9358.95,30329.065384,0.00021186000000000002,6.333000000000024e-05,0.00016189357142857146,0.00018643900000000002,0.00018200630730830537,0.0001533767713135576,0.0002491046115985352,1.1661186038218176,-0.09631329797794615,-0.19328762662037952,0.16659926132427097,0.5640576353187293,0.6833351964307698,40.11851903037604,40.47986321478831,51.59535200667521,9403.322,9394.7538,
2020-06-21,9358.95,9422.0,9281.54,9294.69,24316.926234,5.653e-05,0.00012874000000000023,0.00014450285714285717,0.00018854966666666668,7.823760796449009e-05,0.0001502847607519992,0.00024767507722658997,-0.05188284264187963,-0.6611351017079902,-0.6974268069899416,0.1093295737508171,0.4450130893550296,0.67813032498316,45.36857941107058,35.84598630596821,55.47984284149332,9404.751,9401.2066,
2020-06-22,9294.69,9780.0,9277.09,9685.69,57895.468343,0.00026784,0.00017874333333333357,0.00014220571428571427,0.00019619433333333336,0.00010947837335902714,0.00014795280805374712,0.000246420176565369,1.041694304997711,0.5537912616345012,-0.08631596771464181,0.40558536691642344,0.3827319713743734,0.6752591814210942,65.85461161782598,47.53500941770405,57.20289238306831,9426.807,9417.037199999999,
2020-06-23,9685.69,9720.0,9577.03,9624.89,41031.02938,0.00032215,0.0002155066666666669,0.00014378785714285716,0.000198719,0.00014033025131217615,0.0001498759228458695,0.00024733867592698116,1.1720812905980849,0.9125167197264675,0.08157863163466669,0.3999035599814682,0.378067237546688,0.6757593876974963,56.36424231543119,46.32066155270133,57.18579400311375,9441.962,9432.095800000001,
2020-06-24,9624.33,9670.0,9208.0,9296.49,61571.561464,0.00031286,0.0003009500000000002,0.00014470642857142857,0.00020972366666666668,2.904789321112879e-05,0.00015094258774102148,0.0002447275555484394,0.7242299177927678,0.8404310295108154,0.051995439853100574,0.524696233171696,0.40060161035540753,0.6825208940934824,41.954412311891794,36.75010469150831,50.85278756894783,9437.401,9437.589,
2020-06-25,9298.33,9340.0,9009.69,9249.49,55831.619156,0.00030000000000000003,0.0003116700000000002,0.0001447064285714286,0.000214869,1.1122845859092678e-05,0.00015094258774102148,0.00024495633553688094,0.4330524908773925,0.7515246947405965,0.010669739910990362,0.5221861931749257,0.3953412734029094,0.6815270313455678,43.26802916544789,49.07077278271013,46.79615538643804,9419.748,9439.7204,
2020-06-26,9249.49,9298.0,9045.45,9162.21,50292.298277,0.00029401000000000004,0.00030229000000000025,0.0001543514285714286,0.00022530966666666668,9.631391384693026e-06,0.0001561491150179182,0.0002412828271249409,-0.2581409425051775,0.7133228007050391,-0.007663561968851016,0.5247037193512688,0.3953937408373488,0.6819583577560318,42.796799875391784,40.32674228486075,47.368421052605214,9383.41,9423.2366,
2020-06-27,9162.21,9196.24,8833.0,9012.0,46290.930113,0.00030000000000000003,0.00029800333333333356,0.00016486928571428572,0.00024178133333333334,3.4583281131891783e-06,0.00016091930297102718,0.00022817094598407168,-0.5069209841081574,0.7548002901601978,0.010980478995104051,0.23285131435958592,0.3963699294274516,0.6833861161989735,34.633951902188514,36.49283271651105,43.019809035175705,9338.096,9407.4764,
2020-06-28,9012.0,9191.0,8948.06,9116.35,30688.176421,0.00024867,0.0002808933333333336,0.00016327285714285716,0.00024877333333333336,2.806648238270131e-05,0.00015989279877124242,0.00022493075341065933,-1.7173261699449534,0.4217890773851802,-0.14609607029911423,0.32213433981525413,0.4006763703971158,0.6097514062545362,42.37237391361317,43.284727551767496,46.518419065173646,9311.099,9399.0154,
2020-06-29,9116.16,9238.0,9024.67,9192.56,42120.293261,0.00030000000000000003,0.0002828900000000002,0.00019353142857142858,0.00024877333333333336,2.9635389317590352e-05,0.00014030813792162194,0.00022493075341065933,0.5107322986548682,0.7811830722588361,0.0653996472314391,0.22713967235591695,0.40377107449736444,0.6081862236382586,21.136669593193034,43.023380907946475,37.67623108118412,9299.332,9408.4112,
2020-06-30,9192.93,9205.0,9064.89,9138.55,31463.162801,0.00030000000000000003,0.0002828900000000002,0.00021154214285714287,0.00024877333333333336,2.9635389317590352e-05,0.0001362954745102637,0.00022493075341065933,0.5107322986548707,0.7811830722588361,0.07841632639070803,0.22818023323576087,0.3985608800456529,0.6057435651023065,21.306020343125397,38.11010076182515,44.518876072747126,9277.292,9419.951799999999,
2020-07-01,9138.08,9292.0,9080.1,9232.0,38488.528699,0.00030000000000000003,0.00030000000000000003,0.00022800357142857143,0.0002560976666666667,0.0,0.00013166402929175672,0.0002228222496579851,0.44701886248434264,0.7811830722588361,0.07849778911595388,0.23434057822295246,0.3003534857870772,0.6049472833026117,44.73559615348108,42.980248103059054,43.627312858046245,9271.023,9428.376,
2020-07-02,9231.99,9261.96,8940.0,9086.54,45725.168076,0.00030000000000000003,0.00030000000000000003,0.0002594107142857143,0.0002251676666666667,0.0,7.919220265271652e-05,0.00012712613694425566,0.44701886248434497,0.7220192465090972,0.08716376114160558,0.22980204005395075,0.2932923373879313,0.60587798865651,38.54030409155529,41.32199346931649,39.75822817285834,9211.108,9423.9194,
2020-07-03,9086.54,9125.0,9037.47,9058.26,28943.420177,0.00030000000000000003,0.00030000000000000003,0.00027242285714285715,0.00022561899999999998,0.0,6.836566495730772e-05,0.00012737503721633962,0.0,0.6645046375133754,0.08826061145366446,0.20516851227029595,0.2930271969986599,0.6058979266855153,42.02800742360942,42.498347653632806,41.445444763890016,9154.445000000002,9409.245,
2020-07-04,9057.79,9190.0,9040.04,9135.46,26441.968484,0.00030000000000000003,0.00030000000000000003,0.00027871857142857146,0.00022561899999999998,0.0,6.638927668939139e-05,0.00012737503721633962,0.0,0.6508001912608508,0.08826061145366464,0.20586194790280937,0.2914746419272522,0.6048555526741864,60.66222191508481,43.45720793246662,42.01052340068462,9138.342,9405.6258,
2020-07-05,9135.0,9145.24,8893.03,9069.41,34073.653627,0.00030000000000000003,0.00030000000000000003,0.0002961092857142857,0.000225619,0.0,1.7864854824822717e-05,0.00012737503721633962,0.0,0.5896027864599503,0.10373831804113022,0.2089765644776653,0.2889368379112516,0.604223239583183,45.659009358872495,43.41170965662934,39.75685416083807,9120.333999999999,9399.3886,
2020-07-06,9069.41,9375.0,9055.92,9344.2,54463.132277,0.00030000000000000003,0.00030000000000000003,0.0002984064285714286,0.000225619,0.0,1.591104725419348e-05,0.00012737503721633962,0.0,0.515247926463464,0.1037383180411304,0.3375108749412822,0.31551925456289326,0.5674279081566,60.2564796276688,39.28484019350295,43.828881527909594,9138.533,9392.6718,
2020-07-07,9342.47,9379.42,9203.0,9257.39,34587.336678,0.00030000000000000003,0.00030000000000000003,0.00029682428571428573,0.000225619,0.0,1.43977464659094e-05,0.00012737503721633962,0.0,0.44185935390013226,0.15468185848534582,0.3085096737285173,0.3167480435914795,0.5660727365301931,57.69649240966739,38.65390552636362,42.894980797212256,9163.072,9383.141,
2020-07-08,9257.4,9470.0,9231.0,9436.06,56140.517781,0.00030000000000000003,0.00030000000000000003,0.0002959057142857143,0.000225619,0.0,1.368875041455543e-05,0.00012737503721633962,0.0,0.41636984867452154,0.3470802787057583,0.3217126686815005,0.3262705367042953,0.5643821668554813,61.9018734105833,54.748021799276984,43.91775818431711,9195.043,9376.3516,
2020-07-09,9436.06,9440.79,9160.0,9232.43,48044.450645,0.00030000000000000003,0.00030000000000000003,0.0002959057142857143,0.000225619,0.0,1.368875041455543e-05,0.00012737503721633962,0.0,0.3326704969469014,0.388474106085374,0.4108455636829212,0.33805641438281764,0.5211558323091777,57.96838644130015,49.475528775166474,49.27088621443335,9199.03,9370.7716,
2020-07-10,9232.42,9317.48,9125.0,9288.34,38295.494006,0.00030000000000000003,0.00030000000000000003,0.0002963335714285714,0.00022561899999999998,0.0,1.3718519547361225e-05,0.00012737503721633962,0.0,0.2668310927892665,0.388474106085374,0.3987066093424156,0.3383365705404441,0.5189633328102575,62.19858757656614,53.95384412827628,47.203389026119375,9214.009,9375.1654,
2020-07-11,9288.34,9299.28,9178.25,9234.03,22561.366,0.00030000000000000003,0.00030000000000000003,0.0002963335714285714,0.00022561899999999998,0.0,1.3718519547361225e-05,0.00012737503721633962,0.0,0.1827844163438298,0.388474106085374,0.29769600324225104,0.3379856059941146,0.5146822296683196,55.35607550774458,57.40529507108767,46.26881495775361,9214.212,9376.446,
2020-07-12,9234.02,9345.0,9157.5,9302.75,30872.702286,0.00030000000000000003,0.00030000000000000003,0.00030000000000000003,0.00023031966666666668,0.0,0.0,0.00012743307802822997,0.0,0.08455591970635487,0.388474106085374,0.29634606185325674,0.28486814527766063,0.4967098409623441,62.64249490697863,56.368295182727074,49.37427847227322,9235.833,9378.918,
2020-07-13,9303.31,9343.82,9200.89,9242.62,42740.069115,0.00030000000000000003,0.00030000000000000003,0.00030000000000000003,0.00023522800000000003,0.0,0.0,0.00012717786018015014,0.0,0.1850554114698349,0.38847410608537414,0.2256508164962155,0.2849234073105662,0.48045160454177926,42.828094552190144,51.7292838291081,47.06144370593551,9254.269,9389.3636,
2020-07-14,9242.61,9279.54,9113.0,9255.85,45772.552509,0.00030000000000000003,0.00030000000000000003,0.00030000000000000003,0.000236194,0.0,0.0,0.00012756855973054625,0.0,0.24931731543632815,0.38300217491128935,0.12404615941622951,0.24418824185488167,0.4645989806532302,49.878663725126266,54.1695103224167,45.555064859692195,9266.308,9396.4736,
2020-07-15,9255.85,9276.49,9160.57,9197.6,39053.579665,0.00030000000000000003,0.00030000000000000003,0.00030000000000000003,0.0002503146666666667,0.0,0.0,0.00010836745912940241,0.0,0.24931731543632815,0.38300217491128935,0.11855936971646426,0.2447204262232534,0.4645053070139941,26.81162238901007,48.745843784585375,45.588118890210026,9279.127,9403.601999999999,
2020-07-16,9197.6,9226.15,9047.25,9133.72,43375.571191,0.00030000000000000003,0.00030000000000000003,0.00030000000000000003,0.00025871966666666667,0.0,0.0,0.00010169580232355538,0.0,0.22341214949223015,0.36827327695667567,0.12219787866861836,0.2431367642781882,0.457905568417372,36.81863098569601,51.82888065365804,45.813860992301116,9258.079000000002,9402.195,
2020-07-17,9133.72,9186.83,9089.81,9154.32,28054.358741,0.00030000000000000003,0.00030000000000000003,0.00030000000000000003,0.0002664016666666667,0.0,0.0,9.542351622557368e-05,0.0,0.22341214949223015,0.353840409945712,0.08851545518493964,0.2318126995982129,0.45768722164955705,30.240033026594674,53.74596390516521,47.367816829314926,9247.772,9393.7636,
2020-07-18,9154.31,9219.3,9121.1,9170.28,22554.541457,0.00030000000000000003,0.00030000000000000003,0.00030000000000000003,0.0002810583333333333,0.0,0.0,5.688146295729951e-05,0.0,0.0,0.351750980600891,0.08870863593554443,0.22682970109119252,0.45754918792899696,39.402201017297024,51.42595049709902,46.77911125522611,9221.194,9388.6278,8526.801800000001
2020-07-19,9170.3,9232.27,9101.35,9208.99,26052.019417,0.00030000000000000003,0.00030000000000000003,0.00030000000000000003,0.00028713066666666667,0.0,0.0,4.786425669022189e-05,0.0,0.0,0.351750980600891,0.09979124268799176,0.2247032594675443,0.4529172897175077,32.68577337855338,55.847017426207955,48.5240932731251,9218.85,9378.8532,8536.8425
2020-07-20,9208.99,9221.52,9131.0,9160.78,35458.764082,0.00030000000000000003,0.00030000000000000003,0.00030000000000000003,0.0002900686666666667,0.0,0.0,4.574276507583802e-05,0.0,0.0,0.33357728789915714,0.09493086332261612,0.22439058527781539,0.43742760411664633,34.191006026796714,40.516225103868855,39.749893575845704,9206.094000000001,9373.1034,8547.81785
2020-07-21,9160.78,9437.73,9152.8,9390.0,60413.582486,0.00030000000000000003,0.00030000000000000003,0.00030000000000000003,0.0002981843333333333,0.0,0.0,1.2122958181036095e-05,0.0,0.0,0.31042443250424195,0.21594400992525511,0.24459176751361694,0.4408059735964251,64.12610829129392,55.97649243298061,45.69629854920136,9221.691,9356.888,8558.04305
2020-07-22,9390.0,9544.0,9261.0,9518.16,48815.004107,0.00030000000000000003,0.00030000000000000003,0.00030000000000000003,0.00029925633333333334,0.0,0.0,1.0683632174427289e-05,0.0,0.0,0.28949144973233504,0.22178657735171495,0.23815569824917304,0.4419988529138489,79.42321107307043,53.87659124383769,54.383099549508934,9243.232,9356.890399999998,8568.8633
2020-07-23,9518.16,9664.0,9440.33,9603.27,51856.2335,0.00030000000000000003,0.00030000000000000003,0.00030000000000000003,0.000298518,0.0,0.0,9.77353724843291e-06,0.0,0.0,0.28434696530385667,0.2121837277359737,0.23841890553598905,0.42280489807151617,91.48188066493992,69.7171416417508,56.891460183824506,9279.297,9355.631,8580.0859
2020-07-24,9603.27,9637.0,9463.44,9537.8,43931.136205,0.00030000000000000003,0.00030000000000000003,0.00030000000000000003,0.0002980893333333334,0.0,0.0,9.397596146622403e-06,0.0,0.0,0.2598295626809532,0.2530937260279655,0.24052797000530954,0.4206381912965254,81.38956191464705,63.13002652733966,57.37900738307001,9307.492,9350.6058,8588.984900000001
2020-07-25,9538.1,9732.9,9513.0,9700.42,40679.545416,0.00030000000000000003,0.00030000000000000003,0.00030000000000000003,0.0002980893333333334,0.0,0.0,9.397596146622403e-06,0.0,0.0,0.24599037587843667,0.22426713334786258,0.2444824256918941,0.4219429536628718,84.99273927384881,72.03549188760819,63.45937280043103,9357.774,9352.190999999999,8596.760600000001
2020-07-26,9700.42,10111.0,9650.0,9931.54,65279.269319,0.00085437,0.0004847900000000003,0.0003395978571428572,0.00031676800000000004,0.00032006566873066076,0.00014816161467899039,0.00010196786023057286,1.7887822309334462,4.248186453506918,3.080578424280335,0.2181017591558205,0.23255824578740866,0.41442242985226196,88.03255045208321,75.75593731302804,65.18514103049267,9437.556,9357.4958,8606.138400000002
2020-07-27,9931.54,11394.86,9917.21,11029.96,150188.933144,0.0018601899999999998,0.0010048533333333336,0.00045104000000000005,0.00036877433333333336,0.0007909058946760594,0.0004316458475862607,0.0002995546368986345,1.6735082582627199,3.9952470147613597,5.723656388384198,0.8340847332745617,0.4877392142064807,0.4781784106186901,96.7266963981822,89.56112547361374,74.7869889217486,9625.119999999999,9383.1552,8622.199400000001
2020-07-28,11029.96,11242.23,10565.0,10906.27,97267.734187,0.0035911199999999997,0.0021018933333333332,0.00068612,0.0004801893333333333,0.0013842924245380157,0.0009399569804313058,0.0006591254370699441,1.5898727563750057,3.7834848128659653,6.427173220335193,0.8951072894216021,0.49259958367446366,0.4772774810615116,90.01578177861015,84.827510529953,73.40693738971166,9798.719000000001,9405.6404,8635.74565
2020-07-29,10906.27,11342.82,10812.0,11100.53,76838.094233,0.00213685,0.0025293866666666665,0.0008173235714285714,0.0005414176666666667,0.0009298351693893593,0.001007673490468989,0.0007239387718569971,0.3056722752434095,1.6984226042698691,3.1576822851287822,0.8370656089403877,0.4764692645047479,0.4744195889525618,90.35237594925091,87.97611587626749,74.09843507772833,9987.873,9432.2024,8651.14825
2020-07-30,11100.52,11170.0,10831.0,11099.61,60794.826456,0.00203262,0.0025868633333333336,0.0009410821428571429,0.0005991716666666668,0.0008712718075510868,0.0010449575398011933,0.0007715606483909112,-0.06371025837424373,1.4024943412611333,2.724163035797525,0.873738628815058,0.47796803583640257,0.46912645635644307,89.87050359708878,90.24389245307977,76.96800658028216,10181.756,9456.4946,8665.7214
2020-07-31,11099.79,11444.0,10960.0,11335.46,70063.660974,0.00159718,0.001922216666666667,0.0010337378571428572,0.0006424110000000001,0.000286273643972578,0.0010412440164990408,0.0007903359595345824,-0.8282157315851356,0.844525648548893,1.8887610127715098,0.8748986933895458,0.47580271982956035,0.433605342774907,93.91219807704134,91.03404421830464,78.8992106398079,10376.302,9497.595800000001,8681.847
2020-08-01,11335.46,11861.0,11220.0,11801.17,85087.485126,0.00107691,0.0015689033333333338,0.0010892314285714285,0.0006683079999999999,0.00047848205654270706,0.001019609178707947,0.000791457001879097,-1.0754547013668867,0.24358902922880313,1.0419632450132787,0.3807312289735641,0.4924419315600655,0.40587508945877215,94.6973791154499,92.33170392630366,80.79317809536848,10604.603,9544.3166,8696.8028
2020-08-02,11801.17,12123.46,10518.5,11071.35,97553.077604,0.00162749,0.0014338600000000003,0.0011840521428571427,0.0007125576666666667,0.0003094990321471214,0.0010021438518279665,0.000807109780276826,-0.15887844943396798,0.7641921811580984,1.85859625069592,0.7644997681659877,0.5856879672204434,0.43742041330663206,70.0060028012901,74.51389729843672,70.05075938764305,10751.411000000002,9576.2768,8708.0525
2020-08-03,11071.36,11473.0,10936.0,11219.81,56931.841475,0.0011551,0.0012865000000000003,0.0012451307142857145,0.0007410609999999999,0.000297882617989041,0.0009696494864598021,0.0008071368386585113,-0.8796303406667969,0.2110362473327917,1.0678376519623092,0.7577874230693581,0.5849275127861308,0.4375255129947053,54.99944699293811,76.40574223546372,69.27319995474707,10919.612000000001,9613.831,8720.5515
2020-08-04,11219.68,11414.98,11000.0,11191.97,58629.113709,0.00100377,0.0012621200000000005,0.0012954,0.00076452,0.0003253407750344321,0.0009344873772782099,0.0008040972210433608,-0.9694592274987345,0.00773550124268913,0.8047001515026058,0.7587067901005298,0.5831497869529261,0.43494328947911587,57.92352151579126,74.36773992884173,70.12303198744378,11068.767000000002,9649.15,8731.94495
2020-08-05,11191.99,11780.93,11093.0,11744.91,74970.256852,0.0005255500000000001,0.000894806666666667,0.0013115107142857142,0.0007720383333333333,0.00032861536274699405,0.0009178017486905602,0.0008006512426040027,-1.4041804604753962,-0.5386052929124101,0.04230386349133845,0.8519220630892481,0.6000583439136867,0.44930307134296277,64.90557657963977,77.00904607454999,72.28125030153494,11250.104,9693.5364,8746.0897
2020-08-06,11744.91,11900.0,11562.5,11762.46,63529.08502,0.00113662,0.0008886466666666671,0.0013712692857142856,0.0007999256666666667,0.0003213902186335771,0.0008730194406811009,0.0007982091692622731,0.11902952911303823,0.09850883112638285,0.9802681023496396,0.7751333710693707,0.6003180453039166,0.449142131585128,65.21575450949848,76.62596462841432,75.32527071688467,11323.354000000001,9739.4828,8761.3935
2020-08-07,11762.47,11909.94,11322.0,11594.23,65755.926022,0.00076842,0.0008101966666666671,0.001404727857142857,0.0008155396666666666,0.0003076696339149162,0.0008370394248703954,0.000792654890420025,-0.5572619587548897,-0.3522493882102035,0.38930471093057395,0.45741756961744445,0.6097835100259125,0.4512170909483818,56.13039255168593,74.7319858662432,72.57405445830392,11392.15,9783.641,8776.152900000001
2020-08-08,11594.36,11808.27,11512.0,11761.41,41858.16104,0.00030000000000000003,0.0007350133333333337,0.001404727857142857,0.0008155396666666667,0.0004193092654990331,0.0008370394248703953,0.000792654890420025,-1.3077425915357692,-0.8934312210559515,-0.34648298342453365,0.4583086851420497,0.6089185939365476,0.4519940663847477,48.90288186662717,74.75967025386785,74.20741495630338,11458.238000000001,9832.6646,8791.2798
2020-08-09,11761.02,11797.11,11521.97,11681.68,41493.067342,0.0004564,0.0005082733333333336,0.0013763014285714285,0.000820753,0.00023847946690090283,0.0008635068959758235,0.0007896558890631217,-0.5549350921571758,-0.7273799141570956,-0.10500525951707411,0.4698879980250724,0.6098106718600504,0.45214642613269884,76.26363033913114,71.81892983590973,72.73759526841405,11516.445,9879.119200000001,8806.276399999999
2020-08-10,11681.69,12067.35,11450.0,11892.92,84952.337887,0.00172116,0.0008258533333333337,0.0013663707142857141,0.0008681250000000001,0.0007792918327130976,0.0008582976303614414,0.0007999000402625749,1.4806423705958818,0.6697040422421483,1.7961308986546336,0.2617424246796007,0.6078103109437147,0.422270951133159,77.48038311105961,63.814344532567105,74.62014945057597,11572.190999999999,9931.0838,8823.718400000002
2020-08-11,11892.9,11935.0,11125.0,11392.08,90748.284634,0.00095924,0.0010456000000000003,0.0011783792857142858,0.0008900996666666666,0.0006367872498723612,0.0005750082168571997,0.0007927779944555656,0.21275238013548092,-0.2730749134727307,0.6102285663312059,0.47053441536248475,0.6512095254258209,0.4360785096317633,55.8935271630378,56.93901278932296,68.19619794919737,11531.282,9965.2116,8838.4838
2020-08-12,11392.09,11617.52,11150.0,11564.33,64909.613644,0.00030000000000000003,0.000993466666666667,0.0010471757142857144,0.0008900996666666667,0.0007111979576273672,0.0005484334769380636,0.0007927779944555656,-0.7359159316678164,-1.0699511225642604,-0.40247409068860707,0.49150482331990464,0.6517164831623239,0.43702645778192944,43.14437138385886,56.666551676533,69.77551767295812,11580.58,10004.000399999999,8854.60255
2020-08-13,11564.34,11792.96,11270.36,11780.0,70132.491502,0.00030000000000000003,0.0005197466666666669,0.0009234171428571429,0.0008900996666666666,0.0003806123914605757,0.0005025224950101326,0.0007927779944555656,-0.7359159316678164,-1.0699511225642604,-0.40334323518440673,0.5040896907295532,0.648645223254894,0.4364152102961408,50.5788243990421,59.21111414961568,71.56433248907224,11636.598999999998,10053.6706,8870.42755
2020-08-14,11779.77,11850.0,11634.03,11760.54,59818.852697,0.00089069,0.000496896666666667,0.0008729535714285714,0.0009097893333333333,0.0003410350305076277,0.00046362599511654023,0.0007849129920809512,0.09627310387515432,-0.402857580270125,0.4797946810504618,0.4993529089553794,0.6499995796779519,0.436434954722908,56.085833266216916,56.11288151580178,71.241833261577,11693.456,10103.8916,8884.6924
2020-08-15,11760.55,11980.0,11680.0,11852.4,56237.90505,0.00068554,0.0006254100000000003,0.0008449985714285715,0.0009226406666666667,0.0002999006197059372,0.0004621790110378835,0.0007777078118638279,0.18546672088586466,-0.6435640114481107,0.14734854477431103,0.47558727925029604,0.6469972308816796,0.4362230812693067,53.52387591492392,50.825472838166334,71.5932914045799,11704.205,10157.695399999999,8897.083349999999
2020-08-16,11852.4,11931.72,11686.0,11911.0,41368.236906,0.00095941,0.0008452133333333336,0.0007972785714285714,0.000944621,0.00014248610329901812,0.00040628135938339276,0.000768770409000072,1.0542807474157652,-0.2535940392085245,0.5514016720302658,0.15325729387797238,0.4817035312476473,0.43550886688243007,59.028915207224614,67.26360589670657,71.68397686833805,11719.059,10215.6754,8910.1307
2020-08-17,11910.99,12468.0,11769.78,12281.13,84734.21154,0.00151908,0.001054676666666667,0.0008232771428571429,0.000985257,0.0004248576658521515,0.0004410945499799085,0.00076573513663916,1.4596365409187715,0.8185173357149055,1.373754986348005,0.24206684779033733,0.48960991660137004,0.4393465308382008,63.58508129139317,69.99834182516132,73.810922798659,11787.749,10278.971,8923.9703
2020-08-18,12281.15,12387.77,11817.93,11945.01,75923.835527,0.0029826699999999998,0.0018203866666666668,0.0009646271428571429,0.0010746793333333332,0.0010447413734668205,0.0007274835208964008,0.0008363374506737935,1.6881068317167773,2.8075199563012916,3.2466625919635486,0.4002289004223067,0.5068523991795081,0.4454514500404496,71.87067376527762,62.71253967179158,69.18391710775335,11806.109,10334.02,8936.9309
2020-08-19,11945.1,12020.08,11561.0,11754.59,73940.169606,0.00156268,0.002021476666666667,0.0010387078571428572,0.0011167686666666665,0.0008327032532861503,0.000732123712887363,0.0008277351907119741,0.023445354701292515,0.7551943717181198,1.2013666086663581,0.43246359068408363,0.5136793201458394,0.44822241916024,57.418932197806875,50.186205410702094,66.6363659356028,11813.4,10386.3408,8948.7808
2020-08-20,11754.38,11888.0,11668.0,11853.55,46085.254351,0.0005406,0.0016953166666666668,0.000996135,0.0011247886666666668,0.0012264260414853146,0.0007432370508044263,0.000820684123742916,-1.0523478000478088,-0.751950977352925,-0.24050546965006434,0.4334960050446425,0.5079004077206357,0.4475517828701669,53.15516279864679,51.699002868637415,66.70497196880541,11809.463,10438.7718,8961.391
2020-08-21,11853.54,11878.0,11485.81,11531.34,64448.306142,0.00030000000000000003,0.0008010933333333337,0.0009626764285714285,0.0011247886666666668,0.0006704347679926359,0.0007645156451043632,0.000820684123742916,-1.0200509545018732,-1.0342003753357751,-0.5801480596076205,0.4856460534321883,0.49276319913678773,0.44436214794310785,42.19505550634774,48.890699799247024,64.25565995907098,11823.389,10487.667800000001,8972.5865
2020-08-22,11531.23,11686.0,11376.81,11662.96,43678.701646,0.00030000000000000003,0.0003802000000000003,0.0009626764285714285,0.0011247886666666668,0.00013891047476704695,0.0007645156451043632,0.000820684123742916,-0.7242615507692953,-0.9357716842726068,-0.5794554297229155,0.364179614268988,0.4060942425164422,0.44423244855259997,43.719082795093925,48.24140530380457,64.09647900472923,11833.252,10539.7618,8984.9162
2020-08-23,11663.51,11718.07,11514.13,11648.13,37900.00469,0.00030000000000000003,0.00030000000000000003,0.0009515050000000001,0.0011247886666666666,0.0,0.0007735716985491091,0.000820684123742916,-0.5488464260783751,-0.8562447078212717,-0.5790524226649751,0.31563098753032176,0.4034723157709791,0.43411620826219316,41.02397749077792,49.386477263974164,62.72526579693489,11820.064999999999,10590.0152,8995.09665
2020-08-24,11648.12,11824.9,11585.09,11748.2,46212.391867,0.00030000000000000003,0.00030000000000000003,0.0008499935714285714,0.0011247886666666668,0.0,0.0007578916712992201,0.000820684123742916,-0.44717203660257915,-0.7906516434648113,-0.5790524226649753,0.307067907467676,0.4039376067390531,0.4337026867379853,27.68729641692191,47.24136879343581,56.249412681867206,11818.831,10643.590999999999,9004.97765
2020-08-25,11748.19,11767.85,11117.64,11318.42,69590.923272,0.0006258,0.0004086000000000003,0.0008261764285714285,0.0011171696666666669,0.00018810071770199703,0.000759432156169809,0.0008243340563500366,1.7887316157173068,-0.322288807752059,-0.12867450587250923,0.419138631769052,0.3822558409072922,0.4443255658617201,25.673776487108384,48.55680687150057,53.40476328156735,11765.433,10683.0754,9012.5011
2020-08-26,11318.42,11539.32,11244.0,11461.43,53998.231231,0.00046354,0.00046311333333333367,0.000837857857142857,0.0010706146666666666,0.0001629004190704851,0.0007519368202917313,0.0008203532448122715,0.4504746531978168,-0.5099120528025992,-0.36220687581011335,0.3987872856856425,0.38700624293174773,0.4419900109391835,38.18360634590907,47.96055082962686,53.006848516130106,11720.475999999999,10727.156200000001,9020.332999999999
2020-08-27,11461.42,11592.2,11125.0,11330.38,63246.036383,0.00030000000000000003,0.00046311333333333367,0.000837857857142857,0.0009609106666666667,0.0001629004190704851,0.0007519368202917313,0.0006796615471761551,-0.6713219234858678,-0.7052501914116646,-0.5951266240740791,0.38045382767831354,0.385310797687879,0.4432152201015545,29.44435276643283,40.77937099073993,51.88186116450073,11625.401,10765.0426,9026.22615
2020-08-28,11330.38,11542.65,11276.89,11526.91,45953.908365,0.00030000000000000003,0.00035451333333333363,0.0007956657142857142,0.0008996823333333333,9.44198630233053e-05,0.0007651995277524205,0.0006522575404234093,-0.6713219234858678,-0.7052501914116646,-0.5951266240740791,0.4299532296974685,0.38772099282568473,0.4443361281866464,49.806869010947096,45.53321173602537,51.5712946745636,11583.591,10810.9322,9034.60155
2020-08-29,11526.9,11580.02,11417.04,11465.84,32973.7992,0.00030000000000000003,0.00030000000000000003,0.0007681271428571428,0.0008419283333333333,0.0,0.0007763243637654457,0.0006246036669158393,-0.6713219234858678,-0.689166889800281,-0.5951266240740791,0.41467263647714925,0.3873452579459512,0.4442603060041503,40.84304216137233,42.521281535343014,47.05202840628051,11554.716,10854.482200000002,9040.81535
2020-08-30,11465.84,11719.0,11458.0,11711.16,43177.879054,0.00030000000000000003,0.00030000000000000003,0.0007210264285714287,0.000798689,0.0,0.0007837939750647502,0.0006153483600163632,-0.4471524567394854,-0.6128306264739755,-0.5951266240740791,0.27508962392573955,0.390617701513478,0.44606337944638497,52.41156079976992,46.394237708917345,56.148507487039666,11540.477,10904.0248,9047.73885
2020-08-31,11711.17,11800.77,11570.0,11649.51,55353.617744,0.00035461,0.0003182033333333336,0.00063785,0.0007746123333333334,3.152909820054739e-05,0.0007538028705784476,0.0006182110781740543,1.7881222152143526,-0.4845599300891846,-0.5195144381854929,0.28324945363958304,0.3424969775900575,0.44390631715426,46.10969639151986,37.1759575089936,54.19943864145146,11552.294,10950.96,9054.838249999999
2020-09-01,11649.51,12050.85,11515.0,11921.97,78148.193668,0.0007982099999999999,0.00048427333333333366,0.0004818171428571429,0.0007469696666666666,0.00027324482800839916,0.00034790924348010856,0.0005969345890087604,1.7782164904056257,0.14160006760367722,0.09722123903014082,0.27293826137097255,0.3504767920911198,0.44596409701615186,77.16026604500621,49.51979591323422,56.80871067267095,11578.195,11004.546999999999,9062.7263
2020-09-02,11921.97,11954.57,11160.1,11388.54,87221.845602,0.00113007,0.0007609633333333336,0.0004509164285714286,0.0007461353333333334,0.0003890694520690869,0.000249943106591116,0.0005963616935403373,1.4822309470199304,0.5792354155830628,0.5492825663552784,0.5322834176785713,0.3953761399691872,0.4627868136203847,47.572776738061506,43.325103300865194,46.663995641461554,11552.236,11047.2008,9070.145400000001
2020-09-03,11388.54,11462.6,9960.8,10140.85,121950.106015,0.00062931,0.0008525300000000003,0.0004572528571428572,0.0007336533333333334,0.0002547609491268356,0.00025349089707305363,0.0005946998473140905,-0.03861939400913952,-0.155698480969178,-0.17077878343810302,1.112124533914624,0.628437020126991,0.5485133499019338,27.28300517540282,27.989935024869652,37.66162817415053,11391.501,11066.065799999998,9071.2633
2020-09-04,10138.29,10627.05,9875.5,10446.25,92733.599113,0.00030000000000000003,0.0006864600000000003,0.0004572528571428572,0.0007261349999999999,0.0004179756489318561,0.00025349089707305363,0.0005988328245083272,-1.0072220323297605,-0.6166355362184838,-0.6403123139588088,1.1458819636625266,0.6453323487353941,0.5484575310718101,30.18606390858109,35.99489921034552,41.44394193702452,11304.284,11092.3164,9074.96455
2020-09-05,10446.25,10565.68,9825.0,10166.69,90001.605568,0.00030000000000000003,0.0004097700000000003,0.0004572528571428572,0.0006982476666666667,0.00019012721714685278,0.00025349089707305363,0.0005985379831733862,-0.9412754264602645,-0.5645247829163023,-0.6403123139588088,1.1303928714677929,0.649120763586626,0.5524448972684355,27.946942974215133,31.398237129668217,38.31014989090872,11174.810000000001,11112.563800000002,9074.974450000002
2020-09-06,10166.69,10347.14,9994.86,10256.2,56368.788815,0.00030000000000000003,0.00030000000000000003,0.00045725285714285713,0.0006826336666666666,0.0,0.00025349089707305363,0.0006027393483518474,-0.637820398751296,-0.49247363992490434,-0.6403123139588092,1.0774704784065214,0.6306692990277633,0.5509981047577309,23.922644011894903,33.010865293297954,39.56569859193722,11067.392,11134.2822,9078.2865
2020-09-07,10255.89,10410.75,9875.0,10373.44,62620.230676,0.00030000000000000003,0.00030000000000000003,0.00045725285714285713,0.0006826336666666666,0.0,0.00025349089707305363,0.0006027393483518474,-0.44718323103782226,-0.5509766201424211,-0.6403123139588092,1.1116802547728275,0.6304776124018759,0.5484249270607802,27.57574799053195,33.29046843473111,38.722438449441654,10952.045,11157.5712,9082.1716
2020-09-08,10373.45,10438.0,9850.0,10126.65,73491.878418,0.00030000000000000003,0.00030000000000000003,0.00043398142857142857,0.0006774203333333334,0.0,0.00025177641851626916,0.0006054339687534679,0.0,-0.5485915581592044,-0.6403123139588088,0.46813194129106445,0.6335982467995683,0.5520517818624923,18.1637951213239,34.84027058723518,40.23993126308482,10818.126,11176.888599999998,9084.419600000001
2020-09-09,10126.66,10343.0,9981.01,10219.2,49347.113776,0.00030000000000000003,0.00030000000000000003,0.00042229999999999996,0.0006300483333333333,0.0,0.00025408276622452793,0.0005758259090904868,0.0,-0.49507703132659514,-0.6403123139588088,0.3709290488488502,0.6339484131814301,0.5520604787481608,25.421021212903582,33.99291282776946,39.49607917549292,10668.93,11193.472600000001,9087.2613
2020-09-10,10219.29,10483.35,10070.83,10336.87,58253.75375,0.00030000000000000003,0.00030000000000000003,0.00042229999999999996,0.0006080736666666667,0.0,0.00025408276622452793,0.0005754089106586748,0.0,-0.49507703132659514,-0.6403123139588092,0.29357637374197526,0.632039772297164,0.5524088620798873,57.8488372092699,37.15356347638996,38.55565195184957,10537.666000000001,11209.8468,9089.26365
2020-09-11,10336.86,10397.6,10200.0,10387.89,43830.254467,0.00030000000000000003,0.00030000000000000003,0.0004223,0.0006080736666666666,0.0,0.00025408276622452793,0.0005754089106586748,0.0,-0.49507703132659514,-0.6403123139588092,0.2888707373177668,0.6293456226454741,0.5520724423389702,47.06539010797818,34.69618634046461,39.1687905879209,10384.258,11225.539200000001,9092.92245
2020-09-12,10387.89,10477.97,10269.25,10440.92,35379.153096,0.00030000000000000003,0.00030000000000000003,0.0004223,0.0006080736666666667,0.0,0.00025408276622452793,0.0005754089106586748,0.0,-0.49507703132659514,-0.6403123139588088,0.276092022464761,0.6308086307730773,0.5521251142252162,67.8579336033035,36.199411847066585,38.79372217245152,10289.496000000001,11243.6016,9098.547849999999
2020-09-13,10440.67,10580.11,10200.0,10332.83,43837.609865,0.00030000000000000003,0.00030000000000000003,0.0004223,0.0005883840000000001,0.0,0.00025408276622452793,0.000575510985021138,0.0,-0.49507703132659514,-0.6403123139588088,0.16296987813539499,0.627904039812868,0.5525988598339758,54.872264398023304,30.7285331185616,37.56800231911261,10308.694,11256.2498,9106.28575
2020-09-14,10332.84,10750.0,10212.34,10671.77,67059.291361,0.00020868000000000001,0.00026956000000000034,0.0004118764285714286,0.0005724886666666665,5.2723626582459566e-05,0.00025999780083706543,0.0005793078483949225,-1.788416469079249,-0.8184112480541953,-0.7671556832821015,0.29530979584904476,0.6325331507632915,0.557143485792071,64.79679393700425,37.313215929897325,37.259698354326886,10331.246000000001,11271.0544,9115.528549999999
2020-09-15,10671.77,10930.04,10606.48,10785.31,61822.452786,-0.00030221999999999996,6.882000000000032e-05,0.0003332742857142858,0.0005304343333333332,0.00032455792518440647,0.000297808541818767,0.0005958095054842638,-1.7683130455474778,-2.434261116456909,-1.4579255818555874,0.2946574830639389,0.6316601086569921,0.5574906820012272,87.64459786925454,34.61669635073909,40.484028725955554,10393.108,11266.161399999999,9125.99055
2020-09-16,10785.23,11093.0,10661.22,10954.01,64991.51244,-0.00015867,-8.406999999999967e-05,0.00024122142857142858,0.00047450933333333334,0.0002634930217292422,0.00022213347154901756,0.0005782940546954402,-0.8121384218562242,-1.6695342554948618,-1.2334836785276673,0.2968441729480948,0.6352451335434193,0.5583743260748026,88.63394988374004,43.47499647116707,43.40730468464924,10462.889,11267.116199999999,9138.14255
2020-09-17,10954.01,11045.46,10745.83,10939.99,55601.614529,2.4920000000000002e-05,-0.000145323333333333,0.0001980507142857143,0.0003759176666666666,0.00016397787970741753,0.0001983672293990396,0.00033824840565603787,0.0415415812722587,-0.966748341522627,-0.9673613342906945,0.31225328474382597,0.6295710997021864,0.5584626084349597,85.58901975587135,69.06290850448138,42.37018898303953,10519.544,11263.9054,9150.1831
2020-09-18,10940.0,11038.03,10812.84,10933.39,47266.728275,0.00019971,2.1986666666666955e-05,0.00019088714285714288,0.00033048533333333337,0.00017920800605257612,0.0001962014098368783,0.0002545224692030086,0.9168105403937645,-0.36462460081603815,-0.7225219186516932,0.26304496725531534,0.6295046389003951,0.5581622279202375,83.9697603745593,63.552296273166355,44.72816015035253,10600.218,11260.581,9160.27385
2020-09-19,10933.4,11179.79,10887.37,11080.65,38440.036858,-0.00028279,-1.9386666666666377e-05,0.00014925928571428573,0.000303039,0.00024428236332846504,0.00023015697537731908,0.0002746802754219225,-0.8364946372786809,-1.7146280265731022,-1.3565521858595428,0.15138875581905054,0.6247680263903233,0.5561241673448084,85.65345817303681,77.44690563130133,44.88017007775438,10686.363,11255.4848,9171.87675
2020-09-20,11080.64,11080.64,10723.0,10920.28,39157.922565,-0.00024299,-0.00010868999999999972,0.00011047428571428573,0.0002849393333333334,0.00026782257186429775,0.00024787029876729836,0.0002922173761494674,-0.7494721890675995,-1.4182172147639076,-1.275346335681334,0.2346675389733789,0.6267463809057143,0.5570735718315779,80.93698324251748,69.12871150228894,43.760233867973895,10744.704,11237.867000000002,9182.7238
2020-09-21,10920.28,10988.86,10296.35,10417.22,70683.431179,-9.577e-05,-0.00020718333333333305,8.220500000000003e-05,0.000271747,9.851755241245257e-05,0.0002471599418237277,0.00030033489903830027,-0.08265694361486683,-0.9111825427978526,-1.0606914653426718,0.4390838623792672,0.6417161187356805,0.5699694946472331,38.57033810782898,51.03174902430596,39.32712570603846,10747.636999999999,11224.784399999999,9189.536499999998
2020-09-22,10417.22,10572.71,10353.0,10529.61,43991.235476,0.00030000000000000003,-1.2919999999999688e-05,8.220500000000002e-05,0.000271747,0.00028081600185888065,0.0002471599418237277,0.00030033489903830027,1.2368160550514842,0.5418239369876833,-0.5320140602920697,0.47175090204031245,0.6207556558797419,0.5700539336643918,38.506832074769086,60.13868480903958,43.33544555122613,10756.506,11210.9804,9196.52515
2020-09-23,10529.61,10537.15,10136.82,10241.46,51876.568079,-3.789e-05,5.544666666666698e-05,5.807000000000002e-05,0.00026048400000000006,0.00021375751035540282,0.00024066856411639418,0.000305529595638517,0.1470545811542814,-0.7350520570112793,-0.9702712690810626,0.49136889279337304,0.3837763704069376,0.5732901252069006,21.078053334403776,50.50988620326236,39.939370848839154,10747.369,11191.9702,9203.29915
2020-09-24,10241.46,10795.24,10190.93,10736.32,57676.619427,0.0001199,0.000127336666666667,4.5205714285714294e-05,0.00024362066666666667,0.00016906771138611913,0.00023137608694718173,0.00029855275057417166,0.533909069728465,-0.007723741752367901,-0.7412008112681135,0.6986528422500445,0.4153568628858393,0.581966392671211,44.05409034908197,57.80166638669039,45.37833169955546,10753.823999999999,11171.798400000001,9216.8142
2020-09-25,10736.33,10760.53,10556.24,10686.67,48101.117008,-0.00010677000000000001,-8.253333333333026e-06,1.6150714285714296e-05,0.00022461033333333333,0.00011620486751139205,0.00022228038501179056,0.0003022014585131458,-0.8238242845970403,-0.9158175462855236,-1.0102043335212294,0.6930619576495937,0.39639488446116866,0.5208315307486932,42.97390274184673,55.83860301873709,43.31021238783933,10743.96,11150.2826,9230.5982
2020-09-26,10686.57,10820.94,10644.68,10728.6,28420.836659,0.00030000000000000003,0.00010437666666666697,1.6150714285714296e-05,0.00022461033333333333,0.00020382882189067398,0.00022228038501179056,0.0003022014585131458,0.9849363598104623,0.8745282815633219,-0.45733299130736654,0.5210361801253789,0.3954611523265539,0.5202392001928007,39.334468404803985,55.646186939629324,44.11232925720929,10721.419,11132.97,9244.768399999999
2020-09-27,10728.59,10799.0,10594.82,10774.25,30549.483253,0.00030000000000000003,0.00016441000000000033,1.6150714285714296e-05,0.00022461033333333333,0.0002348487689982784,0.00022228038501179056,0.0003022014585131458,0.9849363598104623,0.8745282815633219,-0.43103746282580696,0.5184784832673224,0.3934733168134212,0.5184284827124109,45.245459695621065,58.881261267028364,42.271262668655545,10704.845,11113.226800000002,9258.967050000001
2020-09-28,10774.26,10950.0,10626.0,10696.12,50095.251734,0.00030000000000000003,0.00030000000000000003,2.267357142857144e-05,0.00022461033333333333,0.0,0.00022958467988981913,0.0003022014585131458,0.6535191988827374,0.8745282815633219,-0.4039065526146084,0.4226033671867406,0.3784266943417413,0.5186965726979004,62.554467211599494,50.54736075453927,42.15664175038246,10681.117999999999,11093.5156,9288.44765
2020-09-29,10696.11,10867.54,10635.87,10840.48,41874.898399,0.00030000000000000003,0.00030000000000000003,6.568928571428573e-05,0.00022461033333333335,0.0,0.00022025646238539348,0.0003022014585131458,0.4471890129341011,0.8745282815633219,-0.37722116357383273,0.15664323230556526,0.38026137575994695,0.5170675787758714,63.602075730886064,51.223211078708665,40.911222453964974,10657.101,11072.466800000002,9314.75705
2020-09-30,10840.58,10849.34,10665.13,10776.59,39596.027322,0.00030000000000000003,0.00030000000000000003,9.845142857142859e-05,0.00022279000000000003,0.0,0.00021842182716573524,0.00030155517619443454,0.0,0.8745282815633219,-0.35688984415386443,0.16181733488841363,0.3800403829488822,0.5068542968561867,79.13159929006362,45.874567506201764,44.4165655422625,10642.732,11060.157,9342.7797
2020-10-01,10776.59,10920.0,10437.0,10619.13,60866.332893,0.00027412,0.00029137333333333364,0.00011625142857142859,0.00020532033333333337,1.4941824966849175e-05,0.0002220918115020553,0.0002815903798866609,-1.7873101212165088,0.7701135279434316,-0.3759815517924208,0.20956321492013355,0.3864303003153079,0.48342655120386757,39.91601700306677,43.00580705912553,55.447603774151254,10662.923,11041.253,9369.06885
2020-10-02,10619.13,10664.64,10374.0,10570.4,50130.393705,8.085e-05,0.00021832333333333365,0.00010776142857142859,0.00017034633333333333,0.00011975655152575165,0.0002209247787355266,0.0002215257918273041,-1.7763804130839569,-0.03709950148282382,-0.7091240923580578,0.19865281736943086,0.38672516762795106,0.4822315091312262,39.9793156941687,42.23015638576341,51.5018811317895,10667.002,11017.061000000002,9396.776
2020-10-03,10570.4,10603.56,10496.46,10542.06,22298.221341,0.00029749,0.000217486666666667,0.00014921000000000002,0.00015928566666666667,0.00011890636330045592,0.0001949192313202118,0.0002055257623868942,0.4922996075160205,0.9436757771199137,-0.28231099596149273,0.19520404912493225,0.3838936127905077,0.48223559184824893,33.53748940972967,37.85301560235232,54.83483731026741,10697.062,10992.6914,9422.9231
2020-10-04,10542.07,10696.87,10517.87,10666.63,23212.001595,2.1389999999999997e-05,0.00013324333333333363,0.00016809428571428573,0.00014999866666666665,0.00014531551373938046,0.0001644197425313232,0.00020524262944863567,-1.3016400941854482,-0.26487018516121313,-0.7855299416524913,0.18266917636610916,0.36110807212022944,0.4673661918011642,41.663568197265256,44.18546009707546,55.23909941047724,10690.093,10968.975999999999,9449.29105
2020-10-05,10666.62,10798.0,10615.64,10792.21,34025.761653,-0.00019436,4.1506666666666985e-05,0.00016105214285714285,0.00013352,0.0002465413065458609,0.0001781301459468768,0.00021250133216621327,-1.4403217266730115,-1.324310888782505,-1.1545420575105543,0.2177431700979745,0.36177198031721136,0.46846226329994045,56.933600796559645,60.39507897693918,55.334201200878645,10700.647,10946.6002,9472.44025
2020-10-06,10792.2,10800.0,10525.0,10599.66,48674.740471,-1.5020000000000002e-05,-6.266333333333303e-05,0.0001385507142857143,0.00012301933333333336,0.0001154964546353705,0.00017912201000625807,0.00021177316183927517,-0.2988159103342934,-0.5239282944406976,-0.7893145203585971,0.2391508838007537,0.3625453919093138,0.46916190047445283,33.752968480106276,51.85922446050766,56.10951954096725,10687.753,10912.9708,9494.39675
2020-10-07,10599.65,10681.87,10546.17,10666.39,32811.990279,1.206e-05,-6.577333333333303e-05,0.00014211857142857142,0.00011342133333333336,0.00011217945325834047,0.00017580395304285737,0.0002099929768404182,-0.0695408767931993,-0.3879239589933498,-0.726011407804948,0.23963863623171613,0.3641246550480316,0.46790300791861156,42.59368783263904,62.7803877455966,55.81480624243386,10676.967,10887.398399999998,9516.7938
2020-10-08,10666.4,10950.0,10530.41,10925.57,51959.691572,0.00014797,4.833666666666698e-05,0.00014412357142857144,0.00010835366666666667,8.734089782765065e-05,0.0001756910931417451,0.00020715028972793977,1.2501565303469195,0.289998358500063,-0.45990027005525796,0.2958954564225487,0.3798266485829809,0.47194899967917453,68.11796424173727,56.63220606267443,57.38315131505608,10699.912,10870.818000000001,9542.3407
2020-10-09,10925.44,11104.64,10829.0,11050.64,48240.073237,0.00026128,0.000140436666666667,0.00017041285714285715,0.000107063,0.00012478066930955307,0.00016228606169963792,0.00020603265603481453,1.267274029145178,0.7760672136128359,-0.21311121899980012,0.2953939141486741,0.3785657351743747,0.47059088088096457,76.04281902772911,62.11480724546026,58.16027757868149,10720.927999999998,10854.7598,9565.25735
2020-10-10,11050.64,11491.0,11050.51,11293.22,43648.036943,0.00030000000000000003,0.000236416666666667,0.00017041285714285715,0.000107063,7.90058177183172e-05,0.00016228606169963792,0.00020603265603481453,1.11707308969625,0.9171451050534177,-0.11573230434960108,0.32098490877712865,0.38368060749137334,0.4620273220861612,83.054054529722,66.57896900430275,60.02616236661943,10772.590999999999,10849.9974,9587.99985
2020-10-11,11293.22,11445.0,11221.0,11369.02,29043.851339,0.00030000000000000003,0.0002870933333333337,0.00017041285714285715,0.00010706300000000003,2.2355002423169757e-05,0.00016228606169963792,0.00020603265603481453,0.7708351397092602,0.8322235938083257,-0.11573230434960108,0.15973826848056497,0.31477459638382077,0.4607936239093975,82.29409006054536,67.16042401190214,62.28269192924419,10847.58,10844.118600000002,9611.457799999998
2020-10-12,11369.02,11720.01,11172.0,11528.25,52825.28371,0.00030000000000000003,0.00030000000000000003,0.00017041285714285715,0.000107063,0.0,0.00016228606169963792,0.00020603265603481453,0.579420101703162,0.8322235938083257,-0.11573230434960108,0.13780413180554937,0.31629675679650293,0.45977935910686896,82.82551688454795,72.93544350543138,60.60425220009763,10943.365,10841.721000000001,9635.41225
2020-10-13,11528.24,11557.0,11300.0,11420.56,42205.283709,0.00030000000000000003,0.00030000000000000003,0.00017041285714285715,0.000107063,0.0,0.00016228606169963792,0.00020603265603481453,0.4469554800988971,0.7497438943214461,-0.09689705750439008,0.22088392315195932,0.2888348434757602,0.4603090987142073,89.60802099812526,66.31821762119228,57.87656880415965,11031.215,10835.1682,9660.7195
2020-10-14,11420.57,11547.98,11280.0,11417.89,41415.106015,0.00030000000000000003,0.00030000000000000003,0.00017041285714285715,0.00011010700000000001,0.0,0.00016228606169963792,0.00020824843406539993,0.0,0.687059894781964,-0.0841873993251832,0.23086058853642566,0.2200391854681859,0.45984257759347646,88.64865976830131,68.68393758224883,55.99870684077154,11106.340999999999,10837.1576,9686.625699999999
2020-10-15,11417.89,11617.34,11250.83,11505.12,48760.717679,0.00030000000000000003,0.00030000000000000003,0.00017226142857142859,0.00013018100000000002,0.0,0.00016369948328743156,0.00019578416429482293,0.0,0.6152912455209214,-0.06264453417914995,0.16957800707790627,0.2180028551424482,0.46009014958849426,86.20965424161798,76.91424405352069,57.172228412710574,11177.632000000001,10838.0314,9714.744200000001
2020-10-16,11505.13,11541.15,11200.0,11319.32,48797.749502,0.00030000000000000003,0.00030000000000000003,0.00018791500000000003,0.00014547,0.0,0.00016476052177210422,0.00019028134501855522,0.0,0.6152912455209214,-0.02181434898292051,0.2341320996888871,0.23408184701235116,0.4549369906175739,65.6027874563926,71.00144698315249,54.68485594486087,11249.598,10837.810199999998,9739.3689
2020-10-17,11319.24,11402.42,11255.0,11360.2,22368.915241,0.00030000000000000003,0.00030000000000000003,0.00018809428571428573,0.00015463933333333336,0.0,0.00016489024334220384,0.00019089874873478666,0.0,0.6152912455209213,0.11798633638003853,0.18645878435352572,0.23401547657275398,0.4502332223259082,55.07962991045273,72.7823074694792,53.48346305195234,11318.979,10834.476,9764.1177
2020-10-18,11360.31,11505.0,11346.22,11503.14,23284.041191,0.00030000000000000003,0.00030000000000000003,0.00020799500000000002,0.00015798233333333333,0.0,0.00015996209468063368,0.00019258591676378777,0.0,0.6152912455209214,0.23227353239284898,0.20972413030549705,0.23315423304254024,0.449767969287815,59.23131986118395,73.05794600668034,57.294685990297985,11376.736,10835.222,9788.4188
2020-10-19,11503.14,11823.99,11407.96,11751.47,47414.534692,0.00030000000000000003,0.00030000000000000003,0.0002433064285714286,0.0001774086666666667,0.0,0.00011154893673300666,0.00017520018301701862,0.0,0.6152912455209214,0.2521729465758841,0.26724271095387236,0.2418671620132763,0.45245886411528,63.685410893341036,74.76557820594796,67.83580234035938,11446.819,10836.0282,9813.205699999999
2020-10-20,11751.46,12038.38,11677.59,11909.99,62134.750663,0.00023742000000000001,0.00027914000000000037,0.0002613378571428572,0.00019342233333333335,3.613057984597811e-05,8.34410898758573e-05,0.00015639596248169608,-1.7882154284607252,0.2140233672447291,-0.0074323581396086085,0.27535503101291425,0.24067827492179433,0.44836510642350996,78.24601498198827,84.43434157616045,68.22765086486436,11508.496000000001,10841.2378,9839.08515
2020-10-21,11910.0,13217.68,11886.95,12780.96,114584.456767,0.00019778,0.00024506666666666697,0.00027460357142857145,0.00020320733333333336,5.1537226674899416e-05,4.799666969331207e-05,0.00014655181644384303,-1.4652535028742177,-0.03142904996826315,-0.16761370135700368,0.5087679259606066,0.35508352218816697,0.4798907975385621,89.28902903718713,89.05903084346804,79.0605860865715,11649.689999999999,10858.4176,9868.705
2020-10-22,12780.75,13185.0,12678.08,12968.52,70038.824144,0.00030000000000000003,0.00024506666666666697,0.0002854628571428572,0.00020320733333333336,5.1537226674899416e-05,3.15080257000819e-05,0.00014655181644384303,0.6972964980469866,0.602936855683516,0.26399071758254034,0.47564080740820597,0.3501128705369782,0.48090878227995953,89.87465940051062,88.7616828635683,77.47647722063977,11793.717,10890.0172,9899.6837
2020-10-23,12968.84,13027.69,12720.08,12923.07,50386.999841,0.00030000000000000003,0.000265926666666667,0.0002882285714285714,0.00021447033333333332,5.901674451661958e-05,3.091583285114046e-05,0.00014023144087625718,0.6972964980469855,0.6017359064385666,0.26399071758254034,0.5346116745424498,0.3507152484627713,0.480779526330089,97.31803027169728,86.6331461662898,77.55666835881897,11943.967999999999,10945.661600000001,9927.64955
2020-10-24,12923.06,13166.73,12870.0,13111.73,35952.20907,0.00030000000000000003,0.00030000000000000003,0.00028822857142857147,0.0002204736666666667,0.0,3.091583285114046e-05,0.00013989792200974608,0.6972964980469866,0.527722898505973,0.29358767668891755,0.5400521469732104,0.3511465832826677,0.4717649450803158,97.53314915624021,86.34504922588727,78.33989368654923,12113.352,10998.971200000002,9957.221599999999
2020-10-25,13111.73,13350.0,12888.0,13028.83,38481.579504,0.00030000000000000003,0.00030000000000000003,0.0002882285714285714,0.0002340326666666667,0.0,3.091583285114046e-05,0.00012612145962861298,0.4471157886817261,0.4990529744079382,0.30777939947575716,0.5922462949232913,0.35817245222105176,0.47156344525028787,92.79899460832647,83.07936368740948,76.5757461454537,12265.723,11056.214,9985.55935
2020-10-26,13029.64,13238.81,12765.0,13052.19,60951.672986,0.00030000000000000003,0.00030000000000000003,0.0002882285714285714,0.00023403266666666668,0.0,3.091583285114046e-05,0.00012612145962861298,0.0,0.44083420299855086,0.30777939947575716,0.18861186589604395,0.3385041838864121,0.47032357812068804,91.75880623077637,82.11052862243145,78.13533698105367,12439.01,11112.133800000001,10014.4026
2020-10-27,13052.15,13789.29,13019.87,13636.17,80811.01945,0.00025401,0.0002846700000000004,0.0002849435714285714,0.00023249966666666667,2.6552338880155128e-05,3.199341316996789e-05,0.00012557027938729605,-1.787985050383487,-0.6213411365595167,0.11092619652638265,0.3912546986636991,0.36645629959385906,0.47997786782344654,93.52709190668851,88.88058260941492,80.21289702047385,12666.607,11177.388399999998,10048.28885
2020-10-28,13636.16,13859.48,12888.0,13266.4,94440.561226,0.00023725,0.0002637533333333337,0.0002804614285714286,0.000230408,3.248984508027008e-05,3.405114543587409e-05,0.00012492811387851283,-1.349927376409333,-1.5733909616288462,0.042482835614296985,0.5043461477913157,0.3993612710740535,0.48538393335581603,66.38140489171315,78.73614500905985,75.23867062132196,12842.933,11240.183400000002,10080.236700000001
2020-10-29,13266.4,13642.91,12920.77,13455.7,74872.602132,-0.00037247,3.9596666666666965e-05,0.00023242785714285716,0.00020799233333333334,0.00035695857985673933,0.00017731107072810725,0.00016569071192588646,-1.7805361174754157,-4.1656339729986325,-2.4351439904017127,0.5038098468151918,0.3997629975818967,0.48401693933196044,66.42083833300987,79.39019171771167,78.56928472289131,13013.356,11304.913399999998,10112.99625
2020-10-30,13455.69,13669.98,13115.0,13560.1,70657.778881,-0.0002965,-0.00014390666666666636,0.0001898207142857143,0.00018810900000000002,0.0003322697151913492,0.00022506295329441722,0.0001884908891852958,-0.9738413539185875,-2.6876031360652024,-2.008260334087092,0.4885595376757143,0.39623561277552516,0.4838178386296704,70.65101110625243,84.61177255620339,79.77765117404971,13178.366999999998,11369.378,10146.6072
2020-10-31,13560.1,14100.0,13411.5,13791.0,67339.238515,-0.00032355000000000003,-0.0003308399999999996,0.00014528142857142857,0.0001681866666666667,3.85060813379798e-05,0.0002604922665279716,0.00020950069566724334,-0.704448269112512,-2.2655276909306417,-2.067796108623099,0.48809477635241805,0.3974130783681539,0.4824190005231503,71.43334953076783,85.46500770340594,81.10462221877472,13279.371,11437.440200000001,10181.2187
2020-11-01,13791.0,13895.0,13603.0,13761.5,36285.648526,-0.00015525,-0.000258433333333333,0.00011276357142857143,0.00016031666666666667,9.037713114134785e-05,0.0002679994863257761,0.0002171882371288277,0.10830088521500361,-1.359089537255596,-1.47346691863196,0.342983413505512,0.4000201820479876,0.46721172829903773,73.92454333497577,84.07713664892631,80.1789555594556,13358.669,11503.851800000002,10216.92
2020-11-02,13761.49,13830.0,13195.05,13549.37,64566.421908,0.00013323,-0.00011518999999999967,0.00010085142857142858,0.00015484133333333334,0.00023100994524047434,0.00026269069661887646,0.00021567607943288867,1.6434088112835503,-0.11565627409570964,-0.11409528927533835,0.25316608285344505,0.40622114079067756,0.36265649292496116,64.45307503573002,77.42875450048564,76.43956364301775,13421.298999999999,11568.1826,10249.15715
2020-11-03,13549.63,14066.11,13284.99,14023.53,74115.630787,-0.00026112,-9.437999999999966e-05,6.524142857142857e-05,0.00014542433333333336,0.00020410009382655102,0.00027619705314690403,0.0002275448528529849,-0.43096804190154214,-1.562244014363842,-1.9027886516444625,0.36150399641001163,0.4185928888292923,0.3648396447479892,62.028618273933404,79.41158461912164,81.15050157482912,13512.479000000001,11635.217799999999,10284.13705
2020-11-04,14023.53,14259.0,13525.0,14144.01,93016.988262,-0.00034255,-0.000156813333333333,2.6646428571428575e-05,0.00014048466666666666,0.0002544632834680483,0.00029346417657427686,0.00023660360341695258,-0.7836906969007165,-1.6415795133191964,-2.1504647242775405,0.3614607190178089,0.4184967720821178,0.3559639451411238,82.24444656722721,73.9758315596547,81.33307144500566,13623.997,11702.3918,10318.614099999999
2020-11-05,14144.01,15750.0,14093.56,15590.02,143741.522673,0.00030000000000000003,-0.00010122333333333298,2.6646428571428575e-05,0.00015098533333333337,0.0003498468716929455,0.00029346417657427686,0.0002364545745940185,1.341857152643743,0.7396534720537181,0.730933222386328,0.8528167875727566,0.5427656394636252,0.42191472296568905,90.7689545304963,81.96171665444653,84.62190500080355,13877.779999999999,11795.112,10360.9605
2020-11-06,15590.02,15960.0,15166.0,15579.92,122618.197695,0.00067605,0.000211166666666667,5.350714285714285e-05,0.00017311833333333334,0.0005150776745631089,0.000334718911934468,0.00025346623081999185,1.3751040396568026,1.8793885517449205,2.2892551047284577,0.8486415456319936,0.5449321738986892,0.4221823905824432,90.02369931198163,82.67435711384017,84.20234697110297,14072.154999999999,11887.910600000001,10404.72595
2020-11-07,15579.93,15753.52,14344.22,14818.3,101431.206553,0.00098752,0.0006545233333333338,0.00010261571428571428,0.00020110333333333335,0.0003442651385681384,0.0004145744726401227,0.00029374112482948874,1.237214256345978,2.363403518954601,3.249155829621449,1.0306464407756335,0.6135452088934368,0.4385271912068586,66.81892599867493,68.39527358409184,74.68425873274812,14227.345000000001,11965.608799999998,10444.6106
2020-11-08,14818.3,15650.0,14703.88,15475.1,65547.178574,0.00030000000000000003,0.0006545233333333337,0.00010261571428571428,0.000202394,0.0003442651385681384,0.0004145744726401227,0.0002940994992855332,-0.1691235433414685,0.414931661816083,0.5667802098158451,1.0464777316447118,0.6266050297841176,0.44790464365312,73.27438676553085,73.46537464674353,76.58916716525698,14429.285,12053.497800000001,10486.3604
2020-11-09,15475.1,15840.0,14805.54,15328.41,108976.334134,0.00030000000000000003,0.0005291733333333337,0.00010261571428571428,0.000202394,0.0003969398570732595,0.0004145744726401227,0.0002940994992855332,-0.6830838187175887,0.4048495008524866,0.5667802098158451,1.0750561491128305,0.6344636759427358,0.44957559868588887,74.60050997548237,71.32953761730113,74.6481942714548,14606.116,12141.660399999999,10525.5905
2020-11-10,15328.41,15460.0,15072.46,15297.21,61681.919606,0.00030000000000000003,0.00030000000000000003,0.00010590071428571429,0.000202394,0.0,0.00041604596298346156,0.0002940994992855332,-0.6830838187175884,0.3889137473709365,0.5667802098158451,0.6348129570943394,0.5805719241964545,0.4500605533969877,70.07122821392127,67.36377967240753,75.39630858806687,14756.737,12239.2602,10564.55155
2020-11-11,15297.21,15965.0,15272.68,15684.24,78469.746458,0.00030000000000000003,0.00030000000000000003,0.00011038285714285714,0.000202394,0.0,0.00041790372524760396,0.0002940994992855332,-0.4471990509415858,0.38891374737093654,0.5667802098158451,0.6823960363303557,0.5841907609081017,0.45235793930250634,72.39064385292684,75.1841543896854,76.60924049509151,14949.010999999999,12342.3528,10605.2794
2020-11-12,15684.25,16340.7,15440.64,16291.86,102196.356592,0.00030000000000000003,0.00030000000000000003,0.00015841642857142857,0.000202394,0.0,0.0003962198738774913,0.0002940994992855332,0.0,0.38891374737093654,0.566780209815845,0.4528375721826669,0.5932742682353729,0.4567174888825189,63.49142272764008,77.17336317505938,78.03506125056884,15223.26,12463.3608,10648.273199999998
2020-11-13,16291.85,16480.0,15952.35,16320.7,75691.881014,0.00030000000000000003,0.00030000000000000003,0.00020102357142857144,0.000202394,0.0,0.00037504402202340875,0.0002940994992855332,0.0,0.38891374737093654,0.5595404089686362,0.3822067914165656,0.5945639756163024,0.4526966356389844,64.13810214518477,76.83800368648599,79.84081335542253,15452.977000000003,12575.048399999998,10691.003599999998
2020-11-14,16320.04,16326.99,15670.0,16070.45,59116.347179,0.00024277,0.00028092333333333373,0.00024147500000000003,0.00020048633333333334,3.3041755905822315e-05,0.00034331092874558244,0.00029362978469240324,-1.7881557208540975,0.23650627026926743,0.30979220090426246,0.4128699270801185,0.6008924673413433,0.45599279321965175,79.69389545773119,72.07729693185168,77.41874644183903,15645.621,12682.724000000002,10732.66095
2020-11-15,16069.56,16180.0,15774.72,15957.0,43596.841513,0.00030000000000000003,0.00028092333333333373,0.00027399285714285715,0.00020048633333333334,3.3041755905822315e-05,0.0003238520335069612,0.00029362978469240324,0.4470389302135254,0.3980238488936216,0.514508632954964,0.4276757947660353,0.6045463280275518,0.45667932205268047,65.39537914991831,70.9239513721653,76.01559816726055,15682.319,12787.292,10768.553100000001
2020-11-16,15957.0,16880.0,15864.0,16713.57,81300.675924,0.00030000000000000003,0.00028092333333333373,0.000285905,0.00020048633333333334,3.3041755905822315e-05,0.00032133344966417274,0.00029362978469240324,0.4470389302135254,0.3906546891664304,0.49642492630903556,0.5296720794481916,0.6073744362948734,0.46679165264224803,81.84334424538503,77.32082848368479,77.35983467535891,15795.684,12906.078399999999,10809.02095
2020-11-17,16713.08,17858.82,16538.0,17659.38,115221.403102,0.00030000000000000003,0.00030000000000000003,0.000325985,0.00020048633333333334,0.0,0.0002802183276757341,0.00029362978469240324,0.4470389302135254,0.38076633288905676,0.488672949279324,0.6167604006296686,0.6113794563697512,0.4810975809336504,88.228135306835,79.0288815754629,79.16840427332306,16079.792000000001,13045.343599999998,10853.18305
2020-11-18,17659.38,18476.93,17214.45,17776.12,149019.788134,0.00100196,0.000533986666666667,0.00042202142857142863,0.00022388500000000003,0.00040527679496035757,0.00026336159129044113,0.000327812351903259,1.783469583544207,2.0289276902174653,3.062518633765954,0.6078358670158969,0.612267980862248,0.480918578487926,87.09954314574607,79.01634996235485,77.44207408186354,16309.894,13184.0564,10897.2034
2020-11-19,17777.75,18179.8,17335.65,17802.82,93009.561008,0.0008722199999999999,0.000724726666666667,0.0004628942857142857,0.000245045,0.0003735005661753935,0.00028636616142796857,0.00034854821621385944,0.901760266635303,1.515857475318593,2.426488733152138,0.5383121849956727,0.6140537735404017,0.4778993999284311,83.7514966314361,72.86224382258573,77.0362018786348,16557.335,13324.581,10941.7467
2020-11-20,17802.81,18815.22,17740.04,18655.67,88423.018489,0.00114914,0.0010077733333333338,0.0004966864285714287,0.00027675700000000003,0.00013855149848824878,0.00033690715638692745,0.0003854274014662627,1.061557683061551,1.9609761783238437,3.1191921278617416,0.48031379830277093,0.6301972940810381,0.46668459135199736,88.12357749061616,77.06492413987823,79.40452326774371,16893.181,13485.3118,10990.665250000002
2020-11-21,18655.66,18965.9,18308.58,18703.8,75577.458394,0.00079438,0.0009385800000000004,0.0004828907142857143,0.00029323633333333337,0.0001864575061508814,0.00031872618821379744,0.0003968548962867697,-0.0905095885959796,0.9762116679027736,1.8201676047395803,0.5000688161456629,0.6280352864551717,0.46700765849299464,96.03356349967055,89.09992191082442,79.10326429198852,17195.137000000002,13647.9798,11039.0751
2020-11-22,18703.8,18750.0,17610.86,18414.43,81645.737778,0.00233885,0.0014274566666666669,0.0006285228571428572,0.000361198,0.0008089759084381553,0.0005840730158573904,0.0005449848569386261,1.7479534085031745,3.155117552030647,5.109456831772877,0.4413258773924408,0.628089478296546,0.4619327718479575,90.4692424995757,81.94055963051024,77.4390243902218,17407.394,13805.4272,11085.43265
2020-11-23,18413.88,18766.0,18000.0,18368.0,82961.506093,0.00285749,0.0019969066666666673,0.0008112007142857143,0.0004464476666666667,0.0010732192927977663,0.0008240615737586629,0.0007100983350683075,1.3399728442482624,2.9109121660120874,4.853370434216159,0.4514418506796403,0.6263714426174324,0.4532167804323257,85.5633848230419,83.76579374757168,77.01993426741991,17612.124,13959.4546,11127.340650000002
2020-11-24,18368.01,19418.97,18018.0,19160.01,113581.509241,0.00192343,0.002373256666666667,0.00092716,0.0005005620000000001,0.00046797957747463434,0.0008600305556289175,0.0007587450796359241,0.13104671214942112,1.4941301654110593,2.800057303546046,0.5359908764940281,0.6376767086633298,0.45922039724649527,84.5412318216491,86.70607016607978,77.49585360072544,17921.079999999998,14126.810599999999,11174.14065
2020-11-25,19160.0,19484.21,18500.27,18719.11,93266.576887,0.00197606,0.002252326666666667,0.0010468785714285716,0.0005564306666666667,0.0005247470573841624,0.0008823783102663909,0.0008038347483069811,-0.0026094119376123344,1.3894224856549244,2.6650337518650944,0.4850111090603154,0.539798332945836,0.46619675219654855,68.88707293329645,78.54644851916883,76.95094597758445,18197.291,14289.1996,11220.0392
2020-11-26,18718.83,18915.03,16188.0,17149.47,181005.246693,0.0007734,0.0015576300000000002,0.0010806928571428572,0.0005737436666666667,0.0006796727145472333,0.0008603507566141806,0.0008026891013186535,-1.563598635914911,-0.1358978415237998,0.6222838735936811,0.8929402866684353,0.6797083581779515,0.5237820224773051,41.91264392856506,56.83061763163211,66.06499639448546,18240.881,14418.861200000001,11262.172700000001
2020-11-27,17149.47,17457.62,16438.08,17139.52,85297.024787,0.00030773,0.0010190633333333335,0.001081245,0.000576093,0.0008608682258239869,0.0008598135079794023,0.0008017728999563924,-1.2331485183204587,-0.6735287903903666,-0.16053613232743325,0.9047730439405637,0.6342403600803082,0.5228531432515113,26.283697750296938,56.5413497794978,65.69662196057283,18188.894999999997,14543.1402,11305.0627
2020-11-28,17139.53,17880.49,16865.56,17719.85,64910.69997,0.00030000000000000003,0.0004603766666666668,0.0010853328571428572,0.0005985086666666667,0.0002711137097849161,0.0008556464028344397,0.0007835316912884466,-0.9020803312078538,-0.6831855828089014,-0.1735275247813153,0.9947880940853281,0.6246168450095854,0.5264485470323196,36.805475469535494,62.5165430239908,66.71664690998819,18183.268,14676.524400000002,11349.608
2020-11-29,17719.84,18360.05,17517.0,18184.99,55329.016303,0.00030000000000000003,0.00030257666666666684,0.001085332857142857,0.000618392,4.46291758157135e-06,0.0008556464028344397,0.0007674395837993172,-0.59505736379394,-0.6831855828089014,-0.17352752478131542,0.9284489695050071,0.6251994460993986,0.5270259191753929,47.06177645732178,66.05048288539814,68.14847028992564,18221.484999999997,14814.3598,11393.986099999998
2020-11-30,18185.0,19863.16,18184.99,19695.87,115463.466888,0.00049481,0.00036493666666666686,0.0010992478571428572,0.0006456706666666667,0.00011247360594085988,0.000843388711095155,0.0007470778923149495,0.2885684207067988,-0.45530766681749946,0.14772959368272479,1.1816914649039567,0.6927199950323164,0.5519989713241765,62.36642856476831,69.378469839673,72.78895422557198,18325.505,14980.896799999999,11443.50555
2020-12-01,19695.87,19888.0,18001.12,18764.96,127698.762652,0.00100762,0.0006008100000000002,0.001149792142857143,0.000684433,0.0003655249869708037,0.0008124412931991176,0.0007341449116895487,1.7209677874768747,0.14744024883423543,0.9781937987698375,0.8998597084660032,0.7371339113174673,0.5696127571851018,46.413689800729436,57.197805202607285,67.00357541176855,18331.621,15125.631,11490.748249999999
2020-12-02,18764.96,19342.0,18330.0,19204.09,75911.013478,0.00030000000000000003,0.0006008100000000002,0.0010996521428571428,0.0006899920000000001,0.0003655249869708037,0.0008433398431162625,0.0007304493350052796,-0.5888170404806929,-0.7548720906719498,-0.20461336695588517,0.8777050894376835,0.7285637039404426,0.569736942611173,54.40412061067455,58.92216930733241,67.7408474801951,18410.587,15281.301599999999,11539.86235
2020-12-03,19204.08,19598.0,18867.2,19421.9,66689.391279,0.00045454999999999996,0.0005873900000000001,0.0010698185714285715,0.0007138476666666667,0.00037204349920406655,0.0008592419731802706,0.0007097079732886902,-0.19522589354236367,-0.5715872838393053,0.04180407250333878,0.8737054611179357,0.728077786465549,0.5697291952154746,77.35132337540672,59.88029506386985,64.70079567861481,18515.977,15441.3818,11588.57165
2020-12-04,19422.34,19527.0,18565.31,18650.52,71283.6682,0.00032703,0.0003605266666666667,0.0010110964285714285,0.0007361669999999999,8.254056962088329e-05,0.0008812152841878443,0.0006854543952492767,-0.6624089956685569,-0.7440928063730181,-0.18847922846290865,0.9969083790842235,0.7515578056272869,0.5831623804046132,65.36949861459975,49.968256942475435,61.13005629909345,18465.028000000002,15584.2898,11633.154600000002
2020-12-05,18650.51,19177.0,18500.0,19147.66,42922.748573,0.00030000000000000003,0.0003605266666666667,0.0009757835714285714,0.000736167,8.254056962088329e-05,0.000900267441123915,0.0006854543952492767,-0.5869344495691606,-0.7789562255692317,-0.2442648367128875,0.6876247291536193,0.7526934656913207,0.5806493316713969,64.77333162264526,52.59233128761834,65.99946783741068,18507.883,15740.856600000001,11680.015249999999
2020-12-06,19147.66,19420.0,18857.0,19359.4,37043.091861,0.00030000000000000003,0.00030901000000000013,0.0008301514285714286,0.000723632,1.560577777640764e-05,0.0008245311163774992,0.0006900149404299531,-0.5409548781822019,-0.7789562255692316,-0.25346960966229887,0.5164703797925956,0.7340432421428805,0.5805860075005687,62.82389784645871,55.56953057680035,64.84297619191804,18728.876,15900.840600000001,11729.2551
2020-12-07,19358.67,19420.91,18902.88,19166.9,41372.296293,0.00030000000000000003,0.00030000000000000003,0.0006474735714285714,0.0007007146666666667,0.0,0.0005910767466452435,0.0006923615009602671,-0.5409548781822019,-0.7789562255692317,-0.2582367436916643,0.49468091102742656,0.7048594722410937,0.5815430896750169,41.8884809897445,54.62891073136948,64.61674961633601,18931.614,16054.115799999998,11779.74635
2020-12-08,19166.9,19294.84,18200.0,18324.11,61626.947614,0.00030000000000000003,0.00030000000000000003,0.0005315142857142857,0.0007007146666666666,0.0,0.0004679130143966489,0.0006923615009602671,-0.44684394199324634,-0.7232962003209938,-0.2594261062103047,0.5965740722527032,0.7351174120600168,0.5967446173717621,43.05198755550686,45.185040966601946,60.85529807688327,18992.04,16185.5686,11825.516899999999
2020-12-09,18324.11,18639.57,17650.0,18541.28,79585.553801,0.00030000000000000003,0.00030000000000000003,0.0004117957142857143,0.0007007146666666667,0.0,0.00021705807314790617,0.0006923615009602671,0.0,-0.6781102221562503,-0.2594261062103047,0.5290042401916771,0.7364236784461776,0.5958788532990722,38.767950164876424,48.94856152241662,60.372504570796416,19027.669,16318.1944,11872.327549999998
2020-12-10,18541.29,18557.32,17911.12,18254.63,52890.675094,0.00030000000000000003,0.00030000000000000003,0.00037798142857142856,0.0007007146666666666,0.0,0.00019179669363706558,0.0006923615009602671,0.0,-0.6207029919640452,-0.2594261062103047,0.4448009480962795,0.7113739718228665,0.5987674043426315,30.670305394826897,57.70305233691678,57.29588639236467,18883.545,16427.6678,11919.999000000002
2020-12-11,18254.81,18292.73,17572.33,18036.53,72610.724259,0.00030000000000000003,0.00030000000000000003,0.00037742928571428576,0.0007007146666666667,0.0,0.00019202547985836587,0.0006923615009602671,0.0,-0.5842744975892272,-0.2594261062103047,0.38755624319555265,0.7126617464604501,0.6005680151519392,37.55134646341927,56.07592861776826,56.289482693766594,18810.701999999997,16529.028000000002,11965.6799
2020-12-12,18036.53,18948.66,18020.7,18808.69,49519.978432,0.00012179,0.0002405966666666668,0.0003647,0.0006947743333333334,0.00010288959147231582,0.00020313823788816376,0.0006966692158019413,-1.788629955863964,-0.7382375903685154,-0.5582159141911637,0.621585979074802,0.7333560580971552,0.604980451277175,43.816920882405036,57.188486168867755,59.66730168233255,18771.162,16646.7404,12015.51745
2020-12-13,18808.69,19411.0,18711.12,19174.99,56560.821744,0.00030000000000000003,0.00024059666666666676,0.0003647,0.0006947743333333334,0.00010288959147231582,0.00020313823788816376,0.0006966692158019413,0.4471574889659937,-0.44937727223850976,-0.2538051620571529,0.45243975679976384,0.7372182112173385,0.6051898746785235,46.81576284589309,56.622374796970135,61.161771265517714,18746.471,16768.0056,12065.37205
2020-12-14,19174.99,19349.0,19000.0,19273.14,47257.201294,0.00030000000000000003,0.00024059666666666676,0.00035078500000000005,0.0006966820000000001,0.00010288959147231582,0.0002001909789618225,0.0006954661441542842,0.4471574889659944,-0.37556595686817734,-0.25380516205715287,0.4523945680373524,0.7151910713773904,0.6052477822156076,51.896248911214556,46.51323918288976,59.302919790259075,18808.733,16892.891799999998,12113.858299999998
2020-12-15,19273.69,19570.0,19050.0,19426.43,61834.366011,0.00030000000000000003,0.00030000000000000003,0.0003002407142857143,0.000696682,0.0,6.585199973183741e-05,0.0006954661441542842,0.4471574889659937,-0.35546570989231735,-0.2538051620571529,0.3807156012278332,0.7078165246795964,0.6020281288773746,76.09881523990998,56.258811462598004,56.815066617596564,18836.609999999997,17020.3766,12163.8551
2020-12-16,19426.43,21560.0,19278.6,21335.52,114306.33557,0.00066054,0.0004201800000000001,0.0003259935714285715,0.0007086999999999999,0.00020815786605364324,0.00011665362882068237,0.0006914786315196413,1.645688225723792,1.6123094511242992,0.3516098639515638,0.6994884255531111,0.6913520388776961,0.6370561895673785,86.73016557386659,65.77838907830274,62.06033351764537,19034.222,17174.3636,12222.0441
2020-12-17,21335.52,23800.0,21230.0,22797.16,184882.476748,0.00085973,0.0006067566666666667,0.00035493500000000007,0.0007273576666666666,0.0002837144751917666,0.00018261481748583588,0.000687611291374278,1.435571989800975,2.1869371525824772,0.673514355253153,0.7546697025010881,0.7279922544378746,0.651729623131173,95.61936477775113,71.10038634174371,65.42264559726827,19397.248,17364.9788,12288.78855
2020-12-18,22797.15,23285.18,22350.0,23107.39,79646.134315,0.00127112,0.0009304633333333335,0.00042237,0.0007363296666666667,0.00031137499487489205,0.0003048931447623534,0.0006930523561577055,1.4475475135997578,2.8732482235452093,1.326327966043788,0.7695159543034938,0.7229426928486355,0.6512752144006501,99.9999999999862,79.56680089424614,64.22369282046988,19875.575999999997,17558.012600000002,12353.321649999998
2020-12-19,23107.39,24171.47,22750.0,23821.61,86045.064677,0.0011857600000000001,0.0011055366666666668,0.00048563857142857144,0.0007467810000000001,0.00021711119370806017,0.00036376523407395537,0.0006975219688462172,0.8333785979768089,2.116503012513648,1.1451858421210188,0.7000807634498706,0.7247206060259818,0.6529740527720571,99.99999999998603,80.13884393017409,65.68432214426656,20403.609,17763.2428,12424.839500000002
2020-12-20,23821.6,24295.0,23060.0,23455.52,76690.145685,0.0015461,0.0013343266666666666,0.0005746457142857143,0.000760013,0.0001883017284395935,0.00045568476395782315,0.0007090872116448552,1.2659231064276004,2.4749741960046117,1.6681718769381133,0.8229897074946754,0.6694493889957392,0.6392037027300058,92.6967648238049,75.89733927806878,65.37689340442289,20923.698,17956.533199999998,12493.7859
2020-12-21,23455.54,24102.77,21815.0,22719.71,88030.297243,0.00095785,0.0012299033333333334,0.0006216349999999999,0.000765462,0.0002965990408503348,0.0004590906737948233,0.0007099879352466927,-0.7620433116004854,1.046108097513641,0.693399462675972,0.7378054591007078,0.645622386209373,0.647414359113311,80.4986222141105,71.01834071054432,62.73834021712966,21392.016,18135.6974,12558.43915
2020-12-22,22719.88,23837.1,22353.4,23810.79,87033.12616,0.00039956,0.0009678366666666668,0.0006287464285714286,0.000700819,0.0005733352361693278,0.00045447310375874844,0.0006473121117164637,-1.560831795743746,-0.346910733697577,-0.21287954653293623,0.6180946556517302,0.6629768581961926,0.6531376242968127,83.27454099474537,81.53271616715047,63.37951993702166,21892.226000000002,18340.925799999997,12629.3873
2020-12-23,23810.79,24100.0,22600.0,23232.76,119047.259733,0.00031524,0.0005575500000000001,0.0006298349999999999,0.0006160773333333333,0.00034922418744984745,0.0004536425993385273,0.0005062840619511416,-1.0820973858942426,-0.5354400601048304,-0.34989929194087704,0.674154765094461,0.6799058200474956,0.6586287106731196,68.04454927620783,75.88876969463024,62.88336991610168,22298.003,18525.1104,12697.2196
2020-12-24,23232.39,23794.43,22703.42,23729.2,69013.834252,0.00047216,0.00039565333333333347,0.0006421321428571429,0.0005677016666666666,7.853291114774564e-05,0.00044628760177161005,0.0004423572452455873,-0.5154702126100469,-0.16720678076129408,-0.10049083023417939,0.6410764711830965,0.6437610412069067,0.6580183350809966,60.85812810176317,79.52641837716405,70.00629403160417,22743.609,18716.8142,12767.130650000001
2020-12-25,23728.99,24789.86,23433.6,24712.47,79519.943569,0.00063433,0.00047391000000000013,0.0006660128571428572,0.0005229773333333334,0.00015955219804191444,0.00043538369784025576,0.0003540736432354481,0.30963756718909025,0.19571907362824711,0.15360113360184102,0.7000431063743283,0.6526809560938898,0.6619765745458289,66.16414297049987,83.26062695548768,71.73952359325429,23272.213,18899.2632,12841.782949999999
2020-12-26,24712.47,26867.03,24500.0,26493.39,97806.513386,0.00036965,0.0004920466666666667,0.0006837171428571429,0.000509519,0.00013345592992946995,0.000416166643498058,0.0003518934084923235,-0.5552710697506779,-0.4785805137535832,-0.2794982701389987,0.676786007011047,0.6961903607326316,0.6729419631605007,72.14803933920945,84.78952534097158,73.56190709449824,23788.0,19117.5326,12925.38775
2020-12-27,26493.4,28422.0,25700.0,26281.66,148455.586214,0.0011657199999999999,0.0007232333333333334,0.0007455542857142857,0.0005381186666666667,0.00040541301561905886,0.0004190726974149967,0.0003693602521950752,1.672969702998046,1.3588995151061738,0.9829042716212235,0.7184476610166008,0.6948444459327594,0.6677337004403318,74.04292461818187,82.62936880565401,72.0441718192178,24136.45,19346.7998,13007.37105
2020-12-28,26281.54,27500.0,26101.0,27079.41,79721.742496,0.00150874,0.0010147033333333334,0.0008318928571428572,0.00057841,0.0005843680622975035,0.00044399046788847185,0.00040654500570302086,1.3912595840562594,1.8624918742655419,1.4868165500360275,0.5405188690202305,0.6405876383813955,0.6692640548826082,86.7026309852033,83.67793856382173,70.91474275302078,24533.652000000002,19578.886,13096.3661
2020-12-29,27079.42,27410.0,25880.0,27385.0,69411.592606,0.00126537,0.0013132766666666667,0.0009008478571428572,0.000610589,0.00017645669903219508,0.0004297658840341684,0.0004216725188101015,0.5873447798429974,1.1922725998335164,1.0601777940410104,0.562623654940699,0.6407222140272192,0.6691926968150591,84.67595314460412,83.88964638570812,75.31404541235207,24889.990999999998,19820.0178,13185.96545
2020-12-30,27385.0,28996.0,27320.0,28875.54,95356.057826,0.00188695,0.0015536866666666668,0.0009884485714285714,0.0006569936666666667,0.000313218096912261,0.0004967818337112322,0.00048092993658825373,1.156506892074159,2.0981884593977194,1.983499885973549,0.5956425501433849,0.6355505225739989,0.676803909806353,96.50969958325626,83.29415172554063,76.74980265642333,25431.993,20091.5844,13282.97645
2020-12-31,28875.55,29300.0,27850.0,28923.63,75508.505152,0.00150381,0.0015520433333333335,0.0010344542857142858,0.0006735333333333334,0.00031358454192344774,0.0005134870266463075,0.0005014966143821728,0.13519800200301488,1.2266118233556016,1.32319515642465,0.46363309367839417,0.6236728822467899,0.6763659533737875,96.23114728126266,80.91119993459867,76.52945154341384,26052.385000000002,20356.372199999998,13380.8841
2021-01-01,28923.63,29600.0,28624.57,29331.69,54182.925011,0.00083546,0.0014087400000000003,0.0010033357142857143,0.000691382,0.000532152735311964,0.0005112373371418718,0.0004972546222139152,-1.4619756754515791,-0.10213197432831192,0.2336857745943563,0.3841207511965996,0.6193166279893905,0.6727382374931681,95.80124061013845,81.09780347374164,80.44010198025796,26604.475,20617.1688,13480.412450000002
2021-01-02,29331.7,33300.0,28946.53,32178.33,129993.873362,0.00145622,0.0012651633333333335,0.0010226542857142858,0.0007247710000000001,0.00037289397693357647,0.0005236210938442808,0.000514146283707944,0.17395018545526766,1.0247908342948076,1.199299712666029,0.7250236078691944,0.6880787055883212,0.6990777342285965,96.53378953571024,84.41800850737573,82.75013609581991,27499.032,20934.3214,13593.67615
2021-01-03,32176.45,34778.11,31962.99,33000.05,120957.56675,0.00393808,0.002076586666666667,0.00119351,0.0008451393333333332,0.0016417075917876907,0.0009356756455261454,0.0007745643132796891,1.696331990828909,3.450173404311464,4.327954494327347,0.6931770223073107,0.6817464186895555,0.6995057399823889,99.99999999998958,87.8881393367623,83.26330651748151,28426.117000000006,21272.913399999998,13711.3507
2021-01-04,33000.05,33600.0,28130.0,31988.71,140899.88569,0.004567450000000001,0.003320583333333334,0.0014513385714285715,0.0009873876666666667,0.0016449664520084715,0.001294325881975497,0.0010230099022532286,1.2600403914154747,2.9422565702870846,4.2467590662915065,0.8695587597583307,0.7218460680810564,0.676333995380316,85.41051762987486,86.00674373794823,80.06583535345234,29153.741,21593.547599999998,13824.362650000001
2021-01-05,31989.75,34360.0,29900.0,33949.53,116049.997038,0.00198408,0.0034965366666666674,0.0015645185714285715,0.0010435236666666667,0.0013470970735746325,0.0012642076462405956,0.0010301704718536611,-0.35394777570005864,0.5283980135879012,1.2447245779316505,0.8953761726728684,0.6722629317259543,0.6855902621112299,88.22271727370565,86.89245422801336,84.81457088211009,29899.355,21938.266799999998,13947.559149999997
2021-01-06,33949.53,36939.21,33288.0,36769.36,127139.20131,0.00486454,0.003805356666666667,0.0018894685714285714,0.001195675,0.0015842512867071743,0.0014839661537600828,0.0012335695661435215,0.9711846190256623,2.450510576093125,3.829489317664776,0.9492528240801265,0.6911185344912688,0.6864932588765792,89.80144204103634,92.3475574275669,86.39272021012002,30948.125,22320.4664,14084.611200000001
2021-01-07,36769.36,40365.0,36300.0,39432.28,132825.700437,0.0034290099999999997,0.0034258766666666663,0.002100672142857143,0.0012999753333333335,0.001440232556302397,0.0014771320714618607,0.0012863784648698524,-0.288254690013035,1.236058013235013,2.2743514691381495,0.8615098826187696,0.7163793228056188,0.696299245489664,91.92950788144078,93.26103270553055,88.617370262775,32183.412,22753.5896,14235.29915
2021-01-08,39432.48,41950.0,36500.0,40582.81,139789.957499,0.00437453,0.004222693333333334,0.002367829285714286,0.001435793,0.0007297104735669745,0.0015288507036809065,0.0013882246124684225,0.45341355228589686,1.6651829150515272,2.8774505525869487,0.8562291318507722,0.7162476646158538,0.6941562701299924,92.38093085626836,93.32257071226944,89.76096455028477,33503.193,23209.1894,14389.78475
2021-01-09,40586.96,41380.0,38720.0,40088.22,75785.979675,0.00276814,0.0035238933333333333,0.00253915,0.0015180643333333333,0.0008073873563744588,0.001418086884448958,0.0013917233832137841,-0.6125316340385759,0.5509032644844962,1.4236646037400265,0.7138170203698619,0.7127275556233453,0.6962754562074833,86.21164190719799,89.91400545502384,87.89804062089168,34624.460999999996,23637.8404,14542.101400000001
2021-01-10,40088.22,41350.0,35111.11,38150.02,118209.544503,0.0031922400000000003,0.0034449700000000003,0.0026839014285714286,0.0016144723333333332,0.0008324821605896452,0.0013697133409297279,0.001404552618119656,-0.6152055114296066,0.7541600677337676,1.708890898150922,1.0449833751896254,0.7440089928474374,0.7143993858445896,71.39006315712108,81.63778975102579,82.00202316554135,35547.1,24026.7648,14686.369049999998
2021-01-11,38150.02,38264.74,30420.0,35404.47,251156.138287,0.00221483,0.002725070000000001,0.0027343364285714283,0.0016842403333333332,0.0004901263568713714,0.001335690609181442,0.0013796123296043838,-1.219248498139332,0.05276016501906116,0.8595153988145636,1.1145852238907883,0.8516522415584308,0.7451755480104234,62.40070749990245,70.1045477245874,74.97573079341308,36154.378000000004,24366.5656,14817.14395
2021-01-12,35410.37,36628.0,32531.0,34051.24,133948.151996,0.00139326,0.0022667766666666666,0.0027434714285714287,0.0017206823333333334,0.0009006142915995368,0.0013252679725762112,0.0013560246525698288,-1.2537106067727954,-0.5629581496535799,0.1562467094249309,0.7536886425946914,0.8681347397861424,0.7556539016150365,50.386293805091945,65.32323835075428,71.83201742403624,36341.669,24680.2304,14941.589100000001
2021-01-13,34049.15,37850.0,32380.0,37371.38,124477.914938,0.00107888,0.0015623233333333334,0.002685752142857143,0.0017466450000000002,0.0005865427594245233,0.001381831338701699,0.001335182191286758,-1.1763461278534224,-0.8251347984196616,-0.12092109403027006,1.2455009226681986,0.9239013030483849,0.7780872832487622,52.202755035430485,68.01365976779856,72.97072052713924,36778.802,25044.457799999996,15083.386
2021-01-14,37371.38,40100.0,36701.23,39144.5,102950.389421,0.00219461,0.0015555833333333335,0.002735095,0.0018097986666666668,0.0005753042730880192,0.0013483066120636704,0.0013089463036686472,0.21805391649696926,-0.0787030144407391,0.7970502684800834,1.3591547190267683,0.9263651943759383,0.780261527930799,48.87369123061627,70.19400798760728,73.20978700880369,37494.380999999994,25452.9656,15233.52675
2021-01-15,39145.21,39747.76,34408.0,36742.22,118300.920916,0.00238296,0.0018854833333333335,0.0028456307142857144,0.0018672126666666666,0.0007048585912318404,0.0012396473217098985,0.0012944936403193044,0.9160827357796697,-0.013783173483701462,0.9254721722111489,1.4049125085063565,0.9709070683254798,0.7996246074372461,36.31011662416383,63.57194686916703,68.27307320872221,37773.65,25844.8206,15371.275049999998
2021-01-16,36737.43,37950.0,35357.8,35994.98,86348.431508,0.00111069,0.001896086666666667,0.00282095,0.001875578,0.0006866621247988961,0.0012724434547146492,0.0012885558023520637,-0.8471385552921552,-1.0237897383844676,-0.1621820008276703,1.234539601517698,0.9783920139810885,0.7968411472998455,35.667686291644614,57.57226451906728,66.30003307307314,37696.212,26221.929799999998,15505.5572
2021-01-17,35994.98,36852.5,33850.0,35828.61,80157.727384,0.00073385,0.0014091666666666669,0.0025920764285714284,0.001857669,0.0008641222068858857,0.001342302955031487,0.0013009208542449108,-1.0385372088933962,-1.2527723436348692,-0.4780617528191404,1.1598296847052347,0.9799011247934422,0.797781239980976,40.720247075253184,55.7617158854958,66.65654330978882,37335.845,26584.105,15638.540250000002
2021-01-18,35824.99,37469.83,34800.0,36631.27,70698.11875,0.00208246,0.0013090000000000003,0.002414577142857143,0.001887559,0.0006958321457794257,0.0012196982006181724,0.0012952396120711697,0.5218663457704872,-0.24904329364762817,0.648031598543233,0.8000383859927116,0.9804189973546638,0.7977771661374876,55.805941103863375,59.53788148978104,68.6939714066666,36940.691,26953.030600000002,15776.263900000002
2021-01-19,36622.46,37850.0,35844.06,35891.49,79611.307769,0.0036022700000000003,0.002139526666666667,0.0025301621428571426,0.0019560980000000003,0.0014350612451854922,0.0012520099578565565,0.0013304709518383011,1.4326754703817428,0.8626819205071427,1.8441364626789534,0.593210572087392,0.97524433798014,0.7968752973507854,59.24600993408677,54.20038725685807,66.38844106661445,36521.018,27276.943000000003,15910.430049999999
2021-01-20,35901.94,36415.31,33400.0,35468.23,89368.422918,0.00122627,0.002303666666666667,0.0022702857142857143,0.0019650453333333335,0.0012033467048333725,0.001098362076910708,0.0013244150804417802,-0.4578071140603743,-0.9525964353149544,-0.11440577812117095,0.33670507997767957,0.9794019000922687,0.7986029563494229,36.51149373963984,46.860187829360626,66.66839224784869,36252.839,27611.0084,16042.0939
2021-01-21,35468.23,35600.0,30071.0,30850.13,135004.076658,0.00117024,0.0019995933333333336,0.002108945,0.001990734666666667,0.0013882414104302375,0.0010808193940763362,0.0013002566959742006,-0.5207198179465168,-1.0239813213402278,-0.14527498374893216,1.1996128496721854,1.1691013330724467,0.8783014823937337,8.107930652373355,31.07578594093316,58.72144192657543,35797.405000000006,27843.9292,16150.9975
2021-01-22,30851.99,33826.53,28850.0,32945.17,142971.684049,0.00030000000000000003,0.0008988366666666669,0.001817907142857143,0.0019902266666666666,0.0005193638948110778,0.0009663484582013538,0.0013009366702557393,-1.1030075620181903,-1.5666822690565863,-0.8365522544149246,1.4617535569633608,1.1343851876689133,0.8890111172159235,30.208132437487663,33.8319596131322,59.81578136609542,35686.797999999995,28114.3946,16269.00235
2021-01-23,32950.0,33456.0,31390.16,32078.0,64595.287675,0.00032182,0.0005973533333333336,0.00164317,0.0019852153333333334,0.0004962543478231013,0.0010018311213281113,0.0013072602487058324,-0.7431197739258185,-1.3879758202708172,-0.7935949978765009,1.40135857643832,1.1349206715726825,0.8896784816549561,29.835117653961106,33.30657456983634,56.80679942538168,35157.46,28382.944199999998,16383.1054
2021-01-24,32078.0,33071.0,30900.0,32259.9,57978.037966,0.00065756,0.0004264600000000003,0.0014621214285714286,0.0019859896666666664,0.00020043561459979602,0.0009265553143756748,0.0013064391046433287,-0.17391216756575523,-1.0588727925942514,-0.4966189225618521,1.4291910658119396,1.1272756260576686,0.8861215596190802,31.657365251115365,36.75534632377048,57.29187757943386,34469.0,28645.189,16497.2246
2021-01-25,32259.45,34875.0,31910.0,32254.2,88499.226921,0.00104667,0.0006753500000000003,0.0013786814285714284,0.002008557,0.0003627523172910112,0.0009059257985988902,0.001283196438212954,0.8643825316464322,-0.7178933631023351,-0.1768792760355152,1.4397076041995018,1.0955852589782238,0.8527398071007959,25.4949361490079,41.92072318461085,56.43624032689821,34020.198,28903.085,16612.33345
2021-01-26,32254.19,32921.88,30837.37,32467.77,84972.20691,0.00033506,0.0006797633333333336,0.0013030957142857143,0.0019808683333333334,0.00035632420495011535,0.0009477937349421596,0.0013106778715324032,-0.6103025655925876,-1.1990083444688198,-0.7701839711880039,0.6465888272303938,1.032711696811239,0.8523449717913142,29.632207540028517,45.68685570590287,56.33629273076886,33667.477,29169.102399999996,16728.2306
2021-01-27,32464.01,32557.29,29241.72,30366.15,95911.961711,0.00030000000000000003,0.000560576666666667,0.0012474614285714284,0.0019405769999999998,0.00042133400934808425,0.0009841304019664924,0.0013438509955557593,-0.7188285896219448,-1.1190549537226817,-0.7993939143908965,0.5993227544611087,1.0039491586050435,0.8714952737249922,24.699844293915817,29.56206189705445,51.830340620834576,33121.231,29409.9432,16833.891200000002
2021-01-28,30362.19,33783.98,29842.1,33364.86,92621.145617,0.00042262,0.0003525600000000003,0.0011208907142857144,0.0019124853333333336,6.315539248550224e-05,0.000966741368280891,0.001367060074334533,-0.4192575829508452,-0.9858796783780905,-0.6998451934786717,1.0938842714989068,1.0913849017610004,0.8956307421457852,64.85595560338842,34.263153882176056,55.08497921574802,32794.590000000004,29706.4148,16954.20175
2021-01-29,33368.18,38531.9,31915.4,34252.2,231827.005626,0.0024159200000000002,0.0010461800000000005,0.001123245,0.0019301176666666664,0.0011878129763561263,0.0009700856315314907,0.0013701272479708945,1.6833450598830846,1.0099576024617893,0.9325535974277162,1.104186020131666,1.1020576281581929,0.8794411087942146,59.00653389396634,42.610541260147215,55.572571024226264,32630.661000000004,30026.366199999997,17079.249649999998
2021-01-30,34246.28,34933.0,32825.0,34262.88,84889.68134,0.00124836,0.0013623000000000003,0.0011330785714285716,0.0019216026666666669,0.0010015228231048954,0.0009706461792962576,0.0013736572343375237,0.3338173591188859,-0.07027881617356431,-0.04090541101137341,1.1037028691878545,1.0862959267988446,0.8678187374905448,67.07065529914009,44.62478044178136,52.52284911847878,32510.126,30350.8932,17204.2848
2021-01-31,34262.89,34342.69,32171.67,33092.98,68742.280384,0.00145295,0.0017057433333333338,0.0011844428571428573,0.0019421856666666667,0.000623480104280268,0.0009669142150591858,0.001361392686501541,0.33161639772482,0.20354662599104761,0.11385574285377302,1.1765595034714718,1.0501317274541522,0.8741314867143936,55.63842805162778,42.00829310160137,50.11152958876172,32734.411,30636.578999999998,17323.761700000003
2021-02-01,33092.97,34717.27,32296.16,33526.37,82718.276882,0.00118341,0.001294906666666667,0.001120225,0.001933092,0.00014066946020132725,0.0009319058843264769,0.0013656551844151577,-0.22551797799203815,-0.09084050335560576,-0.12221126250947767,0.9049092546377239,1.0397109518243415,0.8741690205186391,58.13906472122432,40.72951649810721,51.87137751182355,32792.531,30923.606599999996,17445.72495
2021-02-02,33517.09,35984.33,33418.0,35466.24,78056.65988,0.00203246,0.0015562733333333335,0.0010080957142857142,0.0018695713333333334,0.0004338528080274843,0.0006671082914826052,0.0013124635859033565,0.6824670976702399,0.8061176708458341,0.5688617635574312,0.639597634810869,0.9864541373589323,0.8727676817581587,65.71276454145666,48.81521209165879,51.84682250480557,33131.354999999996,31247.468600000004,17577.28455
2021-02-03,35472.71,37662.63,35362.38,37618.87,80784.333663,0.00233389,0.0018499200000000003,0.0010872114285714286,0.0017951193333333333,0.0005965665899964565,0.0007548782614522634,0.0012137858809695055,1.3460698075829658,1.1254008358709642,0.7954089541712696,0.7554559172421697,0.9998127176605749,0.880050795720249,87.80403898036585,55.46524073955089,51.05149114418113,33667.25199999999,31611.317399999996,17719.5275
2021-02-04,37620.26,38708.27,36161.95,36936.66,92080.735898,0.00165285,0.0020064,0.0011216835714285714,0.0017840783333333335,0.00034126707004925115,0.0007698327547601837,0.001213514219964375,-0.17101954102165726,0.42608908701340525,0.20313074279632473,0.8115662155000628,0.9646218025328316,0.8830656435103408,74.54501224569864,69.33492505906412,46.75174503146626,34135.49800000001,31923.3402,17858.16585
2021-02-05,36936.65,38310.12,36570.0,38290.24,66681.334275,0.00230627,0.0020976700000000003,0.0012649885714285714,0.0016988026666666667,0.0003854728789422165,0.0007915381669582665,0.0010711123444214212,0.831990638398834,1.0724611477053034,0.7322515359210364,0.6175775646851821,0.9714036389521566,0.8836608664220461,76.07791523404629,67.81895511948414,47.03172083982628,34717.745,32233.201799999995,18003.813149999998
2021-02-06,38289.32,40955.51,38215.94,39186.94,98757.311183,0.0020698,0.0020096400000000005,0.0013898442857142857,0.0016534956666666666,0.0003308380922747569,0.0007688569886397752,0.0010230719099399417,-0.03376287996388183,0.7337006372732858,0.5086185015950921,0.5991661585842446,0.9744056450140121,0.8726188235224706,78.53442401034106,73.65263045821061,48.84510329846389,35599.824,32554.792800000003,18152.79785
2021-02-07,39181.01,39700.0,37351.0,38795.69,84363.679763,0.00326873,0.002548266666666667,0.0015763564285714287,0.0016166356666666667,0.0006350433656320916,0.0008854286331368408,0.0009380427564466097,1.5884475969210272,1.830830512072368,1.4789962572188242,0.613792565328731,0.9728905774276009,0.8744131534534573,86.32470575045443,71.44689131497034,50.861513853040755,36142.907,32854.2744,18299.1855
2021-02-08,38795.69,46794.45,37988.89,46374.87,138597.536914,0.00366147,0.0030000000000000005,0.001763127857142857,0.0016464133333333334,0.0008291653676438744,0.0010292099732930235,0.0009886700595499868,1.2698534955925718,2.2116407319070728,1.7346842204621236,1.5210188176863035,1.2207978563774207,0.9626391303289002,92.84141424514519,80.95195091060121,62.96534679442186,37355.174,33312.6614,18483.0435
2021-02-09,46374.86,48142.19,44961.09,46420.42,115499.861712,0.00478857,0.003906256666666667,0.002081235714285714,0.0016996243333333334,0.0007889352258159952,0.0012237325320806536,0.0011102222864058792,1.430517281099562,2.543184725727156,2.4933688565847643,1.4590956146641856,1.2170377230866407,0.9608689853719775,91.80633687247146,80.81060443119796,65.08475584978095,38570.928,33786.6756,18667.456599999998
2021-02-10,46420.42,47310.0,43727.0,44807.58,97154.1822,0.0041206,0.004190213333333334,0.002354135714285714,0.0017631500000000002,0.0005667654846877459,0.0012219574873299634,0.001192213722184708,0.5297582372714844,1.72729086231515,1.8740780420001597,1.6208466966907982,1.033020698727889,0.9667387096369727,78.61449164139292,82.59352897444302,59.4628272070047,39742.388,34206.611399999994,18842.9924
2021-02-11,44807.58,48678.9,43994.02,47969.51,89561.081454,0.00333922,0.004082796666666667,0.002562464285714286,0.0018280153333333333,0.0007254141400836734,0.0011109029001029483,0.0012239109995581946,-0.7881210781544683,1.0385980162791237,1.2208216430654828,1.6453283690229992,1.0352463708746742,0.9757289241548713,86.67584600256363,82.72083451889407,60.846745795580674,41186.702000000005,34701.346399999995,19033.182249999998
2021-02-12,47968.66,48985.8,46125.0,47287.6,85870.035697,0.00359935,0.00368639,0.002646995,0.001912031,0.0003978952717738694,0.0011434424699984479,0.0012567809138439414,-0.5306038568150573,1.1179185697747516,1.3739648643686202,1.6576798291620831,1.0261281409404055,0.9781552303601633,81.3074486267964,79.47635677530135,63.53357077295073,42368.838,35172.5144,19214.47045
2021-02-13,47298.15,48150.0,46202.53,47153.69,63768.097399,0.0035755400000000003,0.0035047033333333332,0.002813222142857143,0.001958062,0.00014380639496675476,0.0010924976444275142,0.0012922753978088677,-0.532636277855776,0.9962903998120225,1.3095557431830112,0.7435396320507751,1.0289507769988926,0.9789935376630663,79.275379467415,78.98785015414497,64.5497467190784,43322.32,35621.3388,19395.70755
2021-02-14,47156.78,49707.43,47014.17,48577.79,73735.475533,0.00380722,0.003660703333333333,0.0029813842857142857,0.0020055373333333335,0.00012744441625012277,0.001047265916174214,0.0013339147104770698,0.40549624860104805,1.0583179404331702,1.433552791410365,0.7752089909023914,1.026187155933468,0.9595956395533699,83.4101351009768,84.42744357809165,66.09562857534843,44486.433000000005,36063.0268,19583.09385
2021-02-15,48580.47,49010.92,45570.79,47911.1,79398.156784,0.0022661,0.0032162866666666672,0.0030587192857142857,0.0020440510000000003,0.0008309993572400246,0.0009386220233566946,0.001323828919925078,-1.7216112478524446,-0.18187242534941278,0.2359697311550525,0.6782912588758531,1.035159492894125,0.9527688981693708,59.94075266631869,81.6532620965651,64.28965775500063,45448.519,36495.6156,19767.151299999998
2021-02-16,47911.1,50689.18,47003.62,49133.45,88813.266298,0.00364964,0.003240986666666667,0.0031742321428571427,0.002141244,0.0008479450888668051,0.000901380181987415,0.0013313340764024419,0.4293869194614939,0.8569198567397455,1.2569638098671734,0.4062939632520498,0.959540079851155,0.9532902822752592,65.2353564180354,81.05502291996288,66.57271843464092,46443.17,36936.6964,19956.14125
2021-02-17,49133.45,52618.74,48947.0,52119.71,85743.637818,0.00344614,0.0031206266666666672,0.0032536785714285714,0.0021867,0.0007470039695566107,0.0008700891067440851,0.0013523717714827702,0.15698620073865485,0.6113756986149644,1.0662280155843296,0.5493389828007648,0.9211654349547512,0.9591869554320376,85.57469726528657,81.74653632512374,69.58348857601541,47775.572,37431.3906,20157.73395
2021-02-18,52117.67,52530.0,50901.9,51552.6,60758.046954,0.0041239399999999996,0.003739906666666667,0.003430185,0.002204089,0.0003477991709785031,0.0007646142952319626,0.0013743758698088221,0.9355625714983791,1.1425941219640758,1.517426138759595,0.5827048349059093,0.9317441952828037,0.958415368290676,73.32033380497172,82.1606047697121,76.91212536485719,48293.345,37884.9318,20360.1402
2021-02-19,51552.61,56368.0,50710.2,55906.0,79659.77802,0.00304572,0.0035386000000000007,0.003483002857142858,0.0022647373333333333,0.0005450240644228476,0.000704154021104301,0.0013698757563494655,-0.37265410008359134,0.05940507181201913,0.6923749273197775,0.8020995585665167,0.961617115866683,0.9660628737698789,87.95374596390805,84.24102307723548,78.19254962678838,49241.903000000006,38424.57920000001,20583.57115
2021-02-20,55906.0,57700.46,53863.93,55841.19,80948.205314,0.00395318,0.0037076133333333334,0.00361753,0.002357502,0.0005795401909560147,0.0005828567584024207,0.0013873192180664654,0.7278358268106935,0.8811172214092421,1.3219100329355835,0.7471367307228107,0.9321363652792227,0.963515130808463,88.49231527232736,83.45397124857263,79.76419302142853,50345.264,38954.7692,20806.81725
2021-02-21,55841.19,58352.8,55477.59,57408.57,58166.708511,0.0032519899999999997,0.0034169633333333334,0.0036163342857142857,0.0024559016666666667,0.00047569219400084084,0.0005836439935665978,0.001340243200290421,-0.6793122476989295,0.04441772410766881,0.773401636991775,0.7457844538615425,0.9302660147196271,0.9591135042508387,88.63659432971104,85.70142346269328,80.44296309100362,51289.17,39459.374,21035.135550000003
2021-02-22,57412.35,57508.47,47622.0,54087.67,134019.434944,0.00286695,0.0033573733333333335,0.0035595828571428575,0.0025407393333333333,0.0005507296418691602,0.0006166144210922207,0.0012796825646739785,-1.0400448363811774,-0.4874153783778913,0.4600725150285559,0.9897517196555994,0.9897597193581051,0.9764666946924201,71.93040012895345,67.68249458712748,74.46613911276978,51969.177,39881.1264,21246.7616
2021-02-23,54087.67,54183.59,44892.56,48891.0,169375.025051,0.00067848,0.0022658066666666667,0.0032660049999999998,0.0025414366666666665,0.001388080837139297,0.0008998498309397531,0.00127862624770745,-1.6861270407637625,-2.578934736143739,-1.2083851933347076,1.3687778664223864,1.1018331702021251,1.014103298329523,49.32863623298417,54.58189201439169,66.55471749920548,52142.908,40219.1722,21433.245450000002
2021-02-24,48891.0,51374.99,46988.69,49676.2,91881.209252,0.0009908,0.0015120766666666668,0.0030424478571428573,0.0025395743333333333,0.0011837006621749138,0.0010478190672291168,0.0012809171013330519,-0.9428016660472087,-2.084085598706734,-0.9878502653030826,1.045727002365671,1.0927564801909657,1.0036289094640196,42.29442583537229,59.31521600206626,69.99530924306517,52252.748999999996,40533.7056,21622.8194
2021-02-25,49676.21,52041.73,46674.34,47073.73,83310.673121,0.00070006,0.0007897800000000003,0.0028539364285714284,0.002551741,0.0001744224882289973,0.0012144710059598083,0.0012608316726705857,-0.7938416114709252,-2.043418933543426,-1.198214801095151,1.0392341536959362,1.126158317922276,1.0151381794696768,37.48277748991935,48.24859344718965,64.31281048882059,52169.012,40739.793,21799.779649999997
2021-02-26,47073.73,48424.11,44106.78,46276.87,109423.200663,0.00030000000000000003,0.0006636200000000003,0.0026182685714285715,0.002551741,0.0003468386731608723,0.0013689866229714305,0.0012608316726705857,-0.7962381050649323,-2.064261845726773,-1.4652962778407246,0.8491899328659985,1.130460703223956,1.015970288062904,16.412253414713135,48.03268905341549,62.57817774284134,51883.354,40876.6848,21971.699399999998
2021-02-27,46276.88,48394.0,45000.0,46106.43,66060.834292,0.0008477199999999999,0.0006159266666666669,0.002423424285714286,0.002565911,0.00028338686090453733,0.001415588770597505,0.0012382650037558794,0.558750865254009,-1.455956022091039,-1.042716227751343,0.8838137320985495,1.1288060649369671,1.016427899380282,16.292195524628127,47.96448074686109,62.34745198499454,51282.026,40987.1572,22145.271149999997
2021-02-28,46103.67,46638.46,43000.0,45135.66,83055.369042,0.00057706,0.000574926666666667,0.0021926985714285714,0.0025046156666666667,0.00027386623182372715,0.0014357919256839896,0.0012903624701895492,-0.4008292662004055,-1.4607934401505724,-1.214189460756334,0.4898775535572803,0.8361153537252627,1.0128971252868078,5.672053865729779,43.1896486569133,62.60740078173249,50640.332,41088.106,22313.1278
2021-03-01,45134.11,49790.0,44950.53,49587.03,85086.111648,0.00036921,0.000597996666666667,0.0020572064285714286,0.002475310666666667,0.00023994106158248016,0.0015156158689741482,0.0013292730629439922,-0.8340563355073369,-1.450623606093381,-1.3362635573256996,1.0679811741092127,0.9303446920367207,1.0350276335747597,34.97159701825292,52.883966438587215,65.50905262702159,50008.435,41316.8462,22502.162949999998
2021-03-02,49595.76,50200.0,47047.6,48440.65,64221.06214,0.00030000000000000003,0.00041542333333333364,0.0018179464285714285,0.0024368790000000003,0.0001441954057289174,0.0015092709369993443,0.0013757065241098018,-0.7594263065146513,-1.3451316658136785,-1.369557627276197,0.9546661485092722,0.9221569183551318,1.038010508912078,47.93861668752079,48.804693716565126,62.723789517863146,49268.381,41577.5698,22685.5635
2021-03-03,48436.61,52640.0,48100.71,50349.37,81035.913705,0.00065078,0.000439996666666667,0.001618277857142857,0.0024191246666666667,0.00018579482294543936,0.0014614482154734186,0.001395732330172162,0.4615085696435379,-1.001868054746146,-1.0967306404871071,0.9519469574680399,0.8906906291198101,1.0192712235707024,52.793929780083474,46.827629658723325,62.54460402191652,48562.460999999996,41903.5324,22878.04835
2021-03-04,50349.37,51773.88,47500.0,48374.09,82649.716829,0.00030000000000000003,0.00041692666666666694,0.0013451392857142855,0.0023613759999999997,0.00020252292742632154,0.0013062232625248222,0.0014471747257724203,-0.8506453063209786,-1.115888806611987,-1.3042371049210142,1.0671827695691984,0.9065971877577027,1.0249259992172695,55.69343474765458,44.57789233606001,60.990340740600786,47991.103,42123.5866,23060.3638
2021-03-05,48374.09,49448.93,46300.0,48751.71,78192.496372,0.00030000000000000003,0.00041692666666666694,0.0011490164285714287,0.0022935796666666663,0.00020252292742632154,0.0012354598228290258,0.0014953462425632928,-0.5521571218614969,-1.0100777037620374,-1.2700278749614844,1.018209312673229,0.9068375185334537,1.0206025654812074,61.24867961507092,35.88054724575059,60.244682278305405,47977.174,42315.7308,23242.7167
2021-03-06,48746.81,49200.0,47070.0,48882.2,44399.234242,0.00030000000000000003,0.00030000000000000003,0.000888075,0.002248484666666667,0.0,0.0009505837159082852,0.0015352026686396027,-0.44718508942046925,-0.917867363829415,-1.2331279362203644,0.5786178687027035,0.8980610775504682,1.0121177229148408,62.662456446386386,36.30149740851867,59.63899909010752,47897.774,42558.5304,23427.40265
2021-03-07,48882.2,51450.03,48882.2,50971.75,55235.028032,0.00037606,0.00032535333333333366,0.0006826514285714286,0.0021841443333333334,4.391326147448931e-05,0.0006696844052107095,0.001572687293960252,-0.06124034973472041,-0.7914487634538981,-1.1541809849934204,0.6333679414369591,0.9126106866271773,0.9992693335054316,74.15718151796717,37.58459760395311,61.70997039053611,48287.576,42858.065800000004,23623.488449999997
2021-03-08,50959.11,52402.78,49274.67,52375.17,66987.359664,0.00044757,0.0003745433333333336,0.0005098385714285714,0.0021300699999999995,7.379668985345478e-05,0.00023141815170005258,0.0016043250723547908,1.551964336971409,-0.6655208183349595,-1.0654538084296943,0.5925608494677822,0.9135644079097567,0.9876994564680041,65.43571028382499,46.43307044628318,56.54848979730472,48897.406,43188.997,23826.09655
2021-03-09,52375.18,54895.0,51789.41,54884.5,71656.737076,0.00171433,0.000845986666666667,0.0005838278571428571,0.0020782566666666664,0.0007528569109952623,0.0003963219903675617,0.0015913306479545782,1.7797702717253676,0.30651084999971756,-0.10116501182077815,0.37715738940684873,0.9006379168439923,0.9914094372544294,80.99670880790183,64.05743530084627,58.765951312142704,49775.213,43554.0616,24042.86235
2021-03-10,54874.67,57387.69,53005.0,55851.59,84749.238943,0.00129845,0.0011534500000000003,0.0006058028571428571,0.0019994893333333333,0.0006457081185799012,0.0004278948858958572,0.001568582370046351,0.737029673893431,0.11635616827224292,-0.3997490424718128,0.34379169521193353,0.9006189260809957,0.9909127561945932,79.10371340493951,64.36151236825614,61.5929574002203,50846.806,43953.263600000006,24263.8055
2021-03-11,55851.59,58150.0,54272.82,57773.16,81914.812859,0.0028067500000000002,0.001939843333333334,0.0007562807142857144,0.0019334286666666666,0.0007790278686499802,0.0007284597108173313,0.0014866630924756266,1.4747574339498366,1.4505057879238739,0.7581015582488604,0.2228046865961097,0.8437805182975778,0.9835522574977323,99.99999999999255,75.69644683265506,60.5660883707409,51665.419,44399.362199999996,24494.43065
2021-03-12,57773.15,58081.51,54962.84,57221.72,73405.406047,0.00220348,0.0021028933333333334,0.0008922435714285714,0.0018695246666666665,0.0007591643304537769,0.0008098379351983131,0.0014295109485673839,0.5687478278575869,1.1757172859135148,0.29640425221839517,0.40455306625482423,0.8450861267337948,0.9630297039703845,94.23956610803361,76.59942634858838,60.736900901349024,52543.526,44926.794,24721.798250000003
2021-03-13,57221.72,61844.0,56078.23,61188.39,83245.091346,0.0016551500000000002,0.002221793333333334,0.0009499171428571429,0.0018133889999999999,0.0005760183795968072,0.0008347898747720779,0.0014026202172691179,-0.48026728132740704,0.8025541406396495,-0.12684726110488662,0.5558525539673064,0.8845422719586087,0.9665240889464083,95.88755968907111,80.94408220043277,64.00826919767424,53627.428,45491.65840000001,24971.148100000002
2021-03-14,61188.38,61724.79,58966.78,58968.31,52601.05275,0.0028149,0.0022245100000000003,0.0011097628571428572,0.0017872406666666666,0.0005801609356893982,0.0009624005735053982,0.0013752218162447107,0.9702426285425457,2.20892191501156,0.7381691330704366,0.7623567653793977,0.8585917051047445,0.9502822750823062,79.53026677301723,76.99684726302428,60.208739107944915,54686.85,46029.4646,25208.6825
2021-03-15,58976.08,60633.43,54600.0,55605.2,102771.427298,0.00202996,0.0021666700000000003,0.0012283878571428572,0.0017357213333333331,0.0005918380130576253,0.0009664419680630177,0.0013342579907476746,-0.5388128830057854,1.1424682363019878,0.1400587159331577,0.9806447024126488,0.773739601077571,0.9590731583980183,60.41992891287004,62.26658377750018,57.179108115176255,55372.199,46496.370599999995,25430.0566
2021-03-16,55605.2,56938.29,53271.34,56900.75,77986.694355,0.00099108,0.0019453133333333338,0.0012777507142857146,0.0016418499999999998,0.0009148517047769712,0.00093242563455558,0.0012815146798168977,-1.4033896966096824,-0.06761313532007279,-0.6357012684958567,0.9496264147736064,0.7760048454654395,0.9440698224246691,57.05697591475278,67.13964226788035,57.23752206953343,56174.054000000004,46989.3016,25656.9258
2021-03-17,56900.74,58974.73,54123.69,58912.97,70421.620841,0.00079176,0.0012709333333333335,0.0012878207142857144,0.0015927053333333332,0.0006648482730167299,0.0009258718702221618,0.0012850147639128597,-1.0581161734406717,-0.30572977139359814,-0.7816842976607383,0.996165604810845,0.734250396236028,0.9438350940088992,59.984514671269956,67.27687300622372,56.44694311001315,56968.176,47518.20560000001,25894.16145
2021-03-18,58912.97,60129.97,57023.0,57648.16,66580.406675,0.00092071,0.0009011833333333335,0.0013321571428571428,0.001501741,0.00010108453706342537,0.0008890601696902592,0.0012297881450249034,-0.6684235797980141,-0.1954856094021628,-0.6871244628201313,0.7589935449155201,0.7379346360976922,0.9462082690217002,49.57407311494747,69.26242940727676,55.709206572802216,57495.475,48063.8458,26123.84645
2021-03-19,57641.0,59468.0,56270.74,58030.01,52392.652961,0.00078153,0.0008313333333333337,0.001366552142857143,0.0014129206666666668,7.757128742857617e-05,0.0008547083833698774,0.001179718441461215,-0.6115723799466505,-0.35692948104134725,-0.7730064038446753,0.7180147269939906,0.7353077681157917,0.9455387522214199,52.786382511654345,69.26782953817278,52.14928342377728,57810.026,48557.148799999995,26355.748949999994
2021-03-20,58030.01,59880.0,57820.17,58102.28,44476.941776,0.00142668,0.0010429733333333338,0.0014470292857142858,0.001323012,0.0003395082806550195,0.0007977011859227297,0.0010629884496060446,1.6854953457360073,0.3626454758138617,-0.2598059322184839,0.4129097920999842,0.7221968402789203,0.9430673930718826,35.45644676806029,69.19333726355775,52.28764914908815,58035.094999999994,49034.1504,26586.6505
2021-03-21,58100.02,58589.1,55450.11,57351.56,48564.470274,0.00083741,0.0010152066666666672,0.0014799828571428573,0.0012494016666666668,0.00035744002522566974,0.0007586278452516824,0.0010149557641085285,-0.4211273005002004,-0.3784117233841171,-0.7072556278480094,0.4142495343955802,0.6291240720437464,0.943220601798322,41.15614740063991,64.06475624257489,49.94135117590553,57992.935,49495.924000000006,26816.4656
2021-03-22,57351.56,58430.73,53650.0,54083.25,62581.626169,0.00146458,0.0012428900000000002,0.0015526264285714287,0.0011664483333333334,0.00035166692380716547,0.0006984704388063001,0.000878936811973395,1.1393191778181246,0.3251241476314083,-0.2290079283904379,0.49311454677628697,0.6782996262225636,0.8842497596068803,41.58746723591915,53.4794838219698,49.99544801613545,57679.088,49915.729400000004,27036.177600000003
2021-03-23,54083.25,55830.9,53000.0,54340.89,59789.365427,0.00093074,0.001077576666666667,0.0014966557142857145,0.0010890733333333335,0.00033838780597611316,0.0007156991736725748,0.0007863015855577147,-0.4758100744070314,-0.36612712306139655,-0.6529696568183131,0.5215992322490737,0.6617423479462903,0.8729282044659762,34.016498872349274,48.78077882487415,56.24826449517343,56994.338,50332.0198,27255.6508
2021-03-24,54342.8,57200.0,51700.0,52303.65,83537.465021,0.0009644300000000001,0.001119916666666667,0.0014727971428571429,0.001025656,0.0002989621448165766,0.0007282718458676803,0.0007110912714519663,-0.5400571732775279,-0.3786093386587671,-0.6399205289524217,0.5177189274548497,0.6594791344002376,0.8762484465848246,8.860627125648392,42.40708147929764,52.9282863241991,56327.871999999996,50668.768,27466.335600000002
2021-03-25,52303.66,53287.0,50427.56,51293.78,87400.534538,0.00031828,0.0007378166666666669,0.0012950492857142857,0.0010136493333333335,0.00036371969294131764,0.0006797113560064068,0.0007201388257634467,-1.433039421243736,-1.230149704168391,-1.1353666622419902,0.4648360675414305,0.666656542793473,0.8788831442072333,9.151056197687438,35.57045365667889,54.876340024313144,55896.73,50942.26619999999,27671.523499999996
2021-03-26,51293.78,55073.46,51214.6,55025.59,63813.774692,0.00036,0.0005475700000000004,0.0011633721428571428,0.0009926226666666668,0.00036161351509587193,0.0006686625273942091,0.0007299709408573014,-0.9378191124662547,-1.1852336339772078,-1.085858805168388,0.9502136865834041,0.7266784680350551,0.8920221042471198,36.50045920778784,45.71606361541797,59.467160055418226,55709.214,51304.0448,27894.784249999997
2021-03-27,55025.59,56700.36,53950.0,55817.14,50105.475055,0.00030000000000000003,0.0003260933333333336,0.0010665757142857143,0.0009792873333333333,3.075363609924705e-05,0.0006897500549609868,0.0007390970252994114,-0.8047948213357776,-1.2515149173712588,-1.1311621002656667,0.7877006248655452,0.7098326454264053,0.8921006739578531,40.355731425472456,38.041049951838986,60.36876800920822,55399.630999999994,51654.5828,28123.236699999998
2021-03-28,55817.14,56559.75,54691.84,55777.63,39050.387511,0.00030000000000000003,0.00032000000000000035,0.0008869400000000001,0.0009792873333333333,3.464101615125566e-05,0.0005010797155988445,0.0007390970252994114,-0.5132056861882845,-1.2275103823172162,-1.1311621002656667,0.7900648221739587,0.7027202112773925,0.8719475262725789,42.933100333781724,42.13205855459686,61.593704128094274,55212.578,51986.3966,28351.028850000002
2021-03-29,55777.65,58405.82,54800.01,57635.47,67857.937398,0.00038171,0.000327236666666667,0.0007692078571428571,0.0009637536666666668,4.7175290495395074e-05,0.00039406774954761317,0.000746814333975267,1.3413297591780673,-1.0154070227865228,-1.0669670935860553,0.6552807518591987,0.6883853037356213,0.8481617575008301,68.26247807301168,55.40794163821913,59.29339424515008,55173.123999999996,52363.1922,28587.52185
2021-03-30,57635.46,59368.0,57071.35,58746.57,55122.443122,0.00142785,0.0007031866666666669,0.0008004057142857144,0.0009921133333333334,0.0006289052719077224,0.0004287475519143302,0.0007477770073165304,1.7839139945394764,0.30827187873502215,-0.24765932365874793,0.5138713599223725,0.6891023304105648,0.8474508554199028,70.8229195418767,54.965421585491754,61.90977071028423,55237.553,52610.6262,28829.31525
2021-03-31,58746.57,59800.0,56769.0,58740.55,60975.542666,0.00210057,0.0013033766666666672,0.0008938921428571429,0.0010498253333333335,0.0008661640335025049,0.0005517604323670081,0.0007646655906082291,1.456486379407822,1.3140910834296864,0.26135442876611614,0.2683246603790981,0.6745882064100535,0.847477717517084,87.65281888694486,49.48005312251174,60.14310525394163,55376.452000000005,52857.0288,29070.8134
2021-04-01,58739.46,59490.0,57935.45,58720.44,47415.61722,0.00256456,0.0020309933333333336,0.00101131,0.0011253106666666668,0.000571540103958883,0.0007100979899010711,0.0007990928587831095,1.1970272439947571,1.850030421505181,0.6041910356887324,0.2904582309746902,0.6729987202387722,0.8407178353634965,99.13150937953075,53.49599369841659,63.126957209288165,55840.170999999995,53135.28599999999,29312.75145
2021-04-02,58720.45,60200.0,58428.57,58950.01,47382.418781,0.00279249,0.002485873333333334,0.00115495,0.001196701,0.00035260745203885346,0.0008497084598668142,0.0008493271717775528,0.963985280889275,1.8833156081133517,0.7569129891596045,0.2771090589435017,0.6051695021251255,0.8407865619961477,98.38153709592208,53.02959253297157,62.98791107859464,56301.083000000006,53354.89600000001,29554.14265
2021-04-03,58950.01,59791.72,56880.0,57051.94,47409.852113,0.0027242300000000002,0.0026937600000000003,0.001247632142857143,0.0012775086666666666,0.00011698007052485322,0.0009468409369719006,0.0008759766665438051,0.7082378185498183,1.826316639260413,0.6928674138203883,0.36127460483864027,0.600710985830935,0.8387571224322182,61.95997071026744,46.91246466650917,59.956220483798326,56775.912,53550.1828,29785.475799999997
2021-04-04,57051.95,58492.85,56388.0,58202.01,41314.081973,0.00127106,0.002262593333333334,0.0012786071428571427,0.0013098773333333335,0.0008593710608540015,0.000939453000760211,0.0008563314892305534,-1.6167588607798928,0.11053718560133015,-0.4063399919615673,0.3659268607933494,0.5489138760316012,0.8295547510998341,69.32460567721995,52.44259913571578,59.01779647402705,57466.735,53771.1492,30021.7158
2021-04-05,58202.01,59272.0,56777.77,59129.99,54258.01579,0.0012009,0.0017320633333333339,0.0012597728571428573,0.0013399073333333334,0.0008599573403566776,0.000938079933460066,0.000835232256936433,-1.1327596929285926,0.009906103013548658,-0.4535394363627778,0.3968879360668127,0.544523032346238,0.8273127447189754,63.985985191609686,66.74612665727216,58.52592809503441,57877.175,53982.1932,30262.665799999995
2021-04-06,59129.99,59495.24,57413.02,57991.15,54201.000727,0.00238701,0.001619656666666667,0.001363792142857143,0.001406939,0.0006654727342523737,0.0009786506523008624,0.0008359054506480409,0.39897819444484883,1.3318402182873865,0.4519429175375091,0.43585342691699597,0.5308004938477933,0.8269432599513273,42.967158598751354,61.44312264021462,54.0617332729086,58094.576,54183.7942,30497.9546
2021-04-07,57990.03,58655.0,55473.0,55953.45,71228.405659,0.00165018,0.0017460300000000006,0.0014127742857142857,0.0014470260000000001,0.000598836079323881,0.0009742760890229013,0.0008169321929638288,-0.28900476039739686,0.40766909805747575,-0.10575729122182548,0.5084432303081832,0.5446692227565428,0.832539025567626,31.174196267663717,61.44135061729712,50.12954830805941,58112.157999999996,54320.194200000005,30722.3186
2021-04-08,55953.44,58153.31,55700.0,58077.52,44283.147019,0.0009195200000000001,0.001652236666666667,0.00145572,0.0014205323333333333,0.0007337471617889439,0.000934770314733889,0.0008208431693111137,-0.9981311198055289,-0.4764614744100255,-0.6391412833623717,0.5756103020132625,0.5686386080172623,0.8350940824757644,46.618453025884634,69.87706455136016,50.385109634013205,58156.363,54439.35039999999,30958.1048
2021-04-09,58077.52,58894.9,57654.0,58142.54,40831.884911,0.00067697,0.0010822233333333338,0.0014783607142857143,0.0013998163333333335,0.0005065952102352815,0.0009096920380797042,0.0008317996280872534,-1.0215442488241142,-0.7129240121924824,-0.798360345264205,0.5485155739281384,0.5686337498482308,0.715472791824837,45.67816522599813,61.63262411876244,51.17964314263679,58095.96,54571.1492,31196.731399999997
2021-04-10,58142.55,61500.0,57900.01,59769.13,69906.424117,0.00281235,0.0014696133333333338,0.0016578142857142859,0.0014000030000000001,0.0011691509494643239,0.0009071577809986391,0.0008321268137156041,1.2241728599641148,1.589028140970828,0.9356969023619897,0.5877204313430675,0.5771337137497181,0.7178378564100805,64.97855080388504,63.883691469300906,48.065850956890834,58198.81800000001,54648.41180000001,31442.929
2021-04-11,59769.13,60699.0,59232.52,60002.43,41156.715391,0.0029216,0.002136973333333334,0.0018450714285714286,0.0014239403333333336,0.0012655793893048871,0.0008753346387161109,0.0008656890469067798,1.0802756575142978,1.5216390299247375,1.06860698720833,0.5414634017612904,0.5084416032942635,0.7109458501705596,61.040780033109364,64.6427214777413,51.48996880361192,58327.01700000001,54731.6366,31691.733850000004
2021-04-12,59998.8,61300.0,59350.59,59860.0,56375.037117,0.00294494,0.0028929633333333337,0.002028159285714286,0.0014669333333333335,7.078185525495044e-05,0.0008114435096832945,0.0009085349781030901,0.7727043155131005,1.3750668069615504,1.1014568527229236,0.33916635540125173,0.5094713488174606,0.6931449721081212,54.95395598503812,58.75050252263753,56.75749935041866,58418.016,54780.665199999996,31937.35225
2021-04-13,59860.01,63777.77,59805.15,63575.0,82848.688746,0.0029667,0.0029444133333333344,0.0021380771428571427,0.0014719933333333334,2.2554612240799763e-05,0.0008279291934461783,0.0009166873681842172,0.5016670979614396,1.2518239935741355,1.1432167891180265,0.503018381375471,0.5230346834078874,0.7054320723193167,78.07616770127694,65.76396511341065,59.84358808795929,59070.322,54970.411799999994,32201.7939
2021-04-14,63575.01,64854.0,61301.0,62959.53,82616.343993,0.0030386099999999997,0.002983416666666667,0.00220508,0.0015056149999999999,4.902144870699872e-05,0.0008619195492798437,0.0009555320721037918,1.2375377049007208,1.197145894056454,1.2261496247423684,0.5433315303572007,0.5141275474498297,0.7061061486448518,91.10642252647727,63.247053858833354,56.2245652636673,59546.074,55251.782400000004,32462.94855
2021-04-15,62959.53,63800.0,62020.0,63159.98,51649.70034,0.00268741,0.0028975733333333337,0.0022138550000000002,0.0015621593333333332,0.00018552420875274684,0.0008664741716755143,0.0009740455981429256,-1.6887924254056041,0.7784790009122792,0.9611751752191044,0.5354530885850987,0.43800724012604436,0.703336969058908,88.51363844406525,63.78348740977157,58.76550552791426,59949.073,55521.458,32724.877200000003
2021-04-16,63158.74,63520.61,60000.0,61334.8,91764.139884,0.00345188,0.0030593000000000005,0.0022609542857142855,0.00165083,0.00038265474294721564,0.0009168062462761629,0.0010214228487414184,1.5691369954624816,1.4057557283670286,1.5897017886989144,0.6407468835900746,0.4627884119396663,0.7068489763775386,69.09607318128924,56.736630213151656,55.024962192544635,60283.438,55806.67939999999,32978.0706
2021-04-17,61334.81,62506.05,59580.91,60006.66,58912.256128,0.0019648499999999998,0.00270138,0.002206712857142857,0.0016856346666666668,0.000743613425040188,0.0009097252973493494,0.001013444567378939,-1.553465785807772,-0.1994930834081554,0.3310751186132486,0.6800488367546502,0.476209308324587,0.7077030488733532,51.473516650801955,58.6242808040003,52.78910707799307,60688.759,56081.275200000004,33223.9015
2021-04-18,60006.67,60499.0,50931.3,56150.01,124882.131824,0.0015007199999999999,0.002305816666666667,0.002223117142857143,0.0017096076666666667,0.0010192889861238234,0.000893481253442257,0.0009997339971580831,-1.2971367277493973,-0.858509242308557,-0.05532117316726332,0.502920945625056,0.5435058446607844,0.7142509817489018,33.51316235453422,44.827800020363,48.38698764656765,60496.007999999994,56282.146799999995,33450.768599999996
2021-04-19,56150.01,57526.81,54221.58,55633.14,78229.042267,0.00030000000000000003,0.0012551900000000004,0.0021587671428571426,0.0016720516666666667,0.000859153720995257,0.0009989799603859664,0.0010313901900935768,-1.4057867253785237,-2.037192653714118,-1.1370266120885764,0.5042529645990126,0.5365109741101227,0.71408455749635,32.47244927747586,40.99942807752935,52.24660224403234,60245.06800000001,56492.096399999995,33675.838650000005
2021-04-20,55633.14,57076.24,53329.96,56425.0,72744.482151,0.00030000000000000003,0.0007002400000000005,0.0020096949999999997,0.0016541379999999999,0.0006932360152213637,0.0011116618859565448,0.0010508695591989687,-0.9159257531867102,-1.7630995809760215,-1.1027856274543408,0.5646694016354454,0.5412722298214945,0.6863552431513911,10.863177669130494,45.89556013424036,52.9748937359482,59910.655000000006,56628.8558,33905.11165
2021-04-21,56425.0,56757.91,53536.02,53787.63,66984.756909,0.00030000000000000003,0.00030000000000000003,0.0019132535714285715,0.0016153186666666667,0.0,0.001200284921390348,0.0010792402716014804,-0.7148277491883537,-1.547338118028319,-1.0889946645738535,0.6057041880078293,0.5754574577814213,0.6965019755701743,8.894440201782828,44.496961135048466,52.082577850724135,59289.175,56735.7954,34121.3395
2021-04-22,53787.62,55521.48,50500.0,51690.96,104656.631337,0.00030000000000000003,0.00030000000000000003,0.0018690021428571428,0.001594294,0.0,0.0012501248132282242,0.0010989992547661498,-0.4472052673187206,-1.3774228329401643,-1.0617973311955116,0.6131383234652942,0.593327776343168,0.6994029863225536,6.06661896276151,33.750038165994255,50.54089255578497,58472.27099999999,56762.627199999995,34326.46115
2021-04-23,51690.95,52131.85,47500.0,51125.14,132230.780719,0.00067618,0.0004253933333333339,0.0018689457142857142,0.0015846856666666667,0.0002171876242637404,0.0012501827750294038,0.0011059340965857416,1.7887480562449758,-0.937204480944698,-0.6525165618675479,0.4796177642278801,0.5820813786597093,0.684657397606912,6.714444883485086,32.588652130328526,44.18697884453084,57227.284999999996,56817.6482,34528.1258
2021-04-24,51110.56,51166.22,48657.14,50047.84,55361.512573,0.00054432,0.000506833333333334,0.0017069435714285714,0.0015922203333333335,0.0001908711233616229,0.0012653864274272245,0.0010977483353554894,0.6822161035191666,-0.999226795565169,-0.7856581900903539,0.4687602772046798,0.5740665604317351,0.6393030884178199,6.860361757463721,25.203966226772238,41.47436086891928,55936.116,56843.5708,34725.3667
2021-04-25,50047.84,50567.91,46930.0,49066.77,58255.645004,0.00070258,0.0006410266666666673,0.001548442142857143,0.0016036396666666666,8.478428234837043e-05,0.0012402628332933722,0.0010862093492746278,1.0090769796984187,-0.825735446715775,-0.6153200962263066,0.29194653494191963,0.5663295145080975,0.6400026390726727,9.136536917211302,23.13142620150522,40.35146086904188,54526.795000000006,56847.2622,34917.3686
2021-04-26,49066.76,54356.62,48753.44,54001.39,86310.802124,0.00030000000000000003,0.0005156333333333339,0.001359517857142857,0.0016036396666666666,0.00020281730136585455,0.001212308121605412,0.0010862093492746278,-1.042984054060187,-1.0626274467634678,-1.0185317955576731,1.0344668359112679,0.720015206199563,0.6682603290150828,43.76466883866508,38.34917571741942,45.19978950337998,53793.45399999999,56907.855,35132.7477
2021-04-27,54001.38,55460.0,53222.0,55011.97,54064.034675,0.00030000000000000003,0.00043419333333333384,0.0011690392857142858,0.0016036396666666668,0.0002324296713703473,0.001148161647862587,0.0010862093492746278,-1.042984054060187,-0.9783354639543482,-1.0185317955576731,0.941679077969758,0.7106683389801332,0.6676498037895041,44.6892267633211,30.918506732980674,45.05387941880564,53293.985,56960.59100000001,35352.55435
2021-04-28,55011.97,56428.0,53813.16,54846.22,55130.459015,0.00030000000000000003,0.00030000000000000003,0.0009734242857142857,0.0016009160000000002,0.0,0.0010326142564587044,0.0010894765190696582,-0.6963520011645687,-0.934923518707665,-1.0021771155933261,0.92585844051988,0.6896993842951709,0.6676109223972085,54.886487115261595,31.550872667453888,44.86406216410857,53163.60599999999,56959.8254,35570.31935
2021-04-29,54846.23,55195.84,52330.94,53555.0,52486.019455,0.00030000000000000003,0.00030000000000000003,0.000802895,0.001563321,0.0,0.0009186289345520089,0.0011148193383941577,-0.44718875709618194,-0.9083181535280458,-0.9933888347534467,0.934870355264677,0.6951433231636008,0.6682100675588409,59.29569654390611,29.191172966015117,43.408681067564345,52955.791999999994,56913.893599999996,35781.24925
2021-04-30,53555.0,57963.0,53013.01,57694.27,68578.910045,0.00030000000000000003,0.00030000000000000003,0.0005777607142857142,0.001503302,0.0,0.0005186234850724438,0.0011332151028528494,0.0,-0.8207006956754661,-0.9910862823493546,0.9741099714720605,0.7618168361774572,0.653235265756796,74.15155064665962,42.83168046235781,48.54300059219944,53082.719,56912.315800000004,36012.07935
2021-05-01,57697.25,58458.07,56956.14,57800.37,42600.351836,0.0005370500000000001,0.00037901666666666727,0.000475775,0.0014357183333333333,0.00013686088131137955,0.0003315046841936237,0.001128188438582979,1.7886856571436276,-0.5526110440466673,-0.7572203738816177,0.7111339890670588,0.761573635022083,0.6499994350477812,80.69431235899624,45.43610874947763,50.90605909389145,53483.992999999995,56923.8888,36243.9784
2021-05-02,57797.35,57911.02,56035.25,56578.21,36812.878863,0.00106387,0.0006336400000000005,0.0004445714285714286,0.0013780976666666668,0.00039098793498008975,0.00023375724080459636,0.0011003025136742247,1.7008370523172451,-0.02534295159393218,-0.22837391530106307,0.7654986359182334,0.7661259837162965,0.646451768850208,79.18265383031029,50.99411886522462,48.03763183565572,53972.71800000001,56831.68519999999,36469.78
2021-05-03,56578.21,58981.44,56435.0,57169.39,57649.931286,0.00143808,0.0010130000000000007,0.0005258628571428571,0.001335226,0.0004526638740831834,0.000349064029137018,0.0010707021423881082,1.4066382155726511,0.4182738909416922,0.13574173161209824,0.7602570433455584,0.7152606652316539,0.638110125320802,68.57789933686655,53.554329120808774,47.611161526708955,54577.143,56795.70680000001,36698.10135
2021-05-04,57169.39,57200.0,53046.69,53200.01,85324.625903,0.0012957099999999998,0.001265886666666667,0.0005969850000000001,0.0013360476666666665,0.0001888792059315432,0.00039757221094945355,0.0010706606603391282,0.7523087745272672,0.41033711744775686,-0.0283500045473989,1.0145516182129302,0.769961170072948,0.664030623957172,42.111665067485106,43.494984970844904,44.53904304854229,54892.36,56747.602999999996,36907.5048
2021-05-05,53205.05,58069.82,52900.0,57436.11,77263.923439,0.00098893,0.0012409066666666674,0.0006461942857142857,0.001328982,0.0002295353668464409,0.0004006097907270608,0.001072281507551652,-0.2195056863078917,0.18327937896064775,-0.36257774625728606,1.0293742164139565,0.8508758434958706,0.689427654948275,58.324724324203544,56.91334668828018,51.60929126754086,55729.29400000001,56758.31019999999,37137.88435
2021-05-06,57436.11,58360.0,55200.0,56393.68,70181.671908,0.0022960899999999998,0.0015269100000000005,0.0007887721428571429,0.0013259513333333333,0.0006835619184828816,0.0005820424123613054,0.0010693123861871868,1.680347250041638,2.445609502603775,0.9760576794059006,1.0388476403550162,0.846054585172012,0.6842326215548789,59.27271990811548,59.28181366739788,48.128400377197956,55968.523,56707.924399999996,37362.33705
2021-05-07,56393.68,58650.0,55241.63,57314.75,74542.747829,0.00115102,0.0014786800000000007,0.0008226892857142858,0.0013093126666666665,0.0007125220158703852,0.0005887728509687902,0.0010679760391311048,-0.5547572295688027,0.7254764144755937,-0.24030651706464773,1.0341680092688814,0.8464019917759599,0.6822391311626044,48.43023323146997,62.047560302905765,49.09708828724288,56198.801,56701.2562,37590.153450000005
2021-05-08,57315.49,59500.0,56900.0,58862.05,69709.906028,0.00152075,0.001655953333333334,0.0008924342857142857,0.0013293536666666667,0.0005843853884495501,0.0006106864549733496,0.0010660486169462398,0.137330359829291,1.380331358074563,0.1543892714130087,1.0544723795472932,0.803207931002655,0.6757397010141487,53.92353961160492,66.84787158763825,49.00888840521073,56600.384,56717.897000000004,37824.91375
2021-05-09,58866.53,59300.0,56235.66,58240.84,69806.11991,0.00156651,0.0014127600000000008,0.0009541435714285714,0.001359005,0.00022782529512764262,0.0006332586187771148,0.0010596289621917284,0.12238980090751357,1.3066701555562141,0.1980563038585401,0.7180811784579496,0.8036069694019031,0.6750976800445083,56.43001174907862,67.78032875720075,48.091395956325165,57068.96799999999,56720.6682,38052.213149999996
2021-05-10,58240.83,59500.0,53400.0,55816.14,89586.34925,0.00222442,0.0017705600000000007,0.001091602142857143,0.0013394073333333333,0.0003937196580055395,0.0006869321199381721,0.0010370183047130302,0.9606664908477036,2.040140975298989,0.9164076541489578,0.5288222890834514,0.82376401306186,0.6781765665062386,45.416499855371605,53.89624470499001,45.82512576675958,56881.15499999999,56689.959800000004,38266.45125
2021-05-11,55816.14,56862.43,54370.0,56670.02,64329.54055,0.0011605600000000002,0.0016504966666666674,0.0011530707142857143,0.001280706,0.0005368797305107837,0.0006480508305023912,0.0009932891946686623,-0.8332904504096175,0.3354880581398207,-0.20695895897722516,0.5334565965603035,0.7978040795642938,0.6788911242053808,64.8969793134319,53.58392685377997,42.4237323841641,56768.119999999995,56741.6952,38485.186
2021-05-12,56670.02,58000.01,48600.0,49631.32,99842.789836,0.00090156,0.0014288466666666673,0.0011960392857142857,0.0012125933333333335,0.0007010513151926403,0.0006056965632732223,0.0009440736405538015,-1.146489925791238,-0.12506187909066266,-0.4724521294085549,1.2198178625890963,0.9721333292139526,0.7330802158502521,22.992479215240593,41.30986145503679,37.182695449753474,56073.431000000004,56647.5038,38667.78395
2021-05-13,49537.15,51367.19,46000.0,49670.97,147332.002121,0.00044501,0.0008357100000000008,0.001206397142857143,0.001128537,0.00036229148140688467,0.0005902375559230212,0.0008934108620652706,-1.2054349259227843,-0.8384219025288153,-0.9357409426801883,1.1293013078936165,0.9713477604455528,0.7283156735724147,25.00202654815135,43.24590053326158,36.98781626798416,55323.589,56594.85019999999,38850.99465
2021-05-14,49671.92,51483.0,48799.75,49841.45,80082.204306,0.00090328,0.0007499500000000006,0.0012494885714285713,0.0010573593333333333,0.00026408718692885253,0.0005387501823074097,0.0008178542178708862,-0.3361235275529745,-0.13257511838704852,-0.4154717456025509,1.161681726306466,0.9673738696667202,0.71483108735692,20.568103768768665,34.15769796572965,38.547313907238795,54987.73299999999,56565.80360000001,39034.940950000004
2021-05-15,49844.16,50700.0,46555.0,46762.99,89437.449359,0.00040276,0.0005836833333333341,0.0012398964285714287,0.0009812043333333332,0.00027758383892677785,0.0005534066033995865,0.0007655317673882505,-1.100363232315361,-0.9065305680363721,-0.947946935834783,1.1943565361682351,1.0020792121775448,0.7280883950166629,7.478765846540128,30.117629257078733,37.24800853491712,53920.420999999995,56400.5516,39200.57505
2021-05-16,46762.99,49795.89,43825.39,46431.5,114269.812775,0.0009312599999999999,0.0007457666666666673,0.0012304242857142857,0.0008971836666666667,0.00029738174142560943,0.0005577689302061385,0.0006069028137075129,0.8001531014121108,-0.11574121687191373,-0.3743519119861097,1.1211506604644257,0.8994646568837729,0.7218582496974507,7.634229151000923,31.11609716805782,39.96077490734272,52924.203,56212.838800000005,39366.40055
2021-05-17,46426.83,46686.0,42001.0,43538.04,166657.172736,0.0013328300000000001,0.0008889500000000008,0.0012229064285714287,0.0008761163333333333,0.000466476315904672,0.0005554592773082522,0.0005788860016920964,1.3729791693132618,0.4773163645167485,0.05681666270049266,0.6643052908773496,0.9226691086462299,0.735864475069601,7.385819360104904,26.63328797588761,38.09051644686363,51546.532,55968.04699999999,39516.812249999995
2021-05-18,43538.02,45799.29,42250.02,42849.78,116979.860784,0.00091175,0.0010586133333333342,0.0011954807142857142,0.0008564839999999999,0.0002376788699765493,0.0005610390566065039,0.0005668344722233238,0.04658380608962938,-0.30664984879804613,-0.4065109361473417,0.6158743354338034,0.9219850262237069,0.7358265351826674,1.475580211368893,30.008973550236917,36.6057840763044,49945.30500000001,55672.3332,39663.26065
2021-05-19,42849.78,43584.9,30000.0,36690.09,354347.243161,-0.00043883999999999997,0.0006019133333333341,0.001093497142857143,0.0008318560000000001,0.0009255823665311087,0.0007111569455301891,0.0006065087178302901,-1.5651767228723747,-2.342317800338283,-1.7991555664827443,1.1231986981047695,1.1058802372186667,0.8234839447132064,1.572653948025149,12.701477628458534,34.22677958596081,47790.229999999996,55231.20359999999,39777.7561
2021-05-20,36671.23,42451.67,34850.0,40526.64,203017.596923,0.00030000000000000003,0.00025763666666666745,0.0009509192857142858,0.0008318560000000001,0.0006762908590490678,0.0006488738478846918,0.0006065087178302901,-0.4445127186288993,-1.1773006114338036,-0.9964812325886493,1.769742278852008,1.1506822359956492,0.8646533493820231,23.353181737912678,24.077615022429953,40.02078734481693,46261.28,54866.9254,39911.5818
2021-05-21,40525.39,42200.0,33488.0,37252.01,202100.888258,0.00016545,8.870000000000747e-06,0.0008805214285714287,0.000827371,0.0003935214208908986,0.000678291076783383,0.0006110577210353381,-0.4205619484696128,-1.3169360151664666,-1.1045108475267327,1.8065223429186055,1.1810339356824484,0.87655185713154,18.934200746796165,19.56359611462345,38.172282186767795,44319.47900000001,54437.5568,40030.095
2021-05-22,37263.35,38829.0,35200.62,37449.73,126542.243689,-4.447999999999998e-05,0.00014032333333333408,0.0007687192857142857,0.0008158883333333333,0.0001736091288882174,0.0006934730405770281,0.000624400486541837,-0.45025198187432075,-1.458571532575933,-1.2892706796420126,1.832942285601832,1.1867707894049087,0.8765947540834816,23.20973662106249,16.129264940737457,39.09577612589397,43101.32,54007.551199999994,40147.225999999995
2021-05-23,37458.51,38270.64,31111.01,34655.25,217136.046593,-1.374e-05,3.574333333333406e-05,0.0006558442857142857,0.000792891,0.00011337592969111766,0.000682143958714724,0.0006421757599423938,-0.026563084308539046,-1.2665367493612147,-1.2252271394608136,1.8647327285054285,1.2019740226091247,0.8907365788355783,20.32911408989392,15.091638631643605,37.90584573615494,41599.748,53559.617399999996,40249.782199999994
2021-05-24,34681.44,39920.0,34031.0,38796.29,161630.893971,-0.0001635,-7.390666666666594e-05,0.00048527857142857146,0.0007692970000000001,7.909779347949477e-05,0.0005443954269838111,0.0006642469781336307,-1.15786665357821,-1.3164239099052997,-1.3569538297558168,1.7909151001683632,1.317174687844161,0.9377152309736928,38.75956092179177,26.02736060040762,37.067620801489184,40495.232,53171.503,40365.81355
2021-05-25,38810.99,39791.77,36419.62,38324.72,111996.228404,0.00030000000000000003,4.092000000000072e-05,0.00042381000000000005,0.0007558776666666667,0.00023653509084275835,0.0005097653079453549,0.0006696855554387733,1.3706671889135271,-0.6478565081259959,-0.88728566481646,1.522625313584246,1.250436329657814,0.9188436372857695,39.16188598407203,23.879134917293598,35.67567122127602,39651.405,52755.3976,40479.53755
2021-05-26,38324.72,40841.0,37800.44,39241.91,104780.773396,0.00030000000000000003,0.00014550000000000074,0.00038084142857142854,0.0007558776666666667,0.0002676018497693773,0.0004914205765056995,0.0006696855554387733,1.056695345158668,-0.5782307046307679,-0.8872856648164602,1.3149924596026241,1.2644431744179148,0.9204138030160555,58.161551264679325,32.08393128805933,36.77586726773349,38932.445999999996,52380.412800000006,40601.6556
2021-05-27,39241.92,40411.14,37134.27,38529.98,86547.158794,0.00030000000000000003,0.00030000000000000003,0.0003704835714285715,0.0007558776666666667,0.0,0.0004914922424711788,0.0006696855554387733,0.7086673625939214,-0.5183184574307148,-0.8872856648164602,1.338618837574859,1.255002280377546,0.9208265122326852,42.01882550828959,31.22322989049958,37.14053455592488,38431.64,52031.9434,40716.93
2021-05-28,38529.99,38877.83,34684.0,35663.49,135377.62972,0.00030000000000000003,0.00030000000000000003,0.0003273921428571429,0.0007558776666666667,0.0,0.00046702329210863297,0.0006696855554387733,0.44719202156772797,-0.4466500350249112,-0.8848679188604804,1.3372516574883166,1.2595772958023348,0.9319914210485345,43.436095606596254,28.09539053287959,30.72456616497918,37713.011,51583.662800000006,40818.6054
2021-05-29,35661.79,37338.58,33632.76,34605.15,112663.092689,0.00030375,0.00030125000000000074,0.00032031999999999997,0.0007560026666666667,2.1650635078484535e-06,0.00046654361194443695,0.0006695978737397443,1.778250942433057,-0.3659495518693657,-0.857206304488249,0.6963763189316374,1.2580363813449569,0.9310450549523769,39.026420719322886,29.96588321989499,30.038378961346623,37504.51700000001,51112.915,40915.145099999994
2021-05-30,34605.15,36488.0,33379.0,35641.27,73535.386967,0.00030000000000000003,0.0003012500000000007,0.00027523000000000006,0.0007560026666666666,2.1650635078484535e-06,0.0004321965319869494,0.0006695978737397443,-0.44456273560799114,-0.28320845702412806,-0.8323255962733368,0.8325047211475933,1.2773743587277266,0.9356119384770853,54.40082194617374,32.62301243869321,31.923955554402866,37015.979999999996,50630.35779999999,41014.93025
2021-05-31,35641.26,37499.0,34153.84,37253.81,94160.735289,0.00030000000000000003,0.0003012500000000007,0.00020145642857142857,0.000748101,2.1650635078484535e-06,0.0003081233749554942,0.0006736571095115988,-0.44456273560802323,-0.20405990656838252,-0.8045159703008109,0.9314152279985698,1.2996571999564355,0.9443896131743282,41.10878492260606,39.44414115844613,33.1037352086678,37016.159999999996,50175.3854,41119.74
2021-06-01,37253.82,37894.81,35666.0,36693.09,81234.66377,0.00030000000000000003,0.00030000000000000003,0.00015776000000000003,0.0007226386666666667,0.0,0.00023414045295014815,0.000675743209412519,-0.44456273560799114,-0.1390745479677084,-0.7786131194149408,0.9293643719354754,1.19876517092792,0.9441259137006622,40.690582233006324,39.613873742744595,35.135917818973766,36940.496,49712.04720000001,41221.60195
2021-06-02,36694.85,38225.0,35920.0,37568.68,67587.372495,0.00030000000000000003,0.00030000000000000003,0.0002105342857142857,0.0006847026666666668,0.0,0.0001612431695733929,0.0006660700647929906,-0.44456273560802323,-0.12142204639432208,-0.7529167866062858,0.6026665316350119,1.2084825681615161,0.945180487255782,40.40769434504067,51.803722534795966,30.95737830746441,37231.839,49191.9208,41329.0931
2021-06-03,37568.68,39476.0,37170.0,39246.79,75889.106011,0.00030000000000000003,0.00030000000000000003,0.0002105342857142857,0.0006515123333333333,0.0,0.0001612431695733929,0.0006593478711036051,0.0,-0.05009268759409252,-0.7328244830940364,0.46362794345584074,1.2316393515708213,0.9511587184965049,53.69950794340185,47.116996531427475,33.76283607792574,37276.889,48717.666,41445.542050000004
2021-06-04,39246.78,39289.07,35555.15,36829.0,91317.799245,0.00040566,0.0003352200000000007,0.00022769214285714285,0.0006320700000000001,6.1002829442519764e-05,0.00016868533273429039,0.0006576526018530935,1.7884758893196224,0.2228727187452998,-0.6055461106594496,0.8797520570220954,1.2315015377871306,0.9597208397168118,56.30741156440439,49.00886285282038,31.13584658318392,37127.316999999995,48191.0464,41546.1192
2021-06-05,36829.15,37925.0,34800.0,35513.2,70459.62149,0.00030000000000000003,0.0003352200000000007,0.00025229785714285714,0.0005655336666666666,6.1002829442519764e-05,0.0001500221044317793,0.0005798690937853795,-0.4471189723298967,0.033605757571173976,-0.6905935844315276,0.8330032181534789,1.235637994777527,0.9618886326099872,54.78088635279117,45.688496289244796,28.407321416052326,36754.446,47674.614400000006,41635.3883
2021-06-06,35516.07,36480.0,35222.0,35796.31,47650.206637,0.00030000000000000003,0.0003352200000000007,0.0002747078571428572,0.0005371663333333334,6.1002829442519764e-05,0.00012921498282850318,0.0005709873338016879,-0.4471189723298967,0.2434890461589022,-0.667237011924782,0.8421827229197806,1.2168345934437965,0.9601704942475985,50.886585251481,52.860324249958936,29.11300875941086,36481.079,47190.407400000004,41725.48925
2021-06-07,35796.31,36900.0,33300.0,33552.79,77574.952573,0.00030000000000000003,0.00030000000000000003,0.000307815,0.0004964746666666666,0.0,2.8179450982939594e-05,0.0005411961915196824,-0.4471189723298967,0.4512753106518144,-0.6537613369561086,0.9048365123280524,1.239213323218796,0.9637375336701581,30.260468668661304,35.47411963773534,29.211514079790717,36270.009,46738.46300000001,41804.2391
2021-06-08,33556.96,34068.01,31000.0,33380.81,123251.189037,0.00021015,0.00027005000000000074,0.0003013971428571429,0.00045126266666666666,5.187492168661935e-05,3.845456108369309e-05,0.0005041068806207688,-1.3427710901211483,-0.1948211633262494,-0.7382137137325578,0.6339067499839645,1.0594078757460952,0.9634488099831073,31.56957010427203,36.07288879573646,27.973111340665326,36147.575,46293.416399999995,41877.8648
2021-06-09,33380.8,37534.79,32396.82,37388.05,136607.597517,-0.00010238999999999999,0.00013592000000000072,0.00027265500000000007,0.00037370233333333333,0.00021121552428737892,0.00011458968484590862,0.00038736799099318856,-1.7436239024698368,-1.981380131024769,-1.046630004847956,1.2961035972751047,1.0870075520375173,1.0060286840762451,49.25467606900452,45.55200563550834,37.71593461886715,36322.253000000004,45912.6774,41971.28605
2021-06-10,37388.05,38491.0,35782.0,36675.72,109527.284943,-7.659999999999991e-06,3.3366666666667385e-05,0.00025067928571428574,0.0003347616666666667,0.00016025823982973632,0.00013637280585359187,0.00036352516532995097,-0.7988768166299788,-1.2831879100823043,-0.9247837790863108,1.256216607022808,1.0287528217793294,1.0059801022975265,38.47236806354267,45.551131303356684,37.13510483672928,36264.444,45570.4392,42062.5925
2021-06-11,36677.83,37680.4,35936.77,37331.98,78466.0053,0.00017388,2.127666666666738e-05,0.00024167071428571433,0.0003105056666666667,0.00014038972980002931,0.0001370282072850919,0.0003483625629623332,0.35781836490093294,-0.2926990145026342,-0.7000831519459357,1.260064375647701,1.0315331074979999,1.0079220474354988,52.67820630782208,54.47809785044239,37.73398825432834,36328.333,45283.2596,42157.4124
2021-06-12,37331.98,37463.63,34600.36,35546.11,87717.54999,1.4060000000000011e-05,6.009333333333405e-05,0.00022097857142857146,0.0002961406666666667,9.9138759994895e-05,0.00014833848439180003,0.00035149610307286445,-0.3326446192178076,-1.3261804919983342,-0.8802883823330853,1.1815983421616112,0.9970354639428355,0.9982374642732641,50.16688116296192,52.43054443409698,38.71537160496542,36126.076,44971.679000000004,42239.3429
2021-06-13,35546.12,39380.0,34757.0,39020.57,86921.025555,5.933e-05,8.242333333333405e-05,0.00020378785714285716,0.000268009,8.237466014088e-05,0.00015236710795762536,0.00033459472167808504,0.3159641030775682,-1.2946755201207587,-0.8193742027214244,1.3429114474413613,0.9575927308458009,1.030024368685599,62.351915388537265,57.7523523398564,42.98775670247312,36103.454000000005,44751.1336,42340.85020000001
2021-06-14,39020.56,41064.05,38730.0,40516.29,108522.391949,0.00016856,8.06500000000007e-05,0.00019439928571428575,0.0002602023333333334,7.942587298854287e-05,0.00015001403890532839,0.00033407407581082703,1.0189737256575084,-0.4313796438434917,-0.6559781309423074,1.0424109829882664,0.9686863866313173,1.0358165402887651,78.29803004910205,57.52469036141428,47.06312852256666,36472.183000000005,44580.124,42457.68429999999
2021-06-15,40516.28,41330.0,39506.4,40144.04,80679.622838,0.00028002,0.00016930333333333404,0.00019297214285714286,0.00023849433333333336,0.00011034687776881518,0.0001490239102745749,0.000309197871347944,1.3438288707111357,0.4108440299299415,-0.494805042873164,1.0146209381421578,0.9652559260828761,1.0343700554958906,77.04398466746154,58.02918841899797,47.35400860254501,36935.267,44302.977,42572.706900000005
2021-06-16,40143.8,40527.14,38116.01,38349.01,87771.976937,0.00030000000000000003,0.00024952666666666737,0.00019297214285714286,0.0002040666666666667,7.082726122988357e-05,0.0001490239102745749,0.0002306774770754462,1.0603226223790776,0.5607684841599287,-0.4342341154364541,1.1521840744664937,0.9828300610710655,1.0381516306404601,54.66851666161043,51.74107196644667,51.7737004104375,37190.537,43969.71779999999,42675.8527
2021-06-17,38349.0,39559.88,37365.0,38092.97,79541.307119,0.00030000000000000003,0.0002933400000000007,0.00019297214285714286,0.000183675,1.153545837810585e-05,0.0001490239102745749,0.00018928757145842605,0.7404906918384311,0.5607684841599287,-0.40823005021072123,1.0188969188959915,0.9207882271357244,1.0275621386953049,57.20467321360806,47.25116021993834,47.18220020576822,37644.55500000001,43634.6528,42775.39260000001
2021-06-18,38092.97,38202.84,35129.29,35819.84,95228.042935,0.00015687,0.0002522900000000007,0.0001752014285714286,0.00020353200000000003,8.263614402906785e-05,0.0001359727631016692,0.00014860597355147054,-1.167480704848608,-0.4598802831990701,-0.6676831555829875,0.7373534630278236,0.9519298084753557,1.036489237286244,43.39820999781439,47.57910908066469,48.30240690600989,37888.458,43279.9496,42856.01245
2021-06-19,35820.48,36457.0,34803.52,35483.72,68712.449461,-7.170999999999999e-05,0.00012838666666666737,0.00014865071428571432,0.0001911416666666667,0.0001874848160073921,0.0001456743217150885,0.00015561610574134019,-1.6590427054423222,-1.856207026051436,-1.069988965925694,0.4851224932172519,0.9446069915924487,1.0350979158008158,49.688135762661794,49.92579189711607,47.67725161900094,37698.02500000001,42835.738600000004,42939.60625
2021-06-20,35483.72,36137.72,33336.0,35600.16,89878.17085,1.563000000000001e-05,3.359666666666736e-05,0.00012833857142857143,0.00018614766666666667,0.00011534428868966717,0.00014274367672147297,0.00015883963729854862,-0.7449062488219624,-1.1336460403183342,-0.895962368922531,0.5350117172006585,0.9235322770805828,1.0305050522377497,24.262234883882897,49.50206611464999,51.19178220066723,37590.469,42391.734399999994,43021.5866
2021-06-21,35600.17,35750.0,31251.23,31608.93,168778.873159,-0.00011471,-5.692999999999931e-05,9.871642857142858e-05,0.00018380666666666668,6.641509768111147e-05,0.0001473366650596096,0.00016282343805981144,-1.0061271939589274,-1.732958735558298,-1.1105136639843254,0.9833835637630391,1.0491603093660795,1.0640737839197396,1.2739271616499508,45.46761113779251,40.90044494050795,37018.164000000004,41892.3488,43082.52175
2021-06-22,31614.12,33298.78,28805.0,32509.56,204208.179762,-0.00014859000000000004,-8.255666666666599e-05,7.309214285714286e-05,0.00017931166666666665,8.670311259305983e-05,0.00015732274025949275,0.00017016111991761596,-0.9481699932871384,-1.6888873028892961,-1.135082762725186,1.121761426417427,1.0518983546872933,1.0677990148120091,10.519288171423938,48.03531361693668,42.71684420461813,36714.509,41399.152200000004,43151.81695
2021-06-23,32509.56,34881.0,31683.0,33678.07,126966.100563,-0.00033521,-0.0001995033333333327,5.6462142857142866e-05,0.00017358800000000002,0.00011874000224576522,0.0001868361356573489,0.00018438334234361088,-1.5749463209230774,-2.2495452777566434,-1.4175472144738916,1.1898631356501004,1.0446833642582967,1.0724075608097132,24.17115493082173,40.40556490579524,43.07520168868077,36180.259000000005,41008.7134,43224.469000000005
2021-06-24,33675.07,35298.0,32286.57,34663.09,86625.80426,-0.00016648,-0.00021675999999999933,4.511785714285715e-05,0.0001580386666666667,0.00010296997086525239,0.00019564302087767037,0.00019283118299720132,-0.1320582799818467,-1.2763320823392954,-1.085934232866552,1.242128320803202,1.0240239641718998,1.0754083553287919,32.44881834965808,44.86749689264221,45.21973407267925,35594.939,40553.253,43300.98745
2021-06-25,34663.08,35500.0,31275.0,31584.45,116061.130356,0.00022372,-9.265666666666599e-05,4.867785714285715e-05,0.00015549600000000003,0.0002866846693378018,0.0001985974081161389,0.00019139228101397492,1.625727346528895,0.7658853892068155,-0.4037429904186764,1.4421760901918903,1.0861462950244827,1.065834318162143,29.977525837720776,36.9546812873318,44.98378446446612,34738.98,40057.068400000004,43363.07519999999
2021-06-26,31576.09,32730.0,30151.0,32283.65,107820.375287,-0.00034521,-9.59899999999993e-05,2.301571428571429e-05,0.00013398900000000002,0.0002909415169754764,0.00022488658792018347,0.00020994643920166066,-0.8284911515029791,-1.9057398178118203,-1.3542072364829478,1.0424272680213442,1.0911777230719377,1.0664014206876817,35.374010367769344,42.21088107295819,47.11968416402894,34132.444,39556.4464,43432.8729
2021-06-27,32283.65,34749.0,31973.45,34700.34,96613.244211,-0.00102585,-0.000382446666666666,-5.449714285714286e-05,8.979400000000001e-05,0.000625616674356849,0.000358645621479759,0.00029579341729404885,-1.5393268212175044,-3.270984754682412,-2.361751078787828,1.1919209202210745,1.1042916591732053,1.0849318584801657,46.60186768499862,39.13677132863515,48.87124438908816,33793.181,39073.2122,43513.66819999999
2021-06-28,34702.49,35297.71,33862.72,34494.89,82222.267819,0.00010398,-0.0004223599999999993,-5.911e-05,8.313500000000001e-05,0.0005688523965845534,0.00035596126420636524,0.00029304656743927177,0.7034526294947422,0.42790009881291324,-0.5135024170337299,1.1735599311930855,1.1043917891081603,1.084176835234047,65.26294300697414,33.80854860446824,46.57471727872131,33660.686,38598.2932,43594.8695
2021-06-29,34494.89,36600.0,34225.43,35911.73,90788.79622,0.00022229000000000001,-0.00023319333333333267,-6.323357142857144e-05,8.054466666666667e-05,0.0006890049037803172,0.00035204329173484284,0.0002914023655589329,0.721767828440523,0.7529375927900723,-0.31871457782916046,1.1987005207647476,1.0016866045742137,1.0714250324169377,67.06143716117822,39.224714941768596,49.050110627534416,33703.487,38200.205,43684.2455
2021-06-30,35911.72,36100.0,34017.55,35045.0,77152.197634,0.00030000000000000003,0.00020875666666666734,-6.323357142857142e-05,8.054466666666667e-05,9.870827439138958e-05,0.00035204329173484284,0.0002914023655589329,0.8159958464673519,0.9318340659811026,-0.18591965508120248,0.726314442756303,1.0036462979296958,1.0719067009032903,57.068935737131774,41.1707865084437,46.93133340499007,33647.971000000005,37767.7046,43765.42705
2021-07-01,35045.0,35057.57,32711.0,33504.69,71708.266112,0.00030000000000000003,0.00027409666666666733,-6.323357142857142e-05,8.054466666666667e-05,4.486588941864535e-05,0.00035204329173484284,0.0002914023655589329,0.5631976751802857,0.8983506287707034,-0.16678749037573815,0.9166530215422479,1.0152945966270002,1.0752519805906247,44.334820703723366,38.52639717848346,42.99442149959909,33837.547000000006,37445.172,43837.075549999994
2021-07-02,33502.33,33977.04,32699.0,33786.55,56172.181378,6.117000000000001e-05,0.00022039000000000067,-7.006928571428572e-05,7.258366666666667e-05,0.0001378885647905314,0.0003483504776793908,0.000288447582622187,-1.2320493675555582,0.14637122552863302,-0.5334118108816923,0.6191050063634513,0.9973826252747909,1.0750414722921484,64.82480328742315,44.35312355758233,46.08400106985101,33965.246,37127.4836,43909.64260000001
2021-07-03,33786.54,34945.61,33316.73,34669.13,43044.578641,-0.00014886,7.077000000000067e-05,-7.558e-05,5.762166666666667e-05,0.00022458393731518734,0.00034898808134818324,0.0002878853636322745,-1.5408038385673009,-0.47287850501091183,-0.8582049578759893,0.673264482374389,0.9107785657922672,1.0664940149762667,65.67237722817727,47.80435500990736,48.9013279032505,34064.352,36824.0372,43985.8561
2021-07-04,34669.12,35967.85,34357.15,35286.51,43703.475789,-7.607e-05,-5.458666666666601e-05,-8.213e-05,4.1564000000000004e-05,0.0001066503653689233,0.0003480036685262119,0.0002811594722180632,-0.7838537060864329,-0.21075275136488664,-0.7079838732373175,0.573321499012969,0.896328222234373,1.0475966014882867,55.0434939727871,49.17681789001515,49.342150427405095,34126.694,36594.507600000004,44055.61104999999
2021-07-05,35288.13,35293.78,33125.55,33690.14,64123.874245,9.56e-05,-4.310999999999934e-05,-6.710785714285715e-05,3.475066666666667e-05,0.0001255187002003747,0.00035101527280336105,0.00027712855809153617,0.2841333976133716,0.3599212469019077,-0.3902874573480997,0.6686296621447583,0.9120201548466109,1.051546895141212,44.41306457726306,56.247549712685014,50.18024787724455,34337.263,36339.6804,44110.07595
2021-07-06,33690.15,35118.88,33532.0,34220.01,58210.596349,-0.00020034,-6.026999999999935e-05,-7.080428571428571e-05,1.8072666666666674e-05,0.00014860131527005902,0.0003522097885267744,0.0002756667550770705,-1.1368205478692188,-0.5119485408490212,-0.9265163971261586,0.5524155676030339,0.9018314594556864,1.0514610693784183,36.60575446152467,55.25146680011438,51.09105470354455,34530.899,36153.3198,44165.639050000005
2021-07-07,34220.02,35059.09,33777.77,33862.12,53807.521675,6.638e-05,-1.2786666666666019e-05,-4.211928571428571e-05,1.0285333333333338e-05,0.00016308170263191698,0.00034530500387260483,0.0002706826578235956,0.9145019973003842,0.40445567950589645,-0.3816449203072184,0.5629375690912334,0.9020601704572342,1.0477454842180363,39.81375274272463,50.5946753534565,44.93529662714724,34447.077000000005,35973.5666,44215.8416
2021-07-08,33862.11,33929.64,32077.0,32875.71,70136.48032,-0.00033100999999999996,-0.00015498999999999935,-5.387142857142856e-05,-7.753333333333327e-06,0.00020253930458059518,0.000352586134765082,0.00027490303938730267,-1.3452205215472746,-0.8399634103893115,-1.1903810730246156,0.5334540054972119,0.8740853629405574,1.0489437274986264,44.012405851839766,44.225398708466166,44.5842465267261,34285.159,35897.279,44262.94255
2021-07-09,32875.71,34100.0,32261.07,33815.81,47153.939899,-0.00047094,-0.00024518999999999935,-0.00010349,-2.0038333333333328e-05,0.0002787507845728703,0.00035933078041528187,0.0002872363500923533,-1.2267459698634415,-1.1898651730998147,-1.6521184446484878,0.5891448754914557,0.8845494888552367,1.049684560267268,50.24752140222052,58.364873051379114,45.02899190397861,34075.566999999995,35763.0624,44318.423050000005
2021-07-10,33815.81,34262.0,33004.78,33502.87,34761.175468,7.838e-05,-0.00024118999999999934,-7.323357142857141e-05,-1.7170333333333327e-05,0.00028546250174058023,0.00035522189649261687,0.000287793213963329,1.0309820726085734,0.5534382178862112,-0.21713183172483366,0.4380807469897831,0.8846283990190741,1.0480242919359521,39.08192534674909,54.70689700433802,46.98582397272981,33921.354,35688.0796,44366.883449999994
2021-07-11,33502.87,34666.0,33306.47,34258.99,31572.647448,0.00014412,-8.281333333333268e-05,1.0335714285714296e-05,-1.8162333333333327e-05,0.0003377309120192061,0.00022910607260242055,0.00028716256995651806,0.8862282068174135,0.7112949658663575,-0.0057423791439581255,0.4644210492353235,0.7195973267032526,1.0034650892063246,40.624304250227446,48.04554130113612,42.363266026202666,33996.784,35624.2648,44422.0146
2021-07-12,34259.0,34678.43,32658.34,33086.63,48181.403762,0.00022314,0.00014854666666666732,1.8847142857142868e-05,-1.1192999999999996e-05,7.248145234006884e-05,0.00023499048957610527,0.0002904894380553848,0.9518021018153097,0.8822635553310683,0.22704810533212402,0.5535896133272563,0.729299008317802,1.005775998583402,44.03137850619185,44.25563887691861,37.95924691123187,33926.792,35592.892400000004,44468.801750000006
2021-07-13,33086.94,33340.0,32202.25,32729.77,41126.361008,0.00020052,0.00018926000000000064,1.729214285714287e-05,-6.486666666666662e-06,4.069558698424807e-05,0.00023360865879563318,0.00029280590892066994,0.5738737730665308,0.7337528147791738,0.20452634126630964,0.49686738513052625,0.7139290457082617,1.0054966987554697,34.7395282918347,35.79200520102641,37.97819160579157,33732.856,35471.562,44508.88825
2021-07-14,32729.12,33114.03,31550.0,32820.02,46777.823484,-4.359999999999992e-06,0.00013976666666666734,-4.447857142857132e-06,-1.2250666666666663e-05,0.00012532872030514646,0.0002189796912669565,0.0002909372597957855,-1.427866178750704,0.07687314691234427,-0.37788214974788736,0.39885991033451323,0.7012781193321163,0.995608617620671,38.7097403272718,39.32484430924593,40.51044265114532,33486.207,35361.468,44540.5214
2021-07-15,32820.03,33185.25,31133.0,31880.0,51639.576353,6.693000000000001e-05,8.769666666666731e-05,-2.1095714285714273e-05,-1.935366666666666e-05,0.00010400670379031068,0.0002022761920176269,0.00028611693064784275,-0.6250569174901602,0.3267361966927745,-0.1321339604091673,0.4467345390791536,0.5870335353098601,0.9972440896147733,39.10279841965843,41.728498392725534,39.58113023398177,33305.193,35214.2298,44568.5131
2021-07-16,31874.49,32249.18,31020.0,31383.87,48499.864154,-4.3509999999999995e-05,6.353333333333992e-06,-2.8572857142857136e-05,-3.0804e-05,5.599401783516788e-05,0.00020093159901699264,0.0002796973427142069,-1.1042828074456723,-0.06969327101266327,-0.46408705783727144,0.28520254782718796,0.5826148457337249,0.9868811169855439,20.51965243363975,38.02883427268063,42.08962889123459,33021.579000000005,35071.3076,44590.0354
2021-07-17,31383.86,31955.92,31164.31,31520.07,34012.242132,8.022e-05,3.454666666666732e-05,-1.220999999999999e-05,-3.813e-05,6.792487345093262e-05,0.00019970633883089375,0.00027354457721575693,0.21638225596906654,0.23350339168199477,0.028792957115004073,0.26401455421457576,0.4812304968210144,0.9868156608189852,24.888169526381375,33.04933845772413,42.881127682964525,32787.373999999996,34988.4392,44610.71074999999
2021-07-18,31520.07,32435.0,31108.97,31778.56,35923.716186,0.00015566,6.4123333333334e-05,4.342142857142866e-06,-3.817033333333333e-05,0.00010055595076038678,0.00020357207988928262,0.00027351492119021117,1.3495013926044428,0.5929137297329444,0.29195524684100727,0.30351631427890563,0.48435572654129344,0.9125840493299253,14.054968973799475,30.358644615174825,43.17109990035691,32677.659000000003,34931.9074,44625.22585
2021-07-19,31778.57,31899.0,30407.44,30839.65,47340.468499,-5.557e-05,6.0103333333333995e-05,-6.4557142857142765e-06,-3.763233333333332e-05,0.0001070422273372771,0.00020236483590534683,0.0002734625428007769,-1.0796833877628886,-0.392337820272786,-0.5315519763441486,0.34451028175093606,0.45270899387481855,0.878419532178841,15.074948863173844,32.77139455185572,48.457043190269566,32380.042999999998,34835.875,44634.805949999994
2021-07-20,30839.65,31063.07,29278.0,29790.35,61034.049017,-0.00047195,-0.00012395333333333267,-2.585642857142856e-05,-5.3884999999999997e-05,0.00031934430984961135,0.00023307216352312364,0.00028445601995377137,-1.6672498448682684,-2.1148142004636674,-2.08148919997968,0.3711986495785464,0.4619744551015817,0.8588717149864331,12.404778349062795,24.808518672695428,44.57837186664962,32008.791000000005,34686.6058,44637.09925
2021-07-21,29790.34,32858.0,29482.61,32144.51,82796.265128,-0.00094322,-0.000490246666666666,-9.797071428571427e-05,-8.150199999999999e-05,0.00044410776466227556,0.00033586123678743126,0.0003275235023038634,-1.518240150115036,-3.0147715024547406,-3.4378953582187712,0.8465252766305624,0.5562685910919769,0.8809195989201609,44.528697387577765,42.0394410585536,47.08038813421229,31797.343000000004,34595.6342,44636.93015
2021-07-22,32144.51,32591.35,31708.0,32287.83,46148.092433,-0.00013524999999999998,-0.0005168066666666661,-8.398785714285713e-05,-8.105733333333334e-05,0.0004058484577195324,0.00032942621062828376,0.00032743832313081826,0.36058505574374555,-0.16396462244560084,-0.6355098313773079,0.8465200261290564,0.555102813076281,0.8607125021850311,53.7927019572106,47.044391442664995,45.32822372349075,31717.463,34490.0172,44633.36905
2021-07-23,32287.58,33650.0,31924.32,33634.09,50112.863626,-0.00017631,-0.0004182599999999993,-6.294285714285713e-05,-7.576066666666667e-05,0.0004550920039947858,0.00031174102862741623,0.00032445698192024025,0.49510771575210066,-0.30278375840037375,-0.7758612142556915,0.9025388902801448,0.573163583898828,0.8189889790148881,68.06929579997433,49.1222375503734,54.32614293553327,31807.895,34377.7632,44641.595949999995
2021-07-24,33634.1,34500.0,33401.14,34258.14,47977.550138,-0.00031228,-0.00020794666666666597,-9.084714285714284e-05,-8.062066666666667e-05,9.265831982787262e-05,0.0003155785735007315,0.0003269451324836052,0.29208371968492064,-0.7269057738661077,-1.2017334373980473,0.7876779428264506,0.5736428105786386,0.8201910244165659,70.38926262455534,53.54173485780679,54.18078796976555,31951.706999999995,34326.346,44643.139
2021-07-25,34261.51,35398.0,33851.12,35381.02,47852.928313,-0.00052591,-0.00033816666666666603,-0.00013870642857142856,-0.00010560833333333332,0.0001762317497879533,0.00032777464619197327,0.00033149755886223176,-0.324655030521789,-1.3080319996960508,-1.8427654286738295,0.51752312308867,0.5535442289957853,0.8221187162727714,73.76644042390804,55.086638275333264,51.52481805587516,32301.808999999997,34323.7024,44636.19729999999
2021-07-26,35381.02,40550.0,35205.78,37237.6,152452.512724,-0.00034841000000000006,-0.00039553333333333267,-0.00017953142857142856,-0.00010571499999999999,0.00011434553175932818,0.0003145668651154809,0.00033157781963537243,-0.3148882750937169,-0.6847412127741477,-1.2063513476778058,0.35174985509051415,0.5894274551253355,0.8312478739217525,87.65028158487132,67.71887947232321,55.72085133933153,32887.18199999999,34352.5282,44625.2239
2021-07-27,37241.33,39542.61,36383.0,39457.87,88397.267015,0.00017752000000000002,-0.00023226666666666598,-0.0001811742857142857,-6.560266666666665e-05,0.00036581470259316296,0.00031248248107730695,0.00028609591664979696,1.5752703199096092,1.0099211754102844,0.5533158349966483,0.29797955776489493,0.6277966237727055,0.8208619759384997,99.99999999999275,74.7778934978806,57.15680576073236,33680.962,34470.6298,44619.5992
2021-07-28,39456.61,40900.0,38772.0,40019.56,101344.528441,0.00017963,2.913333333334011e-06,-0.00016803214285714284,-6.3081e-05,0.0003042567607027415,0.0003241423394407795,0.0002879694277397655,1.0641483625098376,0.9222377769534156,0.570397500500353,0.37051005018955957,0.6053965119793387,0.8175031115394586,99.99999999999112,75.6243121923921,60.164792501370336,34505.062,34603.4048,44619.25590000001
2021-07-29,40019.57,40640.0,39200.0,40016.48,53998.439283,0.00019768999999999999,0.00018494666666666736,-0.00015869214285714285,-6.390099999999998e-05,1.108636249299447e-05,0.0003331910412540944,0.0002871627006606169,0.7547826009680493,0.887353407576866,0.639885550861333,0.4662065925641753,0.6009540833822798,0.8146922454426438,99.96018001734116,81.02845480088098,64.1978377251601,35422.745,34655.973399999995,44628.58819999999
2021-07-30,40018.49,42316.71,38313.23,42206.37,73602.784805,0.00017623,0.00018451666666666734,-0.0001429964285714286,-6.802666666666666e-05,1.1534406500816276e-05,0.00034403359061418505,0.00028260722154834227,0.4193941835287564,0.7932177024751568,0.5775435941780112,0.5041322219669024,0.6245141775913006,0.8178922205064082,99.96409603610104,86.54995447507741,66.94786226929935,36664.346999999994,34766.5864,44662.597700000006
2021-07-31,42206.36,42448.0,41000.15,41461.83,44849.791012,0.00030000000000000003,0.0002246400000000007,-0.00012729785714285714,-6.802666666666666e-05,6.613985258520701e-05,0.0003596620720402628,0.00028260722154834227,1.7643869182057945,1.138189871071152,0.9981010460457558,0.6336481171500873,0.6346543872128627,0.8182612582212455,91.40560965543307,82.25033769273043,63.749113443588364,37596.079,34849.1834,44699.65065
2021-08-01,41461.84,42599.0,39422.01,39845.44,53953.186326,0.00030000000000000003,0.00025874333333333405,-0.00011698785714285714,-6.006566666666666e-05,7.145864281755142e-05,0.000370308462193328,0.00028964835586103003,1.0862800926364724,1.1119588757353236,0.9981010460457558,0.6698649856310758,0.6416086819921146,0.8228462200905682,74.28310655277036,74.04962757850285,58.869054636465705,38351.840000000004,34935.17,44712.02095
2021-08-02,39850.27,40480.01,38690.0,39147.82,50837.351954,0.00030000000000000003,0.00030000000000000003,-9.159e-05,-4.510366666666666e-05,0.0,0.0003866766336359224,0.00029641745602751777,0.7247581084797129,1.0800449480166239,0.9981010460457558,0.6721969206055363,0.6463639689006476,0.8170365249091572,61.889119036825484,75.13053515328735,61.00224250863537,38903.213,34937.715,44712.03755
2021-08-03,39146.86,39780.0,37642.03,38207.05,57117.435853,0.00030000000000000003,0.00030000000000000003,-3.6450714285714274e-05,-3.256799999999999e-05,0.0,0.00038329029708293063,0.0003029429943917564,0.44713281507109265,1.0049427427356317,1.011377116393493,0.689650615387367,0.6615267104157904,0.8037781307431029,40.74012656240785,75.62707426239348,57.9065642664098,39298.104,34891.5302,44719.3617
2021-08-04,38207.04,39969.66,37508.56,39723.18,52329.35243,0.00021272,0.00027090666666666736,4.611642857142859e-05,-2.866399999999999e-05,5.039113149480219e-05,0.00028477544704577087,0.00030539636246056887,-1.7883962042413655,0.7161267688413444,0.7207956767495421,0.5716136933138986,0.6528416342633782,0.8037938670642204,48.077556749627874,74.31637497937855,61.112396157695784,39732.32,34883.113,44738.002700000005
2021-08-05,39723.17,41350.0,37332.7,40862.46,84343.755621,0.00030000000000000003,0.00027090666666666736,7.72057142857143e-05,-1.1985999999999992e-05,5.039113149480219e-05,0.00028720043830893395,0.0003093343193843429,0.44709905106035175,0.9006620961475009,1.0208340532977196,0.6588098579978197,0.6452940041133717,0.8063055490216092,54.782455323118626,75.85924244680874,65.05536937610792,40094.806,34933.382,44763.17195
2021-08-06,40862.46,43392.43,39853.86,42836.87,75753.941347,0.00030000000000000003,0.00027090666666666736,0.00011122785714285718,-4.198666666666657e-06,5.039113149480219e-05,0.00028304052202899856,0.00031427632640098913,0.44709905106035175,0.8532192522825285,1.0208340532977196,0.6333651544108839,0.6597927864830354,0.7960155240980443,53.65331887070581,76.74048297319513,66.36687240781798,40432.706,35028.26,44794.19995
2021-08-07,42836.87,44700.0,42446.41,44572.54,73396.740808,0.00030000000000000003,0.00030000000000000003,0.00015496214285714286,1.6835000000000007e-05,0.0,0.0002588366831147248,0.00031276174682039827,0.44709905106035175,0.8217678586110126,1.011123764204436,0.5522007905567207,0.666933914800282,0.8004810036234056,66.16747762796197,78.15188436175657,69.09773535856357,40888.004,35203.314000000006,44837.6052
2021-08-08,44572.54,45310.0,43261.0,43794.37,69329.092698,0.00030000000000000003,0.00030000000000000003,0.0002139557142857143,4.253300000000001e-05,0.0,0.00017089792170113207,0.00030281573710018125,0.44709905106035175,0.7605454070255937,0.9810740949292837,0.4966139662781644,0.6521420709282774,0.7544646803858474,72.48296240626613,73.40358474704416,66.43822439082953,41265.793,35369.526999999995,44879.2359
2021-08-09,43794.36,46454.15,42779.0,46253.4,74587.884845,0.00030000000000000003,0.00030000000000000003,0.0002602707142857143,4.9920333333333344e-05,0.0,5.6019645381679725e-05,0.0003064024183019337,0.0,0.6818571172886709,0.9560645723676724,0.5458687514049342,0.6259579283739664,0.7631638176247283,83.6966233096101,74.26610625861399,71.7342652032677,41670.496,35582.5918,44956.25225
2021-08-10,46248.87,46700.0,44589.46,45584.99,53814.643421,0.00030000000000000003,0.00030000000000000003,0.00026901928571428573,5.5116333333333346e-05,0.0,5.148249821575549e-05,0.0003093623657146801,0.0,0.6729584337774457,0.9439591025900681,0.6699365281725755,0.5945283239339744,0.763689384792103,85.91601678495387,67.994394152621,71.0039572706205,42082.812,35862.113000000005,45019.451349999996
2021-08-11,45585.0,46743.47,45341.14,45511.0,52734.901977,0.00030000000000000003,0.00030000000000000003,0.00027761714285714286,5.767833333333334e-05,0.0,4.5055739227876335e-05,0.0003111151393813995,0.0,0.6006571034573264,0.9211697954497008,0.630272013362634,0.5976409062039056,0.7524550482560298,82.77747322447289,66.60311367338157,70.74663142572143,42649.368,36122.141800000005,45086.61635
2021-08-12,45510.67,46218.12,43770.0,44399.0,55266.108781,0.00030000000000000003,0.00030000000000000003,0.00028492500000000005,6.099433333333335e-05,0.0,3.898247392206717e-05,0.00031321318295553143,0.0,0.5277367093240366,0.9015492445612172,0.6130004711797168,0.6131813287622596,0.7216285167174208,70.09014188199878,62.417673959975325,70.35105447039801,43174.486,36336.5604,45147.31185
2021-08-13,44400.06,47886.0,44217.39,47800.0,48239.370431,0.00030000000000000003,0.00030000000000000003,0.0002937657142857143,7.113966666666668e-05,0.0,2.3326561194281133e-05,0.00031594069322868936,0.0,0.451812877150609,0.8898586203718527,0.8396749362536396,0.6645573168740941,0.7379686293039626,74.26182531356211,64.83138458568325,74.38341608121657,44133.781,36599.2986,45225.04085
2021-08-14,47799.99,48144.0,45971.03,47068.51,46114.359022,0.00030000000000000003,0.00030000000000000003,0.0002937657142857143,7.890866666666668e-05,0.0,2.3326561194281133e-05,0.000318687271720711,0.0,0.409605333665485,0.8879167554227803,0.7672355750405405,0.6742005516296057,0.7387482836554502,63.529627312824964,64.87628128521794,72.69329769762655,44868.314,36908.9798,45298.04455
2021-08-15,47068.5,47372.27,45500.0,46973.82,42110.711334,0.00030000000000000003,0.00030000000000000003,0.0002937657142857143,9.035900000000001e-05,0.0,2.3326561194281133e-05,0.0003203041378650249,0.0,0.556532627132542,0.8879167554227803,0.7475404792748284,0.656360708804524,0.7288319059914984,68.61371728716706,70.57530425465265,72.28437395692136,45479.45,37202.7832,45381.0829
2021-08-16,46973.82,48053.83,45660.0,45901.29,52480.574014,0.00033924,0.0003130800000000007,0.0002965685714285715,9.8993e-05,2.265522456285271e-05,2.630111166344395e-05,0.0003234965253466996,1.7878355945623443,1.2590937825438957,1.0126023770516637,0.7889001372555188,0.637548443279184,0.7313528111361747,47.53910689099926,69.08021835765608,72.00218537086441,45785.892,37426.8022,45443.76505000001
2021-08-17,45901.3,47160.0,44376.0,44695.95,57039.341629,0.00030000000000000003,0.0003130800000000007,0.0002965685714285715,0.00010380433333333335,2.265522456285271e-05,2.630111166344395e-05,0.0003254359544352835,-0.44695889864055827,0.3382164180646701,0.8716463085624618,0.794770479507822,0.6530528679200238,0.7171955314372304,44.22028750337653,68.06271413093899,71.67542470779125,45798.233,37630.8234,45495.9838
2021-08-18,44695.95,46000.0,44203.28,44705.29,54099.415985,0.00030000000000000003,0.0003130800000000007,0.00030280285714285714,0.00011565666666666669,2.265522456285271e-05,1.0487331133008025e-05,0.0003259059775597923,-0.4469588986405614,0.24683135983380838,0.8470039129081964,0.23153371193947156,0.6530068870671963,0.7164986357532681,44.717618689834744,65.13826810125028,69.60243854173797,45889.325,37806.6946,45548.19585
2021-08-19,44699.37,47033.0,43927.7,46760.62,53411.75392,0.00030000000000000003,0.00030000000000000003,0.00030280285714285714,0.00014138833333333334,0.0,1.0487331133008025e-05,0.000307888458856669,-0.44695889864055827,0.1100560958225499,0.8267499823118932,0.5452066869163726,0.6421876683637119,0.7236290572390282,63.77886325340331,66.97663976420475,71.31433900142649,45940.047,38041.007000000005,45616.53405
2021-08-20,46760.62,49382.99,46622.99,49322.47,56850.352228,0.00035761,0.0003192033333333341,0.00030691785714285716,0.00018474933333333335,3.326114900791378e-05,1.7950134423780862e-05,0.00023215891351332222,1.3998570913941135,2.2290329396497626,0.9812097775146563,0.7168183501342099,0.664913153083317,0.6640931453136389,59.8470746658989,68.05684554235711,72.30591001301235,46313.795,38357.3626,45695.51455
2021-08-21,49322.47,49757.04,48222.0,48821.87,46745.136584,0.00046707,0.00037489333333333403,0.0003188514285714286,0.0002048266666666667,8.48653724043374e-05,4.624001395022998e-05,0.00022956086103590958,1.6799831347293737,3.499569370643577,1.2852548503163637,0.669809408569148,0.6348482107522196,0.6634328177095711,61.689565421452215,62.70446197238495,70.7798168933684,46644.882,38658.068999999996,45762.292700000005
2021-08-22,48821.88,49500.0,48050.0,49239.22,37007.887795,0.00034813,0.00039093666666666733,0.00032228928571428574,0.000222308,6.610356218334183e-05,4.6518978668723844e-05,0.00021927390011520297,-0.09415097335045226,0.8020612642993751,0.8781261195964793,0.5376336225373903,0.6225402133837141,0.6595834103974545,64.48032174514978,66.63773952740226,70.17943096514486,47128.904,38949.4708,45820.39445
2021-08-23,49239.22,50500.0,49029.0,49488.85,52462.541954,0.00073163,0.0005156100000000007,0.00035312000000000006,0.00025710500000000004,0.00019630374728974012,0.00011828510108407129,0.00021428710104470967,1.67428701038752,3.8161637244772018,1.993954716818229,0.5232783704092445,0.6024172895904424,0.6571687522087976,75.62747876972256,61.429817960858855,68.71534767734329,47297.789000000004,39233.5176,45883.1554
2021-08-24,49488.85,49860.0,47600.0,47674.01,51014.594748,0.00080648,0.0006287466666666674,0.00038929714285714293,0.000301518,0.00024588598136804786,0.00016785486008082852,0.00018205482803172954,1.2352239096274513,3.060538704338464,2.1128633337192992,0.6313374591749712,0.6268593973956912,0.6185320891683699,69.56948011154662,56.82687166910811,62.70862296929456,47358.339,39513.195,45930.07425
2021-08-25,47674.01,49264.3,47126.28,48973.32,44655.830342,0.00039568000000000003,0.0006445966666666674,0.0003961314285714286,0.000326321,0.00021879273487327688,0.000165875569530417,0.00013508353286280665,-0.7470740722270923,0.19649772224685338,0.8586090633183452,0.459203522960093,0.6260724019808884,0.6194049054088725,73.98063358320833,60.47581587020601,63.54058412687121,47558.289000000004,39808.2612,45979.00615
2021-08-26,48973.32,49352.84,46250.0,46843.87,49371.277774,0.00041865,0.0005402700000000007,0.0004046064285714285,0.00033435866666666674,0.00023083051856284998,0.00016360163510597276,0.00013308333515027308,-0.5723980225030921,0.3154625989799043,0.9496152668524614,0.592800683230059,0.6410668348805661,0.6101398259251523,50.463890124067866,56.96832024625104,59.70101494640614,47652.547000000006,40067.896199999996,46019.24705
2021-08-27,46843.86,49149.93,46348.0,49069.9,42068.104965,0.00030000000000000003,0.00037144333333333397,0.00040460642857142857,0.000338371,6.292867099603162e-05,0.00016360163510597276,0.00013003721508041192,-1.0296076583666034,-0.5085159454272162,0.5410276849178537,0.7566214918525324,0.6487452593473844,0.6179509682887098,48.537895917775074,53.879267683212056,59.742360509619196,48089.942,40391.78,46032.7222
2021-08-28,49069.9,49299.0,48346.88,48895.35,26681.063786,0.0006537699999999999,0.00045747333333333393,0.0004298757142857143,0.0003535736666666667,0.00018005205256627085,0.00017323880812844828,0.00013934977018860258,0.6657923584389459,1.687406714926331,1.6565002362778516,0.7542289408099861,0.6421612779480846,0.6122945725579804,50.44205622319441,55.77717565922631,60.7249705671827,48508.948000000004,40693.3708,46045.096849999994
2021-08-29,48895.35,49632.27,47762.54,48767.83,32652.283473,0.00030000000000000003,0.000417923333333334,0.0004298757142857143,0.0003576993333333334,0.00020424920473119835,0.00017323880812844828,0.00013570265707597034,-0.7847546061890136,-0.5836146903985724,0.5050336956061816,0.6598318998255203,0.6034387644247579,0.6081254589819702,47.061646883991436,55.66159860688353,63.45097573351717,48709.669,40998.67,46064.8981
2021-08-30,48767.84,48888.61,46853.0,46982.91,40288.35083,0.0004255,0.0004597566666666673,0.00043603714285714285,0.0003618826666666667,0.00017935563173016665,0.0001712902910908411,0.00013579698742111618,0.04094848773912079,0.18331715785130104,0.9023096417072624,0.6886511745097951,0.6233712926091222,0.6044760518004569,36.88898376203869,53.266538053131335,61.43687544939991,48475.713,41253.1484,46059.9651
2021-08-31,46982.91,48246.11,46700.0,47100.89,48645.52737,0.00087311,0.0005328700000000007,0.00047697357142857146,0.00038098633333333336,0.00030126401328401997,0.00020200727925222397,0.0001641445170129338,1.4567323762358477,2.4110497214112385,2.2104396057853624,0.5703945360494865,0.6232220451135937,0.6044846652049923,46.35408714769502,57.77356856102448,63.301849430041926,48303.615000000005,41533.4336,46059.03155
2021-09-01,47100.89,49156.0,46512.0,48810.52,49904.65528,0.00105841,0.0007856733333333341,0.0005311457142857142,0.0004062666666666667,0.00032538845251995155,0.000247472486729169,0.00020464691475697138,1.2710162835214363,2.579897733060997,2.5821144643349747,0.4946779522947929,0.6273627701318285,0.6070141316512266,49.015728989316365,61.955362546073665,63.513038471530514,48260.744999999995,41855.0486,46067.31570000001
2021-09-02,48810.51,50450.13,48584.06,49246.64,54410.770538,0.00146615,0.0011325566666666672,0.0006144421428571429,0.00044513833333333335,0.000303393155053522,0.00034192022853244086,0.00028047129754291963,1.3500883250348974,2.970310821190412,3.345688269755418,0.5003449921354018,0.5460915150098069,0.6063315839620066,68.26715322917127,57.99374653531554,62.73371732118425,48236.524,42183.581000000006,46070.65995
2021-09-03,49246.63,51000.0,48316.84,49999.14,59025.644157,0.00105606,0.0011935400000000007,0.0006643314285714287,0.00047324966666666666,0.0002360901092803284,0.00035235920978581665,0.00029808352815119453,0.21303194863422864,1.4831064204137254,2.127596939360324,0.5101917879032202,0.5435205616860609,0.5926104894977892,59.10444778002096,52.462331964860375,61.29721599266571,48469.037,42545.9638,46081.10015
2021-09-04,49998.0,50535.69,49370.0,49915.64,34664.65959,0.00074946,0.0010905566666666673,0.0006845021428571429,0.0004882316666666667,0.0003595881728218133,0.0003482571949486793,0.0003003620111440729,-1.0731394181983798,0.5044716221688803,1.298799336929934,0.27949966155114736,0.5434616153963328,0.5925147255218748,60.17812644023607,54.10471706397155,58.89120747093181,48563.269,42916.5992,46085.0111
2021-09-05,49917.54,51900.0,49450.0,51756.88,40544.835873,0.00030000000000000003,0.0007018400000000008,0.0006810642857142858,0.0004882316666666667,0.00038027283521176625,0.0003520500592838527,0.0003003620111440729,-1.4464096870300265,-0.8422758357223008,0.14749290052484504,0.31940193822697194,0.5477281380138118,0.5955194668367008,72.22047937149573,58.53604950627427,62.79727818908814,49054.57,43321.3354,46083.196950000005
2021-09-06,51756.88,52780.0,50969.33,52663.9,49249.667081,0.00046783,0.0005057633333333341,0.0006622214285714285,0.0004938259999999999,0.0002271184189653662,0.00035617102618000235,0.000298291050018913,-0.7283753733553929,-0.3692786906030132,0.549280268863377,0.26525709327427216,0.5293374521392937,0.5888721234269645,98.5721589811082,60.30551893231414,60.84387526151255,49413.97,43739.0422,46088.75345
2021-09-07,52666.2,52920.0,42843.05,46863.73,123048.802719,0.00042977,0.00039920000000000076,0.0006353135714285714,0.0004981516666666667,8.799216385561741e-05,0.0003586554025289358,0.0002963177625814401,-0.5642108031854176,-0.5127655993186488,0.42455393415261056,1.1687798861564727,0.7519807537352732,0.6618146068903658,48.97156852711457,47.91056599452772,51.84310024352478,49210.808000000005,44059.52380000001,46043.5421
2021-09-08,46868.57,47340.99,44412.02,46048.31,65069.3152,0.00030000000000000003,0.00039920000000000076,0.0006284792857142857,0.0004981516666666667,8.799216385561741e-05,0.00036443793489669045,0.0002963177625814401,-0.812044393900426,-0.9148405308036806,0.06929519425079766,1.1377225155638033,0.7310875652785647,0.6632634475932409,37.01477157231303,42.264354532011744,50.75824093634189,48938.856,44384.683,45994.5777
2021-09-09,46048.31,47399.97,45513.08,46395.14,50651.66002,0.00030000000000000003,0.00034325666666666746,0.0006200042857142857,0.0004981516666666667,7.492274443269484e-05,0.00037101315157520286,0.0002963177625814401,-0.720454692955083,-0.8990069359109747,0.06242402359101648,1.1512278186234493,0.6910481800950002,0.6619171762436734,36.48152783624558,48.68971929104926,52.8790884948919,48880.079,44669.6956,45939.510550000006
2021-09-10,46395.14,47033.0,44132.29,44850.91,49048.26618,0.00031115,0.00030371666666666744,0.0006208007142857143,0.0004985233333333333,6.437455500951325e-06,0.0003702846315900303,0.00029606754078377704,-0.6267409765931684,-0.8280418442621296,0.08830294169135869,1.0165995848583187,0.7030251420764977,0.6615603116633908,27.297390022056106,37.16979399244162,45.50572533915949,48655.081,44920.9572,45893.32675000001
2021-09-11,44842.2,45987.93,44722.22,45173.69,30440.4081,0.00030000000000000003,0.00030371666666666744,0.0005955314285714285,0.0004985233333333333,6.437455500951325e-06,0.0003798102581321677,0.00029606754078377704,-0.49442863531462744,-0.8494176495751546,0.05410035661305844,0.9774449907759222,0.7025809564146872,0.6603703843363444,29.521173912929058,38.78332909379258,47.07595823546615,48291.398,45151.7492,45874.74020000001
2021-09-12,45173.68,46460.0,44742.06,46025.24,32094.28052,0.00030000000000000003,0.00030371666666666744,0.0005955314285714285,0.0004985233333333333,6.437455500951325e-06,0.0003798102581321677,0.00029606754078377704,-0.4463185295264542,-0.7756301963667288,0.04074461891666198,0.41034379297511764,0.7084524809211804,0.6611472005519389,22.93332074045938,42.07979835842441,48.569587146939156,47969.258,45387.091199999995,45856.4854
2021-09-13,46025.23,46880.0,43370.0,44940.73,65429.15056,0.00030000000000000003,0.00030000000000000003,0.0005865671428571428,0.0004985233333333333,0.0,0.0003855694030198212,0.00029606754078377704,-0.4463185295264542,-0.7011362768433828,0.03039998306183723,0.432762389264478,0.6983706963060029,0.659577558232478,14.129965287227037,43.85384639461079,48.55204503890811,47463.417,45578.28540000001,45845.8204
2021-09-14,44940.72,47250.0,44594.44,47111.52,44855.85099,0.00030000000000000003,0.00030000000000000003,0.0005456307142857143,0.0004985233333333333,0.0,0.000383223351313258,0.00029606754078377704,-0.4463185295264542,-0.6812649433695537,0.015080385379967403,0.6258886706880111,0.7200599583479358,0.6651534495909404,51.736169986163816,50.028473788842334,53.5382608871381,47183.005,45775.7638,45849.993650000004
2021-09-15,47103.28,48500.0,46682.32,48121.41,43204.71174,0.00030000000000000003,0.00030000000000000003,0.0004914585714285714,0.0004972153333333333,0.0,0.00035793090630751163,0.0002968810675690282,0.0,-0.6577222312270851,0.005158182192639444,0.49203833104262634,0.6999357480587773,0.6660726135784829,64.14008168520849,48.08224172141747,54.861345520798785,46819.458,45949.0346,45860.06855
2021-09-16,48121.4,48557.0,47021.1,47737.82,40725.08895,0.00030000000000000003,0.00030000000000000003,0.0004081621428571429,0.0004972153333333333,0.0,0.00022446274514181756,0.0002968810675690282,0.0,-0.6577222312270851,-0.0013889534078634397,0.5272896020455078,0.6705990853057948,0.667098366770067,59.11237977342687,45.788717440302946,51.460085226419466,46326.85,46103.39980000001,45873.07934999999
2021-09-17,47737.81,48150.0,46699.56,47299.98,34461.92776,0.00030000000000000003,0.00030000000000000003,0.00035415785714285714,0.0004972153333333333,0.0,0.00012590678696065057,0.0002968810675690282,0.0,-0.6021901502489744,-0.01767768955787329,0.5440243798727145,0.6713871664521862,0.6619615911991432,69.55829386913352,42.33165296919552,46.77328724920841,46370.475,46249.069800000005,45861.644100000005
2021-09-18,47299.98,48843.2,47035.56,48292.74,30906.47038,0.00030000000000000003,0.00030000000000000003,0.0003220535714285715,0.0004972153333333333,0.0,5.429438568618783e-05,0.0002968810675690282,0.0,-0.6021901502489744,-0.05523535762000451,0.45014081460518496,0.6781467495233943,0.6544061814514391,72.50094864613398,45.61582657161561,49.16886964197487,46594.918,46370.7972,45860.90455
2021-09-19,48292.75,48372.83,46829.18,47241.75,29847.24349,0.00030000000000000003,0.00030000000000000003,0.0003220535714285714,0.0004952950000000001,0.0,5.429438568618783e-05,0.0002979994381127649,0.0,-0.5793700832900871,-0.1300780410157856,0.37154952701515753,0.6652352622460507,0.6357935047292305,58.53048299035804,37.2586191619177,46.92371215184657,46679.579000000005,46486.395599999996,45845.366449999994
2021-09-20,47241.75,47347.25,42500.0,43015.62,78003.524443,0.00030000000000000003,0.00030000000000000003,0.0003100657142857143,0.000489726,0.0,3.4581136412963654e-05,0.000300098797635171,0.0,-0.5096334191300033,-0.15688269756986092,0.817887273231688,0.7766948374898404,0.682087749450083,40.62932304256249,27.0688314379841,41.11847042801016,46496.05,46549.7992,45818.5741
2021-09-21,43016.64,43639.0,39600.0,40734.38,84534.080485,0.00030000000000000003,0.00030000000000000003,0.00030079642857142866,0.0004881216666666667,0.0,2.979962848606678e-06,0.0003010091459955908,0.0,-0.4330779423457708,-0.18813019660012725,0.8392137378246324,0.7825331946833218,0.6913699087143585,19.288818428036805,32.506114946725276,40.59887034121108,46052.119,46581.5304,45778.48745
2021-09-22,40734.09,44000.55,40565.39,43543.61,58349.05542,0.00030000000000000003,0.00030000000000000003,0.0003007964285714286,0.000473734,0.0,2.979962848606678e-06,0.00029927913263662505,0.0,-0.39328163175060477,-0.23344497460666183,1.1986565962882558,0.8444837909017051,0.7080027600240876,31.210463495480795,43.58176048412078,42.93345299818185,45803.956,46688.2616,45751.79449999999
2021-09-23,43546.37,44978.0,43069.09,44865.26,48699.57655,0.00022579,0.00027526333333333406,0.0002954957142857143,0.0004543776666666667,4.2845163476483565e-05,2.028149278180039e-05,0.000295774160999679,-1.7883155334495668,-0.9868300632468541,-0.595729170603662,1.2268019129223213,0.8539239122417461,0.7074459836786625,39.0526103976857,46.26625040634852,47.369611925992885,45796.409,46791.103200000005,45721.26205
2021-09-24,44865.26,45200.0,40675.0,42810.57,84113.426292,-0.00012414,0.00013388333333333406,0.0002644035714285715,0.0004370503333333334,0.00022651448393717775,0.00011356542794677033,0.00031399640099501576,-1.761330817189206,-3.778871811676254,-2.055580539917258,1.2582778326004207,0.8717669907306533,0.7083102765372304,34.76791599741702,45.1415016163691,41.64068904120949,45366.314,46830.0654,45673.43904999999
2021-09-25,42810.58,42966.84,41646.28,42670.64,33594.57189,0.00025629,0.00011931333333333405,0.0002612814285714286,0.0004316383333333333,0.00021138757445348077,0.0001131114627162518,0.0003157189654290915,0.3609052055515265,-0.29139982688174704,-0.5168081992728074,0.9791323552893844,0.8496047795138989,0.6945456151375997,29.7531090057073,43.98732824111789,41.67922972143526,44821.237,46826.7408,45612.36975
2021-09-26,42670.63,43950.0,40750.0,43160.9,49879.99765,0.00010771000000000001,7.995333333333406e-05,0.0002475464285714286,0.0004252286666666667,0.00019172785565307329,0.00011954033491205806,0.00032040082054368116,-0.26620240355231994,-1.498744571113255,-1.1125617043781342,0.7998408646121957,0.8463434003414818,0.694267938210176,34.68509276723833,42.997922116016326,42.57702213470088,44363.545,46798.508,45548.9163
2021-09-27,43160.9,44350.0,42098.0,42147.35,39776.84383,0.00030000000000000003,0.0002213333333333341,0.0002475464285714286,0.00041343633333333336,0.00010079849916207258,0.00011954033491205806,0.0003182020174027848,0.8607914357051877,0.35395149733233416,-0.3402596358888607,0.5719659418904961,0.7020041419722625,0.6970025833478011,45.70611885604323,43.147615557233756,43.46475647920717,43848.282,46765.567599999995,45470.787249999994
2021-09-28,42147.35,42787.38,40888.0,41026.54,43372.2624,0.00015623,0.0001879800000000007,0.0002372771428571429,0.000408644,9.999953949890402e-05,0.00012085575938213331,0.0003210393409623251,0.10248863110003112,-0.9608436686270384,-0.9235961970437764,0.4303823572691407,0.7062903576557001,0.6877060982505582,51.63215688727793,34.26235325274834,42.00719232292247,43121.662,46661.0304,45389.81135
2021-09-29,41025.01,42590.0,40753.88,41524.28,33511.53487,0.00013866,0.00019829666666666741,0.00022575285714285714,0.0003990826666666667,8.851470066224167e-05,0.00012210063481401723,0.00032476974111572443,-0.6461371265451135,-1.0255623767885085,-0.9769935779020825,0.356353648186702,0.7082010141123155,0.6869951406834057,34.79106381888667,32.47346896268223,40.09670818137426,42549.915,46579.8162,45291.4908
2021-09-30,41524.29,44141.37,41410.17,43824.1,46381.22781,0.00029235000000000003,0.0001957466666666674,0.00022520642857142857,0.000379724,8.412092030717587e-05,0.00012175944326717848,0.0003126214725411549,1.032145656074467,0.41902917392068667,-0.3554884142705726,0.6286222424526922,0.7393642644425988,0.692259139190634,43.165371284524944,40.563273510074104,42.98519093852161,42630.763,46546.0782,45215.76975
2021-10-01,43820.01,48495.0,43283.03,48141.61,66244.87492,9.509e-05,0.00017536666666666741,0.00021057,0.00034761333333333335,0.00010362630666643553,0.00012436508364801303,0.000289095041505377,-1.0813156556130625,-1.2804220411945186,-1.1269980074722192,0.9920781612489264,0.8437465299389931,0.726936959006244,76.97998506014868,51.70949667110658,47.79995200833876,43371.486,46620.9304,45178.451799999995
2021-10-02,48141.6,48336.59,47430.18,47634.9,30508.98131,0.00014733999999999998,0.00017826000000000075,0.0001996657142857143,0.000303653,0.00010220035078214175,0.00012260079750743322,0.00019954363050948013,-0.2496479349420114,-0.736889732921278,-0.9022429145910578,0.9419076470690236,0.8426822377815092,0.7244749505900847,74.22441052466701,48.63689823482764,47.3255160548276,43780.615000000005,46617.62840000001,45132.12255
2021-10-03,47634.89,49228.08,47088.0,48200.01,30825.05601,0.00030000000000000003,0.00018081000000000073,0.00019966571428571428,0.00027845100000000003,0.00010647632459844223,0.00012260079750743322,0.0001401421667906064,1.1110616823901633,0.6278930616794827,-0.3022433951676885,0.7956769471747943,0.8356366406172576,0.7193841186075058,74.41133583625509,52.026401199774625,45.70039467878399,44114.090000000004,46640.2584,45078.55774999999
2021-10-04,48200.01,49536.12,46891.0,49224.94,46796.49372,0.00030000000000000003,0.0002491133333333341,0.00019966571428571428,0.000263469,8.813829209444938e-05,0.00012260079750743322,0.00010850648352950453,0.7427755419108278,0.6278930616794827,-0.3022433951676885,0.7784150438965937,0.8166415665514847,0.7180453191385616,84.2487343493323,65.18677622561209,45.854742909102015,44755.527,46685.2808,45036.44165
2021-10-05,49224.93,51886.3,49022.4,51471.99,52125.66793,7.734e-05,0.00022578000000000073,0.00018376142857142857,0.000256047,0.000128552810937735,0.0001230252586233771,0.00011342519336856914,-0.9778836686771613,-1.2231113486555198,-1.161864629029899,0.7606396721257997,0.8330884185533669,0.7171037117602731,95.57801074625449,76.30607884074092,56.07508422639176,45635.662,46796.694800000005,45003.651549999995
2021-10-06,51471.99,55750.0,50382.41,55315.0,79877.545181,0.00030000000000000003,0.00022578000000000076,0.0001837614285714286,0.00025045266666666666,0.000128552810937735,0.0001230252586233771,0.00010654995434988089,0.7099382353514436,0.7043583270654149,-0.2843159067358729,0.6051106179627173,0.8808610035957497,0.7315901089484205,96.57724123116456,77.4483893638691,61.313222543789465,46851.072,47009.0758,44989.715149999996
2021-10-07,55315.0,55332.31,53357.0,53785.22,54917.37766,0.00071849,0.00036527666666666744,0.00021895428571428574,0.0002600766666666667,0.00032552129428553057,0.000188839881084267,0.00013304905609001668,1.628359545886952,2.9882751619742307,1.3182824849199035,0.7146240954454056,0.8912821783343161,0.7339102390873523,85.4889875374937,70.59951318420487,58.76888553061353,48014.859,47190.674399999996,44971.883449999994
2021-10-08,53785.22,56100.0,53617.61,53951.43,46160.25785,0.00070151,0.0005733333333333341,0.00027792928571428573,0.0002734603333333334,0.00023686581313758204,0.0002019215629688072,0.00015550311314068387,1.0057209543953372,2.3191785795212745,1.2117002035551054,0.7321730826138492,0.8890126347035502,0.722586038291562,79.3935929088866,78.18698317310788,61.16352625584528,49307.348,47334.490600000005,44971.22435
2021-10-09,53955.67,55489.0,53661.67,54949.72,55177.08013,0.00035716999999999997,0.0005923900000000007,0.000285135,0.00027536600000000003,0.00020388334017274365,0.0002028876248927546,0.00015618836275253635,-0.267658676415911,0.4941592550375732,-0.11365823833282873,0.7330451155947475,0.8816753324329762,0.7223182030204446,85.25425133838749,79.77355851717968,61.7966640738821,50649.892,47447.035599999996,44974.2685
2021-10-10,54949.72,56561.31,54080.0,54659.0,89237.836128,0.00040906,0.0004892466666666673,0.00030666,0.0002786296666666667,0.00018564734049624187,0.00019855541071218515,0.00015797461390306867,-0.4451332934286244,0.7264538767652099,0.07875354986057993,0.7163371825974517,0.7589459275217337,0.7225245655769672,81.97522967843955,78.15230612831985,60.561241490461605,51733.382,47563.77819999999,44986.04525
2021-10-11,54659.01,57839.04,54415.06,57471.35,52933.165751,0.00030000000000000003,0.0003554100000000007,0.00030666,0.0002786296666666667,5.455129787634409e-05,0.00019855541071218515,0.00015797461390306867,-0.9956315242285918,0.1650197338112908,-0.3405528258952647,0.5557836358233926,0.7131826863533344,0.7283002674092187,84.68547816555,84.48238617031662,64.70640979959003,52666.35600000001,47728.4208,45016.933099999995
2021-10-12,57471.35,57680.0,53879.0,55996.93,53471.2855,0.00030000000000000003,0.00033635333333333404,0.0003169292857142857,0.0002786296666666667,6.296582035776926e-05,0.00019383855695138824,0.00015797461390306867,-0.6788203193447436,0.1650197338112908,-0.3405528258952643,0.5438866872733338,0.6994275594194851,0.710761639429484,70.35550861105222,83.15899289658003,60.60154330348247,53502.558999999994,47858.5824,45021.7898
2021-10-13,55996.91,57777.0,54167.19,57367.0,55808.44492,0.00030000000000000003,0.00030000000000000003,0.00032845357142857143,0.0002786296666666667,0.0,0.00018710370516446554,0.00015797461390306867,-0.677223939554922,0.14602271407418685,-0.3405528258952647,0.5559949260526877,0.6971261487772583,0.7112465846239597,61.87247160326467,83.78557859385204,60.93728373773651,54419.257999999994,48052.4422,45029.5391
2021-10-14,57370.83,58532.54,56818.05,57347.94,43053.336781,0.00050079,0.0003669300000000007,0.00034334214285714284,0.00028532266666666666,0.00011592616055055763,0.00019223270298017033,0.0001630821683720419,1.5279743099366072,1.1208548435841768,0.41835087535084103,0.560295776567531,0.6478495983522738,0.7111809891775968,74.9800872794102,81.94826229067715,61.46741457300053,55231.558,48219.9346,45037.39065
2021-10-15,57347.94,62933.0,56850.0,61672.42,82512.908022,0.00056685,0.00045588000000000074,0.0003770392857142857,0.0002942176666666667,0.000138978097914722,0.00018663498494963412,0.00017099572490490678,1.331292718155934,1.3380483662653513,0.6554190332887181,0.7489810820592735,0.6876214531827495,0.7282079923362706,84.19578028573211,81.95420502082617,65.69437740917077,56251.601,48516.5056,45057.5754
2021-10-16,61672.42,62378.42,60150.0,60875.57,35467.88096,0.00119263,0.000753423333333334,0.00045170285714285713,0.000323972,0.0003817955643185614,0.0002755700937896124,0.0002369707005663439,1.6916960527330502,3.1156778423964084,2.7901411301924677,0.743131070247686,0.7001979323242441,0.7253308088045172,76.72202706541304,80.84630140343043,63.799205090121475,56807.657999999996,48752.619000000006,45068.2204
2021-10-17,60875.57,61718.39,58963.0,61528.33,39099.24124,0.0011566200000000001,0.0009720333333333341,0.00051289,0.000352526,0.0003513606839606983,0.00032918146583026293,0.0002814228860213022,1.0179301431979646,2.350711165466672,2.472650117445999,0.632040860231758,0.6765579729074395,0.7253487414456818,79.99710043414399,80.92420503405975,65.80571115510466,57581.969000000005,49005.27859999999,45082.1593
2021-10-18,61528.32,62695.78,59844.45,62009.84,51798.44844,0.00070642,0.0010185566666666675,0.0005419200000000001,0.0003660733333333333,0.000270917245728894,0.00032687553771099597,0.0002885004307572754,-0.36023111276063674,0.8349797566082802,0.9230668915811236,0.6349156120593072,0.6469378899666856,0.7185486289843254,74.88439163737276,80.43073211415327,72.91235119930295,58387.81,49270.1188,45098.6063
2021-10-19,62005.6,64486.0,61322.22,64280.59,53628.107744,0.00034974,0.0007375933333333341,0.0005613771428571428,0.00036773133333333337,0.000404342263600194,0.00030443105488079015,0.0002882504347783227,-1.2025151519642958,-0.33690250664018506,-0.2746722556543044,0.6276844166077238,0.6488945476826645,0.7125263612701203,91.77135146255512,80.45278565266847,78.41051659959533,59320.89700000001,49616.072400000005,45125.25920000001
2021-10-20,64280.59,67000.0,63481.4,66001.41,51428.934856,0.00083237,0.0006295100000000008,0.0005994035714285714,0.000385477,0.00025033835163633037,0.00030251413969769957,0.00030008133252849286,-0.04372017669845855,1.1102792117167546,1.306516199580263,0.35928097399424375,0.633244251050272,0.7136029772213883,92.05248664796483,78.25885984132123,77.8281691285679,60455.138,49994.082800000004,45170.00654999999
2021-10-21,66001.4,66639.74,62000.0,62193.15,68538.64537,0.00188234,0.0010214833333333341,0.0006825357142857143,0.0004382216666666666,0.0007836061380778801,0.00045781113162718547,0.0004051925002376737,1.5499838691410242,3.0301277438843766,4.000043774472097,0.7152435021866421,0.6303239064673343,0.7310131371185958,67.23607886773672,69.84261241211534,70.22516513003933,60927.31799999999,50261.7354,45189.96225
2021-10-22,62193.15,63732.39,60000.0,60688.22,52119.35886,0.0009121800000000001,0.001208963333333334,0.0006975835714285713,0.00045862766666666667,0.0005845250297748853,0.0004619265477342195,0.00041332491321898054,-0.042798479859012285,0.7110008298220011,1.2463081949430184,0.7489077407257178,0.6429179491286366,0.7343481681962474,45.620280743472534,64.95384960978976,71.13812553960268,61396.447,50490.566999999995,45197.7534
2021-10-23,60688.23,61747.64,59562.15,61286.75,27626.93678,0.00058427,0.001126263333333334,0.0007138050000000002,0.000470577,0.0006749964343856419,0.0004529530830645687,0.0004115394166662611,-0.5600002680153034,-0.09044293144836506,0.3426761791779347,0.751694877649859,0.6429922285133117,0.7273333048537957,51.86263993128587,64.32064164848222,71.7751177938436,61788.422,50716.3192,45214.2314
2021-10-24,61286.75,61500.0,59510.63,60852.22,31226.57676,0.00100435,0.0008336000000000007,0.0007563257142857143,0.0005081933333333334,0.00022078929752140564,0.00045007684531412815,0.00040685300667045324,-0.07837339650305665,0.8206171152675259,1.4684520241077121,0.6319206872777413,0.6466356916816514,0.7256004685798925,46.87545347077566,63.90527416193717,70.72041219416663,62138.85,50935.0508,45238.72525
2021-10-25,60852.22,63710.63,60650.0,63078.78,36853.83806,0.00086666,0.0008184266666666674,0.0007968014285714286,0.000528539,0.00021415331525178184,0.00043095633330210166,0.0004090770258500005,-0.37330012715352034,0.4220231219893811,1.057442469078,0.6861965041766304,0.6388592826744526,0.7197168816327051,54.253850965981776,62.930159434368484,73.83795896324133,62279.486,51161.4888,45263.731550000004
2021-10-26,63078.78,63293.48,59817.55,60328.81,40217.50083,0.00157625,0.0011490866666666675,0.0008879621428571428,0.0005774903333333333,0.00037628582093048686,0.00045224127752236396,0.00044340728846671893,1.6143105881049031,1.8726638154475854,2.7480188253729465,0.5919464955692499,0.6157858190049417,0.7222745112559519,34.85165138458521,59.43391459936185,71.19603854194116,62224.81,51314.787000000004,45274.6629
2021-10-27,60328.81,61496.0,58000.0,58413.44,62124.49016,0.00086501,0.0011026400000000007,0.0009283200000000001,0.000596324,0.00041015912119566093,0.0004197813512184336,0.0004432138171676077,-0.31142457652698285,0.222074446580992,0.9152201008179246,0.6171746323816955,0.6202946631149748,0.7274471052437033,21.34051963453993,52.22605318667955,67.98618796532784,61913.320999999996,51545.78119999999,45267.884450000005
2021-10-28,58413.44,62499.0,57820.0,60575.89,61056.35301,0.00039356,0.0009449400000000008,0.0009206607142857142,0.0006042350000000001,0.0005953826607317316,0.0004290578254279879,0.0004371644185820063,-1.291993478519938,-0.8096142013151608,-0.28733556197059573,0.718919236751294,0.6353181472846312,0.7319332116165201,43.02444545277051,56.292847292373615,67.89224529344975,61769.926,51836.332800000004,45270.75175000001
2021-10-29,60575.9,62980.0,60174.81,62253.71,43973.90414,0.0006561,0.0006382233333333341,0.0009270357142857143,0.000621483,0.00023623284495033378,0.0004240300614835733,0.0004282794056506667,-0.49047025545028794,-0.25689789062463,0.3708740591201765,0.7572056004711278,0.6398704462817586,0.7269276181509049,56.65303610723805,51.26361292998157,65.97356321578454,61567.238,52153.504199999996,45282.7203
2021-10-30,62253.7,62359.25,60673.0,61859.19,31478.12566,0.00078636,0.0006120066666666674,0.0008980164285714286,0.00063795,0.00020007780120075372,0.00041831889531621243,0.0004246700650606611,-0.15671940759960262,-0.0006215284178105739,0.7080166175045989,0.6794948379253846,0.6402510249019556,0.7274209910687295,52.475690281818295,52.17626792242445,66.14154750072831,61153.016,52493.669799999996,45274.14125
2021-10-31,61859.19,62405.3,59945.36,61299.8,39267.63794,0.00111877,0.000853743333333334,0.0008953128571428571,0.0006720726666666668,0.00023858178353204016,0.000416637924183741,0.000420654476196763,1.3281818636176475,0.6993844312994894,1.547536861129593,0.53874157499124,0.6114425847867115,0.7239446288092398,51.91501341766988,49.49227763457456,64.86740895948982,61063.681000000004,52816.192,45265.842599999996
2021-11-01,61299.81,62437.74,59405.0,60911.11,44687.66672,0.00120803,0.0010377200000000007,0.0009311421428571429,0.0007074290000000001,0.00022221211510625746,0.00042069285801801684,0.00041960405164171496,1.1207762327126765,0.8269591338587772,1.8286895231279856,0.4142549505150974,0.5990504646685499,0.7242578315852044,38.99459901849906,47.548855353171305,63.457391496605126,61085.97000000001,53113.909400000004,45254.598249999995
2021-11-02,60911.12,64270.0,60624.68,63219.99,46368.2841,0.00096537,0.0010973900000000008,0.0009751157142857143,0.000729608,0.000122734661770817,0.00038598962669829064,0.0004148841621747608,0.08079972588792661,0.1546750905591804,1.2073214187130599,0.41954829744548366,0.6098843427461621,0.728473617794392,65.36697735331902,47.637937669702055,63.5093551249264,61279.29400000001,53479.4946,45264.0242
2021-11-03,63220.57,63500.0,60382.76,62896.48,43336.09049,0.00157434,0.0012492466666666673,0.0010281135714285715,0.0007720860000000001,0.00030657009872675256,0.0004147487172995868,0.000434170428809262,1.5026385090543117,1.5458487840375292,2.6072579998650864,0.37642454431968764,0.6110120953819917,0.7286874993201078,78.68132346204033,42.626063901284404,59.48598500355427,61483.719999999994,53795.19380000001,45278.4733
2021-11-04,62896.49,63086.31,60677.01,61395.01,35930.93314,0.0014310500000000001,0.0013235866666666673,0.0009958785714285715,0.0008172096666666667,0.0003183903127190447,0.00035672895566969497,0.00042979915382760346,0.7039183081089426,1.0712675669313143,2.124820226271809,0.43836971437562594,0.5396207766588629,0.7273116245821318,55.72468508360886,47.871242922720626,59.52815666774848,61315.34300000001,54060.6658,45304.698300000004
2021-11-05,61395.01,62595.72,60721.0,60937.12,31604.48749,0.00078107,0.001262153333333334,0.0009865135714285714,0.0008332453333333333,0.0004227456519390009,0.00036079309518396,0.000418666933062004,-1.2623190199059646,-0.5039537753144536,0.5668565159774382,0.436055564002895,0.5376213169213927,0.7268242091485528,38.90704120922643,50.70312402892775,58.68330149148688,61376.174,54324.6518,45331.2182
2021-11-06,60940.18,61560.49,60050.0,61470.61,25590.57408,0.00136168,0.0011912666666666675,0.001042042857142857,0.0008546849999999999,0.0003569300046694459,0.0003538809539385296,0.00042893061313112015,0.4154346184548281,0.9062424497991763,1.84992108007044,0.43875085804366004,0.5369460581410685,0.6626584648116758,46.800926017395284,50.52130648148062,58.2003040740602,61681.891,54608.064399999996,45356.44625
2021-11-07,61470.62,63286.35,61322.78,63273.59,25515.6883,0.00090959,0.0010174466666666674,0.0010352742857142859,0.000861621,0.0003049619458773998,0.0003555595917102323,0.00042804976310246117,-0.8727121256044148,-0.23223333793706763,0.7849133254160175,0.3794278735193561,0.5502801329960495,0.6629918713472307,63.48786577940079,56.37102371784235,60.43628282496984,61951.66100000001,54907.681399999994,45403.876050000006
2021-11-08,63273.58,67789.0,63273.58,67525.83,54442.094554,0.00123949,0.0011702533333333342,0.001061905,0.0008910316666666667,0.00023386241475134608,0.00035592119414599603,0.000422469584353746,0.3326795166831734,0.5132136176589455,1.4820536896826406,0.6599685230654584,0.5977382375802981,0.6791683601316615,79.58160934343887,60.573778560408975,61.77003291799129,62478.873,55313.363,45483.0504
2021-11-09,67525.82,68524.25,66222.4,66947.66,44661.378068,0.00145773,0.0012022700000000007,0.0010534392857142858,0.0009259873333333333,0.0002759589846335816,0.0003439545977297799,0.000424594301129052,1.0535716727542408,0.9938930491630033,1.878203370202444,0.5867484136881825,0.5894398135726244,0.6727689636210845,69.7236434826267,67.55023500718337,63.09396294954016,62987.72000000001,55792.0038,45562.163
2021-11-10,66947.67,69000.0,62822.9,64882.43,65171.504046,0.00163426,0.0014438266666666675,0.0011083857142857143,0.0009704626666666667,0.00019775190323567427,0.00037185000234202253,0.0004266379255732837,1.1563414820032398,1.5904775422068222,2.136130863789985,0.7026660950177778,0.5449048366415459,0.6792656267340522,58.87260565412395,67.0176300710278,58.839371637198724,63345.98299999999,56274.9648,45636.33595
2021-11-11,64882.42,65600.07,64100.0,64774.26,37237.98058,0.0005502300000000001,0.001214073333333334,0.0011195764285714285,0.0009788036666666666,0.0005816413745886126,0.0003504228506688498,0.00041537543486945875,-1.4000577030204187,-1.331184731978339,-0.16668369923605952,0.7133528609207782,0.5320632578396635,0.6787765993511985,67.24429153606775,62.38278242967317,58.71629301444536,63732.297999999995,56699.5778,45714.8734
2021-11-12,64774.25,65450.7,62278.0,64122.23,44490.10816,0.00090418,0.0010295566666666674,0.0011372964285714284,0.000998943,0.0005527836300337865,0.00033091243432962716,0.0003955002199846852,-0.581511384856418,-0.44479488820756796,0.5644478438757857,0.6990895977245052,0.5341541587025309,0.6759189585960241,65.93780617294239,55.8660133386361,53.14660973386997,63822.522,57084.7172,45765.4776
2021-11-13,64122.22,65000.0,63360.22,64380.0,22504.97383,0.00069016,0.0007148566666666674,0.0011304250000000002,0.0010052553333333334,0.0001782627124031523,0.00033964382780405186,0.0003887285844792838,-0.7495671463099339,-0.9704223265241491,0.09585540746193727,0.25664426589084693,0.5325143693756833,0.6679602603792858,64.97125020196947,57.98234442121068,54.564404255520245,63970.873999999996,57516.1058,45812.31775
2021-11-14,64380.01,65550.51,63576.27,65519.1,25705.07347,0.00037021,0.0006548500000000007,0.0010769564285714286,0.0009987006666666667,0.00026873051054912886,0.00039588456556867495,0.00039792487112721737,-0.9373651972616227,-1.643046389979095,-0.5911341445233478,0.34674739364284046,0.5160802812368666,0.6674772964325881,62.40241872322834,62.88759299237929,55.1328191901034,64383.28300000001,57973.075,45865.68215
2021-11-15,65519.11,66401.82,63400.0,63606.74,37829.37124,0.0007786,0.0006129900000000006,0.001046282857142857,0.0009848996666666668,0.00021485344935559056,0.00040154353973000887,0.00039814672299407785,0.5806335865436084,-0.5414897181868693,0.26679753109841003,0.33467222519280787,0.4936813181983812,0.6722245308846487,20.80895836778008,57.53251637904038,51.98097647290803,64650.24500000001,58381.991799999996,45915.94085
2021-11-16,63606.73,63617.31,58574.07,60058.87,77455.15609,0.00055998,0.0005695966666666674,0.0010173264285714286,0.0009650116666666666,0.00020436476759296967,0.00042192678162863604,0.00040412982088879897,-0.49023314027792747,-1.047729031649918,-0.21325784010253282,0.5614937066496112,0.5375434892986386,0.6887317260146983,14.42670459063794,41.73877865052893,44.923742875691374,64509.07100000001,58740.2222,45927.763849999996
2021-11-17,60058.87,60840.23,58373.0,60344.87,46289.38491,0.00033155,0.0005567100000000007,0.0009285557142857142,0.000952516,0.0002235429383809632,0.00042643337949726113,0.00041795999785163837,-1.1006661557971125,-1.6048889137003575,-0.7081163096180169,0.587347845438709,0.514518346002155,0.6874477327092782,21.293257246970867,43.31856314582156,42.95542164052964,64216.19900000001,59126.5888,45940.48635
2021-11-18,60344.86,60976.0,56474.26,56891.62,62146.99931,0.00031235,0.0004012933333333341,0.0008486485714285715,0.0009512696666666667,0.0001377615825741266,0.000429830682887638,0.00041987080259563473,-0.7976364815530308,-1.5283881411421587,-0.7503030445496549,0.6697738286656656,0.5561650907069989,0.7018743015580168,14.960998828274768,39.301358179841586,43.338643289787626,63152.778000000006,59433.935600000004,45942.0534
2021-11-19,56891.62,58320.0,55600.0,58052.24,50715.88726,0.00030000000000000003,0.00031463333333333406,0.0008142864285714286,0.000933524,1.5898453803046352e-05,0.00045418779603913196,0.00043600937283187513,-0.7474314710255688,-1.4194167757590401,-0.7769953367980835,0.6852776560891651,0.5659463949897237,0.6596321808415392,24.185568220381825,43.367872407727475,46.65899090619777,62263.236,59718.4984,45946.46765
2021-11-20,58057.1,59845.0,57353.0,59707.51,33811.5901,0.00030000000000000003,0.0003041166666666674,0.000738452142857143,0.0008807793333333333,7.130275824087177e-06,0.00044428544766034433,0.0004123382392793058,-0.5420927719940181,-1.2723525505897484,-0.7769953367980835,0.8098246798585363,0.5806069402755384,0.6448451574226685,32.23991540517994,46.14556561873108,48.05059053562632,61745.744000000006,59949.8164,45979.00515
2021-11-21,59707.52,60029.76,58486.65,58622.02,31902.22785,0.00030000000000000003,0.00030000000000000003,0.0006949100000000001,0.0008603733333333333,0.0,0.0004559414206300622,0.000425663310799655,-0.6354699022365874,-1.145871804135362,-0.7769953367980835,0.6695396472229548,0.5848503044927272,0.6295655331491492,23.6769952506922,39.501534064258934,47.290589884088156,61130.520000000004,60169.5588,45984.9347
2021-11-22,58617.7,59444.0,55610.0,56247.18,51724.32047,0.00030000000000000003,0.00030000000000000003,0.0006278035714285715,0.0008508976666666666,0.0,0.0004384249993505163,0.0004350814408478418,-0.44640534231398327,-1.0441378801844579,-0.7814946376159082,0.7230045506229082,0.5801752695321166,0.6365904597754934,22.86966189743707,22.187424942677467,41.73026696144769,60343.015,60330.502199999995,45984.20220000001
2021-11-23,56243.83,58009.99,55317.0,57541.27,49917.85017,0.00032897,0.0003096566666666674,0.0005471778571428572,0.000828385,1.6725837298251505e-05,0.00037296429876946597,0.00044424427152692366,1.7874747082184512,-0.9016450505800202,-0.7504563205150323,0.5839308377290896,0.5929159493088173,0.6253853813969577,38.869593512035166,27.59539426517135,46.50236794134326,59659.14200000001,60496.828799999996,45985.334800000004
2021-11-24,57541.26,57735.0,55837.0,57138.29,39612.04964,0.00032010000000000003,0.0003163566666666674,0.0004533092857142858,0.0008101663333333335,1.4843336327376168e-05,0.00020658193235706753,0.0004537266107545226,0.7448529220409138,-0.838315741259001,-0.773985867758467,0.5531937026485213,0.5864557878790302,0.6257584188291558,35.96871843970044,29.96843222706228,48.33690129293948,58821.06100000001,60610.1548,45976.71599999999
2021-11-25,57138.29,59398.9,57000.0,58960.36,42153.51522,0.00043212000000000003,0.0003603966666666674,0.0004448728571428572,0.0007720286666666668,6.227235850140703e-05,0.0002047227330366231,0.00043480347043418807,1.74062050777265,-0.5384302456748352,-0.543654606284411,0.5705395143633937,0.6047299161174314,0.6289825232483358,60.55979565834819,36.186153221810805,47.87408948107339,58356.422999999995,60683.062000000005,45980.3136
2021-11-26,58960.37,59150.0,53500.0,53726.53,65927.87066,0.00057604,0.000442753333333334,0.0004214342857142857,0.0007623963333333334,0.00012830090308851315,0.0001625278204689282,0.00043587210449763826,1.6022238112623215,-0.13140795778535427,-0.23280852338526478,0.9733584894116273,0.7168479931184691,0.6704786270607213,34.40462859544827,29.716134762426776,39.73919551792416,57723.189,60681.8882,45969.865549999995
2021-11-27,53723.72,55280.0,53610.0,54721.03,29716.99957,0.00030824,0.0004388000000000007,0.00039415428571428575,0.0007595523333333333,0.0001340249111172796,0.00014506748051614922,0.0004386313092091244,-0.7467970564457391,-0.7119609299203467,-0.8469260692668915,0.9731596458929289,0.7081228295975786,0.6668207098154796,31.122972788804944,31.68031432801331,41.53286971159934,57160.80500000001,60697.280199999994,45960.120599999995
2021-11-28,54716.47,57445.05,53256.64,57274.88,36163.7137,0.00030000000000000003,0.00039476000000000067,0.0003891392857142857,0.0007476823333333333,0.00015704713687296097,0.00014715744009862456,0.0004462790371867176,-0.7376306618237481,-0.6559317476606074,-0.8774353066214354,1.0502863535751927,0.6740591969465385,0.6741756860444025,45.410447964588016,35.15999916477544,45.44141977735728,57199.13100000001,60743.78340000001,45998.3384
2021-11-29,57274.89,58865.97,56666.67,57776.25,40125.28009,0.00040774,0.00033866000000000077,0.0003626492857142857,0.0007350616666666667,5.9966734111458344e-05,9.622142552584915e-05,0.00045048138172774487,0.025943699023209688,-0.2874274024243637,-0.6381950245518163,1.050556527815395,0.6779256761019751,0.6631684475634522,55.971674702735186,38.94317802111071,46.4585312200881,57171.53199999999,60806.12840000001,46038.8648
2021-11-30,57776.25,59176.99,55875.55,56950.56,49161.05194,0.00047809999999999997,0.00039528000000000073,0.00035680071428571434,0.0007137059999999999,8.97014002120064e-05,8.51568196342874e-05,0.000446835079555516,0.5484626338191618,0.198232718655224,-0.49861617870354863,1.0064577655358842,0.6702394661015374,0.6256350482975416,47.60541547182422,43.42681077743003,42.67181252721741,56895.837,60795.712600000006,46074.41035
2021-12-01,56950.56,59053.55,56458.01,57184.07,44956.63656,0.00051835,0.0004680633333333341,0.0003701435714285714,0.0006907166666666667,5.598387297542167e-05,9.496558831067987e-05,0.0004381834967409169,1.1800287620799477,0.4328504614540611,-0.42479365720811685,0.42063226748852756,0.6714910032310282,0.6247395516371332,50.188165546219736,43.300937292294265,43.30882185852591,56752.042,60819.4554,46126.51575
2021-12-02,57184.07,57375.47,55777.77,56480.34,37574.05976,0.00035951,0.0004519866666666674,0.00037351214285714283,0.0006705213333333334,8.257703090646991e-05,9.35842412094791e-05,0.00043904938005001685,-0.6046406157152334,-0.3792950443961356,-0.8021373309974515,0.46145516837074335,0.6718125164613927,0.6254904212640088,38.77461417573496,49.01333087673311,44.13361315629166,56775.35799999999,60801.7222,46176.75995
2021-12-03,56484.26,57600.0,51680.0,53601.05,58927.69027,0.00048884,0.00045556666666666737,0.00038700071428571437,0.000634338,8.448593038682891e-05,9.575747823495953e-05,0.00040543757978179064,0.5888849047633535,0.6640402887742137,-0.5077058921577118,0.4593211301033026,0.697735927751211,0.6381849488075259,49.27818185583031,40.134996948204815,41.72184070382376,56381.335999999996,60726.784400000004,46227.075
2021-12-04,53601.05,53859.1,42000.3,49152.47,114203.373748,0.00019178,0.00034671000000000067,0.00037927071428571436,0.000593029,0.00014894307939610472,0.00010702583896961307,0.00038403142246930635,-1.5983502684012147,-1.482439705771753,-1.2233674877231973,0.701677916412869,0.7602881916950754,0.6647724246684231,27.07660616399292,29.18451736266799,37.22843893027615,55582.754,60476.3854,46258.588449999996
2021-12-05,49152.46,49699.05,47727.21,49396.33,45580.82012,0.00027273,0.00031778333333333406,0.0003773228571428571,0.0005760843333333334,0.0001535692450763745,0.00010881277225859152,0.00038665418255526095,-0.6722219782664831,-0.9181015674303478,-1.028238813653775,0.7635326843848379,0.7613093857358677,0.6394501325402836,9.95055932118889,31.181424425967506,35.13121826366701,54626.351,60246.800599999995,46322.11965
2021-12-06,49396.32,50891.11,47100.0,50441.92,58571.21575,0.00030000000000000003,0.00025483666666666733,0.0003773228571428571,0.0005406950000000001,5.628517241092296e-05,0.00010881277225859152,0.000359934482062489,-0.2036934509712129,-0.5862324460287359,-0.9394969716195904,0.8389593068966669,0.7462549414237406,0.6384674777337298,14.671708292188484,37.47945687647673,30.344845994313147,54297.89,60025.072400000005,46371.696050000006
2021-12-07,50441.91,51936.33,50039.74,50588.95,38253.46877,0.00023977000000000002,0.000270833333333334,0.0003709514285714286,0.0005183676666666666,3.0159761824778805e-05,0.00011433328829869951,0.00035702550619484355,-0.517463787020173,-1.1257981489639985,-1.0533835496640946,0.8697093649119197,0.7456577716041722,0.638460582136092,17.213570146747884,34.225000317661554,30.99060913168603,53884.68199999999,59796.6546,46438.380750000004
2021-12-08,50588.95,51200.0,48600.0,50471.19,38425.92466,0.00030000000000000003,0.00027992333333333404,0.0003695157142857143,0.00048705133333333333,3.477380671320615e-05,0.0001151442874574013,0.0003319116410435708,0.8529095620589704,-0.5124437974811126,-0.9084972272961845,0.8139211761085163,0.7109836162651799,0.6366063837253841,14.985436852689944,34.67379840427607,32.459755845228486,53204.313,59520.4666,46503.48805000001
2021-12-09,50471.19,50797.76,47320.0,47545.59,37692.68665,0.00030000000000000003,0.00027992333333333404,0.0003600785714285714,0.0004484603333333334,3.477380671320615e-05,0.00011503276883349923,0.0002781024343218766,0.65651046343437,-0.5124437974811126,-0.901226957940348,0.5905503065896639,0.7359664930941086,0.6526052443675304,12.165610435892418,25.026964420964603,30.376443718414848,52181.247,59151.35019999999,46567.939750000005
2021-12-10,47535.9,50125.0,46852.0,47140.54,44233.57391,0.00030000000000000003,0.00030000000000000003,0.0003403614285714286,0.00040398500000000004,0.0,9.748781729470592e-05,0.00016603550909682332,0.4470476268993291,-0.5124437974811126,-0.9012269579403482,0.5774790067009695,0.7158994653277154,0.6393193208903581,15.390631780033459,31.73137254575377,30.548315672394622,51200.245,58850.297999999995,46609.66099999999
2021-12-11,47140.54,49485.71,46751.0,49389.99,28889.19358,0.00030000000000000003,0.00030000000000000003,0.00033977285714285714,0.000395644,0.0,9.772125888141988e-05,0.00016471543171641239,0.4470476268993291,-0.5124437974811126,-0.9012269579403482,0.723527291117522,0.7571172678815413,0.6483951403151302,51.66462489872415,36.174946940822124,33.57893705949692,50420.837,58624.33340000001,46664.98735
2021-12-12,49389.99,50777.0,48638.0,50053.9,26017.93421,0.00030000000000000003,0.00030000000000000003,0.00033977285714285714,0.0003755046666666667,0.0,9.772125888141988e-05,0.00013457149861522398,0.0,-0.5124437974811126,-0.9012269579403482,0.7382617457701706,0.7476179640983823,0.6462293021102854,54.35223757311471,29.238626784169625,32.880145520753615,49778.193,58399.676400000004,46719.047300000006
2021-12-13,50053.9,50189.97,45672.75,46702.75,50869.52093,0.00030000000000000003,0.00030000000000000003,0.0003320771428571429,0.0003624993333333334,0.0,9.61873128871289e-05,0.00012131378151617484,0.0,-0.49520433314578444,-0.8887783299496751,0.9353587638344179,0.7826107393390866,0.6670006863125565,31.038595530401096,22.644786118712673,31.865096147015336,49088.363,58116.687000000005,46759.91115
2021-12-14,46702.76,48700.41,46290.0,48343.28,39955.98445,0.00018345000000000001,0.0002611500000000007,0.0003110307142857143,0.000356274,6.729017387400635e-05,9.398936588496334e-05,0.0001256199166232047,-1.7885112474888516,-1.4915892216745765,-1.1318451479203924,0.8735735327466166,0.8058714945003346,0.6463743997032054,40.110186771419436,29.560048330469016,36.894987772624695,49007.444,57821.977,46823.310099999995
2021-12-15,48336.95,49500.0,46547.0,48864.98,51629.181,0.00030000000000000003,0.0002611500000000007,0.00029543428571428574,0.0003403206666666667,6.729017387400635e-05,7.26302130092241e-05,9.73445334502708e-05,0.44712781187222106,-0.34464946985994277,-0.8358215276077098,0.8651355990742436,0.790992741545964,0.6469932541950478,43.169359866430376,30.511173800776987,37.225998946466305,48954.309,57592.7004,46894.60925
2021-12-16,48864.98,49436.43,47511.0,47632.38,31949.86739,0.00030000000000000003,0.0002611500000000007,0.00029118357142857143,0.0003316546666666667,6.729017387400635e-05,7.029559047420351e-05,8.82639720983708e-05,0.44712781187222106,-0.2524608762803825,-0.8074627350999865,0.7806005199410133,0.7015416733635024,0.6481959789904608,50.43117367271784,29.773409960632875,39.16133702486566,48673.355,57377.07920000001,46954.56479999999
2021-12-17,47632.38,47995.96,45456.0,46131.2,43104.4887,0.00024678,0.0002822600000000007,0.00027389357142857144,0.00032882900000000005,3.072658132617579e-05,4.202335112906868e-05,8.961401919847048e-05,-0.3732706593527442,-0.8028492617733173,-0.9067216896948388,0.7674988046607968,0.7009376647556095,0.6510459312581389,45.47807808238039,31.77551077169234,36.1558722084776,48227.58,57088.1854,46998.95175
2021-12-18,46133.83,47392.37,45500.0,46834.48,25020.05271,0.00026742,0.00027140000000000063,0.00027929642857142857,0.0003273313333333333,2.6832301429322986e-05,3.491539545983944e-05,9.027194896855836e-05,0.1636971887293292,-0.5524698264203711,-0.8539612260904954,0.5414388104800516,0.6669698133755615,0.6449492194869585,36.709917987172794,43.08008566639778,34.712277249026315,47863.909,56779.8008,47049.6587
2021-12-19,46834.47,48300.01,46406.91,46681.23,29305.70665,0.0002708,0.0002616666666666673,0.00027915857142857145,0.00032635799999999995,1.3002527959106221e-05,3.494711187750021e-05,9.073304665054546e-05,-0.2703779002293408,-0.45002806463545036,-0.8212913074859738,0.40395696516371604,0.6624357471994787,0.6400611769651133,31.476357389144212,41.85050137830659,35.49828553468075,47777.473,56476.2416,47095.22145
2021-12-20,46681.24,47537.57,45558.85,46914.16,35848.50609,0.00030000000000000003,0.00027940666666666735,0.00027915857142857145,0.00032635799999999995,1.7914243867029816e-05,3.494711187750021e-05,9.073304665054546e-05,1.0030147911734393,-0.024679845595091912,-0.7455890861832958,0.38337098070401704,0.6655010315629499,0.6262211203511249,51.76602672805376,38.868202925510715,38.04328442188945,47754.83500000001,56188.5288,47133.558300000004
2021-12-21,46914.17,49328.96,46630.0,48889.88,37713.92924,0.00029184,0.0002875466666666673,0.00028287785714285713,0.000326086,1.5066005885019774e-05,3.31576699977155e-05,9.082696992751766e-05,0.7806150752854051,0.019402151223067505,-0.7404068771494164,0.5104785811800784,0.6984066576409848,0.6343063809411431,54.32391554045968,45.193336467858174,39.106783960406204,47704.824,55948.1042,47193.862700000005
2021-12-22,48887.59,49576.13,48421.87,48588.16,27004.2022,0.00030000000000000003,0.0002972800000000007,0.00028287785714285713,0.000326086,4.711178195967472e-06,3.31576699977155e-05,9.082696992751766e-05,0.8830783076165678,0.2074377521458657,-0.7056762072663386,0.3657335166608555,0.6981330285335338,0.6334397603313818,47.73123651789089,44.72778973315356,39.2067607317854,47558.25,55655.467599999996,47259.2375
2021-12-23,48588.17,51375.0,47920.42,50838.81,35192.54046,0.00023738,0.00027640666666666733,0.000278405,0.000323033,3.404345654200526e-05,3.485067149788141e-05,9.225478741529787e-05,-1.5986872202648643,-1.0193632863650304,-0.8300889356696034,0.4756757383210078,0.702320042531091,0.6448584014375237,72.52108170979227,59.58271838873946,39.85752289551641,47971.856,55414.3142,47334.45
2021-12-24,50838.82,51810.0,50384.43,50820.0,31684.84269,0.00030000000000000003,0.00027912666666666733,0.000278405,0.000322363,3.615367385657249e-05,3.485067149788141e-05,9.23497620238915e-05,0.5179345022185271,0.6147082089321088,-0.6537460687628339,0.4652301352384353,0.5921713852053311,0.6374731726972365,91.59422038335674,60.95280790241489,45.82662426853235,48219.528000000006,55202.814000000006,47420.786049999995
2021-12-25,50819.99,51156.23,50142.32,50399.66,19135.51613,0.00030000000000000003,0.00027912666666666733,0.000278405,0.0003179590000000001,3.615367385657249e-05,3.485067149788141e-05,9.00569792945695e-05,0.5179345022185271,0.5675288995107918,-0.6339730155829365,0.5083680679750875,0.5934664039779544,0.6292754152617334,83.29815333001007,53.37281371907276,43.69108619944733,48372.996,54992.06479999999,47505.88029999999
2021-12-26,50399.67,51280.0,49412.0,50775.49,22569.88914,0.00030000000000000003,0.00030000000000000003,0.000278405,0.00030875766666666675,0.0,3.485067149788141e-05,7.57432853828121e-05,0.44705395911526963,0.5675288995107918,-0.6112621896103057,0.41927756629995105,0.5875207766936466,0.6254587941300768,86.71323529410691,52.457783509047296,39.86690410478443,48687.307,54778.1624,47572.8175
2021-12-27,50775.48,52088.0,50449.0,50701.44,28792.21566,0.00030000000000000003,0.00030000000000000003,0.00027840500000000007,0.000308483,0.0,3.485067149788141e-05,7.576016572966771e-05,0.44705395911526963,0.49443670521658256,-0.6060008424403696,0.40687542170735963,0.5874485745140775,0.6178973547895099,84.95658209527232,67.53413040369827,38.820818265389725,49144.331000000006,54526.7194,47642.9461
2021-12-28,50701.44,50704.05,47313.01,47543.74,45853.33924,0.00030000000000000003,0.00030000000000000003,0.00028673000000000007,0.000308483,0.0,2.1959778267221198e-05,7.576016572966771e-05,0.0,0.49443670521658434,-0.5893689217982602,0.5539953341476791,0.6488473334612709,0.6312944286740826,39.80057886681092,46.90574747518021,36.15618046316383,49215.257,54127.077600000004,47694.00489999999
2021-12-29,47543.74,48139.08,46096.99,46464.66,39498.87,0.00030000000000000003,0.00030000000000000003,0.00028673000000000007,0.0003048916666666667,0.0,2.1959778267221198e-05,7.340993957338711e-05,0.0,0.49443670521658434,-0.5690230258141632,0.5389203557681231,0.6046076059457356,0.6329234602631363,35.60623930719814,41.09484653271705,34.60755873644946,49193.6,53717.4176,47748.597649999996
2021-12-30,46464.66,47900.0,45900.0,47120.87,30352.29569,0.00030000000000000003,0.00030000000000000003,0.00028673000000000007,0.00029895500000000005,0.0,2.1959778267221198e-05,6.57180600145533e-05,0.0,0.49443670521658434,-0.543723592954166,0.6049893191683517,0.6069844663502534,0.6345131177268716,17.849125392161767,48.01751836133039,36.541986060961285,49214.27099999999,53362.1864,47789.09915
2021-12-31,47120.88,48548.26,45678.0,46216.93,34937.99796,0.00016898,0.0002563266666666673,0.0002811728571428572,0.00028730933333333334,7.564443226918502e-05,3.731954374134315e-05,5.568932510438824e-05,-1.788549137193716,-2.746947384513068,-0.8637531349367235,0.5624097155049945,0.5741603873580207,0.6355741749163407,15.479477737862311,50.34839651448487,38.742861498586514,48946.976,52991.039800000006,47817.60235
2022-01-01,46216.93,47954.63,46208.37,47722.65,19604.46325,0.00030000000000000003,0.0002563266666666673,0.0002835,0.00028532566666666665,7.564443226918502e-05,3.74116707418872e-05,5.4065029725349716e-05,0.4471372842984369,0.5442900935409519,-0.4862036854197167,0.7102701421579101,0.5899411532335291,0.6336041698819355,32.73460405828507,53.38842281558569,47.60536385633411,48860.425,52663.048200000005,47855.4954
2022-01-02,47722.66,47990.0,46654.0,47286.18,18340.4604,0.00030000000000000003,0.0002563266666666673,0.00028558571428571433,0.000279031,7.564443226918502e-05,3.746309727118035e-05,3.822635084562874e-05,0.4471372842984369,0.5442900935409519,-0.46484003266164814,0.4485902676425845,0.5093504248302105,0.6337007725685581,27.67033099241162,52.259101945820895,46.488613766646516,48505.162,52321.1718,47900.18125
2022-01-03,47286.18,47570.0,45696.0,46446.1,27662.0771,0.00030000000000000003,0.00030000000000000003,0.00028558571428571433,0.00028263833333333336,0.0,3.746309727118035e-05,3.464745570441171e-05,0.4471372842984369,0.4776506172806274,-0.4412392262042332,0.4277783083171081,0.49124520547675454,0.6327051651276775,25.19966896680137,48.327917624056326,43.304981545978166,48067.772000000004,51939.7118,47941.946899999995
2022-01-04,46446.1,47557.54,45500.0,45832.01,35491.4136,0.00030000000000000003,0.00030000000000000003,0.00028616857142857145,0.0002835473333333334,0.0,3.7630988633061013e-05,3.473614999952018e-05,0.4471372842984369,0.4776506172806274,-0.41932811222005223,0.4088753758615504,0.49000738965960505,0.6330295851408714,35.819696168887404,37.89891164721469,42.15254315577924,47611.007000000005,51584.21720000001,47992.00775
2022-01-05,45832.01,47070.0,42500.0,43451.13,51784.11857,0.00030000000000000003,0.00030000000000000003,0.00028616857142857145,0.00028354733333333336,0.0,3.7630988633061013e-05,3.473614999952018e-05,0.0,0.4776506172806274,-0.3937380955338468,0.5806554753661812,0.5273265670587134,0.6432875305190078,29.464564375067866,32.543555901409476,39.223754694224034,46878.570999999996,51252.0624,48031.844800000006
2022-01-06,43451.14,43816.0,42430.58,43082.31,38880.37305,0.00030000000000000003,0.00030000000000000003,0.00029064142857142863,0.00028555500000000005,0.0,3.501656791546645e-05,3.3847893506614715e-05,0.0,0.4102582535505394,-0.367437989021464,0.3585107317668004,0.5132116139488124,0.6373976575374262,21.35773049645178,19.776777155893782,42.564952220775275,46116.657999999996,50906.811200000004,48069.25555000001
2022-01-07,43082.3,43145.83,40610.0,41566.48,54836.50818,0.00030000000000000003,0.00030000000000000003,0.0002906414285714286,0.000285555,0.0,3.501656791546645e-05,3.3847893506614715e-05,0.0,0.3619172305003726,-0.3384059953177,0.35429340477787913,0.5238788510027553,0.6156281332623313,19.652070181115405,17.71060727026898,41.04595141283808,45518.932,50600.3084,48119.0433
2022-01-08,41566.48,42300.0,40501.0,41679.74,32952.73111,0.00030000000000000003,0.00030000000000000003,0.00029064142857142863,0.000285555,0.0,3.501656791546645e-05,3.3847893506614715e-05,0.0,0.31798794871639413,-0.3147272791621245,0.43157418604149866,0.5250956408530476,0.6162027440720417,1.8065438165827317,18.906201415492035,36.701756104658344,45040.44,50272.8584,48164.8942
2022-01-09,41679.74,42786.7,41200.02,41864.62,22724.39426,0.00030000000000000003,0.00030000000000000003,0.00029064142857142863,0.000285555,0.0,3.501656791546645e-05,3.3847893506614715e-05,0.0,0.31798794871639585,-0.3366840508087347,0.4860368274885936,0.5248861409065166,0.6140974875542978,4.954269305929785,17.786625850171106,35.63823406650485,44514.815,49916.0006,48205.82695
2022-01-10,41864.62,42248.5,39650.0,41822.49,50729.17019,0.00024522,0.00028174000000000065,0.0002867285714285715,0.000283729,3.162724774611434e-05,3.690034122368846e-05,3.451283762662871e-05,-1.7881244864360444,-1.2736615460990999,-0.7222330913475091,0.3156286052295729,0.48153487869304507,0.6141372101057408,5.711614612567686,17.827769802209787,40.31758993844406,44075.371,49580.01,48241.623949999994
2022-01-11,41822.49,43100.0,41268.93,42729.29,37296.43729,0.00027394,0.00027305333333333396,0.0002848671428571429,0.00028286033333333333,2.7400761546486085e-05,3.683660938815973e-05,3.441700887486619e-05,-0.40596767841755244,-0.37094164625965076,-0.5114219284235212,0.40046966850720256,0.4975295990270672,0.6181608725816279,21.857925479807136,29.154958482667794,38.52787013214806,43576.034999999996,49309.652200000004,48297.348150000005
2022-01-12,42729.29,44322.0,42450.0,43902.66,33943.2928,-4.890000000000002e-06,0.000171423333333334,0.0002630892857142857,0.00027269733333333334,0.00015336558686135222,8.536370733647246e-05,6.263172975386872e-05,-1.761140731733781,-3.837270462976519,-3.045283730854999,0.23862310379932425,0.4663034042641612,0.623249746635223,55.2441412374565,38.99718960221065,40.12262128168688,43237.683000000005,49036.88,48355.4432
2022-01-13,43902.65,44500.0,42311.22,42560.11,34910.87762,-3.587e-05,7.772666666666733e-05,0.00023909857142857146,0.0002653866666666667,0.00017063028521726903,0.00011592006707924034,8.29217767801407e-05,-1.1804848504255705,-2.930056394940689,-3.0132343956540546,0.4368935424246291,0.4758299359953433,0.6232371880955452,45.05381884587249,31.50366377317181,39.9477676393172,42849.083999999995,48745.3164,48394.74205
2022-01-14,42558.35,43448.78,41725.95,43059.96,32640.88292,-0.00015233,-6.436333333333269e-05,0.00021614785714285718,0.000250309,7.774021438950357e-05,0.00015581360260452458,0.00011232245156939676,-1.1693483850935034,-2.8679123793541064,-3.938080929655552,0.44163112136497645,0.48387296605354946,0.6223647105384625,67.51742969474631,36.762928804253725,43.66185905372729,42571.879,48427.3084,48437.5674
2022-01-15,43059.96,43800.0,42555.0,43084.29,21936.05616,0.00014943,-1.2923333333332687e-05,0.00020539285714285717,0.00024529000000000006,0.00015218306914149878,0.0001547735651464397,0.00011338450404984129,0.6197313434064562,-0.5748127509973124,-1.266807557948155,0.43967549300756886,0.4805809818853928,0.6093254621995092,66.82535081014039,27.792736806420294,42.03757310729462,42535.195,48214.4636,48473.430199999995
2022-01-16,43084.29,43475.0,42581.79,43071.66,20602.35271,0.0001036,3.356666666666732e-05,0.00019136428571428572,0.00024051733333333334,0.00016261388388857326,0.00015443923299446772,0.00011629567142697742,0.7683292872406193,-0.8313174985464694,-1.6144076847930593,0.4077971328362242,0.4809215227537116,0.6089255382731438,65.08174107744145,28.968411597381092,42.290100206456906,42534.130000000005,47981.476200000005,48513.5635
2022-01-17,43071.66,43176.18,41540.42,42201.62,27562.08613,0.00018398,0.00014567000000000066,0.00018307714285714286,0.00023773600000000003,4.0321697632832e-05,0.0001512411553385496,0.00011662738406776767,0.9548592244657769,-0.2036129321472514,-0.8733452771669639,0.3316552946226835,0.41442923419074124,0.5953232982496971,53.92509063953157,28.882049383744004,40.200900116356685,42597.644,47680.011,48557.04815
2022-01-18,42201.63,42691.0,41250.0,42352.12,29324.08257,0.00029998000000000004,0.000195853333333334,0.0001830757142857143,0.0002387086666666667,9.872693722245758e-05,0.00015123996606080468,0.00011703361729639517,1.0951377866602006,0.6514496865695111,0.15460582576032292,0.2262629921986179,0.40898180684031293,0.5923781962214195,45.37018169676166,31.84885670262122,35.288939612678575,42664.882,47371.528399999996,48599.876
2022-01-19,42352.12,42559.13,41138.56,41660.01,31685.72159,0.00024973,0.000244563333333334,0.000179485,0.00023703300000000002,5.817233735485691e-05,0.00014882794799315615,0.00011648438791798891,0.6687227225516733,0.30239368933130073,-0.28312897842311124,0.2098305165801759,0.402963600891173,0.587023833161133,18.782798488864685,38.659634549384734,34.679657422616145,42644.421,47065.717399999994,48634.8304
2022-01-20,41660.0,43505.0,40553.31,40680.91,42330.33953,0.00030000000000000003,0.0002832366666666673,0.000179485,0.00023730500000000005,2.9017626252459745e-05,0.00014882794799315615,0.00011662622029523489,0.8631108489060209,0.6224494824790658,0.16212899487090257,0.23541647328434726,0.40617113085028417,0.5878836310648273,20.897242114126882,35.88637159736018,26.199190230274837,42530.263,46735.6542,48661.8024
2022-01-21,40680.92,41100.0,35440.45,36445.31,88860.891999,0.00022749,0.000259073333333334,0.0001743057142857143,0.00023488800000000002,3.7146984175398966e-05,0.00014553665151456998,0.00011603195117044975,-0.4988671050729914,0.11539197334609035,-0.46862873162608515,0.8421945905464576,0.56857175788997,0.6357334109805982,2.510370733065926,27.192920732328517,21.876304723041216,41901.865,46334.9536,48675.57825
2022-01-22,36445.31,36835.22,34008.0,35071.42,90471.338961,0.00013071,0.00021940000000000067,0.00016221357142857143,0.00023133233333333335,8.493445767174737e-05,0.0001412598190246845,0.00011757705613281206,-1.5925984371668815,-0.5451541396535885,-1.2788326262909109,0.830801460773369,0.5779742228114674,0.6357915637378019,1.8102279684429448,23.54085353841657,21.08941845525233,41018.741,45964.361,48679.835300000006
2022-01-23,35071.42,36499.0,34601.01,36244.55,44279.52354,7.171e-05,0.000143303333333334,0.00014590714285714283,0.00022372266666666668,7.864983237952173e-05,0.0001372503540939281,0.00012033479013481313,-1.3392296577733378,-0.8941140169642778,-1.7147578509667645,0.9850682664445706,0.6126789918817239,0.6438440238653024,13.970638680987818,29.147901867238318,23.39341796108019,40387.185000000005,45706.2026,48691.747449999995
2022-01-24,36244.55,37550.0,32917.17,36660.35,91904.753211,0.00014094,0.000114453333333334,0.00013845857142857145,0.00021842066666666668,3.73685380143075e-05,0.00013424273880134708,0.0001203622108165666,-0.37051417337366654,-0.3259544887990529,-1.0900189970589758,1.0496493882653453,0.6210159567508559,0.6382217671921904,19.28386841431181,31.363711849350977,24.608129325005947,39747.224,45451.483,48710.67065000001
2022-01-25,36660.35,37545.14,35701.0,36958.32,49232.40183,8.118e-05,9.794333333333399e-05,0.00012469,0.00021112666666666668,3.753605244730294e-05,0.00012906350714640718,0.00012186885713847435,-0.7930979270196108,-0.6994062297213556,-1.5959870621440229,1.089191753878026,0.5958015615226302,0.6025966442031163,20.582267987257907,28.207738615359915,28.649008877299906,39134.627,45181.81100000001,48726.3832
2022-01-26,36958.32,38919.98,36234.63,36809.34,69830.16036,-5.359e-05,5.617666666666731e-05,0.00012121142857142856,0.00019934033333333335,9.964615011793734e-05,0.00013340782786730083,0.0001298165079690269,-1.6482935585187715,-1.5229979799738034,-2.5863873601670693,0.5010595375436506,0.5960471281433768,0.5994700051906241,21.878445863917975,20.968233075318793,29.765840589862947,38508.395000000004,44906.2188,48742.915550000005
2022-01-27,36807.24,37234.47,35507.01,37160.1,53020.87934,-0.00022609,-6.616666666666602e-05,0.00010762428571428572,0.000181804,0.00015402059158867688,0.00015804784858316142,0.00014975271074862013,-1.565259638526488,-2.2610447682128876,-3.5195488433082094,0.25545970241823196,0.5865810647465242,0.5864812569372835,27.98428739902684,25.94583903875865,28.85501990998027,38004.243,44639.997,48757.42110000001
2022-01-28,37160.11,38000.0,36155.01,37716.56,42154.26956,9.552e-05,-6.138666666666603e-05,0.00012532785714285715,0.000174988,0.00016094669624855932,0.00013948009084172698,0.0001488381735748986,0.5885103692015149,-0.15465456077866793,-1.0815486166039314,0.13705787410239464,0.5921583914003506,0.5877088343377725,64.72380061106341,26.317445684448018,31.68499739076057,37540.687,44443.41640000001,48780.57074999999
2022-01-29,37716.57,38720.74,37268.44,38166.84,26129.49682,1.117e-05,-3.979999999999935e-05,0.00011545214285714285,0.00016536033333333335,0.00016675342185392411,0.00014250417846392428,0.00014981124140603553,0.22624698741328397,-0.6329639097915986,-1.6613028682262796,0.13816738654856695,0.5952782459747076,0.5892620311067218,95.6096870966213,28.998270302586803,28.42989735261773,37191.369999999995,44263.9424,48807.756100000006
2022-01-30,38166.83,38359.26,37351.63,37881.76,21430.66527,0.00025176,0.00011948333333333399,0.000126035,0.00016811966666666666,0.0001220719789031323,0.00014698721397823873,0.000150640267581861,1.3329538747876661,0.9926513367994024,0.18838167693603758,0.1916302160338613,0.5951664126783088,0.5886455572837319,82.67453788520565,28.338773091142542,28.625540928757417,36911.455,44033.777799999996,48833.06480000001
2022-01-31,37881.75,38744.0,36632.61,38466.9,36855.2458,-4.089999999999999e-05,7.401000000000067e-05,0.00010997214285714286,0.00015675633333333332,0.00015612212559401454,0.0001523572698615921,0.0001531851769520289,-0.3365103588406257,-0.8925803923944885,-1.9986814467508,0.17994975608748967,0.5905063346480832,0.5910013870117179,83.77145591790448,34.03256148031197,31.652169354115145,37113.614,43802.037800000006,48865.999299999996
2022-02-01,38466.9,39265.2,38000.0,38694.59,34574.44663,-4.1429999999999995e-05,5.647666666666733e-05,8.558571428571428e-05,0.00014537533333333334,0.00016912053522067185,0.00014682785376680406,0.00015485015165357384,-0.7840796515333207,-0.8748963033806321,-1.9425037996035297,0.18132190894623867,0.5749433228036966,0.5803646730879883,83.33352531684646,34.46511592347184,33.29088213893651,37475.931,43641.8746,48902.5529
2022-02-02,38694.59,38855.92,36586.95,36896.36,35794.6813,9.648e-05,4.716666666667323e-06,7.463928571428571e-05,0.00013859133333333332,7.946981963818897e-05,0.0001391615666142605,0.00015227921280772946,0.332906845072805,0.017413972406777188,-0.8686063702817702,0.49032064187237345,0.5926721703380794,0.5539489780858461,51.02288863184579,31.504855914412573,34.224539727872994,37541.112,43412.936200000004,48929.43435
2022-02-03,36896.37,37387.0,36250.0,37311.61,32081.10999,-8.081000000000001e-05,-8.586666666666015e-06,4.743857142857143e-05,0.00012589766666666667,9.30964523133198e-05,0.00012853492969483525,0.00015421996305511532,-0.8561273191856844,-1.2862605612831857,-2.093355276822776,0.48830373787644205,0.5923802170657602,0.5548405337056972,51.75434736794953,36.319518996671256,36.14254208601719,37606.238,43181.8688,48957.0996
2022-02-04,37311.98,41772.33,37026.73,41574.25,64703.95874,2.8910000000000006e-05,1.4860000000000652e-05,3.325428571428572e-05,0.00011686133333333335,8.947618621730027e-05,0.0001176317727692782,0.0001515864881781007,0.518425415110986,-0.45071783676341726,-1.2442030754885225,1.073602598676619,0.7708509436138216,0.6178921533628235,74.03751849068004,70.77957751613698,50.01648390114156,38067.831,43060.70619999999,49010.7726
2022-02-05,41571.7,41913.69,40843.01,41382.59,32532.34372,0.00027457,7.4223333333334e-05,4.3530000000000005e-05,0.00011601366666666667,0.00018197172784069118,0.00013218327457333994,0.00015059492764010377,1.5648199409505235,1.2049492351614552,0.5350022576705338,1.0925169704877056,0.7709118637565061,0.6177088880194344,70.70485687684555,78.27820777178479,49.37169221269901,38525.155999999995,42965.734000000004,49068.7338
2022-02-06,41382.6,42656.0,41116.56,42380.87,22405.16704,0.00030000000000000003,0.00020116000000000068,5.983642857142858e-05,0.00011601366666666667,0.00014971378727423134,0.0001489454182220739,0.00015059492764010377,1.0852448048743197,1.2893132907568674,0.7193891179807342,1.0902125766294768,0.7737832549391855,0.621336539798506,76.53124406613914,77.9324339825578,51.05528357232069,39047.233,42876.66180000001,49119.91560000001
2022-02-07,42380.87,44500.5,41645.85,43839.99,51060.62006,-2.8760000000000002e-05,0.00018193666666666735,4.7715000000000006e-05,0.000105055,0.00018291114026577784,0.00014874245174128294,0.0001486945268512794,-0.7220453533824045,-0.8087214555212386,-1.595720357803561,0.8336456506192924,0.7870071156135781,0.6111926441359085,78.72428463134256,79.84666856230687,53.89821325612195,39659.576,42819.837,49177.676400000004
2022-02-08,43839.99,45492.0,42666.0,44042.99,64880.29387,0.00030000000000000003,0.00019041333333333398,6.334500000000001e-05,0.00010505499999999999,0.00018980967449876496,0.0001633127671183548,0.0001486945268512794,0.7754246141322181,1.3922346148306792,0.7456048149431808,0.8520898487621018,0.7827822141843596,0.6110959005858753,78.66797167292495,79.68627043460785,52.609297736020686,40247.191000000006,42762.4136,49229.7209
2022-02-09,44043.0,44799.0,43117.92,44372.72,34428.16729,0.00019161999999999998,0.00015428666666666733,8.086e-05,0.00010326833333333332,0.00016752945333083059,0.00016295577668144792,0.00014726744540612295,-0.11384304780218912,0.7331963282543287,-0.013443821716832607,0.2965199421217477,0.7737409123659528,0.5996940368211308,97.56147832989782,81.21926936627504,50.96601698328211,40896.287,42672.0704,49280.2938
2022-02-10,44372.71,45821.0,43174.01,43495.44,62357.29091,0.00018201000000000003,0.000224543333333334,0.00011001,0.000100204,6.55238081412187e-05,0.0001384881311215735,0.00014452455249234326,-0.05186055634372404,0.6917045495888478,-0.06848198532699544,0.3931369552960808,0.5927259903611478,0.6001218428770011,87.15480351994228,75.06099760755637,51.95966566279976,41399.140999999996,42570.21599999999,49320.8659
2022-02-11,43495.44,43920.0,41938.51,42373.73,44975.1687,-8.986000000000001e-05,9.459000000000066e-05,9.676857142857143e-05,9.737166666666667e-05,0.0001598106376308954,0.00014848203019260484,0.00014745799563416502,-1.2272250248494823,-1.1166643271356642,-1.9230603581506522,0.4585336859336834,0.5759764310397323,0.5794130032505016,57.715826574369046,67.63399567893183,48.598752204790664,41767.055,42400.9144,49346.54655
2022-02-12,42373.73,43079.49,41688.88,42217.87,26556.85681,0.00030000000000000003,0.00013071666666666733,0.0001173992857142857,0.00010856733333333334,0.00019992738540111721,0.00015557016761996611,0.0001497257913178478,0.7728443849052073,1.3931219560026746,0.786441912447141,0.28460174495703,0.5685255026305127,0.5722872672349083,58.1174270842568,65.68869005248438,48.24026562763487,42299.206,42228.87180000001,49360.34655
2022-02-13,42217.87,42760.0,41870.0,42053.66,17732.08113,0.00022797999999999997,0.00014604000000000065,0.00011570071428571428,0.00012124433333333333,0.0002074447579477331,0.00015411332056763065,0.00014281496849213955,0.44217642639095356,0.8827234221057048,0.29501768540602136,0.25959986298141424,0.570327571656525,0.5713694711599528,46.20486161853708,66.30948099265879,47.945053392271376,42773.411,42061.951799999995,49370.51705
2022-02-14,42053.65,42842.4,41550.56,42535.94,34010.1306,0.00019029,0.000239423333333334,0.00013221428571428572,0.00012260633333333333,5.5743012417049205e-05,0.00014831979683802677,0.00014328709575617195,0.1901179620723167,0.602597566095714,0.04457673946200913,0.2838147989143407,0.5706398860740929,0.5694142550470669,30.44357197058818,66.03633342633509,50.68559503956067,42869.58,41897.1608,49383.11435
2022-02-15,42535.94,44751.4,42427.03,44544.86,38095.19576,7.702e-05,0.0001650966666666673,0.00014067500000000002,0.00012172033333333333,7.857008612269039e-05,0.00014084246719435223,0.00014349070445645882,-0.4208907767895943,-0.15424905628617497,-0.7295735708151249,0.5106202761718213,0.5918244676660194,0.576417500476056,54.88201338912367,70.2177262224526,54.178213852348776,43185.807,41774.0292,49394.8068
2022-02-16,44544.85,44549.97,43307.0,43873.56,28471.8727,0.00030000000000000003,0.00018910333333333403,0.00015521214285714287,0.00012558766666666667,0.00011149473634807651,0.0001463264174150519,0.00014675296755936403,0.8754630834438883,1.226164506464413,0.8270771708629101,0.45582317475282225,0.6011761892044961,0.5761543978815606,45.44691657118923,76.14899364675945,54.22121448471636,43335.076,41700.6256,49406.86545
2022-02-17,43873.56,44164.71,40073.21,40515.7,47245.99494,0.00030000000000000003,0.00022567333333333404,0.00018241285714285714,0.00012558833333333334,0.00012873756302387912,0.0001339481051308278,0.0001467537871469166,0.8754630834438883,1.1147347678865407,0.8216225102027727,0.8810251949680818,0.7074797462797923,0.607847475576365,31.288070795034727,59.838244641157715,49.71115224047535,43002.647,41581.6464,49410.21675
2022-02-18,40515.71,40959.88,39450.0,39974.44,43845.92241,-4.2970000000000004e-05,0.00018567666666666736,0.00017727857142857146,0.00011583166666666666,0.00019801382182395015,0.00014145194508044214,0.00014794086996999784,-1.400500724849537,-1.195343357349349,-1.5081180544420312,0.8805177311851125,0.7100443155511198,0.6081702441670948,33.748369275867205,43.632581809145734,57.085533636065556,42595.792,41438.717800000006,49414.349850000006
2022-02-19,39974.45,40444.32,39639.03,40079.17,18042.0551,0.00018671,0.000147913333333334,0.00017100285714285714,0.00011205533333333334,0.00017474550418630777,0.00013872619171641432,0.00014448320168996558,0.15215380623551839,0.3760016274763664,0.08313736114493674,0.8639447533000801,0.7086729252181603,0.5982951529571147,35.41243779465346,44.77609786830369,60.59410330865754,42166.437000000005,41315.9626,49423.710450000006
2022-02-20,40079.17,40125.44,38000.0,38386.89,33439.29011,2.0869999999999995e-05,5.4870000000000666e-05,0.00015106499999999998,0.00010516800000000002,0.00011855473672524929,0.00013881886076414003,0.00014371343774669828,-0.8342131569323599,-0.7926858781288826,-1.0280555635650102,0.6184822974908971,0.7324661216668401,0.6062828026324878,29.303966866206068,34.83629648415592,54.434796073151645,41655.582,41129.2474,49417.028999999995
2022-02-21,38386.89,39494.35,36800.0,37008.16,62347.68496,-1.4710000000000007e-05,6.429000000000066e-05,0.00015206857142857142,0.00010032066666666667,0.00010750105301806682,0.00013746300458151992,0.00014526627814143964,-0.7103188827410456,-1.0618274074125287,-1.2302758244603116,0.599199485856869,0.7480885449522073,0.5987510461181462,21.667172386078292,23.90269803615716,50.69238820879098,41119.025,40923.687000000005,49397.7575
2022-02-22,37008.16,38429.0,36350.0,38230.33,53785.94589,-5.965e-05,-1.7829999999999336e-05,0.00012637928571428573,9.5942e-05,4.035056876913711e-05,0.00014124471494345614,0.00014811031742220125,-0.7839289525241195,-1.2660875827107536,-1.477934359084136,0.5863873254130948,0.7328773978241425,0.6058654853155516,14.795396690352533,29.399886024697395,52.44233204010513,40720.271,40759.3716,49374.724799999996
2022-02-23,38230.33,39249.93,37036.79,37250.01,43560.732,-0.00018558000000000002,-8.6646666666666e-05,9.943642857142858e-05,8.505800000000001e-05,8.857626224517439e-05,0.00016225580537712402,0.00015645196359621752,-1.2964463234561496,-1.9566943306039357,-2.1921989733861653,0.599589308846087,0.7408612670660141,0.6080718110537261,14.302575627737411,25.869796617769424,50.81993567336458,40239.906,40587.7316,49338.11215
2022-02-24,37250.02,39843.0,34322.28,38327.21,120476.29458,-0.0001878,-0.00014434333333333265,7.302142857142858e-05,7.6092e-05,7.335497688177444e-05,0.0001771935367313054,0.00016419753296061912,-1.0580912615894238,-1.750426663276932,-2.0880510453585757,0.6982230747320267,0.5773508714817805,0.6129485450810821,34.36053333790345,32.72515296984815,52.11443160122767,39819.033,40485.2532,49310.77635000001
2022-02-25,38328.68,39683.53,38014.37,39219.17,56574.57125,0.00017218,-6.706666666666602e-05,9.173857142857142e-05,8.361766666666668e-05,0.0002071966643875475,0.000172440751334732,0.0001632198092627113,1.532799231208857,0.3888577852585927,0.1950075466630349,0.6277304882303882,0.588790197146152,0.6167042876071049,44.86028371979278,39.29138819260569,52.68955547989622,39286.46399999999,40407.9904,49275.605200000005
2022-02-26,39219.16,40348.45,38573.18,39116.72,29361.2568,0.00026946,8.461333333333401e-05,8.955714285714285e-05,0.000100136,0.00024087884451177242,0.00016977610325770348,0.00015569791174382507,1.2781222851633214,0.9881724416824373,0.8186038752057516,0.4742845793258161,0.5766188797886659,0.5980465327780612,43.44836224371993,39.43438357498802,51.72164919303741,38810.78,40358.9952,49243.263849999996
2022-02-27,39116.73,39855.7,37000.0,37699.07,46229.44719,6.748999999999999e-05,0.00016971000000000068,7.809357142857144e-05,9.920166666666667e-05,0.0001010076526803473,0.0001650634635343747,0.00015581062958039329,0.19405821382847321,-0.26193235581744084,-0.44665538604134514,0.5526524368565243,0.566525462126178,0.6018700239659208,45.13597379526826,36.33134556795381,49.68193430739052,38529.117000000006,40279.3818,49204.2042
2022-02-28,37699.08,44225.84,37450.17,43160.0,73945.63858,-0.00035539,-6.146666666665978e-06,3.911642857142857e-05,8.698299999999999e-05,0.00031886697795997353,0.00019772712971348472,0.00017601496321877086,-1.3462495631935412,-2.31246311029015,-2.8869325433958366,1.233514114429464,0.8328152706296974,0.6913437176245447,77.58009733982735,51.49241238659368,56.9848815438102,38847.673,40305.2894,49198.0092
2022-03-01,43160.0,44949.0,42809.98,44421.2,61743.09873,0.00024369000000000002,-1.4736666666665974e-05,5.1021428571428574e-05,8.671400000000001e-05,0.00030788817796941506,0.00020506616020043035,0.0001757604369118858,0.6429163163664534,0.8646462554423608,0.6945407535070048,1.2334960870411402,0.8419277466705453,0.6938301156349652,77.658284569556,49.69330417994857,58.26870635241721,39281.876000000004,40357.263600000006,49181.11520000001
2022-03-02,44421.2,45400.0,43334.09,43892.98,57782.65081,0.00019493,2.774333333333403e-05,4.351642857142858e-05,9.4575e-05,0.0003326976821880886,0.00019701786102583376,0.00017512869301038568,0.4303857821790415,0.6022992405972749,0.41695676457172165,1.285415049673709,0.8389593334163555,0.6894688238590598,80.92742660114695,50.04850886447944,60.48710661845756,39832.485,40380.5374,49165.23755
2022-03-03,43892.99,44101.12,41832.28,42454.0,50940.61021,0.00030000000000000003,0.00024620666666666735,4.351642857142858e-05,0.000105956,5.2580190502957655e-05,0.00019701786102583376,0.00017706885180632026,0.796558229007276,1.044983388950205,1.0494561353910101,1.3645766639044732,0.8438955903012973,0.6937162031266743,68.58681660584415,55.35498793241729,57.47833236818989,40377.069,40351.5642,49142.63845
2022-03-04,42454.0,42527.3,38550.0,39148.66,61964.68498,0.00030000000000000003,0.0002649766666666674,6.801428571428572e-05,0.00011274000000000001,6.0662192783705086e-05,0.00020653000868619536,0.00018055761997501807,0.5864575021350129,1.044983388950205,1.0494561353910101,1.559991938376571,0.9124920209113122,0.7197807904298666,49.73913725501547,48.02086648745541,46.37155295361146,40468.901999999995,40283.3352,49108.87529999999
2022-03-05,39148.65,39613.24,38407.59,39397.96,30363.13341,0.00021656,0.00027218666666666734,7.014642857142856e-05,0.00012265233333333332,4.817410646112113e-05,0.000207998500460854,0.00017770567774067565,-0.7192957473115035,0.612743946349694,0.5593713428082873,0.8009581048306954,0.9135144661836418,0.7196462910667932,51.029306919674546,48.37859105153121,47.03629712083047,40683.697,40210.0952,49082.385350000004
2022-03-06,39397.97,39693.87,38088.57,38420.81,39677.26158,5.112e-05,0.00018922666666666734,7.230714285714286e-05,0.00012339266666666667,0.0001266714132443744,0.00020760398089517533,0.00017734757768262174,-1.5809797518611373,-0.21900209919091235,-0.42177801051380076,0.625183420569333,0.9155712800118251,0.7106237278457362,52.729496442053545,50.083581383426136,44.08259850082442,40693.057,40116.825600000004,49050.96295000001
2022-03-07,38420.8,39547.57,37155.0,37988.0,63994.11559,-0.00011842,4.975333333333403e-05,6.489928571428572e-05,0.000110293,0.00016749418178947726,0.0002127347497007192,0.00018028554722709773,-1.480882733816732,-1.0291761987126942,-1.405804753649278,0.6267823785128717,0.8862381458076779,0.7108154267691276,18.436470157449847,52.532451689468985,40.97884897191954,40569.94,40015.1524,49007.099850000006
2022-03-08,37988.01,39362.08,37867.65,38730.63,55583.06638,0.00023378,5.5493333333334024e-05,8.585857142857144e-05,0.00010808566666666667,0.00017614072366527417,0.00021397107036152374,0.00017827696404238406,0.5733567303292176,0.8016931613143218,0.7437463814828449,0.7435632651091153,0.8930899259279871,0.7076428894552494,12.925129292988586,51.32592040554813,41.94473541037161,40531.331,39945.7326,48954.140649999994
2022-03-09,38730.63,42594.06,38656.45,41941.71,67392.58799,0.00026776,0.00012770666666666737,0.00011824,0.00011796966666666668,0.0002138279966078502,0.0002037941044667198,0.00017864779005909094,0.848525799943552,0.9961970156055076,0.9580091850840894,0.7741937210573966,0.9008201168889826,0.7351673451956289,40.5802096880527,61.11940616867475,46.6100194082875,40955.594999999994,39937.5244,48919.739850000005
2022-03-10,41941.7,42039.63,38539.73,39422.0,71962.93154,9.360999999999999e-05,0.00019838333333333405,0.0001383407142857143,0.00011109000000000001,9.231331774628794e-05,0.00018422521636739096,0.0001753395140666017,-0.07718733447170224,0.046611711531914575,-0.08970715748389689,1.0161896620020787,0.93952520740435,0.7508187348949975,36.74595777940361,52.428612816392565,44.56849174787603,40581.795,39892.7642,48870.65375
2022-03-11,39422.01,40236.26,38223.6,38729.57,59018.7642,-0.00013272,7.621666666666736e-05,0.00011656214285714286,0.00010027866666666667,0.00020080576095651885,0.00019746365228057975,0.0001801365476278287,-1.0654646261043494,-1.0457928570735124,-1.4373616542342857,1.001287784557585,0.9421611597015747,0.7519502448641179,47.6255820040732,48.9042018130774,45.08462066375408,40012.632,39853.737400000005,48816.857350000006
2022-03-12,38729.57,39486.71,38660.52,38807.36,24034.36432,-7.039999999999997e-06,-1.5383333333332645e-05,9.681214285714286e-05,9.397700000000001e-05,0.00011339543920866563,0.00019480433608264771,0.00018048517497913795,-0.5881743285096696,-0.3855918938328641,-0.6422041884579697,0.9920139823981238,0.9235825888232582,0.7498403377840975,46.58754737912169,49.30684080192491,45.39006766260213,39504.07,39900.9784,48772.5241
2022-03-13,38807.35,39310.0,37578.51,37777.34,32791.82359,-0.00010983,-8.319666666666598e-05,8.414642857142858e-05,9.331133333333335e-05,6.693927422168462e-05,0.0002024710395856329,0.00018122190726849684,-0.8055809628239862,-0.8780945913494966,-1.252408470590017,1.006427652865763,0.9170123361626304,0.7488822894951097,46.30464470674884,50.17847378576167,44.35196411731279,39036.403999999995,39955.0968,48716.5442
2022-03-14,37777.35,39947.12,37555.0,39671.37,46945.45375,-0.00011999999999999999,-7.895666666666597e-05,0.00010096000000000001,7.931133333333332e-05,6.248889848065742e-05,0.00017039649012277685,0.00018092687897628895,-0.6678306262230425,-0.9033404023032491,-1.2941161715659901,0.7792225579885027,0.9304289850879979,0.7559639983801346,58.27803562067286,40.49973067460664,46.352580761396744,39088.675,40023.6332,48680.6817
2022-03-15,39671.37,39887.61,38098.33,39280.33,46015.54926,0.00019263,-1.2399999999999307e-05,9.731285714285715e-05,7.8133e-05,0.0001776339857684696,0.0001676305100937579,0.00018003817834868306,1.6654472090468062,0.5931679680759063,0.5716554285992314,0.5675828610623026,0.9237041864066157,0.7555689032160893,52.79999185012004,35.30384728192632,43.00869814188416,39076.912,40076.0328,48631.73385
2022-03-16,39280.33,41718.0,38828.48,41114.0,88120.76167,0.00025871,0.00011044666666666735,0.00010186857142857143,8.041366666666667e-05,0.00020228912781790012,0.00017131374963263906,0.00018193134753839203,1.2389934148460784,0.8506794727646507,0.9599566578299757,0.6469444632023937,0.9357240919783799,0.7644635632084815,45.095743533649,42.60751501118538,46.44505157300297,39346.231,40159.1464,48592.8271
2022-03-17,41114.01,41478.82,40500.0,40917.9,37189.38087,0.00030000000000000003,0.0002504466666666673,0.00010186857142857143,8.784633333333333e-05,5.415986736807376e-05,0.00017131374963263906,0.00018629053561175472,0.9602921102563241,1.0130200422482571,1.1777722401204935,0.6589511016136541,0.9321246874084287,0.7645260126285884,62.23123818493894,45.62441961818347,50.564076700963575,39639.221000000005,40241.317599999995,48553.577450000004
2022-03-18,40917.89,42325.02,40135.04,41757.51,45408.00969,0.00021662,0.000258443333333334,9.591285714285717e-05,8.506700000000002e-05,4.169063963682227e-05,0.00016523746327071114,0.00018361902878535677,0.2815902344983935,0.5948446974234387,0.6701616571525297,0.5233481890774807,0.9350283936756586,0.7646802540389456,74.17609616974511,58.64580771863604,52.47996288129088,39941.909,40333.2658,48527.45045
2022-03-19,41757.51,42400.0,41499.29,42201.13,29067.18108,0.00030000000000000003,0.0002722066666666674,0.00010187285714285716,8.506700000000002e-05,4.813946544496975e-05,0.00017131684027102325,0.00018361902878535677,0.9562677949327633,0.9523189359739052,1.1722391532462093,0.42318438075466913,0.9176714560792502,0.7650873109225708,75.6014176029515,59.171662296507584,52.92374261540877,39967.851,40422.957200000004,48502.95165
2022-03-20,42201.13,42296.26,40911.0,41262.11,30653.33468,0.00030000000000000003,0.0002722066666666674,0.00011965000000000001,9.649933333333333e-05,4.813946544496975e-05,0.00017841117458105668,0.00018603339132855707,0.6692909510807584,0.933442084493942,1.1611426917346803,0.49179464730389183,0.7145424703343309,0.7660309566062862,76.65383220973655,59.31967335713686,54.045598781596844,40151.86200000001,40484.8626,48465.2096
2022-03-21,41262.11,41544.22,40467.94,41002.25,39426.24877,8.953e-05,0.00022984333333333403,0.00013450357142857144,9.326e-05,0.00012151491115631552,0.00016523600909503947,0.00018525286230747454,-1.6457163271467554,-0.3227102476689743,-0.07956545040964787,0.3156496596224457,0.7008437621109378,0.763907256440512,63.57232016838037,60.000424667609074,55.80261556372996,40379.130000000005,40547.272399999994,48423.987649999995
2022-03-22,41002.26,43361.0,40875.51,42364.13,59454.94294,0.00030000000000000003,0.00022984333333333403,0.00013923357142857145,0.00010256433333333332,0.00012151491115631552,0.00016919679964274816,0.00018847336441623903,0.6375659099961478,0.9344796813939863,1.1802264738627897,0.4160406440568221,0.7168662379023727,0.7162736559355986,76.25064694504827,61.579134549314894,55.98130570667447,40734.80699999999,40625.217000000004,48385.812600000005
2022-03-23,42364.13,43025.96,41751.47,42882.76,40828.87039,0.00027014,0.0002198900000000007,0.00013940357142857145,0.00011205933333333335,0.00011387801412034665,0.00016933700734187465,0.0001895337061995984,0.19851122635221652,0.7679179714189929,0.9786049624679167,0.3975775120587822,0.7046323758897525,0.7092214967036958,69.39974378771929,53.62014432105513,58.26054259493261,41245.349,40708.9804,48350.6482
2022-03-24,42882.76,44220.89,42560.46,43991.46,56195.12374,1.5570000000000002e-05,0.00019523666666666737,0.00013382928571428572,0.00011456666666666668,0.00015631055061424067,0.00017222033554833543,0.0001876722420335346,-1.346893985802965,-0.7164662157304292,-0.5341957203636806,0.43443223156727395,0.608147833147263,0.7075513883707991,78.08792028248128,69.71906718220521,58.2990704103386,41677.358,40850.8824,48311.821099999994
2022-03-25,43991.46,45094.14,43579.0,44313.16,54614.43648,0.00015429000000000002,0.00014666666666666737,0.00015433000000000002,0.00012589566666666667,0.0001274561008085799,0.0001541887406844407,0.0001789861078154615,-0.09694767972719961,0.16582089954208637,0.2906521530023255,0.2932601508878795,0.6081763491621813,0.707329695112628,75.79687528388466,74.89191461588075,57.59038370701237,42180.641,40990.9134,48270.0674
2022-03-26,44313.16,44792.99,44071.97,44511.27,23041.61741,0.00012628,9.871333333333403e-05,0.00016385285714285713,0.00013636499999999997,7.335359863923976e-05,0.0001474243271559011,0.00016890639574161247,-0.40852140758789557,-0.03315622147034332,0.11940112405779237,0.23235760854126702,0.5921348681570057,0.7072296131653046,74.53471823954374,75.1584113959076,58.01538785677655,42520.368,41049.6538,48258.3051
2022-03-27,44511.27,46999.0,44421.46,46827.76,41874.91071,3.053000000000001e-05,0.00010370000000000069,0.00017387857142857143,0.00013164333333333337,6.489627647248619e-05,0.00013126795489541633,0.00016984792935374738,-0.8600382819820689,-0.724534534747729,-0.4618867539348643,0.36243404579848826,0.6134830344647276,0.7166495105777847,95.72975842059446,85.85046021139145,63.21082024482811,43111.354,41158.557199999996,48262.20235000001
2022-03-28,46827.76,48189.84,46663.56,47122.21,58949.2614,0.00030000000000000003,0.0001522700000000007,0.00020387857142857143,0.00013266133333333333,0.00013660208746572497,0.00010412588083347976,0.00017079133244854276,1.5261710269810576,1.0333183450464603,1.1273153045152948,0.3773187574536481,0.6123827800952034,0.7165414939067318,99.99999999998856,83.79715646000707,56.742220227148756,43647.82400000001,41253.384,48265.8377
2022-03-29,47122.21,48096.47,46950.85,47434.8,36772.28457,0.00029594,0.00020882333333333404,0.00021125785714285717,0.00014027633333333334,0.00015441989973227917,0.00010689139349243509,0.000172865671538467,0.9882121140884391,0.9887775066626338,1.0712744553511795,0.38138992257854004,0.5257101739345597,0.7160534427164573,99.9999999999862,87.25397302553702,55.29911067220933,44171.191000000006,41325.2802,48278.75715
2022-03-30,47434.79,47700.22,46445.42,47067.99,40947.2085,0.00030000000000000003,0.0002986466666666674,0.0002142071428571429,0.00016212266666666667,2.3440420916743566e-06,0.00010885300465299686,0.00014763682593432533,0.713816459343294,0.9279526727432964,1.060294300825348,0.4282230626705158,0.43376525249613584,0.7163255936203222,92.54276914318078,81.41095238546231,55.61480606431962,44751.778999999995,41385.7802,48288.228650000005
2022-03-31,47067.99,47600.0,45200.0,45510.34,48645.12667,0.00030000000000000003,0.00029864666666666736,0.0002142071428571429,0.00016399966666666668,2.3440420916743566e-06,0.00010885300465299686,0.00014906068818425019,0.45558114325606575,0.8570687094648624,1.0507103231523138,0.5850621124329328,0.4572296663996315,0.7216933563931178,64.14806810983174,71.18456110827263,55.38235474365319,45202.588,41408.532600000006,48285.65415
2022-04-01,45510.35,46720.09,44200.0,46283.49,56271.06474,0.00026819,0.0002893966666666674,0.0002178907142857143,0.00016644166666666667,1.8365512062763222e-05,0.00010980929668256422,0.00015018076616105295,-1.7731779812238262,0.5634596843559124,0.8305913692438527,0.37392566238063557,0.4578454616604003,0.7218626428831596,66.92941530265117,71.00678940947736,63.79509227173445,45594.524,41464.2936,48292.36795000001
2022-04-02,46283.49,47213.0,45620.0,45811.0,37073.53582,0.00030000000000000003,0.0002893966666666674,0.0002178907142857143,0.00016644166666666667,1.8365512062763222e-05,0.00010980929668256422,0.00015018076616105295,0.5163491978121634,0.7348546116614627,0.9890101898990723,0.3657911910723701,0.43800263721529076,0.7225726244438863,60.66466129383595,66.70999386197201,62.29342082763652,45887.348000000005,41533.039,48285.86535
2022-04-03,45810.99,47444.11,45530.92,46407.35,33394.67794,0.00030000000000000003,0.0002893966666666674,0.0002178907142857143,0.00016644166666666667,1.8365512062763222e-05,0.00010980929668256422,0.00015018076616105295,0.446899449776533,0.7178819565275473,0.9612620773486464,0.38840805670969997,0.4014611448509612,0.711795027955895,45.19365541020289,74.59751827636045,65.5365525892043,46128.937,41616.8286,48277.29505
2022-04-04,46407.36,46890.71,45118.0,46580.51,44641.87514,0.00030000000000000003,0.00030000000000000003,0.00023292428571428575,0.000169223,0.0,0.00010519447460736403,0.00015190372629765095,0.44689944977652923,0.6570140070677728,0.9304094725138647,0.3916642551529367,0.3940400394631904,0.7115549976969074,43.630356050978236,76.89054160366715,66.88595620680502,46355.672,41707.3656,48271.5085
2022-04-05,46580.5,47200.0,45353.81,45497.55,42192.74852,0.00030000000000000003,0.00030000000000000003,0.00023292428571428575,0.00017751900000000003,0.0,0.00010519447460736403,0.00015202734741171615,0.446899449776533,0.6296360067297779,0.9006727529053561,0.32019626153341635,0.3794199403497606,0.6645124082400555,30.71455450097831,65.52236942744929,63.1227819773349,46454.3,41766.597799999996,48262.49635
2022-04-06,45497.54,45507.14,43121.0,43170.47,60849.32936,0.00029898,0.0002996600000000007,0.00023498428571428574,0.00019143233333333335,5.888972696592744e-07,0.00010625634639614619,0.00014283129353057498,-1.7504799520552865,0.6199512251175641,0.8902623829633248,0.4895696725579477,0.4511907232222564,0.677606963465711,22.092157345719627,51.208693891365705,52.46747874420574,46088.571,41739.11,48236.885
2022-04-07,43170.47,43900.99,42727.35,43444.19,37396.54156,0.00022421000000000002,0.00027439666666666734,0.0002498871428571429,0.00019111333333333335,4.3465920366735994e-05,8.577226971903247e-05,0.00014274411294907147,-1.7881721885011128,-0.14798689636223988,0.4507946554805412,0.5204221581832189,0.4445978340177258,0.675280962304462,31.87241068905773,47.52740426015805,58.877787641513024,45720.769,41730.522600000004,48217.8972
2022-04-08,43444.2,43970.62,42107.14,42252.01,42375.04203,0.00024306000000000002,0.0002554166666666674,0.00025622785714285716,0.00019029000000000002,3.888641965169012e-05,8.132763757495765e-05,0.0001423574883269816,-0.8207215556203163,0.07467187901505418,0.5414008894309043,0.4658199604018335,0.4603261555992178,0.6735197531067831,17.05198154934314,41.366686799819895,57.60692199580694,45202.490000000005,41765.2488,48214.07915
2022-04-09,42252.02,42800.0,42125.48,42753.97,17891.66047,0.00029279,0.000253353333333334,0.0002681214285714286,0.00019692933333333336,3.5429770438535766e-05,7.256527373100364e-05,0.00014233772189904665,0.58945323780525,0.5939038454001179,0.8454305521254766,0.504917625566487,0.45126708126563636,0.6740987156149078,25.135626223073217,42.82209681529841,58.369608046468805,44771.088,41820.8394,48224.1771
2022-04-10,42753.96,43410.3,41868.0,42158.85,22771.09403,0.00018952000000000002,0.0002417900000000007,0.0002794778571428572,0.0002076706666666667,5.164671238320944e-05,3.5493537262010536e-05,0.00012804440409575836,-1.2977992464576562,-0.5600861682596064,0.21654770663690318,0.5004704332775471,0.4551024933361667,0.6746120174298137,15.437881741177364,27.808667001907963,59.466522744441995,44435.939,41862.433,48217.253300000004
2022-04-11,42158.85,42414.71,39200.0,39530.45,63560.44721,0.00020243000000000003,0.00022824666666666738,0.0002725085714285715,0.00021465300000000003,5.626764997160655e-05,4.039469326487284e-05,0.00012147511708168029,-0.6913606185661905,-0.3675772558039715,0.2929808063499631,0.5843653913512759,0.5122056416514088,0.691085193953384,9.018045857543711,20.468397229727643,49.70489812157815,43760.634999999995,41885.3042,48190.579249999995
2022-04-12,39530.45,40699.0,39254.63,40074.94,57751.01778,-0.00023808,5.12900000000007e-05,0.00023436428571428573,0.00021037800000000002,0.0002506848912479432,0.00014169152630408386,0.00013481271827859242,-1.756774571299452,-3.2343337320117294,-2.3071581710378917,0.6144814906787013,0.5131318962287094,0.6893145754787278,16.37328769246851,21.877846657983014,51.65337422674018,43187.028999999995,41946.6398,48176.9011
2022-04-13,40074.95,41561.31,39588.54,41147.79,41342.27254,-2.4240000000000002e-05,-1.9963333333332638e-05,0.00021120428571428575,0.00021357,0.00022028613763313876,0.00015592233849505205,0.00012766468990399734,-0.506624352725044,-1.6393200403742993,-1.0077246300034113,0.6904767571783426,0.5141121287686914,0.6925614136508491,35.14640049818108,28.536873276116722,50.07260692599422,42661.073,42004.989,48169.286850000004
2022-04-14,41147.78,41500.0,39551.94,39942.38,36807.01401,0.00012974,-4.419333333333266e-05,0.00019904285714285715,0.00021147366666666667,0.0001847200306770385,0.0001551015125368421,0.0001285337826647139,0.4198892050449004,-0.54238989512468,-0.08910829996976187,0.6877841436869533,0.5236460665179583,0.6962834414527369,27.37968660574579,29.284815005518084,47.99097470841889,41997.259999999995,42058.83640000001,48153.19425
2022-04-15,39942.37,40870.36,39766.4,40551.9,24026.35739,-0.00012341,-5.969999999999321e-06,0.0001710714285714286,0.00019873633333333335,0.00012756008505795564,0.00017562528637184998,0.00014192709086211392,-0.6257362086367879,-1.9902763071061826,-1.5251521619532025,0.7300223177853364,0.5293872210442644,0.6967520823607085,38.12399147776514,28.41321242059439,47.493362330466205,41502.695,42103.330200000004,48145.217000000004
2022-04-16,40551.9,40709.35,39991.55,40378.71,15805.44718,0.00013597000000000001,4.7433333333334016e-05,0.000159355,0.0001932686666666667,0.00014798745431058148,0.00017179209790864567,0.00014104830372739643,0.9876067351655142,-0.40962330964277804,-0.026634760849191415,0.4192922905391922,0.4673370123676517,0.6867629398871145,32.60896942149155,29.068562211829303,46.16783133259221,41223.519,42126.52099999999,48141.977849999996
2022-04-17,40378.7,40595.67,39546.17,39678.12,19988.49259,0.00020558000000000002,7.271333333333403e-05,0.00015261071428571428,0.00019290066666666667,0.00017337721716917295,0.00016764930495920426,0.00014099967192269248,1.0464876703406203,0.06850805755580226,0.38903282331710676,0.4394347517678572,0.4650000111805196,0.6870695484270121,32.113001031080756,24.277882640206684,46.63546236557673,40846.912,42137.749,48132.74705
2022-04-18,39678.11,41116.73,38536.51,40801.13,54243.49575,-0.00025864,2.7636666666667374e-05,0.00011270785714285717,0.00017427933333333338,0.0002503540202060401,0.00019424290487701903,0.00016173226084967835,-1.3905845476623204,-2.3382094725853264,-2.1894189583693784,0.44832442267483064,0.4867739462027699,0.662344235425625,61.70257834688819,29.404197147920726,49.587913438868135,40701.824,42199.790199999996,48117.6322
2022-04-19,40801.13,41760.0,40571.0,41493.18,35788.85843,0.00011223,1.9723333333334036e-05,9.92957142857143e-05,0.00016802033333333333,0.00024554666487925736,0.00018665011750556958,0.000160326346394375,0.4981230377013107,-0.25410833507693203,-0.11385484089114958,0.3478062909973739,0.4977542403217239,0.6627161154624706,62.71594621831073,35.320761578257276,48.16509296622967,40575.745,42166.453799999996,48084.39005000001
2022-04-20,41493.19,42199.0,40820.0,41358.19,40877.35041,0.00022707,2.6886666666667362e-05,9.415928571428573e-05,0.00017260500000000002,0.00025385264314819794,0.00018165490450364275,0.0001599705941458851,0.7218420735459047,0.41018089716282813,0.5342257259224777,0.34700795692765274,0.4823687882497643,0.6627651209756151,52.26784744198093,42.08437140750115,46.735280097745196,40495.679000000004,42105.193600000006,48053.0065
2022-04-21,41358.19,42976.0,39751.0,40480.01,59316.27657,2.9099999999999975e-06,0.00011407000000000069,7.835214285714286e-05,0.000162702,0.00011209132705072851,0.00017907791158638107,0.00016100460086382185,-0.27754999044718826,-0.7739457145892561,-0.7353016624107512,0.4095539272834906,0.4771026578586718,0.6560522950346036,56.234793681120365,37.702477775357934,42.40559029181555,40590.635,42036.934199999996,48014.406500000005
2022-04-22,40480.01,40795.06,39177.0,39709.18,46664.0196,-0.00014372999999999998,2.875000000000069e-05,5.0724285714285724e-05,0.00014890633333333338,0.0001867456537646673,0.00018153221806503753,0.00016901336385612335,-0.6778085760089927,-1.4185389290259818,-1.5317834018045857,0.41666870956946467,0.47991730354021983,0.6513012860403296,40.57958701853219,39.06835336813914,40.23246992291542,40554.059,41982.037800000006,47966.827699999994
2022-04-23,39709.19,39980.0,39285.0,39441.6,20291.42375,-0.00028468,-0.00014183333333333265,9.476428571428582e-06,0.000138898,0.00014380438113397514,0.00018779737962486097,0.00018528761671038698,-1.3192003998153452,-1.8667062139695907,-2.2200920616609876,0.2928416225411809,0.47138577268154697,0.6468050774779188,39.740937066881266,35.46722989484665,39.27610022316007,40383.44,41987.8966,47906.67575
2022-04-24,39441.61,39940.0,38929.62,39450.13,26703.61186,-0.00037203,-0.00026681333333333264,-3.0634285714285705e-05,0.00012135400000000002,0.00011519390536536657,0.0002055179986770697,0.0002073802334643604,-1.083690110141566,-1.9557447446546337,-2.5804709230709473,0.18541609601753573,0.4699267000874447,0.6433842157128623,47.05832260261274,37.470789907503466,32.70540182068454,40334.215000000004,41988.94,47827.35140000001
2022-04-25,39450.12,40616.0,38200.0,40426.08,63037.12784,-9.528999999999999e-05,-0.00025066666666666597,-5.19e-05,0.00011396833333333334,0.0001414706225098522,0.0001946633371510351,0.00021111070725528022,0.5558321511494206,-0.6161579430490952,-1.160935011166359,0.3534809270356966,0.4845325470166578,0.6423835030333195,44.96997137959147,54.89032091791714,34.788983039677504,40321.633,42029.0454,47760.555700000004
2022-04-26,40426.08,40797.31,37702.26,38112.65,66650.258,0.00030000000000000003,-5.5773333333332625e-05,-1.3465714285714271e-05,0.0001229506666666667,0.00033775324636978096,0.00020775530909498087,0.00021316090304217516,1.6186097082355477,1.2352616054022298,0.9035179502688777,0.5856625611192711,0.497022159707244,0.6565623283343519,18.40324965557228,41.02018010068932,30.588260771964045,40095.026999999995,42031.5384,47681.361800000006
2022-04-27,38112.64,39474.72,37881.31,39235.72,57083.12272,-0.00021706,-4.116666666665972e-06,-2.7238571428571418e-05,0.00010571533333333335,0.00027031868864976056,0.0002147965684390583,0.0002191707437488199,-0.3168410855259109,-1.0714505786619914,-1.7218172858611782,0.6707315989849388,0.5171159029158887,0.6605549904008785,33.254859512396195,41.29003045644057,34.18866120609809,40050.787,42041.640199999994,47602.7918
2022-04-28,39235.72,40372.63,38881.43,39742.07,56086.6715,-1.2599999999999995e-05,2.344666666666736e-05,-3.740571428571428e-05,9.543066666666668e-05,0.0002604079156502857,0.00021011227407909707,0.0002171665891451265,0.26545786364751334,-0.06708732264641663,-0.665854354010732,0.6799173547570238,0.5119210177192699,0.6547012258553505,43.81518470465848,49.02547077190066,37.839166591820096,39944.881,41997.6474,47528.20715
2022-04-29,39742.06,39925.25,38175.0,38596.11,51453.65715,0.00022628,-1.1266666666659838e-06,-1.2427857142857132e-05,9.297333333333334e-05,0.0002218925797166868,0.00021966969824222996,0.00021517997896443593,0.8546897856774134,1.1150142936146645,0.53008369859089,0.7298699361442768,0.5190160066609812,0.5654335851165907,41.22304983385106,40.95689638430683,34.04406087324321,39655.174,41981.1296,47433.830949999996
2022-04-30,38596.11,38795.38,37578.2,37630.8,35321.18989,1.0910000000000002e-05,7.486333333333402e-05,-2.1360714285714278e-05,8.333700000000002e-05,0.00013165650471331272,0.00021567740880465333,0.00021203926599849644,-0.24564565571311145,0.10887970214593916,-0.6055064096259657,0.6721613498942197,0.5249583233206335,0.5630293502870235,37.13664649219649,38.161510206503685,33.361551560432986,39282.435,41959.1542,47342.0003
2022-05-01,37630.8,38675.0,37386.38,38468.35,38812.24104,0.00012498,0.00012072333333333401,-2.711785714285713e-05,7.856333333333335e-05,0.00010774807948788109,0.0002101587626672569,0.000209328872620698,0.5919187010311935,0.712484891965721,0.01332084915584562,0.5208296395631876,0.4658012763651614,0.5658248916241306,43.76062900851457,44.84888173934278,34.00905274131868,39081.269,41952.374,47247.50705
2022-05-02,38468.35,39167.34,38052.0,38525.16,53200.92628,0.00029,0.00014196333333333402,1.2070714285714292e-05,7.823000000000003e-05,0.0001403179683195521,0.00021476785081946622,0.0002089717571909109,1.2305311553937068,1.3921420118430847,0.9022483204739539,0.4358685232642943,0.4611247050723475,0.5604636320943023,36.32132495164045,39.34130654075367,33.69828959888429,38962.867,41967.3304,47153.393149999996
2022-05-03,38525.16,38651.51,37517.8,37728.95,40316.45358,0.00030000000000000003,0.00023832666666666737,2.5482857142857153e-05,7.823000000000002e-05,9.828835197177363e-05,0.0002270176170198487,0.0002089717571909109,0.8966530913810166,1.2972283210453754,0.9560611499181676,0.41419284759688096,0.4493027165351053,0.5263125767890187,46.46767048529573,32.54189179787625,34.09398402641344,38791.602,41928.482,47033.6758
2022-05-04,37728.95,40023.77,37670.0,39690.0,62574.61736,0.00022504000000000003,0.0002716800000000007,2.5337857142857154e-05,7.573133333333333e-05,4.069971990068325e-05,0.00022687956182077326,0.0002066640291129643,0.28544357211060556,0.9021206207620243,0.5516937266942255,0.6023230028120157,0.4913292004009495,0.5410869213224945,53.62308668992772,43.38377432514167,42.76538613278049,38815.589,41936.6754,46927.74795000001
2022-05-05,39690.0,39845.51,35571.9,36552.97,88722.43355,0.00030000000000000003,0.00027501333333333403,4.655857142857144e-05,7.573133333333334e-05,4.327817617838605e-05,0.00023823036433275643,0.0002066640291129643,0.6881136692634029,1.129709570275417,0.9268443082259324,0.9600577394099697,0.5974266280788039,0.5749456835537264,32.08354681839586,36.791571985364165,37.19941599547865,38428.278,41845.4548,46802.87115
2022-05-06,36552.97,36675.63,35258.0,36013.77,68437.80187,-0.00014997,0.00012502333333333404,4.6112857142857154e-05,6.076633333333335e-05,0.00024108245567300567,0.00023861928835664596,0.00020619485217970678,-1.7654186411429784,-0.855356085728311,-1.4699966046632544,0.9130824698035533,0.5988250753087712,0.5754104991199112,34.430904504432064,37.37391545595763,38.124252321179334,38218.39,41747.372200000005,46672.8908
2022-05-07,36013.77,36146.3,34785.0,35472.39,34281.70682,1.4380000000000001e-05,5.480333333333403e-05,6.747428571428572e-05,5.3772000000000006e-05,0.00022769230253420167,0.00021933533391431623,0.0002040067133513568,-0.6208797815674437,-0.07156421895390866,-0.5753936960599797,0.8996718871883785,0.5980185491461472,0.5741908832212591,36.28576112274956,36.68749911958674,36.15881818914125,37842.057,41621.6698,46528.849799999996
2022-05-08,35472.4,35514.22,33713.95,34038.4,72445.64344,0.00017341,1.2606666666667359e-05,0.00010643428571428573,5.1450333333333345e-05,0.0001616972932158304,0.00018021608165732557,0.0002021662881355708,0.3373855129986961,0.5821632771914819,0.2810185192694334,0.9252016304085762,0.5965636949164085,0.5452370246014657,23.83579799354142,33.433435639724365,35.04130544587527,37271.689999999995,41458.4152,46369.034750000006
2022-05-09,34038.39,34243.15,30033.33,30076.31,191876.926428,0.00030000000000000003,0.00016259666666666736,0.00013466928571428572,5.169066666666668e-05,0.00014311670843520304,0.00017711922414293896,0.00020246714531148898,0.8862661303711675,1.105492136439102,0.9328059104537295,0.899203664773698,0.7594303267956991,0.6043371151187609,15.85205663267486,23.214090684868424,33.4001601314731,36419.71,41234.6992,46208.45055000001
2022-05-10,30074.23,32658.99,29730.4,31017.1,165532.00311,0.00030000000000000003,0.00025780333333333405,0.00013466928571428572,5.537333333333334e-05,7.308677057667377e-05,0.00017711922414293896,0.00020603390596987738,0.8862661303711675,1.071114732492152,0.9028176551998297,1.0900862642033156,0.7840254194262373,0.6096018346735547,23.185913820667906,30.231701602345467,34.314287792355586,35758.340000000004,41034.9962,46060.09495
2022-05-11,31017.11,32162.59,27785.0,29103.94,207063.739278,0.00011007,0.0002366900000000007,0.00015803571428571432,5.229466666666668e-05,0.0001096561366271579,0.00014599094517309978,0.0002044446521801594,-0.5620162180446779,0.182644303725431,-0.12599632757042745,1.0963512306583552,0.8115871021300983,0.6270667217417605,7.545854708669367,22.963001310782147,29.733172551868904,34821.899,40769.7924,45899.1809
2022-05-12,29103.94,30243.0,26700.0,29029.75,204507.263138,-0.00075446,-0.00011479666666666597,0.00010504571428571428,3.508200000000001e-05,0.000562045581988975,0.0002830186660252095,0.00024703610141590157,-1.7578434081451069,-2.797187719317346,-4.057146737778826,1.1299018662024942,0.8136331442631741,0.6246277529470773,10.003296189179224,20.73891324204746,30.909954135450803,33872.358,40492.7322,45740.068549999996
2022-05-13,29029.74,31083.37,28751.67,29287.05,97872.36957,-1.687e-05,-0.0002204199999999993,8.767785714285715e-05,3.532766666666668e-05,0.0004668270365992011,0.0002824667501243854,0.00024697873192931264,-0.010588191310550091,-0.2545352898326567,-0.6583672404952955,1.2037684860730555,0.819611189569323,0.6111404237634603,13.132775762092166,23.27449492020395,30.04792458457564,33028.168,40198.644,45571.1099
2022-05-14,29287.05,30343.27,28630.0,30086.74,51095.87863,0.00030000000000000003,-0.0001571099999999993,0.00010832714285714286,4.100300000000002e-05,0.0005410378139280028,0.0002869541548060374,0.00025114412676377674,0.7159341518194299,0.821804711847319,0.8056693122846031,0.7282486216431645,0.8368384179382099,0.6160690318146107,21.29554716289104,28.133717168951094,32.1668393038986,32067.841999999997,39914.1156,45419.89955
2022-05-15,30086.74,31460.0,29480.0,31328.89,46275.66912,0.00027343,0.00018552000000000073,0.00011893071428571429,5.423100000000001e-05,0.0001757776302604906,0.00029033965071340376,0.00025263228532519265,0.6743386748611756,0.649847065678085,0.6808264054000205,0.768962355641249,0.8534395608039139,0.6135972595305227,35.25736802413823,29.780674526931605,35.79958112554225,31545.434,39650.468,45284.4768
2022-05-16,31328.89,31328.9,29087.04,29874.01,73082.19658,0.00023823,0.00027055333333333406,0.00011523285714285716,5.763966666666668e-05,3.098531318749988e-05,0.00028831588540320126,0.0002544564777972794,0.517672877531854,0.5303087636333416,0.5241980690662595,0.6458758636572488,0.8429319229628379,0.6227060704615284,48.48626791336422,27.29727587779432,31.622552531640466,30931.458000000002,39311.393000000004,45130.967399999994
2022-05-17,29874.01,30788.37,29450.38,30444.93,56724.13307,0.00013995000000000001,0.00021720333333333404,0.00010380071428571429,5.545200000000001e-05,6.917960778529475e-05,0.00028355992077282193,0.0002534207313921243,-0.3640886814041988,0.08251677917273104,0.07342855935729356,0.6483530801128204,0.834498470755312,0.622364663205785,45.46780962217646,30.656231045333826,31.342817299177653,30428.712,38977.8474,44971.923500000004
2022-05-18,30444.93,30709.99,28654.47,28715.32,59749.15799,-9.816000000000001e-05,9.334000000000069e-05,8.0715e-05,6.0801333333333344e-05,0.0001729708851223041,0.0002860754117294279,0.0002482021108406533,-1.658774295139129,-0.856527676695299,-1.0011991318752311,0.8715904758013493,0.8481223403152099,0.6346803618398216,46.8295277658976,20.492429171697466,29.741061731185724,29896.404000000002,38603.457800000004,44806.20415
2022-05-19,28715.33,30545.18,28691.38,30319.23,67877.36415,0.00012748,5.642333333333402e-05,6.839214285714287e-05,6.130966666666667e-05,0.00013401820933487543,0.0002795441275521791,0.00024832665720619733,-0.05998131590151889,0.0688006266487067,0.059851670752573735,0.9843878435280264,0.8972727828065536,0.6507339671756617,58.418663804467094,31.73344366785453,34.088437692220865,29920.696000000004,38268.4826,44651.3013
2022-05-20,30319.22,30777.33,28730.0,29201.01,60517.25325,0.00030000000000000003,0.00010977333333333403,0.00010053285714285716,6.374066666666668e-05,0.00019966970459568155,0.00027837188284819166,0.0002503540269840596,1.0443976532280377,0.6997767821393367,0.8440821403278781,0.9269970884855068,0.9022628855406798,0.6556346180184982,49.495033676155465,30.691951380431377,33.72154375763232,29739.087,37942.296,44492.7508
2022-05-21,29201.01,29656.18,28947.28,29445.06,20987.13124,2.0099999999999994e-06,0.00014316333333333402,9.964928571428572e-05,6.371066666666668e-05,0.00014961278432449178,0.0002786858275070774,0.00025036162150714506,-0.6113577175233209,-0.46360218842566514,-0.518193899048421,0.8635879086435861,0.8940078895745539,0.6495495454327684,45.97123964368097,32.62511566767009,34.50282425266609,29773.199,37605.5274,44323.876150000004
2022-05-22,29445.07,30487.99,29255.11,30293.94,36158.98748,9.347e-05,0.00013182666666666735,9.393928571428571e-05,7.161733333333334e-05,0.00015265299025347273,0.0002778760596841912,0.0002473114628872084,0.057196559306305864,-0.062084838661679215,-0.07861185922200818,0.8889091777422022,0.9098713759055421,0.6535962195633584,43.164559135690354,38.829069967251804,36.166025999955245,29899.618,37295.186200000004,44160.86345
2022-05-23,30293.93,30670.51,28866.35,29109.15,63901.49932,0.00030000000000000003,0.00013182666666666735,9.393928571428572e-05,9.110666666666667e-05,0.00015265299025347273,0.0002778760596841912,0.0002412282979244949,1.0268961842057522,0.7688915865219894,0.8619736855558506,0.7875913349651109,0.9170265968036182,0.6541208226683725,44.761505565459444,46.541543954098096,33.00861780849324,29881.827999999998,36949.222200000004,43999.43415
2022-05-24,29109.14,29845.86,28669.0,29654.58,59442.96036,-0.00010155999999999998,9.730333333333404e-05,6.525642857142859e-05,0.00010012233333333335,0.0002008074431721262,0.000275686196150279,0.00022801452350422585,-1.2292599604606025,-0.7727461127214548,-0.981217966235817,0.6136836786284909,0.8838803946577191,0.6562201327896023,44.56795910315742,44.98600887012148,36.588954705033885,29838.612,36610.7036,43843.02144999999
2022-05-25,29654.58,30223.74,29294.21,29542.15,59537.38659,0.00023679000000000001,0.00014507666666666738,7.430785714285714e-05,0.00011119166666666667,0.0002159192210835499,0.0002793269295778166,0.00022625468041010728,0.792143677944098,0.5922179405286981,0.5724860507392453,0.5055374851818449,0.830264911319422,0.6556675129011795,57.30710835301916,51.85895668330393,34.12104773626942,29659.938000000002,36291.5956,43683.37915
2022-05-26,29542.14,29886.64,28019.56,29201.35,94581.65463,0.00018237,0.00010586666666666737,0.00014122428571428571,0.00010727066666666669,0.00018168585699863027,0.00014582336115023033,0.00022387656489658225,0.25751111612281397,0.31408642290949534,0.31012485339706247,0.5125756489872721,0.8300638936925574,0.6396399398922514,37.28120875619485,50.71185242585111,32.63917849065078,29592.672,36012.213200000006,43513.01795
2022-05-27,29201.35,29397.66,28282.9,28629.8,90998.5201,0.00030000000000000003,0.0002397200000000007,0.00016385785714285715,0.000124506,5.886971122737042e-05,0.0001439770037823382,0.00021786924947365873,0.6984180447656579,0.7311348809264431,0.852502910049866,0.40948787350022237,0.8307967465515095,0.6393027598365436,42.5776976192317,47.34279321856845,33.26866637321119,29411.158999999996,35715.9254,43318.537800000006
2022-05-28,28629.81,29266.0,28450.0,29031.33,34479.35127,0.00028712000000000003,0.0002564966666666674,0.00016293785714285714,0.00013449666666666668,6.451779315295425e-05,0.00014307849707706518,0.00021823699086455893,0.6450025372286946,0.6487460206250065,0.7942382094944035,0.3134833941156186,0.825247775397792,0.6406120594872775,44.835360175355,45.591123847552765,35.28475245545545,29442.76,35451.5118,43128.956150000005
2022-05-29,29031.33,29587.78,28839.21,29468.1,27567.34764,0.00030000000000000003,0.0002957066666666674,0.0001648357142857143,0.000136954,7.4362714667742244e-06,0.00014482244395305253,0.0002197161303167969,0.756319788207307,0.7006049559686655,0.8536597128467126,0.2942397679576592,0.6442330780249428,0.643144817278651,38.50861325243454,41.66594259823892,34.384764672791974,29357.646999999997,35185.7944,42951.8845
2022-05-30,29468.1,32222.0,29299.62,31734.22,96785.9476,0.00030000000000000003,0.0002957066666666674,0.00016924785714285715,0.00014659033333333334,7.4362714667742244e-06,0.00014813355419916814,0.00022033605213924291,0.5070439205573926,0.7006049559686655,0.8536597128467126,0.7023887318936732,0.7086293610995128,0.6706660632810426,78.07783717640652,57.76704988137122,39.05679751141515,29610.968,34977.3018,42786.68429999999
2022-05-31,31734.23,32399.0,31200.01,31801.04,62433.11632,0.00030000000000000003,0.00030000000000000003,0.00018068000000000004,0.00015242433333333336,0.0,0.00015182839310831707,0.00022205449416108362,0.44643854353976214,0.6545354064941011,0.8495690216629985,0.6650041187062661,0.6460131398382036,0.6685403940126519,75.5773328058367,55.91108290448811,40.217560273974776,29846.566,34822.7136,42625.078349999996
2022-06-01,31801.05,31982.97,29301.0,29805.83,103395.63382,0.00030000000000000003,0.00030000000000000003,0.00020912,0.00015275766666666667,0.0,0.0001315107596651305,0.00022227553054842317,0.44643854353976214,0.7908000177849013,0.8495690216629985,0.9449041970808484,0.7104484109483801,0.6839159220672724,52.168849114950895,54.64580186102372,33.707173961989966,29797.754999999997,34617.331399999995,42452.2075
2022-06-02,29805.84,30689.0,29594.55,30452.62,56961.42928,2.92e-05,0.00020973333333333403,0.0002021,0.000143731,0.000156346452896531,0.00013863405897433624,0.00022158735366863876,-1.7887066837082646,-1.1674289659194097,-0.3784593995828254,0.951357656444984,0.7150526957768685,0.6857887805038106,59.7988344174136,50.6187270337124,39.04495441345886,29932.102000000003,34403.428,42276.8751
2022-06-03,30452.63,30699.0,29282.36,29700.21,54067.44727,2.1029999999999993e-05,0.00011674333333333403,0.00018217357142857145,0.00013693066666666667,0.0001587574931564705,0.0001434453230386263,0.00022213577315864723,-1.122295962507061,-1.1061921206784777,-0.39684092782605546,0.99116881368352,0.7146223731325632,0.6866661022434581,58.15159199773965,52.39687024058265,38.74823298946785,29936.665,34198.5846,42107.342450000004
2022-06-04,29700.21,29988.88,29485.0,29864.04,25617.90113,0.00010570999999999999,5.198000000000068e-05,0.0001895807142857143,0.00013045433333333336,4.671051166486147e-05,0.00013590577439845093,0.00022003993254649453,-0.32527539384869714,-0.44775441356796386,0.01226176993658071,0.646609832288901,0.6912182702103952,0.6862076039352053,56.57961899192636,52.027317348851405,39.868691404926395,29968.854,33984.8274,41956.3683
2022-06-05,29864.03,30189.0,29531.42,29919.21,23139.9281,0.00011939000000000001,8.204333333333403e-05,0.00019143214285714287,0.00013943300000000003,5.327997497490615e-05,0.0001346666572963408,0.00021360418637172258,0.03847108062883077,-0.3084689034118805,0.09103455345002932,0.6460950317201747,0.6607647955170447,0.6769513718951997,53.79316723703825,48.03593423238093,42.16868844224286,30040.640000000003,33775.6374,41804.24
2022-06-06,29919.2,31765.64,29890.23,31373.1,68836.92456,0.00025692,0.000160673333333334,0.00018835500000000002,0.00014751766666666667,8.363223800262056e-05,0.000132469307954739,0.00021329757357826677,1.584312844460026,0.6327987513088181,0.7362173043446673,0.5096681470571437,0.687105744065093,0.6891155560036473,46.483136350526934,61.540461322789724,52.72534612456291,30314.97,33609.537000000004,41676.647399999994
2022-06-07,31373.1,31589.6,29218.96,31125.33,110674.51658,-3.9389999999999994e-05,0.00011230666666666735,0.0001927957142857143,0.00014042433333333334,0.0001482819416966434,0.0001226836227371834,0.0002159289788682052,-1.1765326743348525,-1.558358633345593,-0.6377715918429764,0.5125029236836356,0.6342175577740924,0.6868581823403893,43.643451544376546,57.73176365694355,50.23428161502397,30524.370000000003,33416.02099999999,41542.01285
2022-06-08,31125.32,31327.22,29843.88,30204.77,68542.61276,0.00030000000000000003,0.00017251000000000072,0.0001973107142857143,0.00014042433333333334,0.0001847706121113249,0.00012555672799819146,0.0002159289788682052,1.123580006540917,0.8747229174448553,0.9606192409418465,0.5397464104219889,0.6074721240848389,0.6882371405173939,54.70401516829977,53.21061087949723,52.4899267925312,30598.037,33190.252799999995,41394.499149999996
2022-06-09,30204.77,30700.0,29944.1,30109.93,46291.1865,0.00029106,0.0001838900000000007,0.00020507428571428572,0.00014012633333333337,0.0001934178112273886,0.0001279002845798703,0.0002157072121711558,0.7264246770950118,0.8153495388557912,0.9055935305539667,0.5416818514175344,0.584119098452957,0.6879555466738504,45.35457791441121,54.50986076006414,52.44093911684605,30435.608,32965.2876,41251.9387
2022-06-10,30109.93,30382.8,28850.0,29091.88,76204.2498,0.00022792,0.00027299333333333405,0.0001999257142857143,0.00014405466666666668,3.9289756086382904e-05,0.00012520758232844727,0.00021621348252538614,0.1463746615803728,0.28566455713050426,0.6071391288024873,0.6228490075366645,0.6027889856027081,0.6759835610344069,42.30762421884329,52.19624782313732,49.57362388457156,30164.692000000003,32737.525,41116.1622
2022-06-11,29091.87,29440.41,28099.99,28424.7,65901.39895,8.747e-05,0.00020215000000000066,0.000185665,0.000172119,0.0001042127233114739,0.00012588043635807666,0.0001349258857695506,-0.5877651906247905,-0.7828465534009182,-0.07714234950392802,0.26115093685785523,0.5953324248196717,0.6757617035121168,33.85470649203273,47.187728607436696,46.34789686110697,30026.579000000005,32511.8354,40970.57935
2022-06-12,28424.71,28544.96,26560.0,26574.53,92474.598809,0.00011002000000000001,0.00014180333333333402,0.00017209499999999998,0.00017634866666666667,7.542669178299475e-05,0.00012280946485389405,0.00013072049494310012,-0.9352618597051531,-0.5448463084767545,0.020063831610791043,0.4445157497285366,0.6378033584502447,0.687616174872655,23.253087584724028,38.139949716402384,39.82483955110645,29638.77,32254.494,40817.76055
2022-06-13,26574.53,26895.84,21925.77,22487.41,254611.034966,1.8540000000000002e-05,7.201000000000069e-05,0.00015199071428571428,0.00016696666666666667,4.765927296962522e-05,0.00012329733832455465,0.00013163702071604592,-1.1639533147221361,-1.4221763457395047,-0.4094057177374719,1.2359021372720813,0.9329370426102173,0.7909217748727948,0.0,17.022341957556904,35.79216936296923,28917.489999999998,31915.239600000004,40635.3958
2022-06-14,22485.27,23362.88,20846.0,22136.41,187201.64671,-0.00011135,5.736666666667356e-06,0.00012260857142857144,0.00015414066666666668,0.00011123899151523397,0.0001338725789040657,0.0001394213891455419,-1.4248887139587234,-2.0799015106609753,-1.0338069072675482,1.1877259718691042,0.9318635436791822,0.7886147730952184,0.0,16.217013574532487,33.88253688665738,28144.727000000003,31549.446200000002,40477.4452
2022-06-15,22136.42,22800.0,20111.62,22583.72,200774.493467,-9.983e-05,-6.421333333333265e-05,9.404928571428572e-05,0.00014287200000000002,7.189758850841932e-05,0.00013575334416987499,0.00014590171312367145,-0.9782775003696947,-1.7271697669557715,-0.952360975764737,1.3769876053630605,0.9434172370238214,0.7919890926085381,5.252786921052177,21.691521461511286,37.48274989179977,27411.177999999996,31238.867599999998,40316.758649999996
2022-06-16,22583.72,22995.73,20232.0,20401.31,99673.59429,-4.9160000000000004e-05,-8.677999999999931e-05,8.845214285714286e-05,0.00013656833333333335,3.30851311013355e-05,0.00014017612367628427,0.00015005833939262667,-0.24820760255042906,-1.243889858509181,-0.689632741617835,1.3972458954553608,1.0169061038684128,0.8236740859265932,4.218616196558514,14.835173677606065,30.220413145012202,26313.999,30862.1794,40132.3908
2022-06-17,20400.6,21365.43,20246.66,20468.81,86694.33663,-6.616e-05,-7.171666666666598e-05,8.222428571428573e-05,0.00013763500000000002,2.5787974587507968e-05,0.00014524717816482023,0.00014843725073303122,-0.08899451353515085,-1.22108133297853,-0.8011173684513445,1.5177937978825138,1.0117099395764542,0.8186877697576226,5.333331952025432,16.077990416554783,31.823351670536056,25248.347,30476.714200000002,39945.8536
2022-06-18,20468.81,20792.06,17622.0,18970.79,196441.655524,0.00017158,1.8753333333334023e-05,8.692928571428572e-05,0.00013910500000000002,0.00013262444168902788,0.00014712124839814141,0.00014855153717913597,1.7465068944154407,0.3937086701335905,0.3453963721238007,1.0009548661171845,1.0301681738771304,0.8307479685036206,4.9106550942284315,13.545755669469088,29.278853857761646,24124.949,30084.207799999996,39755.954750000004
2022-06-19,18970.79,20815.95,17960.41,20574.0,128320.87595,6.923e-05,5.821666666666735e-05,8.334642857142857e-05,0.0001314126666666667,0.00011925203156896964,0.00014688049907781673,0.00014588367727782415,0.5683879613406064,-0.23373382914771482,-0.13760440946971914,1.4177090721451566,1.0431434814506917,0.8623680575543318,20.690719645348537,21.662341568907905,31.328403899080257,23171.356,29743.071799999998,39572.9044
2022-06-20,20574.0,21090.0,19637.03,20573.89,109028.94154,6.413e-05,0.00010164666666666735,6.957571428571429e-05,0.00013348333333333334,6.0617702309859315e-05,0.0001381323455528067,0.00014441709814557967,0.2690249548667588,-0.19706793325103386,-0.16757938639541245,1.3829710896712362,1.0422588364660261,0.8624796155534943,34.44181372325433,14.087028815615326,32.82229109643809,22319.557,29385.182600000004,39393.37215
2022-06-21,20573.9,21723.0,20348.4,20723.52,104371.0749,0.00016995,0.00010110333333333402,8.452857142857144e-05,0.00013603266666666666,5.967746755121837e-05,0.0001367530966521925,0.00014436142702724193,0.902569214355086,0.6889654744161088,0.3251216230214975,1.0625309820621023,1.0305056069426057,0.8634416807806442,38.12336189663971,15.181316867853212,31.734728937096023,21549.439000000002,29029.1498,39228.9845
2022-06-22,20723.51,20900.0,19770.51,19987.99,92133.97938,-4.444e-05,6.321333333333402e-05,5.992571428571429e-05,0.00012455133333333336,0.00010719793950131017,0.00012552936234601431,0.00014456795244462524,-1.4558980872656222,-0.9749543903229998,-0.7694322657593843,1.114141891999226,1.017236141900518,0.8656207739033357,29.188908362339802,15.371730630526585,30.94602194540822,20890.785,28674.3306,39083.1621
2022-06-23,19988.0,21233.0,19890.07,21110.13,83127.08716,-5.1049999999999994e-05,2.482000000000069e-05,3.548928571428572e-05,0.00012623500000000001,0.000125729712876444,0.00010932719947758852,0.00014211716202877073,-1.0084181000758765,-0.9775023092165618,-0.8696858316050728,0.8879269153173505,1.0669506418603099,0.8803843645342285,56.84699409211501,21.482402984145764,34.351269348117015,20753.057,28302.7332,38941.7311
2022-06-24,21110.12,21558.41,20736.72,21237.69,77430.36622,0.00026006,5.4856666666667344e-05,3.7785e-05,0.0001270106666666667,0.00017774202945090539,0.00011391978174612585,0.00014280321852198677,1.3309089323916408,1.2857186214247633,0.7507512997004008,0.6173475007701196,1.0671656894157349,0.8770389694450511,57.34196554752678,23.623990774326813,35.45355617082768,20663.185,27996.427600000003,38795.709950000004
2022-06-25,21237.68,21614.5,20906.62,21491.19,51431.67794,0.00022621000000000002,0.000145073333333334,4.7695e-05,0.000128472,0.00017068897748046569,0.00012414965681978153,0.00014361128143182612,0.7629975568696924,0.9742762545650389,0.5799988790699967,0.6145216520312817,1.071422874447342,0.870325086410301,81.57066698731934,26.050399268816363,35.075306940205806,20553.932,27705.976000000002,38650.221150000005
2022-06-26,21491.18,21888.0,20964.73,21038.07,53278.10464,0.00020669000000000001,0.00023098666666666737,5.4600000000000006e-05,0.00012536166666666666,2.7003733692348835e-05,0.0001304130369840093,0.00014075017976553853,0.5666315322484493,0.8699335587914346,0.4495594217805298,0.6669814832861739,1.0320722639446736,0.8653597243333718,58.16567485103737,28.83318448466447,33.32468250743291,20617.608,27417.2896,38503.055550000005
2022-06-27,21038.08,21539.85,20510.0,20742.56,64475.0013,0.00017455000000000001,0.00020248333333333404,6.574357142857144e-05,0.00012160933333333334,2.608564611672807e-05,0.00013371826097074733,0.0001377577976498673,0.09095221471296945,0.5668423663234138,0.2568005597339109,0.5683656782878908,1.0310187807273121,0.8634391085174247,52.68840512719621,40.60549935120612,26.41918343318845,20644.983,27151.372799999997,38369.0404
2022-06-28,20742.57,21212.1,20202.01,20281.29,63801.0832,-5.764e-05,0.00010786666666666737,6.958000000000001e-05,0.000109688,0.00014423102105069752,0.00012893133867417805,0.0001372617260213252,-1.7342343772062137,-1.0508245115421353,-0.993424061592137,0.3045084529610379,1.0301548881483877,0.8627066840701287,43.58832347916984,40.129001087595995,25.69756054750566,20776.033,26955.4724,38234.74415
2022-06-29,20281.28,20432.31,19854.92,20123.01,77309.04379,0.00017842,9.844333333333402e-05,8.9455e-05,0.00010563533333333335,0.00013518598090529472,0.00012207152693592956,0.00013318322467976399,0.28349219567156675,0.8432310898122,0.28789263003730825,0.26692241651430476,1.0288822159867885,0.8619532560116322,52.351134297781286,36.491179528727464,27.856583552412545,20730.934,26737.5906,38088.40925
2022-06-30,20123.0,20179.08,18626.0,19942.21,93846.64806,-0.00020713999999999997,-2.8786666666665972e-05,7.817071428571428e-05,8.873066666666668e-05,0.00019439268127510907,0.000141609086598109,0.00013968846144767232,-1.454624036713533,-1.9523650354419575,-1.7551760841038586,0.12945264103277992,1.0278417545763543,0.8581164032692001,19.74363225631903,46.76971312293446,25.440545773435076,20667.766,26554.356,37937.85079999999
2022-07-01,19942.21,20918.35,18975.0,19279.8,111844.59494,-0.00013741,-5.537666666666598e-05,7.308142857142858e-05,7.415033333333333e-05,0.0002054537155500626,0.00014831666019068048,0.000139704171178678,-0.7160812294903974,-1.2832000437128817,-1.332340249230832,0.20630339525944474,1.0296880284356567,0.8593631717832553,10.284434599512679,42.280248640119865,25.54800123334259,20523.394,26359.357000000004,37800.73605
2022-07-02,19279.8,19467.39,18977.01,19252.81,46180.3021,4.425e-05,-0.0001000999999999993,6.398642857142858e-05,7.465199999999999e-05,0.0001297815861360636,0.00014569278223015706,0.00013956414361173747,0.5271769665867575,0.045397074834058686,-0.3474979047874482,0.24923096050885726,1.0090827554744175,0.8593958283873794,0.0,52.263381091021095,24.939292099349345,20449.876,26158.6722,37655.2837
2022-07-03,19252.82,19647.63,18781.0,19315.83,51087.46631,0.000156,2.0946666666667348e-05,7.018428571428572e-05,7.9151e-05,0.00014808659977636862,0.00014776390798603226,0.0001399508908288968,0.8623565505647272,0.7901263028897032,0.2573336810008744,0.2736817598298774,0.7485182116107872,0.8461292243941555,3.4096565455437826,36.586301965715215,24.96711349503184,20270.446,25943.254,37507.53795
2022-07-04,19315.83,20354.01,19055.31,20236.71,74814.04601,0.0001467,0.00011565000000000067,7.608214285714287e-05,8.051733333333334e-05,6.20088098579022e-05,0.00014914506532382303,0.00014041843679749591,0.883284743239321,0.6474192313251754,0.22309654203079188,0.5568335520032991,0.7820883630277933,0.8395501998207233,39.77523093403352,46.99517345613587,23.030007425203536,20170.347999999998,25721.4104,37370.5596
2022-07-05,20236.71,20750.0,19304.4,20175.83,96041.13756,0.00015411,0.00015227000000000068,7.495071428571428e-05,8.167466666666667e-05,4.915455217335889e-06,0.00014843659788531306,0.00014089215711351937,0.6433241394433009,0.6255268125806885,0.23963973180077844,0.5491473501282772,0.774384640281313,0.839621671305688,47.45666245428301,45.040737863292634,23.240383205432067,20038.811999999998,25527.446799999998,37240.78275
2022-07-06,20175.84,20675.22,19761.25,20564.51,82439.5808,0.00028373,0.00019484666666666733,9.839142857142856e-05,8.256833333333333e-05,7.706433827216816e-05,0.000153942200684725,0.00014212171444865404,1.4915569015908905,1.4176741991700896,0.923475807148475,0.3964702450819249,0.6483787205062579,0.8424764963290723,59.58257729003342,55.570198491204344,25.811206034787133,19991.456,25329.838399999997,37109.4329
2022-07-07,20564.51,21838.1,20251.68,21624.98,85014.58261,0.00025274,0.000230193333333334,0.00012009071428571427,9.2306e-05,6.768751903657959e-05,0.00015266235491158444,0.00014347879409818957,0.8377534270894527,1.0809708345550186,0.7436706336147119,0.46613056754045995,0.6825808547841937,0.8510591317271862,76.4309700847687,55.03435112263007,29.694032618966702,20079.698,25188.0316,36984.15165
2022-07-08,21624.99,22527.37,21189.26,21594.75,403081.57349,0.00020212000000000002,0.00024619666666666736,0.00011595214285714287,8.904333333333334e-05,4.1196594923942395e-05,0.00014932487654976023,0.0001396549607088246,-0.0958741449221406,0.6995854523254134,0.4797468516660702,0.48567111230134785,0.5846094223839322,0.799671284299142,95.3707151676435,53.55918214366814,31.167655450178046,20211.044,25013.541999999998,36857.5546
2022-07-09,21594.75,21980.0,21322.12,21591.83,178417.84468,0.00026143,0.00023876333333333402,0.00011846785714285714,8.805566666666666e-05,3.2030133208080224e-05,0.00015160458493062055,0.0001382749507492998,0.5854820278516315,1.026515121511953,0.8115494235356405,0.43390031238535026,0.4787604457535533,0.7946024982564193,96.27910473745709,51.05593164142154,32.24367966395711,20357.926,24861.358399999997,36721.06435
2022-07-10,21592.15,21607.65,20655.0,20862.47,192188.21556,0.00029962,0.00025439000000000066,0.0001251057142857143,9.044566666666667e-05,4.9129763891088477e-05,0.00015767723813658494,0.00014136099185600804,1.0664792551004796,1.1679471621490487,0.9958816129854603,0.5928097844490131,0.5039336061154611,0.7846803702299281,74.21604424095429,48.25852391057233,34.23812325260262,20449.952,24689.7066,36582.4359
2022-07-11,20861.11,20868.48,19875.23,19963.61,137535.40724,0.00020279,0.00025461333333333397,0.00012712285714285715,9.428966666666667e-05,4.8773583355413165e-05,0.0001585367211249893,0.0001428375101774277,-0.9838970700734619,0.5033926750324429,0.485776689065328,0.7068072703402846,0.5376305376919788,0.7903520265738698,45.6943305795447,43.100592554528234,41.54879584236677,20518.333000000002,24483.1,36428.0599
2022-07-12,19963.61,20059.42,19240.0,19328.75,139506.45862,0.00017103000000000002,0.00022448000000000067,0.00014345642857142857,9.632333333333333e-05,6.698275225753242e-05,0.00014956246992259883,0.00014350196880385754,-1.08479095177648,0.2268629375280129,0.24439672480522004,0.38761777167076816,0.5331819067320102,0.7920131393655259,38.69166813513523,41.81475396311532,40.77366047427326,20525.927,24287.492000000002,36270.603650000005
2022-07-13,19331.28,20366.61,18910.94,20234.87,209250.24888,-1.8049999999999998e-05,0.0001185900000000007,0.00012942285714285715,9.510366666666668e-05,0.00011939447893430202,0.00015514281774838554,0.0001443389236218264,-1.6348034061842645,-1.1139303580399869,-1.052262274211016,0.7031067281191208,0.5163790161961276,0.7983486791355052,46.13354539951669,50.851750100499636,42.50730656036171,20617.831,24099.0978,36119.7797
2022-07-14,20234.87,20900.0,19616.07,20588.84,174809.21696,0.00013508000000000001,9.60200000000007e-05,0.00015386714285714286,0.000103318,0.00010040953291392899,0.00012130474773060454,0.0001391016440419773,-0.19851404070420406,0.009482023946019073,0.04521842949765236,0.7468045812789506,0.5220393167315164,0.7919279802025624,35.432413281137585,54.79720757011468,50.67720750578752,20653.044,23920.031600000002,35968.84645
2022-07-15,20588.84,21200.0,20382.29,20830.04,143343.3049,0.00012259,7.987333333333402e-05,0.00017243857142857142,0.00011073200000000001,8.503372527019293e-05,8.883877270804259e-05,0.0001337241153915399,-0.0011565321256032527,-0.0436159486034739,-0.03014869550216106,0.7096418630300967,0.521932183344256,0.7866154371828472,39.85066188161042,62.26758503679912,51.28830995046598,20718.465,23752.6054,35819.48945
2022-07-16,20830.04,21588.94,20478.61,21195.6,121011.67393,0.00014851,0.00013539333333333403,0.00017988571428571428,0.00011732100000000001,1.2962840480654528e-05,8.131802976488458e-05,0.00013040273295082027,0.4903361940377986,0.16766322612093168,0.15434064469654765,0.5374237461079165,0.5199891358123323,0.7863237447991094,45.20294532836349,64.59206160121579,58.63194659451961,20781.574,23603.921399999996,35687.74875
2022-07-17,21195.6,21684.54,20750.01,20798.16,118229.4525,0.00026747,0.00017952333333333403,0.00018784785714285717,0.00012844200000000001,7.725881006931893e-05,8.420534663995339e-05,0.00012842688187826533,1.3428123835355934,0.9830572800792042,0.9762638786968667,0.4400935082420551,0.5229477862363785,0.7759839634699525,49.15337242397085,60.601050142805576,50.95948224939496,20698.892,23439.258,35559.41625
2022-07-18,20799.58,22777.63,20762.45,22432.58,239942.73132,0.00030000000000000003,0.0002386600000000007,0.00019879785714285717,0.0001327226666666667,7.974846142712743e-05,8.831035623379222e-05,0.0001320047011684928,1.274757990383409,1.1075857559936404,1.1773159630261782,0.6544715697287751,0.6032768091495188,0.7878135853845851,77.22986520555456,64.24969857117034,56.97936482067593,20782.675,23298.547599999998,35435.974799999996
2022-07-19,22432.58,23800.0,21579.54,23396.62,263770.76574,0.00030000000000000003,0.0002891566666666674,0.00020921857142857143,0.00014041500000000002,1.8781204256585684e-05,9.119207892875366e-05,0.0001348699527578507,0.843702807532578,1.032730794783185,1.1773159630261782,0.6768992428810924,0.6202550200237867,0.7919352521355305,91.8268469487298,68.70783782307004,59.45893919469566,20963.154,23131.7956,35321.873250000004
2022-07-20,23398.48,24276.74,22906.19,23223.3,238762.17094,0.00028118,0.00029372666666666736,0.0002090364285714286,0.00014765,1.0865732065885529e-05,9.103421508993388e-05,0.00013644908710732395,0.3423939339895213,0.8901789220203836,1.0080752063444784,0.7302445892204469,0.6194761978263423,0.7914096166945255,86.17997796582036,65.83976446392646,61.92274213744346,21199.237,22960.2408,35199.3765
2022-07-21,23223.3,23442.77,22341.46,23152.19,184817.68191,0.00030000000000000003,0.00029372666666666736,0.00021241214285714288,0.000151985,1.0865732065885529e-05,9.361903202127638e-05,0.00013921971144007064,0.6899694589579771,1.0936732409114944,1.1075236618404365,0.7616371438848074,0.5933939013088761,0.7872397982216943,83.31544102164018,60.314233576137966,58.15728965435496,21518.095,22827.168,35078.706549999995
2022-07-22,23152.19,23756.49,22500.0,22684.83,171598.43966,0.00025172,0.00027763333333333403,0.00021595500000000002,0.00016185700000000003,2.4334620057184835e-05,9.413666609697576e-05,0.0001352548439607092,-1.6495785685708586,0.4872775594835372,0.7746911024864725,0.7681291042109653,0.6053091385445016,0.7832718767123752,72.76793715091125,56.95156200974938,55.62801304855914,21853.703,22671.8122,34959.900200000004
2022-07-23,22684.83,23000.77,21934.57,22451.07,122137.77375,0.00020064,0.00025078666666666737,0.00021161285714285717,0.00017024666666666665,4.9686574980847926e-05,9.327579844649707e-05,0.0001292665579158448,-1.5771742247201967,-0.1514442930812633,0.3838381812124335,0.46388216966105655,0.6102218774904996,0.7813278064050463,65.92649913101877,55.32275769446147,53.73877060085268,22075.323,22526.8294,34842.9955
2022-07-24,22448.58,23014.64,22257.15,22579.68,115189.67277,0.00022062999999999998,0.00022433000000000067,0.0002059707142857143,0.00016893233333333332,2.574022338663694e-05,8.986966986139651e-05,0.0001285201806422128,-0.7339606583933974,0.046312736778121595,0.5328750159147468,0.18321063922448957,0.5844071259537854,0.7817430352274422,74.25407474771364,61.493073542648204,56.16036341751239,22274.407,22381.142200000002,34738.638249999996
2022-07-25,22577.13,22666.0,21250.0,21310.9,180344.76643,0.00013557,0.000185613333333334,0.0002011692857142857,0.000165911,4.447641434881116e-05,9.182702798571196e-05,0.0001281922221361931,-1.4114047023341518,-0.9788448058090118,-0.08527313993871989,0.4711473555862046,0.6436283549610308,0.7925890195840338,33.04071993177364,58.591807972644524,52.10721065431676,22322.493,22208.976000000002,34629.7812
2022-07-26,21310.9,21347.82,20706.5,21254.67,177817.24326,0.00022312999999999999,0.00019311000000000068,0.0002048907142857143,0.00016645899999999999,4.984677722775901e-05,9.156697838318776e-05,0.0001284075149092941,0.38549316928696475,0.12683458254065902,0.5712295130905635,0.472321263691341,0.6397091817594923,0.7917736192557261,5.360603875505419,63.26040496176099,53.72071226307204,22328.4,22006.607399999997,34528.22215
2022-07-27,21254.67,23112.63,21042.53,22952.45,210971.19796,0.00012627,0.00016165666666666736,0.0002151992857142857,0.00016484966666666667,5.344015843283992e-05,7.015892480808936e-05,0.00012860500868361983,-1.1725410734829291,-0.976696148242718,-0.12663653609581593,0.9246450942074504,0.686837088038514,0.8159025456774754,46.548476793165385,66.87187561306976,59.676567674813455,22543.828999999998,21843.149800000003,34434.5857
2022-07-28,22954.31,24199.72,22582.13,23842.93,236029.0741,0.00029229,0.00021389666666666736,0.00022642857142857143,0.000176514,8.33942500015874e-05,6.891917996494359e-05,0.00012349729665060737,1.3427355906856326,0.9618194144923069,1.1152376764759806,0.9559620608609645,0.7025152079356864,0.8211856489691169,57.281678262694484,68.94095405285665,62.72272067235482,22684.864,21715.913000000004,34344.47725
2022-07-29,23845.25,24442.66,23414.03,23773.75,198298.50623,0.00030000000000000003,0.0002395200000000007,0.0002391007142857143,0.00018056666666666667,9.815310947694953e-05,6.452801126580113e-05,0.00012553998157846261,1.0205674589372395,1.0107264657765733,1.1728725053549853,0.9639612229672088,0.7030001362319765,0.797788754293619,62.53124410216213,67.48447090602781,65.24767397435468,22722.577,21589.1894,34254.23355
2022-07-30,23777.28,24668.0,23502.25,23643.51,151060.13211,0.00030000000000000003,0.0002974300000000007,0.00024992142857142857,0.00019747133333333333,4.451370574810003e-06,6.0759963140923256e-05,0.00010379408516582383,0.6841031468659344,1.0102688984458499,1.1728725053549853,0.691630683851324,0.68261632643695,0.7976012907593946,64.05748237567609,64.95774647886212,64.79370286310686,22764.597999999998,21480.222,34158.80465
2022-07-31,23644.64,24194.82,23227.31,23293.32,127743.32483,0.00026281000000000004,0.00028760333333333407,0.0002495885714285714,0.000210812,2.147165651102807e-05,6.066912937687413e-05,8.288080008938252e-05,0.08798997617864733,0.5391501072146717,0.903922840246149,0.7360970855581146,0.6520488679978961,0.7838138998644915,57.99528555550661,65.33501321368183,63.147049665716914,22778.711,21377.594399999998,34055.75795
2022-08-01,23296.36,23509.68,22850.0,23268.01,144210.16219,0.00026449000000000004,0.0002757666666666674,0.0002470521428571429,0.00021815333333333333,2.100348621842388e-05,5.9121995279518576e-05,7.71762774582107e-05,-1.03410330154973,0.5048498440848878,0.8866050666445146,0.390832694678724,0.6284386702370552,0.7812305728664233,80.39547618971903,56.40039899545091,60.650071391618944,22837.029000000002,21311.464,33959.29745
2022-08-02,23266.9,23459.89,22654.37,22987.79,158073.28225,0.00025618,0.00026116000000000073,0.00024392214285714288,0.00022149266666666667,4.393847971212026e-06,5.723300542909496e-05,7.655910774596595e-05,-0.953823348426629,0.3284724256300743,0.7965361195000668,0.11401706248226909,0.6122524538637786,0.7797795147658503,75.16582447579354,46.501282825868586,59.72949407293991,22890.701,21321.4716,33858.9366
2022-08-03,22985.93,23647.68,22681.22,22818.37,145948.80995,7.499999999999999e-06,0.00017605666666666736,0.00022437357142857144,0.00021685266666666669,0.00014603347709798287,8.400560811019326e-05,8.500114457381414e-05,-1.7701398489834823,-2.7285245158580675,-1.0531734090052736,0.10424265005393289,0.6128630822954635,0.7794285311559763,46.499289832049136,46.53234383856852,57.91859432354265,22914.57,21335.110800000002,33757.607
2022-08-04,22816.91,23223.32,22400.0,22622.98,154854.67016,3.023e-05,9.797000000000068e-05,0.00020510428571428573,0.00021272333333333335,0.00013748442202661876,9.548030120757219e-05,9.095479712224162e-05,-1.007610316558552,-2.161999315149824,-0.8672163422412165,0.10017334364522974,0.6148343063337806,0.7793294645393691,0.0,45.56251519800372,53.73325273296915,23045.778,21335.896,33655.363600000004
2022-08-05,22622.41,23472.86,22586.95,23312.42,175251.69749,0.00010580999999999999,4.7846666666667355e-05,0.00019468214285714287,0.0002067926666666667,5.1468186613932006e-05,9.793246434142998e-05,9.196022535761876e-05,-0.2215965036143669,-1.259039488285667,-0.2896368446114041,0.327822934000849,0.6223858164305786,0.7732818101894273,37.465289287621346,55.073459627507496,56.12335184950365,23251.553,21394.118199999997,33560.9176
2022-08-06,23313.56,23354.36,22909.52,22954.21,83911.80307,0.00025477000000000003,0.0001302700000000007,0.00019854857142857142,0.00020686033333333333,0.00011425091509477533,9.92455165317596e-05,9.199594033338663e-05,1.0373221990522783,0.3730513205460666,0.7924825929608484,0.35480665222056035,0.6200369996662917,0.7736863878652718,33.33558974556212,53.98717485433417,54.73678208395371,23251.729,21443.826199999996,33463.92805
2022-08-07,22954.21,23402.0,22844.62,23174.39,88890.00877,0.00011664000000000001,0.00015907333333333403,0.0001911207142857143,0.000204011,8.305246073011337e-05,0.00010133521860748722,9.345993330543432e-05,0.14069256482977024,-1.02824297125457,-0.22760417229276983,0.35068471232958703,0.5334653216052718,0.7719467333918547,46.93189967854581,54.645409737452994,58.333237214226145,23184.875,21527.898200000003,33371.49995
2022-08-08,23174.39,24245.0,23154.25,23810.0,170958.44152,0.0002279,0.00019977000000000072,0.00019771571428571432,0.00020289333333333332,7.32355576205566e-05,0.00010044235336479314,9.294868481696428e-05,0.8713570448472902,0.2223859903157926,0.6321771306800659,0.39110148056084143,0.5151308264282637,0.7758388845789986,60.63363508299398,71.66393891688098,64.13237970874087,23188.5,21592.618200000004,33287.1454
2022-08-09,23810.98,23933.25,22865.0,23149.95,143182.50858,0.0002792,0.00020791333333333402,0.00020172071428571428,0.00020221266666666668,8.310257837953786e-05,0.00010262774594581864,9.228834917069242e-05,1.02463326325309,0.794304157079176,1.0135128735577499,0.49160968549204853,0.5289287431413164,0.7744652421055244,52.76884199022063,64.8726399547859,64.01388626056917,23139.144,21644.1394,33220.6686
2022-08-10,23151.32,24226.0,22664.69,23954.05,208916.54953,8.707e-05,0.00019805666666666735,0.0001989207142857143,0.00019835533333333334,9.948091592525268e-05,0.0001053434387329052,9.465147905777321e-05,-1.2343703921762366,-1.209449537959363,-0.45195601633575117,0.5119114840421768,0.5485234402998372,0.7784867792688808,65.93722109019808,59.141989258877686,63.74257294036341,23205.216999999997,21708.75,33165.08175
2022-08-11,23954.05,24918.54,23852.13,23934.39,249759.79557,0.00022117,0.000195813333333334,0.00019384071428571432,0.00020002666666666665,9.854290757496037e-05,0.00010216127472435013,9.459499998941005e-05,0.42899463109545494,0.2830020420497677,0.5556623634652773,0.47093353581058434,0.5396792428223004,0.7615192745261297,69.3580338032184,50.99257683624079,62.67514012345144,23271.855,21787.678,33103.53095
2022-08-12,23933.09,24456.5,23583.0,24403.68,174207.5704,7.052e-05,0.00012625333333333402,0.00017744928571428571,0.000202979,8.261571178248649e-05,0.00010222777670588007,8.875601245689974e-05,-1.1497354959029535,-1.254797339748283,-0.6009324824074733,0.48064900444490627,0.5408484698058155,0.6404332524107094,67.22806352813396,56.290103868129044,63.309269458281456,23413.444,21853.549,33042.2476
2022-08-13,24401.7,24888.0,24291.22,24441.38,152852.25435,7.049999999999999e-05,0.00012073000000000068,0.00016105642857142856,0.00020082633333333335,8.698359213089282e-05,9.942683808924601e-05,9.120886502151927e-05,-0.7687240099922591,-1.1362609798242764,-0.6444925358083861,0.4479816883890482,0.5409132700685951,0.638996324669431,76.1219564461151,58.11706346378749,62.39081902526779,23575.745,21917.622799999997,32979.6629
2022-08-14,24443.06,25047.56,24144.0,24305.24,151206.14473,3.302e-05,5.8013333333334013e-05,0.00014464285714285713,0.00019784066666666668,2.164486390178008e-05,0.00010030028487029617,9.523532925064763e-05,-0.8751251374162349,-1.3944389060861904,-0.9842753551023911,0.3172290339008757,0.4672933283806333,0.6375645687635936,70.46750285060932,60.76345751287357,63.660875242074525,23743.971,21973.9038,32917.142400000004
2022-08-15,24305.25,25211.32,23773.22,24094.82,242539.54758,-4.028e-05,2.1080000000000686e-05,0.00012287357142857144,0.00019154766666666667,5.6346914733577816e-05,0.0001052398042280759,0.00010440358560643067,-1.1666273054395464,-1.802310535416554,-1.5835556888633708,0.2092926713504722,0.4702924265812946,0.5837465566474878,56.0927713317421,58.46130544859691,57.28271975127009,23822.211,22035.038800000002,32851.816
2022-08-16,24093.04,24247.49,23671.22,23854.74,179324.94821,6.269e-05,1.847666666666735e-05,0.00010905285714285714,0.00018472166666666666,5.300317569095659e-05,9.890076669447514e-05,0.00010595142368035046,0.4968779508944639,-0.8477648455657444,-0.7815545480838378,0.2309029259114702,0.35118729437328766,0.5845952326216131,68.37889005364177,58.94557844185608,52.14309906381901,23912.264000000003,22097.282400000004,32782.5069
2022-08-17,23856.15,24446.71,23180.4,23342.66,210668.68766,0.00010092,4.111000000000069e-05,0.00011572571428571427,0.00017808566666666664,7.303172119013201e-05,9.457902017440539e-05,0.00010470944224078326,1.0355609949801095,-0.44614726046137404,-0.4527843221106779,0.1613172590067554,0.3248736120817528,0.5539964048114329,31.192282372615622,55.052569699407904,50.54121603115424,23929.090999999997,22158.5098,32708.386000000002
2022-08-18,23342.66,23600.0,23111.04,23191.2,144185.97011,0.00025562,0.00013974333333333403,0.000131825,0.00017660633333333332,0.00010215642237924612,9.802658970131117e-05,0.00010323070361505192,1.5774861674496632,0.988515723512039,0.8060547470359932,0.12418799085958404,0.3256308416326678,0.519049879723556,28.85264373963811,55.52268282914738,50.175604125896555,23867.211,22219.8736,32634.933200000003
2022-08-19,23191.45,23208.67,20783.57,20834.39,283995.87747,5.362000000000002e-05,0.00013672000000000068,0.00012809714285714284,0.00016902100000000002,0.00010565145526680449,0.00010006322796720317,0.00010364139681351483,-0.30495564621573396,-0.7899584047560021,-0.8681295351479722,0.8231542552424054,0.5579538078454557,0.5847443198109278,1.0343815249031678,31.810728163956256,42.88118170443846,23635.655000000002,22237.717200000003,32546.77065
2022-08-20,20834.39,21382.85,20761.9,21140.07,183041.68363,-0.00010219,6.901666666666736e-05,0.0001026,0.00015561466666666669,0.00017940120410222065,0.0001102616259351091,0.00011180534959548745,-1.3799305323734952,-1.954119470855744,-2.044523037778544,0.9005492460641962,0.563418212239839,0.5855672365786885,7.81256788842262,36.58033571721592,44.984214239465636,23354.256999999998,22274.922599999998,32458.998050000002
2022-08-21,21140.07,21800.0,21069.11,21515.61,159200.6841,-8.779999999999999e-05,-4.545666666666597e-05,8.799714285714285e-05,0.00014429733333333334,8.610405004020497e-05,0.00012124951079546545,0.00011871214875326582,-0.8945868864918243,-1.6215791604802925,-1.904320023079277,0.9737083783230728,0.5714207249893366,0.5798358829089656,16.4067561481354,38.00526999313728,46.004444387692935,23112.379,22320.1786,32382.094299999997
2022-08-22,21516.7,21548.71,20890.18,21399.83,222222.04526,-7.286e-05,-8.761666666666599e-05,6.651428571428572e-05,0.00013518066666666669,1.4665859447231e-05,0.00012119907245867464,0.00012459230847280695,-0.5437975706341049,-1.3502770949341223,-1.77454632068919,0.9820191905916175,0.5702878949414085,0.5643337706853442,16.78944553571803,31.155206034905987,50.36558584585943,22811.994,22361.858600000003,32302.5354
2022-08-23,21400.75,21684.87,20890.14,21529.12,200967.77164,-6.53e-05,-7.531999999999931e-05,4.190714285714287e-05,0.00012564966666666667,1.144994323097961e-05,0.00010905976811815625,0.00012869902966932003,-0.16680623989690363,-1.215877678492303,-1.6431627239252686,1.0003459397795402,0.5714425207364499,0.5643337100577246,20.53670970749434,36.179896760410365,51.12151052694501,22520.768,22387.706799999996,32202.30975
2022-08-24,21529.11,21900.0,21145.0,21368.08,174383.22046,-5.3819999999999996e-05,-6.399333333333265e-05,3.1843571428571426e-05,0.00011933666666666667,9.587019001026296e-06,0.00011105389368075475,0.00013277607492041943,1.188846228981322,-1.0557675760584249,-1.4936724180956977,0.21699597025521702,0.5712526643991329,0.5638847614853675,22.54171765490716,25.23477438099907,42.59570295886628,22227.052000000003,22411.5518,32102.237199999996
2022-08-25,21368.05,21819.88,21310.15,21559.04,169915.78301,6.156e-05,-1.918666666666598e-05,2.0442857142857144e-05,0.00011395100000000001,7.016384919120555e-05,9.748667620434448e-05,0.0001316932199273603,1.750451658817099,-0.09854428282110485,-0.597362971755637,0.19899347960256572,0.5547912538024853,0.5617723884531308,27.54999862451669,27.97448940797861,38.579944737060266,21973.474000000002,22431.442400000004,31998.128050000003
2022-08-26,21559.04,21886.77,20107.9,20241.05,273811.61955,4.099e-05,1.6243333333334022e-05,1.833357142857143e-05,0.00011110833333333334,6.154213380543766e-05,9.663557798464113e-05,0.0001323369716913807,0.9210443805868556,-0.19081603159563448,-0.7337027495065012,0.5598210519351745,0.608529124040015,0.5822100235929004,38.57326636571284,16.650777042667485,34.29671025258119,21612.105,22403.763800000004,31880.13335
2022-08-27,20239.14,20402.93,19800.0,20037.6,162582.46032,-0.00013494,-1.0796666666665982e-05,3.659285714285717e-06,9.686733333333334e-05,0.00010800211402248695,0.00010346178049181059,0.00013512547831258175,-1.2915632889449231,-1.5132328746744166,-2.0197560063241786,0.5560223882568684,0.6044821131194925,0.5801015286257782,27.897997233407636,15.631555616599115,34.074931833169,21281.599000000002,22372.6208,31760.1064
2022-08-28,20037.6,20171.18,19520.0,19555.61,139307.95976,-0.00012597,-7.330666666666598e-05,-7.697142857142854e-06,8.266833333333334e-05,9.908537345807401e-05,0.00010858975794097019,0.00013542439048603628,-0.9135143407070944,-1.3109589018982295,-1.8589560932287548,0.5198065552078088,0.5880663495425449,0.5828690403579349,12.31493943472067,14.830945847281711,33.68281079060303,20918.04,22331.8964,31636.02085
2022-08-29,19555.61,20433.62,19550.79,20285.73,210509.49545,-0.00029872,-0.00018654333333333265,-2.6157142857142854e-05,6.2711e-05,9.725131687193495e-05,0.00013363394901625322,0.00014599579038218583,-1.4055875787158651,-2.3658232416611904,-3.002871013297286,0.7120724843990792,0.6139328015599891,0.5895751981470644,32.6725435791445,23.810859607793233,37.735419185554846,20863.174,22320.3616,31519.9723
2022-08-30,20287.2,20576.25,19540.0,19811.66,256634.35529,-8.136e-05,-0.00016868333333333263,-3.6446428571428566e-05,5.123866666666667e-05,0.00011480271788300824,0.0001317999035022222,0.00014322598056398363,0.3164973740061149,-0.6011350357428424,-1.5041986666054388,0.6854015408725711,0.589395950320235,0.5864745726175575,25.875795730999897,23.068612065125308,37.143204109464165,20730.333000000002,22317.3226,31407.16195
2022-08-31,19813.03,20490.0,19797.94,20050.02,276946.60765,8.64e-05,-9.789333333333265e-05,-3.7483571428571426e-05,4.5302333333333335e-05,0.00019309160244124004,0.00013068824893367012,0.0001376652299197567,1.432510615987351,0.8264112263547518,-0.32179264032035654,0.49844824115626135,0.5955057106755408,0.5871386112610011,31.8795470917798,27.237319116100537,38.856072310429546,20583.773999999998,22331.748,31296.3227
2022-09-01,20048.44,20208.37,19565.66,20131.46,245289.97263,0.00015286,5.2633333333334014e-05,-4.4823571428571434e-05,4.185833333333333e-05,0.00012070581151430354,0.00011489096922451719,0.00013343514214480504,1.1513032578156357,1.3053462289121445,0.15040277335004462,0.49181298868985646,0.5850180125555173,0.5871632636262227,29.76453045001135,28.640618106470868,39.87758126714587,20456.936999999998,22329.679799999998,31186.7117
2022-09-02,20132.64,20441.26,19755.29,19951.86,245986.6033,0.00011846,0.00011924000000000067,-4.019214285714286e-05,4.5557000000000004e-05,3.323686507469588e-05,0.000120342216723112,0.00013398663003684206,0.6556210036117158,0.988803682745503,-0.09048648768317184,0.43378095185624316,0.5828835565814112,0.5761894781512672,43.94754356369291,41.14869486550332,35.756838545057676,20299.211000000003,22316.9402,31073.791299999997
2022-09-03,19950.98,20055.93,19652.72,19831.9,146639.03204,0.00010358,0.00012496666666666736,-2.5494285714285717e-05,4.8002000000000006e-05,2.5276117845248666e-05,0.00012467544183042875,0.00013436600871991113,0.3021860201951835,0.827214696874197,-0.19013717512982148,0.25861173053172437,0.5828197458374064,0.5763274990244951,45.53900604629209,36.37206511388453,36.49385535757431,20145.593,22296.977399999996,30950.2265
2022-09-04,19832.45,20029.23,19583.1,20000.3,145588.77893,8.17e-05,0.00010124666666666735,-1.338714285714286e-05,4.719833333333333e-05,1.849074723549027e-05,0.00012637794582606956,0.00013408012512042096,-0.936521461766947,0.6020478397390886,-0.3246062204519219,0.1734429866384552,0.5882336823579041,0.5747120036861741,61.16217776548467,33.50216115579981,36.20808772345163,19989.719,22273.0714,30830.8602
2022-09-05,20000.3,20057.27,19633.83,19796.84,222543.01057,0.00012267000000000002,0.00010265000000000068,5.792857142857125e-07,4.2795e-05,2.0500826812435263e-05,0.00013005078212078506,0.00012910503795697124,0.26033410969941695,0.8845553834645772,-0.015572067739728484,0.15894324793387443,0.5882392067413829,0.5608696799104107,33.31763678178149,32.8745141694683,31.881765285881116,19945.298000000003,22253.045,30727.265900000002
2022-09-06,19795.34,20180.0,18649.51,18790.61,356315.05718,3.571e-05,8.002666666666736e-05,7.794285714285713e-06,4.009733333333334e-05,4.350414271453577e-05,0.00012891171001979567,0.00012835215632793989,-1.5959202478102852,0.24328764115888787,-0.6227393972054521,0.43395431135669976,0.6143701095256063,0.5746362247672611,24.441162482156116,25.36012682941987,30.915410949900902,19820.599,22180.2056,30621.346749999997
2022-09-07,18790.61,19464.06,18510.77,19292.84,287394.7788,-9.352e-05,2.1620000000000694e-05,4.958571428571427e-06,2.9383333333333337e-05,0.00010878154760800702,0.00013079421981216085,0.00012551879393100481,-1.6584965318461171,-0.6983507195738535,-1.4957565331294544,0.557304294001755,0.6345610733110033,0.5789635259923906,33.25800859673845,32.40803219931885,29.039870566569675,19794.322,22098.13,30517.415100000002
2022-09-08,19292.85,19458.25,19012.0,19319.77,262813.28273,9.614e-05,1.2776666666667355e-05,7.428571428571426e-06,2.3281333333333334e-05,9.688747201432386e-05,0.0001322636009500416,0.00011712432456610584,0.5569910158093048,0.9138190845846228,-0.12025309485762951,0.5617332180354577,0.45731229630879344,0.5732399205015636,31.609427182212258,30.47453624984648,29.262930840778125,19697.726000000002,22020.0594,30422.079500000003
2022-09-09,19320.54,21597.22,19291.75,21360.11,428919.74652,0.00021312000000000002,7.191333333333403e-05,1.9723571428571427e-05,2.7483e-05,0.00015474889638807332,0.0001431738689419625,0.00012166449345047523,1.2158847302879097,1.6646670582038188,0.7249323247033304,1.0780979030069138,0.6356559701757916,0.6157090670008727,67.31078904990792,58.666043013471224,38.01512890281145,19852.571,21984.2178,30343.839250000005
2022-09-10,21361.62,21810.8,21111.13,21648.34,307997.33504,0.00029764,0.00020230000000000066,5.0622142857142854e-05,3.0032000000000003e-05,0.0001011848150662633,0.00015353136854021762,0.00012656475086448164,1.2318777312016698,1.9679210349001293,1.3036424501307982,1.0498713548577654,0.6337350579038774,0.6106511444956298,71.44142102354445,62.31196570742368,39.21446268480655,20012.403,21963.487999999998,30260.929300000003
2022-09-11,21647.21,21860.0,21350.0,21826.87,280702.55149,0.00023827,0.00024967666666666735,7.663928571428572e-05,3.562366666666667e-05,4.3399212358376376e-05,0.00015216006346884526,0.00013200394888253787,0.568278014790673,1.370891717121006,0.8506374015520702,0.7723417430104095,0.6340488739252079,0.6008830304028043,71.50955616527514,68.20532551017243,40.46081473571675,20181.944,21951.004000000004,30183.813600000005
2022-09-12,21826.87,22488.0,21538.51,22395.74,395395.61828,0.00028246,0.0002727900000000007,0.00011815214285714285,4.2689000000000004e-05,3.084365250735099e-05,0.00011712125033348146,0.00013940025254395797,0.7129942505596367,1.4802465119766215,1.1363027884929042,0.7726355191638843,0.6425861932043959,0.6026250707221504,78.17932236909401,67.36162194628716,43.63588964499584,20426.332000000002,21947.3252,30104.156250000004
2022-09-13,22395.44,22799.0,19860.0,20173.57,431915.03333,0.00029965,0.0002734600000000007,0.00014536714285714284,5.157666666666667e-05,3.16642716637257e-05,0.00011131840143888476,0.00014705221090939843,0.8649424049982212,1.4138546804308239,1.2209875540731392,1.4017828326810347,0.7873531309486613,0.6561218077019719,61.866215914738675,52.31259784656721,37.9943656680084,20460.499000000003,21924.578599999997,30008.928249999997
2022-09-14,20173.62,20541.48,19617.62,20226.71,340826.40151,-2.222e-05,0.00018663000000000067,0.00013760857142857143,5.217866666666667e-05,0.00018107350965835346,0.00011924725927233578,0.0001466997470729695,-1.7594491858955956,-0.578699528808492,-0.9971969681492691,1.0127984398724115,0.7860070363884107,0.6546343923317915,58.6819778327657,51.15641930850829,39.52415501002142,20483.14,21904.0194,29914.478199999998
2022-09-15,20227.17,20330.24,19497.0,19701.88,333069.76076,0.00011137000000000001,0.00012960000000000068,0.000134645,5.3801333333333336e-05,0.00016170752579887422,0.00011935458257133184,0.00014708873610112008,-0.5192746519690227,0.23171919843857566,-0.05509990541496574,0.9821863789980096,0.7468914033900811,0.6561468887368336,53.25138569563244,47.34266824364633,38.55618466898246,20473.644,21839.008,29824.492249999996
2022-09-16,19701.88,19890.0,19320.01,19803.3,283791.07064,0.00015323,8.079333333333402e-05,0.00013712857142857143,5.5545000000000004e-05,9.163446422240205e-05,0.00011935364619209709,0.00014797395765171753,-0.08819924226984306,0.42097808634548495,0.2576696540579982,0.9747724295325684,0.7462975082292325,0.6276841161583492,30.229427586674433,49.072049810478696,46.03123159648124,20574.913,21758.2154,29707.70875
2022-09-17,19803.3,20189.0,19748.08,20113.62,179350.24338,8.827e-05,0.00011762333333333401,0.000136035,4.996666666666667e-05,3.292838491828669e-05,0.00011975414492588853,0.0001432504267390796,-0.32371388666409084,-0.07593240804467535,-0.1795868954731623,0.9347684714257762,0.7413420755568917,0.6194960723152144,30.618698349189373,51.71883198495778,46.05050216664429,20656.991,21685.012799999997,29586.17085
2022-09-18,20112.61,20117.26,19335.62,19416.18,254217.46904,0.00017812,0.00013987333333333402,0.00014292214285714283,5.411666666666666e-05,4.6390257957107255e-05,0.00011916004578065239,0.00014515070801339707,0.9831890057027586,0.49313120520104614,0.4828763498529645,0.4184331827692171,0.73933628797805,0.6246515631056294,23.084103175609755,46.652277473760705,42.117238722516944,20666.632,21600.466200000003,29463.78685
2022-09-19,19417.45,19686.2,18232.56,19537.02,380512.40306,-5.1080000000000006e-05,7.177000000000069e-05,0.00013051142857142857,5.582033333333333e-05,0.00011548743438137893,0.00012998782048612452,0.0001435438901157032,-1.6453699243792255,-1.615591865720894,-1.1433578275579794,0.42746448761229516,0.7336701717618148,0.6250623871480897,14.533418028065796,48.49667651060602,43.00833605445868,20484.323,21525.3402,29349.20195
2022-09-20,19537.02,19634.62,18711.87,18875.0,324098.3286,0.00015389,9.364333333333401e-05,0.00013895285714285712,6.387666666666666e-05,0.00012591824980250774,0.00012716448279108484,0.00014197915430611658,0.5303535653921079,0.23832976103452924,0.36633658674941666,0.4653093892263594,0.7450084201092304,0.6284653109337373,23.713264318761162,50.50853830939537,40.42136854914379,20206.989,21437.48,29247.833649999997
2022-09-21,18874.31,19956.0,18125.98,18461.36,385034.10021,9.395000000000001e-05,6.558666666666735e-05,0.00015234357142857144,6.9437e-05,0.00010538754306523427,0.00010943622818846357,0.00013968737232566923,0.01481795792952327,-0.2864197710237502,-0.061752208360052886,0.4501149209029491,0.748634214104505,0.6299846427979293,18.815690458605246,44.93538578486502,39.69758233157548,19870.438000000002,21346.9514,29143.15065
2022-09-22,18461.36,19550.17,18356.39,19401.63,379321.72111,-0.00010947,4.612333333333404e-05,0.00013765714285714285,6.796466666666667e-05,0.00013804044672966877,0.00012951375712071716,0.00014137903567786907,-1.2776221258267162,-1.8491594365460995,-1.5038426101504427,0.6869377816233824,0.7827972965219805,0.6430555366518597,45.3750057764193,50.44869251023666,42.73906877153584,19571.027,21278.616599999998,29048.05475
2022-09-23,19401.63,19500.0,18531.42,19289.91,385886.91829,5.2119999999999996e-05,1.220000000000069e-05,0.00012615714285714284,7.149600000000001e-05,0.0001074249919711099,0.00012944557296581152,0.00013954338827419676,0.22616900061916415,-0.48565631336717785,-0.315593717132224,0.6198469660685988,0.7827689899082103,0.6280009121115323,42.11685220728462,35.61050067838893,46.51597580075852,19482.661,21211.9552,28954.564300000002
2022-09-24,19288.57,19316.14,18805.34,18920.5,239496.56746,9.968e-05,1.4110000000000685e-05,0.00011201714285714286,7.276666666666667e-05,0.00010963348348015325,0.0001197193985585315,0.00013962332764619686,0.4148384678168049,-0.10158035208997868,0.0464231644484021,0.6299425580893496,0.785057392427094,0.6295103281145052,32.00606875915521,31.25097943259665,45.95721765664624,19352.04,21124.116800000003,28855.51365
2022-09-25,18921.99,19180.21,18629.2,18807.38,191191.4492,7.245e-05,7.475000000000069e-05,0.00010017285714285714,7.381533333333333e-05,2.3863275131325087e-05,0.00011435010426345361,0.0001394945169787514,0.3545087165292222,-0.3046714181014051,-0.1470152013902598,0.5569548598597249,0.7844941788227973,0.5977256166620666,38.85398129635552,29.05810761511448,47.21787804218659,19262.59,21041.1802,28739.842
2022-09-26,18809.13,19318.96,18680.72,19227.82,439239.21943,7.533e-05,8.248666666666736e-05,8.537785714285713e-05,8.082433333333333e-05,1.4959332649777114e-05,0.00010164469763151066,0.00013381054676448711,0.4432465607256027,-0.299609083110869,-0.10118130071113172,0.5291832594174791,0.7579991315950987,0.5921616589692009,44.89873359245584,27.56678440624991,45.97367978363129,19205.042,20962.2488,28638.871100000004
2022-09-27,19226.68,20385.86,18816.32,19079.13,593260.74161,0.00020782,0.00011853333333333401,7.881857142857142e-05,9.195066666666667e-05,7.733792881456584e-05,8.892026124201674e-05,0.00012984111704468244,1.7205772460681352,0.7244730040898014,0.9155502195967963,0.29226096334399787,0.7501626449764249,0.5922483500511819,54.0545586722079,39.02773043529472,47.14124593643234,19101.593,20867.6314,28540.6189
2022-09-28,19078.1,19790.0,18471.28,19412.82,521385.45547,5.4019999999999994e-05,0.00011239000000000068,8.42642857142857e-05,0.00010370866666666666,8.332882274455516e-05,8.448011242660736e-05,0.00010724937156747236,-0.7787709612493326,-0.6220731225757974,-0.22682786078165476,0.33793034966816443,0.754041661984375,0.5944856970600668,69.51840941352103,42.2749318982015,47.53164468698271,19101.256999999998,20792.8888,28443.646199999996
2022-09-29,19412.82,19645.52,18843.01,19591.51,406424.93256,0.00020007,0.00015397000000000067,9.06e-05,0.00011308966666666666,8.66459318144463e-05,8.982625451396602e-05,0.00010271577854430411,1.0366907930160811,0.6770276935491957,0.9251003789500325,0.25750975754512667,0.6077894747552448,0.5945372031150497,55.66548909149338,48.878743363573115,47.9240086030795,19106.706,20705.638,28352.71705
2022-09-30,19590.54,20185.0,19155.36,19422.61,444322.9534,0.00030000000000000003,0.00018469666666666735,0.00010108357142857142,0.00012020966666666666,0.0001237085067136741,0.00010498388056544296,0.00010806570576257058,1.2994057178126885,1.5601132070933157,1.6920371064966662,0.2704209280476548,0.6027158126769184,0.5946888575898629,53.82875344787608,46.184851649252764,47.96347217507449,19161.466999999997,20615.402400000003,28251.473249999995
2022-10-01,19422.61,19484.0,19159.42,19310.95,165625.13959,0.00020203000000000002,0.00023403333333333405,0.00010920928571428572,0.00012184866666666667,5.713721408440712e-05,0.00010826698122020032,0.00010894725695569102,0.10477537158849516,0.7187750252855909,0.9437585024309383,0.22389028426845176,0.5995899195087294,0.59429344983462,63.23388851602566,41.62232571342665,47.994128894775656,19246.426,20513.5478,28151.62635
2022-10-02,19312.24,19395.91,18920.35,19056.8,206812.47032,0.00015462,0.00021888333333333404,0.00010753071428571427,0.00012305400000000002,7.414082703428188e-05,0.00010729420727533666,0.00010910838197837723,-0.30880042380060846,0.37065734880099,0.5523586326000521,0.2468971032279363,0.582694947835844,0.5947421190928197,57.71615250396577,45.86657281400055,46.39097019594489,19211.943,20405.856200000002,28041.34035
2022-10-03,19057.74,19719.1,18959.68,19629.08,293585.75212,0.00022312,0.00019325666666666734,0.00012711642857142857,0.00012703866666666667,3.508263150516485e-05,0.00010095304747239537,0.00011054600729652708,0.13439800980197436,1.1215139924872413,1.056555100241238,0.33346167512569086,0.41339457953239167,0.599954063244479,61.34746558372294,50.95922211940132,49.37590214430305,19245.86,20312.333,27934.89625
2022-10-04,19629.08,20475.0,19490.6,20337.82,327012.00127,0.00030000000000000003,0.00022591333333333403,0.00013755285714285714,0.00013431533333333335,7.273024221963884e-05,0.00011098744554290589,0.00011457021698006401,1.0082662129885132,1.680049733368877,1.5945169675994313,0.44166911059250547,0.4422913584722361,0.6019214461265749,77.03244262511055,65.09493540263114,55.88619089973404,19387.592,20237.193,27827.797800000004
2022-10-05,20337.82,20365.6,19730.0,20158.26,312239.75224,0.00030000000000000003,0.00027437333333333404,0.0001522707142857143,0.00014022633333333334,4.4386688695233334e-05,0.0001181889037134899,0.00011845722366248684,1.0082662129885123,1.488380452093179,1.5757598874020933,0.44237098431562877,0.42822886111347225,0.6012439532552258,67.1445919465464,68.39928697203929,53.37526247966859,19522.68,20163.2634,27717.58345
2022-10-06,20158.26,20456.6,19853.0,19960.67,320122.1702,0.00030000000000000003,0.00030000000000000003,0.00018151857142857143,0.00014903600000000001,0.0,9.724340625126275e-05,0.00012023066266774683,0.678454527269539,1.3484913024468008,1.5218276525248329,0.4546986111652505,0.4303266220593827,0.6008098095618415,58.417241253492705,57.22527813389713,52.46676468549447,19595.965,20095.623600000003,27611.07625
2022-10-07,19960.67,20068.82,19320.0,19530.09,220874.83913,0.00027513,0.00029171000000000074,0.00019744785714285716,0.00016132433333333334,1.4358701194547432e-05,9.256945834420379e-05,0.00011321982657140396,-0.13534647877038197,1.0270123569480032,1.3226959232140396,0.49308360530829265,0.4346264947145711,0.598025686650988,52.18939443320328,52.86782089550472,41.96015443363047,19641.060999999998,20022.4014,27503.71545
2022-10-08,19530.09,19627.38,19237.14,19417.96,102480.09842,0.00015344,0.00024285666666666735,0.00020128785714285715,0.00016323433333333335,7.84291682559966e-05,8.925764747921536e-05,0.00011256367809116093,-1.762812741698934,0.0049608951586377036,0.4491569579182804,0.4184741051651451,0.4079761378031343,0.5948212729543739,52.17940310300216,56.32865335780723,40.04724743948934,19641.575,19994.072799999998,27388.9846
2022-10-09,19416.52,19558.0,19316.04,19439.02,113900.82681,6.973e-05,0.0001661000000000007,0.00020109357142857143,0.0001584546666666667,0.00010328357420226005,8.956210012376233e-05,0.00011341349298594325,-1.4484414188619414,-0.8141675064594556,-0.17339638786098385,0.15897403172901559,0.4070667281450409,0.5876187990377969,58.601042332357764,58.22842195216418,39.19267662800198,19626.326,19960.0518,27271.7659
2022-10-10,19439.96,19525.0,19020.25,19131.87,212509.09849,0.0002231,0.00014875666666666737,0.00021164857142857144,0.00015597,7.67921834129426e-05,8.19877578908181e-05,0.0001110509740677116,0.2005303201663857,0.550000485908615,0.9705044929976678,0.16937720262485323,0.38418200025673405,0.5883764492942575,37.295394034154455,48.712035587800855,34.86938663871925,19597.252,19912.377,27147.46795
2022-10-11,19131.87,19268.09,18860.0,19060.0,243473.84286,0.00030000000000000003,0.0001976100000000007,0.00021823285714285716,0.00015802766666666665,0.00011723213424651918,8.529148180292805e-05,0.00011317998749884238,1.0199129780194574,1.1239381372518122,1.4868295231222117,0.17905634234930998,0.3709892028965492,0.5855048344651085,1.595527069411503,49.73780512874832,43.55225902828235,19572.157,19865.5804,27021.202150000005
2022-10-12,19060.0,19238.31,18965.88,19155.53,213826.26731,0.00030000000000000003,0.0002743666666666674,0.00023580285714285714,0.00015861233333333333,4.4398235700617184e-05,7.336338108023481e-05,0.00011388803641824558,0.9160719559262182,1.1227968945756337,1.4332359175833018,0.15168738672733895,0.30253370355448844,0.5857735897785286,9.433534804308906,46.22729765474406,43.828001299863466,19582.030000000002,19818.1086,26894.423450000002
2022-10-13,19155.1,19513.79,18190.0,19375.13,399756.68337,0.00021402,0.0002713400000000007,0.00023679928571428572,0.000155758,4.964057614486572e-05,7.293420084777766e-05,0.0001112744401484594,-0.07810250028196941,0.1433202063145405,0.79071412527409,0.19645600489780712,0.3058102866829923,0.5869968195614099,26.725864919852995,46.864784977377575,48.04867357576945,19556.635000000002,19778.2496,26757.160300000003
2022-10-14,19375.58,19951.87,19070.37,19176.93,351634.32601,0.0002163,0.0002434400000000007,0.00023082071428571428,0.00016370866666666668,4.8995661032320916e-05,7.075290344298025e-05,0.00010653974523815278,-0.7615016891189389,0.10742615851218992,0.7795133854154613,0.2118050015288311,0.29700671853355715,0.5870921116522847,32.78175400274698,46.47021637307404,46.30211033036658,19440.546,19730.6074,26617.4339
2022-10-15,19176.93,19227.68,18975.18,19069.39,113847.64232,0.00012652,0.000185613333333334,0.00022542714285714289,0.00016421366666666666,5.118902356293945e-05,7.581359665238122e-05,0.0001063187809498015,-1.4488488716071009,-1.0109714698335213,0.12608255216532643,0.16663651427816917,0.29685000524722166,0.5869046912401495,32.92913462948924,46.52529646313696,43.68397304302271,19331.659,19707.174199999998,26475.60685
2022-10-16,19068.4,19425.84,19063.74,19262.98,131894.61885,6.59e-05,0.0001362400000000007,0.00021909,0.00016130266666666666,7.566966895654838e-05,8.53017923881012e-05,0.00010781490057387866,-1.3130978942438156,-1.7240230222526198,-0.30591541526106314,0.18420691189545269,0.2843771848246975,0.586122062055239,42.62492877967804,53.01836962948211,49.013224848165805,19261.89,19691.681800000002,26336.5818
2022-10-17,19262.98,19676.96,19152.03,19549.86,222813.87634,0.00011628999999999999,0.00010290333333333403,0.00021145928571428572,0.0001622366666666667,3.245147505625607e-05,8.958432001062241e-05,0.00010728044618354987,-0.4801134593866172,-1.0313519490378376,0.07400991941224587,0.21462352466901063,0.2886926840333801,0.5877291979189042,67.813946352275,48.734512878490136,50.08097165990135,19263.867,19691.5668,26206.7794
2022-10-18,19548.48,19706.66,19091.0,19327.44,260313.07848,0.00030000000000000003,0.00016073000000000072,0.00021145928571428575,0.00016629933333333336,0.00012321480308791528,8.958432001062241e-05,0.00011017150075613366,1.452803247192203,1.0313799752282826,1.3582864782172834,0.23156105059346183,0.28396363362829685,0.5268884353977972,60.101528978030615,30.890796989052035,53.020656687699656,19254.815,19672.400999999998,26071.99915
2022-10-19,19327.44,19360.16,19065.97,19123.97,186137.29538,0.00027598,0.00023075666666666736,0.00020974357142857143,0.00017720133333333333,9.985591336184041e-05,8.797368842728986e-05,0.0001039239598915878,0.9496144719431325,0.6777324564336515,1.1513220759443374,0.23273365551869754,0.2839586967256011,0.5258681704517932,48.89781378778088,30.6139203256688,54.55156183667754,19223.309999999998,19658.6472,25938.564
2022-10-20,19123.35,19347.82,18900.0,19041.92,223530.13068,0.00018116,0.0002523800000000007,0.000201255,0.00017811033333333333,6.283674402763195e-05,8.424954870917532e-05,0.00010383225166632991,-0.06673549610653343,-0.42324995936541104,0.4420213910922798,0.2303645243048842,0.2823676642765103,0.52367094703081,37.12629911522925,31.99990595867486,47.19883003591,19214.315,19638.4852,25801.73685
2022-10-21,19041.92,19250.0,18650.0,19164.37,269310.75769,8.301e-05,0.00018005000000000072,0.00018753214285714286,0.00017774566666666668,9.648978857886374e-05,8.689593822312857e-05,0.00010415672546644877,-1.1342819644710949,-1.4826313501929105,-0.30324824117567906,0.21694375005367353,0.28320104494798626,0.5240117412573565,49.48456992774565,41.85094075596559,49.02401328471737,19224.752,19619.1434,25664.65615
2022-10-22,19164.37,19257.0,19112.72,19204.35,110403.90837,0.00011762,0.00012726333333333404,0.00018497357142857143,0.00018531533333333334,4.978052865656337e-05,8.848969454189198e-05,8.982998142984464e-05,-0.7766196661501472,-1.0334215573631391,-0.06858823599361635,0.1489878798755071,0.27733212275481994,0.5237360844674531,55.8635431510556,45.08216724450195,52.32587295003669,19229.634,19604.193199999998,25533.190150000002
2022-10-23,19204.29,19695.0,19070.11,19570.4,167057.20184,0.00010497,0.00010186666666666738,0.0001874907142857143,0.00018707699999999998,1.751245366380209e-05,8.540686564590693e-05,8.761880860712614e-05,-0.6094297434779621,-1.0761041553645845,-0.18792178773732268,0.21386053264340182,0.2588287355893076,0.52602879187885,61.61565782510155,52.61008113538982,56.00336116467553,19249.161,19598.963200000002,25415.1898
2022-10-24,19570.4,19601.15,19157.0,19329.72,256168.14467,0.00022328000000000002,0.00014862333333333404,0.00018750357142857142,0.00019119700000000002,6.496321292336935e-05,8.541265197288054e-05,8.626299055199487e-05,1.3943143838063452,0.3000145353797564,0.7042092799966998,0.22415754101352994,0.20806436479028875,0.5260530020428963,41.3812544044876,54.03724426702108,50.825077163719556,19264.44,19585.5516,25294.61745
2022-10-25,19330.6,20415.87,19237.0,20080.07,326370.67061,0.0001318,0.00015335000000000072,0.00017548928571428573,0.00019317533333333334,6.202915362951286e-05,8.00316346553779e-05,8.409919064494298e-05,-0.006219627859806768,-0.6786407601364982,-0.013132452505072289,0.36272434218112576,0.2685344679472518,0.5121601557317857,70.84812994795122,66.30134972302616,57.38500540072353,19365.508,19591.216200000003,25183.75775
2022-10-26,20079.02,21020.0,20050.41,20771.59,380492.69576,0.0001403,0.00016512666666666735,0.00016408214285714288,0.000195341,5.054127158399454e-05,7.188637414260207e-05,8.176398268486421e-05,-0.07075289282351843,-0.5043053020340759,0.017854175939400172,0.4068095281863427,0.30126544890216417,0.5183067446883299,85.9259162349066,71.69336175556663,59.52230446535485,19516.369,19630.8358,25073.845849999998
2022-10-27,20771.61,20872.21,20200.0,20295.11,328643.57791,-8.869999999999998e-06,8.774333333333403e-05,0.00014816142857142857,0.000188118,8.377747091746535e-05,8.368877618503121e-05,8.979984875961339e-05,-1.518741172423833,-2.000221720516804,-1.2321807896941528,0.5262181738634436,0.3034395027242365,0.5179742071502612,73.3150760369073,61.55271921759108,54.73329153467988,19590.894,19650.8812,24964.527149999998
2022-10-28,20295.11,20750.0,20000.09,20591.84,287039.94569,-3.159999999999997e-06,4.275666666666737e-05,0.0001324857142857143,0.000186212,8.452323605569392e-05,9.024098674061434e-05,9.328347358533557e-05,-0.9948175931285341,-1.69396510055865,-1.3715082621343266,0.521589477217526,0.30593262443362734,0.5112800876146395,74.94015983001813,67.3387758903153,57.73270602051485,19717.334000000003,19676.3226,24869.8341
2022-10-29,20591.84,21085.0,20554.01,20809.67,254881.77755,0.00011444,3.413666666666737e-05,0.00013162285714285715,0.00018335766666666665,6.960330475865724e-05,9.03600910399879e-05,9.415085952633843e-05,0.5307841325522085,-0.4968311517822197,-0.32507862416992844,0.464864028770716,0.3074890362882375,0.5083375789911647,76.40641654931062,70.7646856684439,59.77452435672166,19885.904000000002,19665.3138,24773.50775
2022-10-30,20809.68,20931.21,20515.0,20627.48,192795.60886,5.832e-05,5.653333333333404e-05,0.00013108142857142858,0.0001753016666666667,5.882035475349173e-05,9.080579851509315e-05,9.416587642740582e-05,-0.027996817338306085,-0.9905690086497875,-0.8577281330675771,0.4206326444275066,0.3002988901465802,0.5081009304914328,68.5077281863281,66.32536347710672,60.340904601992364,20044.46,19644.8966,24670.9062
2022-10-31,20627.48,20845.92,20237.95,20490.74,303567.61628,4.912e-05,7.39600000000007e-05,0.00012628357142857144,0.00017020466666666667,3.5357217084965286e-05,9.338531713016867e-05,9.677153741334015e-05,0.1416202103422842,-0.9967374788407615,-0.9225545743260186,0.2935651686307796,0.30193811873057386,0.5083202087434178,71.09533984532182,61.67652037506483,56.01805290151686,20177.097,19618.174,24573.648
2022-11-01,20490.74,20700.0,20330.74,20483.62,279932.43771,9.360000000000002e-06,3.8933333333334033e-05,0.00010552357142857143,0.00016536266666666667,2.602107863495555e-05,8.358812232586508e-05,0.00010111481340141805,-0.7815663316687005,-1.3257241656441816,-1.2666361585368981,0.19716189297915868,0.3023322843202362,0.5077935583930977,60.045504104807776,65.15848375827524,51.12894783298646,20305.023999999998,19579.9316,24473.306599999996
2022-11-02,20482.81,20800.0,20048.04,20151.84,373716.27299,0.00012035999999999999,5.961333333333403e-05,9.440785714285714e-05,0.00016193733333333334,5.623906590019638e-05,6.808680129399045e-05,0.00010083091041987155,1.0690525168931713,-0.00907959037337233,-0.226819710640752,0.19242467910717811,0.3112294986803581,0.5092386025340102,31.206826493282122,63.037582922135414,49.951433983481536,20363.167999999998,19579.497,24372.17225
2022-11-03,20151.84,20393.32,20031.24,20207.82,319185.1544,0.0001006,7.677333333333404e-05,8.865357142857142e-05,0.00015529066666666665,5.921176009313274e-05,6.343646471472308e-05,9.794701692081494e-05,0.7534471175034516,-0.17892331317702562,-0.41616923968793246,0.14290003167285178,0.3063184591273746,0.5088660714064515,46.44691745969653,64.88681982080894,51.91057444783196,20450.978,19579.1192,24274.82075
2022-11-04,20207.12,21302.05,20180.96,21148.52,453694.39165,0.00012476,0.0001152400000000007,9.163571428571429e-05,0.00014944933333333333,1.2868069007957017e-05,6.412831220593144e-05,9.417200345129793e-05,0.8783647360946167,0.11523071741721848,-0.18904441977357053,0.4545755752997952,0.35403607213373983,0.5202564002426636,64.86588974222346,70.9558039174887,61.596544603282496,20557.822999999997,19608.052,24176.5577
2022-11-05,21148.52,21480.65,21080.65,21299.37,245621.98525,0.0001895,0.00013828666666666737,9.677e-05,0.000145766,4.596771185655186e-05,6.905678176471938e-05,9.015583541467877e-05,1.2411674817749723,0.8183931330065287,0.39949274808366825,0.4372982693750725,0.3534664146156008,0.502966415722805,63.5623919882769,71.62043343651183,63.4064864417807,20610.601000000002,19637.973400000003,24075.58865
2022-11-06,21299.37,21365.27,20886.13,20905.58,230036.97217,0.00023088999999999998,0.00018171666666666735,0.00010576428571428573,0.00014429133333333335,5.349139588127393e-05,7.784762352133704e-05,8.830979497102461e-05,1.417316589574162,1.196814678568048,0.7727600874720013,0.49269413360239633,0.36443436687647557,0.5017771214345739,56.89403855305029,63.700505259856044,59.923242646319686,20671.648,19653.8126,23973.3256
2022-11-07,20905.58,21069.77,20384.89,20591.13,386977.60337,0.00027813,0.00023284000000000068,0.00010968214285714285,0.00014844766666666668,4.434716563653268e-05,8.524552062935837e-05,9.162720837756523e-05,1.2716481690649668,1.799929777008539,1.1984415623450952,0.4883387778001602,0.3676613686863616,0.5034232787032521,52.28713200616193,62.75050490141782,59.86410376348654,20671.577,19677.3116,23873.8812
2022-11-08,20590.67,20700.88,17166.83,18547.23,760705.362783,0.00015172999999999999,0.0002202500000000007,0.00011110571428571429,0.000151181,6.386820179082867e-05,8.580785114830134e-05,9.041303374728436e-05,-0.7056933293310402,0.4131756049790514,-0.03034328367638967,1.053234766229215,0.5881492817693307,0.5070024211967663,27.119072658304134,37.717746303712964,47.26343147770193,20445.333000000002,19657.5158,23768.07145
2022-11-09,18545.38,18587.76,15588.0,15922.81,731926.929729,-0.00039555,1.1436666666667358e-05,7.28307142857143e-05,0.00013055933333333333,0.0003580821834905032,0.0001595804313463564,0.00013365496406882266,-1.7625691606571368,-3.5433433387636772,-4.398128393425535,1.3071048874363587,0.8734349870340402,0.6263132332628119,17.589119708647132,20.336450930870996,36.41456276569316,19974.866,19598.471999999998,23650.4775
2022-11-10,15922.68,18199.0,15754.26,17601.15,608448.36432,-0.00254958,-0.0009311333333333326,-0.00010864857142857142,3.5573333333333334e-05,0.0014280777497157927,0.0007200605527193015,0.0005052077870187442,-1.7428727571455045,-4.138092647516212,-7.187367128463931,1.8511013580953262,0.9893445072481121,0.6774454435299131,34.00119070269581,35.631937466527376,43.35910359614798,19685.907,19581.2678,23541.2326
2022-11-11,17602.45,17695.0,16361.6,17070.31,393552.86492,-0.00032531,-0.001090146666666666,-0.0001316592857142857,1.4729666666666667e-05,0.001264394185067822,0.0007215760010556469,0.0005068188106794329,0.21195186490775442,-0.43162509933558324,-1.1094101439526234,1.8424148865420455,0.9951687620233558,0.6766171239369981,23.64336225649589,31.675743292953086,42.305495166956064,19344.576,19534.6414,23424.45375
2022-11-12,17069.98,17119.1,16631.39,16812.08,167819.96035,9.415e-05,-0.0009269133333333325,-0.00013310857142857143,1.0734000000000001e-05,0.0014208349679795055,0.0007210638826906307,0.0005056646664069213,0.6274583039840187,0.25887183138257197,0.02944640033424205,1.842305284026969,0.9895125647635445,0.6291822233657776,21.39656321989824,29.285660247909348,41.84486636737664,19010.6,19485.0848,23317.950900000003
2022-11-13,16813.16,16954.28,16229.0,16329.85,184960.78846,-4.2080000000000004e-05,-9.107999999999928e-05,-0.00014028,2.121333333333334e-06,0.00021397995910830611,0.0007195111529258069,0.0005042410646857428,0.5548838708323273,0.0570329581000244,-0.3374552527257719,1.711310056334469,0.9936364896869986,0.6322741716699648,21.15800872622384,28.4025018669484,39.61977428521099,18622.803,19433.2718,23203.42155
2022-11-14,16331.78,17190.0,15815.21,16619.46,380210.7775,-0.00012586000000000002,-2.4596666666665946e-05,-0.00015277857142857143,-6.291333333333334e-06,0.00011104211018044441,0.0007174849484227494,0.000504199382180575,0.419380772992788,-0.060448817275973406,-0.5515423717754392,1.0465007251380887,0.9789487533118504,0.6317786614024667,24.886912161382398,30.839496982843087,39.63143912963312,18169.897000000004,19389.5134,23087.8085
2022-11-15,16617.72,17134.69,16527.72,16900.57,282461.84391,-0.00026314,-0.0001436933333333326,-0.00017224285714285715,-1.725933333333333e-05,0.0001116037711429389,0.0007164435227344446,0.0005061499107013631,-0.7746757572304059,-0.25537757317928994,-0.8965581596936166,0.45588119684082246,0.9670748236376281,0.6333372089499365,36.60114764075759,32.73433607388755,41.448582686091136,17730.017,19342.9684,22979.3308
2022-11-16,16900.57,17015.92,16378.61,16662.76,261493.40809,-0.00018712,-0.00019203999999999925,-0.0001942057142857143,-2.7373e-05,6.877211935073661e-05,0.0007114794409994176,0.0005064205988425809,-0.5978574574898753,-0.11415128063902692,-0.678232835579439,0.40003638077384746,0.9655296029487721,0.6322976195166957,59.844552002692275,33.0334965270236,41.348517773562406,17305.735,19294.641,22874.4906
2022-11-17,16661.61,16751.0,16410.74,16692.56,228038.97873,-0.00012381,-0.00019135666666666594,-0.00021023500000000002,-4.15e-05,6.97615526871736e-05,0.0007068394959770469,0.0005028721889787555,0.29883906665741633,0.0012401602952069022,-0.4954614019727009,0.3858057608470452,0.960876642894716,0.6272262004235618,28.465655114868568,32.862555674288245,41.71123824791232,16915.878,19240.235800000002,22765.61165
2022-11-18,16692.56,17011.0,16546.04,16700.45,214224.18184,5.170000000000001e-06,-0.00010191999999999928,-0.00021877714285714286,-5.052699999999999e-05,9.79961228824504e-05,0.0007031928862796426,0.0004993952429458114,1.4610319026286107,0.2258664823736226,-0.1548592839026055,0.2516300753032839,0.9576067962875113,0.6268922610382905,38.344845841614685,26.145333128823196,41.23621722366046,16731.2,19182.414600000004,22656.488100000002
2022-11-19,16699.43,16822.41,16553.53,16700.68,104963.15558,0.00012284,1.4000000000007297e-06,-0.00022353857142857144,-5.2471e-05,0.00012336821024880247,0.000700436002082414,0.000498575091299688,1.3765527427982271,0.4162116675713735,0.15983789117507213,0.20946253367427048,0.9587349706896678,0.6217998904649564,45.80786946440669,24.932598540221775,41.06958013646261,16808.987,19127.976000000002,22551.346750000004
2022-11-20,16700.68,16753.33,16180.0,16280.23,154842.13478,1.794e-05,4.865000000000073e-05,-0.00023874928571428571,-5.464e-05,6.456690560955296e-05,0.0006920707590264591,0.0004981066912094191,0.4146926046388957,0.2440905815644041,-0.11613707281202193,0.22899892280084236,0.9606381362527097,0.6225224867268199,48.04167653324361,24.86034278657479,38.3095568875816,16676.895,19067.3616,22434.2979
2022-11-21,16279.5,16319.0,15476.0,15781.29,324096.997753,8.982e-05,7.686666666666739e-05,-0.0002522,-5.5566666666666664e-05,5.363622034899893e-05,0.00068302302230599,0.0004978009372841006,0.707465531492258,0.35657304489329555,0.06654459914797971,0.30681255917207795,0.9627693806440842,0.6127746398107736,21.6111310568035,24.3715765468111,37.619144317177685,16547.993,19001.8514,22330.4395
2022-11-22,15781.29,16315.0,15616.63,16226.94,239548.06623,2.429e-05,4.401666666666739e-05,-0.0002613028571428571,-5.8256e-05,3.9793713490025474e-05,0.0006780567847837066,0.0004971212130033685,-0.5391878596878033,0.25617456487209656,-0.10701520768322206,0.4515662780612807,0.9782426566708742,0.6175754541523031,29.472138081497988,35.09874061562138,36.26394859117704,16489.479,18933.8086,22231.505350000003
2022-11-23,16227.96,16706.0,16160.2,16603.11,264927.70408,0.00019016,0.00010142333333333407,-0.00021946642857142857,-5.9359999999999994e-05,8.354155991676518e-05,0.0006871448982521553,0.0004965108234886615,1.4087451848247314,0.5237869200533676,0.3311069089736721,0.5155566355543005,0.9873666543945339,0.6194013552496367,48.32361884739524,56.142885521810534,34.79795423280832,16516.805,18859.114400000002,22137.15895
2022-11-24,16603.11,16812.63,16458.05,16598.95,206565.92346,0.00013704,0.00011716333333333406,-2.7564999999999994e-05,-5.918533333333334e-05,8.470257158626607e-05,0.00015696320179978108,0.0004965813069011838,0.6129175974669332,0.4341860136087949,0.1866162426851356,0.5155062332723828,0.9569973785726973,0.6193443123796606,47.33075181493299,37.028619354290875,36.03951974400088,16514.754,18787.928200000002,22049.9617
2022-11-25,16599.55,16666.0,16342.81,16522.14,182089.49533,3.848e-05,0.00012189333333333406,-1.579999999999997e-06,-6.257933333333333e-05,7.696604272876804e-05,0.0001320092016606602,0.000495517680487197,-0.8329933878130579,0.28434983400911074,-0.07433111388032008,0.45287394135046205,0.9537759397000457,0.6163877070846311,45.10785169087547,41.96017118936174,34.368974698141784,16476.911,18719.1576,21982.19085
2022-11-26,16521.35,16701.99,16385.0,16458.57,181804.81666,4.927e-05,7.493000000000072e-05,-4.785714285714282e-06,-6.064133333333333e-05,5.4058719000666544e-05,0.00013003585255404946,0.0004958485685182712,-0.5342304387685705,0.31994344023845933,-0.0385921074261401,0.2996459911909955,0.9540951242309331,0.6162577034045741,43.58053824736549,44.50120239045106,33.08775972187817,16456.492000000002,18657.7272,21909.3982
2022-11-27,16457.61,16600.0,16401.0,16428.78,162025.47607,1.7809999999999994e-05,3.5186666666667385e-05,-5.078571428571399e-07,-5.994233333333334e-05,1.598647657635038e-05,0.0001296992675490312,0.0004959471653637193,-0.9329609591190408,0.29224846916941993,-0.12088266307490168,0.22081605850485983,0.9549387337158243,0.6142578993750389,54.967928352113574,51.79091886644318,33.484457996619255,16430.114,18597.943600000002,21846.0224
2022-11-28,16428.77,16487.04,15995.27,16212.91,252695.40367,2.86e-05,3.1893333333334053e-05,1.0525000000000003e-05,-6.280366666666666e-05,1.5986476576349963e-05,0.0001246887424904672,0.0004951533744935082,-0.5370504500727025,0.3226297500937927,-0.08457555869283588,0.09626176537325384,0.8584459590903741,0.6140467721194445,67.80581178524486,42.438389286688604,33.277302120552605,16381.359999999997,18533.421400000003,21781.938200000004
2022-11-29,16212.18,16548.71,16100.0,16442.53,248106.25009,8.546e-05,4.395666666666739e-05,3.5425e-05,-6.1899e-05,3.634557790607043e-05,9.772695657962281e-05,0.000495407031658026,1.5980405679190024,0.37900528088324353,0.07705239082341322,0.18972098865386283,0.5567364167465318,0.6153429107167546,60.8228998282687,41.31434032674271,34.47286134853738,16355.545000000002,18479.6346,21717.7156
2022-11-30,16442.91,17249.0,16428.3,17163.64,303019.80719,0.00016953,9.453000000000072e-05,6.09e-05,-5.788533333333333e-05,7.09014449781745e-05,8.015824243817305e-05,0.0004968232378910182,1.6221820940017098,1.210317075606284,0.30390584226649553,0.42106481109606675,0.39090938210426474,0.625512913032519,70.90079273336438,58.02676871596021,38.85193011358415,16443.886000000002,18441.7074,21653.100100000003
2022-12-01,17165.53,17324.0,16855.01,16977.37,232818.18218,6.0280000000000006e-05,0.00010509000000000072,7.404928571428572e-05,-5.6188e-05,5.720920642687808e-05,6.012257869294169e-05,0.0004971477697647636,-0.19917735531148872,0.3475715144675336,0.015269169227723855,0.4423883035179165,0.37102806250176523,0.6252786783394533,62.423179955848966,54.34621382985164,38.06420195364335,16563.494,18398.1442,21581.3425
2022-12-02,16978.0,17105.73,16787.85,17092.74,202372.2062,7.274999999999999e-05,0.00010085333333333406,7.887642857142857e-05,-5.7775e-05,5.980166079070434e-05,5.67874118780723e-05,0.0004966404895151739,-0.20092897911285465,0.4652654838908247,0.055535448163395174,0.43419414418156843,0.3658479721064326,0.620680205146692,68.26972336062518,55.796229916555184,34.04151006351516,16650.074,18352.4964,21517.436149999998
2022-12-03,17092.13,17188.98,16858.74,16885.2,154542.57306,0.00018425,0.00010576000000000071,8.326285714285716e-05,-5.4986666666666666e-05,6.82596901545352e-05,6.252627465302595e-05,0.0004977938125599774,1.2048047065936096,1.2712989341763012,0.3612890314903138,0.4297656153244488,0.34587531095634333,0.6138312645723503,62.506962481725324,52.56897185433946,32.70847549781993,16678.283,18306.661799999998,21449.6375
2022-12-04,16885.2,17202.84,16878.25,17105.7,178619.13387,0.00017192,0.00014297333333333404,9.426142857142857e-05,-5.341466666666667e-05,6.112687325004145e-05,6.368396040758131e-05,0.0004984550389763644,0.6697767906028395,1.0634416622573568,0.33480800066552885,0.42849136213023714,0.3423479320276378,0.6149247634811357,67.8486299491386,62.170155423888566,34.909949264051065,16728.958000000002,18267.388,21391.5894
2022-12-05,17106.65,17424.25,16867.0,16966.35,233703.29225,4.389999999999997e-06,0.00012018666666666738,8.815928571428573e-05,-5.9585e-05,0.00010047217641380396,6.808323519665292e-05,0.0004964861703928809,-1.2246773922485752,-0.5568774029595521,-0.10498634191968802,0.21839135498136206,0.33744204834966723,0.614819005273064,70.70163098427832,69.54396427178173,35.40229292549368,16773.378999999997,18221.4554,21324.825
2022-12-06,16966.35,17107.01,16906.37,17088.96,218730.76883,8.629e-05,8.753333333333406e-05,9.258785714285714e-05,-6.440499999999999e-05,8.377192031538023e-05,6.557959757530878e-05,0.0004942658722740596,-0.23626953337274098,0.19036012145564382,0.12614351033146104,0.20788693179612858,0.33227571162315866,0.613405738041944,68.8711137060001,65.91182616268358,43.05207879712487,16836.417999999998,18172.237399999998,21264.264749999995
2022-12-07,17088.96,17142.21,16678.83,16836.64,220657.41334,7.052999999999999e-05,5.3736666666667375e-05,8.404285714285713e-05,-7.132499999999999e-05,4.345589181372628e-05,5.93897651670809e-05,0.0004907455432492231,-0.44012348608499996,-0.1747845862424017,0.08707599550565118,0.23631904514150617,0.3393203518460056,0.6141422998154534,36.856490562376834,54.51721349841718,55.62551479340476,16877.203999999998,18122.421400000003,21201.22265
2022-12-08,16836.64,17299.0,16733.49,17224.1,236417.97804,3.502e-05,6.394666666666737e-05,7.67557142857143e-05,-7.521533333333334e-05,2.626134865779597e-05,5.864100937251521e-05,0.0004893770192999056,-0.6081861601703041,-0.7934814922634544,-0.008070638263996495,0.2939681321729204,0.35246825733911413,0.617215446650674,58.53648410196793,60.53082855205195,47.24028041471806,16978.323,18084.424000000003,21135.87345
2022-12-09,17224.1,17360.0,17058.21,17128.56,238422.06465,8.383e-05,6.312666666666738e-05,7.999500000000001e-05,-5.923599999999999e-05,2.5233133640638432e-05,5.760748973080277e-05,0.0004863738837887306,0.7860500373704344,0.049511547675240984,0.13147748185635186,0.28470096550669455,0.35373589835110514,0.6162990443171759,51.25655993037641,60.15125949135426,50.45536201473399,17046.926,18046.1568,21075.970500000003
2022-12-10,17128.56,17227.72,17092.0,17127.49,140573.97937,-6.450000000000001e-06,3.7466666666667376e-05,7.601500000000001e-05,2.5535000000000002e-05,4.5189702735537205e-05,6.167473248365747e-05,0.00012396002419443478,-1.5286130211568885,-1.4092034974795495,-0.10145167264840296,0.2708346246420279,0.33283926427318833,0.6162953133346822,59.93928703282447,61.43679772396375,52.56896650021629,17043.310999999998,18005.4192,21013.335049999998
2022-12-11,17127.49,17270.99,17071.0,17085.05,155286.47871,2.4940000000000002e-05,3.410666666666738e-05,7.652428571428571e-05,3.721e-05,4.583274411734699e-05,6.118461756341428e-05,0.00010478804742320351,-0.4590166786149467,-0.826953681259686,-0.002836793475360907,0.26610440701852545,0.2978389149683377,0.6160622331355982,49.007965103398014,61.17218860970775,56.62565405520232,17054.079,17963.0332,20951.04955
2022-12-12,17085.05,17241.89,16871.85,17209.83,226227.49694,3.374e-05,1.7410000000000713e-05,7.689142857142858e-05,3.5196333333333334e-05,2.1126634847812524e-05,6.088963368355508e-05,0.0001042351028464559,-0.01468132152002,-0.697461158418576,0.029749159283694423,0.21606032329019062,0.2784923156687051,0.6155952094745132,61.86295336278463,67.51452926580842,55.33380434131671,17065.787999999997,17915.821799999998,20891.09195
2022-12-13,17208.93,18000.0,17080.14,17774.7,284462.9139,0.00014973999999999999,6.947333333333404e-05,8.148285714285714e-05,4.1590333333333334e-05,6.965208778871127e-05,6.393294220438096e-05,0.0001052101126149273,1.5158683451311186,1.2788113621826067,0.35357505184920796,0.2920959483270142,0.2938725524180406,0.620974563510207,73.34863259966002,70.9379705333788,57.512302358690704,17154.738,17884.721400000002,20836.81645
2022-12-14,17775.82,18387.95,17660.94,17803.15,266681.22209,0.00030000000000000003,0.0001611600000000007,9.080214285714285e-05,5.578566666666667e-05,0.00013349685089916307,8.408696479781324e-05,0.00011043746602160512,1.5800077552738139,2.8436660108746215,0.7577923166747338,0.271235804818863,0.29353603538532624,0.6209165064283889,88.82782558386796,62.84894537823409,60.16638644371827,17224.483,17839.183,20780.67555
2022-12-15,17804.01,17854.82,17275.51,17356.34,223701.96882,0.0002518,0.0002338466666666674,0.00010448214285714286,7.295033333333333e-05,7.672195600561155e-05,9.376186884287572e-05,9.853510624119071e-05,0.8012028142667009,1.8768093930745344,0.6146214131205443,0.3956475860532486,0.31708376927881354,0.6231128140574319,55.070707690390435,56.89259433049982,55.50796263962741,17263.481999999996,17770.878,20720.11675
2022-12-16,17356.96,17531.73,16527.32,16632.12,253379.04116,8.561e-05,0.00021247000000000074,0.00010540071428571429,8.204133333333334e-05,0.00011247624060215372,9.348967885977699e-05,8.542190386685694e-05,-0.706062790339608,-0.11828588870834646,0.15997834697523394,0.558376810035075,0.37064814230180054,0.6297480214548467,37.15642851228059,43.14137154699267,49.493249005833796,17217.798,17697.6182,20644.60625
2022-12-17,16631.5,16796.82,16579.85,16776.52,144825.66684,0.0001953,0.00017757000000000073,0.00010619,9.267833333333333e-05,8.450173785191303e-05,9.425012173022044e-05,7.849193440157119e-05,-0.014157241355814056,1.0777555150772464,0.4672731044307825,0.5613186387072643,0.3720710154112196,0.6299704884167616,41.546843162459446,48.35074450195528,50.55067134851432,17211.786,17621.311800000003,20569.48365
2022-12-18,16777.54,16863.26,16663.07,16738.21,112619.31646,0.00012455,0.00013515333333333405,0.00010280642857142857,9.665766666666667e-05,5.5608425920237976e-05,9.25437475432468e-05,7.691275198895384e-05,-0.758430300381612,0.18629456891958465,0.280384182647464,0.40788537588198553,0.3669075881751373,0.6296326805585775,41.629662522188454,44.09679274437959,53.52075645754152,17163.197,17539.8826,20504.14555
2022-12-19,16739.0,16815.99,16256.3,16438.88,179094.28305,0.00014457,0.00015480666666666738,0.00011281928571428572,9.7382e-05,3.646892695606321e-05,8.857473502118668e-05,7.726932488565196e-05,-0.24441875081721884,0.39226592281584627,0.33760475553188846,0.38174281156889367,0.3715555833822638,0.6308250054232137,32.840245905642846,41.94114177978477,55.21533407670613,17094.229,17456.1106,20434.07685
2022-12-20,16438.88,17061.27,16397.2,16895.56,248808.92324,9e-05,0.00011970666666666738,0.00011308428571428572,9.978399999999999e-05,2.760551816804987e-05,8.849477235449241e-05,7.582108771362703e-05,-0.8466572507974706,-0.22218854821014275,0.18640451736421307,0.5080149462810649,0.34183088991133664,0.6347613309594909,29.44205406415655,47.318863885882266,55.293551339395506,17071.036,17384.207000000002,20370.0536
2022-12-21,16896.15,16925.0,16723.0,16824.67,156810.96362,0.00019102000000000002,0.00014186333333333405,0.00012169071428571428,0.00010315733333333334,5.056436129653595e-05,8.988597105091379e-05,7.759302047951849e-05,0.9369642490837338,0.9208509505776795,0.4617167937727603,0.3236023733809915,0.33920526163807635,0.6346943916154312,27.564384767765745,49.82526822857607,51.8432182943916,17044.998,17311.028000000002,20304.85675
2022-12-22,16824.68,16868.52,16559.85,16821.43,176044.27235,0.00018282999999999998,0.0001546166666666674,0.00013224857142857144,0.000108442,5.610930612052402e-05,8.757369818155587e-05,7.74350616657656e-05,0.867261390965958,0.7491362575682516,0.43499834024931183,0.31652884124259945,0.3376570739303709,0.6325138988771558,34.60309601799342,43.37938132801695,51.85115539119133,17006.158000000003,17244.4198,20239.367850000002
2022-12-23,16821.9,16955.14,16731.13,16778.5,161612.00947,0.00028903,0.00022096000000000073,0.00014690571428571428,0.00011173766666666667,5.909240814177073e-05,9.564654344269242e-05,8.294115615321187e-05,1.4984117032951718,1.801538694824542,0.7234367638703922,0.31675603317820855,0.3338833562778246,0.6320312257921344,56.93231544446777,44.143058873899314,52.14514989939551,16906.538,17175.8334,20166.39485
2022-12-24,16778.52,16869.99,16776.62,16836.12,100224.29096,0.0002097,0.0002271866666666674,0.000162345,0.00011415966666666667,5.521727658375566e-05,8.59406513240813e-05,8.474673308664498e-05,0.2416837202237544,0.8933756907425104,0.5007971926141707,0.24778005125794203,0.3290385583808463,0.6240417003569986,53.07533539727841,45.21555220574804,53.16238342608727,16809.835,17089.5854,20094.9488
2022-12-25,16835.73,16857.96,16721.0,16832.11,125441.07202,5.436e-05,0.00018436333333333405,0.00016444642857142857,0.000114689,0.0001193690170577223,8.261781532664714e-05,8.430618185503354e-05,-1.551031989063244,-0.8446872812008523,0.07785492304740747,0.055060950405136797,0.32735894725179326,0.6172337727240826,55.02300203269666,45.79350349569138,53.39297161150388,16757.412,17000.2402,20028.0855
2022-12-26,16832.11,16944.52,16791.0,16919.39,124564.00656,1.1259999999999997e-05,9.177333333333406e-05,0.00016284071428571432,0.000113422,0.00010437636961173929,8.552100924646989e-05,8.559894264579115e-05,-1.2075420167558957,-1.2375740136344695,-0.041619505757467305,0.059519080876984556,0.32656816871370004,0.6155965092540999,83.24638483351791,45.10885673481554,56.07461367284084,16786.139000000003,16920.5164,19962.1328
2022-12-27,16919.39,16972.83,16592.37,16706.36,173749.58616,0.00011708000000000001,6.090000000000072e-05,0.00016050785714285715,0.00011673099999999999,5.321228053741874e-05,8.634732298901897e-05,8.367247981435903e-05,-0.16935945356022306,-0.12316306875282246,0.24383942678617124,0.133808048287307,0.32483510119781034,0.6144532977016214,30.250521920623626,29.59001986854601,52.27501237401395,16779.123,16842.821,19900.2052
2022-12-28,16706.06,16785.19,16465.33,16547.31,193037.56577,0.00016126999999999998,9.653666666666739e-05,0.00015059857142857142,0.00012115333333333333,7.70861299672414e-05,7.650741048648831e-05,8.234941761553403e-05,0.6333359739425994,0.2969920513344589,0.36295549221099777,0.1516751947891869,0.30958966064404203,0.6136172029939699,25.54834614567686,27.148264065784247,44.1149116658824,16760.033000000003,16802.822600000003,19840.81825
2022-12-29,16547.32,16664.41,16488.91,16633.47,160998.47158,0.00028517,0.00018784000000000072,0.00015298214285714286,0.00012781033333333333,8.713802671620171e-05,8.032730670671466e-05,8.728853349211334e-05,1.5028833863402613,1.4842588841986206,0.690191881319524,0.1588428773427298,0.31062304459137835,0.613885529499347,35.543317745469906,34.85914165425349,46.65223333707202,16779.492000000002,16817.0358,19791.11295
2022-12-30,16633.47,16677.35,16333.0,16607.48,164916.31174,0.00027132,0.00023925333333333406,0.00016624714285714285,0.00013120333333333333,6.78896592518112e-05,8.361247159724864e-05,9.087097231351589e-05,0.8988441987259936,1.2304131231399222,0.6398972903285923,0.15757874438455005,0.31055888659747144,0.613856663972745,36.494298259428206,49.27053975317424,45.192475351082926,16750.684,16797.1624,19761.7133
2022-12-31,16607.48,16644.09,16470.0,16542.4,114490.42864,0.00030000000000000003,0.0002854966666666674,0.0001737257142857143,0.000139194,1.4342790290847313e-05,9.078560634092055e-05,9.487108267688413e-05,0.8874978698367798,1.40089452508548,0.7019296059271924,0.1335087632921517,0.31070423513288176,0.6138063526692072,27.074617546021003,42.72738568584753,46.50519327461144,16722.457000000002,16786.6042,19733.74325
2023-01-01,16541.77,16628.0,16499.01,16616.75,96925.41374,0.00020691,0.00025941000000000077,0.00017960857142857145,0.00014366600000000003,4.767413449653575e-05,9.001913299683439e-05,9.479302962884556e-05,-0.6474196634244834,0.3030802256595908,0.44464997890682456,0.1172527774308199,0.30939544816385406,0.6132744115840488,34.85385545893536,46.309642449098945,44.86210324337929,16701.989,16782.6976,19703.9084
2023-01-02,16617.17,16799.23,16548.7,16672.87,121888.57191,-3.1740000000000004e-05,0.00015839000000000074,0.000167015,0.0001364663333333333,0.00017110961311391407,0.00010618015190090665,9.968069423585327e-05,-1.7282682301189374,-2.0891226056515535,-0.196531664870141,0.07694506160768441,0.27047248198825874,0.6133122818127614,31.86766306743003,58.3423058547794,46.86120332657448,16691.426,16789.558,19685.2662
2023-01-03,16672.78,16778.4,16605.28,16675.18,159541.53733,0.00022299,0.00013272000000000072,0.0001765142857142857,0.00013816866666666665,0.00014265328702835152,0.00010469865216344684,0.00010073752640280311,0.22121279427119983,0.5855789535266501,0.48894728683766386,0.06625377166978262,0.27004623127436267,0.6011102905042046,46.67633138610691,38.37731789121591,45.45769901242942,16675.332000000002,16790.6724,19666.298049999998
2023-01-04,16675.65,16991.87,16652.66,16850.36,220362.18862,0.00014808,0.00011311000000000072,0.00017344714285714283,0.00014295833333333334,0.00013091607578900752,0.00010486984265702116,9.752218195362943e-05,-0.16967422938781573,-0.16246636506792453,0.2882112147007072,0.10197945214552931,0.2566834787330519,0.6015474999376816,81.23003359496929,51.22060151083615,50.15320707518752,16677.157,16789.6682,19655.695900000002
2023-01-05,16850.36,16879.82,16753.0,16831.85,163473.56641,0.00017117,0.0001807466666666674,0.00017261428571428572,0.00014578766666666667,3.8362239680795274e-05,0.0001048358889455147,9.705155891318566e-05,0.2707125908305986,0.04372532495675758,0.35387690598591376,0.0863659486806264,0.1780866377443437,0.6004408513358808,73.75580782667103,50.488001348728226,45.22653426304829,16668.403,16793.05,19636.98515
2023-01-06,16831.85,17041.0,16679.0,16950.65,207401.28415,0.00020836,0.0001758700000000007,0.00016685214285714288,0.000150382,3.041360057595005e-05,0.00010005292154878269,9.662752714815212e-05,0.6300970481028767,0.4492893827557395,0.45870656106319263,0.09168180615504613,0.17681636563253716,0.6002959486341213,83.62104438119229,57.527394205388376,47.84712154908168,16692.832,16798.2118,19618.86895
2023-01-07,16950.31,16981.91,16908.0,16943.57,104526.5688,0.00013179,0.00017044000000000073,0.00016128714285714284,0.00015360766666666666,3.829021937771323e-05,9.965227168888111e-05,9.422910721268768e-05,-1.1524409425428905,-0.4056920208019263,0.25163700881678913,0.09936715586278444,0.1764272091401641,0.5438811534152832,94.34287609137529,54.9155954068559,47.77762740697408,16732.458,16803.0742,19599.9692
2023-01-08,16943.83,17176.99,16911.0,17127.83,135155.89695,0.00023109,0.00019041333333333406,0.0001739107142857143,0.0001585163333333333,5.2025807377942976e-05,9.6199128211687e-05,9.430441421944454e-05,1.2832881109257022,0.6445483576648552,0.49808919499383686,0.11040754760714781,0.16013291986084574,0.390926598067459,95.44872478912399,61.61325793270008,50.499796716589955,16781.894,16811.6172,19585.6684
2023-01-09,17127.83,17398.8,17104.66,17178.26,266211.52723,6.035e-05,0.0001410766666666674,0.00017741714285714286,0.00016074300000000003,8.574799433996466e-05,9.054288821658313e-05,9.100593959968759e-05,-1.4835767694348387,-1.1983951359185465,-0.25702841419890515,0.09656835618157099,0.11286691766897314,0.3020569108653477,95.4021955907305,60.46912282113906,49.62464836789475,16838.972,16829.5778,19566.00905
2023-01-10,17179.04,17499.0,17146.34,17440.66,221382.42581,0.00015231,0.0001479166666666674,0.00017993357142857144,0.0001649886666666667,8.545474201778765e-05,8.921682056028657e-05,8.734952388139857e-05,-0.06639351062099334,-0.18246287872197356,0.44403846583138823,0.11800108788535017,0.12584404849033165,0.2947404619641782,96.86650503261068,78.55598419554013,45.72063993109568,16928.798000000003,16862.7652,19547.0239
2023-01-11,17440.64,18000.0,17315.6,17943.26,262221.60653,5.027e-05,8.764333333333405e-05,0.000172005,0.0001655396666666667,5.6229306712126366e-05,9.569968063209096e-05,8.654145753514333e-05,-1.0140699311913353,-1.1690402272319218,-0.4336995062763539,0.21679205838117982,0.16905635524082543,0.30006362570060224,97.76326830285575,92.8397380421107,51.600499877739075,17061.449,16897.0916,19529.28425
2023-01-12,17943.26,19117.04,17892.05,18846.62,454568.32178,0.00027549,0.00015935666666666736,0.00017131357142857146,0.00016973133333333335,0.00011277523546118929,9.485037217457629e-05,8.876657427497069e-05,1.2121921268195934,1.1943346267772115,1.4621613890193115,0.34563075312316077,0.2565729852408844,0.3131182242494357,99.65104759648193,95.23149680963444,65.41577534018329,17278.824,16941.9618,19518.327
2023-01-13,18846.62,20000.0,18714.12,19930.01,368615.87823,0.0002716,0.00019912000000000068,0.00017133357142857142,0.00016878466666666667,0.00012892255388408005,9.487310825985625e-05,8.747138467007424e-05,1.0024445134588875,1.0909925846329804,1.3970569502555747,0.42618770169848497,0.3335554771007081,0.3378963658417503,99.76348913651152,97.41228983948133,81.75450961809952,17604.307,17008.583,19514.26425
2023-01-14,19930.01,21258.0,19888.05,20954.92,393913.74951,0.0006459300000000001,0.00039767333333333405,0.00019604285714285716,0.00018192233333333332,0.00021500537768467034,0.0001561928846221895,0.00012282370684579342,1.6278951728070588,3.17863192316384,4.204322478904281,0.32949098318239134,0.3752327958104123,0.3558448489078891,99.99999999998255,99.42670878416122,84.39974972416373,18014.763,17097.238599999997,19517.6324
2023-01-15,20952.76,21050.74,20551.01,20871.5,178542.22549,0.00046038,0.00045930333333333407,0.00021414785714285716,0.00019441466666666668,0.00018716732255745925,0.0001714906993745875,0.00013144621041571213,0.5338954811712219,1.6565248025799657,2.6051118145860097,0.4703717848286617,0.3799557703317934,0.3535808978249595,97.86677441048141,97.56280783493523,83.77748467326734,18418.728,17185.497199999998,19521.37485
2023-01-16,20872.99,21474.05,20611.48,21185.65,293078.08262,0.00030000000000000003,0.00046877000000000073,0.00023784357142857143,0.0001979046666666667,0.00017311754763742087,0.0001572275948381151,0.0001328529335389062,-0.5578451563049109,0.5056632296338581,1.2838491215642975,0.5029401469444648,0.3656540840063117,0.35461496824552724,98.00154759079676,97.69573856427307,88.69714652797167,18842.228,17280.6346,19527.59205
2023-01-17,21185.65,21647.45,20841.31,21134.81,275407.74409,0.00030000000000000003,0.00035346000000000075,0.00024334428571428575,0.000203753,9.25954361726008e-05,0.00015801311984061723,0.0001333731628423037,-0.6029211505299797,0.4580148398136687,1.2410076662185223,0.5452063104368451,0.3588006120220161,0.35486135136236935,96.61188037356946,96.65538893524081,87.00856760230339,19261.352,17379.0726,19536.8671
2023-01-18,21132.29,21650.0,20407.15,20677.47,350916.01949,0.00030000000000000003,0.00030000000000000003,0.0002541957142857143,0.000208934,0.0,0.00015617345764416712,0.0001340122473971006,-0.6600984827444536,0.45196422968673544,1.2018375809124922,0.5203303326274215,0.38656815767811153,0.36041776631578254,84.89818528056566,87.80615984618697,81.50883896205528,19616.316,17463.7714,19543.9904
2023-01-19,20677.47,21192.0,20659.19,21071.59,251385.84925,0.00030000000000000003,0.00030000000000000003,0.00026339785714285714,0.000215934,0.0,0.00015469353987700095,0.00013306686303745407,-0.44715125227786107,0.44058881560903074,1.162074372344868,0.3130228461911441,0.38378047929366804,0.35486122622289523,82.64171094750034,88.98898309758427,82.66981514957885,20005.648999999998,17541.9304,19552.7692
2023-01-20,21071.59,22755.93,20861.28,22667.21,338079.13659,0.00030000000000000003,0.00030000000000000003,0.0002699435714285714,0.00021956666666666667,0.0,0.00015412329942202834,0.000133848525820704,0.0,0.44058881560903074,1.1240267598274583,0.6774676820949188,0.4566004475127661,0.38241051793471287,84.90970309150615,91.34094695915951,86.54220152626685,20528.304,17655.7272,19564.9217
2023-01-21,22666.0,23371.8,22422.0,22783.55,346445.48432,0.00030000000000000003,0.00030000000000000003,0.0002819585714285714,0.00022347233333333332,0.0,0.00014899608280124943,0.00013444774905296898,0.0,0.40745284616921407,1.087276820215147,0.6846979810112127,0.456307466878186,0.37847881480730755,80.35745709417327,91.5764653618264,86.63956836568137,21012.333,17769.543400000002,19577.9603
2023-01-22,22783.35,23078.71,22292.37,22707.88,253577.75286,0.00030000000000000003,0.00030000000000000003,0.0002868807142857143,0.000223838,0.0,0.00014832306778757968,0.00013464696934758905,0.0,0.32638601457421645,1.062298538461713,0.6868272739884455,0.46068332989791216,0.37660479600400576,80.56476525257108,90.34982551385892,85.88129397551228,21398.459,17885.997,19588.67715
2023-01-23,22706.02,23180.0,22500.0,22916.45,293588.37938,0.00030000000000000003,0.00030000000000000003,0.00030399857142857144,0.00022684800000000003,0.0,0.0001332291774382996,0.00013532761632681432,0.0,0.2972927967893982,1.0314341948518175,0.580383376431003,0.45652262511414865,0.3764734921854135,79.8568224943744,90.56559489756762,86.08738873614878,21697.103000000003,18002.212000000003,19595.1345
2023-01-24,22917.81,23162.2,22462.93,22632.89,293158.78254,0.00030000000000000003,0.00030000000000000003,0.00031454785714285716,0.00023503600000000002,0.0,0.0001259422090410464,0.00013191966640139761,0.0,0.24480286424767855,0.9976840445923292,0.6466221401035187,0.4719921464677927,0.3782480095668949,73.92166631534937,86.59649360222373,85.3628032807924,21864.9,18115.5428,19600.3252
2023-01-25,22631.94,23816.73,22300.0,23060.94,346042.83223,0.00030000000000000003,0.00030000000000000003,0.0003323857142857143,0.0002446606666666667,0.0,0.00010080938850620861,0.00012540235244822137,0.0,0.19843183317274832,0.964971622628416,0.22758659990912486,0.4667731021318345,0.3789889446290572,88.4191454997173,86.45413956296163,87.65709171760022,22083.844,18234.9824,19607.67075
2023-01-26,23060.42,23282.47,22850.01,23009.65,288924.43581,0.00030000000000000003,0.00030000000000000003,0.0003341364285714286,0.000250758,0.0,9.995450069580333e-05,0.0001234164580038439,0.0,0.16401613171520715,0.9338663455874456,0.23127715637046067,0.47174229133107665,0.37904067079156567,85.12123518536504,83.75099517288575,87.01168133699838,22266.244,18358.4426,19618.40665
2023-01-27,23009.65,23500.0,22534.88,23074.16,280833.86315,0.00029541,0.00029847000000000077,0.0003358371428571429,0.00025522933333333337,2.6500377344417627e-06,9.900666880639177e-05,0.00012248897985433124,-1.7801820334386949,0.06693719403705554,0.8673614261102246,0.22427946131409762,0.4698820498203983,0.3761624279136861,66.56976034003009,80.53527413422206,87.36988948549345,22460.179,18475.443799999997,19633.9594
2023-01-28,23074.16,23189.0,22878.46,23022.6,148115.71085,0.00030000000000000003,0.0002984700000000007,0.00031112785714285714,0.0002557236666666667,2.6500377344417627e-06,4.2975130228291815e-05,0.00012264380630113623,0.44504550835989054,0.07662838160485114,0.8749943917085317,0.21774522064593033,0.47562406813816077,0.3761175814756347,60.27544467461406,74.76239748598708,87.5066271238346,22694.692000000003,18593.324600000004,19652.42865
2023-01-29,23021.4,23960.54,22967.76,23742.3,295688.79204,0.00030000000000000003,0.0002984700000000007,0.00029967214285714285,0.0002566796666666667,2.6500377344417627e-06,1.2267291031567348e-06,0.00012288112050170587,0.44504550835989054,-0.02330820453275238,0.8522676858740569,0.27986766776627187,0.4771692965572532,0.36980603613682034,78.618777804799,79.83380860135853,88.3750588371884,22961.763,18725.620799999997,19669.9658
2023-01-30,23743.37,23800.51,22500.0,22826.15,302405.90121,0.00030000000000000003,0.00030000000000000003,0.00029967214285714285,0.0002566796666666667,0.0,1.2267291031567348e-06,0.00012288112050170587,0.44504550835989054,-0.09530963675193074,0.8235831954586789,0.4769475034481272,0.532971035328249,0.3839522118737798,48.204642877011594,65.15243879909352,80.3292942117971,22977.657,18840.4428,19681.15235
2023-01-31,22827.38,23320.0,22714.77,23125.13,264649.34909,0.00030000000000000003,0.00030000000000000003,0.0002996721428571429,0.00025978266666666666,0.0,1.2267291031567348e-06,0.00012275629020850516,0.44504550835989054,-0.26448471347603675,0.7957105649534115,0.49389543070194186,0.5287131481026162,0.3844453054388891,59.7271405083938,67.57779795316146,80.88822780649488,23011.815,18958.7488,19692.627800000002
2023-02-01,23125.13,23812.66,22760.23,23732.66,310790.42271,0.00030000000000000003,0.00030000000000000003,0.00029967214285714285,0.0002708406666666667,0.0,1.2267291031567348e-06,0.00010985377186356062,0.0,-0.2807104478990972,0.776163541781162,0.5390627216669341,0.5068450285065589,0.38536643430575107,62.394638560425605,76.28504813605316,81.64817154931984,23114.292999999998,19077.908,19705.3131
2023-02-02,23731.41,24255.0,23363.27,23488.94,364177.20751,0.00030000000000000003,0.00030000000000000003,0.00029967214285714285,0.0002734076666666667,0.0,1.2267291031567348e-06,0.00010959652969853358,0.0,-0.2999974936907088,0.7556480740236267,0.5540453093894012,0.4733242768434795,0.3869167128860219,58.25749875091195,71.34996688008836,79.99135006553013,23171.541999999998,19191.623799999998,19718.767
2023-02-03,23489.33,23715.7,23204.62,23431.9,332571.02904,0.00030000000000000003,0.00030000000000000003,0.00029967214285714285,0.00027847166666666667,0.0,1.2267291031567348e-06,0.00010708703930349885,0.0,-0.2167320170479558,0.7294333740009009,0.47457577577942595,0.43563837526156646,0.3859376424263707,56.17926679286166,59.27420821941053,79.36255673172403,23251.443,19313.135,19723.763600000002
2023-02-04,23431.9,23587.78,23253.96,23326.84,166126.47295,0.00030000000000000003,0.00030000000000000003,0.0002996721428571429,0.000282766,0.0,1.2267291031567348e-06,0.00010520226300834235,0.0,0.221449169819819,0.7036340184547288,0.28342437321607705,0.43585682204165443,0.38667367818352016,55.15979349970541,56.60713286745379,78.66419628236925,23278.033000000003,19447.0294,19723.4147
2023-02-05,23327.66,23433.33,22743.0,22932.91,209251.33917,0.00030000000000000003,0.00030000000000000003,0.00029967214285714285,0.00028582066666666664,0.0,1.2267291031567348e-06,0.00010429381513498177,0.0,0.221449169819819,0.677756741537747,0.3141131024179069,0.4439653852458477,0.387401718653994,34.567821202624984,52.540042667011264,75.58602427309265,23270.359,19570.1572,19721.96275
2023-02-06,22932.91,23158.25,22628.13,22762.52,265371.6069,0.00030000000000000003,0.00030000000000000003,0.00029967214285714285,0.00029142766666666667,0.0,1.2267291031567348e-06,0.00010016731694535103,0.0,0.221449169819819,0.6518839969119863,0.10889803466746475,0.44587872970433373,0.3860734072287471,48.30469187113534,48.24739779616676,74.35521013239408,23239.195,19690.6434,19720.0144
2023-02-07,22762.52,23350.25,22745.78,23240.46,308006.72482,0.00030000000000000003,0.00030000000000000003,0.00029967214285714285,0.00029372466666666673,0.0,1.2267291031567348e-06,9.952400762991836e-05,0.0,0.2214491698197667,0.6268630289556484,0.26695078181808074,0.435982925712994,0.38722918612012586,52.80525002308947,56.62439896636846,74.82846364728931,23260.981,19826.675,19722.79255
2023-02-08,23242.42,23452.0,22665.85,22963.0,280056.30717,0.00030000000000000003,0.00030000000000000003,0.0002996721428571429,0.00030171300000000006,0.0,1.2267291031567348e-06,8.923178949351096e-05,0.0,0.2214491698197667,0.6022639928622497,0.280166530167866,0.43820272900076906,0.38932755734135727,27.69799598964994,48.89589336362053,71.91145915176426,23183.051,19948.0238,19725.3522
2023-02-09,22961.85,23011.39,21688.0,21796.35,402894.6955,0.00030000000000000003,0.00030000000000000003,0.00029967214285714285,0.00030663600000000005,0.0,1.2267291031567348e-06,8.466193532987792e-05,0.0,0.2214491698197667,0.5769664140999581,0.49814481061914045,0.3840808805109001,0.4136491310622767,18.045890646292875,39.070590312423676,62.58643834340695,23080.071,20047.4574,19721.43555
2023-02-10,21797.83,21938.16,21451.0,21625.19,338591.94247,0.00030000000000000003,0.00030000000000000003,0.00030000000000000003,0.0003149603333333334,0.0,0.0,6.95064696311213e-05,0.0,0.2214491698197667,0.5515815112436876,0.49847978677820204,0.38349394064542147,0.4146084881052017,17.30043184113015,37.193734787264496,57.843944747459965,22930.077,20143.5326,19723.006999999998
2023-02-11,21625.19,21906.32,21599.78,21862.55,177021.58433,0.00018497,0.00026165666666666743,0.00029178357142857145,0.00031194300000000007,6.641260146483608e-05,3.074306065729753e-05,7.314835676618785e-05,-1.7885067142097373,-4.24349412162296,-0.5176689250686857,0.5361867927099327,0.387784854868315,0.408833373423351,24.709056302651447,40.07328339382275,54.529946267294676,22743.066,20245.2136,19726.0464
2023-02-12,21862.02,22090.0,21630.0,21783.54,204435.65163,0.00017613,0.00022036666666666742,0.0002829357142857143,0.00030876066666666674,6.910598551013492e-05,4.341128880385004e-05,7.694233774378431e-05,-1.1615008494214223,-3.0401836033250755,-0.5802691791227429,0.4500000995889959,0.3846249486184997,0.4091821102646996,27.725128586758984,31.174385569673177,54.5539610733143,22572.526,20344.162,19720.20185
2023-02-13,21782.37,21894.99,21351.07,21773.97,295730.76791,0.00018397,0.00018169000000000074,0.00027464785714285717,0.00029336200000000003,4.8409916332797525e-06,5.041398053638886e-05,4.787179713972222e-05,-0.6940373643505527,-2.264828090900743,-0.49618016112144425,0.4628756090381933,0.3820906839029233,0.4029029248431804,29.568236777371922,37.75338702917898,53.02972874986112,22406.733,20442.9992,19709.857050000002
2023-02-14,21774.63,22319.08,21532.77,22199.84,361958.40109,0.00028887,0.00021632333333333406,0.00027385285714285717,0.00028764500000000006,6.294942837966805e-05,5.007002211196465e-05,3.600967444251222e-05,1.0015998207844534,0.17166346881809744,0.4492099469493205,0.21413780731819942,0.382758317286548,0.38745101086463557,28.018909373565904,39.53928491482436,55.28071280175774,22294.033,20548.608200000002,19701.9875
2023-02-15,22199.84,24380.0,22047.28,24324.05,375669.16111,0.00014078000000000002,0.00020454000000000075,0.00026248000000000005,0.0002823376666666667,7.615776848092108e-05,6.064082047350007e-05,4.478910410020978e-05,-0.9754075371289821,-2.5008635433743676,-0.9273297314380372,0.7455704051118581,0.5524952433676716,0.44236065708799455,66.14979721534891,54.97855833193134,65.51601477997797,22433.147,20700.962,19705.3902
2023-02-16,24322.87,25250.0,23505.25,23517.72,450080.68366,0.00043170999999999997,0.00028712000000000073,0.00027188785714285713,0.00028672800000000004,0.00014547289472611007,7.53438027852244e-05,5.2390357325533696e-05,1.582252614524063,2.3759033281682758,1.7133178256192798,0.8966196346946328,0.5740630006225863,0.4527546544103471,72.33509190321281,50.2213171987502,60.055429355511,22508.666999999998,20840.370199999998,19706.5122
2023-02-17,23517.72,25021.11,23339.37,24569.97,496813.21376,0.00030000000000000003,0.00029083000000000076,0.0002718878571428572,0.00028672800000000004,0.00014568161483177595,7.53438027852244e-05,5.2390357325533696e-05,0.2725968171321882,0.3088359660301773,0.4819455077511974,0.9001826391978648,0.6021139695558757,0.45836231970803,81.0985088497325,57.58997704472201,58.18753410108532,22641.618,20999.1002,19713.022
2023-02-18,24568.24,24877.0,24430.0,24631.95,216917.25213,0.00030000000000000003,0.00034390333333333403,0.0002718878571428572,0.00028672800000000004,7.604280395492714e-05,7.53438027852244e-05,5.2390357325533696e-05,0.0749443607146403,0.3088359660301773,0.45725783137850473,0.8931578292034927,0.5892581567303873,0.4555089740323989,80.37142318202325,58.75429796446764,57.99100773851869,22808.513,21159.5896,19721.2428
2023-02-19,24632.05,25192.0,24192.57,24271.76,300395.99542,0.00030000000000000003,0.00030000000000000003,0.0002718878571428572,0.00028672800000000004,0.0,7.53438027852244e-05,5.2390357325533696e-05,0.05334247009878642,0.3088359660301773,0.4406767182374874,0.9568586073190569,0.5650871290467802,0.45774272672224225,75.70262788198227,59.021450412838895,56.598638652073284,23056.053999999996,21314.176799999997,19728.50975
2023-02-20,24272.51,25121.23,23840.83,24842.2,346938.56997,0.00030000000000000003,0.00030000000000000003,0.0002718878571428572,0.00028672800000000004,0.0,7.53438027852244e-05,5.2390357325533696e-05,-0.4471376840083217,0.3088359660301773,0.4232553463718058,0.5831300300896505,0.5702031918213332,0.459390908296294,78.40285710581864,63.29647256795817,57.88473364891413,23377.754999999997,21478.6858,19739.60585
2023-02-21,24843.89,25250.0,24148.34,24452.16,376000.82868,0.00030000000000000003,0.00030000000000000003,0.0002718878571428572,0.00028672800000000004,0.0,7.53438027852244e-05,5.2390357325533696e-05,0.0,0.3088359660301773,0.4212582054768605,0.4894815317999758,0.5666521955364598,0.46216630550543225,70.9891453450137,57.83509127683072,57.38437796557819,23636.716,21634.2716,19745.30455
2023-02-22,24450.67,24476.05,23574.69,24182.21,379425.75365,0.00030000000000000003,0.00030000000000000003,0.0002718878571428572,0.00028672800000000004,0.0,7.53438027852244e-05,5.2390357325533696e-05,0.0,0.3088359660301773,0.407145866955359,0.314806034035487,0.566973853662956,0.464105661328664,47.98016621191919,57.891316645534296,54.61038282865818,23876.583,21784.4122,19751.44455
2023-02-23,24182.21,24599.59,23608.0,23940.2,398400.45437,0.00017137,0.00025712333333333413,0.00026270000000000004,0.0002824403333333334,7.42645651258197e-05,7.938642831118527e-05,5.637850418710388e-05,-1.7885434666013627,-1.5081457089654118,-0.845029478729159,0.3123541182945016,0.5689108623951595,0.46555652425156707,57.16830796168123,65.76274526237661,53.76710692825834,24093.206,21926.209,19755.2736
2023-02-24,23940.2,24132.35,22841.19,23185.29,343582.57453,0.00015367,0.00020834666666666741,0.00025224785714285717,0.0002775626666666667,7.986596667747098e-05,8.361792862400763e-05,6.0951434648863105e-05,-1.2086465263041795,-1.5523895804172336,-1.0835093559230862,0.3846786751991726,0.586003835196621,0.47485688279068894,23.869229143385738,60.563885743990525,50.42606654657662,24191.751,22053.277799999996,19752.15005
2023-02-25,23184.04,23219.13,22722.0,23157.07,191311.8101,1.745e-05,0.00011416333333333406,0.0002402821428571429,0.0002681443333333334,8.422246810279605e-05,0.00010358745136201282,7.706496577270239e-05,-1.4503068146412217,-2.5813760639848113,-2.3634004706476883,0.21701621728418852,0.5812066491909476,0.47301943843267924,21.807811114163712,59.021070441996685,50.51647520172826,24075.053,22177.4062,19752.18565
2023-02-26,23157.07,23689.99,23059.18,23554.85,202323.73623,0.00016713,0.00011275000000000072,0.00023963928571428577,0.0002638683333333334,8.280616160644785e-05,0.00010404312489501232,7.903364914474103e-05,0.05197548580177974,-0.853070104546119,-0.9033848469653752,0.33948818331076275,0.5841845432685138,0.47234736595887805,36.4904743060563,61.8185821517816,49.26178292124151,24078.766,22309.631800000003,19750.18965
2023-02-27,23554.85,23897.99,23106.77,23492.09,283706.0859,0.00016166,0.00011541333333333405,0.00023804571428571428,0.000259257,8.488280882090616e-05,0.00010512658338437993,8.086735145951412e-05,0.4174834543485083,-0.8292450050439957,-0.9302223713320075,0.3389196135960725,0.5780369267431862,0.4728163228535249,18.538731491789022,61.382891609038104,52.81159596511045,23970.978,22436.916999999998,19747.97815
2023-02-28,23492.09,23600.0,23020.97,23141.57,264140.99894,0.00011349,0.00014742666666666738,0.00022551857142857144,0.00025304,2.9516999056927193e-05,0.00010898298687675305,8.47053352959178e-05,-0.14707092085817536,-1.20930884390366,-1.3507311550901304,0.3472001442208149,0.5794400839920197,0.4752667855997521,18.886594022261804,56.30207224967125,50.06910884894755,23821.94,22556.1832,19741.6676
2023-03-01,23141.57,24000.0,23020.03,23628.97,315287.41737,0.00020185,0.00015900000000000072,0.00022988071428571433,0.00024976833333333336,4.424001695290539e-05,0.00010652481411640462,8.472447869557863e-05,0.9721850226066039,-0.24081295025288163,-0.49062542950749055,0.28453587467815883,0.5344764394325566,0.4761436686275116,38.09519710792452,44.04364860370716,49.55967097411374,23757.661,22679.949399999998,19737.60555
2023-03-02,23629.76,23796.93,23195.9,23465.32,239315.45219,0.0002571,0.00019081333333333407,0.00021740857142857144,0.00024833833333333334,7.243834642871705e-05,9.001967151321867e-05,8.4207884678109e-05,1.4426881008811108,0.3704901154643925,0.029076302598652914,0.29765589308300056,0.5340911170455287,0.477194329456572,39.42473855800377,49.49538722288296,49.89900872919121,23619.973,22790.3906,19733.40595
2023-03-03,23465.32,23476.95,21971.13,22354.34,319954.19785,5.571e-05,0.00017155333333333407,0.00019995928571428574,0.00024019533333333336,0.00010405719116585238,9.624025796569698e-05,9.060820563946254e-05,-1.314394359620463,-1.5982253991044244,-1.9776391307383256,0.47963583107444424,0.578003792945866,0.4955929154720172,34.028239617721894,28.902097382691807,45.77361817755791,23410.191,22860.545,19724.70355
2023-03-04,22354.34,22410.0,22157.08,22346.57,121257.38132,6.446e-05,0.0001257566666666674,0.00018313500000000001,0.00023234400000000002,0.00011383076927319148,9.79786295184565e-05,9.532929627498379e-05,-0.8406394753452171,-1.3822376655224835,-1.8129053849531027,0.4834709152478355,0.5776579817694406,0.49562318534912275,34.29786970233798,28.010899392289772,46.125638599501436,23226.627,22908.876200000002,19717.1627
2023-03-05,22346.57,22662.09,22189.22,22430.24,154841.75786,6.124e-05,6.047000000000073e-05,0.0001660807142857143,0.00022438533333333336,4.425528216263351e-06,9.684509260151668e-05,9.936723950993062e-05,-0.7059605877437591,-1.29265111567147,-1.7942527437125093,0.4921545873224408,0.5776952839601827,0.49543287078376974,25.19333848019525,31.28574622466138,47.963327166620545,23075.631,22938.382599999997,19712.6006
2023-03-06,22430.24,22602.19,22258.0,22410.0,203751.82957,0.00014928,9.166000000000073e-05,0.00015531500000000003,0.00021936133333333338,4.9926349756346846e-05,8.886113451296042e-05,9.922242800324143e-05,0.3644671908893882,-0.4390569352407627,-0.9573614101509258,0.4113863161241976,0.572102763584435,0.49541872497169614,25.674952680245383,22.17098789445275,48.55409866187795,22998.102,22969.152599999998,19708.694600000003
2023-03-07,22409.41,22557.91,21927.0,22197.96,292519.80912,8.179e-05,9.74366666666674e-05,0.00013972857142857141,0.00021208766666666669,4.6058376364418585e-05,8.025103774623783e-05,0.00010108782571689242,-0.018292529821170238,-1.0067846608429687,-1.5419094700256675,0.4098973422245228,0.40083911887889123,0.49662955415897225,27.37959966438018,23.112431117146812,45.62871821018316,22902.191,22989.3988,19715.512450000002
2023-03-08,22198.56,22287.0,21580.0,21705.44,301460.57272,0.00016733,0.00013280000000000073,0.0001302521428571429,0.00020766533333333335,4.50884209081805e-05,6.652972038917953e-05,0.00010000545953146696,1.2535446869211857,-0.14281666434379145,-0.7622635906606856,0.1992727779523847,0.3877760214328995,0.5009281060075066,4.0016835097339225,21.947142012510994,44.82037121852621,22717.25,23000.811400000002,19718.339300000003
2023-03-09,21704.37,21834.99,20042.72,20362.22,443658.28584,0.00030000000000000003,0.00018304000000000074,0.00013944,0.00020766533333333335,0.00010995000727600459,8.013568819873174e-05,0.00010000545953146696,1.575753073422738,1.2255787322178548,0.4564209840304949,0.519710223588335,0.40527175648129465,0.5279120141032162,2.558371350643455,17.56537725175781,44.17780051232956,22404.263,22994.506400000002,19712.57235
2023-03-10,20362.21,20367.78,19549.09,20150.69,618456.4671,-0.00010015999999999999,0.00012239000000000076,0.00012130928571428574,0.00019432666666666668,0.00020383009861154756,0.00010231400336255753,0.00011309514006249398,-1.5039920531676256,-2.3466599097371947,-3.0380458833044592,0.4764201950680488,0.4017204284706147,0.5289339754776705,3.5289056470072495,19.48494660418173,44.03346600389731,22105.175,22976.088399999997,19706.32665
2023-03-11,20150.69,20686.51,19765.03,20455.73,427831.82133,-2.273e-05,5.90366666666674e-05,0.00011843928571428574,0.00018356900000000002,0.00021224124771901967,0.00010595037542785875,0.00011794208571045454,-0.6866326032083859,-1.4774673624760657,-2.246549035139786,0.5524258025045431,0.41493989497253203,0.5289143254444749,14.567920667397487,24.268639314773935,44.338342415134775,21787.851000000002,22931.858799999998,19700.959700000003
2023-03-12,20455.73,22150.0,20270.6,21997.11,430944.94288,5.3960000000000005e-05,-2.2976666666665938e-05,0.00011035571428571429,0.0001753676666666667,7.706029608901015e-05,0.00010626644362998973,0.0001181209477957616,-0.16288939945992725,-0.7218980830462924,-1.6051617638918039,0.9638223227525695,0.5263925975710271,0.552947543490651,44.75117366339761,37.81629728815704,50.768985926578736,21641.03,22916.13,19704.10485
2023-03-13,21998.05,24500.0,21813.88,24113.48,687889.31259,0.00026011000000000003,9.711333333333408e-05,0.00011738785714285717,0.00017787233333333335,0.000146274652736988,0.00011296873067555941,0.00011912396448685535,0.9235627983305538,1.2179556483316827,0.12767733323734975,1.2052003460471152,0.6696304721606429,0.583989825742109,63.68894746146083,53.678461532988266,57.31404522026074,21816.944,22944.242000000002,19716.87705
2023-03-14,24112.27,26386.87,23976.42,24670.41,699360.93423,0.00054853,0.00028753333333333405,0.00014846214285714287,0.0001902856666666667,0.0002484228263129764,0.0001613059539737143,0.00013699816174665285,1.534523053944866,2.956420992808727,2.385867223666397,0.8108496738967397,0.6751713884867522,0.571410763434295,68.82483451321714,58.83442701386122,57.66100048807228,22049.328,22979.321200000002,19739.02385
2023-03-15,24670.41,25196.97,23896.95,24285.66,581450.72984,0.00056253,0.0004570566666666674,0.00017422500000000002,0.00020290433333333336,0.00017070439986517028,0.00019563795446418463,0.00015290693889860357,1.0384386683507092,2.406019281321394,2.592986429423159,0.8405484782407835,0.6773816211258996,0.5611885258732833,69.97315465334066,53.84025197394701,49.86656118545809,22234.870000000003,23012.376599999996,19760.26415
2023-03-16,24285.66,25167.4,24123.0,24998.78,439421.32998,0.00030000000000000003,0.00047035333333333404,0.00017728928571428572,0.00020327533333333334,0.00014769628848866856,0.00019736423709495402,0.00015313604165362668,-0.21068242554488856,0.7692438324436929,0.4613407459197664,0.8148682646186135,0.6707933682105113,0.5647143151662727,89.77066864294044,58.42601180715531,55.18155343744851,22493.748,23051.1334,19787.48
2023-03-17,24998.78,27756.84,24890.0,27395.13,624460.68091,0.00023311000000000002,0.0003652133333333341,0.00018996071428571427,0.00020635300000000002,0.00017412342815752155,0.00019463394934573803,0.00015276407887375183,-0.9159336017621229,0.31586668097982,-0.09520465416364207,0.8956693255573056,0.7676077659772724,0.6049000288691126,95.19899075859482,74.26973508727511,59.03429062609266,23013.465,23138.843000000004,19823.027
2023-03-18,27395.13,27724.85,26578.0,26907.49,371238.97174,0.00030000000000000003,0.0002777033333333341,0.00020678500000000005,0.0002019626666666667,3.861895950601477e-05,0.00019312536541167186,0.00014787865276765197,-0.5742638433129168,0.6713775451167113,0.47160000824121345,0.8492554839123024,0.7745758027693972,0.6071768040959366,89.35660656812966,70.98943376775463,57.0838692967272,23533.670000000002,23215.5096,19858.50615
2023-03-19,26907.49,28390.1,26827.22,27972.87,372066.99054,0.00030000000000000003,0.0002777033333333341,0.00022383928571428574,0.0002019626666666667,3.861895950601477e-05,0.00018979748233171497,0.00014787865276765197,-0.3051860809028411,0.6236942596776098,0.47160000824121345,0.861720928012158,0.785196666667991,0.6096128051368539,88.7004017853593,73.39351420797324,61.0371446583316,24294.735,23314.515,19898.1204
2023-03-20,27972.87,28472.0,27124.47,27717.01,477378.23373,0.00029081,0.00029693666666666743,0.00023394857142857144,0.00020165633333333336,5.305848973283286e-06,0.00018928922074465032,0.00014767794609203499,0.20658597509892854,0.5165115480526319,0.3952508829006012,0.8348665886018793,0.7821902055366756,0.6096004145459479,80.74668559716307,71.96222851433474,58.73694613976728,25051.367,23394.0092,19936.048150000002
2023-03-21,27717.01,28438.55,27303.1,28105.47,420929.7422,9.664000000000001e-05,0.00022915000000000075,0.00023500928571428575,0.0001948776666666667,0.00011484898388751062,0.00018841055406763443,0.00014767542939196065,-1.6943073005109277,-0.5919734109094066,-1.209124923214808,0.8405944471933204,0.7807376223605061,0.5855158050434216,80.17678808620903,74.09546806105912,61.10398195792996,25816.340999999997,23499.5956,19976.816199999997
2023-03-22,28107.81,28868.05,26601.8,27250.97,224113.41296,5.608e-05,0.00014784333333333407,0.00022706285714285717,0.00018674700000000002,0.00012546266071356314,0.0001937548297930634,0.00014840111023265261,-1.2538001359950943,-0.7602635671733838,-1.489138788787104,0.5280919326171877,0.7964673748412364,0.5916304480154398,74.0639571779294,71.97027383159815,59.007220428519794,26341.727000000003,23582.1124,20013.91155
2023-03-23,27250.97,28750.0,27105.0,28295.41,128649.60818,9.158e-05,8.143333333333407e-05,0.0002121757142857143,0.00017979966666666669,2.2101912435949422e-05,0.0001957166598669048,0.0001477936992610729,-0.6377759516317597,-0.5700508221310613,-1.1570439641301409,0.5769456169659201,0.7645099708504702,0.5975155451288614,75.38747780174556,82.19181528596869,62.20806472680345,26759.920000000002,23673.367400000003,20055.3871
2023-03-24,28295.42,28374.3,27000.0,27454.47,86242.06544,0.00030000000000000003,0.00014922000000000074,0.00024075857142857147,0.00017979966666666669,0.00013178019122763989,0.00017468365538695285,0.0001477936992610729,1.1241771227709858,0.5752960552698752,0.5449928690818625,0.5640211182979498,0.7839693581666917,0.6031277378877526,50.60094547133095,78.1973969899137,61.90947506786227,27038.326,23752.678,20093.67525
2023-03-25,27454.46,27787.33,27156.09,27462.95,50844.08102,4.07e-06,0.00013188333333333406,0.00024267285714285716,0.00017422300000000002,0.00015202601827755206,0.00017169536589011045,0.00015123893277608615,-0.9375011655420131,-1.1174516596862538,-1.784978597859998,0.5614823180601374,0.7846565985434292,0.6019239438435081,56.2298398855019,77.68645393768996,62.025098694563276,27356.055000000004,23833.299,20137.03695
2023-03-26,27462.96,28194.4,27417.76,27968.05,49671.70353,3.690000000000007e-06,0.0001025866666666674,0.00023908214285714286,0.0001692236666666667,0.00017096506728956788,0.00017640657606698618,0.0001543878353141745,-0.7130322307724476,-1.0469228778400321,-1.7089115617481683,0.5735888941789007,0.7837482850280282,0.6018437646795958,49.93816993261935,75.69622802607383,62.25137471238894,27652.982,23926.123199999998,20180.413
2023-03-27,27968.05,28023.86,26508.14,27124.91,88039.46898,4.918e-05,1.8980000000000726e-05,0.0002240157142857143,0.00017028133333333334,2.6154657328911338e-05,0.000183343589248952,0.00015341786338319806,-0.32920359916331626,-0.7788839102656808,-1.3069514006496097,0.5723325883473672,0.7994244359656738,0.6074767611009333,43.39919644329611,64.5548757913087,59.66616679313394,27625.960000000003,24009.9632,20219.438700000002
2023-03-28,27124.9,27520.0,26631.78,27261.07,78602.44341,7.225999999999999e-05,4.171000000000072e-05,0.00018999642857142856,0.000167119,3.488999713374698e-05,0.00016136705466861825,0.00015445928195395806,-0.11011421236925241,-0.6182607822360932,-1.092805282635672,0.4193541187828688,0.7865099386468208,0.6075024499173246,40.025420765640355,63.05207812725828,61.087599437146075,27661.318,24099.9342,20248.9435
2023-03-29,27261.06,28650.0,27240.1,28348.6,89486.16008,0.00023173,0.00011772333333333405,0.00016636785714285715,0.00016945466666666668,9.940478677270292e-05,0.00012205148347373419,0.00015490303353443108,1.6977911836029702,0.2776088451787811,0.13301389817430784,0.4888688754605598,0.7171574870474854,0.6139189712355613,62.289314992410375,69.11593943784318,62.30532210401135,27698.890999999996,24202.097,20282.4448
2023-03-30,28348.6,29184.68,27686.0,28028.53,98865.43256,0.00013748,0.00014715666666666738,0.00015475928571428573,0.00017025433333333335,8.017417684845078e-05,0.00011593953121976101,0.00015466590194807147,0.43589730228335066,-0.3319892235875899,-0.568339052206125,0.5117713933277915,0.7178270819502088,0.6111116649788523,46.43343971004791,64.80230211889813,61.801236292644106,27730.042999999998,24303.407600000002,20313.4531
2023-03-31,28028.53,28656.69,27511.71,28465.36,78198.12139,0.00013646,0.00016855666666666742,0.0001478557142857143,0.00016807466666666669,5.471208854838893e-05,0.00011377253722397616,0.0001546660404456473,0.15527488860993302,-0.4022797477752573,-0.5559881907661675,0.5053115676465753,0.7178121640412007,0.6026369054804472,65.14528167894335,56.46701383642587,66.3751255395287,27766.032,24436.7878,20343.8012
2023-04-01,28465.36,28819.71,28220.27,28452.73,30238.44753,0.0002884,0.00018744666666666737,0.00014702714285714288,0.00016911799999999998,8.74296387578425e-05,0.00011261564110719896,0.00015539115910149045,1.3402569252462622,0.4743471961897881,0.611917247934211,0.3658455536585961,0.6746365426970461,0.6022614384426483,64.81059177723348,59.905994215017856,66.3578421287148,27886.207999999995,24573.3386,20385.197
2023-04-02,28452.74,28530.0,27856.43,28171.87,37365.65692,0.00015934,0.00019473333333333405,0.00013698000000000003,0.00017257233333333333,8.192043050013144e-05,0.00010385172655136632,0.00015392813143184743,-0.46732398234148975,-0.3072027804946884,-0.36244788428444574,0.40312232721122043,0.5790393031675749,0.6004728557075796,53.26925914756183,51.41838916606245,65.22049401133935,27873.854000000003,24699.525,20424.9228
2023-04-03,28171.87,28500.99,27200.24,27800.0,79180.01405,6.207e-05,0.00016993666666666738,0.00012064142857142858,0.00017249266666666667,0.00011353648855467903,9.5441447524134e-05,0.00015398662261500496,-1.1504428211536488,-0.8695959660334392,-1.0753114851378607,0.2274407605342776,0.5815526354698355,0.6009199197882662,62.757043783879546,50.581895131254804,64.02685870189988,27908.407,24819.854199999998,20465.413399999998
2023-04-04,27800.0,28444.44,27662.79,28165.47,49722.55691,-8.642e-05,4.499666666666738e-05,0.00010756571428571431,0.0001675706666666667,0.00012376638652447698,0.00011035698546882212,0.00015991121987192678,-1.4408767837311935,-1.956244271791032,-2.090650451393461,0.24913018507033138,0.5738776859381264,0.6012989344377966,65.72727335961062,50.422058463528444,65.40672922462868,27978.658999999996,24947.6842,20507.22425
2023-04-05,28165.47,28775.0,27805.1,28170.01,60737.64732,0.00016542,4.7023333333334046e-05,0.00011537571428571429,0.00016810866666666665,0.0001265924485635942,0.00011030204313016536,0.00015987470768320352,0.3414603135974509,0.1787765032336927,-0.2106209359903008,0.19670417790726072,0.5662546834063609,0.6010464110211297,45.01777075996835,57.342850659776296,67.12143226797193,27998.855,25067.087600000003,20547.5062
2023-04-06,28170.01,28182.05,27711.0,28033.82,40118.94963,2.0649999999999997e-05,3.321666666666738e-05,0.00011030928571428573,0.00016607066666666668,0.00012638942690480952,0.00011307328885861711,0.0001613954540857592,-0.4158532688996582,-0.9630412096504071,-1.242779568657055,0.19694665794191585,0.4163127530216993,0.5992647069698228,50.16445016442835,47.55514681828578,71.70606330170054,28089.746000000003,25141.283,20590.594399999998
2023-04-07,28033.83,28100.0,27766.94,27906.33,24762.09387,5.8600000000000015e-06,6.397666666666739e-05,8.929928571428571e-05,0.00016068833333333332,8.816319205499717e-05,0.00010188968291281301,0.00016402302948239592,-0.3020379014449295,-0.9934160703011918,-1.3038644322173487,0.18461359498104515,0.4083534599452184,0.5989838843961698,28.483122281652,54.87300382194723,72.04870271646023,28154.271999999997,25229.0552,20632.440950000004
2023-04-08,27906.34,28154.99,27859.02,27938.38,19479.96735,3.926e-05,2.1923333333334052e-05,9.181285714285715e-05,0.00015199700000000002,1.6736368582405777e-05,0.00010004269999348107,0.0001632930508509629,0.11407211063637658,-0.6252865397653312,-1.0248732679914534,0.1388427780321843,0.3729434342366701,0.5974141789108386,30.49443673347031,55.10125688581651,71.6080078408019,28113.25,25296.423400000003,20677.75785
2023-04-09,27938.38,28530.0,27800.0,28323.76,32531.16101,-8.069999999999999e-06,1.235000000000072e-05,9.097285714285715e-05,0.00015506666666666665,2.432328719545871e-05,0.00010088535476768194,0.0001592037947332899,-0.7550847889384887,-0.9871669346293027,-1.3210835372141998,0.14392442198849137,0.3749950248367495,0.5967647065050367,55.33700166547993,53.917329815124084,69.57681175204709,28142.772999999997,25370.2596,20727.06985
2023-04-10,28323.76,29770.0,28170.0,29637.34,67754.0622,0.00026167,9.762000000000072e-05,0.0001061507142857143,0.00016454666666666667,0.00014402893494014707,0.00010971215530894948,0.0001566993721206205,1.766529711514276,1.5063902695757843,0.6355838529604065,0.4022007090395433,0.41728417232116577,0.5889191021631892,88.84932549580837,75.07089898514066,67.98630349301368,28259.971,25477.571200000002,20778.2484
2023-04-11,29637.35,30550.0,29590.0,30200.42,67990.07621,0.00030000000000000003,0.00018453333333333407,0.00012241785714285714,0.000172748,0.0001678967844639284,0.00012064000077656728,0.00015714987817260092,1.2123221140052767,1.6237452539753865,0.9136494460265037,0.371293522809344,0.39392794907556894,0.5889540170893534,89.70928576165157,77.02815779840853,67.99911989994784,28434.74,25584.7356,20832.80095
2023-04-12,30200.43,30486.0,29637.4,29888.07,62049.48451,0.00019524,0.000252303333333334,0.00011981142857142858,0.00017058566666666668,5.300438881193815e-05,0.00011847133329710754,0.00015635061643592328,0.2766122691823318,0.6676918160128811,0.15240234832870578,0.4013325247640681,0.3706011852394412,0.5901011533199375,79.93010745193385,66.50945116129432,68.32111470034704,28606.359999999997,25693.4538,20887.6388
2023-04-13,29888.07,30595.0,29854.59,30373.84,51934.11731,0.00021092,0.0002353866666666674,0.00012505714285714287,0.00015933199999999998,5.650334267392543e-05,0.00012091455555499699,0.00013944539550270123,0.15900258221604052,0.8827336249171803,0.26177641272993757,0.37825385478842594,0.3434001160540775,0.5902822269912967,86.33909991612256,74.28817606960439,67.84294927545557,28863.744,25817.2864,20945.4711
2023-04-14,30373.84,31000.0,29966.0,30466.93,75984.19452,0.00013307,0.00017974333333333406,0.00012481500000000002,0.00014501666666666668,4.1173603598990506e-05,0.00012089335623092255,0.00011683745470951004,-1.3606919753252984,0.13034224164633726,-0.2962096838694467,0.3964802260193982,0.34287071700101956,0.5901259899184969,90.19401626218472,72.31728121130129,62.03789047313138,29093.890000000003,25947.821,21001.66665
2023-04-15,30466.93,30595.6,30202.0,30295.09,25429.81247,0.0001348,0.0001595966666666674,0.00011384357142857144,0.00013951,4.445572666515213e-05,0.00011151132509630053,0.00011311476918115021,-0.8766037154773892,0.0887126101889429,-0.2665103319402405,0.24674780299100318,0.34060030654970347,0.589741091696875,85.4382888884031,69.83779686273084,63.61238535795173,29306.397999999997,26090.017000000003,21057.74645
2023-04-16,30295.1,30549.99,30120.0,30304.65,26431.99322,0.00027144,0.00017977000000000075,0.0001218507142857143,0.0001407876666666667,7.93932610489925e-05,0.0001188150442730714,0.00011441744066731656,1.4234571645199785,1.2438327186876907,0.7100012162503254,0.19273705888135056,0.3038807838551215,0.5487433673399847,83.58271707912182,74.38990361961461,60.23854728879745,29533.481,26232.9686,21112.2056
2023-04-17,30304.66,30316.06,29240.65,29430.27,56441.81127,0.00027376,0.00022666666666666741,0.0001369714285714286,0.00013991300000000003,7.956732327612258e-05,0.0001239798324081925,0.00011325273753717174,0.9931957034178142,1.1404508079603726,0.765654375440644,0.3183861086985932,0.3383788892133228,0.5469812042455878,45.87521463543563,66.72150686081739,57.13514657105496,29685.875,26350.477,21161.3994
2023-04-18,29430.27,30485.0,29096.78,30380.01,62004.89434,0.00010944999999999999,0.0002182166666666674,0.00015096214285714287,0.00013356133333333335,9.420183880013683e-05,0.00010667575690121428,0.00010923702968014879,-0.925957148899883,-0.28293854999916157,-0.4369915058311517,0.4171914107783738,0.32482773599860804,0.5423257088699263,53.099874686271356,70.28323661301285,59.049610648778206,29930.038,26488.2354,21216.186400000002
2023-04-19,30380.01,30413.53,28520.0,28797.1,86575.48656,0.00016150000000000002,0.00018157000000000072,0.00015068214285714285,0.000129251,8.397349403230448e-05,0.0001066400277121446,0.00010529845721603601,-0.3703722658060172,0.17966231407518177,-0.02988265969819817,0.6135872701897838,0.40241779013633105,0.560286129934919,36.91031821638862,54.45540333729651,55.81449922416008,29977.372000000003,26601.346,21263.61715
2023-04-20,28797.1,29088.3,28010.0,28243.65,76879.09372,0.00018145,0.0001508000000000007,0.00016216785714285713,0.000132078,3.717347844893382e-05,0.00010001101540707712,0.0001055309544522108,-0.25195560093872554,0.3395394438649618,0.1370424724819245,0.6133473507649418,0.40647795889595045,0.5612987149715593,24.849998937414583,51.4073728280297,49.797883240854816,29838.002999999997,26693.6396,21309.5514
2023-04-21,28243.65,28374.02,27125.0,27262.84,77684.7679,0.00026297,0.00020197333333333406,0.00018053285714285714,0.00013897433333333334,5.375821456602606e-05,9.241867205853067e-05,0.00010714104872532453,0.9350915217843935,1.1061931831845235,0.766677581203206,0.6129488672738047,0.4330406243906677,0.5665004263373773,18.726489403025923,46.12728229089531,49.259792882598354,29544.245000000003,26769.59,21347.7202
2023-04-22,27262.84,27882.72,27140.35,27816.85,36023.69686,0.00018948,0.00021130000000000072,0.00019126285714285717,0.00014223766666666667,4.4927295712001224e-05,8.299486216063135e-05,0.00010713865404665051,0.1534936456625164,0.4145748230833114,0.21997883476452787,0.6932515659937705,0.44159570752333704,0.56661692729881,27.490435724065748,49.31183075781073,51.31172404794233,29337.123,26878.8402,21385.11535
2023-04-23,27816.85,27816.85,27311.25,27590.6,34812.09581,7.513e-05,0.00017586000000000075,0.0001972057142857143,0.00013474200000000003,9.465777675391206e-05,6.95063471052775e-05,0.00010352593862546829,-1.4694325806507023,-0.6417935737760212,-0.6390186910806512,0.532325062122549,0.43931268457003786,0.5662385030526753,26.28221373578512,45.772256833833005,48.57145884914832,29058.799000000006,26983.7208,21422.277049999997
2023-04-24,27590.59,28000.0,26942.82,27510.93,53111.56874,0.00011003,0.00012488000000000072,0.00018637428571428573,0.000138274,5.860351951882442e-05,7.04961553468598e-05,0.00010068253961564845,-0.7324718163319457,-0.4720002184429357,-0.3591963018340622,0.39246933335447143,0.4352047176107604,0.5655543764811958,30.52159193316173,35.70367262746892,51.55058501424019,28763.199,27085.3346,21460.02835
2023-04-25,27510.93,28399.99,27192.0,28300.79,52325.14637,0.00020213000000000002,0.00012909666666666739,0.00017938357142857145,0.0001448886666666667,6.561176215684643e-05,6.279359430922102e-05,9.80190623520554e-05,0.45437966861238144,0.4788371859056597,0.3499316050056601,0.4804246199853059,0.45310650773764344,0.5624516637582356,28.19134207125302,37.60629670562711,53.968015290120874,28563.769,27203.1504,21503.88185
2023-04-26,28300.8,30036.0,27235.0,28415.29,129228.40403,0.00016032,0.00015749333333333408,0.00017688928571428573,0.00014859333333333335,4.611501960670413e-05,6.280883958669422e-05,9.63632855874253e-05,0.24003156408461884,-0.03568567362280495,0.006923048999155077,0.2951208907282102,0.4527832185251601,0.5623385388250001,44.21245698866748,40.136541902846005,50.27493706829927,28374.832999999995,27327.497000000003,21548.8685
2023-04-27,28415.29,29890.0,28378.86,29472.77,95430.82431,0.00011552,0.00015932333333333409,0.00017007500000000003,0.00015003533333333334,4.331360102008045e-05,6.399661718829985e-05,9.550145117996659e-05,-0.347178986472762,-0.6474043545542477,-0.33739080720119563,0.3771716285215912,0.47704572987527866,0.5672983128866824,66.1616586633164,44.39462273950867,55.612779465292405,28379.083000000002,27482.8436,21599.03725
2023-04-28,29472.77,29599.54,28891.0,29311.7,54298.16578,0.00024476,0.00017353333333333407,0.00017805285714285715,0.00015046966666666667,6.562536501480793e-05,6.596024646931678e-05,9.591454039150696e-05,1.3601533114805553,0.8363748070318632,0.6619547897805078,0.36484265523790477,0.47830679669455445,0.5675370308720631,84.34411500447263,42.87381577761602,53.36119168727984,28272.251999999997,27661.833199999997,21649.936400000002
2023-04-29,29311.69,29448.88,29031.0,29230.45,20466.83058,0.00014614,0.0001688066666666674,0.00017886285714285716,0.00015075833333333332,6.753575151967108e-05,6.545593872440464e-05,9.588712606711378e-05,-0.5476298241069141,-0.624594806902227,-0.11226270646786587,0.3644088202094171,0.4760020853911881,0.5658382357730952,78.1584650688207,43.35840318204994,53.07192795353727,28315.587,27843.428399999997,21700.788650000002
2023-04-30,29230.45,29969.39,29079.59,29233.21,39752.5372,0.00012711,0.00017267000000000072,0.00016855357142857142,0.00015044666666666666,6.315268244495587e-05,6.0965394043559334e-05,9.595037774034045e-05,-0.6199149057603026,-0.8275836845832822,-0.2513240414485048,0.3280024472797987,0.4334395093321654,0.5643052564660652,85.91833253881983,43.310306762861195,54.28637200735422,28414.542999999998,28018.978,21751.177050000002
2023-05-01,29233.2,29337.34,27666.95,28068.26,64433.65958,-3.369000000000001e-05,7.985333333333405e-05,0.00014659285714285717,0.00013971033333333335,9.879069608686016e-05,7.411030162265453e-05,9.798045176196935e-05,-1.537587737795546,-2.6631999746653796,-1.450833662022775,0.5228969328824324,0.4559231625994246,0.5742254128031333,58.26440521133945,41.793845067479324,51.01818198379298,28495.085,28140.400999999998,21794.6427
2023-05-02,28068.26,28879.88,27872.0,28669.86,50824.5224,8.307e-05,5.8830000000000716e-05,0.00014470857142857144,0.000137168,8.309538615346184e-05,7.545056077251216e-05,9.844196586896405e-05,-0.30006069586628376,-0.9884285416153737,-0.555096565939534,0.42598381514274736,0.46681364444416246,0.5611481928591451,55.7964072232343,39.24511072790317,51.88070346563806,28580.386,28231.528599999998,21842.107350000002
2023-05-03,28669.85,29266.66,28113.69,29026.16,64615.79213,0.00019704,8.214000000000073e-05,0.00014724714285714287,0.000141667,0.00011536781136865275,7.664736338774566e-05,9.797457717926933e-05,1.0685291931770393,0.527915113342179,0.3099894340124168,0.45256582825385044,0.46425966088903486,0.5613929697689273,58.91674281325701,51.703311738905015,53.11070046077181,28723.942,28318.6436,21891.891200000002
2023-05-04,29026.16,29379.83,28663.64,28838.16,42575.47501,0.00024306000000000002,0.00017439000000000072,0.00015164785714285716,0.00015264966666666668,8.236484019284835e-05,8.043716048798616e-05,8.963716272435573e-05,1.1157820768255233,1.0365993589282076,0.6442506448600944,0.45429379084240856,0.4639474116050172,0.5620303032145995,37.585536380094,54.674915978731406,52.91149467391664,28856.665,28409.693600000002,21939.7671
2023-05-05,28838.16,29677.0,28800.0,29505.61,58415.83048,0.00022188,0.00022066000000000075,0.00014871285714285716,0.00015453166666666666,2.3034244072546574e-05,7.672684490892184e-05,9.05030590484912e-05,0.6853343838806829,0.6997999519426862,0.46948732786947095,0.5058818190506403,0.4763609931745584,0.5637562058157541,53.16607397682233,68.55016004564058,55.57118512045757,28977.147000000004,28499.8302,21989.54585
2023-05-06,29505.6,29820.0,28300.0,28848.2,49249.28459,0.00030000000000000003,0.00025498000000000073,0.00015660714285714285,0.00016384333333333334,4.040109404451564e-05,8.632874407029583e-05,9.062404881154174e-05,1.137046693009351,1.633392163385159,1.0405141813703533,0.3731015536908489,0.4847794974915094,0.5666783386302853,44.74710523928153,58.3869367574336,53.03708649062666,29020.438000000002,28528.891599999995,22037.14965
2023-05-07,28848.19,29138.29,28395.23,28430.1,30003.41028,0.00014414,0.0002220066666666674,0.00016153642857142858,0.00016845266666666667,7.793007720596063e-05,8.323331966019208e-05,8.569411068705334e-05,-1.34113364474299,-0.23387380509387462,-0.15738503527810818,0.3606069561059903,0.47309708258751204,0.5647109742128992,40.09438034835672,56.62024477949668,50.354201723767886,28916.171000000002,28559.3438,22083.680299999996
2023-05-08,28430.09,28631.01,27262.0,27668.79,68244.36179,5.029e-05,0.00016481000000000072,0.00015726928571428573,0.00016882033333333335,0.00012613170775024573,8.749907607993669e-05,8.514258890074232e-05,-1.461417855977624,-1.3621109316527107,-0.8510015001615512,0.3778547408006804,0.45972845210296315,0.5440832157156856,44.528063076505745,51.124032332474385,43.19262463732699,28751.879999999997,28553.2622,22126.81465
2023-05-09,27668.8,27818.0,27353.0,27628.27,40113.31069,0.00012329,0.0001059066666666674,0.00015163785714285714,0.00017319900000000002,4.92807349105761e-05,8.692493420975389e-05,7.887926008392479e-05,-0.4655617480642981,-0.42241138427876707,-0.3269786371240685,0.3839950051907973,0.4038932581985651,0.542944992514725,33.14082788134266,44.63931002597566,40.77182111004973,28591.662,28551.4874,22169.13415
2023-05-10,27628.28,28331.42,26777.0,27598.75,71155.11355,0.00012329,9.895666666666738e-05,0.00014899285714285718,0.00016858633333333335,4.2146569650760935e-05,8.720336597500152e-05,7.756236247244546e-05,-0.2706288902007621,-0.3855745496346318,-0.35296503852443845,0.2277027964984575,0.3963001173150345,0.5426053096078182,24.162747845094557,43.401931567675845,41.61639894649333,28428.215999999997,28541.353000000003,22211.106150000003
2023-05-11,27598.74,27630.14,26702.05,26968.62,47635.31365,0.00013729,0.0001279566666666674,0.00015054785714285716,0.0001631626666666667,8.082903768236452e-06,8.675350750426824e-05,7.364619661198057e-05,0.5744229768451833,-0.14057771191830537,-0.25180845529034657,0.22981559690294884,0.3790820073395309,0.5196523136586928,20.828912384062562,28.26398304274906,37.66038649302898,28318.252,28535.706000000002,22248.097250000003
2023-05-12,26968.61,27091.12,25811.46,26795.01,67207.93494,0.00010359,0.00012139000000000073,0.0001404642857142857,0.00016010766666666669,1.693015061933026e-05,8.308746019566184e-05,7.41687411005809e-05,-0.11580770349906369,-0.5263189423504732,-0.5084995201813245,0.23660645073287132,0.36809976366199365,0.47034920729612884,0.0,28.20258760312572,36.77113566077289,28130.767,28505.697999999997,22285.4237
2023-05-13,26795.01,27045.45,26692.03,26775.28,22814.90421,9.868999999999999e-05,0.00011319000000000071,0.000137075,0.00015636666666666668,2.1014518790426135e-05,8.380283369088928e-05,7.434761009235616e-05,-1.1685474925310388,-0.6135949147349302,-0.5338752467131489,0.18212025816202718,0.36702556357871485,0.46739869658975985,0.0,28.506370603296233,37.17861948531733,27905.678999999996,28492.1142,22318.89975
2023-05-14,26775.27,27200.0,26560.53,26917.62,21594.8036,8.291e-05,9.506333333333406e-05,0.00013391785714285715,0.00015469466666666667,1.0806485706575773e-05,8.503071591435988e-05,7.54455104459174e-05,-1.229537714325123,-0.7956263807353995,-0.6856456297299025,0.20690494543439023,0.36809621833276535,0.46551744980705406,7.920274210417816,30.211913580134194,37.78049239813337,27713.625,28481.2076,22349.629899999996
2023-05-15,26917.61,27663.59,26726.0,27162.14,40430.08333,2.6410000000000003e-05,6.933666666666739e-05,0.0001382107142857143,0.00015108166666666668,3.800363315955874e-05,7.706163332182388e-05,7.89452606550471e-05,-1.5607804016525388,-1.3685501176216524,-1.2269720070840733,0.2406640617523628,0.3471456899588216,0.46088191668105133,30.214703562235,40.8111484745977,41.42759415687842,27479.278000000002,28465.0894,22383.96505
2023-05-16,27162.15,27296.89,26852.11,27033.84,33270.45451,0.00017625,9.519000000000073e-05,0.00014486642857142857,0.00014790866666666668,7.567103276679323e-05,7.594874218917204e-05,7.579089881375463e-05,1.4666889386977568,0.5118071432935551,0.3312878603706728,0.12578476328450744,0.3462103880382802,0.4017526377970131,28.276139312195454,31.647611526405512,36.51587185811984,27297.841999999997,28463.268000000004,22416.175049999998
2023-05-17,27033.85,27500.0,26544.71,27405.61,42958.97785,0.00019882,0.0001338266666666674,0.00014499357142857145,0.0001454106666666667,9.37075580373675e-05,7.604423243265177e-05,7.267066846204834e-05,1.1650501780356084,0.7333947378604128,0.5949504057773282,0.14099483934634607,0.308388218993339,0.4006832983050947,44.35395229184343,31.88402556838146,43.78614355874358,27195.393,28466.158799999997,22449.15475
2023-05-18,27405.62,27485.33,26361.2,26821.28,49198.65143,0.00028342,0.00021949666666666741,0.0001478764285714286,0.00015120966666666666,5.649774892265162e-05,8.067214194671639e-05,7.654034547936286e-05,1.2890516287043319,1.6948718778491707,1.5012279268861157,0.26725792050401065,0.31773609905494277,0.3923585281353425,45.574312147043194,29.288730427344817,43.66571513819824,27110.642,28435.612399999998,22480.12375
2023-05-19,26821.28,27183.6,26630.0,26880.26,28754.13544,0.00011005,0.00019743000000000072,0.00013988857142857144,0.00014949466666666668,8.669335787702278e-05,7.828201304923385e-05,7.687748886846476e-05,-0.5064812357942944,-0.3549901857823998,-0.3187841903936208,0.2632878282718798,0.31894404412843375,0.3918393208373136,52.750053226812824,19.190155307851555,48.143846329986175,27035.840999999997,28412.646999999997,22512.071350000002
2023-05-20,26880.26,27150.0,26825.11,27102.43,14434.54718,6.919e-05,0.00015422000000000073,0.00012340214285714286,0.00014575266666666666,0.00011374033980955637,6.517570467342753e-05,7.799246643258684e-05,-1.1869319160713732,-0.7935972005852835,-0.7556881529900886,0.2607444845927939,0.3229137518621223,0.3907934931128332,59.33428820878591,27.181445783752523,46.4185452401543,26986.208999999995,28385.3884,22545.1654
2023-05-21,27102.42,27277.55,26666.03,26747.78,21347.87279,0.00017109,0.00011677666666666738,0.00012532714285714286,0.00014269,5.128195134086182e-05,6.62248712783323e-05,7.497645589076182e-05,0.05529087327698589,0.31634764128841597,0.3299287872927828,0.28248370138511836,0.2812626383250193,0.38470234031106193,45.677755608925466,27.639903452518794,45.828565432741094,26964.125,28351.289399999998,22578.1451
2023-05-22,26747.78,27099.89,26538.21,26849.27,26458.83828,7.999e-05,0.00010675666666666739,0.00012744857142857143,0.00013904033333333332,5.5975381493353616e-05,6.407712526654954e-05,7.52845139309834e-05,-0.7126826484018165,-0.8857174374430212,-0.6604642282553186,0.24180990022914822,0.2623746684633811,0.37294188260927097,41.41264430280186,36.79071326794085,46.732252743440824,26969.551,28324.837399999997,22611.352349999997
2023-05-23,26849.28,27495.83,26798.11,27219.61,38700.83858,0.00030000000000000003,0.00018369333333333407,0.0001400707142857143,0.00014653600000000003,0.00011054516286715952,7.888777651875723e-05,7.976320907152374e-05,1.6248282216926697,1.7923025760348636,1.7354324041450948,0.1921492624668782,0.26397569944033666,0.367275743330837,54.500831019543185,44.04612049370561,44.42953739367141,27013.984000000004,28313.2296,22641.707800000004
2023-05-24,27219.61,27219.61,26080.5,26329.01,54393.0657,0.00016429,0.00018142666666666742,0.00014299928571428572,0.00014834466666666666,0.0001110015722110584,7.89778774735509e-05,7.952169392729104e-05,0.07961784943032217,0.20122778051185838,0.23285382178971106,0.36550392313557684,0.2934937432708845,0.37624642052230195,29.15634099497386,35.21136931160568,40.047019849846365,26955.123,28276.5004,22666.856
2023-05-25,26329.0,26631.98,25871.89,26473.79,37435.44895,0.0002582,0.00024083000000000071,0.0001516357142857143,0.00015021366666666665,6.950243664788843e-05,8.470852501960128e-05,8.146457484738839e-05,0.7359264528072412,1.3205426673099296,1.2375990054527783,0.3576858133722119,0.27078763625306884,0.3735840738100941,41.89247833653173,43.502091863383924,34.32803998335115,26886.288,28242.576,22694.697050000002
2023-05-26,26473.8,26932.16,26327.24,26705.92,35061.18713,0.00024536,0.0002226166666666674,0.00016176214285714284,0.00015304833333333335,5.0918723799079993e-05,8.696691326449743e-05,8.328750753220916e-05,0.4087402663805353,1.2663411986805557,1.0582574509084903,0.35926093862229547,0.2657241415501202,0.366777572086017,46.23644307818444,48.847814222473545,36.48319749683557,26853.496000000003,28216.018000000004,22725.271
2023-05-27,26705.93,26895.0,26551.0,26854.27,15095.6867,0.00023072000000000001,0.0002447600000000007,0.00017119285714285718,0.00015688833333333334,1.3749821816800436e-05,8.675967056974092e-05,8.414880137587665e-05,-0.1818767008838563,0.9930581821060168,0.8650061392693978,0.3613917283703221,0.2640076743661691,0.3668272130577413,44.466494822359195,50.98867263281274,37.75939765961489,26798.362,28194.9768,22766.806199999995
2023-05-28,26854.28,28261.32,26764.36,28065.0,43916.00855,0.0002988,0.00025829333333333407,0.00018661357142857145,0.0001586896666666667,3.583538660775345e-05,8.901800497285888e-05,8.663632862618496e-05,1.2085925317920245,1.6367110933331621,1.5897275119579775,0.5233153407647133,0.3095702358342618,0.37032294539745425,71.25631773612037,61.33071572184733,44.64816645607156,26922.733999999997,28197.5092,22827.51715
2023-05-29,28065.01,28447.14,27524.6,27736.4,42385.41945,0.00030000000000000003,0.0002765066666666674,0.0002061557142857143,0.00016381833333333333,3.96569556739702e-05,8.079386436288656e-05,9.034259873066797e-05,1.0604792173965218,1.459888371112403,1.5410339526375227,0.391303436253594,0.3140648470920881,0.3704034387233498,63.338174666881876,55.57835103219257,48.35350315941884,27008.347999999998,28185.762,22878.1934
2023-05-30,27736.39,28038.59,27554.0,27694.4,32686.75371,0.00019084,0.00026321333333333407,0.00020719785714285715,0.0001659426666666667,6.268001701760442e-05,8.047189917356613e-05,9.019883289001484e-05,-1.333724105565129,0.16847634962643795,0.35228828985142147,0.4037242562554006,0.3141051534397795,0.36832989552437295,57.92058561517938,56.526086166135975,44.87579532177169,27067.545000000002,28146.903200000004,22931.313850000002
2023-05-31,27694.39,27835.51,26839.01,27210.35,46588.80573,0.00015073000000000002,0.0002138566666666674,0.00020376285714285717,0.00017209000000000001,7.725094454650355e-05,8.187123402298735e-05,8.20394326129601e-05,-1.2670252515080411,-0.3048678321731657,-0.05676603252412891,0.4637879678346852,0.3071190083832952,0.3707578258840975,67.01008245065043,48.11277352507782,40.58766876322571,27113.801999999996,28087.101799999997,22983.3052
2023-06-01,27210.36,27350.0,26605.05,26817.93,39217.8088,0.00021737,0.00018631333333333404,0.00019904500000000004,0.00017656666666666668,3.354982016832343e-05,7.877229401162171e-05,8.066706550680632e-05,-0.21372001753225228,0.40981221171663823,0.6617870006120274,0.4877620976459416,0.31249083120060395,0.3716361922612662,56.062474456347054,49.96637417213817,39.745368936866974,27110.667999999998,28025.699,23035.745600000002
2023-06-02,26817.93,27300.0,26505.0,27242.59,36380.90269,0.00023982,0.0002026400000000007,0.00020831428571428575,0.00017799266666666667,4.633558783476886e-05,7.504131238752656e-05,8.141611100134187e-05,0.3596706948548441,0.6021906319747978,0.8772886613364544,0.2586004786009348,0.31952307913058264,0.37249960748152605,58.853573797090185,53.3881805957253,38.22268759743837,27112.966000000004,27963.074,23088.86125
2023-06-03,27242.59,27333.29,26914.93,27069.22,16595.34117,0.00022986,0.0002290166666666674,0.0002197907142857143,0.00017755266666666668,1.1248734743384826e-05,6.353092190358351e-05,8.108734439009578e-05,0.6739999326779194,0.4115684150538026,0.7558480754575396,0.25151534107065476,0.32030489395327133,0.3712581392705911,53.51704774151788,49.68658989800827,40.25056173616347,27186.987,27895.1198,23139.704500000003
2023-06-04,27069.22,27455.02,26951.0,27115.21,19258.41049,0.0002485,0.00023939333333333407,0.00022532000000000002,0.00017844000000000003,9.32732187324311e-06,6.2323446631321e-05,8.173222805880422e-05,0.8018520369935367,0.580515040947033,0.9497759733681975,0.25686641627042206,0.317973347124251,0.3712985409186186,24.88776314188243,53.682024888200424,42.48753626565393,27251.128999999997,27831.522199999996,23191.966750000003
2023-06-05,27115.2,27129.33,25388.0,25728.2,65805.60305,0.00027393999999999997,0.0002507666666666674,0.00023917357142857145,0.00017757133333333333,2.2127244142168484e-05,4.727249266956287e-05,8.052528729983368e-05,1.5009823681135899,0.8631380603698685,1.2104387306053188,0.4899858301644859,0.3889589102343853,0.39263728802127446,15.956941854547779,41.06721402127838,39.652493470777074,27153.357,27739.993200000004,23237.14495
2023-06-06,25728.2,27355.33,25351.02,27230.08,68392.60438,-5.9159999999999996e-05,0.0001544266666666674,0.00021351928571428574,0.00017079466666666666,0.00018540832379730608,8.993160798541482e-05,9.127293452869484e-05,-1.7761923656332363,-2.781504664247474,-2.6059744591575216,0.7533614333095723,0.4602764738922029,0.41790658723036744,44.734860683354285,50.07068049041998,48.16306759729161,27190.938000000002,27695.9894,23289.7931
2023-06-07,27230.07,27391.77,26125.01,26339.34,59619.44364,0.00024005,0.00015161000000000073,0.0002189307142857143,0.00017712000000000004,0.00018331701421306574,8.901616529638353e-05,8.918526629520173e-05,0.38597771397373687,0.45886058264778634,0.774982623946479,0.7933861876603827,0.4731855320744606,0.4256579513350693,40.95725352828579,50.06973406545281,44.617754175961814,27018.371999999996,27615.176,23337.9864
2023-06-08,26339.34,26810.0,26210.0,26498.61,31075.51083,0.00012605,0.00010231333333333406,0.00020949142857142858,0.000177212,0.00015101068847378474,9.150357646289945e-05,8.912922855089165e-05,-0.2884641705662792,-0.7997949280062581,-0.5888388953019569,0.8009516094875779,0.4739508718767955,0.4244398191459422,46.51619491502523,50.167223629592215,47.90712461960493,26894.593,27569.206199999997,23389.078299999997
2023-06-09,26498.62,26783.33,26269.91,26477.81,27934.7097,0.00018908,0.0001850600000000007,0.00020547142857142857,0.000179405,5.710621945106772e-05,9.10416578240305e-05,8.8564325337135e-05,0.26667332765999857,-0.1830515578643335,0.18233895287719187,0.7995458721348168,0.4722435091254638,0.40814945226797567,40.84985618774831,48.41807133830879,48.56807511735863,26772.934,27533.8894,23442.560900000004
2023-06-10,26477.8,26533.87,25358.0,25841.21,64944.60108,0.00014973,0.00015495333333333404,0.00019968642857142862,0.00017981966666666668,3.1837990409677285e-05,9.188315084577736e-05,8.838928900176753e-05,0.18085831890331164,-0.6253165219413629,-0.2683048638364389,0.6720995850189507,0.4800404685545448,0.4084890920800262,36.773661274925566,43.420081786194444,46.00581379933851,26636.02,27505.456799999996,23490.632250000002
2023-06-11,25841.22,26206.88,25634.7,25925.55,30014.29595,0.00013571999999999998,0.00015817666666666737,0.00018803785714285715,0.00018089066666666668,2.7664635065851094e-05,8.863114109603514e-05,8.762512889201035e-05,-0.6918884336799287,-0.8532113476506603,-0.42844836085506854,0.3396106856936643,0.4799291663488943,0.40826471888920757,37.291695152794055,33.722322736928135,45.7366519780515,26546.782,27467.6308,23537.24445
2023-06-12,25925.54,26106.48,25602.11,25905.19,29900.50893,0.00015349,0.00014631333333333405,0.00017757285714285715,0.00018271733333333334,9.364744167710295e-06,8.285577603272646e-05,8.641529214664319e-05,0.11121960695580681,-0.5660582761122122,-0.19810327803092412,0.2310863197413865,0.47493478368465575,0.4056482205136122,52.67034601793096,35.38187176796808,44.492235803019746,26413.041999999998,27433.922599999998,23583.775650000003
2023-06-13,25905.2,26433.21,25712.57,25934.25,41065.60853,0.00022683000000000002,0.00017201333333333405,0.0001801435714285714,0.00018751466666666668,4.829692985404747e-05,8.385140892423171e-05,8.466047201797841e-05,1.5132551522944662,0.30481616559665936,0.6861285349924094,0.21629273471825364,0.4543805855775452,0.40550746606414895,14.809604762183696,35.920039036556744,45.13949115365851,26299.545000000002,27402.389,23630.8362
2023-06-14,25934.24,26098.0,24820.56,25128.6,45077.31608,8.815e-05,0.0001561566666666674,0.00017567357142857142,0.00018957266666666666,6.937844718157585e-05,8.714342312511805e-05,8.129258196358935e-05,-1.2561165257456304,-1.2696658027022325,-1.0047113600286883,0.31006461872692226,0.4718292288713969,0.4116672340141703,15.527196938629928,34.162336526091494,40.30675969638088,26100.884,27338.945200000002,23674.186349999996
2023-06-15,25128.6,25759.01,24800.0,25598.49,48664.86063,9.615e-05,0.00013704333333333405,0.00016701499999999999,0.0001869026666666667,7.78603502003852e-05,8.869025822407726e-05,8.304183963871929e-05,-0.7902124722516838,-1.060867215738349,-0.8770179541607965,0.3488707897664091,0.4781649942026825,0.4150430293221435,28.223254463628237,40.83075423857949,44.743360579685934,26087.913,27282.6092,23720.034900000002
2023-06-16,25598.49,26518.0,25175.56,26345.0,51596.91662,4.988e-05,7.806000000000073e-05,0.00015344785714285712,0.000181938,2.4730230488069154e-05,9.118898458940622e-05,8.667740780305074e-05,-1.0595482178651126,-1.4230032092166502,-1.3976000045447572,0.4393912366163685,0.495274014132795,0.4168235238727515,47.621946633899256,43.562405059469384,47.82740346990903,25999.405,27220.053799999998,23770.69535
2023-06-17,26345.01,26839.99,26181.0,26516.99,27842.2195,0.00027411,0.00014004666666666738,0.00015660857142857146,0.00018162766666666666,0.00011838480153012309,9.473902508856985e-05,8.631745932330885e-05,1.303550433549638,1.11513643645099,1.308003679130655,0.4377548925917777,0.453885100678117,0.4088039108207168,64.51542228711868,46.03857339000438,47.61400557209146,26017.17,27164.1596,23821.06765
2023-06-18,26516.99,26700.0,26255.85,26339.97,21538.31022,0.00018644,0.0001701433333333341,0.00015217571428571432,0.00018417400000000003,0.00011299981961634615,9.150538182699483e-05,8.525331250925783e-05,0.523871150988127,0.19342663866772988,0.23801866460439045,0.44850271521243434,0.4524794844958556,0.38829272015061517,58.560698704372285,44.541424451345385,48.31352874084021,26001.306,27106.35,23866.9493
2023-06-19,26339.98,27068.09,26256.61,26844.35,35872.65974,0.00017127,0.00021060666666666738,0.00014484214285714287,0.00018757666666666668,5.551609886624732e-05,8.486965863370047e-05,8.249838875477805e-05,0.18141134357331684,0.022552509219569715,0.05592379690307183,0.2605608005877777,0.4617735395585247,0.38887161526961195,66.16732656221505,58.97444556474599,49.980309792585274,26037.96,27058.5728,23916.2842
2023-06-20,26844.35,28402.74,26652.0,28307.99,69666.95525,1.3049999999999999e-05,0.0001235866666666674,0.00015,0.00018230866666666667,9.602759100032955e-05,7.286289136775288e-05,8.842076771712766e-05,-1.182265143601057,-1.6617477854072285,-1.7854082862325695,0.43431550048436995,0.5107214885215635,0.4013094385861661,77.35303336189833,58.72060191738485,54.005278645028696,26284.638,27063.367400000003,23972.36045
2023-06-21,28308.0,30800.0,28257.99,29993.89,108926.40412,0.00018846,0.0001242600000000007,0.000146315,0.00018592433333333334,9.669344393490822e-05,6.916928628655966e-05,8.628446752315962e-05,0.22961138779496593,0.3068900976679138,0.3103645308417134,0.5443046956312056,0.557262895151831,0.42285866070981076,96.60837693725676,76.19595120572025,62.741097974417144,26691.471999999998,27089.847999999998,24037.903899999998
2023-06-22,29993.89,30500.0,29525.61,29884.92,59054.5646,0.00029236,0.00016462333333333405,0.00015819428571428574,0.00018566966666666668,0.00014117244431306966,7.900335919973626e-05,8.594677954226222e-05,1.217015072470083,1.3923754196159381,1.4932495156303502,0.5829021531605758,0.5566467130553334,0.4223817299378364,94.11350627055641,74.4495033291739,61.88852743317456,27089.445,27107.023200000003,24101.8
2023-06-23,29884.92,31431.94,29800.0,30688.5,73931.89635,0.00030000000000000003,0.00026027333333333407,0.00016611714285714289,0.00019019333333333336,6.230937757133486e-05,8.744933913011046e-05,8.83213268787173e-05,0.9189213317991426,1.379010808788901,1.5208016804390765,0.4844977446357674,0.5618744300614228,0.42677416420915876,94.18184999225588,77.31415471677612,63.34845177827117,27564.870000000003,27144.03,24170.410749999995
2023-06-24,30688.51,30800.0,30250.0,30527.43,30513.30135,0.00030000000000000003,0.00029745333333333407,0.00017685071428571428,0.0001915866666666667,4.410956055927828e-06,9.424157872720683e-05,8.974934495331015e-05,0.6531529925526377,1.3123080612334026,1.4752444140068484,0.5734610833167828,0.5637471337251896,0.4218898973776023,90.88480923873625,82.39758529717608,62.300877131868866,28104.752999999997,27164.4664,24237.6031
2023-06-25,30527.44,31046.01,30277.49,30462.66,30223.44801,0.00030000000000000003,0.00030000000000000003,0.00018858500000000004,0.000193408,0.0,9.884155134903634e-05,9.141715006991066e-05,0.4849692058109297,1.2785850251933497,1.4233022975983263,0.5249360924299933,0.5010222768220559,0.42191285185400157,93.01359886984247,81.45183763840147,58.69692959927771,28591.170000000002,27196.7556,24305.733200000002
2023-06-26,30462.67,30666.0,29930.0,30267.99,45180.41489,0.00030000000000000003,0.00030000000000000003,0.00019905000000000004,0.00019571733333333333,0.0,0.00010252725551327386,9.324891475506034e-05,0.445908514683289,1.2475041304892838,1.3710648883847163,0.2657673785086076,0.4545746389560223,0.412832946382149,88.18810511755194,79.52985610048444,59.27282263988839,28983.469,27233.5134,24370.952649999996
2023-06-27,30267.99,30994.97,30226.17,30692.44,42699.64157,0.00030000000000000003,0.00030000000000000003,0.0002042764285714286,0.0001957573333333333,0.0,0.0001058629927062922,9.32949038388853e-05,0.0,1.1770582544844288,1.346133679154092,0.27505586336529925,0.421174972472953,0.4138835414268146,84.62338205439978,80.56984332776362,60.682076014878454,29401.014000000003,27293.9864,24438.77205
2023-06-28,30692.44,30709.74,29858.8,30077.41,40463.51937,0.000239,0.00027966666666666743,0.00021505142857142857,0.00019372400000000002,3.5218366420480825e-05,0.00010068443549851938,9.159385514704397e-05,-1.7881988845801453,0.4544082646160587,0.6585414760061358,0.2332165011062756,0.43774151818877893,0.41703845348173063,51.76013892282693,82.59282627335352,60.12092612124466,29774.757999999994,27342.9692,24503.52165
2023-06-29,30077.4,30843.98,30049.98,30447.31,36330.62903,0.00025874000000000003,0.0002659133333333341,0.00022666500000000003,0.00019598733333333335,3.112623545061613e-05,9.513897250059332e-05,9.235588534667905e-05,-0.7207084271652874,0.6264505410377171,0.8474445993076554,0.2697287524329083,0.43720437486319774,0.418041518399052,60.677736978191405,82.36050230381223,62.8323728034384,30135.053999999996,27399.9404,24570.33295
2023-06-30,30447.31,31282.0,29500.0,30472.0,89419.07618,0.00030000000000000003,0.0002659133333333341,0.0002445307142857143,0.00020096300000000002,3.112623545061613e-05,8.195919561349681e-05,9.38425622188625e-05,0.708377967723227,0.975606618016073,1.2806955713345543,0.2693069517391854,0.4152430944867294,0.40497740350628386,44.16309892265045,80.47978895310933,61.750547428112235,30351.454999999998,27470.008,24636.643799999998
2023-07-01,30471.99,30661.6,30320.57,30585.9,17501.75075,0.00030000000000000003,0.00028624666666666744,0.00024638000000000004,0.00020371733333333336,2.3821472106636893e-05,8.29638736022129e-05,9.553802550183656e-05,0.7083779677232289,0.8834406390429143,1.2380352431019266,0.26087423719796476,0.4151390685947971,0.40196414320558244,51.617507925685885,80.31084763488032,62.85142734353043,30410.656,27545.825800000002,24700.6998
2023-07-02,30585.9,30791.0,30155.0,30617.03,23286.41019,0.00030000000000000003,0.00030000000000000003,0.0002544914285714286,0.00020572333333333334,0.0,8.220060975420465e-05,9.694366360238109e-05,0.708377967723227,0.8012581380395595,1.2034503478408551,0.22877095051448093,0.41445482132181355,0.4009685658135438,54.35146608633697,82.56935645010181,62.81103664245961,30483.867000000006,27622.6608,24764.7692
2023-07-03,30617.02,31380.0,30570.27,31156.2,43761.64311,0.00030000000000000003,0.00030000000000000003,0.0002636864285714286,0.00020806133333333335,0.0,7.932492804502016e-05,9.838097435688587e-05,0.44697136129089954,0.7505932317921259,1.181754764645675,0.1421383738927603,0.4148521268496096,0.4025879971310073,70.96545766118122,82.66122495972265,71.17110370562966,30530.637,27707.432399999998,24833.768500000002
2023-07-04,31156.2,31350.69,30620.0,30766.51,33206.11943,0.00030000000000000003,0.00030000000000000003,0.0002841828571428572,0.000209778,0.0,3.330555588417852e-05,9.955325929998125e-05,0.0,0.6729209200124319,1.154924611851307,0.20421343115474747,0.38598239552192776,0.40031748760482283,51.77752926550088,72.24132066320821,65.10369286512602,30554.545000000002,27779.5198,24904.440450000006
2023-07-05,30766.52,30878.07,30200.0,30504.81,33215.67122,0.00030000000000000003,0.00030000000000000003,0.00029215,0.00021064666666666668,0.0,1.8849693325579395e-05,0.00010024372046149296,0.0,0.5974128338114947,1.154924611851307,0.22420023931595817,0.3919345701893094,0.3967664208127097,62.35131604801606,56.226600889147065,68.80042028752212,30558.76,27848.9392,24973.0819
2023-07-06,30504.8,31500.0,29850.45,29895.43,71319.6261,0.00019212,0.00026404000000000076,0.00028499000000000005,0.0002190226666666667,6.228454704012747e-05,3.2707656831260426e-05,8.647466840300788e-05,-1.7884836764867067,-0.8647770719741493,-0.030493157753486183,0.2768701965923141,0.39967852101053075,0.3983529665852203,35.990475513527585,50.114161450997464,64.73260445651883,30521.503999999997,27898.7356,25038.868
2023-07-07,29895.42,30449.0,29701.02,30344.7,34070.53895,4.2609999999999994e-05,0.00017824333333333407,0.000266605,0.00021244133333333333,0.000129254881661494,7.216323896347267e-05,9.214644299586132e-05,-1.6291193966870952,-2.3045837856597675,-1.6601062587642383,0.3239188920082987,0.40136449561490783,0.3935546964356445,47.341536353902235,45.954170805055455,66.1703762991504,30486.73,27969.203999999998,25108.3971
2023-07-08,30344.7,30386.81,30044.47,30284.63,13094.59042,8.074e-05,0.00010515666666666741,0.00025094357142857145,0.000210931,7.768809582765245e-05,8.668891204119552e-05,9.396466453796373e-05,-0.8526747561671478,-1.6810998805864756,-1.226697376137221,0.2534544087813172,0.39882819961750926,0.39358112124712946,43.563734559316316,47.07316132328166,69.52262617988515,30507.452,28037.291400000002,25175.34245
2023-07-09,30284.63,30445.52,30061.12,30160.71,15388.50196,0.00018680999999999998,0.0001033866666666674,0.00024285857142857146,0.00021085533333333335,7.471990118654133e-05,8.70393446717412e-05,9.398377922168021e-05,0.25898272952479184,-0.5652089248649887,-0.09050998860800581,0.24246974134545432,0.3976789144664668,0.39377591375854126,40.62304783822604,46.411312654935735,68.54312174685002,30478.792000000005,28098.457000000002,25242.022649999995
2023-07-10,30160.71,31045.78,29950.0,30411.57,41262.87652,5.663e-05,0.00010806000000000074,0.000225475,0.000207752,6.925673180271493e-05,9.832102676362397e-05,9.754146751779562e-05,-0.7633670488775169,-2.0961525307239532,-1.4690395810076629,0.2558122123626776,0.3367808573285887,0.38924004857654904,32.641767176860895,51.68396213135973,69.34025506725222,30472.749000000003,28171.7328,25309.97335
2023-07-11,30411.57,30813.63,30300.0,30622.1,28476.83311,0.00020229,0.0001485766666666674,0.0002184957142857143,0.000209971,8.000343575951404e-05,9.606605841933412e-05,9.659894057215688e-05,1.177135909293153,-0.4577413337479272,0.07406140296138002,0.1492387063948998,0.23359909850642105,0.3888378588473884,46.326809887404465,49.131441949583426,69.81050108477834,30476.369,28247.1894,25379.191349999997
2023-07-12,30622.1,30983.25,30210.0,30380.0,38108.99669,0.0001817,0.00014687333333333408,0.00021440285714285716,0.00021091133333333333,7.882817664596006e-05,9.634549875151138e-05,9.616650853434411e-05,0.5929286569927854,-0.6275642149478634,-0.16471422790372028,0.13498258147584694,0.23596138883020734,0.3895820730358229,46.79337968171047,54.11540376081567,73.30189968564531,30452.665999999997,28310.397199999996,25446.910749999995
2023-07-13,30380.0,31804.2,30251.0,31454.23,70772.51836,5.514e-05,0.0001463766666666674,0.00019986000000000003,0.00020518833333333335,7.968113975920953e-05,0.0001041854361592805,0.00010021023521558054,-1.0995722040411626,-1.7736513719018245,-1.5280480876855134,0.31916335362756076,0.25499997024560606,0.39776120034797,82.32710350145682,61.492841228659245,74.66089760217636,30482.469,28412.901599999997,25520.021350000003
2023-07-14,31454.23,31630.0,29900.0,30312.01,60749.48424,0.00030000000000000003,0.0001789466666666674,0.00019986000000000003,0.00021225000000000004,0.0001224532177336587,0.0001041854361592805,9.913695031243039e-05,1.349929926350595,0.7863181824361368,1.0934799222605158,0.5009284890732967,0.30217957196267925,0.4091851604796081,49.47340951631166,48.54506135676634,66.167817199369,30437.019,28489.665999999997,25586.98445
2023-07-15,30312.0,30390.9,30200.0,30289.52,14118.55329,-1.3220000000000002e-05,0.00011397333333333408,0.00017748714285714288,0.00020860433333333333,0.00016468974750520005,0.00011417843892037151,0.00010536876081858757,-1.2746593326541151,-2.066706851070989,-2.2277751231505323,0.4948544291323005,0.3020817408836891,0.4089073795189405,50.07973649451788,47.25917185152176,65.56487354696543,30415.49,28561.338,25654.900250000002
2023-07-16,30289.52,30441.46,30064.29,30231.99,15760.1281,0.00014348,0.00014342000000000074,0.00016630714285714287,0.00021172433333333337,0.0001566100086201177,0.00010879567966740706,0.00010183326970353874,0.08367244437405215,-0.5438862456523759,-0.5618275839831229,0.48801929194834354,0.30093703470334654,0.40793801032953814,51.188015840199306,46.45657407474382,66.21777712586919,30449.146,28628.892399999997,25723.32365
2023-07-17,30232.0,30336.96,29659.2,30138.0,30882.76839,0.00015324000000000002,9.450000000000074e-05,0.00015582428571428572,0.00020769533333333336,9.341580808403432e-05,0.00010176632545008085,0.00010167084998218465,0.2161540532324106,-0.39088117171247083,-0.43863012347533975,0.4849033283327431,0.29445906982634534,0.4039697745996298,45.18886141485791,39.793463486209696,64.21042640122361,30428.476000000002,28670.352399999996,25790.846299999997
2023-07-18,30138.01,30239.78,29512.0,29859.13,30003.8601,0.00018258,0.00015976666666666741,0.00014743714285714285,0.00020756666666666665,2.035068876787075e-05,9.347044711310572e-05,0.00010170111457479249,0.2620833099022746,-0.08260342121297304,-0.14169658169787888,0.29081161723595,0.2841887749310091,0.40491857772459244,36.89698876496232,40.69766011366106,57.454479396528974,30385.926,28712.807,25857.104549999996
2023-07-19,29859.14,30189.09,29761.96,29909.21,25657.36137,0.00022914000000000002,0.00018832000000000074,0.0001423757142857143,0.0002094956666666667,3.827418451114968e-05,8.621025146205226e-05,0.00010153761218129563,0.9855903656819678,0.383807717762363,0.33122739022660963,0.07836330110801154,0.2787338525255642,0.4045922926500578,41.34389444768203,43.61703039732567,49.51712198313706,30360.776,28757.103199999998,25923.938599999998
2023-07-20,29909.21,30417.46,29570.96,29800.0,37540.68193,0.00017856,0.00019676000000000077,0.00014140714285714286,0.0002150126666666667,2.8113847121900035e-05,8.568294493511928e-05,9.476644808320478e-05,0.03480901296544101,-0.05054747911049679,-0.21762764956120256,0.07571448396678616,0.27886331887288884,0.4031149961081665,2.8545534345258687,48.854483515253534,49.515766664750124,30299.619,28808.896200000003,25989.85485
2023-07-21,29800.0,30061.7,29726.34,29901.72,23881.40865,7.371e-05,0.00016047000000000075,0.00014362857142857143,0.00021118766666666666,7.927835328759934e-05,8.329434045393344e-05,9.813119148696605e-05,-1.5697608661171416,-1.0011146680495553,-1.349644512916364,0.09542156619945855,0.27875880001438785,0.40310451388250385,21.263780134173516,44.198521669418184,45.12324834130117,30227.581,28870.572,26055.9991
2023-07-22,29901.72,29999.0,29625.1,29794.0,14660.40467,3.316e-05,9.514333333333407e-05,0.00014023,0.00020254766666666667,7.503219864382534e-05,8.694823473242201e-05,0.00010206955132736153,-1.292043054503791,-1.2792669399090062,-1.7131960205394996,0.09594806632091947,0.2787744338889277,0.4022017983145621,18.99589548501683,43.65368247585386,45.42366493660816,30168.981,28921.6002,26121.593200000003
2023-07-23,29793.99,30350.0,29730.0,30083.75,18292.78637,0.0002228,0.00010989000000000072,0.0001428007142857143,0.00019997433333333335,9.986278936617579e-05,8.894057233428557e-05,0.00010048883011128364,0.8444741550846829,0.7212223647817616,0.29505579469216237,0.10605364246330033,0.27054571097925273,0.3930764564200413,42.81323326930978,49.04546920346573,47.70030601083316,30031.933,28981.8908,26187.760150000002
2023-07-24,30083.75,30099.58,28861.9,29176.5,39628.99691,0.00024338000000000002,0.0001664466666666674,0.00015614,0.000198087,0.00011588738384020396,8.902688418505773e-05,9.906706217476641e-05,1.0047272303124322,1.0117302948145328,0.5175954867615776,0.29385785130550907,0.2943449770411922,0.4012257929049664,23.93743901115863,36.82645396772149,43.90286955986046,29918.382,29023.1166,26249.483400000005
2023-07-25,29176.5,29376.0,29047.65,29228.91,21565.7478,0.0002408,0.00023566000000000074,0.00015889071428571428,0.00019611366666666668,1.1211547618135649e-05,9.113252501079145e-05,9.754495354431225e-05,0.771395666281488,1.066109864429274,0.4911047963973992,0.29969831866630475,0.29368367294652037,0.40082993150183527,30.526406862186562,34.621167130644096,41.470087343102826,29812.320999999996,29093.130799999995,26310.8747
2023-07-26,29228.91,29690.0,29096.94,29351.96,33931.63366,0.00025219,0.0002454566666666674,0.0001639257142857143,0.00019452000000000003,5.972221808263472e-06,9.437908770279431e-05,9.617002052762537e-05,0.5774657853889346,1.129723914431151,0.6076168142608044,0.3015275117295027,0.2831909587930158,0.4007601613942451,33.52413503555448,38.34559190298338,45.51462068571647,29724.318,29135.568400000004,26372.91665
2023-07-27,29351.95,29567.49,29083.85,29222.78,22476.47626,9.842e-05,0.0001971366666666674,0.00016701714285714285,0.0001878006666666667,8.568061760589083e-05,9.119684056850689e-05,9.558643118735264e-05,-1.7635859091143355,-0.6617015769791772,-0.9959388234714617,0.3015804918946104,0.2743294911577179,0.38645244689616415,33.13287514317085,17.804511364973564,42.19657894165156,29632.796000000002,29193.237199999996,26433.391399999997
2023-07-28,29222.78,29542.22,29123.12,29314.14,23993.61627,0.00021048,0.00018703000000000076,0.00016062285714285715,0.00018685000000000002,7.952188440922104e-05,8.401070979611421e-05,9.520070928456328e-05,0.022342825204187025,0.5781696279000571,0.21784466739647487,0.27906169694363414,0.2751594443123857,0.3852279126578085,32.725551531102724,29.33682872180556,42.68360803660413,29578.297,29249.547800000004,26494.0708
2023-07-29,29314.14,29406.92,29256.18,29352.9,10851.36844,0.00022097000000000002,0.0001766233333333341,0.0001773507142857143,0.00018559100000000003,6.792886745211347e-05,6.864307544938639e-05,9.446410124016174e-05,0.2663885248670974,0.6749751771665671,0.3252976917490617,0.06375689700444674,0.27519863087597923,0.3851804068424278,36.48391920378889,30.734960179012134,42.13411179894484,29522.665999999997,29307.0496,26553.631999999998
2023-07-30,29352.9,29449.0,29033.24,29281.09,15706.97441,0.00018068,0.0002040433333333341,0.00018000785714285717,0.00018161366666666665,2.09020102699936e-05,6.794757404160322e-05,9.195963310378536e-05,-0.2028484956945591,0.13705658663546022,-0.11451088719035821,0.07016794252300507,0.2717740794594468,0.38245486639631016,21.61378393288041,30.555464673050935,41.521415733288805,29470.775,29375.847200000004,26610.321149999996
2023-07-31,29281.09,29530.0,29101.8,29232.25,22605.48964,0.0001797,0.0001937833333333341,0.00018189785714285716,0.00017760366666666664,2.35494423145618e-05,6.751234293748349e-05,8.920077792627037e-05,0.03431500507154211,0.139434151283695,-0.11837893515746585,0.05762501068563115,0.268898381096806,0.38048910452247187,55.01881492944216,31.130286957119537,36.9792054401666,29403.828,29441.981200000002,26662.249299999996
2023-08-01,29232.26,29739.25,28585.7,29705.99,44719.65162,0.00023068,0.00019702000000000077,0.00018533357142857146,0.000175293,2.915453309510468e-05,6.876206921838579e-05,8.678603177578435e-05,1.1221889404806942,0.725146714346336,0.4342267542689402,0.14326362919778077,0.27865699199853566,0.38057494109887685,74.42205704685777,47.04918917249899,42.90341058129775,29395.027000000002,29517.9972,26711.1292
2023-08-02,29705.99,30047.5,28927.5,29186.01,48181.65141,0.00030000000000000003,0.00023679333333333411,0.00019039500000000002,0.000175293,6.038254825135373e-05,7.459512355174133e-05,8.678603177578435e-05,1.5789426950524892,1.414538393414394,1.159058600426673,0.2294557647860532,0.23568396627608396,0.3830176630420542,43.959611842705485,38.20143697098866,41.46995208476283,29305.253000000004,29583.032400000004,26752.284649999998
2023-08-03,29186.0,29433.33,28968.0,29193.64,26476.91994,0.00030000000000000003,0.00027689333333333414,0.00019906928571428571,0.000175293,4.0021920660148706e-05,7.997951924997902e-05,8.678603177578435e-05,1.0287063384585826,1.4145383934143945,1.1405485543319038,0.22870697809911966,0.18244739034252996,0.3830237737929255,48.83637351049888,39.7684935204996,45.07762426403526,29306.966999999997,29664.333199999997,26793.895350000003
2023-08-04,29193.65,29333.08,28807.54,29113.99,23551.95217,0.00028116,0.0002937200000000008,0.00021388714285714287,0.000174665,1.0877279071255768e-05,7.395808370328496e-05,8.591631821845626e-05,0.43685672482179716,1.1692336448466307,0.9382194714654049,0.2288731757977579,0.18240710455554288,0.3587252724002541,41.93210309492088,36.60837841236154,40.895701255355576,29295.475,29734.6432,26833.53705
2023-08-05,29114.0,29152.23,28978.64,29072.13,11645.52018,0.00024181000000000002,0.0002743233333333341,0.0002287907142857143,0.00017632133333333333,2.9691312421771248e-05,5.270756148712621e-05,8.673945710493413e-05,-0.8856394994280694,0.5529359005869253,0.49851916589397677,0.22883341789467712,0.1824215940306679,0.3315385527777315,38.710585359163126,37.446918028549575,41.00618033033247,29267.492,29789.1858,26873.223650000004
2023-08-06,29072.13,29205.09,28991.88,29088.42,13178.1972,0.00030000000000000003,0.0002743233333333341,0.000234305,0.000184901,2.9691312421771248e-05,5.59699798312879e-05,8.578192894459973e-05,0.6094138510325044,1.2334014122700168,1.133950563451056,0.1459665166922456,0.18264870610122597,0.3201597931465443,41.89092500776151,30.872354245681578,41.91713992378879,29254.056,29840.6144,26915.278400000003
2023-08-07,29088.43,29276.78,28701.03,29211.06,30966.87746,0.00027669,0.00027283333333333413,0.00023668428571428575,0.0001914326666666667,2.9286079172999944e-05,5.7082383745539285e-05,8.503416497703365e-05,-0.13601150918317803,0.8360851357050761,0.8446068941638534,0.050066560367937614,0.18106576449327622,0.32003734444010473,49.160319863024476,50.95091349324716,40.772249799748494,29243.748000000003,29898.036200000002,26955.975749999998
2023-08-08,29211.06,30244.0,29146.45,29770.42,45700.53392,0.0002508,0.0002758300000000008,0.00023739857142857147,0.0001935656666666667,2.461127180772867e-05,5.7200290727825245e-05,8.571405705678893e-05,-0.8162447193842443,0.46978911090511255,0.54221114363886,0.16839935191926428,0.20021027144110712,0.32281363640072,52.390883250059865,61.64963535052107,43.78673187697738,29285.5,29956.557599999996,26991.491799999996
2023-08-09,29770.41,30160.0,29376.67,29581.99,38003.88725,0.00026514,0.0002642100000000008,0.00023832357142857143,0.000200516,1.2970030840127138e-05,5.7561454865828434e-05,8.262553294110176e-05,-0.07656115566731977,0.6022417983765903,0.680061263400889,0.18357716479203698,0.2014214201387193,0.31674269901925134,69.48989033917238,54.813289642701015,44.13232255643363,29315.589999999997,29982.037599999996,27025.484
2023-08-10,29581.99,29738.0,29320.2,29455.75,23463.45373,0.00028277,0.00026623666666666744,0.0002514914285714286,0.00020319866666666667,1.60131893552531e-05,4.210623503210002e-05,8.39805097558865e-05,0.41513956822952913,0.7737719234209722,0.8482499390324423,0.19153419902047875,0.20132997495102983,0.31713974078167445,61.55209040341042,54.880813210448046,32.92498709854442,29337.939999999995,29971.2748,27059.22335
2023-08-11,29455.76,29564.52,29252.45,29426.03,20637.0443,0.00027123,0.00027304666666666744,0.0002558307142857143,0.000206183,8.954296919759878e-06,4.0660146517716424e-05,8.477717992198842e-05,0.15542083374960383,0.5824984198817861,0.6970878652084485,0.19353499408678707,0.2009270370733833,0.317152942212551,64.38582256067534,52.40628830724384,40.65335178790567,29309.944,29962.096999999998,27091.77125
2023-08-12,29426.02,29481.35,29381.56,29430.17,8971.48068,0.00029305,0.00028235000000000076,0.0002609792857142857,0.00021411333333333334,1.0916061560559671e-05,4.046947044278033e-05,8.121345205943536e-05,1.2589129344407664,0.9342710882960648,0.9209940589255982,0.1930113835140956,0.19559553270323765,0.3171813390917112,67.10131636762094,51.68687481713442,40.89904918440091,29334.359999999997,29936.9304,27125.75765
2023-08-13,29430.18,29474.65,29272.32,29303.84,11101.70947,0.00024637,0.00027021666666666744,0.0002656714285714286,0.00021232566666666667,2.335649231642474e-05,3.368216096155251e-05,7.983630224681438e-05,-1.4252312542639198,0.004428201127602804,0.3818753158252418,0.05076578790097808,0.1450688296915755,0.30621898144806486,59.310547516517644,50.48510565704813,40.311606865097794,29345.380000000005,29912.458599999998,27156.972149999998
2023-08-14,29303.85,29695.32,29102.45,29430.93,31443.11532,0.00030000000000000003,0.0002798066666666674,0.0002742642857142857,0.00022276633333333335,2.9164766985649848e-05,2.4022404835337946e-05,6.907939832038712e-05,1.010789782820659,0.9834559698116524,0.9512970351635391,0.06843170980161027,0.14599833233167264,0.3036310009534178,59.466464595980725,54.09970698688634,42.66997849932523,29377.074000000004,29891.824,27189.07855
2023-08-15,29430.92,29499.26,29059.6,29200.0,27503.87691,0.00030000000000000003,0.0002821233333333341,0.00027921571428571426,0.00022798366666666666,3.096329493654159e-05,2.1342430008980585e-05,6.87948059629438e-05,0.7694717922717706,0.9153364554246891,0.9259202706389198,0.08813031098886327,0.1489572364247787,0.29728648973646726,15.75617135720509,38.39626838629088,43.098360896026584,29389.861000000004,29870.4642,27219.707749999998
2023-08-16,29200.01,29259.85,28723.08,28730.51,32996.69854,0.00030000000000000003,0.00030000000000000003,0.00027921571428571426,0.00023287566666666668,0.0,2.1342430008980585e-05,6.851398577005827e-05,0.5175268268938732,0.9632633610095968,0.9173428665105223,0.15031384638502712,0.16312704543503878,0.3002856473387931,11.78070632169748,39.30650765327491,38.654520673450364,29354.069999999996,29831.225599999994,27248.2473
2023-08-17,28730.51,28783.48,25166.0,26623.41,100271.54033,0.00030000000000000003,0.00030000000000000003,0.00027921571428571426,0.00023678966666666667,0.0,2.1342430008980585e-05,6.889453741843198e-05,0.4470272104115197,0.8735256521681682,0.890584231095946,0.6157100481673078,0.3595134786288167,0.35557921436525175,4.2403386325439385,19.613786776434793,27.91725234862598,29095.305,29762.1456,27262.65285
2023-08-18,26623.41,26832.6,25619.0,26054.0,69790.65711,0.0001512,0.0002504000000000008,0.00026993285714285714,0.0002341916666666667,8.59097200553802e-05,4.0286792916828625e-05,7.064038280856863e-05,-1.7885856051856108,-2.4389299699009666,-0.8062578338812793,0.5926489346947978,0.3653038828312129,0.3564016689746899,3.6106854056545643,17.578188737934525,24.88485880189583,28723.663,29674.2794,27278.7921
2023-08-19,26054.0,26281.0,25801.09,26100.01,26160.75343,-5.8819999999999996e-05,0.00013079333333333409,0.00024845928571428575,0.000226279,0.00018027831853366784,9.68469371633358e-05,8.819932216297262e-05,-1.6324311988658764,-3.6933884626800517,-3.0727312800110274,0.5819713162643914,0.36652353381906533,0.3301780920050086,4.708461630524923,18.536875579582755,25.69247675511822,28375.465000000004,29586.8396,27293.666500000003
2023-08-20,26100.01,26299.0,25971.05,26189.99,19056.91209,-7.626e-05,5.373333333334088e-06,0.00022158357142857142,0.00022128000000000002,0.00012659028767376292,0.00012848381913135423,0.00010053260565611469,-1.0809370184968334,-2.8427803432275103,-2.965414168329149,0.6175708612367363,0.36826293479735334,0.2952475164726946,7.227452671831969,19.788320300523566,23.68611698302047,28048.889000000003,29498.921400000003,27305.95315
2023-08-21,26190.0,26258.42,25812.0,26126.92,30267.24233,-3.6e-05,-5.702666666666591e-05,0.00019924857142857144,0.00021897466666666668,2.018982251843194e-05,0.00014436434669893184,0.00010565750888780075,-0.5606830288717977,-2.0616611025275366,-2.387916322322906,0.6397386374581934,0.3557150982994027,0.2952275555508757,3.802862983396892,17.448335549780552,26.736745747185168,27718.978000000003,29409.1192,27319.143050000002
2023-08-22,26126.92,26139.42,25300.0,26056.0,34247.06688,8.12e-06,-3.471333333333257e-05,0.00018191428571428576,0.00021181866666666668,4.220471221707215e-05,0.00015206267340069193,0.00011244164364573762,0.11446618161621362,-1.507939394071269,-1.8675098680586464,0.1917046921509228,0.35235619162899384,0.2862700718269527,3.9809952048891972,6.289216401573896,25.86410183461271,27381.560999999998,29307.1152,27332.263550000003
2023-08-23,26055.99,26819.27,25812.82,26432.72,44023.69978,2.9659999999999997e-05,5.933333333340956e-07,0.00016509428571428574,0.0002046946666666667,3.347083705744499e-05,0.00015514107989998907,0.00011704901630880347,1.2619730719824402,-1.2096408478985199,-1.5964533526558249,0.13255604726380246,0.3619288291167548,0.2892685067812387,15.428155307666202,14.512468589067268,28.618889416219915,27094.449,29220.4394,27347.79295
2023-08-24,26432.71,26577.87,25864.0,26180.05,30205.22116,4.5839999999999995e-05,2.7873333333334092e-05,0.00014817071428571433,0.000198196,1.8923364746422645e-05,0.00015423711014412767,0.00012034117080348201,1.0314377435012427,-0.9895821731295341,-1.3930593429003948,0.17127474882560104,0.3623041171550662,0.2898122484196452,34.907201895434056,14.110413315857386,28.1103915443682,26769.360999999997,29133.944199999998,27364.028650000004
2023-08-25,26180.05,26314.05,25777.15,26060.01,27753.33772,7.361e-05,4.970333333333409e-05,0.000134055,0.00019224333333333336,2.222823954626741e-05,0.00015111999428627686,0.00012198377739328486,1.1950274927447282,-0.7241680649581458,-1.099638669566507,0.17291857949843542,0.36190673647332156,0.28969623492213703,50.29477835214948,13.83656718021031,26.68577201113729,26455.362,29057.235800000002,27380.516099999997
2023-08-26,26060.0,26125.77,25985.92,26017.37,10022.22322,0.0001125,7.731666666666743e-05,0.00012115857142857145,0.00019271266666666666,3.348422663473604e-05,0.00014404621122070667,0.00012163693710593744,1.444344717945879,-0.39010431835795856,-0.7166697831196082,0.17246628591595448,0.36132470574943326,0.28676718877879837,45.933230975126875,13.634813741364994,26.11586012919402,26184.048,28970.6892,27394.40065
2023-08-27,26017.38,26182.23,25966.11,26101.77,12099.64216,5.3070000000000005e-05,7.972666666666743e-05,0.00010735142857142859,0.00018746566666666666,3.0183462911441705e-05,0.00014033758024342214,0.00012421189564012705,-0.3092965054675339,-0.7384196683540891,-1.221982467100803,0.17405055128293564,0.36084416478638626,0.28374074169131963,45.63466144129212,15.572619541676104,27.2753783958309,26131.884,28887.031999999996,27410.094500000003
2023-08-28,26101.78,26253.99,25864.5,26120.0,22692.62655,8.553e-05,8.370000000000077e-05,9.203214285714285e-05,0.00018295100000000002,2.9757232734128034e-05,0.00012893273411291543,0.00012540776647431792,0.42794747640926795,-0.4485579595878907,-0.8968912834207817,0.09490485993856006,0.3450155428570969,0.28149047121862936,49.64168099248704,13.548939693188387,27.657002229801776,26138.484,28806.2178,27431.712750000002
2023-08-29,26120.0,28142.85,25922.0,27716.34,74251.99488,-6.340999999999999e-05,2.5063333333334097e-05,6.607428571428572e-05,0.0001748146666666667,7.832024599888677e-05,0.00012012356917997038,0.00013323413616467955,-1.6973064347453504,-1.363339462893332,-2.127722196712682,0.5147169916059379,0.4452223457535731,0.3201551210287679,83.32624124861164,37.441552593346174,37.69893821306398,26300.117,28752.313199999997,27462.1685
2023-08-30,27716.34,27768.57,27017.24,27299.99,35448.25848,0.00014543,5.585000000000077e-05,5.503357142857143e-05,0.00017367233333333336,0.00010753703176112376,0.00010282743599819913,0.00013333767873424988,0.9817937195545574,0.15479471251090016,-0.26851886955907106,0.5512001391527105,0.44810750953796896,0.32159754379767314,67.1351855437307,37.78143726894766,38.18827908932889,26411.117,28685.871,27489.355700000004
2023-08-31,27299.99,27587.51,25655.01,25940.78,51032.80401,0.00017873000000000002,8.691666666666743e-05,4.6371428571428583e-05,0.00017194066666666665,0.00013124710485693165,8.398583120957826e-05,0.00013290843443655476,1.0514884195938154,0.4412450561595707,0.04593651249156109,0.7621331083462646,0.4910891097147542,0.3435887991095132,46.71080306057866,43.315400147657826,32.577560774944544,26392.503000000004,28597.086600000002,27510.1419
2023-09-01,25940.77,26156.0,25333.75,25805.05,41032.15056,0.00014805,0.0001574033333333341,4.614642857142858e-05,0.00016687566666666667,1.8515834664597625e-05,8.368707818715044e-05,0.00013073754318413774,0.5080743438256335,0.2795629699154664,-0.20919914834074765,0.7616916262661817,0.4902697496922089,0.33986639085494336,46.51017000190739,47.33590022920862,32.38302521257981,26367.408000000003,28484.103000000003,27530.2973
2023-09-02,25805.04,25987.5,25752.47,25869.51,16250.77698,4.917e-05,0.00012531666666666742,5.386000000000001e-05,0.00015851466666666668,6.770562556631891e-05,7.805523389542329e-05,0.0001299485570559665,-0.4268503613866472,-0.42526628315123527,-1.0713682183327957,0.7624883334905598,0.491732073930241,0.3393084424533363,47.98814603560717,47.54304206566387,32.99001268330875,26311.087,28395.253000000004,27548.64565
2023-09-03,25869.52,26135.0,25800.0,25971.21,17474.47667,7.964e-05,9.228666666666743e-05,6.49957142857143e-05,0.00015179733333333336,5.063859430638287e-05,6.861340424265438e-05,0.00012859155535995873,-0.7554522929617137,-0.10051642254541696,-0.7665643814053672,0.4315054024923822,0.4915683877791519,0.33941662834594094,48.23186223258979,47.67378064339096,33.59250896112957,26290.202999999998,28308.8868,27556.88145
2023-09-04,25971.21,26108.02,25631.21,25826.02,21777.59609,3.1e-05,5.327000000000077e-05,6.978142857142858e-05,0.00014477033333333333,2.4577833508935038e-05,6.314593693703496e-05,0.0001292613243084038,-1.0409448421047187,-0.44328225754569806,-1.1744884586124873,0.43488338189768366,0.4915199479208846,0.3366610778417723,46.151066515134325,46.85553651296545,32.224976107700115,26266.803999999996,28220.7674,27568.42295
2023-09-05,25826.03,25915.49,25562.62,25792.1,21323.39337,5.394e-05,5.486000000000078e-05,7.305428571428572e-05,0.00013656833333333335,2.4333047486760406e-05,6.084986463732898e-05,0.0001268561396468469,-0.4025963489666692,-0.12633957950310573,-0.9699438233581199,0.08310516508193423,0.4897734655507958,0.3338532880294821,7.363420427551148,47.22070098574729,27.889525435551548,26244.277000000002,28133.8494,27574.533600000002
2023-09-06,25792.11,26040.0,25372.51,25759.95,27262.52386,1.109e-05,3.2010000000000766e-05,7.172785714285715e-05,0.000127715,2.1442847292112067e-05,6.205893925307158e-05,0.00012600509159803468,-1.3174070568173626,-0.5401535983776911,-1.3338206475880066,0.07130408570918029,0.3722790208426767,0.3338681007303552,8.874361768032728,42.36014744390583,28.382566870801355,26210.094999999998,28051.8658,27580.1736
2023-09-07,25759.95,26443.14,25615.38,26255.0,27687.49567,0.00014637,7.046666666666743e-05,7.890857142857145e-05,0.00012423400000000003,6.913767159317949e-05,6.459724117205455e-05,0.00012391261953493052,1.5613604662510483,1.295125493217322,-0.11260048805555961,0.18342228927312448,0.37089195712590595,0.33811595148419127,65.58321761550704,50.806710279594036,32.62160128308412,26223.595,27978.781600000002,27590.0898
2023-09-08,26255.0,26445.5,25647.26,25910.5,28999.76471,-2.704e-05,4.3473333333334095e-05,7.171928571428572e-05,0.00011449466666666667,9.112775226749654e-05,7.055814279615643e-05,0.00012393817493034975,-1.07934698283025,-1.1107576476226602,-1.631846145031499,0.2281467261431928,0.375310723858284,0.3381049679668227,54.332481490884746,48.464948756318385,31.543390905062992,26043.011,27900.9916,27595.4313
2023-09-09,25910.5,25945.09,25796.64,25901.61,10980.62277,-4.011e-05,2.640666666666743e-05,6.081857142857144e-05,0.000103732,0.00010409662450495764,7.53958957113553e-05,0.00012283580718546656,-0.9165977613716207,-1.3769414298962133,-1.672193519292183,0.22167070647017498,0.37492148502582107,0.33730793981850155,51.38195281553654,48.80317279139719,31.484217905814546,25903.173000000003,27820.9894,27602.67855
2023-09-10,25901.6,26033.66,25570.57,25841.61,18738.26914,5.8299999999999994e-05,-2.9499999999992336e-06,6.119214285714287e-05,9.663433333333333e-05,5.344509425562545e-05,7.536750127812898e-05,0.00011891283546869114,0.37790305764312415,-0.010351546416469189,-0.8002742092287629,0.2226203849804873,0.3749129411512297,0.3370621067059307,44.2127355541387,47.296600799700265,31.704922433380787,25893.256,27741.941600000002,27610.975550000003
2023-09-11,25841.6,25900.69,24901.0,25162.52,41682.32,3.361e-05,1.726666666666743e-05,5.748357142857144e-05,8.798633333333334e-05,5.120019954381144e-05,7.535519864743573e-05,0.00011344403543490415,-0.008224018866904013,-0.4139285809321723,-1.0065065350713098,0.32272063895490255,0.3911366064368833,0.3287730097698496,29.93771165939708,41.25202372554485,28.688191456315465,25829.003,27643.517000000003,27617.08715
2023-09-12,25162.53,26567.0,25131.48,25840.1,56434.38537,4.653e-05,4.614666666666743e-05,6.533642857142858e-05,8.132500000000001e-05,1.2349462876021522e-05,6.705947963821609e-05,0.00010962616207857351,0.7206936009073055,-0.22738188386749839,-0.8662474802575156,0.375408214105827,0.40406555184071125,0.32634955251643843,51.04472284372003,29.399273576899986,33.9405822094502,25826.061999999998,27576.789,27630.3612
2023-09-13,25840.1,26405.22,25764.17,26222.0,31610.82753,6.701e-05,4.9050000000000765e-05,5.973500000000001e-05,7.355866666666666e-05,1.684199513100847e-05,6.300745752570748e-05,0.00010155610858669762,0.7929661783578233,0.07597677810852957,-0.7096474590245495,0.3829850306851814,0.4075819578469524,0.329112533044687,58.727772090003015,38.07366956012599,37.90875569372125,25851.140999999996,27516.6508,27645.685850000005
2023-09-14,26222.0,26860.49,26126.77,26522.73,38333.1725,-8.590000000000004e-06,3.498333333333409e-05,4.6355000000000006e-05,6.327233333333335e-05,3.910030860909138e-05,5.51998955894361e-05,9.310619056734539e-05,-1.6192643217547917,-1.0127261790970485,-1.3279413040206116,0.38844655754924234,0.4097808023981877,0.3308693751412198,55.45788501602778,58.40751945306505,49.41238817397485,25920.811999999998,27460.066199999997,27660.52525
2023-09-15,26522.73,26888.0,26224.0,26600.0,26227.29369,4.159e-05,3.333666666666743e-05,3.875071428571429e-05,5.465866666666668e-05,3.8469834069387125e-05,4.6807831439553844e-05,8.170561048285901e-05,0.19972265858280114,-0.199762502367616,-0.8740476897258053,0.38229727031766964,0.40970450979381307,0.3310978015630923,65.77471104479329,61.68209191663421,53.380913812686295,26001.602,27407.6106,27676.0648
2023-09-16,26599.99,26777.0,26445.0,26559.67,13960.93351,-8.862e-05,-1.8539999999999236e-05,2.8908571428571438e-05,4.1704666666666674e-05,6.567277137438787e-05,5.7673643208027925e-05,7.165545428789314e-05,-1.6021641725214222,-1.8866067463734366,-1.89005685489527,0.20886706259374185,0.4097329932109279,0.33060466900922514,64.84189634171793,60.21460497881055,52.848287161063624,26081.574,27352.521200000003,27693.1553
2023-09-17,26559.67,26623.25,26399.0,26527.51,12998.10277,2.688e-05,-6.716666666665901e-06,2.5140000000000003e-05,3.7560666666666674e-05,7.131067965828123e-05,5.579691609902508e-05,6.86359663398955e-05,0.3184294823184521,-0.24557349210487123,-0.9020447369867074,0.14157392914895875,0.40982955135847915,0.33048536021999486,65.66654180331005,58.406472515358686,52.106540310845006,26108.825,27296.013400000003,27707.647999999997
2023-09-18,26527.5,27409.0,26377.35,26762.51,43000.43256,-6.703e-05,-4.292333333333258e-05,1.813785714285715e-05,3.7287000000000004e-05,6.140774408269569e-05,6.092075258122447e-05,6.904863559047e-05,-0.8384226790765031,-1.5472096964558848,-1.6099195403007167,0.11172662601204389,0.3176566084672986,0.3315293282939756,95.84577385280707,63.777706505945325,53.883519467376225,26194.026,27245.6418,27724.13395
2023-09-19,26762.5,27483.57,26667.79,27210.26,36190.52187,-1.2600000000000001e-05,-1.758333333333257e-05,1.3385000000000007e-05,3.940900000000001e-05,4.715291330687805e-05,6.0506937014948264e-05,6.636482587009158e-05,0.12917746945826947,-0.7113852219692027,-1.1465136846632942,0.14622719220527108,0.3208752501123133,0.3343909951850482,95.21562363869558,68.59930752279509,56.742172897177696,26324.890999999996,27205.201999999997,27748.41355
2023-09-20,27210.25,27388.63,26800.0,27125.0,34207.21867,-7.382000000000001e-05,-5.1149999999999244e-05,7.320000000000006e-06,3.814833333333334e-05,3.3557456697319574e-05,6.485405414058091e-05,6.818105309089673e-05,-0.634318265508475,-1.515088709714421,-1.5955987773165996,0.16275863262188137,0.2261470733780805,0.3343752726444436,87.05375461628155,67.65679043642501,54.18622876588228,26453.23,27153.582199999997,27772.305699999997
2023-09-21,27125.01,27159.6,26377.7,26568.08,34476.82662,0.00011703,1.0203333333334095e-05,5.224285714285721e-06,4.177866666666667e-05,9.744703501557181e-05,6.0331470128946436e-05,6.941535677924987e-05,1.5194925348403867,1.5398802567292564,-0.0773823612429436,0.2692970442804326,0.24490774023670953,0.3364603618231735,51.537611294552775,53.98586334908374,52.26314886983746,26593.786,27101.223599999998,27792.9949
2023-09-22,26568.08,26743.38,26468.77,26580.14,18198.2292,3.1079999999999994e-05,2.476333333333409e-05,9.37571428571429e-06,4.1826e-05,9.558167101137195e-05,5.9938926957721045e-05,6.940729195524535e-05,0.40857871205431573,0.15936563918758814,-0.7322253430473401,0.2689532991922784,0.2448967978522982,0.32878983157576114,49.295484859640055,59.31364640297668,53.07230758869384,26667.79,27048.953600000004,27813.8456
2023-09-23,26580.14,26632.81,26509.0,26575.96,9440.7026,8.441e-05,7.750666666666744e-05,1.8270000000000003e-05,4.311166666666666e-05,4.3388853791341024e-05,6.125518263794357e-05,6.984008576665689e-05,0.7257409805612528,1.0215166112682952,-0.28987690739709715,0.253808498011765,0.24469497796812179,0.32870210273537626,50.59308396377028,59.391459600058155,53.31454307023216,26703.185999999998,26998.193000000003,27835.7356
2023-09-24,26575.97,26738.54,26122.08,26248.38,15706.65771,6.215999999999999e-05,5.921666666666743e-05,1.8545714285714292e-05,4.2730000000000006e-05,2.678655695169295e-05,6.145757332248923e-05,6.969881273422567e-05,0.24621288907195735,0.6280485098571114,-0.446016416159351,0.17489737809828604,0.2499663642099532,0.3294439621500146,41.636554307098685,55.272032578048865,50.84554756715274,26675.751,26941.717999999997,27858.450299999997
2023-09-25,26248.39,26446.15,25990.46,26304.81,26266.2039,0.00012097,8.918000000000077e-05,2.4785714285714293e-05,4.3012333333333335e-05,2.969374850019926e-05,6.726532330026458e-05,7.00076507486308e-05,0.9993699755707426,1.4398601105763884,0.025056105986391502,0.19116730730099307,0.24983836292657227,0.3295272425855755,34.6427948301385,67.65435914869647,51.061183569065314,26646.232,26886.0458,27888.16325
2023-09-26,26304.8,26397.46,26088.34,26221.67,18495.35066,5.009999999999994e-06,6.271333333333409e-05,2.1820000000000005e-05,4.141033333333334e-05,5.798198024667927e-05,6.714807792661365e-05,7.031875511258468e-05,-1.2321315848166645,-0.32174189752375154,-0.880655226769582,0.11067830716801545,0.2503014990607744,0.3293166564698575,6.084916975395188,57.224761522438996,39.61245557387195,26612.432,26826.257999999998,27918.51815
2023-09-27,26221.68,26850.0,26112.06,26372.99,34771.57978,0.00015396,9.33133333333341e-05,2.8030714285714287e-05,4.369133333333334e-05,7.823166899233606e-05,7.518902267104932e-05,7.286309456709883e-05,1.2055547603090948,1.9168636676956008,0.3288383889622181,0.1314482335902062,0.2379281874328871,0.32976261361472253,18.446161979798433,53.13240364624551,43.31120571468053,26596.98,26758.3094,27948.104450000003
2023-09-28,26373.0,27308.48,26342.4,27021.39,44517.83491,-5.639e-05,3.41933333333341e-05,2.4616428571428576e-05,4.392533333333334e-05,0.00010816899201400639,7.801214704308257e-05,7.2517731707238e-05,-1.3313701356406666,-1.1974668774141957,-1.3242515517059374,0.2591951975395192,0.2508341120612035,0.3359647972643801,67.66450265367155,59.04090216836512,58.68840543584513,26622.868,26707.097400000002,27973.22585
2023-09-29,27021.39,27244.89,26665.16,26906.96,28478.76219,-5.9850000000000005e-05,1.2573333333334103e-05,1.737071428571429e-05,3.708266666666667e-05,0.00012245666594075673,8.096918041070598e-05,7.229424567813048e-05,-0.9285406238518943,-1.2136696263252427,-1.3040593308222246,0.22050797769049466,0.2521139102377932,0.3360404745369724,61.794468343070044,55.491312934683236,58.89011341868676,26592.538,26656.121600000002,27987.19325
2023-09-30,26906.96,27094.99,26886.31,26962.56,12804.62307,4.032e-05,-2.5306666666665897e-05,2.6580714285714292e-05,3.2469000000000004e-05,5.6860684425408805e-05,7.510669697322319e-05,6.717840798183977e-05,0.2704469768718952,0.24907256624217736,-0.49156952599760834,0.22060590974610272,0.2513977796645772,0.3333031302119285,63.45257150807684,57.16827448284309,58.83125718059627,26576.294,26606.8522,27998.654
2023-10-01,26962.57,28065.51,26954.09,27992.57,24602.81468,-2.5869999999999998e-05,-1.5133333333332559e-05,2.2812857142857147e-05,2.667166666666667e-05,5.094079144777759e-05,7.640249718322028e-05,6.430300459996984e-05,-0.4044820375899538,-0.6619622457456288,-0.9872091001801931,0.3304383702265444,0.2596106891063363,0.3444490316988086,90.76486563547287,69.2362030209195,64.20124662066596,26718.743,26578.100199999997,28017.18855
2023-10-02,27992.58,28580.0,27281.44,27494.51,57071.14241,5.0820000000000005e-05,2.1756666666667444e-05,3.1230714285714293e-05,2.672666666666667e-05,4.1578684843632664e-05,7.211425608177316e-05,6.432361390466301e-05,1.1569823347622685,0.43609442102762835,-0.34415851220721205,0.42646398782178724,0.25930232305535716,0.3470556043805914,73.04762568964594,58.99011087801388,61.1683719983545,26810.18,26541.9136,28029.667199999996
2023-10-03,27494.51,27676.52,27160.5,27426.46,28928.96555,8.339e-05,3.611333333333411e-05,3.808714285714286e-05,2.685166666666667e-05,5.609502146649193e-05,7.218958378188061e-05,6.4433535821921e-05,1.1156768822993424,0.8831411669552885,-0.04990711928043865,0.3952381283705176,0.2549171092883734,0.3470483260235708,73.47722215075142,52.928396506492305,60.89015757263341,26895.23,26501.824200000003,28029.823849999997
2023-10-04,27426.45,27839.72,27202.0,27778.57,29816.142,9.374000000000001e-05,7.598333333333411e-05,5.00557142857143e-05,2.8943000000000004e-05,2.239811673615354e-05,6.581789921556725e-05,6.558079140299772e-05,0.9610811440573541,0.9385368686765059,0.05872303972980383,0.39358810494490853,0.2559146538180641,0.34869825795233433,75.40210940265415,58.25571143092558,62.900508704187715,27048.249,26473.3956,28034.179249999997
2023-10-05,27778.57,28120.39,27352.0,27410.39,30681.49619,-0.00010376999999999999,2.4453333333334115e-05,3.428428571428572e-05,2.3686000000000007e-05,0.00011116518354829512,7.442622063956415e-05,6.969964496032427e-05,-1.4796627588400593,-1.5890623296086117,-1.580416267770931,0.42937575714148185,0.2644624820524503,0.350056387121982,57.822428854088386,61.172553753077736,57.5055249300486,27158.807,26446.993200000004,28031.366849999995
2023-10-06,27410.39,28295.0,27175.94,27931.09,37983.24277,-2.819e-05,-1.2739999999999217e-05,3.0050714285714295e-05,2.237666666666667e-05,9.96572972741718e-05,7.62850198486209e-05,7.031069086976581e-05,-0.565884614350804,-0.6798110514135394,-0.9034481008758671,0.3054351079106927,0.2740976753308385,0.3532389706825935,67.70191273924888,65.7888032088121,62.83218999302997,27329.749,26473.1468,28032.437250000003
2023-10-07,27931.1,28029.67,27842.08,27956.67,13348.83825,7.056e-05,-2.0466666666665882e-05,2.9061428571428578e-05,1.9849666666666667e-05,8.74212481798673e-05,7.561268919328787e-05,6.698428001299743e-05,0.5510752994165109,0.6186326924967188,-0.013240739137209075,0.2428458347473661,0.27369210450832493,0.34979535460800576,67.36321431938237,66.05629839122042,63.02349103019123,27488.117,26511.2002,28031.69325
2023-10-08,27956.67,28095.14,27687.5,27917.05,19693.56921,6.451e-05,3.562666666666745e-05,2.9229285714285724e-05,2.2901333333333337e-05,5.534957843855897e-05,7.569438313322774e-05,6.685972029682725e-05,0.5432151888095145,0.46676338591585037,-0.038419672302444814,0.2406904090814256,0.2727325011894367,0.34954431865534424,47.98322918333942,70.79790509092331,63.18670705918375,27577.683,26547.540999999997,28035.023650000003
2023-10-09,27917.06,27987.93,27260.0,27590.12,31534.74639,0.00015345000000000002,9.617333333333411e-05,3.1549285714285726e-05,2.935333333333334e-05,4.9695201310855475e-05,7.914173696746589e-05,6.98422164761963e-05,1.231335992249978,1.4989466272933993,0.8203667721965837,0.24624352469098842,0.2707193906631589,0.3504726999594718,52.8101247964419,65.00783488588829,66.14679777789503,27645.999,26575.543599999997,28031.4972
2023-10-10,27590.12,27735.0,27298.0,27390.12,22776.84383,0.00012791000000000001,0.00011529000000000079,4.032785714285716e-05,3.1673666666666675e-05,4.579333139217107e-05,8.270734133344697e-05,7.19612226748516e-05,0.7161610389947891,1.0656080374525532,0.6201155903692089,0.22373291779256776,0.2724157875140359,0.35080431959925923,49.008793750526806,63.28088947688252,61.00913391193221,27688.754999999997,26600.807599999996,28031.175450000002
2023-10-11,27390.12,27477.39,26538.66,26875.52,37349.44706,0.00020567,0.00016234333333333412,4.402142857142859e-05,3.7409e-05,3.963550092185961e-05,8.90813464767884e-05,7.866521438442088e-05,1.37576984598668,1.889022684625374,1.4283147183328366,0.15327098330342329,0.26984638978825204,0.3535093322673961,27.37408611902167,55.276160318487314,54.555797222665674,27577.05,26617.197999999997,28028.2383
2023-10-12,26875.52,26947.04,26555.0,26759.63,23428.64112,0.00019965,0.00017774333333333412,6.231000000000002e-05,4.2513000000000004e-05,4.326177219355212e-05,9.307421075518168e-05,8.405984888248888e-05,0.8544421449786926,1.5888568166541552,1.3937700242923867,0.13135961035629698,0.27065755174121625,0.3535102946061076,31.335612509452133,46.90573460431193,51.69515539041602,27503.561999999998,26623.7362,28022.196200000002
2023-10-13,26759.63,27130.0,26685.0,26862.0,24115.76499,6.659e-05,0.00015730333333333413,7.134142857142858e-05,4.249900000000001e-05,7.861769351314444e-05,8.618844834767051e-05,8.405566313979685e-05,-1.4732323759066004,0.06200866393535732,0.09131757816519827,0.16206740453663843,0.2710507792257557,0.35346045516960695,9.656676654158147,49.46700808495882,51.868050069425124,27447.115999999998,26637.3752,28020.88165
2023-10-14,26862.0,26989.58,26789.0,26852.48,10417.25576,4.772e-05,0.0001046533333333341,7.187000000000001e-05,4.437600000000001e-05,8.28087811365829e-05,8.600606579685988e-05,8.350237653447641e-05,-1.1187864154142506,-0.1479306418426023,-0.06920176567234189,0.16522279525767708,0.26481802908089896,0.35311050752878315,7.820891873510774,48.68060849260761,52.096937058208674,27354.507,26653.2246,28018.8387
2023-10-15,26852.48,27293.33,26808.25,27154.15,15274.6917,5.007e-05,5.479333333333411e-05,7.729428571428574e-05,4.465866666666667e-05,1.0283561315335981e-05,8.165206471691386e-05,8.350697318537916e-05,-0.7850918527508348,-0.08083658419284515,0.005011788367947205,0.21422770027707128,0.2682627807482453,0.35246229833612147,25.718977962788898,37.82527125297598,54.32084464153594,27328.883,26675.9602,28012.86645
2023-10-16,27154.14,30000.0,27112.66,28500.78,78399.22445,0.00010183,6.654000000000078e-05,8.093785714285715e-05,5.100700000000001e-05,3.058461541352109e-05,8.151782751493601e-05,8.019917895148081e-05,0.13669070733063335,0.47121233543304275,0.73421338556078,0.4065582697857582,0.3332789767072014,0.32043812391763815,67.57569441225962,61.723033190795036,60.39263469163911,27385.852000000003,26723.9404,28015.2277
2023-10-17,28500.77,28613.65,28069.32,28395.91,38428.44532,-6.140000000000002e-06,4.858666666666744e-05,7.454285714285716e-05,4.990633333333334e-05,5.400028178932263e-05,8.475803864114212e-05,8.076630064936492e-05,-1.4890098847894013,-0.7193639819184423,-0.66873049659014,0.40429830639388914,0.3348518731589488,0.3155755433040162,70.15166997253151,61.1980123224719,57.391731534834236,27429.776,26769.4586,28014.88045
2023-10-18,28395.91,28982.36,28142.87,28320.0,32162.47591,-2.9149999999999997e-05,2.218000000000078e-05,6.5765e-05,5.116900000000001e-05,6.993180177853852e-05,8.888021063383766e-05,7.91551580366181e-05,-1.202199663613225,-1.0328130501244859,-0.9918121398166648,0.41962015126300506,0.3225842614263792,0.3157369011493784,85.1137170249509,56.68024686177089,57.4587180242373,27470.071000000004,26781.5318,28014.216800000002
2023-10-19,28320.0,28916.89,28100.66,28713.71,35895.50179,-0.00012658,-5.3956666666665885e-05,6.41357142857143e-05,4.7369666666666675e-05,6.393728515761216e-05,9.236770695389029e-05,8.485196153157588e-05,-1.444061858807398,-2.0338168906640037,-2.247093040770087,0.4030932086757586,0.32470894771651587,0.3171911160345995,91.84899001145158,65.97989210394991,63.67069977251775,27582.43,26809.806200000003,28016.926
2023-10-20,28713.71,30207.55,28578.29,29669.04,59422.0992,-4.647000000000001e-05,-6.739999999999923e-05,6.283e-05,4.8281333333333335e-05,5.197787894857217e-05,9.388988263676833e-05,8.364329425621572e-05,-0.30533906430318414,-1.0390647511996363,-1.1825882731727388,0.4331626835381547,0.3481391251592577,0.3262012385898857,94.03006613040816,69.25650895373722,67.56889573439234,27810.322000000004,26884.3714,28026.271200000003
2023-10-21,29669.05,30379.99,29464.77,29909.8,27517.51897,8.616e-05,-2.896333333333256e-05,6.394428571428572e-05,4.725233333333334e-05,0.0001074450530891298,9.408105504664042e-05,8.295542395372494e-05,1.4424842294367999,0.37116738654354664,0.5487130984263153,0.28372664365849726,0.3162731407706788,0.32629811203993564,94.71230344438348,70.65575816284945,68.46511730950311,28113.75,26966.466399999998,28034.992850000002
2023-10-22,29909.8,30248.0,29640.0,29992.46,22852.54563,8.261e-05,4.076666666666744e-05,6.523714285714288e-05,4.897e-05,7.557001808472868e-05,9.421369820614192e-05,8.314229128433313e-05,0.9821736123073636,0.3126414244523529,0.4894580884779739,0.26046855437624583,0.3015549408685676,0.32489812028507425,94.35039548479595,71.75094584820307,71.31561927835875,28437.033000000003,27048.9254,28044.105099999997
2023-10-23,29992.46,34741.91,29883.6,33069.99,93513.64246,0.00018488,0.00011788333333333412,6.748214285714287e-05,5.2319000000000005e-05,5.804795976885451e-05,9.681593036265093e-05,8.65718035386806e-05,1.2136390496244776,1.333574009780773,1.7555772814675392,0.7440887699419777,0.49774050500872613,0.4000419150906001,96.3336355173599,86.42828178075759,78.65732260888473,29057.832000000002,27190.901,28069.28595
2023-10-24,33069.99,35280.0,32832.34,33922.73,115265.02418,0.00030000000000000003,0.0001891633333333341,7.977428571428573e-05,6.024700000000001e-05,0.00010875827891855801,0.00011440511350290251,9.768158595931002e-05,1.3810993288725404,2.128549796298886,2.9374222739818787,0.725941980891818,0.502344482958103,0.4029535914157089,98.66323626782662,89.95876043985696,80.62494929681867,29764.857,27352.8352,28099.36795
2023-10-25,33922.73,35132.85,33679.05,34496.05,54887.02529,0.00030000000000000003,0.00026162666666666745,8.651214285714286e-05,6.621466666666668e-05,6.646456298906335e-05,0.00012470424773340657,0.00010658247603696263,1.0129373499361316,1.881119168000839,2.721261464702179,0.7398616161301029,0.4918335675599797,0.4038036907930779,99.99999999998866,96.2809018925101,81.25412652997287,30499.047,27526.914200000003,28132.156300000002
2023-10-26,34496.05,34824.13,33751.0,34151.66,39744.66255,0.00030000000000000003,0.00030000000000000003,9.368000000000002e-05,7.604766666666667e-05,0.0,0.00013422785971282,0.000114084638262476,0.6786776565777672,1.6502118031483317,2.5243928556665214,0.8026863539390127,0.49897435784797134,0.40542474001440143,94.3788937981491,93.68084042728918,78.09146044058835,31064.135000000002,27694.748399999997,28161.295799999996
2023-10-27,34151.66,34245.0,33390.95,33892.02,32330.40106,0.00030000000000000003,0.00030000000000000003,0.00011035214285714287,8.091566666666668e-05,0.0,0.0001446920250941001,0.00012046135868300604,0.447126746490294,1.461409177913984,2.3656004465970892,0.8350192915214503,0.5032985451748764,0.4064247716066884,88.87818907611383,90.78362347829047,77.20806021633697,31613.745999999996,27847.4888,28182.569199999998
2023-10-28,33892.01,34493.33,33860.0,34081.0,16880.13144,0.00030000000000000003,0.00030000000000000003,0.0001283721428571429,9.279533333333334e-05,0.0,0.00015182545809524708,0.00012397560017821598,0.0,1.3072225266029358,2.2342531477279746,0.2924857564227302,0.5012354027995808,0.38235094018845883,88.77113208878868,91.07981914357717,77.4424507469516,32189.845999999998,28010.8988,28201.9721
2023-10-29,34081.01,34750.11,33930.0,34525.89,20685.52176,0.00030000000000000003,0.00030000000000000003,0.00014622428571428573,0.00010479033333333335,0.0,0.0001565310773132369,0.00012608772385442674,0.0,1.2009736286919683,2.1313147445545693,0.22941874960382103,0.4916592957833197,0.380178972436791,89.47956018384372,91.22269990246136,76.37670533820813,32771.064,28183.3844,28225.161199999995
2023-10-30,34525.88,34856.0,34062.84,34474.73,33657.95976,0.00030000000000000003,0.00030000000000000003,0.00016037928571428574,0.00011344633333333335,0.0,0.00016110119550073355,0.00013035070851452398,0.0,1.0989153684853572,2.0522491641924883,0.18128659639777756,0.48808466891198105,0.35462617776305577,75.86883820970966,89.06641345871772,79.23593578012071,33251.633,28356.046799999996,28245.66565
2023-10-31,34474.74,34720.49,34025.0,34639.77,32737.89822,0.00030000000000000003,0.00030000000000000003,0.0001822464285714286,0.00012430866666666667,0.0,0.00015749666705179777,0.00013190924653832002,0.0,1.038237188852991,1.9682576785853112,0.14863118542201595,0.46980886975024977,0.35374063769204006,67.68355841411861,90.51266146381849,79.96872385170055,33724.63,28545.5918,28266.52985
2023-11-01,34639.78,35582.0,34097.39,35421.43,53473.28165,0.00030000000000000003,0.00030000000000000003,0.00020575714285714285,0.0001326146666666667,0.0,0.0001477801130801611,0.00013493275486737958,0.0,0.9795069832255793,1.8731426128751565,0.17417247707790387,0.4650374111220553,0.3562731045900023,70.69497620493718,92.21106991240538,80.65905130499108,34267.526999999995,28737.2184,28292.161550000004
2023-11-02,35421.43,35984.99,34300.0,34941.59,48015.57732,0.00030000000000000003,0.00030000000000000003,0.0002362271428571429,0.00013983500000000002,0.0,0.00011413296924262917,0.00013796918538400374,0.0,0.8894237229026681,1.7903122007868657,0.2620939621546762,0.4781894132911991,0.359294391700699,66.65668582704733,86.64346888773964,79.94289094888939,34454.687,28911.6102,28315.34625
2023-11-03,34941.58,34946.5,34120.0,34716.78,39071.20644,0.00030000000000000003,0.00030000000000000003,0.00026097500000000004,0.00014671033333333333,0.0,8.082139061397181e-05,0.00014070504234487362,0.0,0.8047652634653852,1.7112042951392474,0.26065470607905855,0.4821918269784098,0.3594546089619753,67.65038221520163,82.49302857317929,77.62891844901141,34534.092,29075.4912,28341.778800000004
2023-11-04,34716.78,35255.0,34585.18,35062.07,18377.55545,0.00030000000000000003,0.00030000000000000003,0.00027624928571428573,0.00016016933333333337,0.0,6.361765387117685e-05,0.00013511965876864608,0.0,0.7258163512911352,1.6398304390958292,0.26837353049114293,0.4823074761903714,0.359313178692161,69.67894122411985,82.72550003491942,78.19656882351578,34590.694,29244.732600000003,28365.189099999996
2023-11-05,35062.06,35380.0,34448.0,35011.88,24528.73376,0.00030000000000000003,0.00030000000000000003,0.0002917771428571429,0.00017110900000000002,0.0,3.076711416907e-05,0.00013260590186457957,0.0,0.6578818315783802,1.5728657661541086,0.27065657662876885,0.45797206377919436,0.35933376410711343,61.58227636926621,82.01373050251863,78.13102432686384,34676.716,29413.776799999996,28396.263
2023-11-06,35011.89,35276.33,34725.9,35046.09,22346.47086,0.00030000000000000003,0.00030000000000000003,0.00030000000000000003,0.000178757,0.0,0.0,0.00013322180913284736,0.0,0.5822698494858375,1.5235998513418472,0.1670853154451939,0.45566619257040003,0.3577626943870031,63.72775150883935,70.60085568452698,80.2654898149702,34792.12300000001,29584.1484,28430.275199999996
2023-11-07,35046.09,35888.0,34523.06,35399.12,38688.73692,0.00030000000000000003,0.00030000000000000003,0.00030000000000000003,0.0001866066666666667,0.0,0.0,0.00013319578957657636,0.0,0.5073358483905727,1.4661712448196167,0.13817327546809827,0.45181345812184204,0.3551016283710035,66.73292111605107,67.18151031663483,82.11142331105461,34923.935,29756.880599999997,28470.956599999998
2023-11-08,35399.13,36106.0,35100.0,35624.72,33401.34137,0.00030000000000000003,0.00030000000000000003,0.00030000000000000003,0.00019149166666666668,0.0,0.0,0.00013461762184397547,0.0,0.4506261222253938,1.4133691972862974,0.09948777841352473,0.4520954164547072,0.3548388693686008,55.933845893366986,64.29155703223816,85.91142079389631,35033.818,29925.169800000003,28509.99595
2023-11-09,35624.72,37972.24,35534.05,36701.09,82537.88885,0.00040027,0.0003334233333333341,0.0003071621428571429,0.00020057033333333333,5.789091149159313e-05,2.6798284726686093e-05,0.00013928491238154414,1.7884555480337307,1.6381817890209598,2.0434248222435922,0.23639767922420868,0.4495023186026661,0.3593658277249626,88.09266074905318,77.23336844194392,87.82289311007308,35256.454,30116.691600000002,28555.548400000003
2023-11-10,36701.1,37526.0,36324.71,37301.63,43414.04898,0.00031682,0.0003390300000000008,0.00030836357142857143,0.00020427533333333337,5.3698056761806206e-05,2.6829511193570777e-05,0.000140894248107909,-0.15138385902890666,0.4593447764459958,1.3899162474794484,0.21115598500459853,0.44996089856022903,0.3508504667183621,98.13088636725014,83.9493708192955,88.2676248085453,35522.64,30331.362600000004,28604.5019
2023-11-11,37301.63,37408.26,36666.93,37130.0,22984.97235,0.00041254999999999997,0.0003765466666666674,0.00031640285714285715,0.000211372,5.208796054106606e-05,3.846850428577662e-05,0.0001459251754508205,1.1935839560970563,2.467243538469921,1.9619380779032,0.24247141009409762,0.453654477464133,0.34826841712075063,91.16807415279534,80.46404463394938,87.23091636235405,35693.497,30542.3598,28648.64795
2023-11-12,37129.99,37222.22,36731.1,37064.13,17687.18874,0.00066138,0.0004635833333333341,0.00034221571428571433,0.00023119833333333335,0.00017785864958817167,9.947928301640126e-05,0.00016476560318733386,1.6805701288049915,3.9197224782193865,3.2610080659291683,0.26878870233509267,0.23206357606198533,0.3481096770752363,90.60243347509608,77.43900857034262,86.52344728964938,35905.751000000004,30752.123199999998,28691.89215
2023-11-13,37064.13,37417.99,36333.0,36462.93,32798.18252,0.0006385200000000001,0.0005708166666666675,0.00036639571428571433,0.0002508916666666667,0.00013753871539798712,0.00012602756424472063,0.00017693708562522417,0.9882032547175511,2.6834818229774218,2.8502523024823074,0.34878662820301487,0.23242011786833364,0.3520393265089222,72.89479807640946,69.20862252861738,81.05079333631588,36080.366,30956.4142,28726.84295
2023-11-14,36462.93,36744.0,34800.0,35551.19,45503.68416,0.00048228,0.0005940600000000007,0.00037941571428571437,0.0002652986666666667,9.747677261786652e-05,0.00012804019847836937,0.00017761636354280116,-0.13602515924607045,1.1280293600829225,1.8495921130436068,0.3011463718043753,0.25510434391339554,0.36002376759191973,52.081468402240255,57.69523031147006,76.25205091853168,36129.278000000006,31141.341800000002,28758.0404
2023-11-15,35551.2,37980.0,35360.0,37858.2,53569.13385,0.00030000000000000003,0.00047360000000000083,0.0003794157142857143,0.0002719043333333333,0.00016942684084877082,0.00012804019847836937,0.0001749928804400916,-1.3033424112204814,-0.4949780972015703,0.7917160734430156,0.6647290881234583,0.36022290766728143,0.3870137371721414,69.47453595518095,66.36002433085508,80.07161800701525,36413.909999999996,31374.0724,28801.17915
2023-11-16,37858.2,37929.54,35500.0,36163.51,47490.39566,0.00037213000000000003,0.00038480333333333416,0.00038456785714285717,0.00028451333333333334,9.179847293570658e-05,0.00012603430651270489,0.0001677456679605995,-0.7453898285791006,0.1158964779750202,1.163230337052606,0.7890606374191586,0.41843575789243076,0.4071851190803073,45.768872349932344,57.05318984365605,71.70672466158742,36525.651999999995,31569.882800000003,28835.83065
2023-11-17,36163.51,36800.0,35861.1,36613.92,38283.61112,0.00030000000000000003,0.00032404333333333407,0.00038456785714285717,0.000295485,4.164427491657627e-05,0.00012603430651270489,0.00015693876365071284,-0.8246140238491634,-0.5305069982544945,0.7269402291075178,0.8039147859399439,0.42017088470991565,0.40747719189956916,44.45623171114603,60.67274392479508,70.84898410104962,36647.132,31761.733399999997,28878.55895
2023-11-18,36613.91,36845.49,36178.58,36568.1,17102.24186,0.00030000000000000003,0.0003240433333333342,0.00038456785714285717,0.0003097043333333333,4.164427491657627e-05,0.00012603430651270489,0.0001351983636323232,-0.6373929844740365,-0.5305069982544941,0.7009953744586832,0.7903117963803952,0.4184574791765163,0.40677359192429285,45.37663286564311,58.7679066079261,70.22537918597905,36741.47,31954.9562,28918.050149999995
2023-11-19,36568.11,37500.0,36384.02,37359.86,21246.34648,0.00030000000000000003,0.00030000000000000003,0.00038456785714285717,0.00032125333333333334,0.0,0.00012603430651270489,0.00011734299336543818,-0.4470749998961637,-0.5305069982544941,0.6748754657157392,0.7504407317355011,0.4252607172192291,0.40826864565424625,52.173644605095916,62.58312004011979,71.45508044561942,36807.346999999994,32162.902199999997,28959.71865
2023-11-20,37359.85,37750.0,36677.0,37448.78,36022.70291,0.00030000000000000003,0.00030000000000000003,0.00038456785714285717,0.0003283813333333333,0.0,0.00012603430651270489,0.00010875003637682714,-0.4470749998961637,-0.5305069982544941,0.6554679532312612,0.4957172112071544,0.4253021047706996,0.40308085219241996,57.83620943190118,62.801251839442365,65.43920455545842,36822.062,32352.026400000002,29002.771750000004
2023-11-21,37448.79,37649.44,35735.0,35741.65,47646.54804,0.00030000000000000003,0.00030000000000000003,0.0003845678571428572,0.0003356276666666667,0.0,0.00012603430651270489,9.857558159847916e-05,0.0,-0.5305069982544941,0.6316950651767722,0.5026328178049532,0.46786509683900906,0.4231385715869786,51.343966896889256,51.5948407114767,56.04889611934728,36683.227,32516.9692,29033.95195
2023-11-22,35741.65,37861.1,35632.01,37408.34,45051.30697,0.00030000000000000003,0.00030000000000000003,0.0003845678571428572,0.000339465,0.0,0.00012603430651270489,9.466819207836624e-05,0.0,-0.5305069982544941,0.6107653820725741,0.6498564069671775,0.5008367522484555,0.4346127736978994,46.510235174739165,57.322053436098166,59.02839133930131,36717.648,32716.606799999998,29076.752650000002
2023-11-23,37408.35,37653.44,36870.0,37294.28,23827.92882,0.00030000000000000003,0.00030000000000000003,0.0003774057142857143,0.000339465,0.0,0.0001279084469884441,9.466819207836624e-05,0.0,-0.5305069982544941,0.5888837938823275,0.6514394723715101,0.49975938015163673,0.4328119214898509,61.62198162715284,52.64404540417104,59.88358415867931,36800.782999999996,32906.921,29121.07355
2023-11-24,37294.27,38414.0,37251.51,37713.57,44680.80646,0.00030000000000000003,0.00030000000000000003,0.00037620428571428577,0.00033946500000000006,0.0,0.00012859842933092235,9.466819207836624e-05,0.0,-0.5305069982544945,0.5707907520140586,0.6319380603732924,0.5001008766640193,0.4329067498636101,61.37489733472852,51.86630929792334,61.899335090720676,37017.02099999999,33112.984599999996,29171.297450000002
2023-11-25,37713.57,37888.0,37591.1,37780.67,11396.14464,0.00030000000000000003,0.00030000000000000003,0.00036816500000000005,0.00033946500000000006,0.0,0.00012966509789278337,9.466819207836624e-05,0.0,-0.5305069982544945,0.546913068869547,0.6319161719704351,0.499662599699176,0.43243038659880156,62.48797618924116,52.976072318180066,61.60793677187916,37009.268,33309.976200000005,29222.059449999997
2023-11-26,37780.67,37814.63,37150.0,37447.43,21264.53723,0.00030000000000000003,0.00030000000000000003,0.0003423521428571429,0.000339465,0.0,9.919393190024726e-05,9.466819207836624e-05,0.0,-0.5305069982544941,0.5316494811240544,0.41181305245294675,0.5024912640150229,0.4339992496323205,50.99592169100027,51.71130434160794,59.23118242196082,37137.659999999996,33499.791399999995,29271.302849999996
2023-11-27,37447.42,37569.23,36707.0,37242.7,30001.07376,0.00030000000000000003,0.00030000000000000003,0.0003181721428571429,0.000339465,0.0,5.099438916028869e-05,9.466819207836624e-05,0.0,-0.5305069982544941,0.5063767081310823,0.14862755115732973,0.5028797826731254,0.4323802845084188,47.71643352303213,53.609180761273436,58.661886722062185,37200.53799999999,33686.3044,29322.673249999996
2023-11-28,37242.7,38377.0,36868.41,37818.87,37544.46667,0.00030000000000000003,0.00030000000000000003,0.00030515214285714283,0.000339465,0.0,1.9277553379320457e-05,9.466819207836624e-05,0.0,-0.5305069982544941,0.4808761692897853,0.1988583922423471,0.5056530588211007,0.4323925658409037,80.7164742345927,60.83250055889021,59.69888339739052,37325.615,33890.8794,29377.79255
2023-11-29,37818.88,38450.0,37570.0,37854.64,32994.19107,0.00030000000000000003,0.00030000000000000003,0.0003051521428571429,0.000339465,0.0,1.9277553379320457e-05,9.466819207836624e-05,0.0,-0.4842340738800431,0.4583333977226044,0.17755847294835564,0.49111295604771765,0.43245914816466147,62.748805959891804,49.97828150583961,57.77725784705461,37375.093,34100.1698,29433.189349999997
2023-11-30,37854.65,38145.85,37500.0,37723.96,24740.29147,0.00030000000000000003,0.00030000000000000003,0.00030000000000000003,0.000339465,0.0,0.0,9.466819207836624e-05,0.0,-0.47519669582101487,0.4331306515781606,0.1803970910434758,0.48698991881738707,0.42554921846409016,62.15859828631704,61.76495867617748,59.096309324918344,37402.611,34317.138600000006,29487.22105
2023-12-01,37723.97,38999.0,37615.86,38682.52,43415.66324,0.00030000000000000003,0.00030000000000000003,0.00030000000000000003,0.000339465,0.0,0.0,9.466819207836624e-05,0.0,-0.4262179984630557,0.41085120189323265,0.25230641889578137,0.4973491088115666,0.42444548646149277,71.00704607043909,64.48615670762555,62.371519307188535,37696.698,34555.5964,29544.822949999998
2023-12-02,38682.51,39717.14,38641.61,39450.35,26696.92161,0.00025464,0.00028488000000000076,0.00029676,0.00033795300000000005,2.61886082103246e-05,1.2122969933430624e-05,9.567710446226416e-05,-1.7879729822806807,-0.8470057597359971,0.10198478022770732,0.23422928350843725,0.5025828110483544,0.4253201288277719,77.76340381377511,68.33042268245894,63.33804248447578,37900.899,34807.3634,29606.905499999997
2023-12-03,39450.35,40250.0,39274.86,39972.26,26710.65335,0.00030000000000000003,0.0002848800000000008,0.00029676,0.00033795300000000005,2.61886082103246e-05,1.2122969933430624e-05,9.567710446226416e-05,0.44699324557018955,-0.23275243852495073,0.375929795985263,0.23167525205667175,0.4963859505290836,0.42535881500561035,89.50416973070801,67.20477128796142,64.65663551975183,38168.697,35069.759,29669.73875
2023-12-04,39972.26,42420.0,39972.26,41991.1,79272.33059,0.00030000000000000003,0.00028488000000000076,0.00029676,0.00033795300000000005,2.61886082103246e-05,1.2122969933430624e-05,9.567710446226416e-05,0.44699324557018955,-0.06860733873864082,0.34730277377172725,0.3671761095506211,0.5120606743734418,0.43559676287311083,97.39149180797719,73.85171182523595,68.36663829912264,38596.45,35366.498,29745.58785
2023-12-05,41991.1,44488.0,41414.0,44073.32,67490.74644,0.00030000000000000003,0.00030000000000000003,0.00029676,0.00033795300000000005,0.0,1.2122969933430624e-05,9.567710446226416e-05,0.44699324557018955,-0.06860733873864082,0.3197395813671656,0.3195363054942413,0.4854783149106379,0.4464886702314052,97.99441665731987,92.0915137681754,71.01737855316357,39225.715000000004,35677.9488,29831.55315
2023-12-06,44073.82,44297.21,43335.28,43762.69,51431.10492,0.00030000000000000003,0.00030000000000000003,0.00029676,0.00033795300000000005,0.0,1.2122969933430624e-05,9.567710446226416e-05,0.44699324557018955,0.22338655632715704,0.2969410958481311,0.46148163292634753,0.42849790731460263,0.44766195501716655,93.5012303645936,87.19896780597635,69.63719082409452,39857.240999999995,35985.2844,29914.85445
2023-12-07,43762.69,44047.33,42821.1,43273.14,47103.26845,0.00030000000000000003,0.00030000000000000003,0.00029676,0.00033795300000000005,0.0,1.2122969933430624e-05,9.567710446226416e-05,0.0,0.2233865563271517,0.2733206630606634,0.5576926852639433,0.43728623701096936,0.44952222759851707,88.80795128077301,83.52686922699472,66.32078390819777,40460.285,36284.3472,29997.48125
2023-12-08,43273.15,44700.0,43081.1,44170.99,42900.37556,0.0005353000000000001,0.00037843333333333415,0.0003135671428571429,0.0003457963333333334,0.00013585051834029793,6.495363819134787e-05,0.00010190073146109377,1.7886844024030166,4.172647462915425,1.8823705559996393,0.5547845861547174,0.43799595254281365,0.4480985422751848,88.71210058640676,84.36596601624274,66.81087351268951,41095.497,36593.4928,30084.08985
2023-12-09,44171.0,44358.02,43584.51,43713.6,24925.97008,0.00058855,0.0004746166666666674,0.0003341778571428572,0.0003520723333333333,0.0001535484478375735,9.779529610986172e-05,0.00011078237911311113,1.2700559737927462,3.2082060599525195,2.134027472037409,0.49871719637665424,0.4423620348222538,0.4488186967029451,81.4473643446221,80.31530744365185,65.8893202027612,41681.393,36874.384,30166.5598
2023-12-10,43713.59,44049.0,43563.0,43789.51,18956.61758,0.0006503,0.0005913833333333341,0.00035919928571428577,0.0003631883333333334,5.75523312588512e-05,0.00012840172419551187,0.0001231622675952436,1.065301030314192,2.812770572489037,2.3843022599158443,0.25297332911727544,0.4425232396103109,0.44406257740423977,80.14067358453032,83.28113651914593,66.22363958295253,42287.948,37151.978200000005,30253.8623
2023-12-11,43789.5,43804.5,40222.0,41253.4,76663.89804,0.00034730000000000004,0.0005287166666666674,0.00036257785714285723,0.00036101333333333336,0.00016011642899255607,0.00012734213975193,0.0001228362137531209,-0.8947061407509659,0.03195871255889397,0.3979502378294431,0.566882829274113,0.47553138796575556,0.47365738965315257,44.61506118551416,66.90934295268289,60.569384622097985,42545.03600000001,37377.197,30327.76035
2023-12-12,41253.41,42104.12,40680.0,41492.39,42722.69773,0.00030000000000000003,0.00043253333333333416,0.00036257785714285723,0.00034896733333333337,0.00019006857534407896,0.00012734213975193,0.00010934328035214598,-1.2036308831228235,-0.40049647383379827,0.0657507360088221,0.5867351651394349,0.4430685535322865,0.47359515872819063,24.223848131299746,65.94099758379512,63.50932227823139,42749.24,37545.645,30401.6927
2023-12-13,41492.38,43475.2,40555.0,42869.03,45865.99773,0.00034672,0.0003313400000000009,0.0003659150000000001,0.0003392406666666667,2.714278541332931e-05,0.00012618296829789742,9.469528229644037e-05,-0.6223142744383782,0.0053219587486672045,0.3499798086031331,0.6472083695040183,0.4563637400559014,0.4772962831647052,42.641672869549964,69.49135939908021,61.897184514465245,43038.917,37724.570999999996,30481.766500000005
2023-12-14,42869.03,43420.0,41400.0,43022.26,42047.05709,0.00030000000000000003,0.00031557333333333417,0.000365915,0.0003331646666666667,2.6973804576427578e-05,0.00012618296829789742,9.097569663090485e-05,-0.6002888164789365,-0.42374087600150434,0.0053340499835918,0.6495011290741609,0.4561718212120779,0.47733208733486004,47.81315593118112,70.55890035899607,67.5708328401747,43142.033,37895.095199999996,30556.5528
2023-12-15,43022.26,43080.81,41666.0,41940.3,33421.7932,0.00030000000000000003,0.00031557333333333417,0.000365915,0.0003331646666666667,2.6973804576427578e-05,0.00012618296829789742,9.097569663090485e-05,-0.7299900851969371,-0.42374087600150434,-0.017887296293662917,0.6718909531496011,0.4761043283494536,0.4730897428895006,31.160444780013364,62.521196765939486,63.21749289541323,42928.731,38050.867999999995,30627.5723
2023-12-16,41940.29,42724.43,41605.0,42278.03,24118.85747,0.00030000000000000003,0.00030000000000000003,0.000369155,0.00033076033333333336,0.0,0.0001236631698638518,9.08634665966537e-05,-0.4469996567975691,-0.42374087600150484,-0.05624535175723174,0.39433739707377996,0.47195607595447703,0.47242042193081807,37.62561265530348,61.239720930817356,63.9669309897867,42780.265,38218.5882,30700.490449999998
2023-12-17,42278.02,42424.07,41252.0,41374.65,27722.11452,0.00030000000000000003,0.00030000000000000003,0.000369155,0.00033076033333333336,0.0,0.0001236631698638518,9.08634665966537e-05,-0.4469996567975691,-0.42374087600150484,-0.102211852192516,0.4537237190404725,0.4843907978941715,0.47701053095464635,31.78300070608772,55.410275739302044,59.76715252783396,42590.416,38364.4612,30771.31195
2023-12-18,41374.64,42757.81,40542.93,42657.8,46734.0925,0.00038966,0.0003298866666666675,0.00037555928571428575,0.00033374900000000005,5.176522513548422e-05,0.0001221182803971194,9.129035264024112e-05,1.788408363410734,0.3590077464888488,0.5906125607260571,0.43985516564711624,0.4947065433306406,0.48040954547708187,63.06399160569815,52.72684736034684,61.97655372712539,42439.096999999994,38527.0994,30850.511300000002
2023-12-19,42657.8,43497.0,41811.1,42275.99,40927.86444,0.00030000000000000003,0.0003298866666666675,0.0003755592857142857,0.00033374900000000005,5.176522513548422e-05,0.0001221182803971194,9.129035264024112e-05,-0.44710209085267266,-0.46557013703529326,-0.2633394523094014,0.44107183391403154,0.4984713393001901,0.4773808304232456,57.10052737453741,41.461071631157694,65.99874053811219,42295.335999999996,38683.1246,30925.678299999996
2023-12-20,42275.99,44283.0,42206.0,43668.93,48710.2947,0.00044143,0.0003770300000000008,0.0003856614285714286,0.0003384633333333333,7.155591450043973e-05,0.00012123352118678746,9.312086707642175e-05,1.4450083727481655,0.7621831601916148,1.0745476597840653,0.4550352379002165,0.5094926765136922,0.48182107166488036,57.22688012720175,49.59609327074248,65.53675933742298,42283.278000000006,38863.707800000004,31008.67685
2023-12-21,43668.92,44242.35,43286.72,43861.8,34624.29384,0.00085307,0.0005315000000000008,0.0004251664285714286,0.00035689900000000004,0.00028732570351431305,0.00017104930205184715,0.00013191138089383103,1.7253656356939757,3.0187513455712294,4.370578909266449,0.4561230021172453,0.5032541041244004,0.48176316758993004,57.531073730132135,52.6023964717759,66.23495536543257,42544.118,39032.515199999994,31092.4098
2023-12-22,43861.79,44398.26,43412.54,43969.04,32783.19638,0.00078427,0.0006929233333333342,0.00044295000000000006,0.0003730413333333334,0.00022049950687774556,0.00019468922458430304,0.000152700855579527,0.9285179424913069,2.1240799226538756,3.3674549832953984,0.3510023106916104,0.4998282637544902,0.42383359422415173,72.05574109828606,49.040102287682366,65.70587257580638,42791.783,39213.0642,31183.613999999998
2023-12-23,43969.04,43988.68,43291.1,43702.16,16557.1293,0.00041351,0.0006836166666666675,0.00043044714285714287,0.000376825,0.00023643512542202545,0.0001901880603074834,0.00015223418667101752,-0.5925884771991075,-0.023047779245902334,0.43561138705475605,0.31351623794068656,0.5008723614665894,0.4214320091422085,65.72487947934954,49.94462108038563,64.71966833396982,42875.096000000005,39392.7718,31265.9744
2023-12-24,43702.15,43946.0,42500.0,42991.5,25144.33496,0.00050519,0.0005676566666666674,0.0004200821428571429,0.00038366466666666673,0.00019311216360791045,0.00018101776972606832,0.00015326945413415412,-0.4616332142612001,0.44987271324064165,1.1197839639946718,0.3478224549845703,0.46530752171113365,0.4232596620884439,68.64642317582583,46.36063552175291,63.52764518975904,42872.020000000004,39551.3604,31349.2352
2023-12-25,42991.5,43802.32,42720.43,43576.13,27021.23992,0.00057908,0.0004992600000000008,0.0004366378571428572,0.00039296733333333335,8.294413722497048e-05,0.00018441642327077178,0.0001564526401168962,-0.257591904964916,0.7962344226876853,1.6246432401838151,0.2163141069671361,0.41884203673614173,0.42252658286004996,62.62472401931131,62.886715763557234,65.17241428873768,43035.603,39722.6454,31434.6228
2023-12-26,43576.12,43592.68,41637.6,42508.93,41010.04282,0.00096707,0.0006837800000000009,0.0004842857142857144,0.000415203,0.00024810250119657306,0.00022753297670429748,0.00018717165549764954,1.4169735112424038,2.3990064979672074,3.881336521583744,0.28860076941841195,0.4308021401320642,0.4275559187753851,52.69455536481028,55.165177555193615,60.97728923873493,43058.693,39871.9022,31514.7784
2023-12-27,42508.93,43677.0,42098.69,43428.85,36191.21136,0.00097867,0.0008416066666666676,0.000529425,0.00043782533333333335,0.00022742873176740346,0.00025869376697764307,0.00021211853062061837,1.0901136564577367,2.048172604502534,3.4657013047595195,0.37376157211991307,0.4390492515259858,0.42974669857554204,46.881591936397115,52.982970288580695,62.52816708627141,43264.113,40032.4968,31602.716599999996
2023-12-28,43428.86,43787.57,42241.79,42563.76,35150.52485,0.00101052,0.000985420000000001,0.0005801764285714285,0.00046150933333333335,2.249772210684541e-05,0.0002791124269373994,0.00023466698803923975,0.8271039289702401,1.871167832142696,3.248567574730837,0.4041439833436116,0.4371872045586806,0.43322884864898187,35.646294911995,47.729177273738216,60.5299480617059,43254.709,40171.2776,31685.90765
2023-12-29,42563.76,43111.0,41300.0,42066.95,42597.18912,0.00152164,0.0011702766666666677,0.0006674364285714287,0.0005022306666666667,0.00030470600524658357,0.0003631065988978892,0.00030200674912456474,1.520730890929521,2.788122175061875,4.652679463434138,0.39429869154812314,0.4377245908668161,0.43469332254047566,30.635141381208683,50.66585631803052,57.51448641768571,43233.805,40278.5948,31766.71645
2023-12-30,42066.94,42612.32,41520.3,42140.28,22906.57818,0.00114455,0.001225570000000001,0.0007277614285714286,0.0005303823333333333,0.0002650171577464333,0.00036749501099402716,0.0003212548463252769,0.08608909727364708,1.4982352332493232,2.796217778444886,0.3567045843152115,0.4377256555101414,0.4346947572282777,33.446384209048674,49.25507602820394,56.16253384326426,43080.939999999995,40375.3678,31847.7466
2023-12-31,42140.29,42899.0,41965.84,42283.58,23585.91603,0.00096025,0.0012088133333333342,0.0007749221428571428,0.0005523906666666667,0.000286159072953019,0.0003503423397012815,0.00032748334001251575,-0.6955063152099114,0.8947388070523621,1.962967679744682,0.3035795546098312,0.35253134779706036,0.4320626729199804,41.47141879583331,55.35557511756923,55.38863186401008,42923.118,40478.4394,31933.5215
2024-01-01,42283.58,44184.1,42180.77,44179.55,27174.29903,0.00098223,0.0010290100000000008,0.0008172485714285715,0.0005766436666666666,0.00010066230078831478,0.0003357064963477997,0.0003315883901661731,-0.60609715206507,0.8639057311372846,1.9424170058693444,0.47016150964521647,0.39673664939606534,0.44157575870381355,55.52418513187688,58.362504327556096,55.1315714808877,42944.169,40620.747800000005,32026.426799999997
2024-01-02,44179.55,45879.63,44148.34,44946.91,65146.40661,0.00154755,0.001163343333333334,0.0009063592857142857,0.0006182286666666667,0.0003329141813340655,0.0003529773464394785,0.0003715217066729761,1.1056613121233028,2.0280741162050355,3.519758168833205,0.4029431646313991,0.3798171408113004,0.4419986616070131,73.61569071133378,64.08089243161368,52.18304393175581,43068.644,40790.4274,32119.436349999996
2024-01-03,44946.91,45500.0,40750.0,42845.23,81194.55173,0.00048282,0.0010042000000000009,0.0009093157142857144,0.0006243226666666666,0.0005327048938202061,0.0003489338720184145,0.000367600556028754,-1.4109299582619537,-0.645558519929094,0.005552738425806986,0.6380234823664108,0.4361264336421335,0.4600836367342811,45.39988712926355,45.95945821322757,47.895693403261255,43054.017,40936.3082,32201.077549999998
2024-01-04,42845.23,44729.58,42613.77,44151.1,48038.06334,0.00030000000000000003,0.0007767900000000008,0.0008698107142857143,0.0006243226666666667,0.0006737277056051621,0.00038521383077783257,0.000367600556028754,-1.135880075626939,-1.1079227338772244,-0.5979258936990532,0.674929372234909,0.43879571481270113,0.46458406214511777,61.698593226728185,51.27941595302364,51.94102379298876,43111.514,41062.1662,32290.133199999997
2024-01-05,44151.1,44357.46,42450.0,44145.11,48075.25327,0.00030000000000000003,0.00036094000000000084,0.00083522,0.0006243226666666667,0.00010555117621322013,0.00041414247191776777,0.000367600556028754,-0.7836987661615742,-1.107922733877224,-0.5979258936990532,0.6784238992967208,0.43823198981570455,0.46463494814246786,66.51036783982738,50.785697774764756,49.94043465211168,43275.132,41221.7982,32376.637000000002
2024-01-06,44145.12,44214.42,43397.05,43968.32,17835.06144,0.00030000000000000003,0.00030000000000000003,0.000827112142857143,0.0006243226666666667,0.0,0.0004240267256667622,0.000367600556028754,-0.5265585924607172,-1.107922733877224,-0.5979258936990532,0.5653505608658473,0.4261893581522852,0.4647704059242258,64.28834946598933,51.19734403396687,50.59393455526997,43329.079000000005,41368.8862,32454.938649999996
2024-01-07,43968.32,44480.59,43572.09,43929.02,23023.8508,0.00030000000000000003,0.00030000000000000003,0.0008124557142857142,0.0006164793333333333,0.0,0.00043928163609579027,0.0003720488249191007,-0.44715890357868204,-1.0838676450885372,-0.5979258936990532,0.5324274279599479,0.40798986786415625,0.46484982257460017,63.07365691184365,54.48864528632144,50.32585394473907,43465.604999999996,41516.1046,32524.6143
2024-01-08,43929.01,47248.99,43175.0,46951.04,72814.57589,0.00030000000000000003,0.00030000000000000003,0.0007925214285714286,0.000606861,0.0,0.00045667460222885664,0.00037649899327933184,0.0,-1.0838676450885374,-0.5909865912469592,0.5786746934952606,0.49009716643812423,0.48606460191309914,68.67830074362372,63.1007178996611,63.012624276350216,43954.014,41707.9282,32609.944900000002
2024-01-09,46951.04,47972.0,44748.67,46110.0,69927.66617,0.00030000000000000003,0.00030000000000000003,0.0007448735714285714,0.0005951843333333334,0.0,0.00047161732351570307,0.0003805159680611916,0.0,-1.0488045318640657,-0.5897519085599404,0.6331355120889972,0.48374424548168776,0.4881305430569401,57.761498206913586,64.22845050009285,60.26373217975502,44350.986000000004,41881.1526,32687.0524
2024-01-10,46110.0,47695.93,44300.36,46653.99,89911.41203,0.00030000000000000003,0.00030000000000000003,0.0006963971428571427,0.0005936076666666668,0.0,0.0004805325511015226,0.000381674722864488,0.0,-0.9581120601239279,-0.582112599315656,0.6261333392961778,0.4852437182620329,0.48810756382141907,82.0872788542447,63.13323896814373,58.73634830168374,44788.027,42099.399399999995,32767.6852
2024-01-11,46654.0,48969.48,45606.06,46339.16,87470.3296,0.00030000000000000003,0.00030000000000000003,0.0006456457142857143,0.0005936076666666668,0.0,0.0004823219117451085,0.000381674722864488,0.0,-0.8813972926753263,-0.5625764325373921,0.63260048896287,0.48707124864834633,0.4886161702005672,72.12861754543924,66.09528421899097,57.59929324670469,45003.988,42278.0158,32847.06769999999
2024-01-12,46339.16,46515.53,41500.0,42782.73,86327.93707,0.00030000000000000003,0.00030000000000000003,0.0005583857142857143,0.0005920503333333334,0.0,0.000417847249412706,0.00038281045149754294,0.0,-0.8591412555745134,-0.5440725776274411,1.0097236050843563,0.6010284957107069,0.5282497030506275,41.98071670747442,52.420154315347474,51.73352275743173,44787.57,42387.7848,32909.6414
2024-01-13,42782.74,43257.0,42436.12,42847.99,36118.47464,0.00030000000000000003,0.00030000000000000003,0.0004980607142857143,0.0005920503333333334,0.0,0.00038650100394863496,0.00038281045149754294,0.0,-0.8227618558263066,-0.5327994872129063,0.6899276206743928,0.5971093978368335,0.5235799720656695,43.31774201436615,52.394175034484604,51.18614452665586,44787.846000000005,42490.4732,32970.41915
2024-01-14,42847.99,43079.0,41720.0,41732.35,28228.40894,0.00030000000000000003,0.00030000000000000003,0.0004509,0.0005920503333333333,0.0,0.0003654765685217969,0.00038281045149754294,0.0,-0.7781009287713859,-0.5327994872129064,0.69333468287507,0.603838646550681,0.5065576974513806,38.38872379405607,48.25030456120854,50.73789091508615,44545.971,42569.506799999996,33028.693849999996
2024-01-15,41732.35,43400.43,41718.05,42511.1,40269.89303,0.00030000000000000003,0.00030000000000000003,0.0004021692857142857,0.0005920503333333334,0.0,0.00033324330147263266,0.00038281045149754294,0.0,-0.7035109408352671,-0.5279883843421259,0.7232783867943545,0.6009761311322753,0.4939863267978197,19.23519319728075,44.29977553732248,49.69094448376398,44382.56999999999,42670.78020000001,33089.012800000004
2024-01-16,42511.1,43578.01,42050.0,43137.95,45045.74589,0.00030000000000000003,0.00030000000000000003,0.00031305857142857146,0.0005920503333333333,0.0,4.8860700246496337e-05,0.00038281045149754294,0.0,-0.632045322847714,-0.5279883843421259,0.7764036966743602,0.5970254784984622,0.49429173198070997,28.776377334234923,43.759814108026134,51.797349641174605,44299.532999999996,42788.68519999999,33152.34255
2024-01-17,43137.94,43198.0,42200.69,42776.1,33266.21388,0.00030000000000000003,0.00030000000000000003,0.00030000000000000003,0.0005890616666666666,0.0,0.0,0.0003847899112331133,0.0,-0.5616337613598652,-0.5279883843421259,0.3477667774814203,0.5916458727932565,0.49496542830921614,21.56809553625274,49.72899994589643,48.05462892552214,44184.241,42887.82979999999,33213.29355
2024-01-18,42776.09,42930.0,40683.28,41327.5,43907.51641,0.00030000000000000003,0.00030000000000000003,0.00030000000000000003,0.0005890616666666666,0.0,0.0,0.0003847899112331133,0.0,-0.4936827792991923,-0.5279883843421259,0.4530019544484558,0.6082099877378924,0.5009786597354409,18.49352099358846,39.05355677992092,44.7645525730345,43621.887,42957.287000000004,33266.8459
2024-01-19,41327.51,42196.86,40280.0,41659.03,48342.74559,0.00030000000000000003,0.00030000000000000003,0.00030000000000000003,0.0005843473333333334,0.0,0.0,0.0003875177320875839,0.0,-0.41634654407427363,-0.5279883843421259,0.4138745705121359,0.6093134610345955,0.5012180470466895,38.11774608330224,40.599324806694376,45.27171552470725,43176.78999999999,43035.9884,33319.360049999996
2024-01-20,41659.03,41872.56,41456.3,41696.04,15923.99493,0.00030000000000000003,0.00030000000000000003,0.00030000000000000003,0.0005659116666666667,0.0,0.0,0.0003874485553400131,0.0,-0.34015505615350017,-0.5279883843421259,0.36522467981627643,0.6090938372618491,0.48629140736019155,37.74581243896015,41.31597251415506,45.85472999499421,42680.994999999995,43096.258799999996,33374.007699999995
2024-01-21,41696.05,41881.39,41500.98,41580.33,11730.16301,0.00030000000000000003,0.00030000000000000003,0.00030000000000000003,0.0005497693333333333,0.0,0.0,0.00038812486939247446,0.0,-0.2555937787098016,-0.5279883843421259,0.31096440987092355,0.5751866038131837,0.4743118002731052,47.94584222899943,41.076073501212626,47.01058139411163,42205.112,43138.8584,33429.385299999994
2024-01-22,41580.32,41689.65,39431.58,39568.02,55426.19911,0.00030000000000000003,0.00030000000000000003,0.00030000000000000003,0.0005459856666666668,0.0,0.0,0.0003900475277378048,0.0,-0.22355211251582238,-0.5279883843421259,0.47805454945983056,0.6002849848793491,0.49084507138326156,20.17467054192575,19.61670150948757,41.993525480780086,41883.640999999996,43130.77359999999,33477.748250000004
2024-01-23,39568.02,40176.74,38555.0,39897.6,57956.63351,0.00030000000000000003,0.00030000000000000003,0.00030000000000000003,0.000539146,0.0,0.0,0.000392578407434049,0.0,0.0,-0.5279883843421259,0.4634616716889364,0.5730049014782956,0.49052588249491,15.0567550721521,23.31062677323115,44.62530271301982,41588.602,43088.903600000005,33525.51275
2024-01-24,39897.59,40555.0,39484.19,40084.88,39293.82861,0.00030000000000000003,0.00030000000000000003,0.00030000000000000003,0.0005298433333333334,0.0,0.0,0.00039489921325559893,0.0,0.0,-0.5279883843421259,0.45444762292173974,0.5543939767012653,0.49060897534441283,19.84303073495552,20.885811713375674,42.90334068047386,41423.854999999996,43009.13479999999,33574.513999999996
2024-01-25,40084.89,40300.24,39550.0,39961.09,31022.11853,0.00030000000000000003,0.00030000000000000003,0.00030000000000000003,0.0005076076666666667,0.0,0.0,0.00038815408973387423,0.0,0.0,-0.5279883843421259,0.448817745091751,0.5540566782353296,0.49009890996828254,28.222528934939078,21.245578458852933,44.29711024252629,41168.854,42933.1028,33623.515900000006
2024-01-26,39961.09,42246.82,39822.52,41823.51,47384.96726,0.00030000000000000003,0.00030000000000000003,0.00030000000000000003,0.0004849853333333333,0.0,0.0,0.00037943208225773813,0.0,0.0,-0.5279883843421257,0.6499397281585183,0.5946875815734676,0.501892151080885,51.76174460700583,44.89590893707467,49.496702017155705,41037.409999999996,42904.110199999996,33680.575600000004
2024-01-27,41823.51,42200.0,41394.34,42120.63,16224.41667,0.00027266,0.00029088666666666753,0.0002980471428571429,0.00046039000000000003,1.5784756359452558e-05,7.306922354335679e-06,0.00036793177286388975,-1.7873925198326217,-4.241590981355963,-0.6153989549529887,0.36296629869549624,0.596075162911711,0.5009376319283725,54.307750684317796,46.22285645441372,49.95974724959451,40971.863,42863.102999999996,33738.068250000004
2024-01-28,42120.63,42842.68,41620.81,42031.06,27294.99838,0.00024725,0.0002733033333333342,0.0002942792857142858,0.00041791033333333334,2.6380883861751124e-05,1.537196772585823e-05,0.0003102213519906812,-1.549083120810609,-3.7477528479737483,-0.6943363859263504,0.3842940606418354,0.5101853504364663,0.5010272808416514,54.59734357117739,51.736207579995686,49.48157509851803,41042.219,42829.4522,33796.32355
2024-01-29,42031.05,43333.0,41804.88,43302.7,31542.74207,0.00029142,0.00027044333333333423,0.0002936664285714286,0.00038947266666666667,2.216827538008286e-05,1.52972011555513e-05,0.00027882851622747614,0.4060447857615033,-0.3187393818568874,-0.5496234850159782,0.40921902913525904,0.5282606670368809,0.5055872209233535,94.87287931944383,54.35171726810711,48.15246051340738,41206.585999999996,42819.71600000001,33855.5659
2024-01-30,43302.71,43882.36,42683.99,42941.1,37619.24546,0.00024641,0.0002616933333333342,0.00028983857142857145,0.0003656780000000001,2.5747474309670637e-05,1.967031690236747e-05,0.0002581305122901578,-1.0199141493843684,-2.7391608289139673,-0.6922749946540049,0.43290774988003217,0.5243584366257409,0.502985973617656,86.28899561692835,48.88533535068835,45.70019871850663,41331.09199999999,42853.47,33918.711350000005
2024-01-31,42941.1,43745.11,42276.84,42580.0,39871.13688,0.00022154,0.0002531233333333342,0.0002842342857142857,0.0003403216666666667,3.542040701808934e-05,2.6532571772102595e-05,0.0002314616647351372,-1.2766230032486745,-2.909353229078357,-0.7704416210195143,0.3051435961295404,0.5245680772116178,0.5015674308752428,78.56632564272749,48.88948790724609,49.38558284496068,41431.058999999994,42875.222200000004,33980.16375
2024-02-01,42580.0,43285.13,41884.28,43082.94,35231.04664,0.00030000000000000003,0.00025598333333333423,0.0002842342857142858,0.00029873666666666666,4.00965015098216e-05,2.6532571772102595e-05,3.9830150712172915e-05,1.1651288698676736,0.47620464873203655,-0.5153214671207185,0.3125278661175466,0.4026823261385043,0.501374255876051,82.88657274264068,61.13349231314558,47.42995263928712,41782.551,42879.5004,34044.4185
2024-02-02,43082.95,43488.0,42546.79,43200.0,29672.14418,0.00030000000000000003,0.0002738466666666675,0.0002842342857142858,0.00029264266666666666,4.529890212055042e-05,2.6532571772102595e-05,1.9482621422143948e-05,0.7839296454447416,0.47620464873203655,-0.5153214671207182,0.3057967210303837,0.40278099578956467,0.48672241527210264,72.93362612168124,60.04657633915659,47.738106577579956,42112.791000000005,42883.0552,34109.7285
2024-02-03,43199.99,43380.01,42880.0,43011.09,12033.40998,0.00024697,0.0002823233333333342,0.0002804464285714286,0.00029087500000000006,3.061688477502642e-05,2.7860787058177764e-05,2.1128283340202532e-05,-0.4533096047409542,-1.5850074135403225,-0.683681630844447,0.16461183095698345,0.38525314733784566,0.4717509483214034,65.39086427774774,58.40714074743582,47.7104285134022,42405.412,42904.471,34175.4883
2024-02-04,43011.1,43119.04,42222.0,42582.88,17066.89404,0.00027153,0.0002728333333333342,0.0002784128571428572,0.00028992600000000003,2.65390134203817e-05,2.7358263673256322e-05,2.1342584693205368e-05,0.10314324770055229,-0.5384147124533761,-0.6018970849904752,0.17137230440032583,0.3803271535057732,0.4720626816632061,58.53824587027505,56.16306818809559,46.83901406280498,42667.591,42910.568,34238.85665
2024-02-05,42582.88,43569.76,42258.1,42708.7,29467.75905,0.00030000000000000003,0.00027283333333333424,0.0002784128571428572,0.00028992600000000003,2.65390134203817e-05,2.7358263673256322e-05,2.1342584693205368e-05,0.6803209815980482,0.6090264780210339,-0.5095666258546243,0.1573844420985106,0.37497524054942866,0.4713526905572469,35.75976678620229,75.13734504659723,38.46992200833904,42756.11,42937.249,34303.40015
2024-02-06,42708.7,43399.98,42574.0,43098.95,24675.85433,0.00026723000000000003,0.0002795866666666675,0.0002760721428571429,0.0002888336666666667,1.7808723517625585e-05,2.676466677112324e-05,2.164565648623261e-05,-0.4341264153529526,-0.6448611448551694,-0.5998176064770002,0.14107208412485228,0.3753325084689142,0.4690753849861701,53.73293162241808,75.37648370008996,41.61082800949976,42853.941999999995,42946.07199999999,34369.3863
2024-02-07,43098.96,44396.5,42788.0,44349.6,34392.59915,0.00021206,0.00025976333333333423,0.0002697907142857143,0.00028590233333333336,4.444293232142923e-05,3.07410265742999e-05,2.566308655669759e-05,-1.4563379209357168,-2.292479654784668,-0.755504975383415,0.2851477161692463,0.3592527660230721,0.47377654656802476,79.45563012675248,78.92873228887619,43.82290830661482,43085.796,42987.5442,34442.1643
2024-02-08,44349.6,45614.3,44331.1,45288.65,45439.62231,0.00019125000000000001,0.00022351333333333421,0.00026202285714285717,0.00028227733333333337,3.926352293576021e-05,3.583769790619173e-05,3.077466915527402e-05,-1.266995301172009,-2.3736420171267816,-0.7965309570500336,0.28916476506866384,0.3665392648242767,0.47651466918374374,82.06020436341876,82.53932770931632,47.27521446619703,43284.390999999996,43019.938599999994,34518.188799999996
2024-02-09,45288.66,48200.0,45242.12,47132.77,73503.481,0.00022961000000000002,0.0002109733333333342,0.00025699500000000004,0.00027993100000000003,1.9203073538548676e-05,3.5028391506678447e-05,3.20344234407271e-05,-0.23889226414408735,-1.1399092013440446,-0.6647064134822201,0.28346481709850235,0.3965001001354208,0.46172234827715825,88.05653559794506,82.50020812825163,62.38296074721941,43703.558,43085.358,34607.970149999994
2024-02-10,47132.78,48170.0,46800.0,47751.09,24802.35936,0.00028041000000000003,0.00023375666666666754,0.0002575485714285715,0.00027927800000000005,4.4724406461427945e-05,3.535471524587024e-05,3.1810102862853606e-05,1.1874175990824396,0.3309279720135399,-0.5004078452427482,0.23630923790018588,0.39542900495944944,0.4624144999667392,92.34850136336004,83.16233255272364,63.53125786523562,44220.666999999994,43160.999,34700.58105
2024-02-11,47751.08,48592.66,47557.16,48299.99,29958.80837,0.00030000000000000003,0.00027000666666666755,0.0002613164285714286,0.000279278,3.6329877970166516e-05,3.6947712869275224e-05,3.1810102862853606e-05,1.2462243022560449,0.8949999263983996,-0.434685353718928,0.22496233747345615,0.30298214566728515,0.4567414300805009,99.99999999998775,85.02755188816548,68.71022292821965,44742.372,43252.955599999994,34795.3212
2024-02-12,48300.0,50334.82,47710.01,49917.27,59009.96705,0.00030000000000000003,0.0002934700000000009,0.00026192928571428577,0.000279278,1.1310291773158125e-05,3.7551677923121265e-05,3.1810102862853606e-05,0.8256169762547593,0.8949999263983996,-0.4346853537189277,0.23785650628781624,0.31826508808036147,0.4630696199470293,99.9999999999903,85.58435843389381,70.13698600339235,45414.098999999995,43391.471,34898.79365
2024-02-13,49917.28,50368.61,48300.95,49699.59,55551.56706,0.00030000000000000003,0.00030000000000000003,0.0002657571428571429,0.000279278,0.0,3.856569508474203e-05,3.1810102862853606e-05,0.5899788855628192,0.8949999263983996,-0.434685353718928,0.34038983396687666,0.32412382734927847,0.4580889741897045,96.90619670266233,86.93046887037221,68.2467478295584,46082.949,43513.9402,35000.7209
2024-02-14,49699.6,52043.71,49225.01,51795.17,57046.37401,0.00032282999999999997,0.00030761000000000086,0.0002729921428571429,0.000280039,1.3180906645372889e-05,3.912936044593288e-05,3.258654179058374e-05,1.4754595728907325,1.459731278281518,-0.362933747593978,0.34843664569219396,0.34265393938867134,0.4676758124074192,97.23788943689792,92.33056830781638,72.87474960724904,47004.178,43699.665,35112.93225
2024-02-15,51795.17,52816.62,51314.0,51880.0,53816.03055,0.00030000000000000003,0.00030761000000000086,0.0002729921428571429,0.000280039,1.3180906645372889e-05,3.912936044593288e-05,3.258654179058374e-05,-0.446776003948439,0.8282225077677566,-0.43612017918915263,0.37818100739723515,0.31246104161748983,0.4634896054304276,96.90210639117484,92.02419874151553,78.75299859510324,47921.308,43868.68800000001,35225.9268
2024-02-16,51880.01,52572.08,51566.0,52124.11,37772.25318,0.00030000000000000003,0.00030761000000000086,0.0002729921428571429,0.000280039,1.3180906645372889e-05,3.912936044593288e-05,3.258654179058374e-05,-0.446776003948439,0.7771799688549261,-0.43072165026662507,0.3907314154596148,0.31316804385036573,0.4586124374934861,95.98872242798254,92.1198522519373,78.65129410320517,48823.824,44059.895,35340.3861
2024-02-17,52124.1,52162.82,50625.0,51642.64,25674.00622,0.00036041000000000003,0.00032013666666666756,0.00028109500000000003,0.00028205266666666667,3.4877729761660645e-05,4.4678277935003105e-05,3.5590588152836855e-05,1.6579284522450166,2.0184807157924927,-0.24082571417046897,0.38266048121030605,0.320187083169611,0.45866107639370585,86.78317910714655,89.64420320273835,76.584809138667,49553.128,44251.4088,35450.06935
2024-02-18,51642.64,52377.0,51163.28,52137.67,21992.10363,0.0004964,0.00038560333333333423,0.00029715714285714293,0.0002885993333333334,0.00010059457258385134,7.264391047897203e-05,5.2872949927447125e-05,1.706285359517693,3.2592006905440853,0.1919878240737781,0.36360242069042803,0.30793601770054585,0.45312458070557426,86.64719880517865,93.61686976002834,77.65638965934157,50238.03,44451.3566,35564.82765
2024-02-19,52137.68,52488.77,51677.0,51774.73,29534.99432,0.00055985,0.0004722200000000009,0.00031571785714285715,0.000297261,0.00010189495914909042,0.00010106328719242408,7.246096001681882e-05,1.3185129024614348,2.931343110387905,0.41675231659930795,0.15122206908506294,0.3064472396557416,0.4537693844082225,73.32531318751796,90.50875720829848,85.00182081462171,50702.226,44641.1796,35677.7331
2024-02-20,51774.74,52985.0,50760.37,52258.82,49614.47318,0.00041631999999999997,0.0004908566666666675,0.0003263671428571429,0.0003011383333333334,7.19253893512453e-05,0.00010338920531579043,7.565430977009094e-05,-0.09893782407375981,1.1650283917667867,-0.03001896360403682,0.17194138754154048,0.2958407070501834,0.4540549893444636,80.12240910534109,90.58768793118371,85.13355116257623,51152.998999999996,44802.765,35793.45725
2024-02-21,52258.82,52366.8,50625.0,51849.39,43079.40049,0.00031242,0.0004295300000000009,0.0003335357142857143,0.00030155233333333334,0.0001242428239376207,9.820317366912229e-05,7.568184343295005e-05,-1.1647273156377438,-0.010629754258292986,-0.36553922977343645,0.18345216893303568,0.30562618147438014,0.4542932244448264,51.058198992921,85.90880058373831,83.02057212592675,51507.939,44940.8146,35907.34355
2024-02-22,51849.38,52065.78,50940.78,51288.42,35309.44574,0.00036037,0.0003630366666666675,0.0003456157142857143,0.0003035646666666667,5.200130607328667e-05,8.935758240951004e-05,7.643796785107945e-05,-0.685870199677241,0.4920231624192058,-0.2002582858799549,0.19036722282315915,0.3165403177221233,0.45304952646753777,40.2637884952047,79.80585707542545,81.03192740815882,51645.054000000004,45109.6784,36018.34355
2024-02-23,51288.42,51548.54,50521.0,50744.15,30545.79544,0.00032991,0.0003342333333333342,0.00035278,0.00030456166666666665,2.4265593611686206e-05,8.314624456114546e-05,7.658479060692206e-05,-0.6595437029799347,0.10668519869931858,-0.2871042566007703,0.1605957051542272,0.32256772986639637,0.45348519605120996,29.330777065478202,70.60137594266922,76.34108430076446,51749.509999999995,45241.539399999994,36126.009
2024-02-24,50744.15,51698.0,50585.0,51568.22,16560.4211,0.00030000000000000003,0.00033009333333333424,0.0003541792857142857,0.00030456166666666665,3.0185417560926445e-05,8.199145044217e-05,7.658479060692206e-05,-0.9428663107903021,-0.25142744891301233,-0.35878455602417975,0.24108350169098214,0.3133084565209968,0.4494370861655215,48.98907846119479,71.27566006921467,77.05512463135705,51726.815,45390.0016,36234.998
2024-02-25,51568.21,51958.55,51279.8,51728.85,18721.63159,0.00041512,0.00034834333333333417,0.0003624021428571429,0.00030839900000000005,5.9732691495759406e-05,8.191249253638231e-05,7.918817764213978e-05,1.5558792027251662,0.9760212946948307,0.06443926545425041,0.22247698696255178,0.3132443431280976,0.44711554312799756,43.89164475256072,69.97616045897551,77.65905441517904,51711.7,45545.21220000001,36345.7323
2024-02-26,51728.85,54910.0,50901.44,54476.47,51256.72199,0.00075555,0.0004902233333333343,0.0003949414285714286,0.0003244953333333333,0.00023687936514886262,0.00013099426651326,0.00011337247722119992,1.7411550034598078,3.109205782778092,1.3038318014670711,0.49554765492717645,0.36129779434751613,0.4591869930767204,73.57094997800564,73.47025344083815,79.393936843024,51946.936,45756.1612,36470.8359
2024-02-27,54476.48,57588.15,54450.13,57037.34,67194.98562,0.0012874800000000001,0.0008193833333333343,0.0004654757142857143,0.0003591696666666667,0.00043966920887563836,0.000269048680516962,0.000208281108459868,1.610012922221389,3.6353282360414263,3.4096663210365032,0.515674402149596,0.38375377112694686,0.46880346681468815,80.60070236914386,80.43216978228004,83.23612905658568,52486.406,45957.8872,36608.89245
2024-02-28,57037.35,64000.0,56691.85,62432.1,118763.46984,0.0010394900000000001,0.0010275066666666677,0.0005166657142857144,0.00038410533333333336,0.00026616739363289905,0.00030552505592113145,0.0002419491039772809,0.675567048314616,2.14983340925831,2.5216058180387138,0.6501235673832921,0.507493355467768,0.5137221505498476,91.3607161309991,84.63649512962033,87.82813627815675,53515.849,46284.3292,36773.9021
2024-02-29,62432.11,63676.35,60364.7,61130.98,78425.07603,0.0020245899999999997,0.001450520000000001,0.0006398507142857142,0.000443378,0.0005123885573468624,0.0004983002090100467,0.0003834720762607501,1.5120265744297505,3.3629017827072754,4.962617023433722,0.8339443657685196,0.5191336850811303,0.5181735645414012,86.36412001767044,77.9125214677288,83.37527424324274,54451.474,46573.86899999999,36933.0378
2024-03-01,61130.99,63114.23,60777.0,62387.9,47737.93473,0.00164156,0.0015685466666666675,0.0007356764285714286,0.000490712,0.0004965920988430372,0.0005538194177861937,0.000438794859975246,0.5854655258292748,2.066265350877371,3.4440330556524104,0.7873322138418615,0.5200828066445278,0.5107778555396695,90.86676320844931,79.18471081123951,84.04778212711966,55464.382000000005,46894.84380000001,37097.82265
2024-03-02,62387.9,62433.19,61561.12,61987.28,25534.73659,0.0014699600000000002,0.0017120366666666675,0.0008149300000000001,0.0005297106666666667,0.0002839521608182151,0.0005749728413920669,0.0004719956035588218,-0.06092570302299421,1.516927179014887,2.999879578330052,0.8458345784655635,0.5269217068099987,0.5108253437661644,87.68865924786174,79.55047436660027,83.42101212379342,56478.170999999995,47278.934799999995,37261.75905
2024-03-03,61987.28,63231.88,61320.0,63113.97,28994.90903,0.00133854,0.0014833533333333344,0.0008750828571428571,0.0005643286666666668,0.00015195333538074306,0.0005830798818796208,0.0004922188105369831,-0.44952902965127317,1.1433918239971037,2.4493708135250207,0.8184737325364305,0.5195954227741265,0.49390964056851694,88.49289317446805,80.26275158532607,85.29123087833412,57660.726,47684.254400000005,37433.676349999994
2024-03-04,63113.97,68499.0,62300.0,68245.71,84835.16005,0.00165524,0.0014879133333333342,0.000953325,0.000611271,0.00015911148334841398,0.0006103804415753321,0.000526843721514237,0.11326609879007703,1.5199288084324405,2.9848225694909094,0.7243049257672938,0.5858890199895684,0.5216225537686932,90.09044577678651,85.95687178546268,87.45087480175421,59410.882,48214.5216,37641.78785
2024-03-05,68245.71,69000.0,59005.0,63724.01,132696.7813,0.00220077,0.0017315166666666676,0.0010807857142857145,0.000675579,0.0004361464669504199,0.0006727459842571123,0.0005970150595359916,1.6413122507797961,2.056861434290404,3.720445633097662,1.0129916153356755,0.6753593421479385,0.5539178836059657,67.47367843395256,71.27800660766827,76.97817109329188,60626.460999999996,48638.7798,37830.1379
2024-03-06,63724.01,67641.1,62779.14,66074.04,78738.85491,0.0011951,0.0016837033333333342,0.0011438342857142856,0.0007054156666666667,0.0005034388326632476,0.0006355290493477382,0.0005999574163606087,-0.965511334549946,0.43081998163700347,1.4833992346157632,1.0389341014008768,0.6828887007070974,0.5582355451351761,61.31823216369857,74.62545023701243,77.62177799069958,62060.98,49097.5016,38030.00805
2024-03-07,66074.04,67980.0,65551.0,66823.17,53059.8869,0.00125512,0.0015503300000000008,0.001207745,0.0007383453333333333,0.0005640963971698449,0.0005943352689511496,0.0006021843980716572,-0.6593056389202997,0.4601540679127475,1.546698442729525,1.0219330898712096,0.6820974179460217,0.5580062564276403,68.3183763998159,76.71939998974526,77.51317748956131,63295.65,49578.443,38233.17395
2024-03-08,66823.18,69990.0,66082.66,68124.19,74261.932842,0.00141229,0.0012875033333333342,0.0012850578571428574,0.0007783530000000001,0.00011215785408669086,0.0005392023906044194,0.0006058724740357019,-0.32198972469080667,0.6396923659874415,1.7876414605604718,1.02232939024078,0.6755225951848672,0.5386512655183876,68.40804752989403,79.13482183208622,77.1967219996306,64404.335,50114.3768,38443.160299999996
2024-03-09,68124.2,68541.1,67861.1,68313.27,19872.89743,0.00076822,0.0011452100000000009,0.001318502142857143,0.0007975853333333333,0.0003358075301418915,0.0004852226245308412,0.0005956647533970299,-1.141601030743038,-0.44880083217842975,0.4636916589268108,0.7711779578314085,0.676969288825251,0.5352816443399859,70.57983433304449,78.68095737417464,76.94023831721506,64992.452000000005,50647.4616,38654.44665
2024-03-10,68313.28,69887.61,68094.75,68955.88,38404.66835,0.0014894,0.0012233033333333343,0.0013952364285714283,0.0008395783333333334,0.00039599509874912737,0.0004105723596603127,0.0005986417859021911,0.9449783271329636,0.6815494056893517,1.8363263010132103,0.24550779878484288,0.6710371712079839,0.5351718767476807,69.62307133677103,79.02723301377841,76.99672393741747,65774.942,51192.6584,38867.06245
2024-03-11,68955.88,72800.0,67024.96,72078.1,75292.825726,0.00180313,0.0013535833333333342,0.0014700635714285715,0.0008903356666666667,0.0005306545978631786,0.0003792904948332916,0.0006139544246181181,1.2055666810491539,1.0936490409873043,2.299485996388462,0.30840950455886573,0.6825460779819681,0.5421022237927016,64.8821548037017,79.28869018796236,77.86738488723267,66743.962,51802.6138,39096.5527
2024-03-12,72078.1,73000.0,68620.82,71452.01,68783.546691,0.00137705,0.0015565266666666678,0.0014764614285714287,0.0009262373333333333,0.00022082919560903358,0.00037672049840814764,0.0006097197712060383,0.01869615515174642,0.3042883043769007,1.4386947581659295,0.3829495550801162,0.6831343426476506,0.49789218712842864,93.02809075095755,75.63635277140007,77.07569696914844,67690.43500000001,52440.293600000005,39323.5127
2024-03-13,71452.0,73650.25,71333.31,73072.41,52659.711647,0.00143046,0.0015368800000000009,0.0015043878571428574,0.0009639193333333334,0.00023212055897744042,0.00035574321413450917,0.0006045932542309848,0.15079716329762838,0.3242217399399137,1.478382653824984,0.3882620242171097,0.672664948282114,0.4987360440862195,92.41153620060898,71.85822804780481,76.80127151244241,68686.279,53103.7898,39558.7879
2024-03-14,73072.4,73777.0,68555.0,71388.94,71757.628746,0.00101404,0.0012738500000000008,0.0014322057142857143,0.0009877206666666666,0.00022658129688921382,0.0003444146801060193,0.00059146764230108,-1.4489921066121765,-0.5772135645799926,0.6946995313182317,0.5039367693867737,0.6849594477442058,0.49744672316560823,74.8547886800982,70.74685741930173,73.62251804780443,69000.602,53729.87100000001,39785.22375
2024-03-15,71388.94,72419.71,65600.0,69499.85,103334.03546,0.00068149,0.0010419966666666673,0.0013636292857142857,0.000999676,0.00037526683391065897,0.0003918384507473331,0.000581098689093522,-1.354349579880703,-1.4043530451153816,0.0762427374812825,0.588090110551893,0.7101974104678682,0.5045713534124269,57.03809286029617,64.02536257749442,70.23348505568492,69578.186,54320.64619999999,40002.123
2024-03-16,69499.84,70043.0,64780.0,65300.63,55926.95336,0.00054015,0.0007452266666666675,0.0012972142857142859,0.001007681,0.0002432893442658938,0.00044730340858758306,0.0005727215772525883,-1.1710103270409813,-1.7820437340605022,-0.19050461328146742,0.5869423895467727,0.7824384166683302,0.5333725658566681,39.071253926908504,55.68279073245275,64.63695962540626,69500.845,54790.1886,40190.04445
2024-03-17,65300.64,68904.4,64533.0,68393.48,49742.21589,0.00055689,0.0005928433333333341,0.0012413821428571426,0.001016244,7.722519364383508e-05,0.000488622510441797,0.0005636240653840134,-0.7594889591630098,-1.6622001598885037,-0.168157968958449,0.8221892173372112,0.7773787023084324,0.5406571806615436,48.267762518370574,58.48287120424304,66.50213740504131,69657.876,55315.6456,40395.5119
2024-03-18,68393.47,68956.0,66565.2,67609.99,55691.08088,0.00077973,0.0006255900000000008,0.001178845714285714,0.0010302213333333334,0.00013375130504034215,0.00048760549602055867,0.0005518761163630445,0.3366903436275144,-1.0773097542472168,0.22846616975616552,0.7529834342002601,0.7669881104685357,0.5324617433540966,33.92142708575315,48.81264381555493,65.93911930136399,69606.45599999999,55827.2242,40603.85795
2024-03-19,67610.0,68124.11,61555.0,61937.4,101005.32487,0.00080006,0.0007122266666666676,0.001078795,0.0010403433333333334,0.00013490899611711757,0.00039709288705541516,0.0005444828474378468,1.0595417267396199,-0.988093621207514,0.2514449491490282,0.9799098526766474,0.7788513171600644,0.582572998310148,24.883705337225905,46.80063134618546,58.82072883762255,68968.869,56199.91819999999,40784.519700000004
2024-03-20,61937.41,68100.0,60775.0,67840.51,90420.58592,0.00044235,0.0006740466666666675,0.001025027142857143,0.0010364266666666668,0.0002009125089020797,0.00042975283798998273,0.0005484664368591046,-1.149009498386105,-1.5725424671796053,-0.4173378185944308,1.4171291408123479,0.8642556718001551,0.6184217082002377,38.73591855258835,52.806203904952696,63.247249089488506,68857.33200000001,56697.9064,40994.3747
2024-03-21,67840.51,68240.47,64529.01,65501.27,53357.48002,0.00049217,0.0005781933333333342,0.0009705307142857144,0.001038955,0.00019375015208594748,0.00044638319899567146,0.0005456770171886788,-0.7372314497696647,-1.3142051526662362,-0.3316942113600895,1.3329174111955093,0.877937172466366,0.6270172542752037,37.67217108836346,48.00102708404707,61.437136927621346,68199.649,57156.3318,41192.025
2024-03-22,65501.28,66649.62,62260.0,63796.64,51482.37821,0.00038264,0.0004390533333333342,0.0008969842857142858,0.0010412956666666668,5.483936755039303e-05,0.00045277695559589403,0.0005425950009600016,-1.0029102463580435,-1.3687580716908763,-0.539373946455459,1.2476113638285635,0.8858988413056282,0.6164378545888086,37.965438467734636,43.53481181626854,60.310836509858056,67434.112,57570.6058,41381.8781
2024-03-23,63796.64,65999.0,63000.0,63990.01,26410.11409,0.00030806000000000003,0.00039429000000000086,0.0008641157142857144,0.001039552,9.260623575112828e-05,0.000478797966140443,0.0005449376517667926,-0.9363240264190436,-1.350242753932329,-0.6790399535214539,1.2563199515489925,0.8828205626186575,0.6165571635629756,46.67174218660954,43.54204869805909,59.911375390550575,66525.872,57986.405999999995,41572.86765
2024-03-24,63990.02,67628.69,63772.29,67209.99,31395.78015,0.00040851,0.0003664033333333342,0.0007869092857142858,0.001042172,5.215623292883364e-05,0.00045685899805022513,0.0005415867679927476,0.02566681079867423,-1.0536841618050816,-0.4957844120151081,1.0153815497968406,0.8415694881013699,0.6248107069368491,47.01386376240538,47.578499157412566,61.77744818228058,66107.977,58470.384000000005,41780.11785
2024-03-25,67210.0,71150.0,66385.06,69880.01,53431.14486,0.00070688,0.0004744833333333342,0.0007086057142857143,0.0010557346666666665,0.00020743362464491446,0.0003509571231255075,0.0005272653477286411,1.6151636245291394,-0.41605672119023457,0.050250108865076935,0.7204586552924348,0.7994815090286024,0.6285336051410628,55.22975228240786,46.912582467049944,61.73226542460929,66145.993,59016.3266,41998.2429
2024-03-26,69880.0,71561.1,69280.0,69988.0,38934.38417,0.00067075,0.0005953800000000008,0.0006581557142857143,0.0010642556666666668,0.00016283931312798675,0.0002935465087698953,0.0005185490858864574,0.9696910599640453,-0.4416334612556721,-0.02941155003414336,0.5855104541975289,0.7867715871936396,0.6221771602818531,74.94246620160114,47.91329396555343,60.24688107165727,66614.73000000001,59561.912599999996,42218.6304
2024-03-27,69987.99,71769.54,68359.18,69469.99,49119.35685,0.00101939,0.0007990066666666676,0.0006287935714285713,0.0010730503333333332,0.00019171060073279412,0.00022225601833531744,0.0005153604307632078,1.4210971351116959,0.38049460144690195,0.6066317930671173,0.48172707552447974,0.7869940973879493,0.623421585077999,57.576693164103126,44.698746742653356,56.03422568905269,66722.38100000001,60089.33340000001,42436.472299999994
2024-03-28,69469.99,71552.06,68903.62,70780.6,35439.03239,0.00083524,0.0008417933333333343,0.0006160221428571429,0.0010579756666666666,0.0001744123620427434,0.0002026919556742699,0.0005154860826154594,0.4762625756076947,0.023944835139371182,0.24106519707967075,0.4581652651888851,0.7867473814827793,0.6233736288591203,77.14417339100967,49.094845287194204,58.27215412975632,67039.44200000001,60617.9534,42661.16725
2024-03-29,70780.6,70916.16,69009.0,69850.54,25445.08353,0.00073876,0.0008644633333333342,0.0006201128571428573,0.0010479513333333335,0.0001425791065806246,0.00020468298972684988,0.0005187715411047837,-0.396169348386033,-0.2054932316935075,0.043497676213409414,0.4055648325609346,0.7893761459944199,0.6233899278019165,83.82051923789624,50.53712386855172,56.433414610509914,67830.75600000001,61109.1912,42884.607350000006
2024-03-30,69850.53,70321.1,69540.0,69582.18,13644.61142,0.0008625099999999999,0.0008121700000000008,0.0006431385714285716,0.0010092153333333333,6.502064518286124e-05,0.00021296016037160501,0.00048566145850172804,0.27997692685359166,0.18242943472235224,0.26232545392273265,0.23262196161003015,0.7887410577655971,0.6227537656887704,80.98144826110746,57.45542901779354,56.56239847373348,68004.923,61558.1794,43103.31775
2024-03-31,69582.17,71366.0,69562.99,71280.01,19396.34433,0.0011254099999999999,0.000908893333333334,0.000683747142857143,0.0009920103333333334,0.00019745408538019487,0.00024676935953760263,0.00047142138622419653,1.3546282275531218,1.1711183832163283,0.742167158939948,0.3180462312920316,0.7717281055881319,0.6225970447039071,77.12305141491606,55.28295208257324,56.986933488754744,68582.79699999999,62028.75779999999,43328.607800000005
2024-04-01,71280.0,71288.23,68062.86,69649.8,41445.32039,0.00131121,0.001099710000000001,0.0007217100000000001,0.0009867186666666667,0.00022545130294588406,0.0002981941736262138,0.0004667391677093598,1.4233607545601337,1.812882816931845,1.0648554703003132,0.3885178650977663,0.7770954501442902,0.6274279932274514,48.21903522628823,53.621048916759065,51.27792296584098,69168.113,62455.754,43544.24315
2024-04-02,69649.81,69674.23,64550.0,65463.99,71799.82793,0.00037382,0.0009368133333333342,0.0006912642857142858,0.0009545613333333333,0.0004963381206731248,0.00031106127219110387,0.00047482707458272074,-1.4068163258598776,-1.2021729963680168,-0.7440226816185983,0.5987091266090169,0.8105729356994564,0.650662792930605,28.540664023624203,56.60924247063804,51.59337310340369,69315.511,62766.6884,43738.5631
2024-04-03,65463.99,66903.63,64493.07,65963.28,39887.21778,0.00030000000000000003,0.0006616766666666675,0.0006810964285714285,0.0009093866666666666,0.0005637220160977646,0.00032195920918429497,0.00047031314593235104,-1.1041071324966727,-1.323333030308486,-0.8896048255608807,0.6318183370384649,0.8082770074295476,0.6500451383540344,33.33656460596784,45.58826363392932,49.89501378014962,69190.84,63091.96220000001,43935.581150000005
2024-04-04,65963.27,69309.91,65064.52,68487.79,41510.48453,0.00030000000000000003,0.0003246066666666675,0.0006673699999999999,0.0008460276666666667,4.2619996871505224e-05,0.0003344862887381953,0.0004151397567474146,-0.7721785863858553,-1.203244293980924,-0.8912848015620976,0.7627606521667684,0.8199921633897604,0.6528690350454642,40.23178116694696,56.95812061872783,51.52646961512548,69051.61799999999,63425.8146,44145.38255
2024-04-05,68487.8,68756.67,65952.56,67820.62,37915.23073,0.00030000000000000003,0.00030000000000000003,0.0006614671428571428,0.0008161910000000001,0.0,0.00034057143580095155,0.00042130656500897194,-0.48750850596777906,-1.1245818258138394,-0.8912848015620976,0.7049353914638746,0.7735897795434875,0.6542236836621111,41.1536295952797,59.85148277303559,49.718349767334665,68834.87999999999,63744.62699999999,44350.67310000001
2024-04-06,67820.63,69692.0,67447.83,68896.0,20134.28919,0.00030000000000000003,0.00030000000000000003,0.0006608914285714286,0.0007843536666666666,0.0,0.000341220995833796,0.0004230783508384293,-0.4470781718772937,-1.0500313998333621,-0.8932278429329533,0.7167157634666735,0.7505883246454875,0.6545154603733789,47.20615299424824,61.51358140700258,50.53190528027525,68777.481,64080.06479999999,44559.101800000004
2024-04-07,68896.0,70326.29,68824.0,69360.39,21534.74433,0.00030000000000000003,0.00030000000000000003,0.0006531407142857142,0.0007472773333333332,0.0,0.0003485484395971521,0.0004148085656676688,0.0,-0.9540980321984258,-0.8986099714621685,0.32927603791211046,0.7490817863778577,0.652438118808579,41.31138904076591,55.79633890468611,50.37043454148222,68635.45999999999,64434.419799999996,44770.27875
2024-04-08,69360.38,72797.99,69043.24,71620.0,45723.87624,0.00055189,0.0003839633333333342,0.00064207,0.0007400663333333332,0.00014542875930615424,0.0003491711215920517,0.0004163095622704582,1.7886955966195583,-0.11165999569220635,-0.42508603966103153,0.3666046216077957,0.6432002100624132,0.6544315873933265,58.436849101070806,54.7962068952168,49.573755628823704,68812.40599999999,64824.066399999996,44995.53835
2024-04-09,71620.0,71758.19,68210.0,69146.0,39293.90242,0.0006057899999999999,0.00048589333333333423,0.0006374300000000001,0.0007106126666666668,0.0001632285239574497,0.00034919230095487367,0.00039201510934932794,1.2620349144849,0.036172990008797486,-0.33466960748647395,0.4902304057689929,0.5460376780097373,0.6577117987529149,68.4759166428269,47.94686626442475,47.92567881551315,68768.788,65171.491799999996,45208.36765
2024-04-10,69146.0,71172.08,67518.0,70631.08,42006.02377,0.00034386000000000003,0.0005005133333333342,0.0005891778571428572,0.0006619703333333333,0.00013831667518172851,0.0003388728548535551,0.0003386856252560217,-0.5197974403771083,-0.7793613410089612,-0.8561915367835049,0.4943358335382436,0.5273196566282199,0.6585371392254498,71.31388274487361,52.70369140534605,47.798595367266856,68703.89499999999,65538.937,45428.643249999994
2024-04-11,70631.08,71305.89,69567.21,70006.23,31917.25595,0.00053895,0.0004962000000000008,0.0005680142857142857,0.0006340336666666666,0.00013609740298769276,0.0003314952439318788,0.0003111110225547506,0.5184569176217191,-0.1816623160607001,-0.48043303286747957,0.504394904221449,0.5132245006293737,0.6595065957310919,58.38872634379162,48.13732918641776,48.72891070632163,68739.53799999999,65902.0738,45647.4325
2024-04-12,70006.22,71227.46,65086.86,67116.52,56072.86229,0.00049102,0.0004579433333333342,0.0005503185714285715,0.0006027189999999999,0.00010166403706979001,0.0003282761903045732,0.0002731458961087275,-0.1534525126324801,-0.3741229282924935,-0.5851602883223619,0.6303736723699683,0.5508728159830151,0.6666310881868224,46.877056902229185,43.99016099392157,47.848645014554904,68904.791,66218.6358,45851.49105
2024-04-13,67116.52,67929.0,60660.57,63924.51,71395.22019,0.00030000000000000003,0.0004433233333333341,0.0005101392857142857,0.0005789176666666667,0.00012641402071498074,0.0003214801096482578,0.00026711165559825765,-1.2006069300262832,-0.972725010640616,-0.9675675307036122,0.5515199180367539,0.5500392156216171,0.6793179644061265,31.43532504583601,38.979931709766355,48.73481543154962,68700.91399999999,66482.243,46040.005249999995
2024-04-14,63924.52,65840.0,62134.0,65661.84,61599.17818,0.00030000000000000003,0.0003636733333333342,0.0004511814285714286,0.0005662013333333334,0.00011028544842057486,0.00027181428252103114,0.000271110951161228,-0.8424437629264762,-0.8894590288552755,-0.9660993208758026,0.6663684394799037,0.5346866327999404,0.675351175738415,37.38780120019544,39.073683309766494,47.42437294261869,68418.31899999999,66764.1154,46236.4495
2024-04-15,65661.85,66867.07,62274.4,63419.99,52389.53069,0.00021759,0.0002725300000000009,0.00037306571428571435,0.0005554493333333332,4.757943568384984e-05,0.00012088327451367416,0.0002784759205826841,-1.1005041444190087,-1.0493959210016084,-1.1249228262566018,0.5916865867174826,0.5508382281723471,0.682049373264358,22.00373783785706,38.16569969442435,46.15504615779673,67978.25600000001,66997.93819999999,46418.4425
2024-04-16,63419.99,64365.0,61600.0,63793.39,53435.29331,0.00018991,0.0002358333333333342,0.00035992928571428577,0.0005432166666666668,5.726749892676295e-05,0.00013041221181992008,0.00028635907629184434,-0.9328656431658272,-1.0374098341625102,-1.171823412355672,0.6325047360121822,0.5526050981569168,0.6820699116903216,28.665051581482473,46.28897069472776,51.88663614013014,67467.995,67184.2766,46602.87465
2024-04-17,63793.4,64499.0,59678.16,61277.37,50610.54509,0.00016483,0.00019077666666666754,0.0003502742857142858,0.0005227200000000001,2.639067512070545e-05,0.00013985229310925707,0.0002908180263468578,-1.1110292897541416,-1.011328519715916,-1.207060602013538,0.6261735677527677,0.5628331601731377,0.6898510447131382,15.548460903251225,40.44678742082948,42.835112635781286,66659.693,67269.0772,46774.4487
2024-04-18,61277.38,64117.09,60803.35,63470.08,43601.60918,9.585e-05,0.00015019666666666752,0.0003356921428571429,0.0004992463333333333,4.8707512083111646e-05,0.00015528878790468608,0.0002960340578901784,-1.3096811065504488,-1.1111210444528803,-1.313552514297468,0.6621863109402147,0.590185017352245,0.6942672630629845,28.418618995008273,39.630049546343,47.77546157318455,65844.701,67289.8368,46951.83625
2024-04-19,63470.09,65450.0,59600.01,63818.01,69774.30271,9.401e-05,0.00011823000000000089,0.0003209785714285715,0.000487635,4.036726891917525e-05,0.00016815637867804894,0.0003050372131481313,-1.048426551716063,-1.0160028797767664,-1.2851941492410424,0.6014384179982805,0.5918097603725471,0.6938076113888415,36.91197301854768,41.61731437233232,50.02412100549851,65311.902,67343.57740000001,47133.45375
2024-04-20,63818.01,65419.0,63090.07,64940.59,23137.42975,0.00013438,0.00010808000000000086,0.0003091485714285715,0.0004757086666666667,2.2795041127249007e-05,0.0001754148975717724,0.0003117738319705734,-0.03356611892428839,-0.8470953338425037,-1.1883496641680567,0.5328364435175368,0.5863145222845672,0.6945191040134863,54.82385760485475,41.73251058567643,51.05090577026086,64742.853,67394.63119999999,47321.0244
2024-04-21,64940.58,65695.56,64237.5,64941.15,19316.42152,9.364e-05,0.00010734333333333421,0.00029440857142857147,0.0004660753333333333,2.3415171007838148e-05,0.00018466883527245372,0.0003191267936722744,-0.714220674414134,-1.3405257203612235,-1.2498267202224393,0.5340527556468442,0.5806104946911563,0.6939847809589447,45.90286581656365,40.58038234025005,47.299468092194196,64236.34500000001,67453.7086,47506.83730000001
2024-04-22,64941.15,67232.35,64500.0,66819.32,31397.99371,7.804e-05,0.00010202000000000088,0.0002605621428571429,0.00045840799999999994,2.9089812649670855e-05,0.00017711666425438056,0.0003257487045561444,-1.0091122122017468,-1.2905214173260762,-1.2590129052806531,0.2839553407315762,0.5321939706592531,0.6956456509403952,70.15882353638273,39.598200743620914,46.28696097553443,64206.625,67527.8156,47703.881949999995
2024-04-23,66819.32,67183.01,65765.81,66414.0,22599.90004,2.9210000000000003e-05,6.69633333333342e-05,0.0002193778571428572,0.00044576466666666666,3.3612878980030135e-05,0.00015650253648369337,0.00033498223491479676,-1.493459868951921,-1.4236035055069864,-1.3277963956626273,0.26553583502798533,0.5321572891580397,0.6951226609363963,65.48221790816032,43.4975665856769,45.69529946936488,64455.574,67491.1814,47896.2965
2024-04-24,66414.0,67070.43,63606.06,64289.59,33595.69637,0.00013761999999999997,8.16233333333342e-05,0.00020464642857142865,0.00042678933333333333,5.429375869587779e-05,0.0001535627920983419,0.00033580319839858453,0.9631862063736039,-0.7284066371921547,-1.1158394774954243,0.4480531373991964,0.5221099252694197,0.7004162962032405,68.65918866951506,35.35239538315969,43.992925650682345,64318.349,67502.493,48077.96109999999
2024-04-25,64289.58,65297.94,62794.0,64498.34,31341.46338,0.00012229,9.63733333333342e-05,0.00017488500000000006,0.0004085073333333333,5.8668025647078504e-05,0.000120633969941521,0.00033699104382792797,0.7130449342021091,-0.7545193465408633,-1.1262117295864473,0.4172550881914241,0.5219005481366003,0.700415714500418,58.445362138856375,37.028508177994105,42.52419836590834,64426.183999999994,67470.979,48260.86755000001
2024-04-26,64498.33,64820.01,63297.48,63770.01,27085.19346,7.956e-05,0.00011315666666666752,0.00014549500000000007,0.0003771796666666666,3.0088274017070594e-05,8.144649926370902e-05,0.0003215754311519795,-0.22967161910765918,-0.9152992113290167,-1.1698787084674604,0.4250627437609611,0.5165121538769419,0.6908479384082882,49.62894937013619,41.225431149531545,42.729346987255724,64423.846000000005,67409.9158,48441.767
2024-04-27,63770.0,63923.41,62391.24,63461.98,20933.06052,0.00020304,0.0001349633333333342,0.0001385692857142858,0.00035610633333333334,6.270795510400902e-05,7.071287223311055e-05,0.0003110657305467474,1.3631502387337202,-0.19881895877721412,-0.9149668557864284,0.25727011149378204,0.5143179395000336,0.6824548462616947,36.923218426582615,48.57114966027585,42.688848516933156,64642.30700000001,67316.6716,48622.126299999996
2024-04-28,63461.98,64370.0,62781.0,63118.62,16949.20005,1.7070000000000004e-05,9.989000000000087e-05,0.00011836000000000007,0.00033205,9.463715919232224e-05,6.07570328946331e-05,0.00030834683586217324,-1.3718413559549703,-1.1515470277472186,-1.2099354581546162,0.2583176910453011,0.487437830899228,0.6454162511677923,34.803055848784496,41.403056636884244,39.92440143730326,64607.161,67212.7786,48803.341799999995
2024-04-29,63118.62,64228.35,61765.53,63866.0,28150.22947,0.00014844,0.00012285000000000087,0.00011342071428571435,0.00030824766666666663,9.55894675160032e-05,5.456476990550634e-05,0.00029317428338652534,0.48874106575979054,-0.28586272144245467,-0.9590430788881744,0.17146124317974612,0.47517634562622735,0.6438090784583093,19.650894651816614,51.67711392461638,42.7005291037313,64611.96,67110.981,48988.87365
2024-04-30,63866.0,64734.0,59191.6,60672.0,54947.65535,0.00028894,0.00015148333333333421,0.00012049428571428577,0.00028036533333333335,0.00013596054807673611,6.959276959731852e-05,0.00024926647037526087,1.3384222629539377,0.7383892105669395,-0.6700905114478186,0.4485151239198632,0.5015530791498208,0.6544682740807307,12.491475335302312,40.3167975281568,43.79695817312988,64185.101,66882.859,49157.923650000004
2024-05-01,60672.01,60841.63,56552.82,58364.97,81166.46823,0.00028848000000000003,0.0002419533333333342,0.00012932642857142865,0.0002462743333333333,8.098524886253554e-05,8.233255581972341e-05,0.0001558556645433126,0.8767569196739314,0.9994742173183858,-0.6452643972254044,0.5016316098697704,0.5189671330372294,0.6611168938940938,12.200390971916292,40.846437389678435,40.6040282565059,63527.48299999999,66621.1182,49315.486099999995
2024-05-02,58364.97,59625.0,56911.84,59060.61,47583.81961,0.0001268,0.00023474000000000086,0.00013153714285714293,0.00023804033333333334,9.347906503593976e-05,8.177818812344112e-05,0.00015540946066893758,-0.40639208235211144,-0.3278418957024128,-0.9329991264204954,0.5578314006735994,0.5039379643044569,0.6601941112434833,17.336134948465386,34.70154716826306,37.79020852220942,62751.612,66340.88220000001,49475.0184
2024-05-03,59060.6,63333.0,58811.32,62882.01,43628.40143,2.7779999999999995e-05,0.00014768666666666754,0.00012680642857142865,0.00022896633333333334,0.00013159905825394974,8.592648007789628e-05,0.00015955878785780335,-1.3190685664829795,-1.3427726937195696,-1.1075442444232304,0.8724681023876915,0.5470811554781366,0.6497171217620082,46.1110079496575,47.383276227619945,44.086804282547284,62398.413,66170.74359999999,49646.92455
2024-05-04,62882.01,64540.0,62541.03,63892.04,24368.69282,0.00016423000000000002,0.00010627000000000086,0.0001289385714285715,0.00022444066666666665,7.050362614782989e-05,8.649730986101527e-05,0.00015939992623055602,-0.13445276129899536,0.38002976452505133,-0.8392182228855842,0.878624284014322,0.5384281883422762,0.6287446867680242,51.77434473926247,47.05006242822073,43.99916726387366,62358.657999999996,66058.5874,49824.405199999994
2024-05-05,63892.03,64646.0,62822.17,64012.0,18526.75029,0.00011446000000000001,0.00010215666666666752,0.00013042571428571436,0.000218256,6.905200672917682e-05,8.602140947414058e-05,0.00015996559857758092,-0.3152161163876964,-0.20825378724444546,-0.9222370795507208,0.6926104460224276,0.5171302330993893,0.6221939040219215,53.75513642202073,47.40342089480794,43.53269511444235,62310.024,66032.8148,50002.86519999999
2024-05-06,64012.0,65500.0,62700.0,63165.19,34674.91949,7.316999999999999e-05,0.00011728666666666754,0.00013007785714285722,0.000210695,4.55957611333152e-05,8.625906295117323e-05,0.00016132357646178608,-0.5365723022780184,-0.6890300118917242,-0.9880819080886403,0.5451244683289906,0.5197667167390139,0.6222643874572856,47.07870948163399,39.16360476736652,39.41472306765564,62249.542,65928.249,50175.12260000001
2024-05-07,63165.18,64422.41,62261.0,62312.08,25598.79472,0.00016673,0.00011812000000000087,0.00013990071428571436,0.00020625266666666667,4.688725946345133e-05,8.159296391843281e-05,0.00016061295324871014,0.9610162833205934,0.5752145997204584,-0.7482570846692574,0.6023418851136966,0.4923709467763165,0.6209375885610398,58.494320477146125,38.150383863405324,41.08210303018614,62134.552,65822.2908,50338.3378
2024-05-08,62312.07,63020.22,60888.0,61193.03,26121.19004,0.00019736,0.0001457533333333342,0.00014416785714285724,0.000194435,6.469779311017063e-05,8.301427200547549e-05,0.0001467490583592222,1.102110250612466,0.9033557640811812,-0.6517665255435872,0.27015721036941653,0.4732645704607614,0.6221883944252475,66.70245688636348,40.50302768590232,37.56506304524156,61941.993,65807.40340000001,50494.75395
2024-05-09,61193.03,63429.03,60630.0,63074.01,30660.8061,0.00016216,0.00017541666666666755,0.00014701571428571433,0.00017964733333333333,1.9140366593316677e-05,8.288979437177218e-05,0.00012453939755906955,0.39609423597691906,0.3919167255315019,-0.7191095360676274,0.3794126202866956,0.4921013764285773,0.626638806734155,70.79193148308426,46.03804928036244,41.159204261808945,61862.79400000001,65712.0734,50660.1617
2024-05-10,63074.0,63469.13,60187.12,60799.99,36529.34025,0.00014613,0.0001685500000000009,0.00015177071428571436,0.0001730563333333333,2.6205959245812662e-05,8.060029819229565e-05,0.00012072284560768687,-0.06431209518676413,0.17093708299905824,-0.7696704040510219,0.4704547613962886,0.5081209330334957,0.621868010862671,37.15430480900373,42.39267857874373,41.81588212749212,61875.59300000001,65618.0478,50798.8117
2024-05-11,60799.99,61515.0,60487.09,60825.99,13374.56936,0.00017719,0.00016182666666666754,0.0001499242857142858,0.00016099766666666669,1.553268274724309e-05,7.962565065205999e-05,9.903373280002697e-05,0.38298933597630924,0.5278882453921458,-0.6664580791871759,0.4770122940858414,0.5081763910221321,0.6217415761649382,28.468538314278376,43.14927617513695,45.62654414388011,62121.69500000001,65558.6348,50933.328
2024-05-12,60825.99,61888.0,60610.0,61483.99,12753.13236,0.00015434,0.00015922000000000088,0.00015972928571428578,0.000149775,1.6094772443037534e-05,6.986056447443701e-05,7.696256666230502e-05,-0.6456844263112218,0.1767379295501798,-0.7326080651381661,0.4939168945151252,0.4922566737313418,0.61948886626387,33.494255004913384,45.82008969279198,43.917789082079516,62364.03300000001,65508.51440000001,51068.267700000004
2024-05-13,61484.0,63450.0,60749.21,62940.08,32733.41839,0.0002762,0.00020257666666666753,0.00016885500000000006,0.00014898166666666666,6.477520384627633e-05,7.631844123855367e-05,7.546881338464604e-05,1.7466428379778236,1.634986673975632,-0.30121021892814864,0.502775862616448,0.5059734574226581,0.6206716502379294,48.63854365114953,47.71514530562119,49.28497720586006,62369.840000000004,65423.11619999999,51212.209800000004
2024-05-14,62940.09,63118.36,61142.77,61577.49,29088.72041,0.00024258,0.00022437333333333418,0.00016554357142857152,0.00014706766666666666,6.293708710551143e-05,7.156492948660839e-05,7.216239376355626e-05,0.755661957598543,1.0812364863731854,-0.3950434450045897,0.46561093701498646,0.49587880960899505,0.6195748096395614,45.81512704617412,52.45647074908815,46.793036754958685,62138.384999999995,65257.065800000004,51350.63715000001
2024-05-15,61577.49,66444.16,61319.47,66206.5,43559.74719,0.00011988,0.00021288666666666753,0.00015350071428571433,0.00014381066666666666,8.228156618178029e-05,6.295381658432734e-05,7.106637242186917e-05,-1.1556457983750514,-0.501231133151034,-0.7942032617351615,0.6717433164139242,0.5897015761054869,0.6275637102148078,70.40203667545535,68.89280377627688,56.722534010701786,62357.835,65181.4358,51511.264650000005
2024-05-16,66206.51,66752.01,64602.77,65235.21,31106.3671,0.00010794,0.00015680000000000086,0.0001521535714285715,0.00014107833333333334,7.452715746620922e-05,6.376569051041001e-05,7.08081517362745e-05,-0.9602805378578617,-0.6848795638103741,-0.8086219094541459,0.7170897780422475,0.5912927429180302,0.6178419228802433,59.49811022237479,64.6816153819041,52.49031950773614,62564.837,65096.74019999999,51664.81125
2024-05-17,65235.21,67451.2,65106.38,67024.0,26292.23409,5.164e-05,9.31533333333342e-05,0.0001538578571428572,0.00013730533333333335,3.644390941331951e-05,6.0416726692956236e-05,7.249448115663266e-05,-1.1323768597750845,-1.2744029850576122,-0.9725627444101826,0.7238575480684772,0.6007210017304597,0.6210130021014049,78.57207781654816,60.90242386051573,54.34643440781199,63036.029,65021.6082,51827.5576
2024-05-18,67024.0,67400.01,66600.0,66915.2,14441.25774,7.848e-05,7.93533333333342e-05,0.00014773285714285718,0.00013672633333333334,2.8160158616850623e-05,6.354972159098241e-05,7.290519637525297e-05,-0.5667703347158652,-1.03251104655623,-0.8515562199850655,0.7359392631915356,0.5999486880541257,0.5809971546949543,77.74236257092033,58.353809168527334,52.75269043248644,63608.246,64962.9014,51988.93475000001
2024-05-19,66915.2,67700.0,65857.25,66274.01,18025.30409,0.00013328,8.780000000000087e-05,0.00014907714285714293,0.00013803533333333335,4.1610325641514564e-05,6.298832314606344e-05,7.24629869245771e-05,1.0618386102975013,-0.2885349454337437,-0.6372385014913319,0.6900795160056608,0.600848416040481,0.5361169457318339,71.85674809449642,56.07553397046052,51.8254585217151,63928.246,64896.738,52143.19765000001
2024-05-20,66274.0,71515.56,66060.31,71446.62,50816.7011,0.00010638,0.00010604666666666754,0.00015144928571428576,0.000137102,2.7401520638940557e-05,6.048537515092814e-05,7.269165276754556e-05,0.3463054908977045,-0.5744965073816528,-0.7092827205141184,0.7105572043265085,0.6281733115470561,0.560377204380118,78.98452257963893,68.0489923732159,55.81290177020949,64992.909,64900.0702,52325.7228
2024-05-21,71446.62,71979.0,69162.94,70148.34,49607.4336,0.00030517,0.00018161000000000089,0.0001613378571428572,0.00014415300000000003,0.00010784807694156271,7.316358480292256e-05,7.836797028480529e-05,1.703263648770077,2.2508176199185637,0.00019810782359294758,0.7247838187785459,0.6044634591344328,0.5582571042749861,79.33219575399156,66.75366768290976,54.58821170395746,65925.144,64910.041,52502.8806
2024-05-22,70148.34,70666.0,68842.19,69166.62,27673.18026,0.00035758999999999997,0.0002563800000000009,0.0001727828571428572,0.00015347133333333332,0.0001325215608872515,8.985942366821446e-05,8.643995491128977e-05,1.2778978677348345,2.359454009170508,0.18321285027619436,0.744859760041173,0.6123833477775904,0.5595784379071196,63.50089576635961,67.14797003101182,56.16530033057139,66693.40699999999,64984.0936,52673.40335
2024-05-23,69166.62,70096.12,66312.16,67969.65,40513.17374,0.00030000000000000003,0.00032092000000000085,0.00018262857142857148,0.00016249766666666664,3.1862186051709406e-05,9.595092149776036e-05,8.715219322559394e-05,0.5274661169778873,1.520387930919711,-0.014670697401767864,0.7720062586862374,0.5687759359724156,0.5483730749037368,62.220021522363965,60.84768866970942,54.281289782773804,67196.364,65024.221,52838.1922
2024-05-24,67969.66,69250.0,66600.12,68549.99,28095.83664,0.00030000000000000003,0.00031919666666666756,0.00019361928571428577,0.00016791033333333333,3.324960200253638e-05,0.00010016843380139974,9.053075745138158e-05,0.27061044370907555,1.3639802053363301,0.009581772117882801,0.760121477724103,0.5666345229677336,0.5401351381253402,57.645309426634086,68.56582699619311,55.91691819863112,67893.614,65025.465,53005.7117
2024-05-25,68549.99,69610.0,68500.0,69290.57,12130.39418,0.00030000000000000003,0.00030000000000000003,0.00020239142857142865,0.000173834,0.0,0.0001039259813415674,9.321693159067515e-05,-0.4963944935915688,1.224062282404683,0.03243605928135215,0.27679973917107104,0.5674069747061805,0.5408079873098715,61.192232339990845,69.60640703854685,57.13850057182665,68202.021,65054.864,53175.16894999999
2024-05-26,69290.56,69562.23,68128.01,68507.67,11872.11797,0.00030000000000000003,0.00030000000000000003,0.00021279571428571434,0.00018118200000000003,0.0,0.00010601557575800977,9.421233777469734e-05,-0.447040021637208,1.1112657211969297,0.08168247531783678,0.2542173929938452,0.5663241771401174,0.5412217006331508,60.38583145795354,66.17527575679543,56.52987538704126,68529.26699999999,65047.0974,53339.5837
2024-05-27,68507.67,70687.56,68250.0,69436.43,23136.92737,0.00030000000000000003,0.00030000000000000003,0.00021449571428571436,0.000184414,0.0,0.00010729361366862215,9.662039895281548e-05,0.0,1.0115716234452716,0.12176913831872503,0.2701718507453414,0.561898160825356,0.5402442425932825,34.55968538531481,65.33327542752693,56.72011378674733,68770.50999999998,65048.618200000004,53503.2604
2024-05-28,69436.43,69591.81,67277.91,68398.39,32622.97042,0.00030000000000000003,0.00030000000000000003,0.00021859714285714293,0.00019384500000000003,0.0,0.00010952404220984371,9.348009921907475e-05,0.0,0.9332994545232709,0.15673056114334438,0.2558158819775405,0.5595835591945151,0.5405343886828383,35.9988542735078,66.34979730843571,59.83251713731238,68918.829,64984.185999999994,53658.7442
2024-05-29,68398.4,68935.68,67124.65,67652.42,23159.83149,0.00032558,0.00030852666666666756,0.0002332900000000001,0.00019974966666666668,1.4768619885657377e-05,0.00010905878527729638,9.607179124127368e-05,1.7872920260762533,1.0865418634267985,0.32082433776821473,0.2595584246848935,0.5522870710405607,0.5411041172585858,37.41011979592356,54.25865798315316,62.30812800680605,69056.67,64954.3144,53811.3563
2024-05-30,67652.41,69500.0,67128.0,68352.17,28478.2184,0.00030000000000000003,0.00030852666666666756,0.00024700857142857146,0.00020011833333333332,1.4768619885657377e-05,0.00010404231948568632,9.644634374237513e-05,-0.4468230065190467,0.746889706629994,0.3117081278759147,0.25743663134014294,0.5222095171031257,0.5382876103503996,53.467153946269214,59.32958987589821,62.31223352265879,68747.225,64908.7362,53967.7965
2024-05-31,68352.17,69044.1,66670.0,67540.01,26690.32184,0.00036867000000000003,0.0003314166666666676,0.0002696535714285715,0.00020279133333333336,3.470507503704786e-05,9.206015396363269e-05,0.00010002457486777569,1.6616614311250901,1.2949621683046768,1.094569481274481,0.2592855038462169,0.52733434090224,0.5361061593108439,41.214753938646574,51.64041106123812,56.70721522413562,68486.39199999999,64859.411799999994,54123.181899999996
2024-06-01,67540.01,67900.0,67428.44,67766.85,8837.66133,0.00030250000000000003,0.00032372333333333423,0.0002856550000000001,0.00020864800000000003,3.8945020648692595e-05,7.396612985272489e-05,0.00010056404219241052,-0.5691129801087469,0.5797643487505081,0.6059494379524293,0.21116550348274715,0.5267927118177523,0.5135062219528966,35.445187814500045,52.68725258122823,55.7082209188298,68346.41500000001,64872.418399999995,54284.2602
2024-06-02,67766.84,68460.0,67257.47,67765.63,15426.32529,0.00030000000000000003,0.00032372333333333423,0.0002975635714285715,0.00021772200000000003,3.8945020648692595e-05,5.956579434121599e-05,9.585234713371591e-05,-0.6535511077213237,0.5404439341464298,0.5868115736777676,0.18199651085305593,0.5204201962532473,0.5132054347142747,41.66760242007644,54.90466351091884,55.549116592306824,68326.013,64949.2408,54433.79735
2024-06-03,67765.62,70288.0,67612.48,68809.9,29633.374,0.00034135,0.00031461666666666755,0.0003143471428571429,0.00022362600000000002,2.3185465993312608e-05,2.4095240011552254e-05,9.78773463488039e-05,0.6034011466202391,0.8787230439441851,0.894519853637593,0.1995326627857745,0.5094343958492119,0.5061353260686617,43.14256006128601,38.09908104496803,58.29632741149917,68352.004,65012.20199999999,54597.02930000001
2024-06-04,68809.89,71063.45,68567.32,70537.84,29619.78489,0.00032008000000000004,0.00032047666666666755,0.00031541214285714294,0.00023048,2.0677853692467187e-05,2.3987679907989304e-05,9.716607042268981e-05,-0.22351545404866255,0.5988150908974527,0.7285514339058091,0.27102078184114464,0.42237727824117477,0.509145079853502,70.34413244200915,51.69238042104232,61.78672878211787,68476.731,65154.559,54766.6489
2024-06-05,70537.83,71758.0,70383.66,71108.0,28703.18082,0.00039612999999999996,0.00035252000000000086,0.0003181650000000001,0.00024124533333333333,3.923617336073779e-05,3.052189623869253e-05,9.702698280000311e-05,1.623425942929339,1.241007753517101,1.2804699751812758,0.18985332588520218,0.414935684873437,0.5080892799483242,83.99595461931726,58.748186266992114,64.43425834182753,68736.764,65300.851200000005,54939.348399999995
2024-06-06,71108.0,71700.0,70117.64,70799.06,21842.00449,0.00032208,0.0003460966666666675,0.0003197421428571429,0.00024642366666666665,4.334167547900263e-05,3.0078303752022296e-05,9.705847521075931e-05,-0.37723159387211164,0.410495448603195,0.7191743319677292,0.22393309751094706,0.4033995712663147,0.5079885087524758,76.07774009756868,63.85896372112012,61.785609779683796,68873.02699999999,65491.285,55106.544400000006
2024-06-07,70799.06,71997.02,68420.0,69355.6,35598.45045,0.00030166000000000004,0.00033995666666666754,0.0003198607142857144,0.0002499003333333333,4.970741024562791e-05,2.9997655668566957e-05,9.710841319723967e-05,-0.9529426078339029,0.03922139255906586,0.6283456017735315,0.33766295424280746,0.41531103473990555,0.5042383111822801,67.05474343534428,53.63838283657784,63.392133469112714,68968.74799999999,65608.99539999999,55266.0785
2024-06-08,69355.6,69582.2,69168.02,69310.46,9773.82967,0.00030000000000000003,0.00030791333333333423,0.0003198607142857144,0.00025449500000000004,1.2296736694222277e-05,2.9997655668566957e-05,9.606921986349246e-05,-0.7097788728004142,-0.13437720177907894,0.7114585432022696,0.31870409272515243,0.412329144087573,0.4967086133138249,65.0123610957036,50.09585034045712,63.27282466167664,69134.552,65718.8444,55433.922549999996
2024-06-09,69310.46,69857.14,69130.24,69648.14,9890.56709,0.00030000000000000003,0.00030055333333333425,0.00031986071428571433,0.000259624,9.584014435533976e-07,2.9997655668566957e-05,9.417300435354668e-05,-0.5788724137053888,-0.6112458874414879,0.7218984977059234,0.21357927161375817,0.2515402730963043,0.4940165259888113,67.18374321552965,55.74235700121971,62.901020147907815,69264.149,65812.9954,55595.12155
2024-06-10,69648.15,70195.94,69172.29,69540.0,17122.66941,0.00030000000000000003,0.00030000000000000003,0.00031986071428571433,0.00026371766666666665,0.0,2.9997655668566957e-05,9.312953558256194e-05,-0.48820065640143173,-0.5989755542350831,0.8078918890319751,0.18381826400644247,0.23960355121135088,0.49355285445219615,58.038163938460265,50.568459369170874,60.893279557286114,69464.148,65904.9724,55756.35015
2024-06-11,69540.0,69590.01,66051.0,67314.24,41436.01588,0.00030000000000000003,0.00030000000000000003,0.00031986071428571433,0.00026857300000000003,0.0,2.9997655668566957e-05,9.100320332183441e-05,-0.44126956719727367,-0.5241871484295603,0.8833421971755399,0.30199607997525746,0.27071759344705354,0.48903137922274176,18.015272022984888,44.73582243335839,59.206283333504544,69418.887,65914.8708,55904.353500000005
2024-06-12,67314.23,69999.0,66905.0,68263.99,37175.32356,0.00030000000000000003,0.00030000000000000003,0.0003180335714285715,0.0002693663333333333,0.0,3.039884982831808e-05,9.117556223116181e-05,0.0,-0.5241871484295603,0.8833421971755402,0.33510602538805395,0.2681314575924163,0.47458757500784177,23.75827432656311,52.91190253312964,53.74396095707024,69468.723,65951.8706,56056.770099999994
2024-06-13,68263.98,68449.3,66251.78,66773.01,29079.55571,0.00030000000000000003,0.00030000000000000003,0.0003180335714285715,0.00027128033333333337,0.0,3.039884982831808e-05,9.119655228224611e-05,0.0,-0.5241871484295603,0.8833421971755402,0.36873353543492743,0.2814778465738896,0.4735163750813514,19.503825987626826,43.00788846342683,52.746351948800914,69265.03400000001,66001.539,56203.398
2024-06-14,66773.01,67370.24,65078.0,66043.99,28408.18797,0.00030000000000000003,0.00030000000000000003,0.0003131285714285715,0.0002772843333333333,0.0,2.6943682535558233e-05,8.6703784496984e-05,0.0,-0.5241871484295623,0.8644128669885767,0.3444808957064819,0.27888600548618697,0.4662157966233091,21.87100248535782,43.32688035826857,48.180947137744525,68815.649,66032.45199999999,56347.40445
2024-06-15,66043.99,66478.48,65857.1,66228.25,11451.80242,0.00030000000000000003,0.00030000000000000003,0.0003129500000000001,0.00028368633333333333,0.0,2.7027696336097284e-05,8.064775929437128e-05,0.0,-0.5241871484295603,0.8417838333204934,0.3566907927972928,0.2766913912264177,0.4660652267000538,24.423998313855094,43.11077917239254,48.7284745804073,68327.674,66081.6168,56489.451349999996
2024-06-16,66228.25,66998.7,66034.5,66676.87,9392.52223,0.00030000000000000003,0.00030000000000000003,0.0003129500000000001,0.000291965,0.0,2.7027696336097284e-05,6.771703716511216e-05,0.0,-0.5241871484295603,0.8168800505816745,0.27681218844099453,0.2710541793795274,0.454852930191044,25.79030820349307,45.312774450404845,50.75103671626815,67915.455,66145.9146,56633.5625
2024-06-17,66676.86,67298.81,65130.0,66504.33,27386.16851,0.00030000000000000003,0.00030000000000000003,0.00030999642857142866,0.00029934899999999997,0.0,2.5922169189711442e-05,5.440440172044045e-05,0.0,-0.5241871484295603,0.7889369323893592,0.2202967270454178,0.26469442833708723,0.4469856809484985,25.52246195328469,39.268821928820785,38.674961125448114,67630.328,66213.6288,56777.464349999995
2024-06-18,66504.33,66588.23,64060.0,65175.32,42350.10244,0.00028236,0.00029412000000000085,0.0003073021428571429,0.00030431833333333336,1.0184458748193115e-05,2.6740822200963524e-05,4.4645814576539064e-05,-1.7865896790796354,-1.077392206514668,0.594476484345091,0.20725719887570565,0.27386464556495743,0.4497903488882287,29.83741124923712,24.07772640876125,38.62057066704248,67216.814,66239.8152,56909.92835
2024-06-19,65175.32,65727.54,64666.0,64974.37,20060.79576,0.00017094,0.0002511000000000009,0.00029121714285714297,0.00030647033333333336,6.99786510301069e-05,3.549430624522346e-05,3.5367760936839806e-05,-1.7719792598714634,-3.224162823469399,-0.4960400067056721,0.1966392878410023,0.2683659475411618,0.4478112538664481,13.893023194550082,19.252675639769606,40.05168449203674,66749.437,66325.8626,57037.548449999995
2024-06-20,64974.37,66482.94,64559.15,64869.99,24265.29031,0.00016766,0.00020698666666666755,0.000280187142857143,0.00030188666666666666,6.529582018266287e-05,4.722173072593585e-05,4.3514482197618556e-05,-1.1129538924559672,-2.595729625806366,-0.546090442315133,0.18767956100826702,0.26500868722002996,0.44782900094309197,19.972355291306272,19.655792558409885,42.24214568745541,66282.436,66455.963,57162.0371
2024-06-21,64869.99,65066.66,63379.35,64143.56,25993.56442,0.00020672000000000003,0.00018177333333333422,0.0002734057142857144,0.0002968576666666667,2.1666604102317156e-05,5.0597280820012186e-05,4.5526385883535186e-05,-0.30262672036793054,-1.5819925900610172,-0.18518357516798903,0.15196106529244457,0.2666689781964766,0.4428707995979299,19.988693034841646,21.21266014629613,39.05161340014809,65965.36799999999,66557.62199999999,57272.7994
2024-06-22,64143.56,64546.81,63943.82,64262.01,7308.95542,0.00024146,0.0002052800000000009,0.0002692242857142858,0.0002949063333333334,3.6921067156750824e-05,5.064931812353624e-05,4.662828011828207e-05,0.5674314893338545,-0.8533357774984328,0.13257053629794727,0.16941859064914422,0.2671536000592969,0.44270410586109293,18.290338603650923,22.34020054854092,37.10726138269713,65565.17,66585.22200000001,57373.74285
2024-06-23,64262.01,64521.0,63178.32,63210.01,8224.45447,0.00016983,0.0002060033333333342,0.0002599264285714286,0.00029056733333333336,3.582037734763052e-05,5.620797364835269e-05,5.189679240200298e-05,-0.6639907873173799,-1.8677841296355564,-0.6200840668584414,0.1440164459039613,0.26057285093798804,0.4372827318112075,3.1981013888584044,17.28688890266197,36.60219052310435,65208.869999999995,66571.5814,57470.97944999999
2024-06-24,63210.01,63369.8,58402.0,60293.3,52161.35414,0.00027022,0.00022717000000000085,0.0002577992857142858,0.0002895746666666667,5.1698076366470255e-05,5.5127887744302497e-05,5.1994864450278236e-05,1.3177599362499561,-0.10815418272963544,0.405821327626707,0.37228537057364103,0.28674312270223146,0.4522376059955039,1.8370236649590055,13.448484685574883,28.98958892978348,64633.801,66497.2074,57556.080250000006
2024-06-25,60293.3,62420.0,60257.06,61806.01,31189.24361,0.00021148,0.00021717666666666753,0.00025147642857142866,0.000286624,5.04368618505026e-05,5.499158587491848e-05,5.386106274487559e-05,-0.22315656050452362,-1.0727619841598854,-0.24155262701977823,0.5036855691100034,0.3123249152741606,0.4559467055563827,24.59666778755495,26.92561292446527,35.17449548513403,64191.577000000005,66470.0238,57644.25535
2024-06-26,61806.01,62487.81,60712.0,60864.99,22485.66463,0.00030000000000000003,0.0002605666666666675,0.00025147642857142866,0.000286624,4.5042621297243064e-05,5.499158587491848e-05,5.386106274487559e-05,1.2131596595299017,0.6649357705050668,0.6924077231185547,0.5060584037122722,0.3140528239365933,0.45729584062033685,22.12732476904712,18.98234940991196,34.86859675882121,63610.389,66441.082,57730.0123
2024-06-27,60864.98,62389.22,60606.63,61706.47,18344.28631,0.00030000000000000003,0.0002704933333333342,0.00025147642857142866,0.000286624,5.1107045828602656e-05,5.499158587491848e-05,5.386106274487559e-05,0.861026213495879,0.6673455661052605,0.6719310403715086,0.5414525299629424,0.32084005306423824,0.45850949275134073,30.49329123914501,27.537113458735078,35.27759390553935,63130.603,66451.35079999999,57819.5971
2024-06-28,61706.46,62225.31,60063.0,60427.84,24821.19255,0.00030000000000000003,0.00030000000000000003,0.00025147642857142866,0.0002857713333333333,0.0,5.499158587491848e-05,5.3423791854373135e-05,0.6146626231209614,0.6673455661052605,0.6471730344960798,0.5489926061239884,0.3261947484274774,0.46024248755143726,28.549128276178294,26.25746267709937,34.563251606468825,62655.854999999996,66398.4274,57915.469300000004
2024-06-29,60427.84,61224.0,60383.77,60986.68,11509.55904,0.00030000000000000003,0.00030000000000000003,0.00025147642857142866,0.0002857713333333333,0.0,5.499158587491848e-05,5.3423791854373135e-05,0.44710065520885384,0.6673455661052605,0.6442923397773863,0.37425525596671544,0.3297027459856182,0.44314389954422206,32.00642978709601,28.521271913825643,35.49292230691414,62257.085999999996,66402.16119999999,58012.94075
2024-06-30,60986.68,63058.76,60712.21,62772.01,17326.30136,0.00030000000000000003,0.00030000000000000003,0.00025147642857142866,0.0002834823333333333,0.0,5.499158587491848e-05,5.117314251699732e-05,0.0,0.6673455661052605,0.6413070854252384,0.39749574867761944,0.3626574869966889,0.4378198095984048,47.77319537312364,35.578661710912215,40.0733522578138,62047.288,66441.0816,58112.45565
2024-07-01,62772.01,63861.76,62497.2,62899.99,24547.10538,0.00030000000000000003,0.00030000000000000003,0.00025147642857142866,0.00028339900000000004,0.0,5.499158587491848e-05,5.1143131898156915e-05,0.0,0.6673455661052605,0.6159654490237307,0.34864303068773117,0.34193981929964423,0.4370134272865933,68.49768449855188,36.644577706103846,37.80773558350649,61922.931000000004,66469.4016,58211.844300000004
2024-07-02,62900.0,63288.83,61806.28,62135.47,18573.11875,0.00030000000000000003,0.00030000000000000003,0.00025273642857142866,0.00028339900000000004,0.0,5.594742334171427e-05,5.1143131898156915e-05,0.0,0.6673455661052605,0.5951849161974294,0.36994356417254337,0.3345810923498511,0.4098569017650338,52.615675315183566,38.24445470526904,31.948159424975174,61710.277,66453.3094,58312.82015
2024-07-03,62135.46,62285.94,59400.0,60208.58,32160.11127,0.00030000000000000003,0.00030000000000000003,0.0002619550000000001,0.00028202066666666665,0.0,5.19207420757626e-05,5.0073483583313604e-05,0.0,0.6673455661052605,0.5716887733675899,0.4336368273830667,0.3461978745563924,0.4149726960557929,45.49396114870228,33.74046509913792,27.873349243712312,61410.134000000005,66425.9312,58402.4729
2024-07-04,60208.57,60498.19,56771.0,57050.01,54568.77276,0.00030000000000000003,0.00030000000000000003,0.0002714078571428572,0.00028135133333333337,0.0,4.502119913977825e-05,4.967985866313502e-05,0.0,0.6673455661052605,0.5462405905502387,0.6035391819662731,0.4037599004354832,0.4349035958203738,25.749523996015114,27.921585855321155,24.982850696432024,61085.80500000001,66242.8014,58480.8497
2024-07-05,57050.02,57546.0,53485.93,56628.79,81348.24756,0.00021762000000000002,0.0002725400000000009,0.00027218642857142867,0.00027540100000000004,4.756211517577376e-05,4.389667686870428e-05,4.6013457128366866e-05,-1.7883689590140104,-0.8628347247923299,-0.526964077776999,0.4254136487380159,0.40119878180578256,0.4341893417211917,28.274631577139246,28.41123052569965,25.948132460921585,60568.083,66070.673,58550.70465
2024-07-06,56628.79,58475.0,56018.0,58230.13,21651.31558,0.00016491,0.0002275100000000009,0.0002667185714285715,0.000270162,6.808587298400019e-05,5.20321582304198e-05,4.9342514116306286e-05,-1.4675508603255758,-1.6459919414051474,-1.208404272225951,0.5801123753581546,0.4253839425946992,0.43925396021184904,35.91563328683502,34.031864899262786,30.223026921938427,60304.596999999994,65894.7956,58630.47534999999
2024-07-07,58230.13,58449.46,55724.37,55857.81,19118.93918,0.00028164,0.00022139000000000086,0.0002747050000000001,0.0002694946666666667,5.845624774130975e-05,4.397357821208976e-05,4.9036259542226526e-05,0.48254438734605165,0.5055937862225074,0.2852767052446797,0.6183282175280316,0.4499410660671479,0.4485870330273481,16.671615488138997,31.808293529746066,27.05271758212065,59719.73100000001,65673.64779999999,58691.419749999994
2024-07-08,55857.81,58236.73,54260.16,56714.62,48090.2049,0.00026126999999999997,0.00023594000000000086,0.0002740657142857144,0.0002682036666666667,6.23512622165216e-05,4.410864640767876e-05,4.8714211300720364e-05,0.29792743360541296,0.15018308828361032,-0.0010460210684263185,0.6743297001465068,0.45796657155444814,0.4434939076144214,22.142164196916738,40.14010621754782,29.177225218950653,59348.40900000001,65482.46,58755.68385000001
2024-07-09,56714.61,58296.0,56289.45,58050.0,27732.20788,0.00020861000000000002,0.0002505066666666675,0.00027386071428571435,0.00026515733333333334,3.7685968653158114e-05,4.442741313555891e-05,4.950832426937512e-05,-0.3961016461935263,-0.9040561602605862,-0.7204026906295441,0.5467076459236728,0.47574044175184926,0.43890779641089095,32.49963803905213,39.54941283771331,34.51114052164215,59054.741,65214.5276,58826.088650000005
2024-07-10,58050.0,59470.0,57157.79,57725.85,24951.73799,0.0002471,0.0002389933333333342,0.00027008214285714294,0.000263394,2.7249907033360214e-05,4.4282591331814516e-05,4.9165423272100774e-05,0.3104605912911779,-0.25315581599999903,-0.2228509023832078,0.5436272298650574,0.47539689675216457,0.43905766282943054,37.67238442906689,40.955290760455995,32.00487422704329,58550.125,64966.0778,58896.2071
2024-07-11,57725.85,59650.0,57050.0,57339.89,29761.05735,0.00030000000000000003,0.00025190333333333423,0.00027008214285714294,0.000263394,4.5883951805907305e-05,4.4282591331814516e-05,4.9165423272100774e-05,1.1531389923367497,0.783279048131753,0.46871344449037927,0.4806961825646321,0.4747958615585622,0.4383080465712589,51.98624674188707,37.079549341514294,33.26007825232354,57994.115000000005,64729.5432,58967.94905
2024-07-12,57339.89,58526.68,56542.47,57889.1,23652.4569,0.00013441,0.00022717000000000085,0.0002582542857142858,0.0002578743333333334,8.457491176462084e-05,5.6190335839571236e-05,5.397406718840262e-05,-1.5268276901833242,-2.2740228545100165,-1.733934138985391,0.25008502026920887,0.4782369137689913,0.4348187363077217,58.48674171769252,42.14912682174627,35.43546493373093,57569.478,64527.932199999996,59039.513900000005
2024-07-13,57889.09,59850.0,57756.63,59204.02,15357.74519,0.00025184000000000003,0.00022875000000000087,0.0002548142857142858,0.00025626900000000005,8.517554285118121e-05,5.4897364335590614e-05,5.339098673456406e-05,0.3796731994866278,-0.21050809497711176,-0.16023159151924007,0.27755629707625257,0.4894152538942501,0.43564541641159454,56.821152162487856,44.73352398283783,37.941803252512884,57469.022,64341.0128,59122.989349999996
2024-07-14,59204.01,61420.69,59194.01,60797.91,21178.33907,0.00020789,0.00019804666666666754,0.0002482350000000001,0.00025319866666666664,5.9330596097853495e-05,5.4584084571119365e-05,5.343789348615403e-05,-0.3293276676618468,-0.9926899176181442,-0.7917064329226322,0.29436881559177264,0.46288479057257065,0.4013251533378825,88.83531017306328,44.10123371795515,40.28965725014857,57843.812,64171.1596,59209.83465
2024-07-15,60797.91,64900.0,60632.3,64724.14,38690.9782,7.278e-05,0.0001775033333333342,0.00023200500000000005,0.0002456246666666667,9.331737798141649e-05,6.969689925233551e-05,6.199338439312261e-05,-1.327303152779554,-2.7243915520087905,-2.5977268289696425,0.4911310931130577,0.52508993421626,0.4297439455971522,92.46946363313678,54.44233981007265,47.3840224326955,58653.346999999994,64095.489,59320.63655
2024-07-16,64724.06,65388.97,62373.24,65043.99,42530.52915,6.469e-05,0.00011512000000000088,0.0002151971428571429,0.000237781,8.044294064734947e-05,7.96943600387357e-05,6.932860161882366e-05,-0.9909291752361625,-2.2835377467518194,-2.7331917609587815,0.4338665336671644,0.5191078161178218,0.42451943374359524,91.56058619881556,57.23990055130497,49.80111260633382,59334.73299999999,64007.640199999994,59435.52175
2024-07-17,65044.0,66128.63,63854.0,64087.99,29567.52954,4.989999999999998e-06,4.748666666666754e-05,0.00019412500000000007,0.00022794733333333334,3.70248164522942e-05,9.337455951912304e-05,8.025962414884325e-05,-1.1054103209329305,-2.4037263696107627,-3.3621071333745407,0.5487616687385768,0.5224185634135244,0.4259780712444664,85.16525426538631,60.14710305845231,48.6876695600533,60157.751000000004,63921.43220000001,59545.260299999994
2024-07-18,64087.99,65133.3,63238.48,63987.92,22568.7225,5.362e-05,4.110000000000087e-05,0.00017652642857142863,0.00022032266666666668,3.175823200357222e-05,9.508729273733449e-05,8.559967478726803e-05,-0.35861206985081623,-1.6360147513734977,-2.613538705126703,0.5779242857875099,0.5126161410340861,0.4253986427871582,87.9446403437306,71.60353358430248,48.69388404209516,60885.081000000006,63848.142199999995,59653.78199999999
2024-07-19,63987.92,67386.0,63300.67,66660.0,35634.72739,0.0001349,6.450333333333419e-05,0.0001706178571428572,0.00021912133333333334,6.563525907106742e-05,9.490725555298218e-05,8.656409097567351e-05,1.4753821190526037,-0.7255187058335273,-1.6191449996939062,0.6147198580114774,0.5374455203372042,0.39497945593767625,90.29618562459909,77.39538709682114,53.52318624035494,61746.081000000006,63814.2988,59766.18425
2024-07-20,66660.01,67598.0,66222.46,67139.96,14386.92434,4.890000000000002e-06,6.447000000000087e-05,0.0001591878571428572,0.00021369566666666666,6.568060520422146e-05,0.00010477086626604527,9.462641118829221e-05,-0.8913830776854457,-1.7839100322319528,-2.957759936468044,0.3941569660869381,0.526399073547834,0.39312138156369764,89.48983288348992,75.92051588337662,53.98894552236133,62687.492000000006,63806.2978,59877.1495
2024-07-21,67139.97,68366.66,65777.0,68165.34,21819.11191,-2.4730000000000002e-05,3.83533333333342e-05,0.0001373042857142858,0.0002059806666666667,8.491336899055438e-05,0.00010913186397231395,0.0001041688077919182,-0.9489596525483595,-1.7901247707492438,-3.003420495497317,0.3981416193904774,0.5287425393212912,0.39358984460527763,88.85951577971761,88.84979630539578,56.87334332941277,63770.037,63814.2676,60003.75005
2024-07-22,68165.35,68474.55,66559.97,67532.01,21451.04303,0.00017858000000000001,5.2913333333334194e-05,0.0001313978571428572,0.0002038846666666667,0.0001098335988362673,0.00010402466875912304,0.00010406286096706971,1.2709858457863799,0.09634441285240153,-0.7681188436345878,0.36953081935614,0.527176050073721,0.39189834638408405,72.69290264390196,84.63468876648867,60.7195459552071,64734.328,63809.5952,60120.6546
2024-07-23,67532.0,67750.98,65441.08,65936.01,31406.15316,0.00013661,9.682000000000087e-05,0.00012625500000000008,0.00020277733333333336,0.00010733672297956986,0.00010166683066614215,0.0001046130252961705,0.5620312055780989,-0.2283620501292957,-1.1824204575297244,0.4712930755178821,0.5182377435568201,0.39563160518867907,55.97642714147744,74.83465106508554,56.10091894906552,65407.527,63752.1174,60229.6091
2024-07-24,65936.0,67102.01,65111.0,65376.0,23082.56277,0.00030000000000000003,0.00020506333333333423,0.0001300335714285715,0.00020377,8.485339258583974e-05,0.00010732904206637096,0.00010541328169936033,1.3646752880516004,1.361347607346978,0.572909206167953,0.29247597242084367,0.45198585782122386,0.3950535076578261,59.11306766965652,73.73922368984688,56.73962054421355,65865.336,63648.8806,60336.6475
2024-07-25,65376.01,66175.49,63456.7,65799.95,35126.42934,0.00030000000000000003,0.00024553666666666754,0.0001300335714285715,0.0002067206666666667,9.433326048285827e-05,0.00010732904206637096,0.0001068654349761964,0.9049380525817966,1.2717697894837179,0.572909206167953,0.29007662922665434,0.44746280258064436,0.3945984960820193,62.258835754610374,76.19070911305721,56.19308041860019,65972.91699999999,63542.7196,60446.00215000001
2024-07-26,65799.95,68200.0,65722.63,67907.99,24244.36023,0.0002334,0.0002778000000000009,0.0001371042857142858,0.00020450066666666665,3.8451527927945495e-05,0.00011084269447594198,0.00010554445302840634,0.050596817639175416,0.6096148012400419,-0.13101408123404754,0.40134770881946835,0.450914016849435,0.40106703669632143,59.14054729464862,78.2864315677609,61.03975916096649,66259.31700000001,63484.898199999996,60550.78689999999
2024-07-27,67908.0,69399.99,66650.0,67896.5,31710.21921,0.00023678,0.00025672666666666754,0.00013602857142857149,0.00020239333333333333,3.7513892537656343e-05,0.00010971084427555033,0.00010419443404071778,-0.06835966549848264,0.674534644591811,-0.08349694633772452,0.39097828802430923,0.39522884908023503,0.3993706106610799,55.949325280733625,76.49131917777174,60.365492900272386,66640.168,63455.716199999995,60659.719399999994
2024-07-28,67896.49,68318.43,67066.66,68249.88,10868.69394,0.00020161,0.00022393000000000087,0.00013558000000000005,0.00019911366666666667,1.940342495523333e-05,0.00010940684249452173,0.0001025517175324656,-1.2022018563686692,0.37766869878905585,-0.4433285871404783,0.2862589273655412,0.3948878950996963,0.3986442779349681,50.7433787063355,74.56838657053981,58.58629113891394,67066.364,63434.5046,60767.69885
2024-07-29,68249.88,70079.99,66428.0,66784.69,36467.29633,0.00023984,0.0002260766666666675,0.0001475128571428572,0.00019710833333333333,2.1243922267950255e-05,0.00011112742093435882,0.00010108868237360225,-0.06959769440091391,0.724134295315573,-0.017428504666279973,0.36290181154376017,0.41064886801393863,0.4014078826625298,44.26731266664766,58.10938130915956,55.84409019819522,67078.833,63377.23560000001,60869.926499999994
2024-07-30,66784.68,67000.0,65302.67,66188.0,23132.25441,0.00014649,0.00019598000000000087,0.00015335571428571435,0.00019199133333333335,4.692897079622853e-05,0.00010855853534204519,9.957474048671477e-05,-1.647900782666768,-0.12078925454799182,-1.0021298546468156,0.3780188257473214,0.4128865583845825,0.40094389223444044,52.28303510758118,54.40628521819194,56.127513017745464,66983.637,63310.19560000001,60986.952849999994
2024-07-31,66188.0,66849.24,64530.0,64628.0,22625.43905,0.00014067,0.00017566666666666753,0.00016304714285714293,0.00018668033333333334,5.56518699894849e-05,0.00010001462657869597,9.784938195087921e-05,-1.099362480342971,-0.10555307640838243,-1.0313872808223943,0.24488920807649608,0.4298396364118221,0.40498903038770273,44.262694937974075,51.9874396142324,56.7572295025672,66629.903,63256.4708,61095.8529
2024-08-01,64628.01,65659.78,62302.0,65354.02,35542.26854,0.00028208,0.0001897466666666675,0.00017936571428571439,0.00018608300000000003,8.001594486929827e-05,9.942311004487167e-05,9.718620418455098e-05,1.3190462488679966,1.2166888697440317,0.5184358607600252,0.2991662285184038,0.430156503387364,0.4060599381431613,46.73110671605973,54.80631206232149,63.71707962668647,66412.104,63198.271400000005,61213.96125
2024-08-02,65354.02,65596.14,61230.01,61498.33,38820.42937,0.00030000000000000003,0.00024091666666666752,0.00019115857142857148,0.00018608300000000003,8.727730079079421e-05,0.00010345301533751067,9.718620418455098e-05,1.046320023667103,1.3317612375765158,0.7275314165572375,0.5030116112677359,0.5090391292009698,0.43028812776552144,12.597362886678724,33.23602983540597,57.22412081413414,65968.336,63092.7778,61308.8974
2024-08-03,61498.34,62198.22,59850.0,60697.99,28034.71567,0.00024035000000000001,0.0002741433333333342,0.0002079771428571429,0.00018409466666666668,3.060675796824757e-05,8.896695933183773e-05,9.536839832024582e-05,0.24656895434955442,0.7385531804787892,0.08479570367567983,0.5070098350683845,0.5002452712876728,0.42588484016121103,11.535366467498875,29.504419519312975,53.75028037519062,65500.534999999996,62985.857800000005,61396.6976
2024-08-04,60697.99,61117.63,57122.77,58161.0,31616.52003,0.00025343,0.0002645933333333342,0.00022784571428571435,0.00018528833333333333,3.1352761175482623e-05,5.9019725609279176e-05,9.602433344926667e-05,0.16333296284530716,0.7794143093116622,0.2641283607607575,0.5269510384896621,0.44615693865235645,0.4363674697728612,6.2908329665221885,20.96339956997869,53.4826100091859,64736.63999999999,62824.512800000004,61473.6221
2024-08-05,58161.0,58305.59,49000.0,54018.81,162065.59186,0.00020396,0.0002325800000000009,0.0002296585714285715,0.00018659,2.5633959896851634e-05,5.776655311983094e-05,9.60032381638201e-05,-1.3924991564125861,0.24994648235151917,-0.2818507195610771,0.6649022937144768,0.5303760758500147,0.46977526408868175,5.106372802772569,17.416056535547213,46.29211449370647,63347.721999999994,62571.3516,61537.07865
2024-08-06,54018.82,57040.99,53950.0,56022.01,55884.77676,5.206e-05,0.00016981666666666755,0.0002236192857142858,0.00017893733333333335,0.00010493709846058493,7.111921999925409e-05,9.730665171772138e-05,-1.6668126281794309,-1.3043445996172771,-1.9341373560048405,0.8398024568541306,0.5641919865901279,0.47865575699474633,17.467645219696834,26.55508773987468,47.26096907607676,62160.273,62361.7052,61608.89354999999
2024-08-07,56022.0,57736.05,54558.62,55134.16,44269.37684,-4.3480000000000004e-05,7.084666666666753e-05,0.00019908500000000008,0.000168779,0.00012478518555231676,9.720487616372766e-05,0.00010408617114252835,-1.412481562927905,-2.0453270176177454,-2.7603961393800427,0.7788367380977101,0.565017291263563,0.4795713039473361,18.25286845885627,26.149619347379115,46.55212829106577,60848.701,62160.882000000005,61676.08415
2024-08-08,55133.76,62745.14,54730.0,61685.99,48349.52949,6.87e-05,2.5760000000000865e-05,0.0001825635714285715,0.00016411533333333334,6.053805084401566e-05,9.838278770719305e-05,0.00010536648746602415,-0.3175650399609237,-0.947878659116459,-1.5166128031255788,1.398026483106321,0.7381285833517094,0.5583217812884901,41.17332247574109,42.54687686827883,54.96699640546412,60338.831000000006,62095.114400000006,61776.61245
2024-08-09,61686.0,61744.37,59535.0,60837.99,30972.48017,0.00012024,4.8486666666667525e-05,0.00017448071428571437,0.0001598866666666667,8.37107742965387e-05,9.85332731357323e-05,0.00010446298553619244,0.4387872652317754,-0.5632720195955525,-0.9489167546280758,1.3316998965868874,0.737543745325464,0.5590800187887307,48.1420226894142,36.57876612730956,53.347316382798596,59803.83,62014.47439999999,61882.96230000001
2024-08-10,60837.99,61470.58,60242.0,60923.51,9995.20621,-7.27e-05,3.8746666666667533e-05,0.00015237500000000009,0.00014746333333333334,9.989675937349523e-05,0.0001165498589082979,0.00010927623650353364,-1.212449853878553,-2.291161938791316,-2.7172925017369356,1.0239140228774801,0.7326730931827654,0.5539429972801333,50.66113260293492,36.800024533473945,52.007850689302344,59433.38100000001,61950.07340000001,61988.09185
2024-08-11,60923.51,61858.0,58286.73,58712.59,19189.84512,3.395e-05,2.7163333333334195e-05,0.0001403992857142858,0.00014411466666666665,9.664887497185864e-05,0.0001196735470072748,0.00011121213967891476,0.15873661960409585,-1.1918815407497658,-1.6071337136477408,1.1296011385026563,0.7447753776389084,0.5592630453785555,51.648553962427094,33.13203937824622,47.59955981416114,58769.238,61839.085,62081.2304
2024-08-12,58712.59,60711.09,57642.21,59346.64,37009.91743,7.658e-05,1.2610000000000862e-05,0.0001287378571428572,0.0001382726666666667,7.689392888903893e-05,0.00011716636851266356,0.0001099542812807327,0.42891568661648416,-0.7767127261911213,-1.156777000742757,1.0974830488493588,0.7443668022745267,0.5580153269431187,70.14855495307603,36.44635119931853,43.30224028385495,58554.069,61761.81760000001,62178.15815
2024-08-13,59346.64,61578.1,58392.88,60587.15,27858.95851,2.759e-05,4.604000000000086e-05,0.00012024500000000007,0.00013226266666666666,2.6638902004262496e-05,0.0001200542834112567,0.00011094093672278077,-0.13285792124227458,-1.0908234605421743,-1.562267185765801,0.4313158498692412,0.7523266611929049,0.5603120867184602,68.32112230187724,40.02808093547844,44.57339007633507,58542.98500000001,61767.6946,62271.976350000004
2024-08-14,60587.16,61800.0,58433.18,58683.39,28422.76326,-7.989e-05,8.093333333334198e-06,0.00010449071428571435,0.00012717366666666668,8.0036274484298e-05,0.0001311286728290874,0.00011709449183089262,-1.105321681674531,-1.7794342223275101,-2.4110956200750877,0.4936858571209332,0.7600971662591569,0.5652130216407197,63.17008532355756,39.54402999696923,43.567857520293465,58595.224,61705.24220000001,62354.79014999999
2024-08-15,58683.39,59849.38,56078.54,57541.06,37686.17622,-8.33e-05,-4.519999999999914e-05,7.839214285714292e-05,0.00012224066666666666,6.306104264910597e-05,0.00012941376006847467,0.00012279607451702267,-1.0809720058858143,-1.5856932697427302,-2.2944006752146575,0.49294096431703427,0.7431647692180448,0.5664308127781215,24.30326257983276,36.456139718295596,42.51317510050891,58947.449,61638.76359999999,62432.340149999996
2024-08-16,57541.05,59817.76,57098.62,58874.6,27610.84344,-0.00019178999999999998,-0.00011832666666666579,4.326428571428578e-05,0.00011568133333333333,6.364395519863158e-05,0.00013136437754550479,0.0001340180374822111,-1.3479567925154783,-2.044622477421552,-2.9491036665390378,0.4749849550013085,0.7544603114424488,0.5698750443100838,38.51903310048187,45.015905532569846,40.66860420517819,59232.708,61582.1262,62510.199649999995
2024-08-17,58874.59,59700.0,58785.05,59491.99,7721.72931,5.937e-05,-7.19066666666658e-05,3.033714285714292e-05,0.00011587300000000001,0.00012596702915178078,0.00011877997010820869,0.00013393030249044102,1.1292916205416086,-0.21164461289746267,-0.8820635921247953,0.47438623842210165,0.7564339204671763,0.5688432794625334,42.11935039911593,47.693021063518565,40.86342414115217,59668.490999999995,61563.4092,62592.9541
2024-08-18,59491.99,60284.99,58408.92,58427.35,13634.85717,-5.059999999999996e-06,-4.58266666666658e-05,1.1873571428571492e-05,0.00011120766666666668,0.0001304483699910646,0.00010004719775474624,0.00013567103412767597,0.5839295463267286,-0.602346735502095,-1.3588127398264291,0.43795889084831663,0.7552201674274698,0.5702948182670016,48.202922802035026,50.539919150981106,38.377503559674096,59342.62699999999,61512.22260000001,62672.19085
2024-08-19,58427.35,59617.63,57787.3,59438.5,22809.31251,-0.00012323,-2.2973333333332462e-05,-1.1497142857142794e-05,0.00010693700000000001,9.260861532992367e-05,8.937038663113925e-05,0.00014104324001088214,-0.5526494901457321,-1.3177766678932117,-2.16963590427576,0.38304809468301937,0.7619195057739137,0.5722029068997961,50.55248685242053,62.58362669719937,40.42656527563645,59202.67799999999,61445.5524,62753.968649999995
2024-08-20,59438.5,61400.0,58548.23,59013.8,31477.44548,1.1199999999999994e-06,-4.238999999999913e-05,-1.5135714285714221e-05,0.00010779866666666665,7.007765192978694e-05,8.760320996179481e-05,0.0001402880577839407,0.5172808325731497,-0.39001683314517993,-1.1788354333212154,0.3278457539594624,0.7574693402341434,0.5718581596165864,39.50751649547282,57.495894757462196,41.57869086557493,59011.706999999995,61367.8286,62833.03765
2024-08-21,59013.8,61820.93,58783.47,61156.03,27983.6422,-6.951e-05,-6.387333333333246e-05,-1.6994999999999935e-05,9.952900000000002e-05,6.236633413409536e-05,8.852246926848871e-05,0.00014325263192746813,-0.59758767141015,-0.8132584376086976,-1.6406300970852963,0.40109860220176335,0.7742648914227894,0.5790765414762873,65.98142704608257,64.1954459498217,45.0564517394941,59256.051,61348.239799999996,62923.76235
2024-08-22,61156.03,61400.0,59724.87,60375.84,21241.20588,-8.151999999999999e-05,-4.996999999999914e-05,-2.7724999999999935e-05,9.2258e-05,4.465088017041035e-05,8.641533889397051e-05,0.00014679752613252538,-0.48876256984119815,-0.8409633356775413,-1.658149289511749,0.43405340070548326,0.7317960801130505,0.5785326950656512,69.22187082984598,45.75699222678877,43.69843925680913,59358.971,61351.585,63012.72715
2024-08-23,60375.83,64955.0,60342.14,64037.24,38118.07089,-5.2550000000000003e-05,-6.785999999999912e-05,-4.006714285714279e-05,8.050633333333334e-05,1.4555311744936242e-05,7.527844766945201e-05,0.0001436717361037526,0.2777791209912882,-0.5256702826019181,-1.3951456349868006,0.5705473956586267,0.7722633501570182,0.5849619603648167,76.6068833297202,58.763949588897276,45.65973682245017,59703.979999999996,61491.3296,63119.369849999995
2024-08-24,64037.24,64494.5,63531.0,64157.01,15857.15616,4.9e-05,-2.8356666666665795e-05,-3.1374285714285653e-05,7.213966666666668e-05,6.854090481840575e-05,7.819065099679522e-05,0.00013763026567920465,1.4589095532453815,0.5880298634236485,-0.6470631110777857,0.5881127910502539,0.7449472058251516,0.5819226254439698,75.3421308810818,58.84118298773841,45.817075683444834,60251.342000000004,61641.894,63224.660149999996
2024-08-25,64157.02,65000.0,63773.27,64220.0,12305.47977,-3.229e-05,-1.19466666666658e-05,-3.610571428571422e-05,6.328333333333333e-05,5.3744665161537814e-05,7.590443340803584e-05,0.00013542630415646823,0.09828694877238192,-0.19025739012686374,-1.1881359546548482,0.5633195828157269,0.6562062680002938,0.5805432964439174,85.3105725986007,67.06279645446838,45.46277472984967,60919.236,61761.6914,63324.012149999995
2024-08-26,64219.99,64481.0,62800.0,62834.0,19470.05276,9.676e-05,3.78233333333342e-05,-3.466428571428565e-05,5.8616e-05,6.524694654407973e-05,7.836081190087413e-05,0.000131599484555151,1.356134699110631,1.3764212898565116,-0.24412298305635816,0.6015161048377738,0.6560295788929201,0.5822990846211628,69.79357092224473,60.32337513172507,45.543988491734865,61315.176,61901.215200000006,63411.7389
2024-08-27,62834.0,63212.0,58034.01,59415.0,35135.94178,0.00012299,6.248666666666755e-05,-2.784999999999994e-05,5.5995333333333336e-05,8.312018788071938e-05,8.777357837951228e-05,0.0001294184601162431,1.1144321673793718,1.4991115199925504,-0.03345760015608973,0.8006863605106759,0.7020578732445503,0.5964310453857222,51.733557560848524,46.92657069634336,42.81793850551788,61307.477,61955.2228,63473.15005
2024-08-28,59415.0,60234.98,57860.0,59034.9,36868.54275,-3.227e-05,6.24933333333342e-05,-2.4448571428571362e-05,4.6925e-05,8.310878553634442e-05,8.651545552074476e-05,0.00012556750841956986,-1.0177211423991752,-0.240930765494931,-1.1340350316800187,0.4609938445040844,0.5049544534050445,0.5961383487351842,39.18833369862456,51.00171383659042,43.9168803823145,61368.232,61974.9208,63529.5691
2024-08-29,59034.9,61166.99,58713.09,59359.01,27020.90743,-2.061e-05,2.3370000000000872e-05,-1.9970714285714218e-05,4.1355e-05,8.647020989908962e-05,8.484127247301916e-05,0.00012470182587915598,-0.6216192393538688,-0.02206235528833273,-1.015139646522537,0.47476494258395696,0.5031358007814656,0.5917793061717588,44.56436557090857,55.43411005182111,43.42225291466407,61360.28300000001,62007.583999999995,63584.864199999996
2024-08-30,59359.0,59944.07,57701.1,59123.99,28519.32195,7.441e-05,7.176666666667532e-06,-9.564285714285079e-07,3.9146333333333335e-05,5.851691835124173e-05,7.227021363312356e-05,0.00012346277304305298,0.3712267860841854,1.0671448904397136,-0.28912367777447456,0.4607207765206188,0.5031186534478903,0.5917782658130889,8.551895650236332,50.79785957747763,47.170016867809075,61371.302,62043.265999999996,63630.897800000006
2024-08-31,59123.99,59462.38,58744.0,58973.99,8798.409,5.6290000000000005e-05,3.669666666666753e-05,-1.1764285714285073e-06,3.1620000000000006e-05,5.044922331737128e-05,7.207687515717834e-05,0.00011471499941012235,0.2456756225269287,0.8199264074538558,-0.4010202065112598,0.46990166898853725,0.4773336643267078,0.5911262783331054,6.49799738804262,48.291703218057314,47.91280159653403,61153.098,62064.9638,63677.2698
2024-09-01,58974.0,59076.59,57201.0,57301.86,20705.15741,2.9900000000000044e-06,4.45633333333342e-05,-6.014285714285078e-07,2.1719666666666665e-05,3.712600346557687e-05,7.207562020945305e-05,0.00010296932186200854,-0.2795885530757236,0.2165210106089004,-0.7802936746112816,0.24511141316151464,0.49026791233809053,0.5902863045058951,4.2835656775512945,46.43127342046759,48.93761568085544,60845.7,62026.920600000005,63704.80324999999
2024-09-02,57301.77,59425.69,57128.0,59132.13,22895.01461,-3.501e-05,8.090000000000866e-06,5.700000000000063e-06,1.2541000000000002e-05,4.586316604850304e-05,6.392538113966968e-05,9.475364625324554e-05,-1.0584829088338081,-0.2273535424923657,-1.0421180907516174,0.41280881082413756,0.5017421537278856,0.5802668004430201,26.894014578126942,49.0765262169816,56.70641561697894,60355.189,61993.605,63741.063899999994
2024-09-03,59132.12,59809.65,57415.0,57487.73,22828.18447,0.00015966,4.254666666666753e-05,1.702428571428578e-05,9.415333333333333e-06,0.00010318744901065254,7.596115380849578e-05,8.782677836611263e-05,1.4532141088261141,1.9139583334003434,0.48968982201642186,0.4707226915859603,0.4975992661146144,0.584294141327827,34.54730012523606,45.71511842408589,51.940641566787626,59688.261,61848.8768,63767.882000000005
2024-09-04,57487.74,58519.0,55606.0,57970.9,35560.82146,1.789e-05,4.75133333333342e-05,2.326714285714292e-05,3.2130000000000017e-06,0.00010065912096440161,7.177861299525326e-05,7.981938046361674e-05,-0.3025292517973748,0.21427644836349277,-0.604805794938487,0.4880391554115914,0.4918139341217617,0.5805547100086447,41.607641463294605,40.138030968721274,53.79658300302173,59063.351,61707.415,63799.52329999999
2024-09-05,57970.9,58327.07,55643.65,56180.0,27806.91413,0.00013531,0.00010428666666666753,3.8755000000000065e-05,5.988000000000002e-06,7.580579551278543e-05,7.081570075260684e-05,8.296144527892458e-05,0.9202019595363313,1.5569470332664732,0.3425689526549976,0.5399419788785544,0.4986574054164042,0.5765688734632534,29.637107363795664,37.77383173866164,41.554761169251535,58397.951,61549.25519999999,63819.73494999999
2024-09-06,56180.0,57008.0,52550.0,53962.97,54447.76826,3.7069999999999996e-05,6.342333333333421e-05,4.5156428571428637e-05,8.673000000000001e-06,6.298998121388902e-05,6.580026029963964e-05,8.260795896160648e-05,-0.31604973426340144,0.28941318006466576,-0.419000295445146,0.5841083225736825,0.5202687851327595,0.5837595682910932,23.635713482972164,17.946737139106588,39.87991952240685,57852.748,61348.7562,63830.67615
2024-09-07,53962.97,54850.0,53745.54,54160.86,16694.04774,-0.00015427000000000003,6.036666666667526e-06,3.063714285714292e-05,1.2406666666666666e-06,0.00014726318254514904,8.462158184701798e-05,8.693798122144304e-05,-1.5578842071172756,-1.9068752150784267,-1.8779989323843305,0.42099710123173495,0.5179667163626616,0.5807466215933047,25.53257033751045,18.352612959782448,40.078152348660524,57365.344,61098.7734,63840.186349999996
2024-09-08,54160.86,55318.0,53629.01,54869.95,16274.14779,-7.499e-05,-6.406333333333247e-05,2.758714285714292e-05,-5.267e-06,9.61368448271818e-05,8.777488272489168e-05,8.500871075655842e-05,-0.6062776850311786,-1.0418123281576777,-1.2096128093726939,0.4703119790694289,0.5150369262875284,0.5816783744785965,36.29562424276286,21.561568722392465,44.102356945347886,56916.438,60853.3732,63855.28915
2024-09-09,54869.95,58088.0,54591.96,57042.0,32384.51737,-0.00018568,-0.00013831333333333247,7.412857142857204e-06,-9.033000000000001e-06,5.704410954099789e-05,0.00010196438114353415,9.042888320821695e-05,-1.0236245075436932,-2.012088955557668,-2.0077375103443487,0.6222597042171901,0.5461343687891906,0.5896251710885826,38.65850998368587,33.187384035907556,46.62232352437318,56708.239,60630.90640000001,63884.05705
2024-09-10,57042.01,58044.36,56386.4,57635.99,23626.78126,-0.00010084,-0.00012050333333333246,-8.574999999999939e-06,-1.3526e-05,5.790556133330744e-05,9.997676589706565e-05,9.15610744201652e-05,-0.059246118964737235,-1.0619661636491666,-1.2925537192319962,0.5476841370002616,0.5230996140882681,0.5897121374776974,50.9079974326644,43.82294628874966,45.59123541496228,56574.439,60432.986,63918.51625
2024-09-11,57635.99,57981.71,55545.19,57338.0,33026.56757,-0.00016412000000000002,-0.0001502133333333325,-1.799285714285708e-05,-2.1549333333333334e-05,4.409651838099381e-05,0.0001082485202903987,9.390892972613635e-05,-0.6084849651114875,-1.5989418928046155,-1.7178226484543997,0.31506738227876563,0.5213425718601737,0.5871132843159197,46.033934332125284,44.07425876725712,47.888820646334686,56578.053,60261.0258,63947.365150000005
2024-09-12,57338.0,58588.0,57324.0,58132.32,31074.40631,-5.447e-05,-0.0001064766666666658,-2.041142857142851e-05,-2.4284666666666668e-05,5.504188980517911e-05,0.00010868885993850147,9.362293414634314e-05,1.0849728078188259,-0.4958070443661968,-0.8420289996681727,0.30182296991223495,0.4499045537737029,0.5842991071522974,63.98037339809969,45.85248423579095,50.93804754872236,56478.072,60116.152200000004,63979.3825
2024-09-13,58132.31,60625.0,57632.62,60498.0,29825.23333,-3.381e-05,-8.413333333333247e-05,-2.8141428571428512e-05,-2.2748666666666668e-05,7.003648358766707e-05,0.00010521931870420637,9.305548217965311e-05,1.1148961864490203,-0.24831685687620306,-0.6654102461701114,0.3717902737155364,0.488457028045538,0.571628384597815,95.82120905733312,54.060574824260215,52.493885877909676,56779.099,60010.1132,64009.490150000005
2024-09-14,60497.99,60610.45,59400.0,59993.03,12137.90901,-5.5140000000000004e-05,-4.7806666666665804e-05,-3.610071428571423e-05,-2.181e-05,1.2126097200900392e-05,0.00010252118688834492,9.256436005144587e-05,0.5082459922603572,-0.45054725932251743,-0.8103946018777483,0.3669914419781237,0.48865218244104036,0.5716989490090636,89.2047555219065,52.94965578086254,50.77237123394591,56981.312,59851.814000000006,64024.2686
2024-09-15,59993.02,60395.8,58691.05,59132.0,13757.92361,-8.8e-07,-2.994333333333247e-05,-3.63771428571428e-05,-1.5446333333333335e-05,2.73358781334302e-05,0.00010241283869552814,8.686228472007362e-05,0.9907151742139954,0.14974569621033412,-0.3921623783885718,0.42238417325012423,0.4843154744658718,0.5716485264091047,78.076634743202,55.55841722964908,51.09310530017175,57276.512,59676.524000000005,64007.76810000001
2024-09-16,59132.0,59210.7,57493.3,58213.99,26477.5642,0.00012728000000000001,2.3753333333334203e-05,-2.478499999999994e-05,-1.3182666666666668e-05,9.36715801795077e-05,0.00011137240590092218,8.971722542232777e-05,1.7122912436105857,1.4757548122311865,0.5822214826671483,0.45396476526711177,0.42693084613309484,0.5727366355878505,59.248673056611274,47.04788007088729,48.094944276987555,57701.614,59475.80619999999,63993.183150000004
2024-09-17,58213.99,61320.0,57610.01,60313.99,33116.25878,0.00015767,9.469000000000086e-05,-2.4927142857142792e-05,-7.758333333333335e-06,8.414931194010355e-05,0.0001111198772240666,9.498968906239451e-05,1.2231264581477952,1.573410805900141,0.8105826906065011,0.5318215420637964,0.4533916454271768,0.5703794191941125,67.07472583524012,58.82868552778047,51.92257701235132,58316.927,59346.392199999995,63982.8136
2024-09-18,60313.99,61786.24,59174.8,61759.99,36087.02469,7.67e-05,0.00012055000000000086,-2.0726428571428516e-05,-1.0940000000000028e-06,4.090238257110388e-05,0.00011393887596207195,9.361242437438956e-05,0.1760328980053903,0.7352078490588729,0.18207778902734423,0.45371571803285654,0.4633594810269394,0.5734102355984271,74.59391035159557,61.16477448515755,50.91184419113331,59005.931000000004,59257.832,63981.67715000001
2024-09-19,61759.98,63850.0,61555.0,62947.99,34332.52608,0.00010533000000000001,0.0001132333333333342,-2.2867857142857084e-05,2.3796666666666643e-06,4.1059496262451266e-05,0.00011102512987739142,9.560956327454715e-05,0.2004935955225975,0.9796490118431017,0.38538969894319997,0.4451542958136095,0.4680928693461595,0.5741858897541136,75.65978842011478,70.67691959879758,53.83613156745901,59596.530000000006,59224.231799999994,63980.84725
2024-09-20,62948.0,64133.32,62350.0,63201.05,25466.37794,0.00013105000000000001,0.00010436000000000088,-1.6154999999999936e-05,9.064999999999999e-06,2.718798080021547e-05,0.00011757577548447272,9.740452250887416e-05,0.3769964101530834,1.1501225912310733,0.5915749990098078,0.3767313357573573,0.4674035524638408,0.5739780158507186,68.58770442313883,82.07203403951965,48.61176273708359,60153.036,59181.172399999996,63955.623949999994
2024-09-21,63201.05,63559.9,62758.0,63348.96,8375.34608,0.00022872000000000002,0.00015503333333333422,1.1201428571428636e-05,1.940633333333333e-05,6.509741341502287e-05,0.00012713517717268948,0.0001037197767689354,1.5302859422745132,1.7615110018963067,1.3170397623808467,0.2655172556740934,0.44453629024246066,0.5711685950128846,74.26905659667082,82.00960138236809,48.65973287209314,60754.132000000005,59218.185,63953.748700000004
2024-09-22,63348.97,64000.0,62357.93,63578.76,14242.19892,0.00021076,0.00019017666666666755,3.161214285714292e-05,2.8183333333333335e-05,5.198665630069435e-05,0.00013493186087680024,0.00010845361485317984,0.9077567402635396,1.4300329650771024,1.2130721762725136,0.191813666242534,0.4283597495017141,0.570920016656393,85.38847452878187,81.3880533215611,48.94226429734121,61298.776,59275.8004,63941.272300000004
2024-09-23,63578.76,64745.88,62538.75,63339.99,24078.05287,0.00013214,0.00019054000000000087,5.4313571428571494e-05,3.0954666666666663e-05,5.1366919315773574e-05,0.00012164288803438726,0.00011005432153180219,-0.5402624896577585,0.8339101068518564,0.6432500808522272,0.1610449614298576,0.4055933587721495,0.5707093824827982,95.73894359635742,76.37453065572035,50.867470218262476,61582.975,59379.38020000001,63923.856400000004
2024-09-24,63339.99,64688.0,62700.0,64262.7,23185.04759,5.037e-05,0.0001310900000000009,6.511428571428578e-05,3.3709999999999994e-05,8.020015523671371e-05,0.00011322905435203612,0.00010944940074823215,-1.4002973888472026,0.17369883405896228,0.015231059957532697,0.12547570123772112,0.4074408297649462,0.56629231734629,94.6055916407644,77.00756016545897,59.08884672495667,62009.942,59584.258,63904.548950000004
2024-09-25,64262.7,64817.99,62947.08,63152.01,17813.11168,3.7e-05,7.317000000000087e-05,7.948000000000006e-05,3.1718e-05,5.150519294200121e-05,9.282881954688058e-05,0.00010880422913944978,-1.0724613516649883,0.10897058279099267,-0.06778199801233693,0.22315721975891933,0.38727651028258425,0.5677500473184566,67.0134492317055,72.22319479853519,57.51325140086693,62411.94300000001,59726.85800000001,63878.74265
2024-09-26,63152.01,65839.0,62670.0,65173.99,28373.30593,0.00017895999999999998,8.877666666666754e-05,9.61535714285715e-05,3.358366666666666e-05,7.838663427731899e-05,8.774307893876366e-05,0.00011088323390830199,0.7437582572763081,1.152627619664599,1.1178516668206493,0.35386910805848015,0.34182180502141934,0.5732711749816936,72.59935186763424,74.60640830939522,59.99245279386958,63107.94299999999,59927.6546,63859.8332
2024-09-27,65173.99,66498.0,64819.9,65769.95,22048.80487,0.00018997,0.00013531000000000087,0.00011213785714285722,4.099166666666666e-05,8.531674571848714e-05,8.24709979959337e-05,0.00011371944928380298,1.0162495708026182,1.1311650429368405,1.228866018404664,0.3540573609866236,0.34084392738570307,0.5713439499933162,74.3829515814792,71.02239512428137,61.280475799273155,63653.53899999999,60009.3338,63828.29245
2024-09-28,65769.95,66260.0,65422.23,65858.0,9127.23316,0.00015169,0.00017354000000000086,0.00012691142857142865,4.673499999999999e-05,1.970715352335618e-05,6.733722502992675e-05,0.00011484638323914492,0.4142577971524749,0.7449681392829232,0.9053699603968666,0.3427030703818186,0.3423178880382925,0.5709363275318606,74.08851066443448,74.19148867716189,61.70915282258644,64063.33999999999,60109.734000000004,63800.32239999999
2024-09-29,65858.0,66076.12,65432.0,65602.01,8337.74111,0.00011106,0.00015090666666666756,0.00013490714285714292,4.795666666666666e-05,3.9460831635007175e-05,5.6820569600066835e-05,0.00011534477350414164,-0.3653757180365329,0.3359015811811087,0.56945552508411,0.34599701299839813,0.3189766615885368,0.5679103995544034,69.32739795381315,78.08912618205461,64.83244465363717,64328.74199999999,60203.304,63762.9704
2024-09-30,65602.01,65618.8,62856.3,63327.59,30011.08752,0.00021016,0.00015763666666666754,0.00014082714285714292,5.3085666666666666e-05,4.981691111787651e-05,6.0182844658710624e-05,0.00011908840010347128,1.0890166616238877,1.1346524427782338,1.4411320962385206,0.4617484542667409,0.3658707825203957,0.5739105979295137,49.91471567305359,69.86120152189736,57.380172854771985,64341.39599999999,60295.60400000001,63722.66365
2024-10-01,63327.6,64130.63,60164.0,60805.78,43671.48108,0.00030000000000000003,0.00020707333333333422,0.0001509935714285715,6.2986e-05,9.450781202274547e-05,7.374123213669986e-05,0.00012687164003640148,1.5124850282984295,1.903140467814364,2.2126802374645234,0.4307707662742866,0.41264299079139555,0.5628520021278928,30.51099910924451,51.84950903148347,55.66195594934431,64087.077999999994,60324.786799999994,63679.1933
2024-10-02,60804.92,62390.31,60000.0,60649.28,31534.70118,0.00023232,0.00024749333333333424,0.00016210928571428577,7.1897e-05,4.6802552636867336e-05,7.340908919459022e-05,0.0001291196435588619,0.42764559751492653,1.1253411163669562,1.6357817748494277,0.3828104344543074,0.4103070975126781,0.5619564548180891,34.18937649010209,45.37421963824837,54.62194473779955,63794.12999999999,60326.02939999999,63655.93654999999
2024-10-03,60649.27,61477.19,59828.11,60752.71,26221.43472,0.00013117,0.00022116333333333424,0.00016395500000000008,7.094733333333333e-05,8.496614404176903e-05,7.218634313096252e-05,0.00012855543237316972,-0.8534784029987846,-0.04848244589906097,0.8017491926319812,0.38435139810502195,0.3735647757593015,0.551669995566567,13.132404739031486,39.94934566910453,58.37887678183219,63535.40199999999,60367.41579999999,63617.73270000001
2024-10-04,60752.72,62484.85,60459.9,62086.0,21294.65994,9.459e-05,0.0001526933333333342,0.00016135071428571434,7.3504e-05,7.134303493212489e-05,7.409718031224574e-05,0.00012822613044260821,-1.2101532650749542,-0.6540650178902099,0.5035225324585484,0.5027804337795138,0.3822849834312156,0.521233233623828,22.64457213124018,45.35446547084746,65.38255125572198,63317.731999999996,60458.3146,63590.11275
2024-10-05,62086.0,62370.56,61689.26,62058.0,7807.46141,3.53e-06,7.643000000000088e-05,0.00014526571428571432,6.911133333333334e-05,6.57292294188269e-05,8.233219472307163e-05,0.00012829300902109634,-1.278973564300945,-1.9039424309686306,-0.3044237108495936,0.43253886733884717,0.37552640681323923,0.5141993448952239,21.528926610561427,44.567306883022,65.05163245467887,63208.33099999999,60521.982599999996,63590.71575
2024-10-06,62058.01,62975.0,61798.97,62819.91,8906.86177,8.04e-05,5.950666666666755e-05,0.0001359542857142858,7.055566666666667e-05,4.8993667277782464e-05,8.172462925201516e-05,0.00012816368746268157,-0.3355654417270998,-0.8087419342630915,0.3662101545408436,0.19519366198201785,0.36857666761355556,0.5129004734865997,30.624317487906865,46.943451127032915,65.1218580615247,62972.922999999995,60588.541,63565.61275
2024-10-07,62819.91,64478.19,62128.0,62224.0,25966.1852,5.798e-05,4.730333333333422e-05,0.00013065714285714292,7.763066666666667e-05,3.9531539728753394e-05,8.435205514152646e-05,0.00012098188678716993,-0.3286624766228568,-1.0139907208469343,0.166565714606389,0.23059303698656755,0.34366208118841846,0.43286917200705216,39.96891389512026,45.63064526863834,60.48555696477447,62618.328,60664.473999999995,63549.22640000001
2024-10-08,62224.01,63200.0,61860.31,62160.49,19702.22371,0.00013516,9.118000000000089e-05,0.00013671357142857148,8.463566666666666e-05,3.970320390085457e-05,8.112631438854746e-05,0.00011788456459706132,1.2526921132760658,-0.04587513425172077,0.856027010734226,0.23540916825858604,0.32898993551865774,0.4314589951715387,72.26274013572468,41.17567550549618,59.35598870125906,62248.577000000005,60718.9138,63541.04565000001
2024-10-09,62160.5,62543.75,60301.0,60636.02,20011.15684,0.00023077,0.00014130333333333423,0.0001505542857142858,9.851733333333333e-05,8.655865891594178e-05,7.931491553534755e-05,0.0001091519046206139,1.4971974202925897,1.106019319671381,1.6430798049998814,0.2608825866657038,0.33436513704746074,0.4358948296938732,49.84967758902919,39.793334485437114,56.49058614871821,61751.978,60751.3582,63524.275700000006
2024-10-10,60636.01,61321.68,58946.0,60326.39,23967.92481,0.00013622,0.00016738333333333422,0.0001475014285714286,0.00010641933333333333,5.4897022080677937e-05,7.895920746791812e-05,0.00010260653114705554,0.12144871100711416,-0.11504624771794318,0.7887166158671852,0.25692079336288676,0.333553271177896,0.4261921350193922,45.38286922316456,27.161712937483713,54.401963927511865,61451.85799999999,60734.765400000004,63489.85769999999
2024-10-11,60326.4,63417.56,60087.64,62540.0,23641.35209,4.770000000000002e-06,0.0001239200000000009,0.0001342728571428572,0.00011204899999999998,0.00011350095814570443,8.64549609226537e-05,9.12565856802053e-05,-1.2569007108620065,-1.5948698179889933,-0.3554687018004896,0.43031858544412765,0.37151482377781364,0.43445659797626274,54.12949514647194,36.79554361094316,54.12201819823995,61625.280000000006,60778.048599999995,63453.157649999994
2024-10-12,62539.99,63480.0,62487.23,63206.22,10911.30116,0.00010733,8.277333333333422e-05,0.00013110428571428578,0.00011744233333333333,6.908001182198894e-05,8.65803256843615e-05,8.568712508143365e-05,-0.19188574000491274,-0.27111650870815174,0.5322849327204756,0.4278055083735426,0.3742377397578181,0.4323171853826859,59.357549639291314,39.64852014645862,56.44425119741435,61880.974,60761.4282,63419.24875
2024-10-13,63206.23,63285.72,62050.0,62870.02,11909.21995,6.269e-05,5.8263333333334216e-05,0.00012764928571428578,0.00012065899999999998,5.142309727472708e-05,8.83879599758193e-05,8.152350202078373e-05,-0.5402005534960321,-0.7781135191377103,0.12161943175368034,0.4331785172286893,0.37457742314788117,0.42480988156763183,50.438826177188105,39.40178029018319,57.65804414024833,62092.705,60735.6884,63386.2489
2024-10-14,62870.02,66500.0,62457.81,66083.99,37669.95222,0.00025429,0.00014143666666666755,0.00013080142857142864,0.00013097333333333334,0.0001002501298419426,9.225898229003249e-05,7.801342759465187e-05,1.5144393452927407,1.425226889193068,1.7422133646520088,0.47482889419128704,0.42818843426662406,0.4381375149079872,73.17585717870418,59.966402621833254,64.73683422090716,62492.504,60772.968199999996,63362.765849999996
2024-10-15,66084.0,67950.0,64800.01,67074.14,43683.95423,0.00030000000000000003,0.00020566000000000087,0.00013080142857142864,0.00014100266666666668,0.0001259073734933473,9.225898229003249e-05,7.979798597123815e-05,1.2205106647323594,1.7272150818630678,2.0755059656305783,0.41614777424807764,0.4231050498017773,0.4362433497676042,76.54807250722061,75.48776917571189,63.2075711307588,62994.118,60857.77099999999,63348.88385
2024-10-16,67074.14,68424.0,66750.49,67620.01,29938.25544,0.00026825000000000004,0.0002741800000000009,0.00013336785714285722,0.00014570166666666665,2.3424873532070667e-05,9.573450275703937e-05,8.304651638293898e-05,0.6571702210224651,1.2590734616698764,1.7215379322329272,0.39310365144516546,0.4042060935475965,0.436008543364649,92.19602085635997,77.4737371483979,61.86631848117419,63474.128000000004,61021.8712,63339.073
2024-10-17,67620.0,67939.4,66666.0,67421.78,25328.22861,0.00030000000000000003,0.0002894166666666676,0.00014542714285714292,0.000150446,1.8330871046594932e-05,0.00010556503882433671,8.76895909208753e-05,0.6326681142990158,1.4587029550882809,1.8936536386947473,0.42462169274994016,0.4033227890450776,0.43326274185701075,93.45402210857513,76.0898429461843,59.437559198458935,63993.906,61189.6088,63319.78185
2024-10-18,67421.78,69000.0,67192.36,68428.0,28725.635,0.00030000000000000003,0.0002894166666666676,0.00016009928571428578,0.00015788933333333333,1.8330871046594932e-05,0.00011203236300727878,9.064144906831387e-05,0.7109715774652862,1.3145455921253386,1.8231531831007382,0.3779491035156339,0.4074728444968847,0.4328066628310959,92.31794229004686,75.46190350009991,60.68678208037591,64620.65700000001,61370.988600000004,63313.672849999995
2024-10-19,68427.99,68693.26,68010.0,68378.0,8193.66737,0.00030000000000000003,0.00030000000000000003,0.00018127571428571437,0.00016437833333333334,0.0,0.00010811188917147561,9.36666946323058e-05,0.44689885653319733,1.1830876701577004,1.7410607612790618,0.1605798196269337,0.4068301093494688,0.4322215727083865,90.78279164247401,75.32883399192798,60.32347591891676,65394.855,61556.0688,63328.2429
2024-10-20,68377.99,69400.0,68100.0,69031.99,12442.47378,0.00030000000000000003,0.00030000000000000003,0.00019696142857142864,0.00017001,0.0,0.0001082807287959268,9.66260173074411e-05,0.4468988565331935,1.10451804685579,1.6721980819976292,0.14147829408407353,0.37126538738943177,0.4245395183502528,96.27194398678563,75.11355936861918,61.00262736420729,66265.41500000001,61757.22880000001,63343.586449999995
2024-10-21,69032.0,69519.52,66840.67,67377.5,31374.42184,0.00030000000000000003,0.00030000000000000003,0.00021424857142857153,0.000172386,0.0,0.00010360375192623292,9.896746315212317e-05,0.0,1.10451804685579,1.6108465718280074,0.2873899661142342,0.33830409108602516,0.4279327819806719,62.684082016877184,69.19143846226457,57.70599235566835,66749.16500000001,61958.7416,63338.035
2024-10-22,67377.5,67836.01,66571.42,67426.0,24598.96268,0.00030000000000000003,0.00030000000000000003,0.00022602285714285725,0.00017536066666666667,0.0,0.00010329048600382652,0.00010147014406947236,0.0,1.047020923110535,1.5501761933771754,0.28651221537686666,0.3371522578264282,0.4033018746569742,54.23183316093668,69.63050504974461,56.24590293408532,67171.14300000001,62124.619000000006,63336.06189999999
2024-10-23,67426.01,67472.83,65260.0,66668.65,25530.2407,0.00030000000000000003,0.00030000000000000003,0.00023096785714285723,0.000180956,0.0,0.00010517522318485281,0.00010361021430145959,0.0,0.9523371461781337,1.4903188250811352,0.24763971464261375,0.3443108936809201,0.4044036210970996,39.111834425165085,73.85489104687963,57.04182595997862,67551.006,62308.237400000005,63324.925149999995
2024-10-24,66668.65,68850.0,66510.0,68198.28,22589.83877,0.00030000000000000003,0.00030000000000000003,0.00024266642857142864,0.00018927699999999998,0.0,0.00010290998558168755,0.00010278179397858549,0.0,0.8616804439393921,1.4358452808684148,0.3471141893432371,0.34526365548417426,0.40804333375089347,56.81118841860434,78.3887978084847,56.177741753478735,67762.435,62512.785,63319.1146
2024-10-25,68198.27,68771.49,65596.29,66698.33,34479.71125,0.00030000000000000003,0.00030000000000000003,0.0002637542857142858,0.00019804366666666666,0.0,7.753049342674492e-05,0.00010053726066813109,0.0,0.7882799541216821,1.3866306754674615,0.3686383343774191,0.3635639531825438,0.4081903107886432,36.03733344526722,65.81021491516525,51.82886613372266,67724.854,62723.151600000005,63294.50625
2024-10-26,66698.32,67454.55,66439.9,67092.76,11842.9077,0.00022323999999999998,0.00027441333333333423,0.00027203357142857154,0.0001995196666666667,4.431740666292244e-05,6.466238028970778e-05,0.0001005724638904534,-1.7883334290153023,-0.007917248658122678,0.7948086440208585,0.32653194964881976,0.36169254403006457,0.3825089203706756,40.17151142338448,65.08869491216761,52.40340894934276,67672.12899999999,62985.74739999999,63284.24005
2024-10-27,67092.76,68332.05,66913.73,68021.7,8653.19592,0.00029724,0.0002734933333333342,0.00028878714285714293,0.00020309533333333335,4.35425370566167e-05,2.3594307471515975e-05,0.00010211627921603667,0.38601461660584674,0.6542225266623464,1.2998790487460288,0.35034940536185033,0.3595063879646803,0.38298903291048625,42.58588728792842,69.12034988849999,54.58959061296514,67732.12100000001,63262.9642,63271.19315000001
2024-10-28,68021.69,70270.0,67618.0,69962.21,29046.75459,0.00028371,0.0002680633333333342,0.00029088857142857156,0.00020749600000000002,3.940321856557937e-05,2.1502929981927674e-05,0.00010266778363853664,0.08727306246314925,0.44246209482036525,1.1595676344465276,0.3771955026495321,0.3723165078421964,0.3881688794337328,68.20395221506772,65.89661148392538,62.745785869284504,67885.54199999999,63564.8094,63270.97305
2024-10-29,69962.21,73620.12,69760.0,72736.42,50128.60594,0.00030000000000000003,0.00029365000000000093,0.0002908885714285715,0.00021379400000000003,8.718205090130299e-06,2.1502929981927674e-05,0.00010234267723416377,0.5822863589550079,0.5782435794553568,1.2373417901954518,0.4472139454689319,0.3707467349165712,0.3978581183970579,77.02498315524507,70.24799890146281,72.69984687462122,68321.38399999999,63878.697799999994,63299.07255
2024-10-30,72736.41,72961.0,71436.0,72344.74,26885.99056,0.00030000000000000003,0.0002945700000000009,0.00029315642857142865,0.00021678866666666668,9.405035884757545e-06,2.0586397154618406e-05,0.00010354008245134305,0.5822863589550079,0.506394448363708,1.1957232454130262,0.3357910542654518,0.3709548894456974,0.39818695448803765,80.00253717221003,67.08376331433871,72.0550042807013,68652.659,64172.872800000005,63341.1737
2024-10-31,72344.75,72700.0,69685.76,70292.01,29352.10297,0.00030000000000000003,0.00030000000000000003,0.00029315642857142865,0.00021678866666666668,0.0,2.0586397154618406e-05,0.00010354008245134305,0.5375163455701771,0.45220813884043487,1.1555726619617566,0.5158537066075672,0.38361932324402864,0.39819755167059334,60.487054781136635,59.15098424179597,66.75701597829553,68944.11,64431.953,63364.32454999999
2024-11-01,70292.01,71632.95,68820.14,69496.01,38301.86755,0.00030000000000000003,0.00030000000000000003,0.0002931564285714286,0.00021904466666666667,0.0,2.0586397154618406e-05,0.00010462183611116887,0.44660056344763954,0.37424681611289634,1.1186499946059936,0.5402743364272794,0.389832518825385,0.3935270527861239,65.07614377323426,53.45133692811429,63.267076817518046,69151.111,64659.2268,63394.70465000001
2024-11-02,69496.0,69914.37,69000.14,69374.74,10521.67243,0.00030000000000000003,0.00030000000000000003,0.00029315642857142865,0.00022467233333333333,0.0,2.0586397154618406e-05,0.00010427216032342295,0.0,0.428434788860213,1.0904671724409174,0.47651873307025017,0.3883497668969565,0.38601613934869605,62.67014904489522,53.206254889442256,63.05647693505126,69421.72,64836.76159999999,63422.611399999994
2024-11-03,69374.74,69391.0,67478.73,68775.99,24995.70243,0.00030000000000000003,0.00030000000000000003,0.00029315642857142865,0.00023151933333333334,0.0,2.0586397154618406e-05,0.00010215846729922764,0.0,0.3484258139040359,1.0545061549109178,0.20007364207973358,0.3350908912840562,0.3868725193397366,54.347417623898416,49.173577196924356,60.69067740936668,69479.49100000001,65012.4208,63460.104499999994
2024-11-04,68775.99,69500.0,66835.0,67850.01,29800.39187,0.00030000000000000003,0.00030000000000000003,0.00029315642857142865,0.00024140166666666667,0.0,2.0586397154618406e-05,9.329871770137251e-05,0.0,0.3484258139040359,1.0255902477941983,0.1904080141929408,0.3361116227679691,0.37954460185098376,36.21390957911683,51.60065122259573,59.97997622264538,69594.65900000001,65186.780999999995,63482.00414999999
2024-11-05,67850.01,70577.91,67476.63,69372.01,33355.06888,0.00030000000000000003,0.00030000000000000003,0.0002931564285714286,0.00024872166666666673,0.0,2.0586397154618406e-05,8.873432392237926e-05,0.0,0.27627231395326163,0.9920819459269771,0.27834422867390196,0.3473636943891477,0.3663840928897331,23.75004096179603,55.99383494430452,62.163138581973264,69822.584,65409.941399999996,63509.77415
2024-11-06,69372.01,76400.0,69298.0,75571.99,104126.994787,0.00030000000000000003,0.00030000000000000003,0.00029315642857142865,0.00025678900000000005,0.0,2.0586397154618406e-05,8.150190500634214e-05,0.0,0.27627231395326163,0.9730784499194355,0.7805476450018012,0.49938510516130546,0.41779219902191156,63.208343326472956,70.5372655362599,71.7595523840073,70577.613,65715.1014,63562.93114999999
2024-11-07,75571.99,76849.99,74416.0,75857.89,44869.422345,0.00030000000000000003,0.00030000000000000003,0.00029315642857142865,0.0002622836666666667,0.0,2.0586397154618406e-05,7.852126685279935e-05,0.0,0.27627231395326163,0.9461435788658549,0.7699517550352925,0.4977412421605077,0.41739334808137807,76.63131059877688,68.74384859680241,72.64280940822971,71167.18100000001,65997.0594,63617.51484999999
2024-11-08,75857.89,77199.99,75555.0,76509.78,36521.099583,0.00030000000000000003,0.00030000000000000003,0.00029315642857142865,0.0002645913333333333,0.0,2.0586397154618406e-05,7.858045337958368e-05,0.0,0.27627231395326163,0.9391654766434762,0.7287438758522561,0.49721285708635615,0.40899061797996455,84.0283646927829,75.0493125350036,71.33765530757866,71544.51699999999,66268.2952,63665.96715
2024-11-09,76509.78,76900.0,75714.66,76677.46,16942.07915,0.00030000000000000003,0.00030000000000000003,0.0002986392857142858,0.00027005066666666667,0.0,4.359429152188062e-06,7.4960262297338e-05,0.0,0.2762723139532585,0.9203702517734665,0.6700563242108476,0.49709420788034697,0.40881156603377083,85.2714114321756,74.75704532398238,70.89438989964175,71977.789,66537.82340000001,63717.28445000001
2024-11-10,76677.46,81500.0,76492.0,80370.01,61830.100435,0.00049716,0.00036572000000000096,0.00031291928571428577,0.0002864636666666667,0.00011383037907339945,5.3205493132344925e-05,6.850003949077198e-05,1.788651524097924,3.9673689721449406,2.5055988303623424,0.6955018806042739,0.5089460555102556,0.42105931339897323,93.11333201447079,77.91066731219837,74.5835750719538,72985.589,66878.2444,63797.686550000006
2024-11-11,80370.01,89530.54,80216.01,88647.99,82323.665776,0.00056878,0.0004553133333333342,0.0003332814285714286,0.00030184533333333334,0.0001391906237263396,8.575798019448913e-05,7.803429359889528e-05,1.3496584714945303,3.28239713485942,2.9082318239958114,0.7889384358807002,0.6337002111731055,0.47851123403645285,99.99999999999663,82.82975972113469,77.74931462980126,74900.787,67379.629,63918.434799999995
2024-11-12,88648.0,89940.0,85072.0,87952.01,97299.887911,0.00131624,0.0007940600000000009,0.00040587,0.0003436303333333333,0.00045363677143723185,0.00027553306307258145,0.00019440562446603756,1.7151314758351042,4.0203883327509145,5.837703762148486,0.8319969852921326,0.6312784262134921,0.47268962647597645,96.51521433048792,78.83884873486949,75.86283272992426,76758.514,67871.8694,64039.34479999999
2024-11-13,87952.0,93265.64,86127.99,90375.2,86763.854127,0.00044957,0.0007781966666666676,0.0004165535714285715,0.00035013966666666666,0.00046975602969342355,0.0002740077744996828,0.00019458029395713166,-0.44412743074667455,0.3088999788827638,1.136597141965513,0.8037826598670724,0.6327763998146843,0.47402143679559805,95.70254588250275,81.73049442697506,76.93558784668336,78918.435,68394.11940000001,64173.91090000001
2024-11-14,90375.21,91790.0,86668.21,87325.59,56729.51086,0.00030000000000000003,0.0006886033333333343,0.0004165535714285715,0.0003501396666666667,0.0005486698781902723,0.0002740077744996828,0.00019458029395713166,-0.8198947110769165,-0.32598067522652097,0.30024333685373283,0.9750883218581209,0.6480258378955085,0.4820074328599088,80.24361143695951,78.96004455814828,72.07052166721401,80865.99299999999,68877.591,64294.94575
2024-11-15,87325.59,91850.0,87073.38,91032.07,47927.95068,0.00030977,0.00035311333333333425,0.00041725142857142866,0.00035152366666666666,8.367663732086206e-05,0.00027370036457235173,0.00019412487643683427,-0.6623489164720898,-0.30570883127630566,0.3382702370152466,0.9654049967427131,0.6578570566543596,0.4863834952919761,82.9850087242012,83.31770796590152,73.64855576235165,83031.999,69394.75259999999,64430.776099999995
2024-11-16,91032.08,91779.66,90056.17,90586.92,22717.87689,0.00033231000000000005,0.00031402666666666764,0.0004195592857142858,0.0003526006666666667,1.6570257491268744e-05,0.0002727702818085529,0.00019391868548146034,-0.4786819137696144,-0.21714578110747101,0.4470486101803072,0.5761207876594635,0.6634793687634083,0.48218208877213997,81.19980584039712,82.4910425228925,73.04460972714092,84533.492,69891.09199999999,64580.350699999995
2024-11-17,90587.98,91449.99,88722.0,89855.99,23867.55609,0.00036342000000000004,0.00033516666666666764,0.00042408928571428583,0.0003547146666666667,2.6938838752385436e-05,0.0002711538096432931,0.00019367101493448645,0.2058725638399854,-0.10114810759227978,0.5957671632654472,0.5765481896242317,0.6670416346309973,0.4816593133057968,74.53780060550228,82.1583631576182,71.57313129897929,85933.302,70371.0518,64737.8058
2024-11-18,89855.98,92594.0,89376.9,90464.08,46545.03448,0.00067768,0.0004578033333333343,0.0004510664285714287,0.000367304,0.00019105305397540087,0.00027659167662562925,0.0002020842749363705,1.7675740320804325,1.1350920239876845,2.205842760642099,0.5267903336696794,0.6566798236853437,0.4805906688697556,57.78807368798983,84.83652885427027,74.4471416644773,87328.732,70868.2932,64894.82315
2024-11-19,90464.07,93905.51,90357.0,92310.79,43660.04682,0.00069781,0.0005796366666666676,0.00047948142857142864,0.00038056433333333333,0.00018751943748136578,0.00028028776086392904,0.0002103964128395584,1.1411959544687864,1.1030976371224304,2.1783473077786257,0.3886126228756139,0.6535700462075941,0.4818256282318667,67.01298032186585,84.98672447053089,75.3845871361188,88892.06499999999,71447.9572,65041.96705
2024-11-20,92310.8,94831.97,91500.0,94286.56,42203.198712,0.00030000000000000003,0.0005584966666666676,0.0004794814285714286,0.00038056433333333333,0.00022409082808836194,0.00028028776086392904,0.0002103964128395584,-0.8875345610074545,-0.5091977449458649,0.12132889398271413,0.2607737750193583,0.6277442308429305,0.4831027541623821,65.81914688814567,82.76600073324285,77.48927667870531,90283.72,72117.57280000001,65193.93965000001
2024-11-21,94286.56,98988.0,94040.0,98317.12,69228.360477,0.00030000000000000003,0.00043260333333333434,0.00047948142857142864,0.00038056433333333333,0.00022967571058631205,0.00028028776086392904,0.0002103964128395584,-0.828163686066941,-0.5091977449458649,0.11375800151121719,0.35473895043023995,0.6264721152017895,0.490775455936033,91.18624608334996,84.76384386752758,78.55683807117828,91250.633,72870.9296,65365.46525
2024-11-22,98317.12,99588.01,97122.11,98892.0,46189.309243,0.00030000000000000003,0.00030000000000000003,0.00047948142857142864,0.00038056433333333333,0.0,0.00028028776086392904,0.0002103964128395584,-0.7298526761976487,-0.5091977449458649,0.09979641482821988,0.27887113007334935,0.6228618875047711,0.49001167648383,88.48345441529969,84.7274337513415,81.0690751156638,92344.632,73633.7154,65544.0993
2024-11-23,98892.0,98908.85,97136.0,97672.4,24757.84367,0.00030000000000000003,0.00030000000000000003,0.00047948142857142864,0.00038056433333333333,0.0,0.00028028776086392904,0.0002103964128395584,-0.44718845928434003,-0.5091977449458649,0.07919259634985594,0.38466088269031395,0.6261039682163841,0.4921020327774211,82.24618487712624,81.5452672498003,79.04876982995683,93074.352,74345.4434,65720.9009
2024-11-24,97672.4,98564.0,95734.77,97900.04,31200.97838,0.00049376,0.00036458666666666764,0.0004792385714285715,0.000387023,0.0001118673881581543,0.0002802727374391836,0.0002108115747517604,1.7886479648634135,0.23817731596049027,1.062096421281438,0.39420131221872096,0.6145205945402359,0.4884373892247713,88.36620322895453,79.4004005692863,78.76584953507603,94131.79699999999,75062.2842,65904.43595
2024-11-25,97900.05,98871.8,92600.19,93010.01,50847.45096,0.00056268,0.0004521466666666676,0.0004788028571428572,0.0003983376666666667,0.00013619452167149546,0.0002801275317100824,0.00021082710202805253,1.3456857568084946,0.46668997277066815,1.3735459562276726,0.643214950403784,0.6820241148786707,0.5054151299727581,58.62139261329916,58.25370431059813,70.99712808395353,94329.59099999999,75666.0862,66054.11594999999
2024-11-26,93010.01,94973.37,90791.1,91965.16,57858.73138,0.0006943699999999999,0.0005836033333333342,0.0004343835714285715,0.00041157533333333334,0.00010192856534518617,0.00016116733919976011,0.0002166477572678793,1.3092251825605261,0.9119875668905186,1.9535756059777498,0.4329726611727162,0.610248601596556,0.5071238952264252,48.76236542429108,57.49463368428695,68.08781149665911,94467.41500000001,76260.9094,66209.9418
2024-11-27,91965.16,97208.21,91792.14,95863.11,41153.42734,0.00058,0.0006123500000000009,0.00044370000000000005,0.0004214516666666667,7.155736090713972e-05,0.00016581551862051352,0.0002173700433962749,0.369898747525672,0.3977780093378267,1.3268401873811297,0.636673681966885,0.6242061947959695,0.5146652503459314,54.96222658258763,59.71371677891255,70.75389696422866,95068.127,76934.96179999999,66385.1274
2024-11-28,95863.11,96564.0,94640.0,95643.98,28814.54357,0.00036185,0.0005454066666666675,0.00044811785714285717,0.00042351333333333336,0.00016893759686146758,0.0001624828295865283,0.00021646984933535392,-1.444782781749607,-0.5060451467912539,0.21771223247882412,0.6335625352573642,0.6269696298366159,0.5144844797665634,38.93025389925964,66.36333557192103,73.12016645955516,95586.117,77635.121,66555.92735
2024-11-29,95643.99,98619.99,95364.99,97460.0,27701.78231,0.00054287,0.0004949066666666675,0.00046476785714285717,0.00043160900000000006,0.00011671639402126668,0.00015912390741320038,0.0002162327091169959,-0.04579919152856867,0.18924493807680515,1.0935204635114788,0.6639710708423769,0.6264209542198635,0.5046514459187625,44.6226949310615,63.660571480543695,75.03645256510544,96101.03799999999,78377.7932,66728.52695
2024-11-30,97460.0,97463.95,96092.01,96407.99,14503.83306,0.00037972,0.0004281466666666676,0.00046815428571428576,0.0004342663333333333,9.975428127818543e-05,0.00015657215990446085,0.00021504615760317933,-0.9402250345640353,-0.4627663449381166,0.270866068802776,0.4346263446214959,0.6128795735635799,0.4923888368035621,45.19149078578945,62.05980980493274,73.80639336607634,96313.181,79055.15299999999,66902.67945
2024-12-01,96407.99,97836.0,95693.88,97185.18,16938.60452,0.00045482000000000004,0.00045913666666666763,0.00047468285714285716,0.000439427,8.1660613721227e-05,0.0001537492357669016,0.00021356551749547443,-0.09352419171855891,-0.12869468923252775,0.6267421741976812,0.3885977690199907,0.46467038489254164,0.491716210922813,47.39048475671392,65.15521022578625,74.9397119482059,96199.987,79734.7322,67057.57285
2024-12-02,97185.17,98130.0,94395.0,95840.62,37958.66981,0.00063669,0.0004904100000000009,0.000471755,0.00045065000000000003,0.00013213016801621883,0.00014992901370316952,0.00021482878576464028,1.402394605914139,1.2518080586918885,1.4765155075593261,0.2590396424102551,0.4684944531237233,0.494431667452822,63.941542853367125,60.78894244468271,74.39298180666209,95894.849,80394.1442,67210.5999
2024-12-03,95840.61,96305.52,93578.17,95849.69,35827.32283,0.00049657,0.000529360000000001,0.00045738071428571436,0.00045720233333333335,9.526574568014651e-05,0.00013554603501079654,0.00021306596358687047,-0.05783046806912759,0.28621270847629643,0.7573007320680623,0.2579558638623868,0.4572323431551721,0.49348856678839703,71.30627374277229,57.66684027130505,73.69945031790824,95712.578,80989.45820000001,67354.72835
2024-12-04,95849.69,99000.0,94587.83,98587.32,43850.53728,0.00076122,0.0006314933333333342,0.000490325,0.00047257633333333326,0.00013240150918070404,0.0001496664285233273,0.00021791641960709136,1.413038822460611,1.7941050838429535,1.9912411942857409,0.32294832093156434,0.43686434921698086,0.4957713896224801,67.12131439323362,59.019626594720286,71.9615992891433,95781.30600000001,81619.7218,67513.08894999999
2024-12-05,98587.32,104088.0,90500.0,96945.63,109921.729662,0.0014713,0.0009096966666666675,0.0005739892857142858,0.0005116196666666666,0.0005040422934966163,0.00029342708239709394,0.0002815642468055936,1.7106000391452256,3.487413750768297,4.439222636310062,0.3480343770610402,0.41641439732362384,0.49929297841046283,56.93978676009932,46.80338892190492,69.61474338486865,96174.868,82206.2342,67666.44705
2024-12-06,96945.63,101898.99,95981.72,99740.84,45049.5331,0.00034634,0.0008596200000000009,0.0005772992857142858,0.0005131643333333334,0.000568898646860753,0.00029034377079234383,0.00028048832001847674,-0.908586493394442,-0.7083212584102603,-0.15953781490101895,0.421000347781727,0.428210959263893,0.5001853654238408,61.01072087867538,51.792875977182355,70.77981485609004,96952.436,82852.6154,67807.91815
2024-12-07,99740.84,100439.18,98844.0,99831.99,14931.9459,0.00058436,0.0008006666666666677,0.0005976107142857143,0.0005226429999999999,0.0005928534228064545,0.00027918463288282376,0.000277828505068552,-0.3356642023380364,0.14065868263148312,0.795372052257548,0.3761916444792003,0.4247052546253458,0.499995485522718,68.21954983237931,54.789694701011925,70.73975472939246,97349.324,83480.6952,67956.3364
2024-12-08,99831.99,101351.0,98657.7,101109.59,14612.99688,0.00051137,0.0004806900000000009,0.0005988685714285716,0.0005296886666666667,0.00012193984951603946,0.0002787200289746923,0.000274649595010708,-0.5106353063707348,-0.104177021641342,0.4743804971636675,0.3668383413464338,0.42586978643811974,0.4933234073083558,69.82644077797528,56.801597349163316,69.41666076852223,97895.88500000001,84135.32699999999,68116.05125
2024-12-09,101109.6,101215.93,94150.05,97276.47,53949.11595,0.0006256,0.0005737766666666675,0.0006033628571428572,0.000540542,5.784572960321269e-05,0.0002785988686936248,0.0002716772842204238,-0.18682869735463442,0.345968545191281,0.9175585098965807,0.49730939308440997,0.45985375240716225,0.5058316061509274,55.796509942695856,59.46538120563075,58.8114407558512,97877.532,84700.2166,68262.58535000001
2024-12-10,97276.48,98270.0,94256.54,96593.0,51708.68933,0.00030000000000000003,0.00047899000000000097,0.0005751935714285716,0.00053397,0.00016519742219536703,0.00028845248737163656,0.0002751257127331108,-1.2036619259209036,-0.8997998162424201,-0.4695775073284827,0.4786958293401231,0.45374080798751215,0.5021882555896192,52.84577870989244,60.43443754001729,58.82647123175506,97896.03300000001,85284.5266,68402.80040000001
2024-12-11,96593.0,101888.0,95658.24,101125.0,37753.78291,0.00030000000000000003,0.0004085333333333343,0.0005551935714285715,0.0005250106666666668,0.00018798524764812645,0.0002976538111918576,0.00027831095927885837,-1.0567659174544213,-0.8997998162424201,-0.4893344194750574,0.5865447187891702,0.46087502168568995,0.5110928213314176,58.54193819407514,61.53424945801546,60.52702705349064,98290.015,85958.50660000001,68561.97255
2024-12-12,101125.0,102540.0,99311.64,100004.29,29232.08745,0.00030000000000000003,0.00030000000000000003,0.0005507757142857144,0.000491136,0.0,0.0003011822940120795,0.00023754592024455726,-0.7041757128742179,-0.8997998162424201,-0.5155105164555139,0.5989187421732882,0.4634437804333571,0.5122186077145114,60.66979877571166,59.19453191983432,62.903426068403796,98706.382,86625.21940000002,68719.45565
2024-12-13,100004.29,101895.26,99205.0,101424.25,21904.03923,0.00030000000000000003,0.00030000000000000003,0.0005334278571428573,0.00048615033333333335,0.0,0.0003085764771726627,0.00024000527253524798,-0.4471828850783006,-0.8997998162424201,-0.5199499684844009,0.6016355790787213,0.4630292898452727,0.5015082589458187,56.495634746381626,58.50136626611192,61.092640301533315,99263.838,87289.7388,68879.39475
2024-12-14,101424.24,102650.0,100609.41,101420.0,14191.70326,0.0002675,0.0002891666666666676,0.000525412142857143,0.00048506699999999994,1.8763883748494696e-05,0.00031428120013229954,0.0002409459953678399,-1.7876244589848147,-0.9563535506742341,-0.6596536105626113,0.4405573804781843,0.46309637954513544,0.5014347371952315,56.16889297037788,61.25403669275301,61.67312978079349,99547.106,87984.1722,69044.5028
2024-12-15,101420.0,105250.0,101237.14,104463.99,22228.921775,0.00028194,0.00028314666666666763,0.0005130635714285716,0.0004841393333333333,1.628356635774248e-05,0.000320601041137699,0.00024169658456968255,-0.538204072006843,-0.8340619788510303,-0.5975794591342799,0.4348748024713653,0.41117379064651227,0.504541984198824,61.458240819809205,64.83388025226242,64.99337778795575,100298.942,88731.5968,69228.56065
2024-12-16,104463.99,107793.07,103333.0,106058.66,41302.40274,0.00029181,0.0002804166666666676,0.0004884292857142857,0.0004827893333333333,1.2226382675468341e-05,0.00032360697138693556,0.000242684958386655,0.25822202860487675,-0.7229017391903053,-0.5533951273061904,0.2979999382271222,0.40552310049657597,0.5042552473784814,85.41476967993029,70.61375406906816,65.6882640375228,100930.724,89492.336,69417.0931
2024-12-17,106058.65,108353.0,105321.49,106133.74,29064.936466,0.00027866,0.0002841366666666676,0.0004728642857142858,0.000479964,6.844679198253564e-06,0.0003283905095535502,0.0002446083395482619,-0.4264422802914346,-0.708024756797054,-0.6090939610754246,0.2331235521189623,0.3754095480659482,0.5041984843418827,90.45888864575318,70.69181220681816,64.41999850197175,101560.899,90215.7666,69610.06175
2024-12-18,106133.74,106524.98,100000.0,100204.01,50307.99755,0.00029159,0.00028735333333333425,0.00043931928571428575,0.00046709433333333336,7.529451064122528e-06,0.0003205622294432231,0.00024400312682683087,0.917631109496975,-0.6440896262447199,-0.5515042474622753,0.6322372683525483,0.4606460169745539,0.5286456199061071,46.508330433052656,52.88255773441811,55.70260437998108,101470.34099999999,90765.11839999999,69772.24755
2024-12-19,100204.01,102800.11,95700.0,97461.86,55147.398,0.00030000000000000003,0.0002900833333333343,0.000355655,0.000453834,1.0749485258700796e-05,0.0001216272834871636,0.00024183236965104717,1.308962634368375,-0.5663010607468261,-0.5145789907772582,0.6661298082974798,0.47145744351713953,0.5352216317772488,41.41641058675025,50.885681648717714,49.15480358467524,101488.87999999999,91267.4608,69920.7287
2024-12-20,97461.86,98233.0,92232.54,97805.44,62884.1357,0.00030000000000000003,0.0002971966666666676,0.00035234500000000006,0.000453834,4.855515763237784e-06,0.0001225275082301205,0.00024183236965104717,0.8675394249880529,-0.5486910485806784,-0.514578990777258,0.5610851974242234,0.46909311470469406,0.5299461805250852,36.82483279874864,46.374495812515896,48.92129384377947,101610.124,91817.7294,70065.7064
2024-12-21,97805.44,99540.61,96398.39,97291.99,23483.54143,0.00021206000000000003,0.00027068666666666763,0.00032575214285714295,0.0004509026666666667,5.07721826724729e-05,0.00010781653713450311,0.00024428191327085727,-1.738002838054093,-0.8023428830846318,-0.8901620645310058,0.48961481290710707,0.4685508457528532,0.5305348760153101,35.50827970918161,45.31603141725591,49.61696922684113,101226.823,92373.649,70199.47714999999
2024-12-22,97292.0,97448.08,94250.35,95186.27,19353.83036,0.00029629,0.00026945000000000094,0.0003103892857142858,0.000450779,4.973580299938486e-05,9.373738253264442e-05,0.0002443618673670459,0.427427204826484,-0.45351564968806984,-0.5216880348271564,0.45046683001841514,0.474304689418112,0.5333185301961446,15.132835953271737,39.400641617527,47.367110777188586,100745.02100000001,92889.87960000001,70319.8685
2024-12-23,95186.28,96538.92,92520.0,94881.47,32810.76703,0.00028981,0.0002660533333333343,0.00028640428571428576,0.00045043933333333334,4.687171464035576e-05,2.359734167382721e-05,0.0002445856591636395,0.26775387409062784,-0.4384054693256135,-0.5490444431634733,0.2533231978121715,0.47445595136452223,0.5321099747361588,3.4846198471679486,45.094939042070756,51.9930037311415,100090.743,93411.9892,70440.28055
2024-12-24,94881.47,99487.99,93569.02,98663.58,23674.22488,0.00030000000000000003,0.0002953666666666676,0.0002864042857142858,0.00044398066666666666,5.157366898626714e-06,2.359734167382721e-05,0.00024595668787388435,0.5358234336291905,-0.3352025737491429,-0.5045326978299592,0.43006825333554144,0.4892055603997114,0.5338251654756241,26.242276519983506,53.76302149591544,56.74048059893417,99815.101,94028.26060000001,70586.82045
2024-12-25,98663.58,99569.15,97632.02,99429.6,14474.1651,0.00030000000000000003,0.0002966033333333343,0.00028640428571428576,0.00043522466666666665,5.883199242508721e-06,2.359734167382721e-05,0.0002462607919250375,0.5358234336291905,-0.31427900950496634,-0.5120892713810131,0.4325242142595595,0.48418991966982305,0.533831004905071,46.33253234802683,46.43016867526433,53.8303168630825,99311.66200000001,94629.4124,70737.41615
2024-12-26,99429.61,99963.7,95199.14,95791.6,21192.36727,0.00025865,0.0002862166666666676,0.0002834507142857144,0.0004207006666666667,2.3873433630858722e-05,2.4340810448752834e-05,0.0002432807986943068,-1.7361787567775735,-0.6498228029991492,-0.6893901098150907,0.5584580472125871,0.49462782162545943,0.5443087841967461,42.70863163629248,41.97995622062481,50.147694024242156,98284.956,95033.8046,70868.13345
2024-12-27,95791.6,97544.58,93500.01,94299.03,26501.26429,0.00030000000000000003,0.0002862166666666676,0.0002834507142857144,0.0004113673333333333,2.3873433630858722e-05,2.4340810448752834e-05,0.00024232778480645173,0.5753774381827556,-0.1675952233472261,-0.5099082978569316,0.541755167806502,0.4978186214919475,0.5438743643736237,36.08862249031156,36.47253278007351,46.816842757384904,97101.48500000002,95402.62739999998,70991.9286
2024-12-28,94299.03,95733.99,94135.66,95300.0,8385.8929,0.00022812,0.0002622566666666676,0.00028063785714285726,0.0004069096666666667,3.6075471352803234e-05,2.8282187974038043e-05,0.000244490419986978,-1.499014560309713,-0.9080783824080334,-0.8166247298137324,0.5513442582109009,0.496606449144675,0.5373965212479321,42.39128691027176,38.80467598683291,48.88308473007529,96611.084,95778.43179999999,71131.85740000001
2024-12-29,95300.0,95340.0,93009.52,93738.2,13576.00578,0.00028013,0.00026941666666666764,0.0002805085714285715,0.00039815166666666666,3.711826010640792e-05,2.8279914551468906e-05,0.0002441578201602582,0.22102373855134796,-0.14790842832525164,-0.5876927278574703,0.37679529577421794,0.47456739544351906,0.5393615557680128,44.229081631430596,29.25431275422318,46.57936300958796,96238.71800000001,96119.64660000001,71259.22845
2024-12-30,93738.19,95024.5,91530.45,92792.05,27619.4225,0.00018749,0.00023191333333333428,0.00027305714285714294,0.000391744,4.6436348191118686e-05,3.735916702022391e-05,0.00024716217340597517,-1.4291875150438105,-2.777515503217225,-0.9775329238660504,0.32658188872625593,0.4754017793494586,0.5342192163106487,42.07810052154753,23.679585812785163,46.95061581441983,95737.379,96368.08739999999,71389.32365
2024-12-31,92792.05,96250.0,92033.73,93576.0,19612.03389,0.00030000000000000003,0.0002558733333333343,0.00027458142857142865,0.00038658333333333334,6.004926671764528e-05,3.803459252544784e-05,0.00024741591844272537,0.8220035571779056,0.6674151211947357,-0.48983965298847,0.2518898517276142,0.4274882866945086,0.5327768950703325,25.035085274389658,25.767550461192684,47.76042014493784,95365.78,96466.6476,71526.9837
2025-01-01,93576.0,95151.15,92888.0,94591.79,10373.32613,0.00030000000000000003,0.00026249666666666765,0.00027518214285714295,0.00037536033333333336,6.495767878647547e-05,3.8388653407549786e-05,0.00024328138393403106,0.8220035571779056,0.6674151211947357,-0.48983965298847026,0.24779033833215336,0.4305896797177073,0.532698556249626,26.828702883256767,36.63570042662871,45.926228326481485,95306.332,96599.44319999998,71668.8014
2025-01-02,94591.78,97839.5,94392.0,96984.79,21970.48948,0.00030000000000000003,0.00030000000000000003,0.00027518214285714295,0.00036880800000000004,0.0,3.8388653407549786e-05,0.00024255028100696692,0.5417858241380713,0.6674151211947357,-0.48983965298847,0.3205513325443672,0.44116784634819617,0.5337565141910071,56.48879786561353,48.844749904466426,50.0393243758884,95516.664,96731.635,71820.341
2025-01-03,96984.79,98976.91,96100.01,98174.18,15253.82936,0.00025242,0.0002841400000000009,0.0002717835714285715,0.000351848,2.7470325807927186e-05,3.812775924088252e-05,0.00023171164202741632,-0.314390985479418,-0.7563530404745396,-0.691218487163352,0.24079706826658448,0.4454112438488716,0.5317757650778687,71.79242046776812,50.85778543685916,48.374334183246056,95467.724,96948.60680000001,71978.69025
2025-01-04,98174.17,98778.43,97514.79,98220.5,8990.05651,0.00018497,0.0002457966666666676,0.0002698485714285715,0.00030897033333333337,5.780031689642249e-05,4.1893372315456704e-05,9.765154872739069e-05,-1.6329898481614322,-2.248071352523096,-0.9687495107217743,0.16922820861963622,0.4230412289491511,0.5304223403813163,68.39940023183713,52.207942419570955,48.32625853363892,95346.81399999998,97092.3754,72143.91615
2025-01-05,98220.51,98836.85,97276.79,98363.61,8095.63723,0.0002832,0.00024019666666666762,0.0002689135714285715,0.0003068656666666667,5.024281673360721e-05,4.140102444059453e-05,9.74986566727763e-05,0.394803602534928,0.284262976254014,-0.5448812982552413,0.18954364221767223,0.41568504963390474,0.4912557043913695,85.48339831013357,58.33335956080095,47.07910886004145,95604.015,97247.9092,72310.86235000001
2025-01-06,98363.61,102480.0,97920.0,102235.6,25263.43375,0.00030000000000000003,0.0002560566666666676,0.00026964142857142866,0.000297387,6.213328925243617e-05,4.1883419862113574e-05,8.221551414763031e-05,0.7423929811423454,0.6813120899012006,-0.47269736251666117,0.31071315084373125,0.45334880645587966,0.4984449476095915,99.99999999999258,66.24779010541246,55.270654120022485,96397.67199999999,97495.50140000001,72497.6904
2025-01-07,102235.6,102724.38,96181.81,96954.61,32059.87537,0.00027182,0.0002850066666666676,0.0002676285714285715,0.00028940200000000007,1.4176605141112122e-05,4.097959358162698e-05,7.167322221078458e-05,0.2990523622355887,-0.010961963707513532,-0.5911140079702936,0.6375510301011724,0.44313365260798154,0.5184550156000575,62.11788740648397,46.45883452375502,50.35011061678875,96563.133,97625.31199999999,72661.74565
2025-01-08,96954.6,97268.65,92500.9,95060.61,33704.67894,0.00030000000000000003,0.0002906066666666677,0.0002676285714285715,0.0002785486666666667,1.626973058556984e-05,4.097959358162698e-05,3.348898416251991e-05,0.6675981966947326,0.710786020586224,-0.47016608690564143,0.6399020523686305,0.43531608538359473,0.5217227076783504,51.58184198450375,41.35128511605783,43.81238361978558,96695.374,97680.3084,72815.73865
2025-01-09,95060.61,95382.32,91203.67,92552.49,34544.83685,0.0001929,0.0002549066666666676,0.00026293214285714295,0.0002749786666666667,5.551709766663692e-05,4.55953832310187e-05,3.66799001365958e-05,-1.7228382385013685,-1.751266248977395,-0.9027721684659655,0.6551131336055491,0.4479592680819869,0.5154033694847014,35.16029280992372,43.287695078153085,42.60611775837275,96671.41799999999,97645.62700000001,72962.45105
2025-01-10,92552.49,95836.0,92206.02,94726.11,31482.86424,0.00010983999999999999,0.0002009133333333343,0.0002493492857142858,0.00026864,9.533292470771426e-05,5.9811542938522964e-05,4.714482031746778e-05,-1.515336670041516,-2.82254337972278,-1.214043779372502,0.7188301417887323,0.461224975715294,0.45947906684031353,39.169375838270966,50.86072908436905,43.451854441420615,96786.42899999999,97573.80679999999,73134.6151
2025-01-11,94726.1,95050.94,93831.73,94599.99,7047.9043,0.00012343,0.0001420566666666676,0.00024187142857142865,0.00026275433333333335,4.455283866743518e-05,6.857258690417579e-05,5.366551925067464e-05,-0.8913822388076196,-2.114162786513908,-1.2309449470246228,0.5448007747337041,0.4519009902422499,0.4589702158087064,38.68445644598046,48.53764568496459,43.34856269672434,96787.249,97487.9666,73298.585
2025-01-12,94599.99,95450.1,93711.19,94545.06,8606.86622,0.00014866,0.00012731000000000095,0.00023248071428571434,0.00025770966666666665,1.969870300281524e-05,7.185383170176284e-05,5.7050028890830284e-05,-0.3428337439364062,-1.5004796518299084,-1.074401758843275,0.37223877072142936,0.4517166380430515,0.4543386849179953,37.99935511324005,51.798820019009156,39.72730509652899,96543.276,97425.4198,73466.98535
2025-01-13,94545.07,95940.0,89256.69,94536.1,42619.56423,0.00013136,0.00013448333333333426,0.00022847142857142865,0.0002531716666666667,1.2901729857909763e-05,7.600346346941134e-05,6.148648643706713e-05,-0.3075203046546848,-1.5536334651898542,-1.132576809436725,0.33770932513186375,0.4158794242990969,0.4457521661589552,18.043221651665675,54.057762831489214,37.66120924980746,96179.46800000001,97358.141,73631.13350000001
2025-01-14,94536.11,97371.0,94346.22,96560.86,27846.61753,0.00029496000000000004,0.00019166000000000094,0.00022811142857142864,0.00025360566666666665,8.987763904327567e-05,7.564971054472045e-05,6.174196849539203e-05,1.7577004847122384,0.8442651444688949,-0.3519518173258612,0.2398752937910478,0.4258693496863203,0.4371202514727584,47.76036885231534,56.5655863552543,40.15988207745733,96013.50399999999,97429.15800000001,73811.7986
2025-01-15,96560.85,100681.94,96500.0,100497.35,30509.99179,0.00019628,0.0002075333333333343,0.0002207028571428572,0.00025042133333333334,8.237850528703917e-05,7.310386672178033e-05,6.216566053612639e-05,0.24507486366138329,-0.5540617491106058,-0.8066933964748396,0.35075894049012024,0.4289052225139064,0.4472694803078558,75.09341825901856,61.511005075663874,50.31441282809183,96226.878,97599.8018,74009.35195
2025-01-16,100497.35,100866.66,97335.13,99987.3,27832.85317,0.00012894,0.0002067266666666676,0.0002084842857142858,0.0002454306666666667,8.350155527489734e-05,7.312610579988555e-05,6.572817602585701e-05,-0.7329682165091372,-1.3710526575603628,-1.0956081594335838,0.3648048037609731,0.42265010489439964,0.44692130529598434,92.07622471258242,56.316060726535845,52.84289083669885,96002.048,97682.2856,74195.4284
2025-01-17,99987.3,105865.22,99950.77,104077.48,39171.85292,0.00017414999999999998,0.00016645666666666758,0.0002028935714285715,0.00024151600000000002,3.4322870412111406e-05,7.249799282181767e-05,6.637825555889817e-05,-0.16217915672472247,-0.6833939843244452,-0.8552566821897533,0.40903764105194074,0.45078761264631123,0.45667493619613275,93.4887164476677,61.06745347893389,56.51121516438723,96714.33499999999,97850.9556,74401.31585
2025-01-18,104077.47,104988.88,102277.55,104556.23,24307.82998,0.00026707,0.00019005333333333425,0.00020875785714285721,0.00024041833333333335,7.042486232380348e-05,7.423630059364275e-05,6.564601887156665e-05,0.8056738992240112,0.6292413317087884,-0.3885686790189107,0.3903960561124402,0.440870774605647,0.4545132480530555,94.83128784630689,61.68864592261452,57.54668839730502,97663.897,97992.8802,74613.41965
2025-01-19,104556.23,106422.43,99651.6,101331.57,43397.28298,0.00030000000000000003,0.00024707333333333424,0.00020995785714285724,0.00024041833333333332,6.526450515653111e-05,7.565442904101511e-05,6.564601887156665e-05,1.2466331009957254,0.99226052877819,-0.2287363121586509,0.586311674509268,0.46395708007014236,0.4592857760794212,73.7725280845707,54.91650769523084,56.23918729034192,98541.80500000001,98091.3518,74819.0346
2025-01-20,101331.57,109588.0,99550.0,102260.01,89529.231732,0.00030000000000000003,0.00028902333333333426,0.0002099578571428572,0.00024334966666666666,1.9012144364248288e-05,7.565442904101511e-05,6.629625060831527e-05,0.8440890522741594,0.99226052877819,-0.2287363121586509,0.49252866060572187,0.4640844511886387,0.4483235767810212,75.41875283429948,50.044805318045405,57.3975902744716,99295.195,98192.8484,75045.0846
2025-01-21,102260.0,107240.81,100119.04,106143.82,45941.02002,0.00030000000000000003,0.00030000000000000003,0.00021197071428571433,0.00024347333333333334,0.0,7.77721745242171e-05,6.640178515124625e-05,0.5825869651785364,0.9922605287781907,-0.2287363121586509,0.5544146752968114,0.48439718727827547,0.4571903299681984,78.09859972625205,67.77899066241841,57.48429049801431,100449.578,98398.9124,75292.65974999999
2025-01-22,106143.82,106394.46,103339.12,103706.66,22248.69254,0.00030000000000000003,0.00030000000000000003,0.00021197071428571433,0.000243813,0.0,7.77721745242171e-05,6.667249632764339e-05,0.4469101271059186,0.9922605287781907,-0.2287363121586509,0.5242716355708721,0.4913802185295181,0.4599501829152161,60.31730110814006,66.38375202047702,54.140900564011375,101365.738,98556.05180000002,75520.0424
2025-01-23,103706.66,106850.0,101262.28,103910.34,53953.12031,0.0002727,0.00029090000000000095,0.00021767071428571437,0.00024290300000000002,1.576166234867665e-05,7.917854152431442e-05,6.606268392927234e-05,-1.7873903796629953,0.5979399096822668,-0.34451561624622684,0.5223234847269586,0.48978606910639827,0.4599445290704543,62.86522705270629,73.58199887797772,58.42022445247261,102303.162,98662.51220000001,75760.30505
2025-01-24,103910.35,107120.0,102750.0,104870.5,23609.24017,0.00017411,0.0002489366666666676,0.00022226142857142864,0.00023870666666666668,6.622382526951221e-05,7.41491046532904e-05,6.630863080737052e-05,-1.7460164152717426,-0.7401610757064905,-0.7966296235397621,0.41253488038607006,0.49039401008848693,0.44126015283589937,53.27243646351081,72.18017198592362,61.086469780720385,103134.126,98821.0096,76001.08445
2025-01-25,104870.51,105286.52,104106.09,104746.85,9068.32377,0.00021978999999999998,0.00022220000000000093,0.00022914428571428578,0.00023741133333333336,4.933916395717969e-05,6.852870871895079e-05,6.62851645509625e-05,-0.6087184333452503,-0.0761984261094299,-0.5477290857153533,0.41676275758744097,0.4907110518527457,0.4400779493033611,50.81035168803841,72.18796904355783,60.09278199180283,103559.076,98921.12980000001,76234.5687
2025-01-26,104746.86,105500.0,102520.44,102620.0,9812.51238,0.00026806,0.00022065333333333423,0.00023767285714285723,0.00023634666666666669,4.698094968523716e-05,6.508502846028264e-05,6.54970286946213e-05,0.42318847117112124,0.6254413256790446,-0.28339750098879013,0.27391569727471143,0.4733167513075239,0.4322953783407292,56.041167506736414,66.19029096624806,59.37589464643223,103822.346,98976.89,76459.03945
2025-01-27,102620.01,103260.0,97777.77,102082.83,50758.1341,0.00012894,0.00020559666666666756,0.00023750000000000005,0.00023304066666666667,7.063767856694284e-05,6.539159226129159e-05,6.836680662298095e-05,-1.357981166420985,-1.2005154210590747,-0.962808905706094,0.2111041347703907,0.4098560281045476,0.43250198574253085,49.13759871033732,64.81737671018158,59.893049039418365,103622.88100000001,98996.3548,76682.75415
2025-01-28,102082.83,103800.0,100272.68,101335.52,22022.05765,0.00023562000000000002,0.00021087333333333425,0.00023326142857142863,0.000231557,7.278661781760954e-05,6.326935725166207e-05,6.779019276801943e-05,0.5563715192750296,0.31607622436130794,-0.40318711299359833,0.20541555203399722,0.4002114106385911,0.43067869310862783,16.309462750734767,59.869747266863754,58.2689783727229,103300.81000000001,99077.5358,76899.98625
2025-01-29,101335.52,104782.68,101328.01,103733.24,23155.35802,0.00029949,0.00022135000000000094,0.00024063357142857148,0.00023529033333333333,8.616583023445813e-05,6.46272561704066e-05,6.836127546097748e-05,1.0718010147623283,1.1093845059196887,-0.07144177938039381,0.3061033876221135,0.3851907821184082,0.43329267876433314,50.18727436186719,57.143374339222916,59.46292642923598,103540.977,99220.34059999998,77122.63235
2025-01-30,103733.25,106457.44,103278.54,104722.94,19374.07472,0.00027089,0.0002686666666666676,0.0002507728571428572,0.00023432000000000002,3.1992993503686805e-05,5.63625592350271e-05,6.761360921983169e-05,0.45615147685433954,0.6402350299465307,-0.20232563921321448,0.3224418301932499,0.3775933076625657,0.43345030091595904,55.15441683919459,60.23734459065304,58.249962844965275,103787.26999999999,99292.29939999999,77342.2575
2025-01-31,104722.94,106012.0,101560.0,102429.56,21983.18193,0.00021225,0.0002608766666666676,0.0002534942857142858,0.00023139500000000002,4.447363863376733e-05,5.3209930350617256e-05,6.656419202809286e-05,-0.2631549268265062,-0.2922680057325213,-0.47670761474291706,0.33203654904755187,0.3944066529081663,0.4356962473771339,36.75673681446108,46.137525758888124,54.43249542519507,103415.84400000001,99340.80479999998,77530.7846
2025-02-01,102429.56,102783.71,100279.51,100635.65,12290.95747,0.00019435,0.00022583000000000095,0.00024830000000000007,0.00022787333333333337,4.003629853012733e-05,5.52914480799218e-05,6.559714566616639e-05,-1.1246437034292196,-0.6264475059904013,-0.547430091056705,0.36409375878685246,0.40481752586529157,0.4381478073243504,31.117100433213352,41.34438086154568,52.427302532858064,103108.743,99325.03279999999,77708.7429
2025-02-02,100635.66,101456.6,96150.0,97700.59,34619.49939,8.343e-05,0.00016334333333333428,0.00023283071428571435,0.00022224033333333336,6.978329408480667e-05,6.844532837512799e-05,7.048991052696846e-05,-1.5384819388508986,-2.1944484020164006,-1.11904974302136,0.43237686498664873,0.4282636143945323,0.4390029155967395,28.966543386705396,41.87990875748908,49.36905257203454,102487.76800000001,99250.64459999999,77876.80589999999
2025-02-03,97700.59,102500.01,91231.0,101328.52,75164.7385,0.00024845,0.00017541000000000095,0.00022914857142857152,0.00022435633333333334,8.412456716080813e-05,6.589289291167308e-05,7.028502128572264e-05,0.6408051585517442,0.300071753432732,-0.1926572431484175,0.5221713539053499,0.4462402858990997,0.44610523830173304,47.44907172872842,48.14129427967179,49.13277024778713,102133.57,99187.9352,78063.5089
2025-02-04,101328.51,101732.31,96150.0,97763.13,40267.98697,0.0001355,0.00015579333333333426,0.0002173985714285715,0.00021943300000000002,8.436091887436143e-05,6.694521777112294e-05,7.118824894074489e-05,-0.6008811057297326,-1.3137092929965384,-1.3374828490479702,0.5524909762160752,0.4411433821579765,0.44956585183240116,39.852946272499445,33.06183296299956,50.79921774482163,101435.198,99022.0246,78219.02455
2025-02-05,97763.14,99149.0,96155.0,96612.43,26233.30444,5.923e-05,0.0001477266666666676,0.00020020071428571433,0.00021140733333333334,9.520068609693192e-05,7.458355216334373e-05,7.52482917177854e-05,-1.0883196168745441,-2.1650889989609508,-2.1838353862704727,0.5451807819278452,0.44317225107721825,0.45044657325217197,28.23190411877549,34.87539339970907,51.55684362299979,100834.44099999999,98831.5984,78366.3869
2025-02-06,96612.44,99120.0,95676.64,96554.35,23515.20405,7.851e-05,9.108000000000094e-05,0.00018633000000000004,0.00020496366666666668,3.965831438668395e-05,7.804047805716047e-05,7.811866360442639e-05,-0.5547521938242566,-1.708930917345358,-1.9689245037766008,0.5476086443189088,0.4015653130290766,0.44921672227841514,23.520644172076416,34.219361471074706,54.22238503674191,100281.59300000001,98758.60520000002,78508.33195
2025-02-07,96554.35,100137.99,95620.34,96506.8,31794.22065,0.00020139,0.00011304333333333426,0.00018827857142857148,0.0002016766666666667,7.711536638910861e-05,7.805246212619799e-05,7.602857399935922e-05,0.7075351879938676,-0.15833749590879218,-0.5533954270507166,0.49847312676642436,0.4001217788704057,0.4390550738858672,27.528906668526844,31.32635837530617,51.96706769724319,99798.72099999999,98739.504,78653.2059
2025-02-08,96506.8,96880.0,95688.0,96444.74,10147.24294,-2.639e-05,8.450333333333427e-05,0.0001706942857142858,0.000194367,0.00011400821081538985,9.606053978248432e-05,8.66949498648984e-05,-1.3602285111014358,-2.382430867845496,-3.367708028044252,0.292293665001356,0.3808810755444589,0.4387147416980106,31.69391889589626,31.4127510152084,52.04072082938731,99069.871,98712.29,78805.74955000001
2025-02-09,96444.75,97323.09,94713.0,96462.75,14120.91613,0.00016312,0.00011270666666666759,0.00016319857142857146,0.00019614300000000002,0.00012197155501725171,9.1881965323201e-05,8.544031020507417e-05,0.7566945850971802,-0.3053336213499504,-0.8929219849461755,0.09806055221673597,0.3775553311032031,0.4233621066599676,42.7439587700382,34.77734589202571,52.12314363738581,98243.852,98695.7052,78961.1833
2025-02-10,96462.75,98345.0,95256.0,97430.82,20572.87537,0.00018435,0.0001070266666666676,0.00016715642857142865,0.00019817366666666667,0.00011602880432602262,9.148529538064942e-05,8.436978089031354e-05,0.6782859807844902,-0.00959057862042354,-0.5965095987584551,0.08886172697573448,0.337631534257667,0.42337176415178707,16.799037796470174,38.73870907926054,53.13820177846144,97743.978,98740.59619999999,79119.33765
2025-02-11,97430.82,98478.42,94876.88,95778.2,18647.76379,8.862e-05,0.00014536333333333427,0.00015665642857142862,0.00019617233333333334,5.027457243305567e-05,9.145889388618631e-05,8.627537718358112e-05,-0.3590638042325279,-1.0037029470460483,-1.7534650123500457,0.18622272950785942,0.3319986646286339,0.42374078839528423,24.919322027040693,37.112074203459706,49.14460658197753,97258.233,98758.53080000001,79258.6887
2025-02-12,95778.21,98119.99,94088.23,97869.99,29151.16625,0.00011156999999999999,0.00012818000000000093,0.0001432335714285715,0.00019551266666666668,4.9979768906960506e-05,8.220537794568185e-05,8.686168989814956e-05,0.08863325606219415,-0.6584250882505748,-1.4081544908482615,0.2735832591292029,0.34892197801031377,0.4273771806622193,62.83701293132481,36.2068762718021,47.0078243725348,97275.173,98742.659,79408.55615
2025-02-13,97870.0,98083.91,95217.36,96608.14,19921.77616,0.00014922,0.00011647000000000094,0.00013454285714285718,0.00019065466666666668,3.059571048354883e-05,7.365861403789522e-05,8.516695084016224e-05,0.2534161931183602,-0.19259939023323497,-0.9079736322179831,0.3061289547117043,0.34689034917633244,0.4216439989000453,50.440760740413204,31.151516277684934,46.21642417396482,96803.135,98686.2298,79550.34745
2025-02-14,96608.13,98826.0,96252.82,97500.48,18173.02646,0.00016703,0.00014260666666666763,0.0001313128571428572,0.00018967966666666667,2.8315279149719733e-05,7.092989078378031e-05,8.526769968891036e-05,0.6806990664347754,0.052640345067543,-0.6620928338022543,0.3152590874324311,0.3513719061130496,0.4204605202958099,57.15213179130924,37.75405756716637,42.067837656602194,96776.87,98720.4074,79703.92640000001
2025-02-15,97500.47,97972.26,97223.58,97569.66,7349.37683,7.087e-05,0.00012904000000000095,0.00012249285714285719,0.000187744,5.1157704209563375e-05,7.016146558298836e-05,8.732832682592306e-05,-1.1552567150201418,-1.010223809781797,-1.777615500331422,0.3039538217679364,0.3433337586652556,0.42046057072080323,58.08845734598612,41.668790688141776,41.48980357983484,96872.59300000001,98785.82,79860.8347
2025-02-16,97569.67,97704.47,96046.18,96118.12,8191.4249,7.371e-05,0.00010387000000000096,0.00012179857142857148,0.000184396,5.47165934611531e-05,7.06243138409154e-05,8.975897736683165e-05,-0.9387720774745221,-0.9210042411040229,-1.669452676697144,0.2932413901254336,0.34731736190155055,0.397844211013098,47.94554682683961,45.32287134149607,43.362908467980816,96828.97,98802.1824,80018.2853
2025-02-17,96118.12,97046.59,95205.0,95780.0,16492.0451,0.00014645,9.701000000000094e-05,0.00011451285714285721,0.00018037533333333333,4.283983660091482e-05,6.118401242015592e-05,8.862230635893093e-05,0.5482010383166248,0.010545191285419437,-0.7700077037252386,0.19041066554778122,0.34678379025675066,0.3920986443773487,39.359763014599196,29.641895313081747,41.62460233078386,96756.29000000001,98843.0184,80170.41519999999
2025-02-18,95780.01,96753.91,93388.09,95671.74,23368.19471,0.00029488,0.00017168000000000096,0.00012589714285714292,0.00018020466666666667,0.00011272292091670315,7.792634712232943e-05,8.83886141729278e-05,1.5795311183218692,1.8698676782383643,1.019438706992728,0.16666937779701763,0.3264119184625141,0.39198689512299323,49.143259059913284,39.71801847952833,35.00099114159754,96678.99,98900.6122,80341.28224999999
2025-02-19,95671.74,96899.99,95029.99,96644.37,16438.50954,0.00023746,0.0002262633333333343,0.0001386278571428572,0.00017812,7.484577632256085e-05,8.070624341294645e-05,8.617559111173353e-05,0.7309260490630735,1.2097093286084721,0.3218743826470404,0.17237393460669548,0.32691586476049844,0.39263322677144613,37.969775732632804,50.15982626274055,39.44184297008075,96697.152,98961.9796,80521.01415
2025-02-20,96644.37,98711.36,96415.09,98305.0,17057.39177,0.00013035,0.00022089666666666764,0.00014233071428571434,0.000172465,8.350621673460483e-05,7.890494792564304e-05,8.342426058082103e-05,-0.5222047929061759,-0.12203447033477358,-0.9363522185661707,0.23778878392886946,0.3280226950248165,0.391014095268957,65.44650172045702,57.549387001756756,41.96980888587772,96784.56999999999,99036.24380000001,80721.73415
2025-02-21,98305.01,99475.0,94871.95,96181.98,32249.2814,2.3120000000000002e-05,0.00013031000000000094,0.00012959714285714293,0.0001632356666666667,0.0001071700055985497,8.292306994845239e-05,8.414108540420092e-05,-1.369862528289624,-1.3672269417144867,-2.108989646966677,0.2838316255109837,0.33228506495673527,0.39479787053361615,40.1946639934039,48.81193435024208,37.954199861800284,96824.948,99020.1876,80932.55
2025-02-22,96181.99,96980.0,95770.49,96551.01,11268.17708,0.00018784,0.00011377000000000094,0.0001448992857142858,0.000160407,8.360228405966624e-05,7.080478335260955e-05,8.172595874064442e-05,0.1257059340267772,0.6522507866928702,-0.16326498117807467,0.2821352307109229,0.3093512480638767,0.38272060620558224,42.74799486845364,50.38015781539141,38.71404217582233,96693.05,98987.7242,81135.195
2025-02-23,96551.01,96650.0,95227.94,96258.0,10884.84913,8.73e-05,9.942000000000094e-05,0.00013948357142857149,0.00015751333333333334,8.302614287074331e-05,7.219002132273555e-05,8.275441433520387e-05,-0.547849451020203,-0.5443065308800643,-1.3054563724178256,0.2842860396625723,0.26065548938889777,0.3822330713996402,51.1925588691603,49.28168430033287,40.773307622735494,96658.036,98948.4742,81340.8142
2025-02-24,96258.0,96500.0,91349.26,91552.88,31550.10299,5.9609999999999993e-05,0.00011158333333333426,0.0001305735714285715,0.000152174,6.747587297194793e-05,7.390406823479984e-05,8.375908076765825e-05,-0.5954906122823671,-0.8452441384208248,-1.5654671475967017,0.49788176238143017,0.299890624178052,0.391077099266818,29.343022176175936,33.66253194982933,36.37570221102568,96063.276,98812.2596,81490.14865
2025-02-25,91552.88,92540.69,86050.99,88680.4,78333.11111,0.0001663,0.00010440333333333427,0.0001361221428571429,0.000148782,5.5363183012959346e-05,7.342647260815354e-05,8.091646047116159e-05,0.8757762478974537,0.4832203732884332,-0.3078668479377219,0.41693499078885315,0.32225912382691224,0.3968933409559343,23.10178886912071,31.524806080480815,34.47955048396615,95174.35,98541.15559999998,81629.3607
2025-02-26,88680.39,89414.15,82256.01,84250.09,56893.54409,0.00019526,0.00014039000000000095,0.00014210000000000007,0.00015099266666666666,7.144037163952335e-05,7.467004393693662e-05,8.126088718292306e-05,0.9061424392686278,0.7855085737621788,0.03807447313816683,0.493541722003188,0.3788151457703532,0.41461585135739387,12.335659065492763,18.39566687952832,27.240251980231747,93987.54699999999,98287.06520000001,81745.9936
2025-02-27,84250.09,87078.46,82716.49,84708.58,42505.45439,0.00018121,0.00018092333333333429,0.00014438500000000008,0.00014917900000000002,1.4482128066229506e-05,7.539067558650867e-05,7.99027947960241e-05,0.7146382929190265,0.6202499966303303,-0.10850292520714078,0.5026043178927935,0.3815477390510681,0.4134096586844338,5.425841198153918,21.31828909919564,26.32588733151222,92880.405,98080.0246,81875.97355000001
2025-02-28,84708.57,85120.0,78258.52,84349.94,83648.03969,0.00018592,0.0001874633333333343,0.0001457342857142858,0.00014539333333333333,7.151016244331516e-06,7.59937617596287e-05,7.508060222117112e-05,0.5063429377391622,0.6205125634942474,-0.052388655779102664,0.49763098769298886,0.380791834174896,0.41291876082269846,6.135649821903343,17.466005226995136,27.588629659690156,91748.225,97915.9736,82000.99005
2025-03-01,84349.95,86558.0,83824.78,86064.53,25785.05464,-6.98e-05,9.911000000000094e-05,0.00013568642857142863,0.000134037,0.00014629930656019215,9.385447357130213e-05,8.09779825823798e-05,-1.7810302565691476,-2.5073837509944252,-2.8344723594861305,0.5512999972535022,0.39690192054115087,0.4156746518596313,14.650662323092178,23.679542383806577,31.902152447428648,90690.24100000001,97742.74200000001,82128.37694999999
2025-03-02,86064.54,95000.0,85050.6,94270.0,54889.09045,-6.746000000000001e-05,1.622000000000094e-05,0.0001256028571428572,0.00012471333333333333,0.00014696916819521304,0.00010760201052088882,8.750200412816618e-05,-1.0863020038952191,-2.0556518404589794,-2.611762743067858,0.9846296367207003,0.5712957806376614,0.4733802394831618,45.62982796294446,46.770127718471805,46.232349175462836,90286.74100000001,97736.1422,82306.31
2025-03-03,94269.99,94416.46,85117.11,86220.61,59171.10218,5.449999999999997e-06,-4.393666666666573e-05,0.00011553142857142863,0.00011841666666666667,4.278610794786043e-05,0.000112009113287028,8.910018732650383e-05,-0.3244785590565498,-1.1718169481716048,-1.7613086796400212,1.2309254315669726,0.681338139144992,0.5177685066890412,39.780761283234206,36.84043449160359,34.87647344647888,89290.604,97569.65319999999,82449.70775
2025-03-04,86221.16,88967.52,81500.0,87281.98,55609.10706,-4.899999999999999e-06,-2.2303333333332392e-05,9.411857142857149e-05,0.00011547233333333333,3.944773800011903e-05,0.00010341001720987333,9.171720376674439e-05,-0.1412564218348921,-1.1722060999038324,-1.7848510992630182,1.2327037181070024,0.6753915454990156,0.5177762446699123,47.12001601432586,38.74588253852788,38.95426958109639,88363.701,97424.5708,82591.74465
2025-03-05,87281.98,91000.0,86334.53,90606.01,38264.01163,0.00011863,3.972666666666761e-05,8.563071428571434e-05,0.000111145,6.852796971548355e-05,9.529817356104774e-05,8.82227695900943e-05,1.5952146640160976,0.0931010699622518,-0.5035896626931579,1.2523250193340127,0.6988532322119171,0.5267711886720277,63.71466745612396,42.3807298214926,43.94729862419761,87798.50200000001,97305.47379999999,82747.31474999999
2025-03-06,90606.0,92810.64,87836.0,89931.89,34342.44902,0.00016769000000000002,9.38066666666676e-05,8.829785714285722e-05,0.000112218,8.893242059747618e-05,9.715054346250765e-05,8.872353151304821e-05,1.2842238093659073,0.5908207738747544,0.019350036788140207,1.2627807952177061,0.6967951206566824,0.5269374548774468,61.16683149753041,39.16496955024913,43.408351999411515,87636.403,97094.1646,82904.83745
2025-03-07,89931.88,91283.02,84667.03,86801.75,57980.35713,-1.23e-06,9.503000000000095e-05,8.655857142857149e-05,0.00011020266666666667,8.689770767973731e-05,9.861412668793061e-05,9.063472726144251e-05,-0.7247255205229134,-1.0577801420218667,-1.6688846380671325,0.9291599891026041,0.7090552274083618,0.5237096274687345,54.68634062855967,38.17007384568218,40.89861057526085,87448.538,96830.45360000001,83041.6537
2025-03-08,86801.74,86897.25,85218.47,86222.45,12989.23054,6.909e-05,7.851666666666762e-05,7.807642857142863e-05,0.00010988866666666666,8.485362769691321e-05,9.42425946984704e-05,9.076453586386953e-05,-0.010191011594516535,-0.36081144966437567,-0.913605547215599,0.5146204056657979,0.7078853480045347,0.5084187694546365,50.31553935410199,37.04280309891917,40.505651215643155,87645.774,96473.35299999999,83177.69695
2025-03-09,86222.46,86500.0,80000.0,80734.37,26115.39345,0.00010439000000000001,5.741666666666762e-05,7.929714285714291e-05,0.00010665533333333334,5.3768914191438626e-05,9.448163610165318e-05,8.91051173395834e-05,0.201606972495591,0.008270970156514344,-0.5234887050895947,0.7313506674046166,0.7531534700513044,0.5305724719810396,19.659802128802582,32.77125105406972,36.73910631425025,87248.35299999999,95996.9158,83275.58865
2025-03-10,80734.48,84123.46,77459.91,78595.86,47633.38405,9.333e-05,8.893666666666762e-05,8.170571428571433e-05,0.00011064600000000001,1.8055429469452964e-05,9.437089460981177e-05,8.555108925731097e-05,0.10915350395475569,-0.0016392294633555617,-0.621168605123467,0.4637838135583065,0.7562957299263019,0.5306023905011912,26.74750160866705,34.7510363677265,34.42724037380496,86672.94499999999,95542.2016,83366.68875
2025-03-11,78595.86,83617.4,76606.0,82932.99,48770.06853,0.00016711,0.00012161000000000094,8.176357142857149e-05,0.000110779,3.9790305351846215e-05,9.44269790006673e-05,8.563853653790312e-05,1.3215094680427106,0.9009473784176223,0.14349477831144783,0.8500124770263205,0.8000528284832893,0.5449645320076625,38.945855664923855,43.46135809747262,39.8309841403928,86359.791,95155.66120000002,83461.1675
2025-03-12,82932.99,84539.85,80607.65,83680.12,31933.986,0.00010403999999999999,0.00012149333333333428,7.52478571428572e-05,0.00010810200000000002,3.986648007194133e-05,8.898329282934473e-05,8.450720056655034e-05,-0.09800747064033949,0.18073653140593784,-0.5154354400075123,0.8430057246276437,0.7960022756011802,0.5456596409023274,29.742237374672712,49.29225093185485,38.522106108477715,85300.803,94706.38719999998,83558.78305000001
2025-03-13,83680.12,84336.33,79939.9,81115.78,27546.27412,5.6890000000000006e-05,0.00010934666666666762,6.63678571428572e-05,0.00010704433333333333,5.530128961720925e-05,8.363814773534308e-05,8.495680491445836e-05,-1.2148575644577528,-0.3974733610504735,-0.9860164243324534,0.8668420785879857,0.8000711304453815,0.5503330116168099,26.78092751873389,45.76043182989466,37.727151738690644,84790.31999999999,94254.56959999999,83643.26195
2025-03-14,81115.78,85309.71,80818.84,83983.2,26858.52755,0.00011074,9.055666666666761e-05,6.0997857142857206e-05,0.00010701666666666666,2.9348012425484548e-05,7.756479794130844e-05,8.495541542011534e-05,0.1084993524950502,0.2989693552631444,-0.4213764585926167,0.711676737882016,0.8198866449059877,0.5579494845274232,42.47258960223449,49.591430854288305,39.6167055964911,84460.44200000001,93856.02679999999,83749.00795
2025-03-15,83983.19,84676.28,83618.0,84338.44,11324.7332,-8.745e-05,2.6726666666667618e-05,5.973714285714292e-05,9.912766666666667e-05,0.0001024801884918553,7.996071520334128e-05,9.162786978841673e-05,-1.6350309385701762,-1.8357569708909904,-2.344167935259412,0.6164404548968024,0.8211414792247734,0.5551537274660054,44.90748924874884,48.01697637062027,39.88091323105592,83833.685,93445.38560000001,83873.62515
2025-03-16,84338.44,85117.04,81981.12,82574.53,17596.12531,5.915e-05,2.748000000000095e-05,6.878071428571435e-05,9.553166666666666e-05,0.0001028205266471285,7.114153427819936e-05,9.098576615033298e-05,0.1308708409695401,-0.20633366996315108,-0.8388358354238055,0.49790021663983913,0.8007247265301264,0.5468017041906921,56.227832198880776,34.22945616935742,39.69127069895344,83097.949,93001.9392,83991.3233
2025-03-17,82574.52,84756.83,82456.0,84010.03,17214.74358,0.00010398,2.522666666666762e-05,7.581857142857149e-05,9.663533333333333e-05,0.00010012220349815613,6.924277411426137e-05,9.087705103636736e-05,0.691146560401801,0.3345484992179011,-0.38363076655913547,0.5174263349683689,0.7967220990036563,0.5491105811275668,69.23920467184232,46.37208029089053,41.188465649675024,82818.777,92629.73980000001,84114.5784
2025-03-18,84010.02,84021.74,81134.66,82715.03,17610.89883,6.276e-05,7.529666666666762e-05,8.065142857142863e-05,9.627033333333333e-05,2.4905987901031907e-05,6.543190845422205e-05,9.099421813707103e-05,0.16108342599503356,-0.0627774048311071,-0.7754871908065748,0.441229976200425,0.7690466892688302,0.5392170637891264,49.0118365622254,42.561934341696805,40.46936749225971,82468.035,92242.38380000001,84232.5336
2025-03-19,82715.03,87000.0,82547.16,86845.94,28151.05374,0.00011185000000000001,9.286333333333428e-05,8.016714285714292e-05,9.5117e-05,2.6365550123720228e-05,6.515369160435947e-05,9.0554480844647e-05,0.7681401756147623,0.5955016335229624,-0.26238203099556967,0.5364111090409952,0.7976347168086353,0.5542636771912993,60.983033959831424,44.03290979419123,43.11253212499185,83079.19200000001,91952.59219999998,84371.89335000001
2025-03-20,86845.93,87453.67,83655.23,84223.39,22090.30463,6.82e-05,8.093666666666762e-05,7.306071428571435e-05,8.756100000000001e-05,2.690955282657751e-05,6.0103109668002215e-05,8.240141040604625e-05,-0.524199123681073,0.1290400617233856,-0.6788570820287942,0.6263998680950156,0.8090313931259496,0.5540568308065676,60.737720042041126,41.46843117772989,40.23388556892677,83641.945,91562.39520000001,84506.50099999999
2025-03-21,84223.38,84850.33,83175.25,84088.79,11956.97443,9.457e-05,9.154000000000096e-05,7.99035714285715e-05,8.2798e-05,2.198218142025641e-05,5.6329376624322524e-05,7.741705494186163e-05,0.2891381598163856,0.40720154677137355,-0.3802507017535704,0.5880915891322808,0.8039190332562295,0.5532264592968018,50.44978960972494,45.54662861847705,41.37504437934437,83757.525,91149.71220000001,84631.2843
2025-03-22,84088.79,84539.17,83625.1,83840.59,5420.22114,6.158e-05,7.478333333333429e-05,7.936714285714292e-05,8.050566666666666e-05,1.745251366784584e-05,5.647584513331461e-05,7.697737655489136e-05,-0.8136449805962908,-0.19401245937150421,-0.7046120989816723,0.5705226433166465,0.6888075554292444,0.543808164317621,47.8597535653549,46.04716726875185,40.919180086925586,83773.572,90777.93280000001,84763.0486
2025-03-23,83840.59,86129.64,83809.75,86082.5,8461.97813,5.9350000000000006e-05,7.183333333333428e-05,7.615000000000006e-05,8.171333333333334e-05,1.972207477235436e-05,5.6223056179466996e-05,7.632748686144378e-05,-0.8563925576145051,-0.28512005166629284,-0.704220707495274,0.5814049908609249,0.5899147943238786,0.5466781546733923,64.48536461890156,59.94728883449238,42.92718535410407,84270.244,90486.8698,84903.6066
2025-03-24,86082.5,88765.43,85519.09,87498.16,30115.62111,4.129e-05,5.4073333333334285e-05,7.243285714285721e-05,7.682833333333332e-05,1.1126699120865967e-05,5.6717955158558894e-05,7.39538420854833e-05,-1.2275732444894116,-0.6626796977688372,-0.8784451700545309,0.41668621426925423,0.5918038201209478,0.548642997864898,64.4270785510223,67.01542460673583,47.04657712891839,84621.73999999999,90282.8212,85060.1974
2025-03-25,87498.16,88539.63,86310.0,87392.87,22643.25248,-2.8729999999999998e-05,2.397000000000095e-05,5.844428571428578e-05,7.296066666666667e-05,4.6524277533271264e-05,5.571264470679395e-05,7.638154962873815e-05,-1.623273723066271,-1.6658684386748908,-1.6042830928945166,0.25314272232298884,0.5676055511685387,0.5478273670437086,71.45971417875472,60.169530173302356,49.022780708901436,84927.18299999999,90004.10819999999,85227.34689999999
2025-03-26,87392.88,88275.0,85860.0,86909.17,18408.78485,-4.413e-05,-1.0523333333332384e-05,4.786071428571435e-05,6.950266666666667e-05,4.552753159711244e-05,6.027184014812268e-05,7.929937678298723e-05,-1.2278676941831261,-1.7256535904837829,-1.7031895002630366,0.2677700683089639,0.5672970505751178,0.5478416791769779,50.43595411415261,57.45249196486187,52.14682171759066,85360.647,89787.02900000001,85391.08844999998
2025-03-27,86909.17,87756.39,85800.0,87232.01,17098.03897,4.888e-05,-7.993333333332387e-06,4.728857142857149e-05,6.558866666666666e-05,4.9852001297100194e-05,6.0217528352505555e-05,7.722768226818044e-05,0.6988446446498073,-0.23720819668665408,-0.6555237252549873,0.25164130476419455,0.5468823591892094,0.5463370742588547,80.37660029884559,65.74503172313611,52.04177621576407,85682.845,89599.42060000001,85552.89875
2025-03-28,87232.01,87515.67,83585.0,84424.38,27182.73169,9.245000000000001e-05,3.240000000000095e-05,4.598214285714292e-05,6.216166666666667e-05,6.976544201818602e-05,5.8919459783797084e-05,7.346448332989793e-05,1.2361840801808832,0.48010895129731346,-0.15887835657247856,0.34530496613403217,0.5642485744266028,0.5513048498687563,52.20052378747448,51.139238152880125,50.057935407466466,85853.78,89356.82119999999,85689.81065
2025-03-29,84424.38,84624.73,81644.81,82648.54,11696.39864,0.00016108,0.00010080333333333429,6.373428571428578e-05,6.149066666666666e-05,5.656450860147577e-05,5.274100400354902e-05,7.242420599041904e-05,1.3497187030208513,1.5069944629040823,0.6363940025200979,0.2894197276828573,0.49383048324156426,0.5530227738726339,43.4881081016085,45.934523185171315,47.34392438808406,85434.04,89079.656,85814.8734
2025-03-30,82648.53,83534.64,81565.0,82389.99,9864.49508,5.356e-05,0.00010236333333333429,6.333500000000007e-05,5.7078666666666666e-05,5.444119059431408e-05,5.279950753709278e-05,6.850848599511365e-05,-0.11808125963652828,-0.1814270532409698,-0.5673179194111965,0.2836270974185133,0.4781266960000141,0.5489302460202597,24.248519075917756,49.521375980509106,39.460281708332346,85250.7,88798.56100000002,85940.13335
2025-03-31,82390.0,83943.08,81278.52,82550.01,20569.13885,0.00010508,0.0001065733333333343,6.341357142857149e-05,6.2908e-05,5.3775553305628067e-05,5.286542167945254e-05,6.467304109246166e-05,0.28281064909721776,0.7426640661184206,0.08153746533152394,0.30507388665375507,0.41876711364842933,0.5481104935033599,8.164873424676742,45.9449971393144,46.21344977358419,85096.822,88520.3062,86062.2218
2025-04-01,82550.0,85579.46,82432.74,85158.34,20190.39697,0.00010423,8.76233333333343e-05,6.637571428571436e-05,6.8631e-05,2.950277331584924e-05,5.397613442918783e-05,6.017920808038e-05,0.024657798063541642,0.7278394559669008,0.09488359351759672,0.46677884474994225,0.438334354015503,0.5529002944669463,36.72594812110074,56.324565658674224,47.87703425391828,85228.597,88274.8566,86185.5235
2025-04-02,85158.35,88500.0,82320.0,82516.29,39931.457,1.657e-05,7.52933333333343e-05,5.957000000000006e-05,6.900166666666667e-05,5.0857674281531466e-05,5.380788489551278e-05,5.9809745087907885e-05,-1.2958852880384166,-0.7292826960461507,-0.9731897294287079,0.46030871179688565,0.4388879446599102,0.5562061591184394,29.230392444249958,37.85659754183904,41.8010536365437,84871.976,88009.61839999999,86298.1398
2025-04-03,82516.28,83998.02,81211.24,83213.09,27337.84135,0.00017384,9.821333333333429e-05,6.711571428571434e-05,7.495966666666667e-05,7.880744529120596e-05,6.19086031941944e-05,6.108322459956151e-05,1.3970398400988735,1.744542887807123,0.9837560668845656,0.4310312427784637,0.4135183009495905,0.5529825842139741,31.64745981905358,46.82323968550823,43.1936126854794,84443.46900000001,87716.48039999999,86418.54525000001
2025-04-04,83213.09,84720.0,81659.0,83889.87,32915.53976,0.00017057,0.0001203266666666676,7.254428571428578e-05,7.669100000000002e-05,8.987078297937817e-05,6.757403742615647e-05,6.306755050389163e-05,0.8811270046101438,1.652489537465931,0.9827116199393378,0.43102803762248443,0.4146923917050455,0.5449312659783868,46.96933787082722,49.39514461553011,46.895863439650164,84093.16900000001,87462.115,86546.92465
2025-04-05,83889.87,84266.0,82379.95,83537.99,9360.40468,0.00016403999999999998,0.00016948333333333427,7.986285714285721e-05,7.656933333333333e-05,4.989552417466258e-06,7.171666810109165e-05,6.288921501391688e-05,0.5665347545091708,1.372740480613458,0.888973307313827,0.4363606272183287,0.4045058091561485,0.5387484179046976,56.01434056266309,49.085650330442924,47.12435566181765,83756.051,87182.8652,86663.04465
2025-04-06,83537.99,83817.63,77153.83,78430.0,27942.71436,4.981e-05,0.00012814000000000095,7.918142857142863e-05,7.827066666666666e-05,6.791429819996064e-05,7.197143790929099e-05,6.138432833441006e-05,-0.861138345426375,-0.47093444217821845,-0.5664805898307886,0.5867915094230195,0.4795698471139944,0.5586392336871768,33.8286568358789,30.29063490297183,47.511248882452975,82875.85,86800.07200000001,86746.3947
2025-04-07,78430.0,81243.58,74508.0,79163.24,78387.53089,0.00016801,0.00012728666666666762,8.823285714285721e-05,8.1568e-05,6.712611737115821e-05,7.475410978451936e-05,6.349469928466895e-05,0.42546390811096685,1.3259553397188746,0.9152951344632088,0.5948203630457506,0.4792720452674871,0.5594882446723192,36.78804906269334,27.750929745114817,50.631960836201614,82349.736,86460.9744,86827.47094999999
2025-04-08,79163.24,80867.99,76239.9,76322.42,35317.32063,0.00010783,0.00010855000000000094,9.798714285714291e-05,8.168266666666665e-05,5.9103289248510655e-05,6.68051085597199e-05,6.354042503274976e-05,-0.45868496815784127,0.3842476251242399,0.1756737188098733,0.6035561123101678,0.4422181271078011,0.5654002754143556,16.144758903747658,24.214554139547204,42.3831057334225,81717.124,86071.82280000001,86893.07780000001
2025-04-09,76322.42,83588.0,74620.0,82615.22,75488.28772,0.00014172,0.0001391866666666676,0.00011126214285714291,8.329566666666666e-05,3.0169876256400978e-05,5.354086479272508e-05,6.445392653749732e-05,0.315166487283769,0.8437606756128573,0.5860150889075032,1.0310873652495351,0.5601313891462781,0.6014265242057361,50.29619210661151,42.12857879780115,48.912030698937535,81739.647,85810.6924,86989.4091
2025-04-10,82615.22,82753.21,78464.36,79607.3,33284.80718,0.00014594,0.00013183000000000094,0.00011819500000000006,8.259000000000001e-05,2.089143604430269e-05,5.106875723365728e-05,6.361508219571655e-05,0.5051906237814507,0.8519211767714444,0.64689495521345,1.0718827601296261,0.5810323525870467,0.6073634108293394,40.5167838505558,37.27545964456539,48.47268453475369,81445.37599999999,85469.951,87069.5518
2025-04-11,79607.3,84300.0,78969.58,83423.84,34435.43797,1.0610000000000002e-05,9.942333333333427e-05,0.00011234928571428577,7.947566666666666e-05,7.694353925656407e-05,5.840017616736477e-05,6.480462082740619e-05,-1.6776343550624708,-1.1221183517881497,-1.0936726427314394,0.9790931618504038,0.6183967682409682,0.618998213399734,48.94807005853707,48.384639626779716,49.44433517110935,81271.926,85172.3278,87169.97105000001
2025-04-12,83423.83,85905.0,82792.95,85276.9,18470.74437,0.00014682,0.0001011233333333343,0.00011133071428571435,8.247333333333333e-05,7.838808093917354e-05,5.760379948267978e-05,6.579620947758578e-05,0.6228272196123797,0.801061462065974,0.6818025091848138,0.9814809844099771,0.6150186394766045,0.6208280171229409,53.675974120139415,54.23290273580462,50.90531951181967,81547.987,84954.22619999999,87275.04205
2025-04-13,85276.91,86100.0,83034.23,83760.0,24680.04181,0.00023128,0.00012957000000000094,0.00012402500000000007,8.649133333333334e-05,0.00011134174464230916,6.32035281087236e-05,7.105247797055533e-05,1.2130999692370958,1.7452108937625816,1.7171358232465754,0.9022309554679312,0.6144743369027093,0.6192124956573675,63.28429691425252,52.120421741064874,51.1490829107294,81602.67799999999,84698.406,87378.082
2025-04-14,83760.0,85799.99,83678.0,84591.58,28659.09348,0.00017668,0.00018492666666666761,0.00012913928571428577,9.529566666666667e-05,4.282964549615954e-05,6.443742981369294e-05,6.484945530224259e-05,0.42295179694494345,0.9367161226270578,1.0093239007781842,0.6306835008041011,0.61663393623675,0.619407790989312,63.463398615646305,53.09547440934569,50.57037755845761,81672.849,84465.0776,87475.16995000001
2025-04-15,84591.58,86496.42,83600.0,83643.99,20910.99528,6.416000000000001e-05,0.00015737333333333428,0.00012627714285714291,9.546266666666667e-05,8.521639591842998e-05,6.648627370528738e-05,6.475955197469388e-05,-0.6988241432760821,-0.8636328177775924,-0.4001838275231841,0.499372265949964,0.6178142795838705,0.6191320982864412,70.0410973377855,47.58214264615743,50.91736487492406,81683.449,84306.8998,87564.54014999999
2025-04-16,83643.99,85500.0,83111.64,84030.38,20867.24519,0.00011323000000000001,0.00011802333333333429,0.00013318142857142863,9.577099999999999e-05,5.641293852766828e-05,5.879084319825352e-05,6.482349208859992e-05,-0.5251591113488294,-0.11325536104694331,0.2175339465983671,0.3080640209373438,0.6179837708081172,0.6193339549533926,55.724766544926545,52.6050841199426,46.9975340954675,82243.487,84213.8994,87655.40205
2025-04-17,84030.38,85470.01,83736.26,84947.91,13728.84772,0.00010507999999999999,9.415666666666763e-05,0.00012827000000000004,9.718166666666667e-05,2.6295543982325285e-05,5.7999723606816724e-05,6.454020415452598e-05,-0.5011250948580448,-0.26400790548534164,0.1067958261348473,0.24961493822766753,0.6040821582135979,0.6193881623618797,76.00206045226219,52.96236264993249,50.801771661730925,82821.954,84227.8558,87752.13155
2025-04-18,84947.92,85132.08,84303.96,84474.69,6529.96315,0.00011854,0.00011228333333333428,0.0001245535714285715,9.740466666666666e-05,6.779751715694465e-06,5.6733927118341944e-05,6.460415998854201e-05,0.07444195789310826,0.0027754611762768155,0.28560843187207086,0.18632197612540416,0.5970012763110245,0.6194392226500126,57.58597340270594,51.005624287676056,50.42386974292469,83637.18100000001,84223.17800000001,87857.86705
2025-04-19,84474.7,85677.99,84364.45,85077.01,9666.58153,7.001e-05,9.787666666666761e-05,0.00011783714285714291,9.746499999999999e-05,2.5054066203441212e-05,5.7263142721049826e-05,6.457678486199579e-05,-0.9558790435174216,-0.8662890132493856,-0.30584205107938434,0.1764545277735411,0.5972111434338829,0.6198513109269141,48.23901908719824,52.62381554765004,51.34759144268984,83883.36,84237.7194,87979.22320000001
2025-04-20,85077.0,85320.76,83949.52,85179.24,8091.67725,-3.634e-05,5.073666666666762e-05,0.00011168357142857149,9.310133333333334e-05,7.921836676760171e-05,6.863540615875338e-05,6.904741562916417e-05,-1.7100652268246161,-2.229447131454489,-1.704401976553916,0.11936545078551662,0.597211513053579,0.6191669223596574,66.65438432615801,63.87468372437256,48.96736061094221,84440.554,84220.01359999999,88101.87299999999
2025-04-21,85179.24,88465.99,85144.76,87516.23,31773.37262,0.00012188,5.1850000000000955e-05,0.0001083885714285715,9.511133333333334e-05,8.065811366498063e-05,6.680623472257522e-05,6.897581703829982e-05,0.6977153300089417,0.13311835366123312,0.4677104538552484,0.23461878922119633,0.5936098503928536,0.6215746053444615,75.35998140911667,66.1093601801098,50.020232067521576,84849.79299999999,84084.9382,88235.6906
2025-04-22,87516.22,93888.0,87076.03,93442.99,43872.74705,-3.9999999999999617e-07,2.8380000000000955e-05,0.0001006578571428572,9.311966666666667e-05,8.294340480106213e-05,7.286335738151739e-05,7.08803694668432e-05,-0.7768023720642511,-1.6556285060655078,-1.1986380705346518,0.5481347843535896,0.6337507604339835,0.6413087389287702,95.59608540924643,79.50618764827621,55.99279294270694,85666.402,84229.3858,88392.47555000002
2025-04-23,93442.99,94696.05,91935.41,93691.08,27404.16808,4.572e-05,5.573333333333429e-05,9.380071428571435e-05,9.326733333333333e-05,6.175192088774468e-05,7.321815553164518e-05,7.07732017242962e-05,0.09025832580070069,-0.8841241590327419,-0.5443142647857656,0.5180237490516192,0.6338456324505285,0.6412663315216258,95.53866546495408,74.11242680840684,56.74915097101372,86659.51000000001,84357.56779999999,88550.64095
2025-04-24,93691.07,94005.0,91660.01,93980.47,19497.06071,3.739999999999998e-06,1.635333333333429e-05,8.364357142857149e-05,9.434966666666666e-05,2.551638166602291e-05,7.52635162006451e-05,6.907097476557381e-05,-0.38287637143068237,-1.3430532713997356,-1.0945877328332636,0.5286894619023405,0.6338779239823567,0.641294238836847,95.25784146707417,85.49177992146025,56.72033673482891,87598.399,84425.05700000002,88706.44375
2025-04-25,93980.47,95758.04,92855.96,94638.68,27500.66648,-1.4740000000000001e-05,1.1573333333334287e-05,8.18328571428572e-05,9.532933333333334e-05,3.0981829082966276e-05,7.74295125039481e-05,6.722282350176378e-05,-0.8291344110555008,-1.4300879493640783,-1.312065768914717,0.5120785189611802,0.6323269864812918,0.629259810682717,99.99999999999311,82.81061844582145,60.62665236781639,88697.86799999999,84519.19279999999,88868.51715
2025-04-26,94638.68,95199.0,93870.69,94628.0,9415.06875,-0.00010004,-3.7013333333332385e-05,6.420000000000006e-05,9.036533333333334e-05,5.5359264205063057e-05,8.876972916141112e-05,7.573108707719803e-05,-1.6227229522514988,-2.172637880636738,-2.3159910232994245,0.5351313535468044,0.551774660060828,0.623987316010448,99.8884286512644,80.66360700634371,62.93827409035566,89757.63,84675.7178,89030.85469999998
2025-04-27,94628.0,95369.0,93602.58,93749.3,11162.841,-2.5810000000000002e-05,-4.686333333333239e-05,4.583642857142864e-05,8.642333333333333e-05,4.6383775539793483e-05,7.741289185097638e-05,7.864080503212742e-05,-0.1424425994650354,-1.1568987352589297,-1.3094823098831998,0.11705466238986455,0.5575403430086988,0.6106616539927584,91.40597672004506,84.1872648819059,62.1063156815476,90637.769,84826.25480000001,89196.42109999999
2025-04-28,93749.29,95630.0,92800.01,95011.18,22157.53351,-5.202e-05,-5.928999999999904e-05,2.950071428571435e-05,7.931999999999999e-05,3.764522413258514e-05,7.158947510360798e-05,8.124592904395933e-05,-0.3539354975480996,-1.313528644160714,-1.5931608012237255,0.16123125522434256,0.5196336486401418,0.6112690607398623,90.40966344644565,84.63967372296254,62.975879002017926,91691.418,85111.791,89369.84504999999
2025-04-29,95011.18,95461.53,93742.54,94256.82,16955.3402,9.45e-06,-2.2793333333332382e-05,2.559285714285721e-05,7.784966666666666e-05,3.0845833321958123e-05,7.104313667158555e-05,8.2122597901559e-05,1.1030975550163,-0.5457977214172658,-0.7661990132946706,0.18531402540958505,0.42431465504565635,0.6115704564178327,59.9215860298194,85.7412565039407,59.85479618826094,92609.399,85425.01019999999,89528.42915
2025-04-30,94256.82,95228.45,92910.0,94172.0,17661.2751,-6.0389999999999996e-05,-3.431999999999905e-05,1.3191428571428633e-05,7.2334e-05,3.8136254404341434e-05,6.970945271487884e-05,8.570912085216258e-05,-0.3587883973066122,-1.2181553973707118,-1.6969283169222065,0.17228405177697256,0.3784328010182118,0.6098804226752071,56.10608322921069,84.8624767792411,63.36496315714115,93508.675,85649.79040000001,89683.25805
2025-05-01,94172.0,97424.02,94130.43,96489.91,21380.45343,1.246e-05,-1.2826666666665713e-05,6.575714285714349e-06,6.9275e-05,4.1218539922297766e-05,6.45198713235708e-05,8.616791249132536e-05,1.0578968461754636,-0.38817113599283704,-0.7665618516922097,0.27775685904836145,0.3452861781149275,0.5701646887408205,71.02920275668913,86.191892915638,64.67811627586741,94406.043,85905.98619999998,89851.3575
2025-05-02,96489.9,97895.68,96350.0,96887.14,14905.74811,-0.00030303000000000003,-0.00011698666666666573,-2.3536428571428508e-05,5.862166666666667e-05,0.0001651843577138154,9.795678023476384e-05,0.00010950527554870517,-1.7273334389320198,-2.8634650435007596,-4.185576247433854,0.2406136821974924,0.3390587142176076,0.5239873185300766,69.70404411119502,89.10770739219,64.45843029005076,94750.45800000001,86221.4134,90005.37324999999
2025-05-03,96887.13,96935.67,95753.01,95856.42,9723.34838,-4.238e-05,-0.00011098333333333239,-3.156428571428565e-05,5.1414333333333333e-05,0.00016856244550114284,9.423530097291744e-05,0.00010877348474712201,0.26372197361481553,-0.5064938407099583,-1.1959061316768338,0.2652736790137234,0.3303649962848561,0.5242534153380473,59.132392255280365,83.06979335462545,63.49939190200258,94966.992,86458.87779999999,90149.28465000002
2025-05-04,95856.42,96304.48,94151.38,94277.62,11036.38342,7.344e-05,-9.065666666666571e-05,-2.372285714285708e-05,4.817666666666667e-05,0.00019282217879000802,9.828766879608251e-05,0.00010652683668138631,0.9576646132568813,0.6994549993008717,0.12509159343348103,0.30194447788467343,0.344607914570014,0.518312797608996,53.55736548105263,75.59385503084157,68.8228857952648,94996.707,86657.66140000001,90282.57269999999
2025-05-05,94277.61,95199.0,93514.1,94733.68,17251.18189,-1.0150000000000003e-05,6.970000000000958e-06,-3.3153571428571364e-05,4.237033333333333e-05,5.977782950218908e-05,8.915196581874371e-05,0.00010472580354182406,0.3007965995523583,-0.1195592586351756,-0.7968187306129063,0.30426475256128155,0.33639904349330707,0.5180066789821931,47.90404688892075,72.70550869185155,68.6162436184031,95006.207,86900.8444,90419.1322
2025-05-06,94733.68,96920.65,93377.0,96834.02,16122.64513,7.175000000000001e-05,4.5013333333334294e-05,-2.799999999999994e-05,4.310166666666667e-05,4.778032056533571e-05,9.318512666072313e-05,0.0001048560745312422,0.7369255660625883,0.7653937439404588,0.12714107890499865,0.28795749608983223,0.34287532464153453,0.5124329124056344,66.1764927415368,64.05061990404648,74.96602888773373,95226.80900000001,87157.3242,90561.16229999998
2025-05-07,96834.02,97732.0,95784.61,97030.5,16644.83854,2.513e-05,2.8910000000000958e-05,-2.9470714285714226e-05,3.833899999999999e-05,4.108063777490386e-05,9.208815103472755e-05,0.00010219816684203082,0.030976854125484517,0.3254103427284733,-0.39965833504521253,0.2862615125707213,0.3430864584640326,0.5119872310201312,67.69412469637444,63.89620808982262,70.60344112946694,95554.929,87443.63360000002,90704.42479999998
2025-05-08,97030.5,104145.76,96876.29,103261.6,34962.02847,0.00012654000000000002,7.44733333333343e-05,-2.0699285714285648e-05,3.8962666666666665e-05,5.0759821052938474e-05,0.00010091970086426756,0.00010269275272198468,1.3285186910474622,1.4197957186216923,0.7578846052190894,0.5691897719125842,0.4120443883922723,0.5045115208534569,78.23718822790147,75.84223454652093,80.95636064395781,96379.97099999999,87771.94679999999,90875.57285
2025-05-09,103261.61,104361.3,102315.14,102971.99,27617.39907,0.00024378,0.00013181666666666763,-2.233571428571364e-06,4.236466666666667e-05,0.00010942046441743208,0.00012327026009841555,0.00010777884520643399,1.5322919732183304,2.2460967494877244,2.0007726738319698,0.50850171928187,0.4155626603917738,0.49884149797882393,75.60293559513856,73.6893992673643,78.18446060217458,97251.488,88146.91880000001,91053.5453
2025-05-10,102971.99,104984.57,102818.76,104809.53,15324.78611,0.00023914000000000002,0.0002031533333333343,2.1993571428571495e-05,4.547133333333333e-05,6.638964176230166e-05,0.0001353116012200395,0.0001121229690619804,0.9958825176647665,1.8693846677650197,1.8970391341625787,0.490474496145392,0.4151715834896085,0.48456408001441587,85.27643572501503,76.22004012247366,78.17469304104591,98315.24100000001,88561.3336,91240.46295
2025-05-11,104809.53,104972.0,103345.06,104118.0,17987.12197,0.00024150000000000002,0.00024147333333333432,4.1087142857142926e-05,5.316766666666667e-05,2.3201149382891468e-06,0.00014644872315691733,0.00011744553612822485,0.6792900690029211,1.7186115448293855,1.8442969283136519,0.5395674459961453,0.41408505750737684,0.48508077502198427,91.68712815585096,76.96196975511678,80.08151176514778,99078.05,88966.8818,91427.70969999999
2025-05-12,104118.0,105819.45,100718.37,102791.32,31272.77792,0.00016755,0.0002160633333333343,5.677071428571435e-05,5.3858666666666666e-05,4.2030346576334474e-05,0.0001474642702730005,0.00011807484460800609,-0.6726018198543181,1.0362251855039162,1.0366765120919803,0.5839975584370566,0.33524228249585275,0.4790289891669395,81.78987602261952,70.16292803985152,76.50460953782836,99668.468,89301.0582,91600.6749
2025-05-13,102791.32,104976.25,101429.7,104103.72,21253.42409,0.00024103,0.00021669333333333428,7.331214285714294e-05,5.4183666666666674e-05,4.256002388776106e-05,0.0001545653492454512,0.00011859231944324607,0.4364625815626417,1.4360176559072408,1.7365550645300016,0.24850781877654837,0.33676318591389476,0.4733132517957532,80.58263373197099,74.80175021988043,79.48260373733041,100493.198,89633.1694,91787.70184999998
2025-05-14,104103.72,104356.95,102602.05,103507.82,16452.9081,0.00020637999999999999,0.0002049866666666676,9.236714285714292e-05,5.517366666666667e-05,3.6759810028436686e-05,0.00015325275820978471,0.00011976830763473088,-0.3928807064612302,1.0782523141630276,1.343476252538127,0.25447144061370297,0.33995811377572216,0.4738671050794762,76.36323379536495,72.92427672708381,77.89866240701946,101416.21800000001,89955.4684,91969.77715
2025-05-15,103507.83,104192.7,101383.07,103763.71,17998.98604,9.753e-05,0.00018164666666666763,9.84435714285715e-05,5.6286e-05,7.487900796168898e-05,0.00015151742334984798,0.00012000936229573947,-1.5447903068078794,0.27742224597781157,0.2218023454712283,0.18820277848519174,0.33995583312201444,0.4698611759785287,53.97896838918185,69.87346641690196,77.47165787143152,102319.22099999999,90292.5592,92148.4872
2025-05-16,103763.71,104550.33,103100.49,103463.9,15683.88024,0.00016807,0.00015732666666666765,0.0001320935714285715,5.8114e-05,5.5214536431329414e-05,9.855189204034015e-05,0.00012131719042989107,-0.15032504253061565,0.694429731513081,0.9270714635641011,0.18247208884302854,0.3409029971490211,0.46892431440168997,53.89184698761213,68.0651831635196,77.86594616233074,102982.209,90617.19700000001,92315.99565
2025-05-17,103463.9,103709.86,102612.5,103126.65,11250.89622,6.758e-05,0.00011106000000000095,0.0001399478571428572,5.6864e-05,5.15931749361592e-05,8.731882211219139e-05,0.00012100938765525183,-1.2174121502624067,-0.06260316777960204,-0.09607479509442068,0.14068965889530646,0.337153316427371,0.4668194852934931,32.54078257729638,70.760945983835,76.69483804709347,103591.824,90991.2424,92467.94679999999
2025-05-18,103126.65,106660.0,103105.09,106454.26,21599.98726,0.00022645,0.0001540333333333343,0.00015087714285714294,6.0461e-05,8.035975506014559e-05,8.792765062857367e-05,0.00012446052071326164,1.0670078022239569,0.9908524668201965,1.4741101410407973,0.2970378471743982,0.35485293154435793,0.45848563939981485,65.66794625204263,81.61416954855001,78.72460962920324,103911.09,91467.35680000001,92638.4944
2025-05-19,106454.27,107108.62,102000.0,105573.74,30260.03524,0.0001414,0.00014514333333333427,0.00016170214285714292,6.284066666666667e-05,7.9501123472103e-05,7.494925433805015e-05,0.0001253288459499079,0.0192953821727989,0.3270554945240837,0.6101245866080224,0.30576102828722124,0.3551029319629657,0.45147435390032614,69.8478324759039,77.5370808620325,75.37858803072358,104171.265,91931.0318,92814.90305
2025-05-20,105573.73,107320.0,104184.72,106849.99,23705.48275,0.00016751,0.0001784533333333343,0.00016854214285714296,6.963566666666667e-05,4.356825717568548e-05,7.033623873705413e-05,0.0001252922064803789,0.2311285388186286,0.44899283827119724,0.8528687551142371,0.3123443503915633,0.3547993507262924,0.4517223003537965,69.69152028542749,76.55548644461874,71.67610432208619,104375.311,92417.0314,93001.67295
2025-05-21,106850.0,110797.38,106100.01,109643.99,45531.040345,0.00021033,0.00017308000000000094,0.00018177071428571433,7.258400000000001e-05,3.480093245867586e-05,5.7541072349656346e-05,0.00012758372749449104,0.7570875197382569,0.6984484311873854,1.2360824988409882,0.33443361665053584,0.35631301515290426,0.4545486861523354,83.45299972849537,79.39372923957205,73.8304661822907,104927.91,92906.7444,93203.0192
2025-05-22,109643.99,111980.0,109177.37,111696.21,31630.77313,0.00030000000000000003,0.00022594666666666762,0.00019416071428571437,8.259733333333333e-05,6.76114652505536e-05,6.313674895563465e-05,0.00013331761215193668,1.489579226636724,1.6061530776150328,2.0013460336516493,0.29561780846559266,0.35985637587457187,0.45261636766088453,86.16313780696517,74.40964137148859,75.13976358398135,105818.399,93490.34280000001,93417.62030000001
2025-05-23,111696.22,111800.0,106800.0,107318.3,31737.72309,0.00025195999999999997,0.0002540966666666676,0.00019474500000000007,8.947199999999999e-05,4.4873168300521233e-05,6.366688690730097e-05,0.00013662684260425952,0.5911215207964668,1.0380463155218658,1.4882848083492202,0.5062976872114361,0.4064352329948546,0.4645458269069177,62.80892424177685,60.17132284695829,66.27503581128133,106139.857,93972.44699999999,93614.96174999999
2025-05-24,107318.3,109506.03,106875.41,107761.91,16782.53129,0.00015951,0.0002371566666666676,0.0001890571428571429,9.466433333333333e-05,7.140528015018813e-05,6.294857943395365e-05,0.0001362156587961657,-0.9894770846362586,-0.0917683121294036,0.6070211775553817,0.49508309361447683,0.3940895269387216,0.4644047949772268,65.29574739376105,57.391453255071454,66.67284465762836,106565.26600000002,94449.8878,93806.91125
2025-05-25,107761.9,109299.99,106600.64,109004.19,17710.04695,0.00018558,0.0001990166666666676,0.0001850628571428572,0.00010134166666666667,4.7667165148839424e-05,6.111230789153442e-05,0.00013557606494802327,-0.6459553503128224,0.11995683341399173,0.8219233020169909,0.49429686038004994,0.39450790443121153,0.46425119735086084,59.75729310717923,61.904569315468244,69.18819814790243,107089.31400000001,94959.21179999999,93974.07225
2025-05-26,109004.2,110422.22,108670.58,109434.79,14649.11593,0.00027113,0.0002054066666666676,0.00019246142857142864,0.000113714,5.8391597283571164e-05,6.497679655165685e-05,0.00013348465955000723,0.6347962633421695,1.1944048620003163,1.5620504948458103,0.4383520248474004,0.3888892515897705,0.4642513469468942,65.30114045717787,66.92496019361344,68.53008895556303,107686.403,95579.3076,94141.95674999998
2025-05-27,109434.78,110718.0,107516.57,108938.17,21276.65635,0.00017392,0.00021021000000000096,0.0001876678571428572,0.00012037166666666667,5.307940937871707e-05,6.357852506079879e-05,0.00013124793014025334,-0.6922058975888352,-0.34301399403406413,0.6491576938705762,0.3889974794892506,0.391225054953867,0.45567222341933356,58.820383805680926,62.8504231951627,68.98694806149982,108267.55500000001,96174.8062,94304.09870000002
2025-05-28,108938.17,109284.7,106769.43,107781.78,15633.78829,0.00010792,0.00018432333333333426,0.00018063500000000003,0.00012570299999999999,8.210084063714993e-05,6.671760023243312e-05,0.00012718951643393603,-1.2121569604824292,-1.4063084177799385,0.04990544013989225,0.16401382967936318,0.30320549403704583,0.4527445995130863,40.871188464676756,61.03187451731428,67.1264326158944,108400.307,96803.99339999999,94459.6203
2025-05-29,107781.78,108891.91,105322.86,105589.75,19834.70116,0.00014377,0.00014187000000000094,0.00018393785714285722,0.00013018033333333332,3.304099726087607e-05,6.334639777007914e-05,0.00012530628416650933,-0.5370639637576456,-0.7373581949417863,0.367048085175286,0.23800093422661942,0.3178841045633631,0.4565643502618288,20.470064142737428,54.2850505230615,61.4875561069636,108401.90800000001,97263.484,94585.71899999998
2025-05-30,105589.75,106313.12,103621.0,103985.48,23706.49799,0.00013863,0.0001301066666666676,0.00018183500000000006,0.00013681433333333334,1.938533036413144e-05,6.439365971540979e-05,0.00012002619354022632,-0.4535699913869172,-0.7424548548906056,0.31416175931498697,0.18184043136836742,0.31636781572640116,0.4590530109195219,27.974437600779794,51.153348110432376,58.69587268420905,108115.45700000001,97751.04759999999,94662.40645
2025-05-31,103985.47,104900.0,103068.55,104591.88,11289.35922,0.00020745,0.00016328333333333428,0.00019182571428571436,0.000143314,3.833569789799872e-05,5.554595210823118e-05,0.00011832747576699166,1.40445794091338,0.4365248504940688,0.9262241901802839,0.19465265894396322,0.31612702730506526,0.45397163836311005,29.49153726617395,53.20188927703406,60.8138628030094,107610.246,98174.4084,94745.6058
2025-06-01,104591.88,105866.91,103752.49,105642.93,9709.70006,5.87e-05,0.0001349266666666676,0.00017984357142857149,0.00015537166666666668,7.444411751996615e-05,6.482117206443995e-05,8.501831385200767e-05,-1.3348801207270797,-1.805526206054589,-0.44406412242887117,0.25553138483200416,0.31304674363896806,0.44567511254038644,27.702670431023577,48.031149064626916,64.2556949101049,107004.91799999999,98581.729,94821.94445000001
2025-06-02,105642.93,105935.63,103659.88,105857.99,13453.98813,9.418e-05,0.00012011000000000092,0.00017647071428571434,0.00015992366666666663,7.769114685723948e-05,6.811995612544835e-05,7.737779559807681e-05,-0.6117484963864068,-1.1374887181517555,-0.10597104791486817,0.2580303939999907,0.30892828762506225,0.4455727461348613,25.574379047830035,50.712810119417526,64.03827734289268,106858.88700000002,99023.6888,94914.60644999999
2025-06-03,105858.0,106794.67,104872.5,105376.89,13259.52634,0.00015527,0.0001027166666666676,0.00017559642857142862,0.00016265133333333336,4.8847694247798716e-05,6.832205642368781e-05,7.564695707965284e-05,0.4271243836291805,-0.16999620118103667,0.46043990068370505,0.18919124567823223,0.3084847231464481,0.44594747665731893,25.628703995179862,46.152487993335356,61.23999430557483,106620.38500000001,99439.395,94986.33055
2025-06-04,105376.9,106000.0,104179.0,104696.86,14034.89482,3.562e-05,9.502333333333426e-05,0.00016311714285714292,0.000164177,5.9829457906004814e-05,7.690627046846174e-05,7.243504353610546e-05,-1.0562521281056065,-1.8262300464541454,-0.624285427169813,0.13211889202828742,0.30997026943525036,0.44623470435018814,27.41619984948349,35.4748828067855,59.96002147292867,106189.652,99860.45240000001,95056.88025
2025-06-05,104696.86,105909.71,100372.26,101508.68,22321.50154,8.101e-05,9.063333333333427e-05,0.00014747500000000005,0.00016448566666666666,6.040270716885451e-05,6.876306094121734e-05,7.204629061185638e-05,-0.08730309834791956,-1.078119246839106,-0.21060193548652678,0.2935058440601649,0.3376684348569976,0.4228584304546195,23.926507361911703,21.959172124345898,47.5271099243418,105397.041,100210.0184,95115.14369999999
2025-06-06,101508.69,105333.0,101095.8,104288.44,15839.07385,-9.516e-05,7.156666666667605e-06,0.00012268071428571433,0.00016047600000000003,9.146905615193652e-05,8.806321885350753e-05,8.263816420672008e-05,-1.5921605373983225,-2.731112372727823,-1.7554147890300802,0.3961364582256828,0.35786248945985827,0.42639711441629913,51.68281568346491,40.85594704774943,51.735235569972524,104932.068,100596.829,95184.26550000001
2025-06-07,104288.43,105900.0,103871.09,105552.15,8344.93206,-5.7539999999999995e-05,-2.3896666666665726e-05,0.00010717714285714294,0.00015434000000000002,9.27786216395028e-05,9.94503185150901e-05,9.159369211081822e-05,-0.7992186775546576,-1.9529586160122767,-1.368562168033405,0.41553680863339526,0.3339593214032322,0.414058209143846,54.97091280674704,43.64554265482626,50.993895456680576,104709.105,101018.37819999998,95250.47230000001
2025-06-08,105552.15,106488.14,104964.14,105734.0,8048.06305,6.819000000000001e-05,-2.8169999999999058e-05,9.879214285714292e-05,0.00014848700000000002,8.554386769367322e-05,9.725597875068083e-05,9.129099159211011e-05,0.7868519942199214,-0.6436058333240157,-0.2419500897736516,0.4135114893120101,0.33215638087832994,0.3703963235918527,50.51805012463067,39.985361715676994,52.192709890908716,104723.53,101431.51799999998,95307.7095
2025-06-09,105734.01,110530.17,105318.37,110263.02,19975.37451,4.9170000000000005e-05,1.9940000000000947e-05,8.29378571428572e-05,0.00014215466666666666,6.777022133646035e-05,8.421877784208482e-05,9.137460900372384e-05,0.5005897316171087,-0.7638301170552445,-0.39673780748367543,0.5281374580902535,0.37470074330641184,0.3672895103926058,66.80840834423635,52.02744416651993,59.32756445915015,105351.28399999999,101933.1936,95367.439
2025-06-10,110263.02,110400.0,108331.03,110274.39,17071.82839,0.00024539,0.00012091666666666761,8.80428571428572e-05,0.00014228433333333333,0.0001082157480837539,9.196760595481751e-05,9.15230874089116e-05,1.5283033685375154,1.1252904270170516,1.2991801046012954,0.33974986136720686,0.3584953820971204,0.35249001343616543,69.38234530533288,53.350564838297935,57.962013063505125,105919.53499999999,102388.3568,95424.35095000001
2025-06-11,110274.39,110392.01,108064.0,108645.12,13115.91638,0.00022208,0.0001722133333333343,9.619714285714292e-05,0.000144102,0.00010719414831662525,9.868149568796787e-05,9.25775848867152e-05,0.9197001847480436,0.990118630599876,1.07396525324279,0.40457404228606003,0.3542087356697731,0.3530078806340612,64.5336578528085,52.11467146097,56.45648030894387,106219.754,102692.3994,95479.21455
2025-06-12,108645.13,108813.55,105671.72,105671.73,17778.67218,0.00010301,0.00019016000000000093,9.328571428571436e-05,0.00013950133333333334,7.636871676277776e-05,9.776701392082427e-05,9.101083655578291e-05,-0.3828166039098266,-0.153643058126644,0.054434770409102995,0.501250410625188,0.33174088246929234,0.35758221300243365,65.57052206065168,50.193399595928824,52.244647020011804,106201.128,102932.0124,95518.073
2025-06-13,105671.74,106179.53,102664.31,106066.59,26180.81734,1.786e-05,0.00011431666666666761,8.465928571428577e-05,0.00013321733333333336,0.0001025784218699355,9.878110123396406e-05,9.272603268489401e-05,-1.0750266342307127,-0.9671726796034731,-0.6739898044517102,0.5020899642307627,0.3316330206285875,0.3572647468314702,58.094664072461526,55.206666983566336,53.05504358210317,106270.098,103173.7348,95583.3559
2025-06-14,106066.59,106252.0,104300.0,105414.64,8798.93969,6.951e-05,6.346000000000094e-05,7.480642857142863e-05,0.00013228333333333331,4.289618281377686e-05,9.225508771523832e-05,9.323760246087656e-05,-0.6305138974883138,-0.3711438297302028,-0.2187856078666137,0.24149426688584363,0.3276452789385304,0.3561567088147564,49.33709099077835,52.053757750637864,52.66595216971592,106341.876,103389.254,95650.6033
2025-06-15,105414.63,106128.57,104494.53,105594.01,7164.20047,5.167e-05,4.63466666666676e-05,7.430428571428578e-05,0.00012840333333333332,2.623326196503673e-05,9.236856064489721e-05,9.411483390480136e-05,-0.5240151520019193,-0.485020398070942,-0.3669324873812824,0.24729917611277608,0.3270462983923797,0.3561909030249039,49.324973985528835,49.87233100821602,48.91828020321024,106750.40899999999,103608.5742,95699.25779999999
2025-06-16,105594.02,108952.38,104980.37,106794.53,14922.6654,8.799e-05,6.972333333333428e-05,7.386214285714292e-05,0.00012908366666666667,1.8160939769910554e-05,9.228087594020427e-05,9.373299034600467e-05,0.6634551801004227,-0.014796070428806117,-0.043975234310233306,0.28555662770140233,0.3314569678197373,0.35624712817540477,25.368392197965534,52.32456893684125,51.52282497323322,107001.018,103869.47879999998,95755.01054999999
2025-06-17,106794.53,107771.34,103371.02,104551.17,17866.33025,9.834000000000001e-05,7.933333333333428e-05,6.979571428571435e-05,0.00012481333333333333,2.450970488044175e-05,8.963400167987883e-05,9.204725710328755e-05,1.0437979997253533,0.11391128336021698,0.05034037119334176,0.2360462113653036,0.3403295450777348,0.36086061571584377,19.139475795665845,48.11536593470895,47.199987917223936,106900.92,104060.27859999999,95790.46639999999
2025-06-18,104551.17,105550.27,103500.0,104886.78,13968.64167,8.635e-05,9.089333333333428e-05,7.341928571428579e-05,0.00012297833333333333,6.50092557459224e-06,8.917034109066444e-05,9.22536836787979e-05,0.4129416716810234,0.005582000267972949,-0.057920632474208415,0.23489669572470914,0.3297842686965707,0.360751374247277,26.448729549593764,50.440399921711645,43.83649993949171,106816.198,104272.87779999999,95832.86035
2025-06-19,104886.79,105226.17,103929.27,104658.59,7678.60737,3.8570000000000005e-05,7.442000000000094e-05,7.038785714285721e-05,0.00011868033333333333,3.16205139109566e-05,8.96127336572328e-05,9.31071010471875e-05,-1.3124506870032457,-0.5110685513237659,-0.4953978566727962,0.23125384867252255,0.3230306024560628,0.3609801257562346,40.32129250686335,58.46648493217846,40.42963182962157,106255.755,104482.6096,95870.2274
2025-06-20,104658.59,106524.65,102345.0,103297.99,16419.06283,0.00013827000000000002,8.773000000000096e-05,8.706142857142863e-05,0.00011627833333333333,4.986432391994344e-05,7.731331210455978e-05,9.157812591121967e-05,1.3592235628633202,0.774480220608841,0.39038170210523804,0.24691139684554758,0.3269249031462146,0.35829150732717574,27.67114007355005,47.11794807330321,44.044064597653566,105558.11499999999,104618.77120000002,95907.51425000001
2025-06-21,103297.98,103982.64,100837.9,102120.01,11154.21332,0.0001335,0.0001034466666666676,0.00010070714285714291,0.00011072833333333334,5.6235439300555195e-05,6.583523576427362e-05,8.485868602380731e-05,0.8525577238797004,0.659131531668673,0.3297578540200536,0.18321156027848343,0.3263896655076823,0.3234876964140057,25.50690418592488,39.962941603778376,41.819734016297105,104905.604,104723.4286,95938.86584999999
2025-06-22,102120.02,103399.62,98200.0,100963.87,28746.41072,0.00017028,0.00014735000000000095,0.00010799928571428579,0.00010800566666666666,2.0000672488524917e-05,6.758708370740337e-05,8.14113715552976e-05,1.1054055000589966,1.0423591751292098,0.6393070341877877,0.1363147653505511,0.3284720533737947,0.3250223593297886,19.94352409638377,36.80215896407508,38.31303991897052,104434.818,104825.5776,95950.7486
2025-06-23,100963.87,106074.2,99613.33,105333.93,27666.50609,1.0190000000000002e-05,0.00010465666666666761,0.00010521500000000007,0.00010302833333333334,8.385198526765142e-05,7.091784008494133e-05,8.270815412765788e-05,-1.2646955843180494,-0.8263523736689048,-0.7928877271224402,0.4509947027432525,0.37965651504917175,0.3404751670039347,43.28270759404204,36.241330856871066,44.65172280136373,104361.552,105046.70379999999,95992.69009999999
2025-06-24,105333.94,106290.0,104622.02,106083.0,14651.69335,2.91e-05,6.985666666666762e-05,8.976571428571435e-05,9.781233333333333e-05,8.74816062571231e-05,6.088094127881604e-05,8.225547778361846e-05,-0.9369903601123938,-0.5895796145076888,-0.6337793465662288,0.45226170812696787,0.3796478509208868,0.34048513699117083,58.167451333751984,38.76325241804563,46.3006914379871,104428.388,105273.6902,96024.4009
2025-06-25,106083.0,108135.3,105808.03,107340.58,16701.15551,5.350000000000001e-06,1.488000000000095e-05,7.428500000000007e-05,8.895299999999999e-05,1.2550406367636437e-05,5.1476779343157385e-05,7.70956819378193e-05,-0.8389157719312289,-0.8178213906479074,-0.8821942872544217,0.4219346987420572,0.35439724734844813,0.34131302187774226,61.91208996059628,46.43152569003535,49.429853059225024,104603.045,105483.82139999999,96061.94385
2025-06-26,107340.59,108272.45,106562.5,106947.06,10573.27279,4.6280000000000004e-05,2.6910000000000947e-05,7.023285714285721e-05,8.469833333333333e-05,2.0552695686766938e-05,5.127410568982527e-05,7.575530235611647e-05,-0.08769274205191199,-0.46581234970523905,-0.5220104663944585,0.3939834148772906,0.3379704176509962,0.3404251280279156,60.93397483981837,54.06186838364974,51.83950894024451,104618.298,105682.1526,96091.1312
2025-06-27,106947.06,107735.34,106356.76,107047.59,12232.44042,6.333e-05,3.832000000000095e-05,7.348071428571435e-05,8.321200000000002e-05,2.979834391359502e-05,4.909527166088608e-05,7.572140258648368e-05,1.332913918618841,-0.3516475869600212,-0.3880832407764975,0.34629962490867494,0.33447363897402993,0.33927937301460664,70.36745726179483,53.18413864018295,54.326293680640795,104867.93999999999,105757.87240000001,96139.9868
2025-06-28,107047.58,107577.75,106811.51,107296.79,3282.17352,9.326e-05,6.762333333333428e-05,7.517714285714293e-05,8.152833333333334e-05,2.3782443804754665e-05,4.9357142329218685e-05,7.488539345097967e-05,1.3708822934930394,0.07960752620870938,-0.1196585260277559,0.11330932723170917,0.33451888999555424,0.33835874208080796,81.27547999660986,56.27310983466046,53.860591059739626,105108.94099999999,105844.36839999999,96193.50575
2025-06-29,107296.79,108528.5,107172.52,108356.93,6831.7364,0.0001661,0.00010756333333333428,8.335071428571436e-05,8.2444e-05,5.285695066239107e-05,5.4383775785494714e-05,7.577040080816427e-05,1.5179930423629908,1.0641365144277979,0.5470346045683566,0.12284083583200607,0.2826316001039358,0.338793454815686,95.18930086428442,58.69800094443051,53.87255995903844,105478.775,105915.31640000001,96229.6654
2025-06-30,108356.93,108789.99,106733.33,107146.5,9754.12491,8.966e-05,0.00011634000000000095,8.347000000000007e-05,7.851766666666668e-05,4.313100045203147e-05,5.43965643712014e-05,7.202885995759485e-05,-0.04504775557526735,0.06271280148941064,-0.2074195743063893,0.14859745273958633,0.28600954254896743,0.33586046819314885,68.05179594738196,51.107352503486155,51.78777022037354,105863.626,105975.8864,96265.37645
2025-07-01,107146.51,107540.0,105250.85,105681.14,10505.62437,6.496e-05,0.00010690666666666761,8.108571428571437e-05,7.872633333333333e-05,5.272959826630998e-05,5.4426193172978295e-05,7.197851870569907e-05,-0.7294279756923874,-0.27413096697699063,-0.5977137654654616,0.18874880555952478,0.2850411303911316,0.33797077488074684,46.497500331191716,53.73805527307549,50.410914871400436,106219.73899999999,106033.6828,96286.6609
2025-07-02,105681.13,109730.0,105100.19,108849.6,17691.89592,9.34e-05,8.26733333333343e-05,8.158928571428577e-05,7.870033333333334e-05,1.5453754667599794e-05,5.451119524600889e-05,7.197288471623892e-05,-0.21235975986726355,0.32705740803381383,-0.30605618628409337,0.3356735718222564,0.28829065816304517,0.34355114715144686,59.86591942088779,61.040181063845665,55.25537162219916,107008.312,106128.60040000001,96323.8089
2025-07-03,108849.59,110529.18,108530.4,109584.78,13047.08225,0.00013461000000000001,9.765666666666762e-05,8.844928571428577e-05,7.801166666666668e-05,3.501956643544308e-05,5.472365407061925e-05,7.131076646886515e-05,0.6180546796759576,1.076509901941404,0.16903533397969622,0.3365694735506623,0.2890246001255646,0.3404900245428591,66.50782922157808,63.347033881079504,60.897014503261765,107433.397,106250.13960000001,96349.41285000001
2025-07-04,109584.77,109767.59,107245.0,107984.24,11793.86615,0.00012035999999999999,0.00011612333333333428,8.717000000000006e-05,8.083633333333333e-05,2.0929119267816115e-05,5.366856707900194e-05,7.125198187127076e-05,0.722684043601754,0.7140181531641514,-0.025952412788806258,0.3634831987770568,0.29568437907400286,0.34306773409434976,54.93529034249719,62.53397445943966,55.15061629566599,107623.521,106334.5502,96359.04075000001
2025-07-05,107984.25,108420.56,107756.31,108198.12,3736.9757,8.125999999999999e-05,0.00011207666666666762,8.343857142857149e-05,8.084466666666667e-05,2.7622741234831463e-05,5.1989366939124376e-05,7.125201750245465e-05,-0.6212686830061345,-0.1330175295713176,-0.5011176635763741,0.34559771695927277,0.2956957498616937,0.3394736456157669,54.76692909554186,67.14066313255637,53.798686839650514,107709.275,106429.2346,96369.36264999998
2025-07-06,108198.12,109700.0,107800.01,109203.84,6447.607,4.634e-05,8.265333333333428e-05,7.458571428571433e-05,8.556133333333334e-05,3.702966558485725e-05,4.630606601144394e-05,6.345624910041724e-05,-1.4141582530250592,-0.8113512662325046,-0.9323118283504565,0.30342132910481945,0.2944780282151361,0.33996441751312867,54.505046507442586,73.43607701395405,54.86635830951035,107934.95300000001,106550.7784,96414.3618
2025-07-07,109203.85,109700.0,107513.2,108262.94,9405.37601,0.00010069000000000001,7.609666666666761e-05,8.105000000000006e-05,9.083566666666666e-05,2.7540436331444358e-05,4.280984843564118e-05,5.744277456346738e-05,0.11668664168446771,0.3127563099787187,-0.26609054722677206,0.1958488266432963,0.2807246799521534,0.3054233133088948,56.11410245737816,60.34948563690752,46.88103301044589,108056.48799999998,106586.95199999999,96468.36720000001
2025-07-08,108262.94,109216.56,107429.57,108922.98,9216.0208,9.237000000000001e-05,7.980000000000095e-05,8.556928571428577e-05,9.164166666666667e-05,2.927429418436966e-05,4.0161486806804276e-05,5.728348652247014e-05,0.1518610487561912,0.13409381700344578,-0.3426518860528536,0.19353694727422865,0.28127966021046585,0.3055623225034842,69.47116539654809,60.09843914011299,47.9343724063257,108219.10699999999,106653.9368,96523.9549
2025-07-09,108922.99,111999.79,108324.53,111233.99,17282.2865,0.00010742,0.00010016000000000095,9.286000000000007e-05,9.358333333333334e-05,7.53898534241083e-06,3.3127309208419695e-05,5.6779230134986215e-05,0.9069742775754005,0.3832503749447855,-0.13175069588908772,0.20627596717257898,0.2920585595658994,0.30679039389992774,65.96560724333715,62.879368782209916,53.876297816432725,108506.813,106741.6168,96593.6649
2025-07-10,111234.0,116868.0,110500.0,116010.0,24883.450665,0.00020431,0.00013470000000000094,0.00010414785714285721,9.2214e-05,6.075186993001284e-05,4.181831401871981e-05,5.33858520326357e-05,1.6282305119144302,2.1161736815943355,1.1095212564581998,0.36169092947105735,0.3264806853379593,0.32240040788130647,77.91607650263259,73.24140654650868,64.68662392910542,109393.16299999999,106868.93699999999,96697.78355
2025-07-11,116010.01,118869.98,115222.22,117527.66,25873.521148,0.00030000000000000003,0.00020391000000000094,0.00012105285714285721,9.481133333333333e-05,9.62906231156151e-05,6.529523842092287e-05,6.123974547429308e-05,1.5443835668704644,2.847061697777516,2.209754182346695,0.3586621317569684,0.3182419764913642,0.3214422074453912,91.76471000120227,75.05451951346245,65.77833481694067,110577.81499999999,106985.56599999999,96811.01449999999
2025-07-12,117527.66,118200.0,116900.05,117420.0,8446.60437,0.00030000000000000003,0.0002681033333333343,0.00013582000000000007,0.00010137766666666667,5.524664725869772e-05,8.020251482728562e-05,7.179966264855152e-05,0.989594365805018,2.3567041667150592,2.1497882800372894,0.31630024275563096,0.3096321176661052,0.3204548187112186,90.73628412403363,74.36628044397541,66.77911105942445,111434.85500000001,107187.6,96904.7966
2025-07-13,117420.0,119488.0,117224.79,119086.64,9550.792947,0.00030000000000000003,0.00030000000000000003,0.00014538428571428576,0.00011078233333333335,0.0,9.130645783165514e-05,7.863550859260811e-05,0.6698679885515918,2.0023133873564385,2.0698747882844524,0.29978701783943995,0.26950142412525757,0.3212217524823297,91.24735390552995,75.09346574683941,68.10508510146155,112385.041,107414.0946,97003.0818
2025-07-14,119086.65,123218.0,118905.18,119841.18,27269.348877,0.00028051,0.00029350333333333427,0.00015901642857142864,0.00011781566666666666,1.125255674622686e-05,9.644901735014079e-05,8.406540867536433e-05,0.08546148553345523,1.573299203157304,1.7600695675922329,0.31169732660164545,0.2694693285415663,0.321371658539723,99.0871289076352,80.33579307575599,67.7187180251149,113570.73500000002,107630.83439999999,97123.32969999999
2025-07-15,119841.17,119940.83,115736.92,117758.09,32018.46083,0.00030000000000000003,0.00029350333333333427,0.00017580500000000004,0.00012609333333333335,1.125255674622686e-05,9.923365517422157e-05,8.938546596872229e-05,0.44670109985058204,1.593864691019586,1.8980165275043732,0.24745220607447896,0.28617347900833934,0.3248737309733863,83.42426688840342,78.03204351819926,68.01480477545427,114526.732,107797.30040000001,97240.625
2025-07-16,117758.08,120063.84,117017.29,118630.43,17039.90851,0.00030000000000000003,0.00029350333333333427,0.00019056214285714294,0.00013316033333333335,1.125255674622686e-05,0.0001013752080281603,9.450350737824699e-05,0.4467010998505759,1.4229324770550145,1.809071576848769,0.23082198649994087,0.2838985528374648,0.3248356784249701,81.39954864772132,75.41107631456839,68.4763878279611,115469.39099999999,107991.14559999999,97357.27715
2025-07-17,118630.44,120998.71,117453.57,119177.56,15728.57651,0.00030000000000000003,0.00030000000000000003,0.00020237571428571437,0.00013988233333333332,0.0,0.00010395719612599764,9.900608384944898e-05,0.44670109985058204,1.2778242219310803,1.7630792615608346,0.22955953336866486,0.28327716194486147,0.3164145782367726,70.97983060141928,75.1684406280839,69.35273827349616,116560.853,108219.06120000001,97484.47395000001
2025-07-18,119177.56,120820.71,116812.76,117924.84,19924.66266,0.00030000000000000003,0.00030000000000000003,0.00021520714285714295,0.000147004,0.0,0.00010414160776623993,0.00010264003838662894,0.4467010998505759,1.1507002881551576,1.692050368792958,0.2168754835871891,0.2911803474396331,0.3169137393181369,52.72634168574417,76.56587565354485,69.55276681104176,117461.03899999999,108465.763,97610.13790000002
2025-07-19,117924.84,118499.9,117277.34,117840.0,6635.80306,0.00030000000000000003,0.00030000000000000003,0.00023083142857142864,0.00015571833333333335,0.0,9.876993600962865e-05,0.00010420238967689949,0.0,1.0514299062181787,1.6321894192841406,0.20005233486036614,0.29111247937649554,0.31594004552290805,52.89204412432526,75.94651324251461,71.64668294666623,118121.63999999998,108742.85339999999,97731.45790000001
2025-07-20,117840.01,118856.8,116467.02,117265.12,12962.92889,0.00030000000000000003,0.00030000000000000003,0.00024895000000000006,0.00016110933333333334,0.0,8.456802023317858e-05,0.00010740302297596826,0.0,0.9513671860540289,1.5889995284921463,0.13784163414250653,0.285868272741638,0.31042987961951335,35.237797307412706,72.20804365528777,72.81226830879444,118247.152,108996.31820000001,97844.82454999998
2025-07-21,117265.11,119676.73,116515.0,117380.36,17107.33128,0.00030000000000000003,0.00030000000000000003,0.00026318642857142867,0.00016665933333333334,0.0,7.377740060557387e-05,0.0001101927993746937,0.0,0.862948778724176,1.5889995284921465,0.11131408458409765,0.2744626763373806,0.30733828427116305,27.751236836010932,76.31472309769757,69.13692468555489,118232.42199999999,109231.0668,97946.8024
2025-07-22,117380.36,120247.8,116128.0,119954.42,20959.12973,0.00030000000000000003,0.00030000000000000003,0.0002780171428571429,0.00017098333333333333,0.0,5.537150647829399e-05,0.00011285279592076976,0.0,0.7785831739911541,1.5642823493813223,0.23382539891480977,0.26292411614560685,0.29403089870200344,68.23827768836367,78.6712319795013,70.8283957920978,118485.86400000002,109512.99539999999,98055.7036
2025-07-23,119954.43,120090.0,117301.0,118755.99,14558.75083,0.00030000000000000003,0.00030000000000000003,0.0002917728571428572,0.00018064366666666667,0.0,2.570368708329094e-05,0.00011100295055055039,0.0,0.7010113166078353,1.5113074453003572,0.23142012626794314,0.27028744158015416,0.29542698118420374,50.98908197185653,70.75007006803227,67.1711168571686,118452.799,109780.57740000001,98158.38105000001
2025-07-24,118756.0,119450.0,117103.1,118340.99,15806.89043,0.00030000000000000003,0.00030000000000000003,0.00029860785714285723,0.00018967366666666668,0.0,5.20892160539144e-06,0.00010925487763070477,0.0,0.625246300954311,1.467327263926037,0.2349426137288442,0.25938405867338743,0.2946469278958404,43.269934692047045,58.467564113642275,67.12773847823493,118302.78,110053.46,98258.26795
2025-07-25,118340.98,118451.57,114723.16,117614.31,38406.34873,0.00030000000000000003,0.00030000000000000003,0.0002986078571428573,0.00019949533333333332,0.0,5.20892160539144e-06,0.00010528531874386261,0.0,0.5505546213759928,1.453952703309473,0.23800160834635345,0.26325258470646556,0.29515427248112636,47.27084809100284,50.33395641030037,65.59075277282304,118288.402,110375.5726,98335.16149999999
2025-07-26,117614.31,118297.35,117138.38,117919.99,6991.67206,0.00030000000000000003,0.00030000000000000003,0.00029860785714285723,0.00020795266666666669,0.0,5.20892160539144e-06,0.00010271242193735896,0.0,0.4831318632265297,1.4104650554924643,0.23863969525428727,0.2623192411076898,0.29481907688633857,50.67673778377298,51.89803261188387,65.6480064670674,118217.35800000001,110648.2036,98439.9884
2025-07-27,117919.99,119766.65,117825.5,119415.55,9328.30919,0.00030000000000000003,0.00030000000000000003,0.00029860785714285723,0.0002158416666666667,0.0,5.20892160539144e-06,0.00010028155419082638,0.0,0.40618030913754516,1.3603338555204243,0.16887529811193838,0.25856247581927183,0.2945509367844569,65.74103489418346,51.26501997277951,66.08307581687252,118241.15699999998,110925.4716,98561.76310000001
2025-07-28,119415.56,119800.0,117427.5,118062.32,13961.74754,0.00030000000000000003,0.00030000000000000003,0.00030000000000000003,0.00022273300000000002,0.0,0.0,9.865770833967125e-05,0.0,0.32765992729846866,1.3166981542014053,0.17582608400870642,0.26765309192596254,0.2911183178419832,54.22599099723898,43.45953490286993,65.80972745874041,118254.905,111172.038,98689.31225000002
2025-07-29,118062.32,119273.36,116950.75,117950.76,15137.93445,0.00030000000000000003,0.00030000000000000003,0.00030000000000000003,0.00022719633333333336,0.0,0.0,9.90353840104635e-05,0.0,0.2663697569463721,1.2746759980797895,0.17408430378472045,0.25714034883199405,0.2880161656204261,32.12977199998173,50.828520686134745,68.4957918132349,118265.981,111325.7928,98805.43549999999
2025-07-30,117950.75,118792.0,115796.23,117840.3,15586.73631,0.00030000000000000003,0.00030000000000000003,0.00030000000000000003,0.00023420766666666667,0.0,0.0,9.637240596927529e-05,0.0,0.22309488868825916,1.2464273863017405,0.16448505382120845,0.1877551477059773,0.28795889802470065,39.8665831520222,46.36403211273287,64.92942039169552,118323.499,111477.11099999999,98921.63705
2025-07-31,117840.29,118922.45,115500.0,115764.08,17010.0073,0.00025694,0.00028564666666666764,0.0002969242857142858,0.000240607,2.4860702591178486e-05,1.1508269076983673e-05,9.096892622744002e-05,-1.7879259277718398,-3.8515865154906677,0.8441407005585035,0.22164793817108228,0.19517379917377833,0.2913077452076155,29.149155499164095,36.22992667750607,59.8234691139255,118161.87100000001,111619.4902,99027.73215
2025-08-01,115764.07,116052.0,112722.58,113297.93,24487.10206,5.8219999999999995e-05,0.00020505333333333429,0.0002796542857142858,0.00023943433333333336,0.0001289711662866036,6.475780840528786e-05,9.313299410481473e-05,-1.760246691417926,-4.170204289931546,-0.8718339270351244,0.18079768827453196,0.2144231219292748,0.2968005390974295,22.74620336765446,32.99928938806936,58.22111542011164,117496.222,111772.0142,99121.54129999998
2025-08-02,113297.92,114063.49,112003.0,112546.35,11507.33428,0.00010140999999999999,0.00013885666666666762,0.00026546928571428584,0.00023832766666666668,0.00010451841576165669,7.9930997594044e-05,9.460712183166917e-05,-0.8851349456197036,-2.5556999672687906,-0.4896816053483476,0.18321579841402166,0.20291427657046254,0.2970946285152145,17.87929360794419,31.45796803161646,56.617297260110306,116875.258,111901.6094,99201.46875
2025-08-03,112546.35,114799.97,111920.0,114208.8,7397.76046,0.0001767,0.00011211000000000094,0.0002566621428571429,0.00024020566666666668,5.996036274067313e-05,8.25824678896962e-05,9.27251239875885e-05,-0.01922152274941586,-1.3039471123185196,0.14092119232080316,0.27553451800354606,0.21301911680189214,0.2983338416051067,19.48567979230117,40.05253119649689,57.46746813655384,116462.03899999999,112077.4926,99270.026
2025-08-04,114208.81,115720.0,114107.6,115055.03,9667.67916,0.00013819,0.0001387666666666676,0.0002451042857142858,0.00024210333333333334,3.764831248975876e-05,8.724216250579066e-05,8.989955066185425e-05,-0.10682184700603516,-1.6096768467490177,-0.2035775231374864,0.2988949854719162,0.2054878080805184,0.28737714051054636,31.2621734281218,42.77546729102253,60.162599436391126,116206.111,112266.713,99345.36465000002
2025-08-05,115055.03,115127.81,112650.0,114129.75,12042.79078,0.00020474000000000002,0.00017321000000000093,0.0002383000000000001,0.0002473833333333333,3.341198437676679e-05,8.634149274384965e-05,8.233914958287365e-05,1.1798056364161689,-0.675393946629993,0.34975183627649314,0.2705665961546189,0.20374588935875917,0.2815193254713142,28.383966726894215,29.837772274722937,57.7292307272044,115827.08700000001,112413.4174,99395.62600000002
2025-08-06,114129.75,115716.0,113355.13,114992.27,9761.15318,0.00022735000000000002,0.00019009333333333428,0.0002331107142857144,0.00025160533333333333,4.6349434013013564e-05,8.451176736131455e-05,7.767304883555246e-05,1.1386883497844307,-0.33689250341881055,0.5313080659033471,0.18903803973986044,0.20592199876713185,0.28069234620575645,35.15170852610106,36.661610648820485,55.82971188042888,115384.759,112622.23939999999,99447.8062
2025-08-07,114992.27,117621.0,114259.0,117472.01,13468.56263,0.00018691999999999998,0.00020633666666666761,0.0002250335714285715,0.00025475700000000004,2.0262236631891192e-05,8.301767509739668e-05,7.275141516107319e-05,0.0042050557847010915,-0.7850493295816107,0.13093509334401404,0.2092002774374259,0.2240905972678671,0.28495567816621586,58.54481961586348,47.31354191527126,52.44176464555583,115325.728,112873.944,99528.50839999999
2025-08-08,117472.02,117630.0,115878.71,116674.74,10045.31278,0.00012104999999999999,0.00017844000000000095,0.00021225142857142864,0.00025521133333333335,5.3654965287411416e-05,8.435292169099835e-05,7.183637095004284e-05,-1.2182972887146561,-1.4497094840507367,-0.5141737980536527,0.23137584161933494,0.22586925541073272,0.26723983169686316,70.28097061045159,47.10793508713312,48.54037932476249,115198.126,113114.26699999999,99600.58205
2025-08-09,116674.74,117944.05,116299.13,116462.25,9514.13144,0.00023073,0.00017956666666666757,0.00020730357142857152,0.00025609200000000003,5.5208506892748516e-05,8.076523810569276e-05,7.135114340243869e-05,0.820242623816724,-0.05493537157121129,0.5461067627737103,0.23344379161957152,0.22510183456081612,0.2673194431429262,75.1471234192674,45.4870798489689,48.36684115447285,115060.321,113377.55219999999,99652.1742
2025-08-10,116462.25,119311.11,116460.63,119294.01,14322.77073,0.00029849,0.0002167566666666676,0.00020719571428571437,0.0002560416666666667,8.95414928026487e-05,8.06328249359302e-05,7.131962689114997e-05,1.3139683761450134,0.7960322125153634,1.1757956480670648,0.2610853814815271,0.24806004257537362,0.27030605968766513,78.39221287082219,49.652483510547306,50.34009432832342,115413.31400000001,113721.0322,99730.11094999999
2025-08-11,119294.27,122335.16,118050.11,118686.0,26494.33429,0.00030000000000000003,0.0002764066666666676,0.00020719571428571434,0.0002560416666666667,3.956435811847577e-05,8.06328249359302e-05,7.131962689114997e-05,0.9509290011687318,0.8149755034692697,1.1503173539605709,0.2878816782897724,0.23051777085787856,0.2607178010086133,70.82678009927085,51.86265210503622,48.09631319090149,115952.121,114075.47480000001,99803.98924999998
2025-08-12,118686.0,120324.43,118207.47,120134.08,16720.10893,0.00026531,0.0002879333333333343,0.00020471785714285722,0.00025488533333333337,1.960692309688191e-05,7.805331503125379e-05,7.086209043090444e-05,0.3002612866161072,0.4072560689995309,0.7940310854956995,0.25266247702761563,0.23239521391426204,0.26189528362245396,82.4914203338297,56.03853029940537,53.99923044786685,116710.894,114371.47780000001,99880.30715
2025-08-13,120134.09,123667.79,118920.92,123306.43,23210.07102,0.00027123,0.0002788466666666676,0.00020266285714285723,0.000254576,1.855691874549785e-05,7.569484073760396e-05,7.076656475274428e-05,-0.06763749863308263,0.507526242397814,0.8223527649636859,0.2738342026304975,0.25559282500947667,0.2676225211092192,85.99296951435451,62.928326363173355,57.304971629959745,117620.65699999998,114715.9464,99973.10505000001
2025-08-14,123306.44,124474.0,117180.0,118295.09,27980.947586,0.00030000000000000003,0.0002788466666666676,0.0002057385714285715,0.000254576,1.855691874549785e-05,7.887784458920311e-05,7.076656475274428e-05,0.7531808629086597,0.8784435312710832,1.0657854632229529,0.5320607682031708,0.3150546474060539,0.28889009872965643,52.922599475898046,55.256456319245814,48.79013627983977,117944.66299999999,114935.0366,100051.4805
2025-08-15,118295.09,119216.82,116803.99,117342.05,13623.33874,0.00013651,0.0002359133333333343,0.00021133071428571437,0.0002491263333333334,8.727940898818496e-05,6.987645366201071e-05,7.33942045294694e-05,-1.7382566450304608,-1.1089591043854643,-0.5342226860141679,0.485671874568364,0.31685299955034807,0.28894134722690196,52.343565073428955,58.96218177885247,49.194376685952264,118265.893,115142.93639999999,100127.7766
2025-08-16,117342.04,117898.99,117143.98,117380.66,6393.68117,0.00026141,0.00023264000000000097,0.00022275928571428575,0.00024784000000000004,8.545776559209535e-05,6.32894110069756e-05,7.280765576461645e-05,0.2284666426665249,0.5142598777696008,0.6627301591558772,0.48604503685367817,0.31158625009624424,0.2832539168881768,53.26529756050817,61.06291451803043,49.36421593459903,118504.73199999999,115349.59779999999,100208.00230000001
2025-08-17,117380.66,118575.0,117172.21,117405.01,5898.64192,0.00014748,0.00018180000000000095,0.00022067214285714294,0.00024275600000000003,6.91621233045468e-05,6.53727012161132e-05,7.434860565448765e-05,-1.0019764134122366,-0.8713453568540317,-0.46868238060669215,0.46413299300833394,0.30796983306806647,0.28326687683313256,41.608755679301716,57.90707765595384,50.1966217988304,118498.03199999998,115551.76219999998,100276.36115
2025-08-18,117405.01,117543.75,114640.14,116227.05,17745.93954,7.46e-05,0.00016116333333333427,0.00021613000000000006,0.00023524266666666668,9.415370005117482e-05,7.32758765005822e-05,7.956992136325812e-05,-1.1693153351877168,-1.6090170999623699,-1.2052598689020615,0.3294591961145863,0.31081098695716075,0.2846352558094534,39.60339023468082,52.852629631789554,48.425991965841995,118453.26299999999,115709.1646,100333.8817
2025-08-19,116227.05,116725.69,112732.58,112872.94,18065.47424,0.00016565999999999998,0.0001292466666666676,0.00021333857142857152,0.00023076466666666667,4.819047347066102e-05,7.447766974144257e-05,7.958003127342471e-05,0.12614364993469257,-0.39746996917706273,-0.30249341806522845,0.2309387898728739,0.33389506909794003,0.29255053965848365,23.56078172062304,47.26443008179802,40.536864572344605,118094.33199999998,115823.6934,100386.09860000001
2025-08-20,112872.95,114615.38,112380.0,114271.24,15636.34194,0.00010842999999999999,0.00011623000000000093,0.0002048442857142858,0.000224379,4.602837059893718e-05,7.937707019368367e-05,8.149579999125684e-05,-0.6082467293332497,-1.0334867934130296,-0.8673498132640869,0.29755167764370216,0.33158340613379256,0.2919191646730444,12.220232803771893,48.466377197655206,44.038774979054836,117592.05499999998,115995.49540000001,100454.27655
2025-08-21,114271.23,114821.76,112015.67,112500.0,10839.69235,0.00016314,0.00014574333333333426,0.00020314571428571438,0.00021981700000000003,3.2338850216520405e-05,8.004178040869984e-05,8.094543100782502e-05,0.7947387022936133,-0.42979079330424746,-0.32117883973241595,0.30118661391510393,0.3253333318956308,0.2932931342030429,16.762163024038472,39.09594800803832,42.506219168764446,116973.45499999999,116068.5034,100528.2736
2025-08-22,112500.0,117429.05,111684.79,116935.99,23128.09037,0.00023163,0.00016773333333333426,0.0002110442857142858,0.00021753800000000003,6.17283082007487e-05,7.670380100045623e-05,7.956067723057293e-05,1.3779606396627055,0.45324469677290413,0.33356874718427404,0.5097154291230044,0.363819414493112,0.2902536059303629,48.335896057227394,50.4940874049576,49.20537112513841,116653.646,116215.5276,100606.31094999998
2025-08-23,116936.0,117030.0,114560.0,115438.05,11329.36197,0.00029711,0.0002306266666666676,0.00021578571428571434,0.0002174416666666667,6.699063541515961e-05,7.999528541056394e-05,7.945907270454123e-05,1.4298269638285876,1.2629507575157672,0.9770261708129302,0.514921588403493,0.3643121962899638,0.2921543492743847,42.88936440922803,48.152802646745336,47.171502276297524,115866.808,116364.60380000001,100694.68555
2025-08-24,115438.06,115666.68,110680.0,113493.59,21175.98462,0.00030000000000000003,0.00027624666666666763,0.0002158935714285715,0.0002174416666666667,3.8666176864631914e-05,8.011629917789226e-05,7.945907270454123e-05,0.9525743658057689,1.173970664709987,0.9849692695145433,0.46209274946088214,0.3703390364597057,0.294442398001888,37.4473042361986,39.192749381607136,43.31949844233111,115386.65800000001,116470.5132,100779.09135
2025-08-25,113493.59,113667.28,109274.1,110111.98,25182.79379,0.00028344000000000004,0.00029351666666666763,0.00021471071428571438,0.00021688966666666667,8.845475302495385e-06,7.889190203784135e-05,7.892146757835124e-05,0.4867133634484269,0.8736386924806812,0.7809855322644621,0.5085752202045097,0.39041166670314703,0.3041478980098175,32.807044673055145,35.52144624439789,41.42378498028921,114663.651,116488.67600000002,100846.8795
2025-08-26,110111.98,112371.0,108666.66,111763.22,18452.43877,0.00018422,0.00025588666666666765,0.0002089185714285715,0.00021303033333333333,6.26150280150614e-05,7.786123246445966e-05,7.753586251377654e-05,-1.4955668134168696,-0.43059090986653686,-0.3399196447948971,0.5299977583766436,0.3950226949878547,0.3062142941691058,46.54954548224448,35.960840639541274,43.539946519974784,114101.907,116558.6816,100923.1616
2025-08-27,111763.22,112625.0,110345.42,111262.01,13392.60875,0.00010800999999999999,0.00019189000000000096,0.00019726000000000007,0.00020663066666666666,8.796614632910414e-05,8.000372270188035e-05,7.803168339425671e-05,-1.4826330318411225,-1.3335722887357326,-1.2043709505942302,0.31922168728864636,0.381618165865743,0.30645481725410845,40.09058404116337,27.81171936598558,43.18757089926269,113487.60699999999,116605.46220000001,100997.24795
2025-08-28,111262.01,113485.9,110862.42,112566.9,11104.27744,0.00022501999999999998,0.0001724166666666676,0.00019190428571428576,0.00020413133333333332,5.939127910162082e-05,7.494679237911128e-05,7.611522570666148e-05,0.06266454042339344,0.09825596792605763,0.10589991680810554,0.36429814654780196,0.38594381601229255,0.3068282316069431,50.22728291932948,37.778531637573245,46.635269899934514,113121.59199999999,116632.12040000001,101077.76869999999
2025-08-29,112566.9,112638.64,107463.9,108377.4,22580.31045,0.00010761000000000001,0.00014688000000000092,0.0001898400000000001,0.00019771833333333334,6.767152059761327e-05,7.696084109171358e-05,7.586377751281572e-05,-0.9731713411367414,-1.3127600911379829,-1.2320589444715586,0.4586872031449676,0.4156751196364694,0.3199979437079629,20.42817111641581,33.194270569120775,45.00286897856998,112672.03799999999,116479.4684,101132.5016
2025-08-30,108377.4,108926.15,107350.1,108816.33,10708.39159,0.00023544,0.0001893566666666676,0.00018798500000000008,0.00019700166666666667,7.098614113562366e-05,7.540023696660983e-05,7.538507567858331e-05,1.0271195051085502,0.35377476102731725,0.1940956474153178,0.4057914775244399,0.39858116246632896,0.3182011065887117,25.313901746515228,34.18215237814326,46.18770300627892,112126.54699999999,116305.2418,101197.69225
2025-08-31,108816.33,109480.02,108076.93,108246.35,9489.51596,0.00013517,0.0001594066666666676,0.00018710571428571434,0.00019956666666666667,6.727324307127297e-05,7.597848366626772e-05,7.17201954597856e-05,-0.4286718752628701,-0.8636261871311015,-0.9940196881370129,0.36175576705459006,0.398585136957915,0.3100143695053022,28.204357101555573,33.41865406396391,43.76683491387606,111701.182,116121.7688,101249.57405
2025-09-01,108246.36,109912.4,107255.0,109237.42,16053.60219,0.00019622999999999998,0.0001889466666666676,0.0001957935714285715,0.00020272733333333333,5.0530222969295126e-05,6.873276148718215e-05,6.929360680738182e-05,0.2908543488495643,-0.005260748652503004,-0.2886957207063808,0.38614140022330984,0.3963571135672805,0.31039429378829997,45.467107295457815,37.25936886972582,43.936613034714476,110931.325,115924.78440000002,101312.72045
2025-09-02,109237.43,111771.52,108393.39,111240.01,18510.28756,0.00022107,0.0001841566666666676,0.0001997514285714286,0.00020420633333333334,4.420437233268518e-05,6.84588946693282e-05,6.919236615679522e-05,0.7575840219030451,0.37593254278139004,-0.013665467751634025,0.4127984430552755,0.38585730140449326,0.3113793392330668,47.383471175221715,46.86925662267591,47.05432637085775,110511.521,115752.761,101381.41810000001
2025-09-03,111240.01,112575.27,110528.71,111705.71,11773.72084,8.238000000000001e-05,0.00016656000000000093,0.00019789071428571433,0.000202346,7.395242186699004e-05,7.142184577075995e-05,7.173216383383456e-05,-1.4321310062271426,-1.4141449691267192,-1.6829052127372701,0.16308323682933185,0.35097402016773255,0.3114913737833722,52.22681492693357,44.89880241068534,46.62250152916999,110332.73300000001,115631.7134,101452.09835000001
2025-09-04,111705.72,112180.0,109329.12,110730.87,12203.13536,0.00014134,0.00014826333333333428,0.00019633357142857149,0.00020023266666666667,6.960372427770326e-05,7.246774673631357e-05,7.258802313740706e-05,-0.25456250452561185,-0.5920789317690806,-1.02374855349842,0.20799604972832947,0.3511791323497866,0.3115407687087674,40.469716930299455,46.367282068338326,42.85121633905634,110394.622,115473.7222,101525.16210000002
2025-09-05,110730.87,113384.62,110206.96,110659.99,21587.40888,0.00025404000000000003,0.00015925333333333428,0.0001979342857142858,0.00020112233333333332,8.722072307271121e-05,7.354683915339982e-05,7.309364473928358e-05,1.1045212449400306,1.002697066956824,0.35033125573448737,0.19354386456965827,0.3510323276775789,0.31075292327890586,70.69816956504292,34.29809795824998,43.52172557814951,110284.299,115303.3708,101599.56205000001
2025-09-06,110660.0,111307.7,109977.0,110187.97,5000.29897,0.00012067,0.0001720166666666676,0.00018533142857142865,0.00019891399999999999,7.178218883070244e-05,7.029010630210753e-05,7.452431117340378e-05,-0.6050054352683923,-0.8519547009197164,-1.356445620969092,0.1976164722949663,0.350780467911135,0.31062448803388426,62.36362194162628,36.154063628094306,43.27976521999654,110176.89499999999,115148.63339999999,101672.1432
2025-09-07,110187.98,111600.0,110180.0,111137.34,5681.29944,0.00012550000000000001,0.00016673666666666763,0.00017286714285714291,0.00019906233333333336,7.564546406313206e-05,6.353980477790547e-05,7.436825160039867e-05,-0.29757583802768384,-0.8580299771145864,-1.3058251244380825,0.13041593761951198,0.35277097806851043,0.30696847605381605,74.39048877324063,43.44168253651584,40.89649441144433,110033.93899999998,115014.5802,101744.60805
2025-09-08,111137.35,112924.37,110621.78,112065.23,11582.40211,0.00023397,0.0001600466666666676,0.0001693335714285715,0.00019917033333333335,6.4065018795959e-05,5.805659368999073e-05,7.441816210857025e-05,0.9231448250512838,0.66779945392618,0.08149680332870092,0.146802069830696,0.3334352776647251,0.28913681914240147,74.11453296697721,56.296699378658246,42.663070881339316,110402.722,114910.5824,101813.4092
2025-09-09,112065.23,113293.29,110766.66,111546.39,15379.28248,0.00023799000000000002,0.00019915333333333425,0.00017317428571428576,0.00019715366666666666,6.381731922704614e-05,6.082950267435976e-05,7.242698694426239e-05,0.6640033984446136,0.6488972200481877,0.1475459948443544,0.1253439380526945,0.3288931945694692,0.28728094464422255,53.497855939199724,49.24595085030446,40.28327515684766,110675.728,114793.903,101890.23125
2025-09-10,111546.38,114313.13,110917.45,113960.0,17517.41823,0.00020831000000000002,0.00022675666666666764,0.0001803385714285715,0.00019409733333333336,1.6101233906965236e-05,5.842320769871965e-05,6.982521157835693e-05,0.39728287581349003,0.17651818072703868,-0.2186786522517364,0.20667294760929297,0.3356870414556846,0.2924879439779027,67.81357418864667,58.28106746976655,39.2400356331127,111247.093,114674.01460000001,101977.2762
2025-09-11,113960.0,115488.09,113430.0,115482.69,13676.73119,0.00013452,0.00019360666666666765,0.0001738742857142858,0.00018973766666666666,5.3278994297252795e-05,5.810495751584053e-05,6.930672926897032e-05,-0.9859056388613769,-0.8397508472892417,-1.1420053637223369,0.1807811442096752,0.29554647935609546,0.292241476945865,84.55718295928055,58.831493508258646,46.47947092421199,111871.62,114608.5486,102073.39964999999
2025-09-12,115482.69,116665.63,114740.99,116029.42,15324.10719,0.00016796,0.00017026333333333428,0.00017818500000000006,0.00018629533333333335,3.694888406064e-05,5.496452754701962e-05,6.766475055104236e-05,-0.6423301368846267,-0.2710296287539051,-0.6832430094873037,0.18529830067805317,0.29104677729771733,0.2920375615649951,86.52102052059055,79.739357675073,48.339979082642884,112350.56099999999,114562.3172,102195.78235
2025-09-13,116029.41,116298.78,115127.27,115918.29,8269.40394,3.834e-05,0.00011360666666666761,0.00016410642857142863,0.00017757333333333334,6.729310316315057e-05,6.371685764228926e-05,6.934592608348551e-05,-1.5404824713346326,-2.0439960018417938,-2.233182757368211,0.20278440984392568,0.2806740674303134,0.2889145383648493,90.98788886249383,78.32323283885498,48.153996041812256,112771.81899999999,114528.3968,102331.9718
2025-09-14,115918.29,116165.19,115135.0,115268.01,6707.60197,0.00016077,0.0001223566666666676,0.00016593500000000006,0.000178382,7.284932555162371e-05,6.318769156560612e-05,6.899110459408417e-05,0.29498617535354194,-0.08603739036994332,-0.6696011261927558,0.20794714153565233,0.24541091169149243,0.2885666725097327,80.8665749039321,77.82477547305919,47.34435193239388,113225.53300000001,114475.35720000001,102487.0614
2025-09-15,115268.01,116757.99,114384.0,115349.71,13212.51149,0.00022655,0.00014188666666666762,0.00016810071428571436,0.00017722000000000001,9.551537171223553e-05,6.480480958702022e-05,6.782823209382611e-05,1.1767447549702876,0.9534592938807906,0.17897458800154575,0.1358229020952207,0.23881627185512624,0.2883022677229177,78.0965888677028,76.10244724454537,48.87919232964227,113694.505,114394.04040000001,102640.26705
2025-09-16,115349.71,116964.27,114737.11,116788.96,10926.9094,0.0001446,0.0001773066666666676,0.0001626385714285715,0.000177124,4.3405606012664355e-05,6.319960550722841e-05,6.787379854026358e-05,-0.04443286769359163,-0.4211809450805446,-0.8380988478419538,0.12951793714994428,0.2414532260265558,0.2889271125881554,88.74551208429044,74.89450359938512,55.26009110280404,114354.604,114368.5732,102802.46215000002
2025-09-17,116788.96,117286.73,114720.81,116447.59,16754.2454,0.00021716,0.00019610333333333426,0.00017226571428571435,0.000181876,4.48496157545046e-05,6.022909681625859e-05,6.539350092147542e-05,0.7920021604114419,0.7992869442420344,0.11159767978769347,0.1326420044654249,0.23876082624273443,0.2890047985063113,76.50234916845736,71.51371068724924,53.00875523094568,114885.629,114338.5098,102954.37745000001
2025-09-18,116447.6,117900.0,116092.76,117073.53,11657.23365,0.00018077,0.00018084333333333425,0.00017508214285714293,0.00018237966666666668,3.6280055586046926e-05,5.959023192784481e-05,6.532244771711719e-05,-0.14713801544728303,0.13185416091007318,-0.3385979264177784,0.1362866789668687,0.15907570565649465,0.28908113602767394,70.95195448318134,79.71719594815148,56.52957527700269,115386.45899999999,114323.17440000002,103068.3951
2025-09-19,117073.53,117459.99,115100.0,115632.38,8992.09065,7.141999999999999e-05,0.00015645000000000093,0.0001620378571428572,0.000181146,7.585271056457532e-05,6.094909214682401e-05,6.709269951555277e-05,-1.5340173082522577,-1.5545377997746743,-1.7021902272690084,0.17691378079308787,0.17353692307861338,0.2906683808178607,45.7679041191025,70.6460819948813,47.96481447886523,115795.058,114320.54040000001,103215.45395000001
2025-09-20,115632.39,116121.81,115408.47,115685.63,4674.92752,2.724e-05,9.314333333333425e-05,0.0001553642857142858,0.000176616,7.903665373310254e-05,7.023474087927708e-05,7.270362446978082e-05,-1.2939539123384682,-1.9635747767417475,-2.1550004699619834,0.17691658806116478,0.1699743058894523,0.28542284437561466,47.48906741722694,73.64951132217433,50.40477900158193,115967.621,114368.2944,103357.4722
2025-09-21,115685.63,115819.06,115188.0,115232.29,4511.52219,9.829999999999996e-06,3.616333333333426e-05,0.00014710214285714292,0.00016922266666666668,3.174982572119344e-05,8.012519791684992e-05,7.80008579941566e-05,-0.9848733755602863,-1.8832535157336847,-2.2429373498064535,0.124674667161484,0.17056799543464166,0.2845693027941178,49.59738503155213,68.40068049646977,52.988381286303365,115942.581,114422.0132,103480.60359999999
2025-09-22,115232.29,115379.25,111800.0,112650.99,20781.71356,0.00013246,5.651000000000093e-05,0.00013985142857142862,0.00016373433333333334,6.634816425488268e-05,7.615417720322435e-05,7.440164790928848e-05,0.6704948218417452,-0.18330529381117483,-0.7177271073288276,0.211737201413025,0.18762450486205243,0.2896936387024483,30.544437395463788,52.29160178958445,54.48735962254182,115604.73799999998,114390.85700000002,103594.19909999998
2025-09-23,112650.99,113290.5,111458.73,111998.8,12301.3203,0.00021622999999999998,0.0001195066666666676,0.00013829714285714293,0.000160942,0.00010380790737379519,7.419395003626382e-05,7.05852628167177e-05,1.479871716803241,0.8763379018907115,0.3388928614228234,0.17175527753618636,0.18884204708263033,0.28965468238858816,11.046362225827991,51.75163563686095,50.431597368273174,115212.78900000002,114329.73240000001,103720.18434999998
2025-09-24,111998.8,113940.0,111042.66,113307.0,12369.25967,0.00016947000000000002,0.0001727200000000009,0.0001355228571428572,0.00015714299999999997,4.1979460453813484e-05,7.207039426613347e-05,6.672643461856134e-05,0.6510582617421559,0.21404903923581578,-0.22357728967565846,0.23688091889198631,0.19045901563062226,0.2911615119467198,27.930943858152204,47.23504723707407,53.63894965697082,115016.68800000001,114313.2774,103855.6071
2025-09-25,113307.01,113510.23,108631.51,108994.49,21231.14957,0.00011070000000000001,0.00016546666666666758,0.00013382142857142862,0.00015469233333333332,5.287877866712314e-05,7.237641082536243e-05,6.704700115099812e-05,-0.22091229818553326,-0.5191852099885528,-0.942053473776455,0.3691078608109625,0.25588980543524315,0.30399330934502494,12.603754510762982,27.777610331034992,44.25772955595344,114381.166,114193.32180000002,103996.90770000001
2025-09-26,108994.49,110300.0,108620.07,109643.46,14243.01591,0.00015219000000000002,0.00014412000000000094,0.00013269500000000008,0.00015616500000000002,3.020466685784156e-05,7.192553924830486e-05,6.646898928233747e-05,-0.10024330799059049,0.05629484641541378,-0.3830719425160014,0.39714308077844135,0.2569103252192309,0.3035157684638546,20.08459743290406,28.27990460240079,52.296439200567015,113666.616,114036.7508,104152.14569999998
2025-09-27,109643.46,109743.91,109064.4,109635.85,5501.78643,0.00011235999999999999,0.00012508333333333428,0.00013798214285714293,0.0001524096666666667,2.348973038002905e-05,6.700859499163405e-05,6.562181636203243e-05,-0.9071574392327278,-0.5083258661189296,-0.8771782046275425,0.37757463414109327,0.253840457477626,0.30352859281905215,19.642176127945675,28.480461133951692,51.51011262455982,112985.44200000001,113895.97300000001,104285.66
2025-09-28,109635.85,112350.0,109189.99,112163.95,7542.3316,0.00013550999999999998,0.00013335333333333428,0.0001361778571428572,0.00015333966666666667,2.0002390690277218e-05,6.668711225727491e-05,6.516110070219244e-05,-0.021090438258404818,-0.10858800428104029,-0.5436808116027793,0.4475524606202417,0.27068046763338627,0.30925565361712065,37.25653881423968,40.57941544945658,56.73300215999992,112494.48400000001,113810.00700000001,104428.07914999999
2025-09-29,112163.96,114400.0,111560.65,114311.96,15541.12005,3.6479999999999996e-05,9.478333333333426e-05,0.00012260142857142863,0.00014670766666666666,5.180192692676937e-05,6.621950036490035e-05,6.662538517373768e-05,-1.6477562039242974,-1.4469421226751196,-1.805840668607276,0.46845481072809597,0.2814101080924142,0.3100729873233479,57.155905042308056,47.201501090271655,58.38781915445224,112362.442,113710.366,104594.06005000001
2025-09-30,114311.97,114792.0,112656.27,114048.93,15044.15633,0.0001083,9.343000000000094e-05,0.00012000857142857147,0.000145812,5.1162221413783584e-05,6.600219225467587e-05,6.696558073194993e-05,-0.015086058523451015,-0.301338460900391,-0.8707140982909147,0.21554462664987467,0.2665816126634393,0.30548557156946343,59.13895954416495,42.11046722222615,54.92621861177506,112198.772,113617.6246,104744.3887
2025-10-01,114048.94,118649.1,113966.67,118594.99,20036.39516,0.00016812,0.00010430000000000092,0.00011650571428571435,0.000144875,6.591109466541315e-05,6.160437755607592e-05,6.643031457727922e-05,1.1530788691763758,0.5985669591608359,-0.07744310014497938,0.32825022014502225,0.3104059150475096,0.3197198305207159,68.29211258387316,54.97782533428545,60.569538260812585,112535.04199999999,113586.8428,104915.67145000001
2025-10-02,118594.99,121022.07,118279.31,120529.35,19670.83503,0.00027327,0.00018323000000000094,0.0001231128571428572,0.000146615,8.35165211200354e-05,7.294374728609353e-05,6.912392273906526e-05,1.4837158495463512,1.926107763642188,1.3139898485683874,0.28332139111877885,0.31660787866473294,0.3201458985082907,97.75888653161773,57.552687987799665,64.6028975450754,113322.878,113531.30119999999,105105.44555
2025-10-03,120529.35,123894.99,119248.3,122232.0,23936.328,0.00029926,0.0002468833333333343,0.0001393871428571429,0.00015384433333333333,6.943786455045161e-05,8.495157203497991e-05,7.338416796673201e-05,1.1064670992969046,1.9665596500320306,1.5943132096540713,0.2823492608973841,0.3204558092862279,0.32139572644563247,97.93873792633335,64.26045762282243,66.44613440851279,114346.198,113610.0394,105296.5554
2025-10-04,122232.21,122800.0,121510.0,122391.0,8208.16678,0.00028312,0.0002852166666666676,0.00015766428571428577,0.00015857033333333334,1.3121243589195076e-05,8.647961162250438e-05,7.702611167132857e-05,0.6768796721244531,1.5616609397635677,1.3447359789112807,0.3110951444197969,0.3183783169581024,0.32058740011495596,98.01953285882311,64.42304755406394,67.49862985333223,115254.598,113711.0184,105494.93525000001
2025-10-05,122390.99,125708.42,122136.0,123482.31,22043.097553,0.00028214,0.00028817333333333426,0.00017711500000000004,0.000159507,9.61383031507228e-06,8.112952860422651e-05,7.838594161214346e-05,0.396399455723679,1.4559421637429117,1.3050210268414686,0.27080723373887877,0.31916129849339514,0.3207701556737893,97.77929185219118,67.27152445432188,67.63039742110888,116703.38,113833.05140000001,105678.1171
2025-10-06,123482.32,126199.63,123084.0,124658.54,19494.628793,0.00023211,0.00026579000000000094,0.00018423285714285723,0.00016322166666666668,2.9171851158155783e-05,8.128160539648386e-05,7.91191245063557e-05,-1.6599853187313507,0.8105889123833293,0.6518105265432811,0.10959164898755147,0.317821702149445,0.3174793861815886,97.58080834093012,76.70928716361972,67.85838773344335,118204.888,113978.12200000002,105880.29285
2025-10-07,124658.54,125126.0,120574.94,121332.95,21633.99385,0.00024802,0.0002540900000000009,0.0001865035714285715,0.00016730566666666667,2.556137515849952e-05,8.267633291777528e-05,8.02587843590352e-05,-0.7522102197644932,0.9599209827165504,0.8272591383433108,0.31529982813870355,0.34256981175246554,0.3243994776015177,76.13532636775554,68.55575563094334,62.854874590044744,119374.598,114080.24,106066.51365000001
2025-10-08,121332.96,124197.25,121066.14,123306.0,17012.618,0.00017938,0.0002198366666666676,0.00018721142857142862,0.00016548599999999998,3.5928240053289244e-05,8.25616208898637e-05,7.93084380691868e-05,-1.5331680380847503,0.19073075540265094,-0.037735845866447695,0.32343573967684797,0.3476188152562511,0.32656697696208287,70.73108265219561,69.3655370522977,62.419933554812616,120488.803,114288.90120000001,106263.8407
2025-10-09,123306.01,123762.94,119651.47,121662.4,21559.36007,8.149e-05,0.00016963000000000094,0.00018512500000000004,0.00016026933333333334,8.369203725560325e-05,8.497762300478873e-05,7.952165434580459e-05,-1.574913603651579,-0.9185202698439385,-1.2515760598232801,0.34876075510699395,0.34850075078569703,0.3232426935172224,55.116999339738484,77.3633690275001,58.18593325740024,121223.84700000002,114436.72439999999,106441.7402
2025-10-10,121662.41,122550.0,102000.0,112774.5,64171.93927,5.677e-05,0.00010588000000000094,0.00017830928571428578,0.000155218,6.484178513885219e-05,9.140589515281202e-05,8.116093826046463e-05,-1.1839078493735866,-1.2444731825550608,-1.5193873033437428,0.7000368989900727,0.48358838062549653,0.373759463258913,24.098521746559783,54.98787695346479,46.46872832906468,121096.40400000001,114442.2144,106568.1219
2025-10-11,112774.49,113322.39,109561.59,110644.4,35448.51652,0.00020467,0.00011431000000000093,0.00018490285714285718,0.00015755633333333331,7.922415540725632e-05,8.959413446021936e-05,8.155364177092608e-05,0.6185812454774846,0.388112325417138,0.4040572790955905,0.6368941421042017,0.48947446591736216,0.374975746305611,20.964188853150716,51.504894656625794,44.51847532690535,120301.345,114316.3826,106684.37955
2025-10-12,110644.4,115770.0,109565.06,114958.8,32255.30272,-0.00011104999999999999,5.013000000000095e-05,0.0001672914285714286,0.00014825599999999998,0.0001579647011201961,0.00011934390563909147,9.510885562312113e-05,-1.547089606806174,-2.6981499359095213,-3.3110068187226394,0.8239204172604605,0.5089451295135679,0.3816384309340663,31.826878917497652,53.95923932059843,49.70136277319278,119744.29000000001,114306.79759999999,106824.62770000001
2025-10-13,114958.81,115963.81,113616.5,115166.0,22557.24033,-3.7279999999999995e-05,1.8780000000000945e-05,0.0001620228571428572,0.00014573533333333335,0.0001651569626143348,0.00012694875140591987,9.904311244254966e-05,-0.6332928704003513,-1.7027776250320195,-2.3056040761569077,0.789572310108134,0.5080234804177466,0.3680365384615038,28.88842728175186,51.28024781078666,49.82300064725747,119037.69000000002,114340.2458,106964.29765000001
2025-10-14,115166.0,115409.96,109866.0,113028.14,31870.32974,-7.827e-05,-7.553333333333238e-05,0.00014869642857142864,0.00013776733333333333,3.696106374721646e-05,0.00014193064701886055,0.00010708106548664837,-0.6700645780179587,-1.7840177700665187,-2.5792285850590235,0.7907317441018175,0.5128188631851626,0.3703344632598193,30.499748522008147,48.55122056037806,46.42468724735598,118101.40400000001,114398.56899999999,107107.31645
2025-10-15,113028.13,113612.35,110164.0,110763.28,22986.48811,-1.2269999999999996e-05,-4.260666666666572e-05,0.00013581142857142862,0.00012980666666666667,3.332086483460339e-05,0.00014808640985054358,0.00010911113538212602,-0.043733310989644086,-1.1434574218475169,-1.7787676443641112,0.48011694808225114,0.491615012687397,0.3734690443224506,20.946987666033493,38.11508459817411,44.78673650811239,116829.501,114378.5702,107247.89015
2025-10-16,110763.28,111982.45,107427.0,108194.28,29857.17252,-7.975e-05,-5.676333333333239e-05,0.00011059571428571435,0.00012232833333333332,3.8539462026938855e-05,0.0001528586127371229,0.00011556000767132801,-0.4118011798653564,-1.4904830437123193,-2.34286298891533,0.4943085540993907,0.5016634764466864,0.3775507985371767,20.085894563268,31.634812515352536,42.136805286069695,115183.075,114317.21560000001,107376.9116
2025-10-17,108194.27,109240.0,103528.23,106431.68,37920.66838,-1.21e-05,-3.470666666666573e-05,8.835571428571435e-05,0.00011468633333333333,3.900876354520784e-05,0.0001457844036564138,0.00011664790414436648,0.9465097787912331,-0.9149033810486107,-1.6086686316607712,0.19022896257741256,0.506136254543811,0.3787790537385516,29.38771690144557,26.51746144037081,41.89826474033594,113692.948,114194.5112,107496.31995
2025-10-18,106431.68,107499.0,106322.2,107185.01,11123.18766,-0.00014876,-8.02033333333324e-05,5.750714285714292e-05,0.00010370199999999999,6.833112785053224e-05,0.00014708920749139024,0.00012539764680191297,-1.4484939910908838,-1.6671351908805363,-2.7326913936706485,0.2338853741828022,0.4959943569000207,0.3728271925861357,37.65319342577039,27.793064994246322,42.60588813681068,112080.849,114170.6634,107606.4533
2025-10-19,107185.0,109450.07,106103.36,108642.78,15480.66423,2.8879999999999998e-05,-4.399333333333239e-05,3.941714285714292e-05,0.000102284,9.301548759924824e-05,0.00013215264306148998,0.00012601428590609416,1.0528127513401562,-0.4671736974693762,-1.047596773263914,0.32383514020325216,0.492034911552334,0.37310037057175194,21.683694055745192,28.55775530155948,44.36666809718701,110778.88699999999,114167.1924,107737.08575
2025-10-20,108642.77,111705.56,107402.52,110532.09,19193.4416,-2.8800000000000002e-05,-4.9559999999999065e-05,2.0780714285714348e-05,0.000100416,9.062133082223275e-05,0.00012079760080810687,0.0001275708238344574,0.28210224563365394,-0.7950021675224533,-1.5225801345360184,0.35086129139387184,0.49924886158441606,0.37385017981751817,31.94776984011176,30.000252006351644,48.16687660481332,110554.646,114212.90719999999,107873.68075
2025-10-21,110532.09,114000.0,107473.72,108297.67,37228.01659,-5.851e-05,-1.947666666666573e-05,-1.1142857142856514e-06,9.8138e-05,4.443474353842932e-05,0.00010289450712069209,0.0001298342589718434,-0.21994837225560196,-0.9020557047607698,-1.7146850614280875,0.33312694852446256,0.47003200094220493,0.36402790219327247,31.70921075932702,30.956716356856518,46.88336550345931,110319.973,114194.11219999999,107995.71975000002
2025-10-22,108297.66,109163.88,106666.69,107567.44,28610.78451,3.9349999999999994e-05,-1.598666666666573e-05,-1.1116428571428507e-05,9.503433333333333e-05,5.017251272685073e-05,8.999709650081606e-05,0.00013009812690969614,0.9587648605453564,-0.1978117722751009,-0.8137214580799366,0.2974771573564619,0.4607293555142282,0.363131199540597,35.97905000236692,26.141102363731505,45.119343744608734,109580.83700000001,114120.6608,108115.867
2025-10-23,107567.45,111293.61,107500.0,110078.18,17573.09294,0.00015517,4.5336666666667604e-05,-5.853571428571367e-06,9.299900000000001e-05,0.00010696572223533202,9.765743278715242e-05,0.00012860575783086269,1.5569340914228218,0.6792388922707323,0.2601019963094035,0.34877013754852315,0.46969849946718717,0.365773511625016,58.30760953926117,32.88875063072764,50.950650460747454,109072.05500000001,114088.1102,108274.10789999999
2025-10-24,110078.19,112104.98,109700.01,111004.89,15005.16913,8.398e-05,9.283333333333427e-05,-3.909999999999938e-06,9.014933333333333e-05,5.841535956686701e-05,9.925729525603758e-05,0.00012779748230034893,0.5314903027410794,0.2550120930242259,-0.37217177682450125,0.3404482178916327,0.47255825315879907,0.3586839440430112,71.77198593478609,46.58225090416237,51.188502214662414,108869.73000000001,114093.59060000001,108433.31615
2025-10-25,111004.9,111943.19,110672.86,111646.27,6407.96864,0.00012074,0.00011996333333333426,-9.90499999999994e-06,9.0484e-05,3.560135437488933e-05,8.753240470295953e-05,0.000127866282110253,0.6346814800613394,0.659110145904515,-0.017389042708587845,0.3137164426249647,0.4710003474331046,0.3570651211276624,71.46785158836005,52.05302828177463,51.73585016439393,108958.02900000001,114113.31619999999,108609.93539999999
2025-10-26,111646.27,115466.8,111260.45,114559.4,13454.47737,9.342000000000001e-05,9.938000000000095e-05,4.700000000000061e-06,8.852500000000001e-05,1.9090982164180293e-05,8.640888691834475e-05,0.00012733740899405606,-0.1184925558229616,0.5208193679771508,-0.2720202209664357,0.2551004988771638,0.48554777602534244,0.36247372516408044,74.97323973148119,49.13168401124292,52.054634255458154,109594.541,114200.7448,108769.6563
2025-10-27,114559.41,116400.0,113830.01,114107.65,21450.23241,0.00027304,0.00016240000000000094,2.6865714285714345e-05,9.3881e-05,9.678586053754578e-05,0.00011108902020899606,0.00013167969655638462,1.6678139100641405,2.095263295684145,1.3970155530293067,0.2374974955525842,0.4746007883632597,0.36154061393804204,67.17638513655879,47.72330185013838,49.819506385165646,110362.13799999999,114260.151,108942.15805
2025-10-28,114107.65,116086.0,112211.0,112898.45,15523.42257,0.00016857,0.00017834333333333424,4.449714285714291e-05,9.498300000000001e-05,9.02079521623601e-05,0.00011269579873603523,0.00013217748947979578,0.26684347040044354,1.1780067297494883,0.41335269490488763,0.26473607076200634,0.4675249596857139,0.3498015735299957,74.51620672823256,49.70940328746602,49.000343043393826,110933.482,114276.81539999999,109089.5311
2025-10-29,112898.44,113643.73,109200.0,110021.29,21079.71376,8.559e-05,0.0001757333333333343,5.1487142857142914e-05,9.661999999999999e-05,9.393008375023756e-05,0.00011193629118173508,0.00013173131057655195,-0.8146532372077572,0.43306621179891036,-0.33858614633153394,0.36703621448319484,0.4750525388650121,0.3557280916812319,60.64108890925703,48.38182331278521,42.32776326518126,111071.33300000001,114246.3134,109213.25305000001
2025-10-30,110021.3,111592.0,106304.34,108322.88,25988.82838,8.108e-05,0.0001117466666666676,6.297500000000007e-05,9.571266666666666e-05,4.9262089209923123e-05,0.0001054993584195125,0.00013174182942497418,-0.7196443559476611,0.38064648440139054,-0.3720621250845932,0.3722261788476827,0.3576758416037266,0.3576054233369805,41.81124005620319,50.29152879878029,39.03063127247669,110850.41200000001,114133.571,109336.06745000002
2025-10-31,108322.87,111190.0,108275.28,109608.01,21518.20439,0.00020213000000000002,0.00012293333333333428,7.827714285714293e-05,9.684633333333333e-05,6.8623385469725e-05,0.00010924255668563628,0.00013253036735898663,0.49317672474673646,1.4635675549237086,0.7614579687140752,0.26784877906448656,0.353683141302706,0.35808820193494295,43.69420448963982,57.35988362581754,38.56965156786026,110981.446,114016.07740000001,109461.14959999999
2025-11-01,109608.01,110564.49,109394.81,110098.1,7378.50431,0.00029782,0.00019367666666666758,0.00011017571428571435,9.766466666666667e-05,0.00010861699237838757,0.00010286253274037087,0.00013372767804023248,1.4538631973383136,1.987858571773786,1.620710234051896,0.2905334756918223,0.3092843350183555,0.3553854957397327,42.91446946279177,56.83328931201112,38.93577350129753,111234.51200000002,113897.451,109593.42015
2025-11-02,110098.1,111250.01,109471.34,110540.68,12107.00087,0.00021985,0.00023993333333333428,0.00012381642857142863,9.501766666666667e-05,5.090824327480628e-05,0.00010390957493509645,0.00013034278987994415,0.4573762371797159,1.2036963275616834,0.8754547839899409,0.3012374254714124,0.309971769632565,0.3553731700022662,26.23274255055179,54.67457527595356,38.21425247428349,111280.76199999999,113789.89880000001,109725.97164999999
2025-11-03,110540.69,110750.0,105306.56,106583.04,28681.18779,0.0001828,0.00023349000000000094,0.00013893071428571434,9.167366666666668e-05,5.871062339980307e-05,9.501121451740066e-05,0.00012658319105835058,-0.17858562529305863,0.816314217402943,0.5280232095567632,0.375450480688001,0.33641717002858157,0.3659225512511181,18.543152670395102,41.17277054366648,34.332620151392604,110838.577,113616.1994,109834.14729999998
2025-11-04,106583.05,107299.0,98944.36,101497.22,50534.87376,0.00022147,0.00020804000000000094,0.00015892928571428576,8.965133333333333e-05,2.1873483947314306e-05,7.824193224221e-05,0.00012389133065700432,-0.07647081241223777,1.0283480363035458,0.8916741889939769,0.5273530220309791,0.3836779190724956,0.3847930079294144,14.004065207493511,36.517727816486236,33.31600089291911,109823.67199999999,113339.14959999999,109919.25995
2025-11-05,101497.23,104534.74,98966.8,103885.16,33778.77571,0.00012779,0.00017735333333333426,0.0001652464285714286,8.6174e-05,4.7076907644052454e-05,7.108779021068618e-05,0.0001211895243168613,-1.3221671104685702,0.18431315353281838,0.02845694089545196,0.5827376435340409,0.39084893001109583,0.3895004949712494,30.009493334791472,43.1499296070174,33.7781860620035,108756.24799999999,113081.07359999999,110013.3007
2025-11-06,103885.16,104200.0,100300.95,101346.04,25814.62139,0.00016395,0.00017107000000000095,0.00016587357142857148,8.337166666666665e-05,4.7244114977352357e-05,7.103076306540648e-05,0.00011825447569235414,-0.48620600510378154,0.4340330879324906,0.3549508359768634,0.5664877751577148,0.3982802650390036,0.39309563242488155,28.4510066517081,33.77291212462741,33.28030682841873,107480.08699999998,112779.0426,110094.13470000001
2025-11-07,101346.04,104096.36,99260.86,103339.08,32059.50942,0.00017563,0.00015579000000000095,0.00017242000000000003,8.324666666666668e-05,2.4942044823815774e-05,6.701231321990368e-05,0.00011815142838702488,0.03851114299395978,0.47072658947673873,0.47444330074435653,0.6296301791734794,0.4074035232769582,0.3957805551980001,31.44873146257943,36.29754196906124,41.24094055578487,106524.15,112504.35359999999,110173.24895
2025-11-08,103339.09,103406.22,101454.0,102312.94,12390.77985,0.00014563,0.00016173666666666761,0.0001741978571428572,8.538466666666668e-05,1.5121975179406598e-05,6.585595144870616e-05,0.00011869760244316781,-0.5985914221217958,0.0897881881952536,0.21299824775978224,0.5801214744650207,0.40274851553774155,0.39627382114921,27.67027606256785,33.54325099666055,42.10392334963733,105753.31499999999,112237.9648,110217.59869999999
2025-11-09,102312.95,105495.62,101400.0,104722.96,16338.97096,0.00011495,0.00014540333333333427,0.00017573571428571437,8.732399999999999e-05,3.034063501851159e-05,6.405119271268599e-05,0.00011868924701029678,-1.2263014350825643,-0.3652493977077884,-0.059368543932595996,0.42487117101079475,0.40935460663342516,0.3969690733309575,35.00565987550213,32.34288455103659,39.93577120374007,105393.323,112018.7114,110272.7581
2025-11-10,104722.95,106670.11,104265.02,106011.13,22682.25673,0.00021204,0.00015754000000000096,0.0001713785714285715,8.756966666666668e-05,4.962865200661048e-05,5.878075965398934e-05,0.00011894785436700791,1.3786862837547873,0.8004262843226326,0.8354329387705994,0.3939330914105124,0.4059466059913151,0.39673775197911076,48.290790633730325,35.88987419511399,41.18597708032446,105033.63500000001,111834.28820000001,110332.91140000001
2025-11-11,106011.13,107500.0,102476.09,103058.99,24196.50718,5.8660000000000004e-05,0.00012855000000000093,0.00016352785714285721,9.322666666666666e-05,7.758914937021244e-05,6.607223694609188e-05,0.00011306621756312589,-1.4119491855380166,-1.534707116898687,-0.578864405819509,0.4176791655318827,0.42179726736799783,0.40187510202755766,55.34978423012813,33.83443847877507,40.5501799789657,104329.724,111642.44819999998,110375.01295
2025-11-12,103059.0,105333.33,100813.59,101654.37,20457.63906,8.935e-05,0.00012001666666666763,0.00016379642857142863,9.744766666666667e-05,8.115842182624329e-05,6.573786025483857e-05,0.00011035735844674077,-0.5925953479704883,-0.9883053022694123,-0.30193301464684635,0.39651987293834823,0.4086279432376489,0.40290708253401986,41.80654876682427,35.554779795902135,41.222458009706834,103441.093,111435.5596,110410.14480000001
2025-11-13,101654.37,104085.01,98000.4,99692.02,36198.50771,0.00017877000000000002,0.00010892666666666762,0.00017077428571428578,0.00010601566666666668,6.240222298385213e-05,6.131858479909494e-05,0.00010614205756453003,0.7573175558654102,0.2771133527206789,0.5319687067032155,0.41887186833340806,0.4097759497275887,0.40508479866682934,43.65618633250463,35.2336714023689,41.710116858230045,102751.99100000001,111163.26,110439.8584
2025-11-14,99692.03,99866.02,94012.45,94594.0,47288.14481,0.00026773,0.00017861666666666763,0.00017546000000000006,0.00011534900000000001,8.919009885254443e-05,6.621029538818087e-05,0.00010768162659372772,1.2303551179048693,1.4496370027756802,1.3473309456693006,0.4481736703844684,0.45268372084016406,0.42338165270320943,22.9111245203336,27.27745190417255,39.16288086573127,102061.669,110875.2502,110437.7725
2025-11-15,94594.0,96846.68,94558.49,95596.24,15110.89391,0.00024430000000000003,0.00023026666666666764,0.00017163714285714293,0.00012615066666666667,4.611042434555152e-05,5.9840697809193935e-05,0.0001036121928963501,0.8297818806093068,1.0042936281847323,1.1030731931052342,0.4370856377635774,0.4350205414826309,0.4229793168282623,29.163409349801086,28.387586945271877,39.438883650802964,101232.777,110594.3058,110444.46960000001
2025-11-16,95596.23,96635.11,93005.55,94261.44,23889.4051,0.00024805,0.0002533600000000009,0.00017365142857142865,0.00013482233333333334,1.2585241356190997e-05,6.202323433849406e-05,0.00010252323126759617,0.5798232211807223,1.1042026528477134,1.1274224159275807,0.43146003147826956,0.4348890271731695,0.42380320001662986,15.226420889302432,26.367209162284837,36.8645087984958,100524.31700000001,110286.8176,110444.91679999999
2025-11-17,94261.45,96043.0,91220.0,92215.14,39218.59806,0.00026776,0.00025337000000000097,0.0001797200000000001,0.00014870633333333332,1.2602368824692481e-05,6.694808654706449e-05,9.026587075983731e-05,0.7218159789970601,1.2652042571351332,1.2789116310924338,0.4300087523997964,0.4381025229095198,0.4256103978458039,6.343102452015415,27.916412547892023,33.31768042901659,99411.92300000001,109887.8414,110423.54295
2025-11-18,92215.14,93836.01,89253.78,92960.83,39835.14769,0.00023725,0.00025102000000000094,0.0001808471428571429,0.00015565200000000002,1.5470316738631196e-05,6.783206292340741e-05,8.873133751916309e-05,-1.1261394797490354,0.74745461926988,0.9723437732428178,0.4901953450787759,0.43868285985263983,0.4260978148201885,12.858080244106702,34.85950453679585,35.64250215687497,98476.712,109460.8188,110403.91140000001
2025-11-19,92960.83,92980.22,88608.0,91554.96,32286.6376,0.00016488,0.00022329666666666761,0.00018349642857142862,0.00016210800000000003,5.284028040545207e-05,6.630760550500777e-05,8.160807834426095e-05,-1.71312621666211,-0.41547721956342604,0.30383363594222573,0.2824581093876578,0.43858540886871084,0.4269223787838384,12.856898024091592,27.341288684572433,35.19725918995792,97159.912,109010.93939999999,110382.40409999999
2025-11-20,91554.96,93160.0,86100.0,86637.23,39733.19073,0.00023258,0.00021157000000000096,0.0001883985714285715,0.00017181099999999999,4.050209006944485e-05,6.728114444484227e-05,7.110119783419085e-05,0.06364159964399496,0.629078213771734,0.8854006708125903,0.4364947597176034,0.4714672274751026,0.4452855650698022,10.561095787778314,25.14322950553047,29.2532958397272,95222.522,108371.7842,110344.20215
2025-11-21,86637.22,87498.94,80600.0,85129.43,72256.12679,0.00011438,0.00017061333333333426,0.0001840235714285715,0.00017431199999999998,5.930820628991068e-05,7.010734896269411e-05,6.751009704308733e-05,-1.427139302555144,-1.1350708067006123,-0.18403080135479147,0.4333991002187009,0.46626937960427545,0.4441936817991711,13.486666723248447,18.713973559791967,27.33176835520173,93429.566,107663.7858,110296.18089999999
2025-11-22,85129.42,85620.0,83500.0,84739.74,14193.93263,0.00013165,0.0001595366666666676,0.00018302500000000007,0.00017352800000000002,6.384402582330283e-05,7.07924863190742e-05,6.787564015834404e-05,-0.7852453969749729,-0.7732236721627284,-0.014701652773734732,0.45262177375432255,0.4617165147107174,0.4441845426887938,6.039012364875262,19.132393527026935,26.32409047176354,91738.103,106913.9406,110235.70950000001
2025-11-23,84739.75,88127.64,84667.57,86830.0,19734.46418,3.0720000000000004e-05,9.225000000000093e-05,0.0001770085714285715,0.00017175266666666667,5.3981653364758716e-05,8.00030447360506e-05,7.092655248794038e-05,-1.41263827058502,-2.02129589780987,-0.9076144970316654,0.5464535119330477,0.47598104106672584,0.44816936601081986,21.64295515494406,18.213665471929417,25.24148335027263,90451.901,106202.7206,110184.70700000001
2025-11-24,86830.0,89228.0,85272.0,88300.01,24663.12795,4.904e-05,7.047000000000094e-05,0.00016536571428571437,0.00016936266666666666,5.376941416821353e-05,8.613821708024726e-05,7.38524724650698e-05,-0.7843420795148673,-1.544628919682609,-0.7292633910923884,0.6034687462586463,0.4558157397361341,0.44273777514363244,34.37329618704926,18.738668263228604,27.368858033903052,89822.50200000001,105499.07459999999,110109.89904999999
2025-11-25,88300.01,88519.99,86116.0,87369.96,19567.0411,-6.313e-05,5.543333333334276e-06,0.0001566664285714286,0.00016414433333333334,6.017412760751888e-05,0.00010236510738208714,8.420829354210251e-05,-1.4945394472395714,-2.427041724497324,-1.6674008116865295,0.3447960315043962,0.43517477366964846,0.4424326639835437,28.00845854236313,20.17910370596381,27.503510382570866,88999.874,104753.30299999999,110031.8889
2025-11-26,87369.97,90656.08,86306.77,90484.02,21675.82239,9.007e-05,2.5326666666667608e-05,0.0001567178571428572,0.00015804533333333334,7.930511732117948e-05,0.00010232886029320697,8.266110100197772e-05,0.5793821293362452,-0.659089945369584,-0.31565080783082233,0.3688665916751885,0.4665013781108682,0.45260436854573144,46.286512802017214,30.063534115987608,32.85474358994449,88622.132,104136.3244,109960.26135
2025-11-27,90484.01,91950.0,90089.91,91333.95,16833.50932,4.433e-05,2.3756666666667608e-05,0.0001471150000000001,0.000153904,7.864481250105461e-05,0.00010633013493906338,8.518919312234509e-05,0.24915136218098993,-1.06123692959177,-0.7015795473292711,0.3279340719612973,0.4579444356570123,0.4490269759097352,72.68552329063063,34.46596871288493,34.86570248853991,88534.013,103496.88339999999,109896.34109999999
2025-11-28,91333.94,93092.0,90180.63,90890.7,18830.86012,6.075e-05,6.505000000000094e-05,0.00013233071428571435,0.00015307599999999998,2.3171197638293588e-05,0.00010259335422056041,8.599299444606946e-05,0.4207187482710457,-0.8230026385694337,-0.562678045222757,0.3462377126503793,0.4576492459914925,0.4455077730869824,81.01709332686693,41.67710970312147,33.072094841725885,88327.0,102881.4494,109836.838
2025-11-29,90890.71,91165.65,90155.47,90802.44,7429.88291,2.431e-05,4.3130000000000944e-05,0.00011661714285714293,0.00015118366666666666,1.8249613694343713e-05,0.00010095874156756668,8.822754450985548e-05,-0.11990646013780712,-1.120729360585672,-0.8648040415191242,0.343686291805813,0.43928016063713454,0.44554795896344984,83.73481774617592,38.76472435629756,32.42126874468936,88251.74799999999,102442.0082,109770.3316
2025-11-30,90802.44,92000.01,90336.9,90360.0,9687.74175,0.00013518,7.341333333333427e-05,0.00010855500000000007,0.000148952,5.6509372968793664e-05,9.391677459328352e-05,8.773983231794484e-05,1.4855726887266407,0.0503439308770092,0.10725826105129113,0.3219534126912082,0.43079528021289676,0.43236896345042103,74.05287544289301,40.45698569662962,31.614950968779482,88624.025,102036.3202,109704.5925
2025-12-01,90360.01,90417.0,83822.76,86286.01,34509.01227,8.237e-05,8.062000000000093e-05,9.53128571428572e-05,0.00014177033333333334,5.545571296082057e-05,8.20643033451337e-05,8.386653154677904e-05,0.30524625924404664,-0.5145124315828408,-0.33083270135299,0.40672559415958237,0.4531561920856845,0.44113053054407037,39.871232893243786,36.80599474031357,31.548070673046908,88739.68299999999,101462.86439999999,109617.204
2025-12-02,86286.01,92307.65,86184.39,91277.88,28210.22732,5.633e-05,9.129333333333428e-05,8.239000000000007e-05,0.00013631966666666668,4.017524154658312e-05,7.156742694833771e-05,8.393071475451744e-05,-0.3763322007772902,-0.761491257452858,-0.5361506688201931,0.6980384343479489,0.5307256727789252,0.4644055921760626,63.95306988102909,46.85020256250782,40.6937518440654,89393.497,100985.102,109556.2739
2025-12-03,91277.88,94150.0,90990.23,93429.95,25712.52585,1.589e-05,5.153000000000094e-05,7.174785714285721e-05,0.000130756,3.3498919385448994e-05,6.94022460486624e-05,8.624360708346699e-05,-0.9706148084711693,-1.068327395824882,-0.8730229354081748,0.7216663530870391,0.5402733908480493,0.46935778500661457,61.29417619179828,53.41386330854551,40.437878738821986,90053.492,100593.1382,109507.7904
2025-12-04,93429.95,94080.0,90889.0,92078.06,19803.94059,0.00010968,6.063333333333426e-05,6.296928571428577e-05,0.0001270296666666667,4.704285315886122e-05,5.342839614700073e-05,8.45881369152345e-05,0.6422674557303591,-0.044551243710696666,0.01253527038272482,0.7418931938531022,0.496375663973712,0.46878665689538807,52.747056395668494,61.38459973961343,41.335534668217655,90431.29699999999,100219.43380000001,109435.90940000002
2025-12-05,92078.06,92692.36,88056.0,89330.04,19792.97218,0.00010172,7.576333333333427e-05,6.206500000000006e-05,0.00012616066666666667,5.200435013848589e-05,5.259191496072802e-05,8.471387554523706e-05,0.7490019019271644,-0.05667602931577275,-0.042108010225813536,0.7957080386462657,0.5081080276592272,0.47150159001540864,45.07632879747714,58.35583444960029,37.08550955719152,90627.30500000001,99842.149,109354.6909
2025-12-06,89330.04,90289.97,88908.01,89236.79,8409.50016,3.79e-05,8.310000000000094e-05,5.536857142857149e-05,0.000121959,3.9346161184961014e-05,4.8888341044829655e-05,8.589269008081675e-05,-0.6516601234433604,-0.7082265499906748,-0.620896524204518,0.6486914003089158,0.5058942314440502,0.4685231607798089,45.06214073458518,59.05226988628595,37.73454505683061,90502.58200000001,99498.25120000001,109266.6249
2025-12-07,89236.8,91760.0,87719.28,90395.31,13021.11185,0.00011070000000000001,8.344000000000094e-05,6.108142857142864e-05,0.00011979466666666667,3.969356119061295e-05,5.0435037555180754e-05,8.530972591739387e-05,0.791089442843795,0.31114748719205226,0.08840822461043703,0.4077587247287987,0.5023664764990035,0.46768338348069866,50.106550486098634,57.4564333281294,36.23751735961162,90408.718,99162.4572,109170.3815
2025-12-08,90395.32,92287.15,89612.0,90634.34,15793.63887,9.401e-05,8.087000000000094e-05,6.429357142857148e-05,0.000118074,3.813731374904274e-05,5.103758337772904e-05,8.529124434997735e-05,0.10572366880394331,0.2043511483114472,-0.07436695171514465,0.3197350227605154,0.5010234880923041,0.46760937170744643,67.0728288566983,55.14699494589465,34.92594230077164,90383.082,98802.2884,109065.07214999999
2025-12-09,90634.35,94588.99,89500.0,92678.8,21240.43014,0.00012674,0.00011048333333333428,7.785571428571435e-05,0.00011846699999999999,1.6366075684976287e-05,3.8180341037815545e-05,8.530351515380318e-05,0.9633287563669162,0.782049200773805,0.22998192530653022,0.3798955106700644,0.5065534013532242,0.4371522062657531,57.156869556683986,61.1572255773566,39.63979897186147,90570.718,98445.2226,108991.87465
2025-12-10,92678.81,94476.0,91563.15,92015.37,18998.68083,7.978e-05,0.00010017666666666761,7.712071428571434e-05,0.00011405833333333333,2.4079685075314675e-05,3.8025852231314276e-05,8.370343556104255e-05,-0.2957322225313836,0.1669989420995078,-0.20450688078353327,0.2236589448222812,0.44236947207415633,0.435474732769813,41.476996119823944,53.5879113850167,40.235087309805294,90736.25499999999,98119.5766,108913.14195
2025-12-11,92015.38,93555.0,89260.63,92513.38,19972.58758,7.113e-05,9.255000000000096e-05,7.903500000000006e-05,0.000114474,2.9923614420603826e-05,3.6906227898526374e-05,8.344942133644946e-05,-1.1201605960690928,0.034961211986318574,-0.3301332086683439,0.21180352011654854,0.4326280933995556,0.42356324698028147,52.9236828248696,52.809706653500385,42.505221238085554,91358.992,97818.49539999999,108830.68789999999
2025-12-12,92513.38,92754.0,89480.0,90268.42,16679.19169,0.00014995,0.00010028666666666761,8.540642857142863e-05,0.000116494,4.322661949917358e-05,4.098139364066242e-05,8.355367692857568e-05,1.376128650042713,1.6168270698700362,0.4406836334193585,0.32930152495351844,0.4485137265093431,0.4264579146635124,56.75904610712139,48.63476406525314,45.19784234959268,91258.046,97422.3002,108734.85605
2025-12-13,90268.43,90634.55,89766.39,90240.01,5895.70788,0.00012182,0.00011430000000000095,9.237142857142863e-05,0.00011459566666666666,3.994447270891249e-05,3.7974877901765463e-05,8.27328994596313e-05,0.3581516541599098,0.9459830425270854,0.12189730819458991,0.32787379358084195,0.4383735764485488,0.424953290099445,57.2942144770344,48.76282151396399,43.922222310474794,90939.052,97007.00259999999,108641.36524999999
2025-12-14,90240.0,90472.4,87577.36,88172.17,9416.94004,0.00016671,0.00014616000000000095,9.46235714285715e-05,0.00011122833333333333,2.2683718830764484e-05,4.1481995094722813e-05,7.821783433130993e-05,1.1616042785652139,1.6150311458146875,0.5723175418942574,0.25715981858736614,0.4455376474157391,0.425720194919338,35.723734738904696,45.50859653264368,43.203498262942496,90548.463,96537.5206,108543.3172
2025-12-15,88172.16,90052.64,85146.64,86432.08,19778.6919,2.378e-05,0.00010410333333333427,9.04385714285715e-05,0.00010387766666666666,7.30934773651271e-05,4.556760773543988e-05,7.559899473353921e-05,-1.4090012525326654,-1.4120241890289658,-1.006661770551115,0.26742172442724427,0.4515223628943333,0.4247984492623014,27.37606598328685,50.331647886073604,43.500847814200995,90258.66699999999,95974.9742,108447.52885
2025-12-16,86432.08,88175.98,85266.0,87863.42,18456.05017,0.00012906000000000001,0.00010651666666666762,9.563357142857148e-05,9.991133333333335e-05,7.40837204338872e-05,4.5525713040081395e-05,7.073933850385585e-05,0.1938089213130872,0.9414838043438839,0.13124569323924534,0.3412440247079586,0.4298545539459778,0.42645469483105375,22.242704701822518,40.75239473666795,44.358342705822594,90121.32999999999,95450.0896,108366.91855
2025-12-17,87863.43,90365.85,85314.0,86243.22,19834.11729,0.00021125,0.00012136333333333428,0.0001095878571428572,9.802766666666667e-05,9.39716937876849e-05,4.900995914159252e-05,6.675592292898846e-05,1.1620408705266483,2.259148105964142,1.0618455680068852,0.32179232838257316,0.4329212779571976,0.42733628367038706,20.03301889241203,29.958308815940185,44.148888124170284,89706.121,94916.985,108275.17524999999
2025-12-18,86243.23,89477.61,84450.01,85516.41,25405.41763,0.00013717999999999998,0.00015916333333333428,0.00011155214285714291,9.4692e-05,4.5290719063915976e-05,4.9561918721617895e-05,6.188155846962658e-05,0.05169666833838209,0.7377127141144003,0.14671718829224126,0.3087042692395676,0.4335126935101604,0.42531836205188933,14.517148174629881,31.04048283756977,48.63977957249122,89194.32800000001,94426.8874,108174.54264999999
2025-12-19,85516.41,89399.97,85110.24,88136.94,21256.65004,0.00025491,0.00020111333333333427,0.00012249428571428576,9.7693e-05,5.951598300731266e-05,6.245710315145542e-05,6.734465220308086e-05,1.172160635322836,2.443005321373733,1.5435341564841083,0.426785394777885,0.45621510640659946,0.4304817381079174,39.58752230044614,46.52701771217679,53.55391186611128,88740.14199999999,94023.16859999999,108085.9374
2025-12-20,88136.95,88573.07,87795.76,88360.9,5123.13194,0.00018405,0.0001920466666666676,0.0001329335714285715,9.607533333333332e-05,5.927097294061144e-05,5.936767944927956e-05,6.451631350685544e-05,0.014503856286485102,1.1601724904262753,0.6473850267287414,0.3709347626563054,0.45625599811779927,0.42870952029132287,40.99246747842882,47.46963615384543,54.295875335192726,88374.69499999999,93598.2264,108000.85745
2025-12-21,88360.91,89081.77,87600.04,88658.86,7132.87258,0.00022532,0.00022142666666666758,0.00014112071428571435,9.977333333333334e-05,3.559007492724353e-05,6.38033564905181e-05,6.86488198323678e-05,0.5107769925924825,1.6035365351807307,1.1424516052975708,0.3484504934660664,0.4089915224338104,0.4289443924898066,52.80969969598543,44.72108338100785,52.265984778946205,87989.24299999999,93169.4416,107920.66745
2025-12-22,88658.87,90588.23,87900.0,88620.79,14673.2197,0.00015567,0.00018834666666666758,0.00014552500000000008,0.00010057399999999999,3.5023229909970856e-05,6.241423774334272e-05,6.917151021075554e-05,-0.7353079193943436,0.4730368262408529,0.2409537178607879,0.2789439961290962,0.3261631003488886,0.42391880318667513,65.72604460206236,43.802962808847845,50.41207316038863,87824.48000000001,92731.04380000001,107856.228
2025-12-23,88620.79,88940.0,86601.9,87486.0,13910.32904,9.659e-05,0.0001591933333333343,0.00014337142857142864,0.00010276966666666667,6.443728449683898e-05,6.362075723892272e-05,6.791168181896483e-05,-1.4076223181132066,-0.5545036450136887,-0.5272224075634868,0.30077325306624986,0.3095622253103822,0.42344084358746803,47.167503212089336,33.07034245324546,50.148284682050736,87549.079,92349.103,107772.2158
2025-12-24,87486.0,88049.89,86420.0,87669.45,9140.8432,0.00024382,0.00016536000000000092,0.00015508857142857148,0.00010926233333333333,7.409176944838918e-05,6.606685155757649e-05,7.179750671324794e-05,1.072220996284276,1.6777532939462603,1.3343122140988644,0.12914649791337307,0.3060557570620589,0.4230159997089556,63.646645246347354,35.37359606149735,46.11213191873074,87498.807,92072.54759999999,107682.80230000001
2025-12-25,87669.44,88592.74,86934.72,87225.27,7096.58235,0.00022228,0.0001875633333333343,0.00016588500000000008,0.000118776,7.951794409645332e-05,6.359519911129739e-05,6.690965548596327e-05,0.5461896663877632,1.2065770456980884,1.0255196897898384,0.12612641186930465,0.279814552231302,0.4163678618769066,67.28586630627788,32.13788938286845,44.26018996911735,87578.126,91739.34980000001,107590.25865
2025-12-26,87225.27,89567.75,86655.08,87369.56,18344.61505,0.00019805000000000002,0.00022138333333333426,0.00016932071428571433,0.00012237533333333333,2.289817096029308e-05,6.396630524853232e-05,6.820401306499349e-05,0.25246849700795104,0.7635085493072115,0.7485795065509578,0.11941700267088046,0.28007904461692046,0.4166464961642661,34.445210199852184,38.58889049844005,45.0395468064425,87528.74,91459.8202,107475.79135
2025-12-27,87369.56,87984.0,87253.05,87877.01,4469.55156,0.00010447000000000001,0.0001749333333333343,0.00016808142857142864,0.00012438,6.221401958824572e-05,6.511513021121235e-05,6.669818815722915e-05,-1.005270039652143,-0.7203078947939847,-0.44847858699895965,0.14115227880038891,0.27487267304232,0.4171057200425043,41.20260781981285,41.036312984785795,45.92686816492829,87692.119,91150.5788,107363.80445
2025-12-28,87877.0,88088.75,87435.0,87952.71,4446.29285,0.00017382999999999998,0.00015878333333333426,0.00016859000000000006,0.00012814933333333333,4.857062623980215e-05,6.513139772211499e-05,6.617143101299598e-05,-0.27254502716381923,0.3239790543628642,0.43076009733875953,0.07493620165091576,0.27447334755478364,0.4137196905384685,36.03303888951632,49.019288897303895,46.613702177290925,87935.749,90863.3742,107260.34240000001
2025-12-29,87952.71,90406.08,86806.5,87237.13,19894.98575,0.00024826000000000004,0.00017552000000000095,0.0001846242857142858,0.0001356143333333333,7.190989570283977e-05,5.32954630360345e-05,6.668331449701358e-05,1.0714526208643587,1.3623723157981604,1.3453762945730314,0.10665542515883096,0.2537880056264517,0.4128134736149552,28.417003593884274,53.96018027784716,51.477529472290456,87845.76800000001,90513.65759999999,107168.1694
2025-12-30,87237.13,89400.0,86845.66,88485.49,13105.91001,0.00022958,0.00021722333333333427,0.0001918042857142858,0.000138761,3.8723011676867205e-05,5.198903415657002e-05,6.885406382974656e-05,0.6901882550977783,0.9754151600976294,1.0938057794452862,0.15535013611408813,0.26332924058024376,0.4134132966855032,65.05705014445718,53.11616788543471,45.09119227638331,87858.227,90163.14479999998,107080.26389999999
2025-12-31,88485.5,89200.0,87250.0,87648.22,11558.62047,8.125e-05,0.0001863633333333343,0.00018251857142857148,0.0001387236666666667,9.150871670680705e-05,5.9338758362149655e-05,6.888599014186292e-05,-1.1671116698461086,-1.375405582387211,-0.7751031103593936,0.18895095647041488,0.2630315047492393,0.4131704793751229,49.73281011268174,57.637197773517066,39.34355284329168,87757.163,89854.92940000001,106991.43179999999
2026-01-01,87648.21,88919.45,87550.43,88839.04,6279.57133,0.00021711,0.00017598000000000093,0.0001882278571428572,0.000144083,8.22751779092169e-05,5.8479966876099645e-05,6.850802541214254e-05,0.4064303470554698,0.7191318028267405,1.0110612660904499,0.217442673094346,0.252288617018408,0.41493803661386963,67.0969409700565,67.19358834906672,43.99442573417652,87778.988,89598.62280000001,106907.65695
2026-01-02,88839.05,90961.81,88379.88,89995.13,17396.97301,0.0001464,0.00014825333333333426,0.0001804771428571429,0.00014843333333333335,6.794895903048486e-05,5.610485806867925e-05,6.408811231608048e-05,-0.5490908908968858,-0.41393538189063955,0.0897012759180275,0.23455000761426748,0.259030223998457,0.4086058126380152,72.90565616345921,61.3332324953512,51.31052991445691,88029.901,89404.685,106823.65994999999
2026-01-03,89995.14,90741.16,89314.01,90628.01,7057.46716,0.00011103,0.00015818000000000096,0.00017526142857142866,0.00014847833333333333,5.401220139925069e-05,5.906326801470588e-05,6.40604310106717e-05,-0.7094216259485009,-0.9097703357357384,-0.35545230963087554,0.19100934491340757,0.23874428333960518,0.39255774690916434,73.48592210629677,63.17032052226897,52.68425220185211,88325.75700000001,89325.3652,106754.04415000002
2026-01-04,90628.01,91810.0,90628.0,91529.73,10426.5297,0.00019737,0.00015160000000000095,0.00017326500000000006,0.00015166666666666668,4.34042497918486e-05,5.769764249954718e-05,6.403326588765029e-05,0.8195734740838247,0.34691831292529335,0.7736156590912941,0.18073352459175512,0.22095276847296333,0.38862858565431396,76.76320420426798,65.58451357937909,52.210683117096075,88756.20300000001,89244.035,106687.2589
2026-01-05,91529.74,94789.08,91514.81,93859.71,20673.59584,0.00021846000000000002,0.00017562000000000098,0.0001777500000000001,0.00015768533333333334,5.692185959711164e-05,5.865716835993319e-05,6.140293139888679e-05,0.8500378307304779,0.6575517377377932,1.0320771356655072,0.13190444020041156,0.23397553743586905,0.3901270685441282,89.90890815125451,72.77284361045704,55.81176440061524,89405.218,89236.0004,106633.26449999999
2026-01-06,93859.71,94444.44,91262.94,93747.97,18546.41829,4.131e-05,0.00015238000000000095,0.00017380142857142866,0.00015537233333333332,9.676572585369881e-05,6.594827528595699e-05,6.4464472208613e-05,-1.4358056998608328,-2.138592646650166,-1.2488145050961033,0.18351333738733241,0.21357946285091042,0.3866400304842729,86.7465959080984,79.87720799921829,52.070757916333534,89992.314,89266.65699999999,106585.5144
2026-01-07,93747.97,93747.97,90675.52,91364.16,14276.49025,0.00019467,0.00015148000000000096,0.00017029071428571437,0.0001587276666666667,9.614864897643227e-05,6.31844798938482e-05,6.377644142301516e-05,0.5647427124042591,0.2826755813836175,0.7266360083521836,0.3571987522376829,0.2438634786737018,0.39068654195279123,71.33870982560664,64.56919511003738,48.81754223244539,90333.459,89234.72360000001,106531.73515000001
2026-01-08,91364.16,91687.99,89311.0,91099.99,16132.79117,0.00025129,0.00016242333333333427,0.00017236285714285722,0.00016287933333333334,0.00010864062653228104,6.545550813384997e-05,6.564877407446236e-05,0.8712442608181205,1.2074804755011137,1.4050525903716093,0.35713073383237964,0.2127936745332748,0.38555513325892793,64.52979863476705,65.49905358939286,47.41160591814534,90719.745,89225.62420000002,106482.41574999999
2026-01-09,91100.0,92082.55,89694.66,90641.28,15590.27939,4.663e-05,0.00016419666666666761,0.00016154714285714292,0.00016177433333333335,0.00010567827086646795,7.296401256561961e-05,6.735261358288428e-05,-1.045666112804454,-1.816732948900692,-1.1543276892551546,0.34594697102427613,0.21464745194857524,0.3838730909550467,54.56126703194849,62.76591427687797,50.730633871809204,90935.324,89305.7052,106408.9525
2026-01-10,90641.27,90832.0,90404.0,90504.7,3104.11722,0.00019535,0.00016442333333333426,0.00016803857142857147,0.00016591499999999999,0.0001057769962389109,7.152385539185824e-05,6.537727084478182e-05,0.5165497865701536,0.39792686228723495,0.7005834321883185,0.1994582588135382,0.21474467952957685,0.3784546167371431,49.06394846592089,60.55856071606698,50.516480990551514,91220.97200000001,89413.2106,106331.061
2026-01-11,90504.7,91283.89,90236.0,91013.65,5477.13594,0.00015081,0.00013093000000000094,0.00016639428571428577,0.0001659436666666667,7.632706204219509e-05,7.164497735518758e-05,6.537021727660173e-05,-0.22134565001454437,-0.26255012991192395,0.12225129372040552,0.2251952435038912,0.21550370179658948,0.37780509411281016,45.83399257983899,61.88561319471917,55.903642894296866,91438.43299999999,89538.6888,106249.42635
2026-01-12,91013.66,92519.95,90128.44,91296.2,16188.08268,9.365e-05,0.00014660333333333427,0.00015535071428571435,0.00016500466666666668,5.098033477063972e-05,6.995126077542497e-05,6.62226439413531e-05,-0.6665268306702335,-1.109390673123059,-0.5876490188169537,0.08386835800292294,0.20584437532549066,0.3753770790567922,19.088341762105102,66.30983081302695,60.757548011885625,91568.54000000001,89628.0128,106171.17205
2026-01-13,91296.2,96495.0,91042.66,95414.0,23021.51482,0.00015528,0.0001332466666666676,0.0001500435714285715,0.00016462366666666667,3.436447632841859e-05,6.662583405250843e-05,6.624537061168716e-05,0.46185368028734414,-0.13208873217132658,0.22611036553132205,0.38053280750014473,0.2730171384490513,0.36971970756065575,60.21782088347082,72.62286399787226,64.92539850717228,92047.139,89770.2926,106113.0041
2026-01-14,95413.99,97924.49,94559.28,96951.78,22851.89428,6.702e-05,0.00010531666666666761,0.00014902714285714293,0.000166065,4.527184813243572e-05,6.785330165187636e-05,6.348832060668154e-05,-1.270160361661947,-1.3331528680995313,-0.8941648390824344,0.34957756966267606,0.27404580335407674,0.3709098966953678,88.23711359958854,79.04896968697123,71.23704683248997,92589.344,89961.929,106061.27905
2026-01-15,96951.78,97193.34,95134.48,95604.8,21725.81369,2.908e-05,8.379333333333427e-05,0.00013559642857142862,0.00016273233333333333,6.475043268833216e-05,7.183291591844407e-05,6.796412819982729e-05,-1.2906398008770177,-1.6528941456307795,-1.3501001708786715,0.4094870642588942,0.2859211933195724,0.37089310853162405,76.84838515498173,70.9210537708028,69.52681058292883,92763.853,90064.3446,105997.5184
2026-01-16,95604.81,95871.47,94293.46,95550.94,11167.7146,0.00017172,8.927333333333427e-05,0.00013740500000000008,0.00016141466666666666,7.387794348333104e-05,7.2442010628169e-05,6.737166235016499e-05,1.1432392077347469,0.29104755857631426,0.5691967847032366,0.42011021615305616,0.2866593437987021,0.3667070297390986,80.74494332769035,68.4363906179524,65.9334774094416,92944.15,90148.6844,105939.54060000001
2026-01-17,95550.94,95639.45,95021.67,95147.77,4280.80137,5.805e-05,8.628333333333428e-05,0.00013362071428571435,0.000158777,7.539484885140524e-05,7.525498587772208e-05,6.98563803593138e-05,-0.6034758726763947,-1.1798751323027916,-0.9411134496221119,0.435063046836559,0.2886112716508669,0.3664120855790857,78.13610080606874,65.23055978648512,64.47421569659568,93322.51100000001,90233.8258,105886.87375
2026-01-18,95147.77,95531.12,93615.4,93673.14,6895.17819,0.00019690000000000002,0.00014222333333333427,0.00013358714285714292,0.00015684333333333336,7.397547318758075e-05,7.52244582186626e-05,6.78784765711325e-05,1.2364349278155926,0.7647499425381051,0.9488971314137091,0.24273965471095785,0.2962657698640429,0.3665137679965691,64.42745126546015,56.95428698612331,60.18278437908513,93579.826,90291.23980000001,105810.99145
2026-01-19,93673.14,93673.14,91910.2,92631.0,14295.52747,7.91e-05,0.00011135000000000094,0.00012363285714285722,0.000153345,7.483232924340266e-05,7.229297555289398e-05,6.912103650799554e-05,-0.3799440884588911,-0.8096684335818068,-0.6307084607648733,0.12358798411517662,0.29858471662455166,0.3403559435899868,56.68981472199885,45.64992809534717,57.824668698236025,93778.798,90336.65980000001,105726.22255
2026-01-20,92630.99,92870.0,87895.98,88427.66,22007.3261,0.00022097,0.00016565666666666762,0.00013646571428571437,0.0001532,7.592024521382013e-05,7.25011838327379e-05,6.896923907032506e-05,1.04151952155432,1.1184362787353608,1.2879487026020215,0.3478372114613289,0.36164043339077445,0.3571963562867047,15.283197010503912,35.39537521541668,51.640866829901455,93571.094,90379.4928,105628.43965
2026-01-21,88427.66,90574.0,87263.53,89454.73,20617.50372,0.00018465000000000002,0.00016157333333333428,0.00013575000000000007,0.000154166,7.369649675070424e-05,7.192961121288205e-05,6.920756614014895e-05,0.4961716352825694,0.6395780648302855,0.7767735557432528,0.4061419006451197,0.360383956136362,0.35795343105124955,10.753319743402855,44.33663369860221,53.02204647635053,93415.202,90343.0298,105534.72270000001
2026-01-22,89454.73,90359.99,88515.37,89559.67,10825.50492,0.00020884,0.00020482000000000096,0.0001327178571428572,0.00015790766666666666,1.8490697661078415e-05,6.74389972982918e-05,6.902153025834751e-05,0.539673596392975,0.9223427149924698,1.0699607100639805,0.4194149837565691,0.3559702603905717,0.3530854460406591,13.623655849273405,45.387849208008866,53.99748479023645,93241.549,90265.6242,105436.50185
2026-01-23,89559.68,91224.99,88578.36,89600.26,13918.48919,0.00015448,0.00018265666666666762,0.00014042142857142865,0.00015492966666666666,2.7234765160115688e-05,6.285262381861805e-05,6.708716483874213e-05,-0.267130025405186,0.12367072769659199,0.30811899511548685,0.4294862465640015,0.35450390760229855,0.3507189473557956,14.134727117555869,46.80283875437392,53.83352134033699,92660.175,90216.06819999998,105343.18845
2026-01-24,89600.26,89957.39,89162.08,89225.34,4226.56737,0.00014341,0.00016891000000000096,0.00013671142857142862,0.00015230066666666666,3.502056395881225e-05,6.086237082486337e-05,6.58915590290061e-05,-1.1652974682216724,0.004712774603689495,0.11578906092116699,0.4302298550777581,0.35160800720824453,0.34985058014468856,14.18302463946614,46.12754499137556,52.32774661255417,91887.53099999999,90213.9742,105244.70025000001
2026-01-25,89225.34,89319.13,86074.72,86670.36,14426.22019,0.00014303999999999999,0.0001469766666666676,0.00013615642857142863,0.000150467,6.500710217083931e-06,6.0759257048112144e-05,6.53376158833408e-05,-0.823717090372056,0.0556551553041999,0.09772991376924255,0.28911317662795716,0.3496132173744223,0.34624245031374323,12.543886486705205,38.30232025747432,47.96073076874941,90994.087,90162.64559999999,105121.8821
2026-01-26,86670.36,88860.0,86509.63,88347.08,17766.51453,0.0001252,0.0001372166666666676,0.00013841000000000008,0.00015115800000000003,1.0408382839157009e-05,5.9636128569641624e-05,6.494281045930691e-05,-0.9343788565357417,-0.2904766332392445,-0.18855922066850397,0.3308181402366445,0.3632810688895499,0.3488432906274963,28.542978955296007,42.6120250995515,51.71275100261723,90273.701,90121.681,104983.5675
2026-01-27,88347.08,89523.16,87304.33,89250.0,13125.40425,0.00017798,0.00014874000000000094,0.00014003142857142863,0.00015129633333333333,2.6847711261729065e-05,6.0433347500494155e-05,6.499716606472483e-05,1.5034725457137013,0.5656586263542205,0.5789717097217021,0.3483734762893283,0.3522362072933722,0.34966360845274364,56.153268264352526,31.59345056509393,51.19241878010389,89683.924,90093.9942,104842.1792
2026-01-28,89249.99,90600.0,88833.65,89299.99,14332.18502,0.00016241,0.0001551966666666676,0.00014684500000000008,0.00014843466666666666,2.711929632801217e-05,5.683894151972314e-05,6.241965957627336e-05,0.591909226492864,0.42256680626537907,0.3166805619802832,0.3484067372258818,0.3522204496874729,0.3496659130976644,48.64383547236425,24.922441622283657,52.641156028026145,89246.60900000001,90026.418,104701.57915
2026-01-29,89300.0,89348.0,83383.33,84650.16,30431.38201,0.00017089,0.00017042666666666761,0.0001569742857142858,0.00014647833333333334,7.79533407408555e-06,4.580206691920686e-05,6.068433383499552e-05,0.6941752872894144,0.49554982360957545,0.43848259658881344,0.5747627289904786,0.41760426268043255,0.3733607136134983,26.05105390757828,20.487146467230147,43.96916222942883,88448.525,89879.1138,104529.39675000001
2026-01-30,84650.16,84735.75,81118.0,84260.49,35195.84793,6.502e-05,0.00013277333333333428,0.0001493528571428572,0.00014593733333333333,5.882910192520739e-05,5.166216401985472e-05,6.13545397772084e-05,-1.6101788998108095,-1.3311711662049532,-1.1933191819850035,0.5397468096745223,0.4175419844268028,0.3560113061088332,24.810100546935246,20.123038426749403,41.55737429782341,88031.808,89714.05600000001,104351.4933
2026-01-31,84260.5,84270.02,75719.9,78741.09,39491.89133,0.00019826,0.00014472333333333427,0.0001593678571428572,0.00014530900000000001,7.03686381375005e-05,4.586621283336893e-05,6.069348538302706e-05,0.8339459200350984,1.0284332120911144,0.8345774833042551,0.6703312247369095,0.4966553458335169,0.36520952119565386,16.702946166387832,15.835274793282522,34.70110123982542,86960.444,89483.50940000001,104156.4083
2026-02-01,78741.1,79424.0,75700.0,76968.21,25395.48168,1.8760000000000003e-05,9.401333333333425e-05,0.0001466435714285715,0.00014105433333333334,9.319615085037725e-05,5.780832168036095e-05,6.493967209355092e-05,-1.3538370986519614,-1.9046708961607774,-1.965906820001648,0.5736099547534045,0.4986004332270495,0.36277264350500826,17.576084072289177,15.64099304836435,31.669834668087745,85701.298,89218.0734,103948.0972
2026-02-02,76968.22,79360.0,74604.0,78738.61,42273.59016,-8.688e-05,4.3380000000000937e-05,0.00013478785714285722,0.00013445733333333334,0.00014415551741085988,8.387111891091139e-05,7.702320671046358e-05,-1.3797676883828844,-2.6667286710215072,-3.2343447328060426,0.6979068519216576,0.4622771919405589,0.3672016255263435,18.08896526025333,22.25700095655816,30.693438187233312,84615.133,89029.40219999998,103745.90245
2026-02-03,78738.6,79186.81,72945.5,75770.21,39120.10889,-4.230000000000001e-06,-2.4116666666665727e-05,0.00011870214285714292,0.00012773733333333335,5.555683606295245e-05,8.758417473660032e-05,8.007885716633516e-05,-0.40364101324012336,-1.4992001950563543,-1.9743802227337397,0.6526016445516258,0.4628534694975184,0.3715162915419545,10.632765147421637,23.411745973461294,28.606655658469222,83269.62000000001,88816.16479999998,103535.1293
2026-02-04,75770.21,76971.52,71888.0,73165.83,38375.36,8.287999999999999e-05,-2.7433333333323962e-06,0.0001114328571428572,0.000123218,8.488976400795249e-05,8.589669577498647e-05,7.859431507041832e-05,0.3860584423199653,-0.5013019203480252,-0.7989234679213878,0.6292351714313498,0.4728779677106666,0.3798884075426359,8.998239386509212,17.909993766749395,28.457268675531253,81919.167,88522.21299999999,103311.75845
2026-02-05,73165.84,73341.18,62345.0,62909.86,106298.82899,4.5140000000000005e-05,4.1263333333334264e-05,9.974000000000007e-05,0.00012334566666666666,4.368420118676835e-05,8.269946572242702e-05,7.845967317715736e-05,0.5341888551557741,-0.8776954190955858,-1.290472544716994,1.2258464977410035,0.7501412610417192,0.5243166036555176,7.0028598439148055,12.497857507728654,23.01323675964919,79375.445,88055.5458,103039.98215000001
2026-02-06,62909.87,71751.33,60000.0,70580.26,92539.21531,-0.00028763,-5.320333333333239e-05,6.816071428571435e-05,0.00010726899999999999,0.00020389451545670776,0.00013068080681066753,0.00010741183246806164,-1.6136160110766997,-3.1775821282389636,-4.6044834654499045,1.8562471900916209,0.9480197581456725,0.6031980287692857,28.993456448853735,27.966148033193974,33.125335204984054,77508.47099999999,87756.8228,102805.98164999999
2026-02-07,70580.26,71690.07,67300.0,69289.38,44255.48036,-0.00026410999999999996,-0.0001688666666666657,3.905214285714292e-05,9.0089e-05,0.000185707936376788,0.00015563423591025325,0.00012358265307216052,-1.0106882749057964,-2.3644907309216086,-3.728507315577704,1.807839541371974,0.9481367870158327,0.6005029919658964,33.32049802864461,27.384983762439347,32.49432218938735,75507.41,87379.8716,102552.65645
2026-02-08,69289.37,72271.41,68888.0,70330.38,21420.53168,-0.00011813000000000001,-0.00022328999999999906,2.039714285714293e-05,8.4597e-05,9.182737500327216e-05,0.0001578477419457383,0.00012911757505177436,-0.05715526614523665,-1.229052287970903,-2.2083689851953383,1.8305182359214751,0.9567102366116813,0.6024410235332647,37.97556865713019,30.804875802459534,33.08188659163412,74075.432,87019.2612,102310.5284
2026-02-09,70330.38,71453.53,68308.0,70138.0,29152.72842,-5.513000000000001e-05,-0.00014578999999999905,7.516428571428638e-06,7.624766666666667e-05,0.0001072005914162413,0.00015598440664707077,0.00012980557927769697,0.5749327601433373,-0.7300078147730755,-1.5805658759856953,1.818940977930974,0.9462011674500662,0.6019498245368698,33.47524402067124,27.83624036904854,32.667845397133576,72663.183,86648.84399999998,102069.51345000001
2026-02-10,70138.0,70527.59,67800.0,68841.29,20373.77072,-0.00022443,-0.0001325633333333324,-2.122714285714279e-05,6.373966666666666e-05,8.556788727861232e-05,0.00015919977108743441,0.00014004792033282614,-0.34730114013509134,-1.6350703063087098,-2.827363182861075,1.0693306917194347,0.9407978944250643,0.6009144206900788,35.77324312204536,25.394763587927358,27.177614940686283,71673.20300000001,86253.25399999999,101825.64835
2026-02-11,68841.28,69292.88,65756.0,67082.52,28718.24602,-8.186e-05,-0.0001204733333333324,-3.867499999999994e-05,5.7889333333333335e-05,9.101573838257512e-05,0.00015068334795194136,0.00014240145080950936,0.7338029493753951,-0.6518824854941698,-1.5761250047192241,0.31275430233735946,0.9400137857118919,0.6031128462155944,37.06015159462684,24.274062685337924,24.443335183747834,70684.634,85845.1844,101571.461
2026-02-12,67082.52,68410.52,65118.0,66272.17,24271.74283,3.900000000000003e-06,-0.00010079666666666573,-5.060285714285708e-05,5.2843333333333336e-05,0.0001153368771613201,0.00013897272451976112,0.0001415106996401797,1.1663243864993913,-0.04543615250303586,-0.8508975369194999,0.30195035896175254,0.9377144113376967,0.601661244660154,61.95658899511728,26.64305128491152,24.66987871819714,69437.99,85417.2388,101305.7441
2026-02-13,66272.17,69482.97,65872.46,68853.96,20244.54955,5.276e-05,-8.39999999999906e-06,-5.147857142857137e-05,5.2368000000000004e-05,6.81476602679249e-05,0.00013822471530404746,0.00014148538563256522,1.0800277727695349,0.3160900422514064,-0.45929016653783655,0.48178968493269336,0.9642992448763583,0.6096305246793126,40.379385368503854,31.452981204904546,27.910317991705284,68746.36499999999,85049.8126,101059.70229999999
2026-02-14,68853.97,70560.01,68730.13,69822.95,18114.78393,1.3709999999999996e-05,2.3456666666667604e-05,-6.466071428571423e-05,5.185566666666667e-05,2.584710880013435e-05,0.00012020059077447724,0.00014160040321598323,0.5505537115601625,0.09725086507029444,-0.7577266097916129,0.5070530050823561,0.9680158334263693,0.6091577839141056,53.08422321875082,37.94301752412431,29.240058602061396,68412.077,84698.8804,100819.06325
2026-02-15,69822.94,70983.0,68000.0,68832.58,22290.05208,1.225e-05,2.624000000000094e-05,-6.512571428571422e-05,4.654e-05,2.297859221085272e-05,0.0001198651747535004,0.00013992892439652408,0.2438973356078898,0.12906483201001404,-0.7436998705242354,0.4942854486072667,0.9586235769471129,0.6086014986043033,41.29121236928922,38.763187212211264,29.474065355613178,69004.349,84317.9918,100574.02464999999
2026-02-16,68832.59,70126.67,67294.11,68892.43,15515.76534,-4.73e-05,-7.113333333332394e-06,-6.229857142857138e-05,4.302833333333334e-05,3.481032940559238e-05,0.0001197793453273094,0.00014094833047132287,-1.518407162612291,-0.2244543156130543,-1.1876310862804873,0.41271578377313584,0.9552201540362323,0.6085904424411451,42.64441355264836,35.726135857562866,30.060968060516075,68835.566,83936.78620000002,100339.6664
2026-02-17,68892.43,69241.5,66621.06,67503.52,16489.06921,0.00013632,3.37566666666676e-05,-5.2259285714285654e-05,4.100900000000001e-05,9.368019338860283e-05,0.00013043670634064198,0.00013908953182929453,1.5185891968131264,1.1688847955712713,0.3034296793815646,0.4488387100990888,0.9537187865249248,0.6039830830784298,42.18503732315119,37.44074504531033,31.552756611920884,68656.98000000001,83542.114,100110.69435
2026-02-18,67503.52,68476.22,65870.0,66461.0,15492.43839,6.678000000000001e-05,5.193333333333427e-05,-5.3409285714285655e-05,4.0598333333333334e-05,9.270595306303747e-05,0.00012921888308451768,0.00013899134168232662,0.4413076903667014,0.7151071338172194,-0.2458736732668443,0.27135460319915866,0.9371759529541038,0.6043384694387824,46.037629514020225,39.30611259282049,29.733675475166294,68270.042,83101.6242,99880.26759999999
2026-02-19,66461.0,67320.0,65631.83,67003.73,14542.26988,-4.3799999999999994e-05,5.3100000000000945e-05,-5.976214285714279e-05,3.1772666666666675e-05,9.083589819004805e-05,0.00012615104202008448,0.00013550563896994595,-0.8813763733409119,-0.1174605572042013,-1.1085528063022054,0.23169462582187947,0.9407062409722644,0.6048484875694997,54.828676886027715,59.46093600145671,30.27178409808357,67956.615,82688.7344,99644.24225
2026-02-20,67003.73,68318.39,66280.2,68020.01,35351.87091,5.996e-05,2.7646666666667616e-05,-3.4934285714285647e-05,2.7616333333333335e-05,6.196852211668436e-05,0.00011116959550543035,0.00013253449272534196,0.3241529993487304,0.8347574822340436,-0.2520306860926318,0.2901121362181908,0.9115790189777244,0.6067222639280535,43.06157596531729,41.45531197414027,31.44189635135244,67874.487,82272.35380000001,99409.06715
2026-02-21,68020.0,68698.7,67534.69,67975.93,8032.84131,0.00010176,3.9306666666667616e-05,-8.800714285714222e-06,2.4047000000000002e-05,7.49456371867372e-05,9.497576876921031e-05,0.0001288770361329881,0.5551514617697983,1.1275376390292227,0.0878541899029478,0.28885073656637666,0.9092703152614797,0.6064151092513125,31.83761608262705,45.21850811773774,31.62182989385184,67963.82800000001,81831.96979999999,99178.29805
2026-02-22,67975.93,68245.0,67190.0,67643.4,8175.13484,5.744e-05,7.305333333333428e-05,3.7400000000000637e-06,2.0812333333333334e-05,2.4892612022971675e-05,9.093460152137875e-05,0.00012668966369629771,0.16518639269665852,0.6877651610732648,-0.2511887451819117,0.2257744470267005,0.8999819245275064,0.6062109390364085,36.568704962834886,39.68629522210855,32.88606939129987,68100.951,81372.2776,98941.55369999999
2026-02-23,67643.39,67684.86,63888.79,64656.02,33075.90923,-1.200000000000002e-06,5.266666666666761e-05,7.592142857142922e-06,1.5992000000000002e-05,5.164570585562856e-05,8.937789411593443e-05,0.00012459799387883614,-0.6294394290904584,0.1953672068340039,-0.7089835297233437,0.4486415852186765,0.904865457167181,0.614527570417411,21.198243779597462,32.67527365076825,29.18175753289499,67681.157,80834.8034,98677.47375
2026-02-24,64656.01,65026.75,62510.28,64058.15,23102.83622,4.331e-05,3.318333333333427e-05,2.671642857142864e-05,1.266766666666667e-05,3.060350361193997e-05,5.959508092858736e-05,0.00012240248551355026,-0.24169869621347181,0.592304094712019,-0.32000721299786095,0.4243451229104349,0.8967337874009803,0.6143884370721935,23.753121481426987,34.18526928890692,27.743635403378192,67104.677,80238.7722,98414.3908
2026-02-25,64058.15,69988.83,63913.27,67988.04,30749.99259,1.4400000000000001e-05,1.883666666666761e-05,3.359214285714292e-05,8.974333333333335e-06,2.25842430319451e-05,5.1044064701143634e-05,0.00012054744936974023,-0.7165344979743953,0.36251682024735693,-0.5480208264614835,0.720944040197418,0.6672727110781806,0.6343020890852414,58.0789269857619,52.61808744767849,32.379423364613814,67020.223,79723.57359999999,98172.01974999999
2026-02-26,67988.04,68860.0,66500.0,67485.18,20737.77792,8.810000000000005e-06,2.217333333333428e-05,3.394285714285721e-05,3.3353333333333356e-06,1.8517047100603676e-05,5.084082572544733e-05,0.00011624915289968767,-0.6361375647332531,0.22031998885052423,-0.5731312850148615,0.7237381496380711,0.44260475072592875,0.634216072161684,52.55794085362417,53.57060646824452,34.76327074949174,66879.49799999999,79245.994,97912.9756
2026-02-27,67485.19,68216.8,64914.46,65872.1,21228.58424,-9.770000000000002e-05,-2.482999999999906e-05,2.3195714285714348e-05,-5.334999999999999e-06,6.316913565969098e-05,6.136962800737839e-05,0.00011364649509140922,-1.7011840992585985,-1.1094729053842125,-1.4164650980895275,0.7504130743995782,0.4472938644901476,0.636031714201783,39.26870236787638,40.69177528852746,34.02427931375543,66716.356,78741.4362,97648.90610000001
2026-02-28,65872.09,67760.0,63030.0,66973.26,22548.71649,-3.991e-05,-4.293333333333239e-05,1.936571428571435e-05,-1.2361666666666664e-05,5.331932513944355e-05,6.363839790502156e-05,0.0001087878682728151,-0.46345510929677586,-0.4876134170007606,-0.9026299575560945,0.6263008317294813,0.44859673086656116,0.6364938541421642,45.46908792500595,41.17716265075173,38.9260232989727,66767.582,78268.0758,97383.102
2026-03-01,66973.26,68199.99,65056.0,65776.47,23201.85859,6.823e-05,-2.312666666666573e-05,2.3364285714285776e-05,-1.2254666666666668e-05,8.422856661089385e-05,6.490302763053627e-05,0.0001088681516943471,1.2381536898655188,0.7865963353097214,0.011719408639711475,0.6510649565570258,0.45351877829596615,0.6372436809296504,42.17484573347293,40.65748630618634,39.35270313672331,66644.856,77773.51120000001,97095.45219999999
2026-03-02,65776.48,70096.0,65259.21,68830.06,32010.38431,-3.3379999999999996e-05,-1.686666666665721e-06,2.4358571428571493e-05,-1.9976e-05,6.063757443471724e-05,6.38350465421521e-05,0.00010137966270926623,-0.23648753825412977,-0.7979923751806909,-0.8172959245349553,0.5461887950875981,0.49245004902940226,0.6476685987367539,67.39873483147929,49.83883446073914,40.79813654963177,66725.86099999999,77329.8394,96848.12705
2026-03-03,68830.06,69258.08,66158.0,68338.0,24972.2418,2.7320000000000003e-05,2.072333333333428e-05,1.6572857142857207e-05,-1.9690666666666668e-05,5.1125189812126556e-05,5.5191022741153836e-05,0.00010150441400066944,0.6598730771358305,0.12777785014291557,-0.28493925643311335,0.5457812248958829,0.47989452642418023,0.6462656401283845,67.99854997253468,52.261117812883164,42.765095961980045,66762.068,76870.67540000001,96603.1068
2026-03-04,68338.01,74050.0,67400.0,72666.77,44919.0761,1.8129999999999994e-05,4.023333333334278e-06,1.3097857142857207e-05,-1.619033333333333e-05,3.271652538589478e-05,5.328533182188519e-05,0.00010091643215653967,0.22317429752629409,-0.04960801745528574,-0.35039388835971613,0.644732902274839,0.5404695199483408,0.6659395672066762,69.03732083581491,64.2733106797996,49.52996875374117,67264.405,76415.7308,96379.53735
2026-03-05,72666.77,73558.15,70645.47,70890.72,26590.51253,8.706e-05,4.417000000000095e-05,2.244500000000006e-05,-1.3147333333333332e-05,3.7426970221923334e-05,5.400933747622855e-05,0.00010265097348866675,1.1408182886727933,1.1254589317599968,0.25732427584652123,0.7505847143835374,0.5321136485791733,0.6670496706538711,62.55591195663879,58.460134100105336,58.9455398623171,67887.875,75894.5096,96146.9659
2026-03-06,70891.02,71419.98,67744.78,68114.02,22629.88722,-3.548e-05,2.323666666666761e-05,1.5627857142857208e-05,-1.7092666666666663e-05,6.142940202643991e-05,5.4925413226826414e-05,0.00010109571735991503,-0.9537023488069318,-0.9475910154833193,-0.7745705513726561,0.8462335610360784,0.5570364154183883,0.668622486718134,57.61256954102647,50.190051191107294,46.89502582693981,68293.46200000001,75344.69399999999,95906.40074999999
2026-03-07,68114.02,68551.04,66915.26,67262.91,12719.54315,-7.299999999999947e-07,1.6950000000000944e-05,8.30714285714292e-06,-1.8621666666666665e-05,6.315417405043486e-05,4.9081522988869015e-05,0.00010046695713739356,-0.4452474853234591,-0.34365411590416417,-0.4636293732089216,0.7451249735206994,0.5563138715422533,0.6687745687489881,51.00051329630631,48.60410245326253,47.42012452332049,68220.949,74778.9334,95678.35059999999
2026-03-08,67262.91,68200.0,65618.49,65971.2,21593.63901,-8.479e-05,-4.033333333333239e-05,-1.852142857142795e-06,-1.1860333333333334e-05,4.2239638177021726e-05,5.271478542831266e-05,8.776064055674147e-05,-1.2782506164754897,-1.6614908075980188,-1.1590717578403409,0.756195104738573,0.5616063304329404,0.6677672040750132,50.6682571504829,46.84478897709932,44.48557986179667,68069.551,74195.402,95436.85040000001
2026-03-09,65971.2,69516.65,65821.97,68432.16,28896.7213,-0.0001378,-7.443999999999905e-05,-1.160928571428565e-05,-7.650000000000001e-06,6.911865233055569e-05,6.401538318304233e-05,7.769415479728944e-05,-1.2123743202282007,-2.2047352958040656,-1.5758783176224727,0.5539861182058079,0.5786409715711438,0.675760457463424,48.57662677358001,57.26946859382273,47.95922176127943,68325.557,73690.5824,95216.5112
2026-03-10,68432.16,71777.0,68391.41,69948.63,32602.57726,5.739999999999999e-06,-7.228333333333238e-05,-1.4292857142857078e-05,-3.5210000000000007e-06,7.258267998169793e-05,6.230054246324506e-05,7.486011586453326e-05,0.9305972849416556,0.07786384968162899,-0.30607943723545983,0.5978208472340373,0.5805748642505536,0.6789570163078199,55.368133226943314,60.95243053489301,51.31783454984019,68623.094,73236.935,94981.57440000001
2026-03-11,69948.64,71321.0,68977.91,70191.86,27249.27542,-0.00022128,-0.00011777999999999904,-3.112714285714279e-05,-9.059333333333333e-06,0.0001148264795245071,8.25136545743468e-05,8.435400989731986e-05,-1.394485986505814,-2.6818825891978744,-2.1829659303192113,0.44675976079238616,0.5800561373584864,0.6791955820469844,38.66408091437913,54.748682800862404,53.83887334905381,69064.633,72872.219,94755.34345
2026-03-12,70191.86,70800.0,69205.91,70541.34,21997.1605,-0.00020575,-0.00014042999999999903,-4.645285714285707e-05,-8.436666666666668e-06,0.00012682486704109709,9.369361815792116e-05,8.276335884814064e-05,-0.8276274013966836,-2.0683447710355436,-1.9494745633988375,0.40319243157427753,0.5773981947099132,0.6791399341896271,48.15915427949642,56.62908070569642,55.33150286945182,69235.761,72493.9512,94540.5822
2026-03-13,70541.34,73913.74,70386.01,70930.0,35996.61678,8.359999999999998e-06,-0.00013955666666666574,-3.887714285714278e-05,-5.429333333333333e-06,0.00012833472029550417,9.351886789708851e-05,8.16348585928906e-05,1.0627401405506698,0.4050476550796589,-0.14962188197583193,0.2765516885923347,0.5774901015873598,0.6793258643851618,69.8263213182275,61.58647603810343,52.74288607359069,69494.96100000001,72121.3578,94344.6723
2026-03-14,70930.01,71307.92,70317.0,71211.95,13017.24737,-9.218e-05,-9.65233333333324e-05,-4.261071428571422e-05,-8.632000000000001e-06,0.000107121059709683,9.460041327480599e-05,8.312727746017574e-05,0.07998657102625939,-0.7027824349220877,-0.9589746648474523,0.14981356491851097,0.5766581678548253,0.6687934636469717,80.22628535038001,60.088501599184475,51.869093985954066,69349.479,71753.5916,94141.91595
2026-03-15,71211.95,73199.0,70858.82,72815.24,14037.30704,-5.685000000000001e-05,-4.6889999999999065e-05,-5.154499999999994e-05,-1.2285666666666668e-05,5.1004647827353476e-05,8.907200602713607e-05,8.274383046840866e-05,0.5767300008217084,-0.24738114592209895,-0.6436765809516931,0.15275819965260973,0.5402190399854687,0.6701824773238406,99.99999999998977,66.43494942334101,55.27225869447163,69541.931,71425.3896,93949.6821
2026-03-16,72815.25,74909.08,72270.41,74884.67,28409.53019,0.00011667,-1.0786666666665734e-05,-4.082714285714279e-05,-8.853666666666666e-06,0.00011178530150840872,9.980665689444468e-05,8.59330399902391e-05,1.3599387286283067,1.6858988867036542,0.7924010802565146,0.21656888480850772,0.5435155425542212,0.6746039465179802,99.99999999998916,64.81803359492298,57.53181157951649,70218.99600000001,71189.6758,93761.27095
2026-03-17,74884.67,76000.0,73399.19,73909.36,24521.26636,-3.524e-05,8.19333333333427e-06,-4.529571428571422e-05,-1.0436666666666668e-05,9.456288084299213e-05,9.790317946551276e-05,8.596828418124614e-05,-0.2903807104646915,-0.0022944217482174754,-0.4490440864271387,0.3115603316682063,0.49732528475121235,0.6749100187645976,83.50106151724084,63.320250636916505,58.13627211746595,70883.641,70900.9214,93588.93075
2026-03-18,73909.37,74672.34,70500.0,71246.54,23392.88093,-8.964e-05,-2.736666666665724e-06,-5.2993571428571364e-05,-1.1848000000000002e-05,0.00010692662920585255,9.676276283201601e-05,8.693642891063662e-05,-0.6755541609109187,-0.5645754946791872,-0.8815900764748783,0.5064695837087133,0.525367681300814,0.6796280527720662,56.329897946685506,46.310548511803795,55.8379836745172,71411.175,70540.85220000001,93401.08180000001
2026-03-19,71246.55,71613.79,68793.35,69930.0,22364.81819,-2.781e-05,-5.089666666666573e-05,-6.119857142857136e-05,-1.7319e-05,3.375774923370441e-05,8.848994752621725e-05,8.233309375070152e-05,-0.11641863612332595,0.09954408409716486,-0.33869394579570117,0.5302439230928396,0.5204260460722067,0.6799671169205668,46.71251882124838,47.443215387117576,53.50367157127088,71560.959,70153.45240000001,93209.50005
2026-03-20,69930.01,71367.0,69388.0,70510.73,18121.16745,1.155e-05,-3.5299999999999056e-05,-5.7839285714285645e-05,-1.916e-05,5.100910801016231e-05,9.041317258220447e-05,8.099436131933715e-05,0.2137104532584986,0.5186835492526345,0.007116424422041593,0.4788658713777398,0.5174602265931529,0.6805424080492388,47.79100681027288,57.222621685911406,53.013611779933264,71617.16900000001,69870.66380000001,93015.86660000001
2026-03-21,70510.73,71100.94,68571.42,68918.12,13397.1675,-1.138e-05,-9.213333333332394e-06,-5.859999999999994e-05,-1.8079333333333335e-05,1.9769249690513027e-05,8.993926848374119e-05,8.087045280868256e-05,0.5082132152630584,0.31360777177272514,-0.16063896021627475,0.31358680608804806,0.5215357687613243,0.6740143988892133,39.38113442331883,54.774683713726255,51.09881433618891,71489.79500000001,69563.8164,92804.25715
2026-03-22,68918.12,69588.79,67360.66,67859.0,14843.78682,-0.00010455999999999999,-3.479666666666572e-05,-6.0012142857142796e-05,-2.3563333333333332e-05,6.149502608606439e-05,9.053534101103221e-05,8.097411558894876e-05,-1.1939789512232133,-0.7359890148124072,-0.9523923957691637,0.3118209897439905,0.4888209854081066,0.6734160898518222,25.83868275522994,55.519689367619996,50.247249861348784,71221.561,69346.1746,92585.0236
2026-03-23,67859.0,71817.09,67445.18,70906.45,28335.09119,-4.782e-05,-5.458666666666572e-05,-5.3584999999999935e-05,-2.854933333333333e-05,4.695709673016056e-05,8.773903917960183e-05,7.75228679469666e-05,-0.2679589634084957,-0.031222808150632157,-0.41908075351579005,0.5321399881556793,0.5233696252993348,0.6838617827500513,32.29475423202088,56.99462150076242,57.15812457669398,71219.20599999999,69224.9394,92385.90149999998
2026-03-24,70906.45,71400.0,68923.07,70556.74,20702.42244,0.00010960000000000001,-1.4259999999999059e-05,-4.6166428571428507e-05,-2.681066666666667e-05,0.00011095418694214515,9.703893061807903e-05,8.006127838163788e-05,1.4900363976867887,1.6666690614121664,1.0446264587284917,0.5026177067515949,0.44988107702031316,0.683779172580417,34.19914072794708,51.84048986914472,57.484866347715446,71153.685,69061.302,92185.38525
2026-03-25,70556.74,72026.09,70408.0,71336.53,17719.50066,8.104999999999999e-05,4.7610000000000935e-05,-2.4571428571428508e-05,-2.4069e-05,8.386858351011275e-05,8.8320066180431e-05,8.234430568221462e-05,0.848790699450969,1.3598640657818515,0.7978459546200397,0.50634571343749,0.44016758507998666,0.6847751289975468,50.5156458609051,53.35544756400055,54.15843401488345,71005.814,68972.6284,91991.12805
2026-03-26,71336.53,71436.82,68153.0,68820.31,20820.45768,1.7239999999999998e-05,6.92966666666676e-05,-8.643571428571365e-06,-2.4938e-05,4.728845560309813e-05,7.167040539404296e-05,8.174409283314358e-05,0.06917966710528896,0.6126204878047031,0.2227694726597059,0.5734670239291475,0.43334173950606797,0.6865502957781158,44.409976998937964,45.523660203610675,51.57910896777621,70399.378,68885.718,91779.54290000001
2026-03-27,68820.31,69179.05,65548.25,66407.28,28603.69557,-9.214e-05,2.0500000000009307e-06,-1.5822142857142794e-05,-2.8489333333333335e-05,8.758850438266747e-05,7.48010164656305e-05,8.228861658965998e-05,-1.2473167625528219,-0.5419907281394681,-0.7916299178381097,0.6439927562426568,0.45734610823453586,0.6885072484507275,32.550287337990355,39.35730421686486,50.62122255409685,69649.17,68955.6664,91551.25314999999
2026-03-28,66407.28,67288.94,65932.09,66377.03,11462.39847,-0.00015865,-7.784999999999906e-05,-2.0569999999999937e-05,-3.407133333333334e-05,8.881146378701468e-05,8.180237969083016e-05,8.529601060868763e-05,-1.3139396934180596,-1.19039570476109,-1.393239003235075,0.4094692110666055,0.4495193202339518,0.6875804225709503,37.538264167670235,38.48625710243928,49.290267101830054,69162.219,68871.6018,91325.40635
2026-03-29,66377.04,67130.5,65000.0,66010.93,10052.85584,-1.015e-05,-8.697999999999908e-05,-1.723428571428565e-05,-3.1153e-05,7.438435117679108e-05,8.115879086132166e-05,8.453829905990086e-05,0.23808018924219904,0.32634418394016007,0.08080848719440717,0.40841915265527523,0.4191380525134974,0.6874433966026282,40.27592593566688,32.78184088250701,50.28472445870922,68770.31199999999,68806.03279999999,91085.661
2026-03-30,66010.93,68169.65,65800.59,66797.37,18353.38975,1.55e-05,-5.1099999999999074e-05,-2.4460714285714224e-05,-2.9306e-05,9.401985162715551e-05,7.234416636570416e-05,8.494470236171606e-05,0.7911087847634957,0.5981171405240964,0.37398592416401766,0.4130853056452794,0.4103019506725548,0.6777804277704029,21.62841053145941,28.114181981929107,47.387690173155015,68398.976,68735.3726,90842.2344
2026-03-31,66797.38,68589.49,65998.05,68284.48,22105.40662,-4.568e-05,-1.3443333333332404e-05,-2.5206428571428507e-05,-3.3103000000000005e-05,3.0722672952167334e-05,7.251742449577433e-05,8.295715379978958e-05,0.18131740139785538,-0.18071977374621878,-0.23824530528123503,0.4183078107521814,0.4227789766509949,0.6807949023599198,36.440647623682,35.18826706663765,49.93293407890772,68335.612,68698.30219999999,90603.50970000001
2026-04-01,68284.49,69310.0,67578.75,68113.92,19020.1899,-3.3329999999999994e-05,-2.1169999999999067e-05,-2.1184285714285648e-05,-3.310133333333334e-05,3.23519288450081e-05,7.019309605703224e-05,8.295714854503415e-05,0.1961835645756483,-0.15626439622500904,-0.07374881473479795,0.22061218040583883,0.421828848369221,0.6614496591036211,29.261709896505735,40.504714573405565,43.63110027940925,68361.10399999999,68683.7548,90364.48785
2026-04-02,68113.92,68653.38,65712.12,66901.99,20203.47916,-3.0320000000000008e-05,-3.64433333333324e-05,-2.1363571428571364e-05,-3.5022666666666666e-05,8.139535203298402e-06,7.021452332865015e-05,8.217328599115985e-05,-0.3972062411449875,-0.08682669599399517,-0.03224662590926418,0.29779119036946866,0.4259646534073237,0.6606383546294727,35.16476887812017,40.7632213921587,44.33076141791088,67960.658,68680.1442,90122.65775
2026-04-03,66901.99,67370.42,66282.0,66964.3,11429.13131,-1.079e-05,-2.4813333333332403e-05,-2.2959285714285647e-05,-3.5986666666666665e-05,1.2237460248179947e-05,6.966064979761244e-05,8.169648544058415e-05,0.42387473267943354,0.13626556049709315,0.16704148134253416,0.28869965420687793,0.4252179732945202,0.6577002139488805,56.76865871143959,38.82847392019758,48.229255995501056,67601.414,68693.9868,89880.7307
2026-04-04,66964.29,67562.93,66775.91,67300.42,7373.51613,9.527e-05,1.8053333333334264e-05,-1.5341428571428506e-05,-3.5713e-05,6.758080669336503e-05,7.651823280535277e-05,8.213545159029245e-05,1.7455668122256687,1.4842888684823008,1.2887704099508428,0.27488346778415923,0.41163570279956996,0.6518014591392157,60.444241353481054,44.46604917576992,50.058702326460676,67197.803,68662.916,89633.28799999999
2026-04-05,67300.42,69136.2,66611.66,69034.18,11733.46752,8.108e-05,5.51866666666676e-05,-2.0814285714285073e-06,-3.182766666666667e-05,5.757629228533331e-05,7.595093120992097e-05,8.485858742575948e-05,0.9680800061236084,1.3691527269867805,1.1367425474311244,0.2986741206006826,0.4079060633561762,0.6499073852980465,76.11549644709129,53.842773226736924,54.72807889011974,67219.18999999999,68647.1406,89396.22094999999
2026-04-06,69034.18,70351.46,68300.0,68853.66,20281.61044,0.0001304,0.00010225000000000093,1.0648571428571492e-05,-2.745666666666667e-05,2.5390074832363192e-05,8.236020452934579e-05,8.975176449460605e-05,1.104367542354418,1.7820265033442013,1.6225891334477918,0.29884386267816665,0.4058955995882924,0.5299293754165866,69.83951172352718,41.738511009062535,50.69991172643093,67463.82800000001,68647.5622,89155.1216
2026-04-07,68853.66,72761.0,67732.01,71924.22,23750.49661,0.00010781000000000001,0.00010643000000000093,1.052071428571435e-05,-2.1036666666666668e-05,2.4688942869086577e-05,8.21960002269118e-05,9.235976614472865e-05,0.4983056320490355,1.3341385514912865,1.3890991460835673,0.37430561643905774,0.4244889081278396,0.45991479892400433,76.89823464029871,54.51471471867543,53.11951386118539,68018.54699999999,68708.198,88936.58079999998
2026-04-08,71924.22,72857.0,70707.23,71069.93,19802.68627,0.00011631,0.00011817333333333426,1.3039285714285779e-05,-1.2566333333333334e-05,1.14096903256138e-05,8.501518411569522e-05,9.293258589205808e-05,0.5337622862276628,1.2926211088184554,1.4877955063454706,0.429015905665553,0.4196255192775204,0.45854910479496314,69.84035148714224,49.124132674511856,51.3602484067883,68524.44700000001,68779.52620000001,88713.50230000001
2026-04-09,71069.93,73145.0,70466.0,71787.97,18158.42159,3.1060000000000004e-05,8.506000000000094e-05,1.4026428571428638e-05,-1.1722333333333333e-05,4.695809301912641e-05,8.514784324541894e-05,9.321910880340998e-05,-1.5890723206850457,0.23340100150777537,0.4608696476481256,0.4237508309752356,0.42030293440181615,0.4577551076055625,85.12263499912883,61.056015116579424,51.909394035465375,69023.50700000001,68886.0656,88496.2807
2026-04-10,71787.98,73434.0,71426.15,72962.7,17372.63288,6.819999999999999e-06,5.1396666666667604e-05,2.1095000000000065e-05,-4.119000000000001e-06,5.750826056599275e-05,7.95821462148365e-05,8.442489975697623e-05,-1.288335084274952,-0.07514006405819193,0.16017005285252844,0.40584492371008907,0.4109438262007264,0.45935372677316855,87.17392867146327,76.90458288460152,53.04016784561779,69491.329,69005.245,88297.83925
2026-04-11,72962.71,73790.0,72513.09,73043.16,9070.94374,-0.00020062999999999998,-5.424999999999906e-05,1.809642857142864e-05,-3.948333333333333e-06,0.0001273468597963543,8.729303634289402e-05,8.40073860498558e-05,-1.6615938876973786,-2.2952229940085305,-2.3505794696889666,0.3955082073838366,0.40275142811133485,0.45679081494512264,86.75419463516012,77.24666126593485,52.755420453614256,69984.253,69105.708,88103.06105
2026-04-12,73043.16,73137.24,70505.88,70740.98,13472.46801,-0.00012133,-0.00010504666666666573,1.0155000000000066e-05,-8.271333333333333e-06,0.00010467920439765213,9.47952874315836e-05,8.664758132743846e-05,-0.6945089889722824,-1.3276737224919684,-1.3712699051017054,0.3673796256519956,0.3873497416070891,0.4592716511342259,60.18282307851511,66.69153314168787,46.9431551173442,70368.152,69161.009,87890.23095000001
2026-04-13,70741.56,74900.0,70566.99,74417.99,24230.21625,-5.826e-05,-0.00012673999999999907,4.886428571428639e-06,-7.140666666666667e-06,7.13390166738511e-05,9.650960020859774e-05,8.57313662044083e-05,0.1076809457963255,-0.5882840671554022,-0.6015908863497939,0.5679726215001139,0.44291755961942786,0.4741379309299679,73.4242801586516,72.33530954454325,49.343364560142675,71113.521,69296.5008,87717.34844999999
2026-04-14,74418.0,76038.0,73795.47,74131.55,26532.94456,-8.355999999999999e-05,-8.771666666666573e-05,2.180714285714354e-06,-8.031e-06,3.17397957354094e-05,9.854583185695586e-05,8.640148132316708e-05,0.1018775667069787,-0.7785320859844587,-0.8747675532267087,0.5784188828301946,0.4420959760295565,0.46549567323856905,62.13732314983874,68.43465282291812,50.3188094871143,71796.63399999999,69486.0114,87539.7889
2026-04-15,74131.55,75425.0,73514.0,74809.99,14425.04167,-0.00021548999999999998,-0.0001191033333333324,-1.0830714285714216e-05,-1.9103000000000003e-05,8.442638588335623e-05,0.00011435303631666703,9.102907550476098e-05,-1.1402826051668704,-1.8798982602806835,-2.291821996469359,0.5705484294983506,0.40865705637241667,0.4648258845221924,70.97080954997031,70.45627151077893,55.42176557133888,72374.215,69701.04819999999,87365.65960000001
2026-04-16,74809.99,75534.76,73309.85,75154.29,17088.68777,-8.484000000000001e-05,-0.0001279633333333324,-1.472499999999993e-05,-2.0756333333333333e-05,7.580301862937474e-05,0.00011598449682544632,9.177961423731492e-05,0.45137602710342195,-0.6036192211537839,-0.7839354872668484,0.5691499822713199,0.3673087887347733,0.46327715804502484,69.70092092757008,76.62176530856459,58.19105612662435,73004.278,69844.3732,87180.6113
2026-04-17,75154.28,78333.0,74529.4,77072.0,25941.36694,-4.711e-05,-0.00011581333333333242,-1.7319285714285643e-05,-1.9338666666666665e-05,8.83598700390929e-05,0.00011629548740928884,9.100410997671355e-05,0.7489651402119453,-0.30196436046548636,-0.356818414003966,0.4111057286156363,0.3746710314456945,0.4669549054692305,72.12503257402102,79.12116469676492,59.873344691496115,73519.05600000001,70036.1096,86994.4115
2026-04-18,77072.01,77420.08,75445.16,75691.76,9141.84456,-0.00019766,-0.00010986999999999907,-3.8242857142857075e-05,-2.5000333333333332e-05,7.833390900492635e-05,0.00012074690927268881,9.665719612095195e-05,-0.9512871799042103,-1.6258293223557205,-1.9806711889286477,0.3054972759294404,0.38666746181193584,0.46631245217938083,62.50954061467587,72.80419030060294,60.258483917217525,73981.23899999999,70232.50279999999,86802.62565
2026-04-19,75691.76,76240.66,73762.9,73801.79,11369.82232,-0.0002789,-0.00017455666666666575,-6.395571428571421e-05,-3.4682e-05,0.00011760941303027207,0.00013125413140543382,0.00010687615570341808,-1.187635292718052,-2.0027403888467927,-2.6706651536350456,0.3939675393017224,0.4093132078460902,0.46917374979806453,65.04215110707021,62.84731410425563,58.779247094232005,74182.621,70369.0734,86578.65965
2026-04-20,73801.8,76558.62,73724.31,75840.97,16993.41034,-0.00012137999999999999,-0.0001993133333333324,-8.193999999999994e-05,-3.834866666666666e-05,7.877301399162675e-05,0.00011927819215213998,0.00010793086768006261,0.26499869431308876,-0.63221934469245,-0.97951456227051,0.46083381572853044,0.41408321405807197,0.4731381284908801,58.33489529396398,67.11439215618573,57.51356684755307,74470.448,70570.3634,86355.21775000001
2026-04-21,75840.97,76927.57,74821.57,76336.15,14912.57132,-0.00018003,-0.00019343666666666573,-0.00010249999999999993,-4.086433333333333e-05,7.96111903775157e-05,0.00010836311031402248,0.0001103791109574516,-0.17315481734745164,-1.029798353932497,-1.5336574881077405,0.4618271503638591,0.41263059502899796,0.47215525019365534,62.60488826783194,62.36654320481932,58.761229692862834,74799.747,70720.4852,86125.73849999999
2026-04-22,76336.14,79472.82,76132.95,78178.23,19737.51225,5.739999999999997e-06,-9.855666666666573e-05,-0.00011039785714285708,-3.9079e-05,9.496473889463109e-05,9.430643310946561e-05,0.00011069542806967012,1.5140858247504358,0.46019678018777055,0.4167766528643198,0.4560370034797297,0.4051738714507884,0.4751851639782112,66.99644553349823,68.87898412616956,60.04797745112173,75543.472,70917.2898,85904.67465
2026-04-23,78178.22,78662.5,76960.0,78257.48,16970.79501,-0.00018119,-0.0001184933333333324,-0.00012555857142857135,-4.8772e-05,0.00010759078600570484,8.655877672759352e-05,0.00010995646785641411,-0.28782545410266147,-0.9574795367785138,-1.4935842886325619,0.4021095899198797,0.40514727634537123,0.47485185136593255,66.08935865303073,67.78591721526243,64.92836192138233,75927.421,71029.10399999999,85678.55049999998
2026-04-24,78257.48,78581.93,77264.08,77437.13,12675.14315,-0.00014846,-0.00010796999999999905,-0.00013664999999999993,-5.642233333333333e-05,9.982628060782432e-05,7.779637919203301e-05,0.00010858818719283655,-0.30300084127028115,-0.6230656120412544,-1.1163440680785712,0.30259891271987305,0.41257469974173655,0.46085266157462573,52.13620008775355,62.54551306889794,68.37358419030056,76257.97899999999,71160.0322,85442.44344999999
2026-04-25,77437.13,77885.35,77140.23,77625.0,5685.1142,-0.00013011,-0.0001532533333333324,-0.00013161285714285707,-6.133399999999999e-05,2.587515474978304e-05,7.558678551877246e-05,0.00010847380683679185,-0.04274119808653909,-0.4035664665918268,-0.8967484516703789,0.23799814861868784,0.40447005795934604,0.4598235961912991,63.14435372890994,62.76975730481889,68.63905070504147,76539.48,71350.2518,85223.9037
2026-04-26,77625.0,78961.0,77326.51,78657.55,7963.56162,5.8899999999999995e-06,-9.089333333333238e-05,-0.00012252571428571422,-5.806633333333333e-05,8.431750016055676e-05,8.408738135596004e-05,0.00010898911105005717,1.0727825033943639,0.8685102085087287,0.5073619253261118,0.24939878561360965,0.40374575687837005,0.4384066967388539,87.37235355869807,73.74414912026984,70.50387845748233,76889.806,71578.1446,85000.66145
2026-04-27,78657.55,79485.66,76459.64,77371.32,16046.92418,-0.00014088,-8.836666666666572e-05,-0.0001284271428571428,-5.7474e-05,8.180609777593294e-05,8.210601115714871e-05,0.00010847066457394771,-0.3030892426505801,-0.40032791175755555,-0.9757564345934511,0.22256843285728575,0.3789023260027414,0.4402330792804294,63.32242827120632,60.34094338921761,66.87007428674582,76919.73799999998,71806.147,84779.20605000001
2026-04-28,77371.32,77478.0,75666.6,76342.77,13210.72383,-1.9129999999999995e-05,-5.137333333333239e-05,-0.00012382499999999993,-5.777333333333334e-05,7.851804017756465e-05,8.650231244133456e-05,0.00010834788804443115,0.9135380324728408,1.0164067455398313,0.2603921961365723,0.23780681093042885,0.38008419657967396,0.43700733844934797,50.0527332050263,57.35998775121122,63.047407111401036,76984.83899999999,71964.3592,84597.0474
2026-04-29,76342.78,77904.93,74937.52,75780.0,18279.93022,2.036e-05,-4.654999999999905e-05,-0.00010697857142857136,-5.761133333333333e-05,8.404449238345333e-05,9.016568619513134e-05,0.00010846479319893891,0.9506816620205454,1.4890920214410825,0.6535661927875341,0.23253499356158341,0.38168204764820124,0.43621542499277416,26.006038934918735,53.253706671634966,62.25669922507726,77182.66,72080.9866,84422.7254
2026-04-30,75780.0,76669.14,75323.65,76346.57,10381.81607,-8.961e-05,-2.9459999999999067e-05,-0.00010731928571428564,-5.907566666666666e-05,5.5708005708267994e-05,9.00845706471827e-05,0.00010859462095921144,-0.6568764782425595,0.2879834125756022,-0.45001943174868825,0.24921205027751694,0.3775246118596323,0.4334739884826773,32.58023406120775,53.9405096341293,65.41838325225683,77233.22,72204.0808,84229.66425
2026-05-01,76346.58,78914.12,76320.42,78231.13,17315.46502,-8.699e-05,-5.2079999999999074e-05,-0.00011016785714285709,-6.086433333333334e-05,6.274855615862664e-05,8.865339120408175e-05,0.00010859785832284771,-0.37272584632237915,0.2585174141683055,-0.4131410272602086,0.32392081362646913,0.38907048750681167,0.4236021572813189,56.061901635333214,53.83936112775953,67.36034090694893,77422.71800000001,72357.8766,84044.9899
2026-05-02,78231.13,79199.48,78040.0,78686.85,6150.87642,-8.465e-05,-8.70833333333324e-05,-0.00010209571428571421,-6.267533333333333e-05,2.4813168531051866e-06,8.514989594958825e-05,0.00010852391443856021,-0.6520973839647782,0.2645508560376334,-0.37115431502556306,0.2802674140784317,0.35490704783983085,0.4230471762771277,57.78830708747457,60.567800192361055,67.48019850466927,77473.58,72513.0136,83873.28345
2026-05-03,78686.84,79447.0,78084.08,78568.57,7425.7929,1.595e-05,-5.189666666666573e-05,-8.103499999999993e-05,-6.1784e-05,5.876858457820518e-05,7.375731815064272e-05,0.00010907317713198618,1.0561328552139213,1.4063586027375967,0.6723335980035411,0.2291908893171634,0.2910847728739325,0.39631792118609904,49.24627457357772,69.22222025075156,65.40088641123037,77504.68900000001,72660.146,83712.30990000001
2026-05-04,78568.58,80776.99,78202.0,79861.01,26042.96135,9.859999999999997e-06,-1.9613333333332402e-05,-7.166071428571421e-05,-6.4631e-05,5.640565604020394e-05,7.652337324832584e-05,0.00010590098216312223,1.038320724758685,1.2254860131931626,0.6312893879587747,0.19153411407349832,0.2950670924230835,0.3925453148061631,71.06732398131454,67.24983694345421,67.16361124494398,77747.077,72801.0614,83570.64355
2026-05-05,79861.01,81791.48,79808.72,80905.52,16947.17995,-0.00013249,-3.555999999999907e-05,-6.826499999999994e-05,-7.175e-05,8.39990517803171e-05,7.228182777800351e-05,0.00010290408426603502,-1.1732600263124198,-0.46937131357655043,-0.8435959690162881,0.18934530849926512,0.29689046911126143,0.37903765792201355,88.50519422431586,68.72427106647208,64.94895122819376,78075.129,72921.47839999999,83443.01275
2026-05-06,80905.53,82850.0,80731.14,81447.01,18798.77396,-0.00019059,-0.00010440666666666574,-8.228857142857137e-05,-8.244966666666665e-05,0.00010313367943269276,7.578006231167897e-05,9.771741511694357e-05,-1.2722978384857822,-1.0666147928217542,-1.3972295986091603,0.13201281658952616,0.29711403129404657,0.37715451627304136,97.99646654480789,64.99283561168,67.45390569547016,78354.075,73072.23139999999,83314.32274999999
2026-05-07,81447.01,81708.32,79500.0,80006.0,16154.80338,-0.00013438,-0.00015248666666666574,-7.894499999999994e-05,-9.052266666666668e-05,3.301198317770721e-05,7.202005262963315e-05,9.124709200599729e-05,-0.5134495319350169,-0.3667797457248065,-0.8057943693805284,0.2607670149988639,0.2950789665690854,0.37660296889732053,76.99487017575163,57.12930872794529,63.49427111332822,78617.54299999999,73247.4206,83171.13885
2026-05-08,80006.0,80500.0,79181.48,80193.17,16001.31009,-6.533e-05,-0.00013009999999999907,-7.30071428571428e-05,-9.657733333333334e-05,6.273958638684182e-05,6.92203631031921e-05,8.267303087484906e-05,0.484129212834528,0.37283149034286506,-0.11095704542261439,0.25630271017084,0.2811378949542678,0.36716197407798784,69.30906070517999,61.84912448450292,62.27062799468971,79002.58300000001,73452.684,83019.44425
2026-05-09,80193.18,81080.0,80129.85,80678.4,7548.42177,1.6939999999999997e-05,-6.09233333333324e-05,-6.250357142857137e-05,-9.7048e-05,7.575618544597936e-05,7.102229591500716e-05,8.19584253900998e-05,1.4844974397776978,1.3160975862265583,0.7346541061592848,0.224659961964255,0.2510709256112,0.3640804123114939,69.48629486920123,62.80028305334683,62.78194733500418,79492.42300000001,73656.03739999999,82881.3479
2026-05-10,80678.41,82479.32,80279.77,82210.07,12034.31882,0.0001048,1.8803333333334262e-05,-5.543857142857136e-05,-9.378199999999999e-05,8.508030461467541e-05,8.236325262168469e-05,8.7971855272074e-05,1.3456304295996822,2.0616461670329715,1.589779468350594,0.2540913993504287,0.23861644458637252,0.3663230650459626,77.91054522710833,64.29447457790076,69.70852778503613,80078.773,73921.87640000001,82754.56104999999
2026-05-11,82210.07,82380.0,80462.97,81745.65,12951.76056,0.00012945,8.373000000000093e-05,-3.612928571428565e-05,-8.277933333333334e-05,5.914037284286346e-05,9.192465011875973e-05,9.454366675610166e-05,1.0675387156984155,2.007530464103887,1.7782652479042347,0.2604914747906928,0.2418349833190174,0.36684245608986543,66.54499166007429,68.84773779577408,64.15470762449573,80430.225,74199.6094,82612.8984
2026-05-12,81745.66,81788.0,79843.59,80504.47,12386.25676,9.584e-05,0.00011003000000000092,-2.791714285714279e-05,-7.554033333333333e-05,1.7404674659211955e-05,9.846303620601454e-05,9.966552018470952e-05,0.4935953495185444,1.5068441667766552,1.3967888305872198,0.2442930475360969,0.23608343647870503,0.3693539271034536,46.59675467611546,67.60892340030779,61.87253436426751,80611.987,74391.5698,82460.3963
2026-05-13,80504.47,81324.64,78754.65,79313.61,14810.05643,0.00012553,0.00011694000000000092,-2.040499999999993e-05,-6.941400000000001e-05,1.837795146345328e-05,0.00010614210161204274,0.00010619889792926214,0.6804644436700846,1.6145385364959726,1.6263962663559635,0.2791623606669527,0.2462427678229738,0.37169201865527174,33.69344221696677,64.19678090429977,58.2329055907256,80686.491,74566.7072,82298.733
2026-05-14,79313.61,82048.13,78922.0,81089.99,19727.86807,0.00010949999999999999,0.00011029000000000094,-6.1828571428570765e-06,-6.297866666666666e-05,1.48607570464299e-05,0.00010944408501632578,0.00011105073030655705,-0.24876669833965653,1.3073815194043341,1.4150605398782699,0.34803235254482345,0.257019450776262,0.371652997950546,57.881374047349695,67.36890439489251,60.31097069075987,80809.389,74761.7764,82131.38595000001
2026-05-15,81090.0,81664.45,78659.0,79113.21,17351.27079,-4.5839999999999995e-05,6.306333333333426e-05,-3.2435714285713617e-06,-5.732366666666667e-05,9.465300963691617e-05,0.00010764473037997368,0.00010727186421247476,-1.7584380240603177,-0.28760214386291216,-0.07587902090467707,0.3435042725712159,0.28167600536544635,0.3713744212376869,43.76935609679201,53.20823094839549,53.538546775949314,80630.15800000001,74967.6344,81956.41375
2026-05-16,79113.2,79227.77,77640.0,78148.05,12132.86192,8.683000000000001e-05,5.016333333333426e-05,9.005000000000067e-06,-5.160133333333333e-05,8.391044174193156e-05,0.00010742507240293122,0.0001102897611071302,0.18112408274013525,1.0035802814323906,1.2083454497862847,0.3446076640553743,0.28140231638514357,0.3711850067712612,36.16758414466546,48.11034624011737,54.32028454227269,80300.262,75202.4498,81782.66175
2026-05-17,78148.05,78599.99,76735.16,77457.67,8442.7022,5.261e-05,3.1200000000000935e-05,1.1623571428571496e-05,-4.827733333333333e-05,6.887759650272849e-05,0.00010805236142420228,0.00011192045688128733,-0.19253648364419002,0.5869261267269318,0.8456686455660203,0.3382046474493914,0.27480382204345655,0.3599115598180001,21.388871496754447,46.254218177203555,56.71350111760109,80045.429,75424.0626,81619.84365
2026-05-18,77457.67,77800.0,76051.0,77001.87,18745.51678,0.00011825,8.58966666666676e-05,1.9365714285714352e-05,-3.7746999999999996e-05,3.282995177161008e-05,0.00011173663428689809,0.0001122418886448459,0.8106978517115382,1.1515549164825005,1.437899843727276,0.3293799549894047,0.2695846606614745,0.3568797641866074,21.41109426338997,39.78297660669527,52.263453598513095,79726.299,75643.88140000001,81463.2386
2026-05-19,77001.88,77414.62,76144.71,76834.36,11024.85978,0.00015536,0.00010874000000000094,3.992642857142864e-05,-2.3271666666666666e-05,5.203095905317341e-05,0.00010806759527169993,0.00010799081876954117,1.0672537062475767,1.3770347013224415,1.7278473112728843,0.16458685014997534,0.2675872356292977,0.35660297539133107,24.59382489231885,34.47904085690563,50.983952534223654,79341.89499999999,75844.6212,81299.37035
2026-05-20,76834.36,77853.04,76516.74,77552.23,11296.26307,0.00018094999999999998,0.0001515200000000009,6.646500000000006e-05,-1.3194e-05,3.15258893608601e-05,9.144630620881566e-05,0.00011253090829362999,1.2069170083798348,1.4382865570942538,1.8782626303146464,0.1587098081669065,0.2686001829544263,0.35184649154819,36.95250878533751,35.348518066538475,48.7062138111826,78876.111,76029.9762,81136.641
2026-05-21,77552.24,78200.0,76719.47,77615.52,11318.25841,0.00012058,0.0001522966666666676,8.467642857142864e-05,-3.1736666666666664e-06,3.030135695520134e-05,7.160687725969346e-05,0.00011052881885031952,-0.10274265364573225,0.8021173924143936,1.2828189560416519,0.13377348730031027,0.24680358627551893,0.3491303944134884,15.509084158757744,39.96751638869071,48.672352605406225,78463.098,76220.0082,80972.01520000001
2026-05-22,77615.52,77900.0,75359.18,75539.5,11272.36134,5.635e-05,0.00011929333333333427,9.336785714285721e-05,-1.4866666666666663e-06,6.230996415764001e-05,5.8111939879848096e-05,0.00011105453901931052,-1.4891499186878292,0.15078195529991936,0.6868978565365093,0.2591541655336844,0.26989611951015713,0.34051199492667367,15.209412717602802,33.14199187830903,46.26924769200195,77966.601,76392.75839999999,80816.7975
2026-05-23,75539.5,77404.18,74289.6,76752.01,15086.88814,0.00010249,9.314000000000093e-05,9.94785714285715e-05,7.969333333333333e-06,3.312008605050622e-05,5.3794618526607726e-05,0.00010723734385367572,-0.4288963829816908,0.5450552908703871,1.102886141635306,0.31369334535574844,0.28061822063960395,0.3421236769758128,37.03379661104617,36.488520512624675,48.35016636485003,77710.441,76588.5126,80693.07145
2026-05-24,76752.0,77543.15,76108.0,77064.96,8398.00156,0.00021599,0.00012494333333333424,0.00010742071428571436,2.011766666666667e-05,8.21544066579901e-05,6.219306249521025e-05,0.00010952414171549356,1.271261894710893,1.435538989016114,2.039215020129831,0.3154528949674283,0.27065880397252906,0.341348593466874,46.07756769443726,30.673625264907102,46.90606749500507,77307.938,76783.8034,80558.97045
2026-05-25,77064.96,77905.52,76914.25,77322.01,7672.32197,0.00011501999999999999,0.00014450000000000094,0.00010639000000000006,2.8288666666666666e-05,6.222833197180493e-05,6.191885993290147e-05,0.0001070458707262916,-0.12126990822199141,0.45860420156116727,1.1338082865695778,0.3043570772254082,0.26357938363502503,0.3283690993076265,53.32979697120208,33.12069683921948,49.900215030431674,77128.818,76949.56,80438.85029999999
2026-05-26,77322.01,78080.0,75677.97,75930.01,16953.47629,0.00017686,0.00016929000000000095,0.00011217714285714291,3.398766666666667e-05,5.090887840046437e-05,6.458574020144296e-05,0.0001103135214672952,0.6892685357246766,1.0506937748483955,1.5978145637700323,0.3377152295201103,0.26871018391135754,0.31864433340348935,42.50334483369835,32.743825521175665,49.17683688063783,76907.014,77091.087,80301.80494999999
2026-05-27,75930.01,76174.15,74243.99,74449.3,16877.77483,0.00028862,0.00019350000000000094,0.00012382642857142865,4.830433333333333e-05,8.798810828738947e-05,8.003894865410206e-05,0.00011462277464269979,1.4246509405257666,2.2292283136060767,2.3869990390258824,0.29548175380267044,0.2707076436277664,0.3231497063340726,27.165970273143444,32.04310855917352,47.43992963317011,76606.177,77141.5886,80162.48675
2026-05-28,74449.31,74590.77,72582.82,73617.51,21274.02026,0.00025011,0.00023853000000000093,0.00013387000000000007,5.7279e-05,5.6772763716359364e-05,8.665186766155932e-05,0.00011959339620654792,0.6089364963101641,1.659192003786492,1.9689298923002487,0.2186718375023557,0.271199263128131,0.32426701970409816,23.56872840646976,20.346877971270317,44.802728954842976,76267.74100000001,77192.54019999999,80006.9595
2026-05-29,73617.52,74514.1,72512.49,73460.78,18686.74141,0.00022093000000000001,0.00025322000000000094,0.00015292500000000007,6.396466666666667e-05,3.3951996995664846e-05,7.22237747719772e-05,0.00012301563191205434,0.1581952399597054,1.1651610856819365,1.671015996581605,0.19126633177409294,0.2674535718134025,0.3234248190377328,31.583843337924435,23.78223283056748,40.27527315914997,75930.383,77225.9964,79844.20775
2026-05-30,73460.78,74143.76,73216.0,73884.38,7515.40909,0.0001441,0.00020504666666666758,0.00015701571428571436,7.175499999999999e-05,5.476075449924661e-05,6.977249499013525e-05,0.00012032546950699299,-1.2553221102962981,0.12133285503348387,1.0483669751874582,0.20666710479130976,0.25071335205571665,0.31953169080571353,20.4662161187902,29.177658985306934,40.19695616904196,75563.598,77244.43,79698.33469999999
2026-05-31,73884.38,74275.66,73400.0,73674.39,6986.45707,0.00016083,0.0001752866666666676,0.00016474571428571434,8.001566666666667e-05,4.0403695787967585e-05,6.297989223854869e-05,0.00011752557490370359,-0.8612191587835413,0.3220767661036971,1.1390089688373046,0.18569500258058474,0.25093199090131796,0.3195583246601098,14.32383461668553,30.614112578419906,40.04701767229527,75169.485,77257.0546,79558.4348
