Date,Open,High,Low,Close,Volume,funding_rate,funding_mean_3,funding_mean_14,funding_mean_30,funding_vol_3,funding_vol_14,funding_vol_30,funding_z_5,funding_z_20,funding_z_60,price_vol_5,price_vol_20,price_vol_60,rsi_7,rsi_14,rsi_28,sma_10,sma_50,sma_200
2020-01-01,129.16,133.05,128.68,130.77,144770.52197,1.2290000000000033e-05,,,,,,,,,,,,,,,,,,
2020-01-02,130.72,130.78,126.38,127.19,213757.05806,0.00025047000000000003,,,,,,,,,,,,,,,,,,
2020-01-03,127.19,135.14,125.88,134.35,413055.18895,0.00030000000000000003,0.00018758666666666667,,,0.00015381806211668813,,,,,,,,,,,,,,
2020-01-04,134.37,135.85,132.5,134.2,184276.17102,0.00030000000000000003,0.00028349,,,2.8596158832962115e-05,,,,,,,,,,,,,,
2020-01-05,134.2,138.19,134.19,135.37,254120.45343,0.00030000000000000003,0.00030000000000000003,,,0.0,,,0.5396094675430321,,,,,,,,,,,
2020-01-06,135.37,144.41,134.86,144.15,408020.27375,0.00030000000000000003,0.00030000000000000003,,,0.0,,,0.4470117887673878,,,0.7336000585198896,,,,,,,,
2020-01-07,144.14,145.31,138.76,142.8,447762.17281,0.00030000000000000003,0.00030000000000000003,,,0.0,,,0.0,,,0.6360455605381516,,,77.1068048646248,,,,,
2020-01-08,142.8,147.77,137.03,140.72,570465.57764,0.00030000000000000003,0.00030000000000000003,,,0.0,,,0.0,,,0.5965872011545788,,,70.49855788836628,,,,,
2020-01-09,140.76,141.5,135.3,137.74,366076.06569,0.00030000000000000003,0.00030000000000000003,,,0.0,,,0.0,,,0.6514588234175612,,,72.28559357623152,,,,,
2020-01-10,137.73,145.17,135.32,144.84,409403.59507,0.00030000000000000003,0.00030000000000000003,,,0.0,,,0.0,,,0.7595871852610049,,,72.21516306435618,,,137.21300000000002,,
2020-01-11,144.83,148.05,142.09,142.38,368350.57939,0.00030000000000000003,0.00030000000000000003,,,0.0,,,0.0,,,0.5692463716891116,,,65.77932098587787,,,138.374,,
2020-01-12,142.4,146.6,141.76,146.54,229541.86137,0.00030000000000000003,0.00030000000000000003,,,0.0,,,0.0,,,0.6182479617753239,,,69.31857488590371,,,140.309,,
2020-01-13,146.56,147.0,142.27,143.58,207996.61865,0.00030000000000000003,0.00030000000000000003,,,0.0,,,0.0,,,0.6367041508595797,,,48.76569943550733,,,141.23200000000003,,
2020-01-14,143.58,171.7,143.51,165.64,1108476.31186,0.00030000000000000003,0.00030000000000000003,0.0002759114285714286,,0.0,7.701480136033221e-05,,0.0,,,1.270465549990297,,,76.07305935951482,76.42066979683301,,144.376,,
2020-01-15,165.6,171.98,159.2,166.4,721687.80381,0.00063631,0.00041210333333333336,0.0003204842857142858,,0.00019416866903116298,9.185404540434159e-05,,1.7887354520225942,,,1.286448134673556,,,80.22598869924302,76.68913857517056,,147.47899999999998,,
2020-01-16,166.4,167.4,157.8,164.21,456170.86719,0.00097811,0.00063814,0.0003724585714285715,,0.0003390587039142336,0.00019600513418931506,,1.56858153803455,,,1.2744618385742277,,,81.74622211424271,78.32007343773489,,149.485,,
2020-01-17,164.24,174.81,162.14,169.85,767180.67853,0.00049099,0.0007018033333333332,0.0003861007142857143,,0.0002500770004085407,0.00019721680890541542,,-0.17742531160977168,,,1.2752651515687057,,,81.08376833067965,77.80388471007323,,152.19,,
2020-01-18,169.92,179.5,164.92,174.14,688783.17982,0.00031014,0.00059308,0.00038682500000000004,,0.00034548915511199474,0.00019689463389765675,,-0.8314689889231541,,,1.167561327378042,,,87.75558725484005,79.37628714164275,,155.532,,
2020-01-19,174.1,178.05,161.66,166.79,624681.28604,0.00088365,0.0005615933333333333,0.0004285142857142857,,0.00029320138647921385,0.00023516639077353406,,0.8135012647074422,,,0.5895647738183278,,,72.37569060661521,71.1839266437479,,158.437,,
2020-01-20,166.79,169.33,161.24,166.87,358092.8841,0.00140146,0.0008650833333333335,0.00050719,,0.0005458968551231388,0.00034667556287155233,,1.3729685340881006,3.0615991084874574,,0.58857778074248,,,77.48406891540621,67.35410937833342,,160.64,,
2020-01-21,166.86,170.32,164.8,169.49,308007.6353,0.00057087,0.0009519933333333334,0.0005265378571428571,,0.0004194914128243069,0.000341746418453543,,-0.3749972689833988,0.37795609448772677,,0.5782907867832341,0.8051924359908063,,58.3951155673408,69.99850142217898,,163.351,,
2020-01-22,169.48,171.47,166.03,168.07,272240.90286,0.0003535,0.0007752766666666667,0.0005303592857142857,,0.0005530746825098155,0.0003393088270738322,,-0.7765848388339329,-0.3581588135431362,,0.5030631415892057,0.7905031508925581,,53.53963543715649,70.69774481460607,,165.504,,
2020-01-23,168.07,168.2,159.21,162.81,373414.34985,0.00041994000000000005,0.0004481033333333334,0.0005389264285714286,,0.0001113881018481484,0.00033452557873012525,,-0.7124479605466856,-0.15840666234540743,,0.4560472952342182,0.7911046448935202,,47.37434358465258,68.33942940606181,,167.427,,
2020-01-24,162.85,164.45,155.55,162.54,430013.19902,0.00060785,0.0004604300000000001,0.0005609157142857143,,0.00013192066062599946,0.00032765964230525,,-0.14908258549729864,0.42085698894778706,,0.3301145974090774,0.7912493371927131,,32.83231564006658,64.3855656682357,,167.11700000000002,,
2020-01-25,162.51,162.79,157.61,160.35,219921.65197,0.00047793,0.0005019066666666667,0.000573625,,9.62221514690532e-05,0.00032012487841586004,,-0.07707749835595118,-0.04622039917885529,,0.3300217193275174,0.7974179666408481,,14.069828034921954,64.6693877536239,,166.512,,
2020-01-26,160.36,168.08,159.41,167.86,251582.55758,0.00068346,0.0005897466666666667,0.000601015,,0.00010395404385272057,0.00031119240997640516,,1.2922402762431862,0.5880635199745207,,0.5524711478122225,0.7781577054230983,,52.7648578792282,66.5015479861749,,166.877,,
2020-01-27,167.91,172.56,165.22,170.08,365894.81917,0.00030000000000000003,0.00048713000000000006,0.000601015,,0.0001918954738913873,0.00031119240997640516,,-1.303255779429206,-0.7172880866549034,,0.5600375797420386,0.7746356965725207,,57.468590040008,70.74851236926013,,166.9,,
2020-01-28,170.04,176.2,170.03,175.64,473433.89609,0.0015116700000000001,0.0008317100000000002,0.0006875628571428571,,0.0006192895882380067,0.00038157007271431647,,1.7002259181938182,2.5802139041808876,,0.4619334794418079,0.7732813277361312,,62.58698321556234,60.5574324306423,69.79267754569545,167.05,,
2020-01-29,175.58,178.45,173.33,173.72,317382.90161,0.00283957,0.0015504133333333336,0.0008449385714285714,,0.0012702282199011847,0.0006891752393187888,,1.6032696822142194,3.461000331061816,,0.49840022810854245,0.7661237965016762,,61.331728839032024,57.54328111952677,68.63017263648682,167.743,,
2020-01-30,173.68,187.0,170.93,184.69,477721.6609,0.00158891,0.00198005,0.0008885671428571428,0.0005972373333333334,0.0007453673437976731,0.0007170250055764988,0.0005735866584735479,0.20832094522926833,1.2874553131547632,,0.5385556647512632,0.7780998543598258,,85.70496083355113,67.87085514668378,73.43877384472829,169.525,,
2020-01-31,184.71,185.82,175.22,179.99,385596.53365,0.00308347,0.002503983333333333,0.0010737442857142857,0.0006996099999999999,0.000801804967890154,0.0009141236278342417,0.0007207714399839602,1.0809475474741257,2.6779941981489994,,0.6596517955058087,0.7851960591583774,,74.87881379947495,58.99574165928686,68.9850249567957,170.575,,
2020-02-01,179.94,184.28,179.23,183.6,259370.12902,0.00195646,0.0022096133333333336,0.0011913385714285715,0.0007564763333333333,0.0007787761912342541,0.0009142287120498152,0.0007507872736758916,-0.3309270306541537,1.1648999246016336,,0.6613897975205872,0.7823841294261502,,81.85804329796385,58.49497126289705,69.97412259262553,172.12800000000001,,
2020-02-02,183.63,193.43,179.1,188.44,552621.13619,0.00061328,0.0018844033333333336,0.0011720264285714286,0.000766919,0.0012366704417237976,0.0009240313774276711,0.0007463850223824809,-1.4080986575161512,-0.47004951095911074,,0.6490527412789592,0.7713322506381106,,80.42578355835906,70.3592251250987,70.8395507720227,174.69099999999997,,
2020-02-03,188.48,195.19,186.62,189.69,417175.95781,0.00030000000000000003,0.00095658,0.0010933507142857142,0.000766919,0.0008799750566919506,0.0009495332456727948,0.0007463850223824809,-1.0863314036678482,-0.8504620178359653,,0.6028117627397647,0.5066776667199083,,79.84779299677649,70.99742362717342,69.00667779471438,177.406,,
2020-02-04,189.74,191.6,184.69,188.91,366389.69686,0.00090678,0.0006066866666666667,0.001117344285714286,0.000787145,0.0003034437281166573,0.0009395062882805423,0.0007415013302927123,-0.40754990846962935,-0.1307251479395697,,0.3932196945809082,0.5087618117438905,,73.63733523150891,68.49523809341156,69.33657636338052,180.262,,
2020-02-05,188.91,207.61,188.19,203.78,550942.11417,0.00115515,0.0007873099999999999,0.001174605,0.00081565,0.0004399149818999143,0.0009134383471237421,0.0007385597316725816,0.26807623123033497,0.16145980904672116,,0.58816394546933,0.5800416868360128,,86.64066308969655,77.07354055939497,73.88274503706356,183.85399999999998,,
2020-02-06,203.78,216.33,201.02,213.19,608240.2233,0.00243217,0.0014980333333333333,0.0013183357142857142,0.0008867223333333333,0.0008184622155196496,0.0009433792040296439,0.0007881525218036178,1.64697390277309,1.5132205203825317,,0.6080081958970919,0.5906338374471933,,86.11251900506139,85.93437945620104,77.24810400710514,188.16500000000002,,
2020-02-07,213.16,225.0,213.14,223.33,629361.15466,0.00093406,0.0015071266666666667,0.0013416364285714286,0.0009078576666666666,0.0008087020918937538,0.0009283903829963503,0.0007803391000278653,-0.26911807927455333,-0.25595624541984785,,0.6211049493629626,0.6070687108764127,,98.26280623454824,88.00800299958473,77.73694253857049,192.93400000000003,,
2020-02-08,223.36,227.75,213.22,223.05,548551.87465,0.00083782,0.00140135,0.0013673428571428572,0.0009257849999999999,0.0008940122698822429,0.0009073801618050523,0.00077202637245802,-0.6202344697013825,-0.3664410549970128,,0.6554149502984493,0.5578012092625619,,97.4500841936922,90.16141429507783,78.95341324943603,197.86700000000002,,
2020-02-09,223.01,230.65,222.86,228.49,350336.24399,0.00296514,0.0015790066666666665,0.00153032,0.001014623,0.0012013907556383697,0.0009773119380218375,0.0008472127346701307,1.341585251327288,1.8491048419608578,,0.5473762110851472,0.5554901852849614,,97.48636471263362,89.8934070255843,79.14503165074612,202.247,,
2020-02-10,228.53,229.4,216.37,222.89,510415.49949,0.00619823,0.00333373,0.0019516221428571429,0.0012112306666666665,0.002699146676840663,0.0015243551383664785,0.0012596492584676738,1.61886006839143,3.2531166582656836,,0.5879249466102904,0.5818551075815536,,85.68357695485855,83.26823736781434,77.68623891490942,206.53699999999998,,
2020-02-11,222.89,239.15,218.17,236.69,595576.90276,0.00376534,0.0043095699999999995,0.0021125985714285714,0.001326742,0.0016838519699486625,0.0015918249921146731,0.001330123386696603,0.3714634250595412,1.3922992911010765,,0.6603655760507695,0.6049649255645737,,90.12428619309559,84.84191302227168,76.3206638496429,211.846,,
2020-02-12,236.69,275.34,236.69,265.74,1038073.74782,0.00800644,0.005990003333333334,0.0024816607142857145,0.0015836233333333333,0.0021282037169954673,0.0022402398855907724,0.0017897422675699527,1.3038005010932123,2.9311459871669614,,1.053493422398498,0.6971729295059245,,92.02387411741158,90.09935506252275,80.42386377419339,219.57600000000002,,
2020-02-13,265.74,277.69,256.08,268.32,1089679.1537,0.00439932,0.005390366666666667,0.0026824042857142858,0.0017202673333333333,0.0022876543497944188,0.0022796594422201085,0.0018440253525090406,-0.32890924472672267,1.042666970332199,,1.0231180986889774,0.6906602410768751,,91.20944834707956,89.31828866831174,81.8087381593091,227.439,,
2020-02-14,268.34,287.15,260.28,285.15,734944.32266,0.0031325299999999997,0.00517943,0.002685908571428572,0.0018034746666666665,0.0025288689924746976,0.0022803609831268013,0.0018497369249086677,-0.9902268877924786,0.37068816976467045,,1.0291133312567067,0.6838223675152887,,92.0086980148898,94.37879810827032,82.9730038879414,237.06300000000002,,
2020-02-15,285.11,288.41,261.86,264.88,860813.14274,0.00300311,0.003511653333333333,0.002760669285714286,0.0018709746666666666,0.0007714606065336922,0.002271747446690675,0.0018555181881466396,-0.7084267092030012,0.25425600082078487,,1.3604949968676892,0.8063896562440822,,72.35224965212518,80.07251738854445,73.7763337165571,243.173,,
2020-02-16,264.91,274.0,237.41,258.85,1110118.46395,0.00296663,0.0030340899999999997,0.002928765714285714,0.001953496,8.71809772828933e-05,0.002186082258663145,0.0018470600541486799,-0.6195717040303788,0.17488163176062582,,1.4026869500746844,0.8291991460969586,,66.12149532661127,75.82336976376328,74.2902374659208,247.73899999999998,,
2020-02-17,258.89,268.77,242.0,267.85,1110371.39094,0.0020593399999999998,0.0026763599999999996,0.003054432857142857,0.002011802666666667,0.0005346662116685526,0.0020708754002239597,0.0018208172516528892,-1.258669598043179,-0.3124955983276856,,0.9981121565333798,0.8297637536868508,,73.04223042178018,77.12382009919509,75.44602358526738,252.19099999999997,,
2020-02-18,267.9,285.88,258.0,282.61,1115523.43992,0.00060246,0.0018761433333333334,0.0030326957142857137,0.0020024296666666668,0.0011926842462417861,0.002096590034617436,0.0018275362270337007,-1.639794864769047,-0.9879510075234513,,1.0964818052453356,0.8276800121005163,,73.30491270755877,79.64064279317034,76.86170212663748,258.147,,
2020-02-19,282.64,285.0,251.56,258.45,705973.72988,0.00235701,0.0016729366666666668,0.0031185428571428564,0.0020342813333333334,0.0009389313487328762,0.002037573294207629,0.0018250261971189822,0.1628112213126677,-0.11601037053100376,,1.2108041240027936,0.9409790748990193,,46.10701698139191,66.33403047449735,69.36990998630847,261.14300000000003,186.1536,
2020-02-20,258.44,264.33,245.34,256.96,972969.71691,0.0008334099999999999,0.0012642933333333335,0.0030043457142857146,0.0020430326666666665,0.000953339792955974,0.002122051161787047,0.001818384273702293,-0.9188926570684453,-0.8236269664975091,,1.0641968733542455,0.9273765508663134,,43.86211368023877,63.72702753503595,70.50930161548631,264.55,188.67739999999998,
2020-02-21,256.97,268.24,253.61,265.27,525827.8734,0.0018084899999999998,0.0016663033333333332,0.0030668049999999997,0.0020915323333333333,0.0007716877776233975,0.0020686243368210817,0.0017909643206686617,0.35771068510467824,-0.32918027632462254,,1.0873940545607979,0.9292943750451949,,38.16948345600192,63.30583756288941,71.62099591614876,267.408,191.43900000000002,
2020-02-22,265.32,266.81,256.0,261.57,313062.52133,0.0015391200000000002,0.0013936733333333332,0.003116897857142857,0.0021288383333333332,0.00050354870790554,0.0020183771778686972,0.0017664324954397214,0.15488252153788107,-0.49642381861006374,,1.0461911093561376,0.9386979080154196,,47.546330614777126,61.96124704951716,71.16864647733281,266.991,193.9834,
2020-02-23,261.55,275.68,261.02,274.48,444740.82883,0.00168785,0.0016784866666666668,0.0030256628571428573,0.0021648383333333337,0.000134928882131803,0.0020543128627631877,0.001745243923939817,0.07773519024474398,-0.4699915246563714,,1.0190542202315482,0.9471312359423385,,60.51392439065842,63.647694224647715,71.80546465886349,267.607,196.78900000000002,
2020-02-24,274.5,277.2,257.09,265.52,696591.72983,0.00112224,0.0014497366666666666,0.0026630921428571425,0.0021863153333333335,0.00029320761114496767,0.0018929027032705352,0.0017276446791168948,-0.6757105075842086,-0.7776551138310781,,0.6422576939048359,0.9683552435951194,,48.431821240625865,62.4032586552961,68.9953029209729,265.644,199.392,
2020-02-25,265.47,266.22,244.44,246.67,774791.01027,0.00124051,0.0013502000000000002,0.0024827471428571428,0.0022048836666666667,0.000298333018789415,0.001900070798698862,0.0017138739951540784,-0.8202487599966787,-0.7185304811113964,,0.9418453238547041,1.003922381684559,,27.073232967352,52.82080271297937,63.426713545130255,263.823,201.4424,
2020-02-26,246.67,250.32,215.66,223.93,1395879.41507,0.00198428,0.00144901,0.002052592857142857,0.0022610263333333333,0.00046731405703231873,0.0010407218759512632,0.0016765017178667697,1.3548270984437776,-0.3111894536235312,,1.0746645583699397,1.0868017500947387,,27.5727650725143,37.7454715982599,58.798584095031586,260.331,203.065,
2020-02-27,223.98,238.3,210.0,227.79,1273793.11658,0.00046167999999999996,0.0012288233333333334,0.0017713328571428572,0.0022260266666666666,0.0007613672724995074,0.0008769133414638888,0.0017034290497989196,-1.4383106543550868,-1.090594496235833,,1.1568921757019814,1.0710814711945125,,31.614773729709697,38.209111537478954,57.74566889453782,256.325,204.80640000000002,
2020-02-28,227.73,234.67,214.01,226.76,1054994.92397,0.00068276,0.0010429066666666667,0.0015963492857142857,0.0021541330000000003,0.0008227131372072162,0.0008274225415521878,0.0017220539150780143,-0.706489502495208,-0.967167680013479,,0.9009752927403248,1.0713048220138224,,23.275503122605244,31.293650284847757,58.51757421175068,250.74,206.58679999999995,
2020-02-29,226.76,233.0,217.0,217.21,546866.6851,0.0014422,0.0008622133333333334,0.0014848557142857143,0.0021492426666666667,0.0005143029182625158,0.0007216924378976699,0.0017239217019841572,0.4600223199391387,-0.5287939542033919,0.04612841604373845,0.8999051149585053,1.0816213801036474,,21.527599486327745,33.60165118646685,55.9913009370859,246.61599999999999,208.03420000000003,
2020-03-01,217.29,227.89,212.36,217.81,715016.01941,0.0006682999999999999,0.0009310866666666667,0.0013206892857142857,0.0020687369999999997,0.00044269617406675186,0.0006117263872336333,0.0017351463279567298,-0.5903397394848638,-0.864013052546327,-0.48135214477763555,0.8770349771569529,1.0771136299954103,0.8418810957012628,6.799817045208698,35.334476843557255,55.31583710351174,242.70100000000002,209.5428,
2020-03-02,217.81,234.4,216.07,231.97,810051.4833,0.00040385,0.0008381166666666666,0.0012024399999999997,0.0020169833333333336,0.0005396025906473579,0.0006179337862835875,0.001761564155466098,-0.7885647714785907,-0.9177774285789726,-0.6617103574165745,0.7331091263993077,1.0803604379027474,0.8474334690355967,26.30315016219221,37.634408601787364,57.31083137307902,239.371,211.25140000000002,
2020-03-03,232.1,232.46,219.57,223.91,741498.54825,0.00051403,0.0005287266666666666,0.0011961235714285715,0.002013675,0.00013283615710092187,0.0006249505765641018,0.0017643822525760032,-0.5594293063154759,-1.0386164055026306,-0.590889079198995,0.8013957459588921,0.9518173589062326,0.8471459739487731,31.033333332971267,28.79028761352575,55.90338685684615,235.60500000000002,212.85800000000003,
2020-03-04,223.84,228.85,220.23,224.26,443780.33772,0.00093984,0.00061924,0.0010948971428571428,0.0020350029999999996,0.0002830603788946931,0.0005300138468500124,0.00174673182866658,0.3525442431415894,-0.602225232774287,-0.31214190854704243,0.8023260892529919,0.9494638807155791,0.8469833188431829,50.43871310727711,35.07899100943432,53.63223609481352,230.583,214.03040000000001,
2020-03-05,224.26,234.09,224.23,228.38,601479.87587,0.00104933,0.0008344,0.00111032,0.0020397546666666667,0.0002827980157285526,0.0005249367395879545,0.0017437482135167872,1.2170294117440155,-0.40023577297357926,-0.2475374506635087,0.6792509020111313,0.9057132876421944,0.8473175456456069,50.778980722589246,37.807167235043266,52.74554458971303,226.869,215.27,
2020-03-06,228.38,245.16,227.33,244.88,628147.3257,0.0005738,0.0008543233333333334,0.0010221278571428572,0.002020376333333333,0.0002490321674670563,0.0005018261997663926,0.0017570970299439397,-0.4341928751526095,-0.9403879776361536,-0.5751251463977322,0.8367593349840274,0.9223678081707245,0.8502168239587549,66.98537682701746,41.869367572704235,53.80755503674808,226.69,216.8834,
2020-03-07,244.93,251.93,236.0,237.23,633748.89662,0.00033739,0.0006535066666666667,0.00093629,0.001950550333333333,0.00036260102789890237,0.0005093144020075509,0.0017816198370806252,-1.1514505140469034,-1.2588917160473225,-0.736843726563741,0.8193623741334127,0.9265741087109226,0.8549509844165304,69.45956454026783,40.590691201045104,52.44179639018171,228.01999999999998,218.23100000000002,
2020-03-08,237.23,237.23,195.5,199.43,1278973.53741,0.0011610000000000001,0.0006907300000000001,0.0008986578571428572,0.001958115,0.00042407290257691214,0.0004672374406457709,0.00177763237033818,1.0103912762069172,0.15686291341253233,-0.18623189611109273,1.752345350073818,1.1569623046014337,0.9643687295813814,39.63222021629352,25.66945471026429,45.497645016957755,225.18400000000003,218.73679999999996,
2020-03-09,199.43,208.62,190.0,202.81,1661331.83553,0.0003762,0.0006248633333333334,0.0008453692857142858,0.0019427276666666667,0.0004647132965962355,0.00048208350451993414,0.0017896216086044619,-0.8441791062834704,-1.159854415969689,-0.7249433210967592,1.7766392184923072,1.1254055663061586,0.9623004035936807,31.27408168479461,28.90682811947211,46.86739469537838,222.789,219.4572,
2020-03-10,202.79,206.2,195.54,200.7,1020260.107,0.0006042700000000001,0.0007138233333333334,0.0007999235714285714,0.001864032,0.00040370683624796404,0.00047184880804712875,0.0017950119706168896,-0.019011845824997407,-0.7190347350086188,-0.5735211358970068,1.736666450653488,1.0768168939420795,0.9568357259954203,33.86177165868858,32.57524069406712,44.17279233145402,221.138,220.13379999999998,
2020-03-11,200.74,203.18,181.73,194.61,1079824.90167,0.0006355099999999999,0.00053866,0.0007035828571428571,0.001678608,0.0001415589032876688,0.00032684118430889537,0.0016095887617122403,0.03842963097257172,-0.6326622176712057,-0.5573645218812715,1.41412783487966,1.0790596572365265,0.9594239260696088,30.907920154260978,37.28093007069067,37.55815987369192,218.81799999999998,220.6362,
2020-03-12,194.61,195.55,101.2,107.82,3814533.14046,0.00100917,0.0007496500000000001,0.0007426892857142857,0.0015867356666666665,0.0002252930473849713,0.0003284208378909455,0.0015643990197862433,0.7869994080048012,0.1838994206324143,-0.3096070860443929,4.83161379737134,2.6720564624907395,1.7530338785124753,12.400199600744259,19.733588980132055,28.314327406152287,206.40300000000002,219.4312,
2020-03-13,107.67,139.68,86.0,134.06,4663239.92861,-0.0029976900000000003,-0.0004510033333333335,0.00047979999999999995,0.0012199313333333332,0.0022133944932011883,0.0010532542252101717,0.0012695502447900337,-1.7718299970315876,-3.7673262270133803,-2.839653171873082,5.7788191019388675,2.897751321265486,1.8366557678493007,17.417382100363454,29.25246195147291,30.09197037951813,197.418,218.8562,
2020-03-14,134.06,134.68,120.0,122.54,1237674.88642,0.00030000000000000003,-0.0005628400000000002,0.00039821428571428565,0.0010832873333333332,0.002138247276182063,0.001016570595949663,0.001128297325383918,0.2369360695748728,-0.3407886971248469,-0.7111464325676393,5.687868540813759,2.8830416400050605,1.8132829232104148,17.02983959057137,28.99676088192487,30.80222270153689,187.246,218.0562,
2020-03-15,122.54,133.5,120.16,123.78,1312950.90137,0.00030000000000000003,-0.0007992300000000001,0.0003719071428571428,0.0009888696666666666,0.0019039222092039404,0.001013805319169231,0.0010677933005114443,0.2784470571356695,-0.29924948269977664,-0.7059697451594351,5.720219423826346,2.8910090413622678,1.8135133195081008,22.46487588253821,29.19782310499147,31.54428442574175,176.786,217.32479999999998,
2020-03-16,123.82,124.33,101.1,111.02,2442064.14448,-2.9319999999999997e-05,0.00019022666666666669,0.00034096642857142856,0.0008877886666666667,0.00019013299064954875,0.001019350329003779,0.001012649622251662,0.1625700027221928,-0.5813213929184601,-0.9014360947339302,5.67694602316742,2.903173150449334,1.8314472244960653,18.72572402035361,23.07555318092558,28.788985365899507,163.4,216.188,
2020-03-17,111.02,120.8,109.38,115.67,1295108.4848,0.00030000000000000003,0.00019022666666666669,0.00032567857142857143,0.0007989009999999999,0.00019013299064954875,0.001018159402684436,0.0009381787598002535,0.5020027060110651,-0.15488468259600596,-0.6877705092596869,2.493802583608985,2.9110285874389943,1.8325228007734606,21.521870185444016,25.533453887722672,26.786806829982197,151.244,215.0998,
2020-03-18,115.67,118.5,109.86,118.11,1201850.31275,0.00030000000000000003,0.00019022666666666669,0.0002799757142857143,0.0007402563333333333,0.00019013299064954875,0.0010027137797437085,0.0009112746283904528,0.4471832319598335,-0.14563728214742702,-0.6876108135819472,1.3139800722290165,2.912324912848717,1.8321196585695645,23.736610821088874,26.23046262691244,29.231042443373454,143.112,213.9492,
2020-03-19,118.11,143.13,115.46,136.3,1801071.18816,0.00030000000000000003,0.00030000000000000003,0.00022645214285714284,0.0007301743333333333,0.0,0.0009781867900290645,0.0009145191012491414,0.4471832319598335,-0.12418517964677389,-0.6792595725668079,1.7170657730457315,3.0068070638043527,1.8663955022048258,68.48390446459062,30.60330299948245,32.98454422356623,136.461,213.2008,
2020-03-20,136.3,152.55,116.74,133.48,2504057.63799,0.00030000000000000003,0.00030000000000000003,0.00020689499999999996,0.0006616073333333333,0.0,0.0009734335012707117,0.0008640606435451594,0.4471832319598335,-0.061744808508634313,-0.6650189336773753,1.7554934479776545,3.0058079094878867,1.8668683158915327,49.4591570303129,25.09835479240371,31.122697452983232,129.73899999999998,212.1766,
2020-03-21,133.49,137.49,125.69,132.66,1231842.11121,0.00030000000000000003,0.00030000000000000003,0.00020422428571428567,0.000643827,0.0,0.0009730991686416095,0.0008658896675680057,0.0,-0.040151030226756,-0.6610425093137297,1.237044848400588,3.0045039135835245,1.8662478588621512,61.78937558147126,25.888863269374028,31.381611253681882,123.54400000000001,211.23,
2020-03-22,132.63,137.13,121.1,122.32,1055699.86532,0.00030000000000000003,0.00030000000000000003,0.0001427242857142857,0.000593544,0.0,0.0009344182730095065,0.0008393163941528783,0.0,-0.034000818418532766,-0.6602334681311322,1.5809086840042579,2.9866523920637817,1.8758895035990326,48.5966935787386,29.642536564541416,27.859263139287563,124.99399999999999,210.00439999999998,
2020-03-23,122.31,137.5,119.5,135.92,1436796.12449,0.00030000000000000003,0.00030000000000000003,0.00013728142857142854,0.0005522400000000001,0.0,0.0009331747965360576,0.000821478519269181,0.0,-0.02134069069289699,-0.6584407808998397,1.780657288271154,3.0436219794924573,1.8943379825856606,73.55278092978645,33.24482741322308,31.393211967817436,125.17999999999999,208.954,
2020-03-24,135.89,143.36,132.2,138.42,1244377.16334,0.00030000000000000003,0.00030000000000000003,0.00011554785714285712,0.0005059783333333333,0.0,0.0009249691780908889,0.0007939380776344038,0.0,0.01689857183370185,-0.6539872059770003,1.2978513462608396,3.0472418228279627,1.8950603956017695,72.43147308123244,34.42999999975899,33.69286854841873,126.76799999999999,207.92860000000002,
2020-03-25,138.42,142.33,132.54,136.1,1034248.74369,0.00030000000000000003,0.00030000000000000003,9.158285714285712e-05,0.0004785703333333333,0.0,0.0009147511309844691,0.000786083814529595,0.0,0.06356964558854304,-0.6513739917122043,1.2915322156409046,3.04155853599935,1.895196894128054,67.7801937132349,35.09147429012317,35.901634081028206,128.0,206.87240000000003,
2020-03-26,136.11,139.74,133.26,138.4,751060.63102,0.00030000000000000003,0.00030000000000000003,4.092785714285713e-05,0.00044721999999999996,0.0,0.0008789659022718665,0.0007732991379706842,0.0,0.08082089397026267,-0.6459438376096549,1.2901036006830955,3.0178790267501476,1.8919514045043704,53.02593659835394,63.68355109997175,35.57900170974213,130.738,205.5648,
2020-03-27,138.4,141.27,129.68,131.33,706948.54559,0.00030000000000000003,0.00030000000000000003,0.00027647714285714285,0.0003910773333333333,0.0,8.801447218661335e-05,0.000716945519523662,0.0,0.08316058412444917,-0.6459438376096549,1.1202297847336065,3.019596249214966,1.8953544136611535,47.24005134703294,48.52544020667673,34.898882805020364,132.304,203.9276,
2020-03-28,131.33,132.97,124.88,130.98,896032.10594,0.00017285,0.0002576166666666667,0.000267395,0.00038144966666666665,7.341008672751398e-05,9.18759952536493e-05,0.0007179033921774443,-1.7885398482472605,-0.013787418762153641,-0.7089358048845381,0.5554530836160537,2.9505001770896935,1.8931530501275495,47.81704781617796,55.18427518332605,35.94549662580876,133.591,202.0806,
2020-03-29,130.94,131.84,123.81,124.5,543997.0,0.00030000000000000003,0.0002576166666666667,0.000267395,0.000368691,7.341008672751398e-05,9.18759952536493e-05,0.0007157618501667536,0.4471349620618175,0.1551298824232551,-0.6056434751540364,0.5771837379726403,2.9479733163489827,1.8964809484368002,53.14846909193519,50.415512464559306,35.07756276955632,132.411,200.1096,
2020-03-30,124.47,135.42,124.06,132.06,764831.92747,0.00010090000000000001,0.00019125000000000001,0.00027669642857142856,0.00032398100000000004,0.00010081727282568229,6.089407090088116e-05,0.0006877363338511073,-1.4406731946136815,-0.06980582225201573,-0.7125678192903904,0.901451937179946,2.969114740312839,1.8959918076333029,43.24702589117312,62.91748526414434,33.67750367556185,132.269,198.18099999999998,
2020-03-31,132.09,135.0,130.38,132.72,547669.27789,0.00030000000000000003,0.00023363333333333337,0.0002766964285714286,0.00031170433333333337,0.00011495043859568878,6.089407090088116e-05,0.0006846583517582292,0.7023080011097711,0.21302337205167568,-0.5635706213541049,0.8796471603256177,2.9707631099207354,1.895483630132697,39.34181002140843,61.007101354610576,34.73296500888246,132.275,196.37760000000003,
2020-04-01,132.72,136.99,128.62,135.69,680922.24747,0.00012632000000000002,0.00017574000000000005,0.0002642907142857143,0.0003024533333333333,0.0001083603008486416,7.238812678508118e-05,0.0006852450806844913,-0.7768648764596836,0.04454568484626164,-0.6531281720024708,0.7616904289613771,1.4918064144579608,1.8956769030138652,49.251551659931515,61.27212105558116,35.300560958280485,133.61200000000002,194.3576,
2020-04-02,135.65,149.76,135.01,141.28,1138977.66114,0.0001483,0.00019154000000000003,0.000253455,0.00029026233333333333,9.456986200692086e-05,7.778443909540694e-05,0.0006846041833345686,-0.48140159670697924,-1.0872789093358766,-0.6327963330532961,0.8019537308608987,1.1804383887043446,1.897461125243593,54.693611472024585,53.80850412855105,35.61471890037748,134.148,191.8684,
2020-04-03,141.27,146.72,137.26,141.31,797546.11446,0.00030000000000000003,0.00019154000000000003,0.00025345500000000003,0.00026893433333333334,9.456986200692086e-05,7.778443909540694e-05,0.0006735469908327712,1.078905689432002,0.5195032980750727,-0.5371520164453071,0.4691052112107011,1.1052068045726278,1.8972886608888992,71.10829103004329,56.2549928090948,31.910434205158253,134.43699999999998,189.3282,
2020-04-04,141.3,146.28,138.88,144.1,573508.14086,0.00024881,0.00023237000000000005,0.0002497985714285715,0.00024225033333333335,7.717465710975265e-05,7.66226583135526e-05,0.0006572231929055643,0.2912447662145597,0.004450193596577423,-0.5610996944962772,0.30271025980672756,1.1064336244689539,1.898247496187924,75.15337423111171,58.85997521557614,33.45296897731542,135.237,186.50719999999998,
2020-04-05,144.1,145.58,140.68,142.68,414987.45246,0.00023554,0.00026145000000000004,0.0002451942857142857,0.000230975,3.403821528822832e-05,7.529927170088558e-05,0.0006542337789050187,0.327278555369856,-0.3870950928758827,-0.5583006945601573,0.3764093905079047,0.9800125068877615,1.887562630900183,93.24452901687583,68.29618978979846,38.419785331969244,135.665,184.0632,
2020-04-06,142.69,172.0,142.6,171.32,1636338.7311,0.00022567,0.00023667333333333336,0.000239885,0.000227251,1.161155602583958e-05,7.374208502509698e-05,0.0006539250519079038,-0.10957806995791401,-0.479637145955075,-0.5431997567920875,1.5013027430757004,1.2178634573964429,1.9404824494388502,96.6270783831915,75.04244482024535,44.174775240949764,139.664,182.31259999999997,
2020-04-07,171.32,176.22,162.22,164.63,1717962.82538,-0.00014175,0.00010648666666666668,0.00020833142857142856,0.00018382599999999997,0.00021503589522063924,0.0001236575003701948,0.0006326905834204912,-1.7656379981128958,-3.401482575993641,-0.7593811346152597,1.677836575570045,1.2440131380442248,1.9383681907097172,83.14980261670053,67.50367303199539,43.43871648371365,143.029,180.2482,
2020-04-08,164.62,174.48,163.59,173.11,1023575.92076,0.00030000000000000003,0.00012797333333333335,0.00020833142857142858,0.000181286,0.00023652535727346796,0.0001236575003701948,0.0006320442736162006,0.7072874741904738,0.5780633979807296,-0.4763069729824243,1.6493793131356596,1.1193274230545536,1.9431500998088178,84.88068605407503,72.83722078116783,46.12277284812398,147.89,178.0582,
2020-04-09,173.15,173.38,165.19,169.52,719837.24423,0.00030000000000000003,0.00015275000000000003,0.00020833142857142856,0.00017114366666666665,0.0002550444814145333,0.0001236575003701948,0.0006274472224623703,0.626393539082609,0.5780633979807296,-0.4533096261263453,1.730837540126881,1.1193554333397102,1.9422649014954427,77.3431448479059,68.90184645169506,65.89714521186997,151.63600000000002,176.2796,
2020-04-10,169.56,170.1,152.11,157.81,1314841.362,0.00030000000000000003,0.00030000000000000003,0.00020833142857142856,0.00015995999999999998,0.0,0.0001236575003701948,0.0006218500241465224,0.5376568905930822,0.5780633979807301,-0.4325395902161638,1.9366690969984852,1.173277713915907,1.9486344119400691,63.02905874851358,65.22539098331053,56.61449339854887,154.145,174.2966,
2020-04-11,157.81,161.37,153.91,158.33,621599.61289,0.00018577,0.0002619233333333334,0.0002092542857142857,0.00013251333333333333,6.595072124958995e-05,0.00012342031659922558,0.0006008940198618581,-0.01585983293731599,-0.4014814936327568,-0.4865549187960243,0.8775508745039704,1.1023954686051776,1.9417883747569131,61.65438165367473,65.69493859644243,60.61828754423704,156.409,172.15779999999998,
2020-04-12,158.33,164.78,155.0,158.59,809100.24594,0.00021985,0.0002352066666666667,0.00020352928571428574,0.0002397646666666667,5.8642933362351734e-05,0.00012071648121907225,0.00010755983103988875,-0.7560759373100177,-0.05732955089516872,-0.4995710055835375,0.8447092915333253,1.0212300860780767,1.9175094349781994,63.28268492161799,71.06661722779022,60.38794389633491,158.14000000000001,170.0982,
2020-04-13,158.56,158.97,150.0,156.29,1042091.03622,0.00030000000000000003,0.0002352066666666667,0.00021775071428571427,0.0002397646666666667,5.8642933362351734e-05,0.00011941667094444168,0.00010755983103988875,0.7121482807303481,0.6763385800720628,-0.40111634825637277,0.581065888488082,1.0243651039037742,1.917013545092342,27.600596124610448,66.01454064649806,64.40893755057391,159.638,167.73440000000002,
2020-04-14,156.28,161.85,155.23,158.45,698030.65089,0.00030000000000000003,0.00027328333333333335,0.00021775071428571427,0.0002397646666666667,4.6274624075632065e-05,0.00011941667094444168,0.00010755983103988875,0.7121482807303471,0.6763385800720628,-0.37334163418041144,0.6497656357760078,1.0195142663839392,1.9099036018778122,39.35217091566002,66.67530784065656,63.83570504412198,161.073,165.593,
2020-04-15,158.46,161.29,152.0,152.73,729119.66505,0.00030000000000000003,0.00030000000000000003,0.00023015642857142856,0.00025074200000000003,0.0,0.00011820294865561355,9.525122543874333e-05,0.7121482807303481,0.6763385800720628,-0.34428201533545705,0.37645259189560004,1.0357927444528756,1.9044147892334462,11.195734957812732,60.66332916038887,60.964023307760954,162.078,163.7142,
2020-04-16,152.74,174.79,148.33,172.29,1647207.59991,0.00017474,0.0002582466666666667,0.00023204499999999998,0.0002465666666666667,7.231889471874645e-05,0.00011699959031816255,9.576156339045744e-05,-1.4394074016722889,-0.416244827131272,-0.48505261536418953,1.1640884451898652,1.1124585962214515,1.9306807078321186,53.27965900929916,66.51752423465297,61.299843013050925,162.175,162.6814,
2020-04-17,172.31,174.96,168.31,170.69,723537.75591,0.00030000000000000003,0.0002582466666666667,0.000232045,0.0002465666666666667,7.231889471874645e-05,0.00011699959031816255,9.576156339045744e-05,0.44713377580385805,0.6757685933355323,-0.28073151356032194,1.1808636225573002,1.1146887127098262,1.9279502901557544,70.0498131989715,65.39186923625788,61.77308105946363,162.781,161.5394,
2020-04-18,170.61,189.54,170.48,187.4,1127296.36979,0.00029454000000000004,0.0002564266666666667,0.00023531142857142857,0.0002463846666666667,7.079538497205267e-05,0.0001181364725064458,9.56616450265805e-05,0.37290004655040976,0.6293485804467984,-0.2810767564485857,1.2915805702813712,1.1257746801508512,1.9382173254603121,80.08693852088467,69.79700073063538,65.73712051412107,164.21,160.7522,
2020-04-19,187.4,188.35,175.75,180.03,995759.5775,0.00030000000000000003,0.00029818000000000005,0.00023991571428571426,0.0002463846666666667,3.152332470984296e-06,0.00011939549873711235,9.56616450265805e-05,0.4713352744640254,0.6045800169512165,-0.23895684820988997,1.4497425302076448,1.14014733572846,1.9290310191445037,69.34319740078418,66.19547307178324,66.87920444464895,165.261,160.0086,
2020-04-20,180.02,186.46,166.7,170.2,1547821.52737,0.00030000000000000003,0.0002981800000000001,0.000245225,0.0002463846666666667,3.152332470984296e-06,0.00012036203348169482,9.56616450265805e-05,0.4713352744640254,0.6045800169512165,-0.2257383434534742,1.5328269498810103,1.1801805309894833,1.9329875853016503,61.04845115102884,49.419689118454016,60.25242253757204,166.5,159.05640000000002,
2020-04-21,170.21,174.7,168.0,170.74,906381.65398,0.00030000000000000003,0.00030000000000000003,0.00027677857142857144,0.0002463846666666667,0.0,4.611282832646632e-05,9.56616450265805e-05,0.44538956392200013,0.5345855266064374,-0.19424855710546512,1.1126137640080571,1.1799684698263038,1.930729613837125,60.0195662800911,53.38129496320162,59.780898195331154,167.741,157.83180000000002,
2020-04-22,170.73,184.0,169.78,182.7,988698.39076,0.00030000000000000003,0.00030000000000000003,0.00027677857142857144,0.0002463846666666667,0.0,4.611282832646632e-05,9.56616450265805e-05,0.44538956392200013,0.4699595512271725,-0.16552334007018166,1.2511380038885258,1.1984534045961954,1.9394824462305833,72.17700162719366,55.11030587149999,63.32494566980836,170.152,157.0076,
2020-04-23,182.7,193.63,178.16,185.51,1457867.08713,0.00030000000000000003,0.00030000000000000003,0.0002767785714285714,0.0002463846666666667,0.0,4.611282832646632e-05,9.56616450265805e-05,0.0,0.4699595512271725,-0.13232072413326357,0.934423062455603,1.1971273053360287,1.935491550091956,63.006690278549684,58.592154754626215,63.43160175527394,173.07399999999998,156.2326,
2020-04-24,185.57,189.8,184.72,187.59,780904.21257,0.00030000000000000003,0.00030000000000000003,0.00027677857142857144,0.0002463846666666667,0.0,4.611282832646632e-05,9.56616450265805e-05,0.0,0.44241164236998415,-0.11011194894087693,0.8417802756698828,1.196863959280845,1.9348027967595736,66.47173489188049,67.84943658481191,66.51015377282411,175.988,155.4168,
2020-04-25,187.6,198.36,185.76,194.21,866478.04928,0.00030000000000000003,0.00030000000000000003,0.0002849378571428571,0.0002463846666666667,0.0,3.8197611318536205e-05,9.56616450265805e-05,0.0,0.40940828015288144,-0.08423740009961088,0.49367880799896213,1.1954941474174905,1.9297426588944202,58.26255763065315,70.04021447611643,67.89697141132119,180.13600000000002,154.4034,
2020-04-26,194.21,200.0,192.3,197.38,758525.81533,0.00030000000000000003,0.00030000000000000003,0.0002906628571428572,0.0002463846666666667,0.0,3.3396600340275806e-05,9.56616450265805e-05,0.0,0.3728120074593307,-0.036560534335996875,0.44821812780097475,0.9292260292913586,1.9162231534614522,73.43961091457962,70.98344693173885,71.02226837314605,182.645,153.6064,
2020-04-27,197.39,199.05,189.29,196.34,896627.37271,0.00030000000000000003,0.00030000000000000003,0.0002906628571428572,0.000250623,0.0,3.3396600340275806e-05,9.510642174008543e-05,0.0,0.40960137681659353,-0.03132164476353035,0.27241601005082805,0.9071782542901812,1.91563121525386,96.31467044410279,71.96446199297192,69.26627502581258,185.20999999999998,153.5446,
2020-04-28,196.33,198.5,192.36,196.24,636829.89397,0.00030000000000000003,0.00030000000000000003,0.00029066285714285714,0.000250623,0.0,3.3396600340275806e-05,9.510642174008543e-05,0.0,0.4096013768165949,-0.018945636660475086,0.29981280869431404,0.8883752246050169,1.9156302025701295,95.89632829132015,71.20412972618466,69.10261036813733,186.094,153.41320000000002,
2020-04-29,196.24,218.77,196.22,215.36,1620422.72431,0.00030000000000000003,0.00030000000000000003,0.00029066285714285714,0.0002572596666666667,0.0,3.3396600340275806e-05,9.116326076701221e-05,0.0,0.4096013768165949,0.019238214838796605,0.7597277097986318,0.9523196128818695,1.927124203864663,96.73726387900072,80.54823919507592,71.83816676607013,189.627,153.7064,
2020-04-30,215.4,227.3,202.0,206.08,1749691.00151,0.00060543,0.00040181000000000006,0.00032142642857142854,0.0002674406666666667,0.00017634009271860773,8.175479789329659e-05,0.00011099824872594165,1.7887234286824658,3.726035774690804,0.6488506260671497,0.9633553320237357,0.912342785538868,1.9301436524719169,74.8369958934464,68.31833459724986,67.40999462553064,193.21499999999997,153.9358,
2020-05-01,206.07,217.14,205.91,212.02,794913.95828,0.00063171,0.0005123800000000001,0.00034512,0.00028428700000000004,0.00018439524912536843,0.00011597327908419579,0.00012615820139943727,1.1690279499009175,2.908350650628215,0.6924855420893303,0.9739690707859564,0.9133374924979575,1.9249389230649754,76.98254914835681,71.39898519105355,68.4131034831959,197.343,156.0198,
2020-05-02,212.01,215.37,210.36,213.9,443494.67248,0.0011457799999999999,0.0007943066666666667,0.0004059228571428571,0.00031753633333333336,0.0003046683239743489,0.00024204063455508118,0.0001993154700552105,1.5872449074684447,3.694256666404961,1.6834403711378938,0.9553506116697629,0.9118933875795856,1.9232143294686506,74.2906489007648,66.209933935739,68.26268969026094,200.46300000000002,157.6166,
2020-05-03,213.89,219.3,203.92,209.86,748383.91311,0.00084527,0.0008742533333333333,0.0004448707142857143,0.000335712,0.0002582576551301791,0.0002663365217009495,0.00022130940236503424,0.4453023651557299,1.9143045658052646,1.0898116430500324,0.9987933980657702,0.9148650201021042,1.9237331231459873,65.0724637670157,69.0218084415683,67.33945901203515,202.89800000000002,159.363,
2020-05-04,209.86,210.65,194.88,206.48,1114249.32658,0.00048612,0.0008257233333333335,0.00045816499999999996,0.00034362233333333335,0.0003302641110283384,0.000263175358846242,0.00022233487505737338,-0.9881823496889017,0.3486680820546805,0.39496819419842033,0.5317001885783256,0.9244056269623625,1.923469831678695,61.591220849494405,75.20844913694702,60.43571174065522,204.78699999999998,161.017,
2020-05-05,206.47,211.68,201.0,205.29,640644.66268,0.00064747,0.0006596200000000001,0.0004829842857142857,0.00035735333333333335,0.00017988301059301292,0.00026349613369560005,0.0002280756458197328,-0.40724041816555495,0.942498584595945,0.7211488966851551,0.3752437770300284,0.9013958803833154,1.9151189224788272,60.09368726205518,73.79148877422794,62.47545409809197,205.89499999999998,162.9024,
2020-05-06,205.3,210.77,197.71,198.97,862700.67849,0.0009129699999999999,0.0006821866666666667,0.0005267678571428572,0.00038026333333333336,0.0002155322848979689,0.0002810911721838171,0.00024803780602175997,0.4169022386155129,1.7755450154921084,1.2273255324632222,0.2880407411182866,0.7851293625567218,1.9150756762723944,24.41461130137087,62.147230101732035,58.04104477510873,206.054,164.5684,
2020-05-07,198.92,215.1,196.43,212.0,1305778.73764,0.00030111,0.0006205166666666667,0.0005268471428571429,0.0003950253333333334,0.00030681920822096435,0.0002810224370300131,0.00022829122915368877,-1.3359837076017964,-0.6150154531129315,0.024168691779553494,0.71778198029454,0.8166039388856315,1.8731902594830383,58.27277808717743,67.15895841308432,62.47650375837091,207.61999999999998,166.44619999999998,
2020-05-08,212.01,216.61,206.9,211.31,917908.1944,0.00117681,0.0007969633333333334,0.0005894764285714286,0.0004242523333333333,0.0004492279850291373,0.0003213834322618692,0.000268323055362732,1.3619733141963066,2.2573137060863724,1.7595159926071475,0.6954070531393228,0.7285229501778424,1.8727977832869216,48.83720930120581,65.64643799351049,66.80065318309859,209.127,167.94639999999998,
2020-05-09,211.32,214.6,208.4,210.07,587871.98073,0.00079581,0.0007579100000000001,0.0006248914285714285,0.00044077933333333335,0.000439078500953993,0.0003142699557058271,0.00027557731280091087,0.08926810357778815,0.8901038752489789,0.9810116586403803,0.6768582367513453,0.7010443024069652,1.8726634245633667,43.59317497388706,61.261005394976344,66.17481555467494,208.598,169.4782,
2020-05-10,210.09,210.18,179.59,187.54,1473226.05475,0.00035215,0.0007749233333333334,0.0006286164285714286,0.0004425176666666666,0.0004127265663043014,0.0003104081746447177,0.0002748221047512034,-0.948974366619695,-0.5935880418007381,0.10233465008094376,1.218895946684922,0.831854004412877,1.8922713965157894,26.932616783405265,44.51993762461207,57.94413039809975,206.744,170.57580000000002,
2020-05-11,187.62,193.5,176.0,185.73,1093299.81927,0.00030000000000000003,0.0004826533333333334,0.0006286164285714286,0.0004463253333333333,0.0002724522509236067,0.0003104081746447177,0.00027191818367286577,-0.7298131697831354,-0.7676118519210063,0.02164887628378642,1.2115182491266878,0.8341666778981197,1.180473256257778,27.83593249264078,44.14135836486142,58.100374201173885,204.115,171.84400000000002,
2020-05-12,185.8,192.24,185.48,189.76,669755.79567,0.00030000000000000003,0.00031738333333333345,0.0006286164285714286,0.0004489970000000001,3.010881653835938e-05,0.0003104081746447177,0.00027000327917739826,-0.728868238947079,-0.7676118519210063,-0.19340996911304084,1.0025207660175774,0.7887019706156853,1.0587173500253957,34.360523665175165,46.57070279355208,58.52715289414524,201.701,172.9208,
2020-05-13,189.77,201.0,188.35,199.58,806143.00704,0.00030000000000000003,0.00030000000000000003,0.0006286164285714286,0.0004489970000000001,0.0,0.0003104081746447177,0.00027000327917739826,-0.5048225622411976,-0.7676118519210063,-0.19340996911304084,1.1836397870316333,0.8140804615328224,1.0366315487888147,50.57384760046282,40.737262267468516,62.48068623701345,200.67299999999997,174.144,
2020-05-14,199.61,206.02,195.67,203.29,1114700.24937,0.00030000000000000003,0.00030000000000000003,0.0006068,0.0004489970000000001,0.0,0.00032265482966739264,0.00027000327917739826,-0.44702192313234346,-0.7676118519210063,-0.19340996911304084,1.2118912998255618,0.8159559432176883,1.0369326948581126,40.06388318439323,48.24770757357684,59.02001862101224,200.35399999999998,175.4878,
2020-05-15,203.29,204.08,191.66,194.86,904749.6357,0.00010529,0.00023509666666666674,0.0005691985714285714,0.00044250666666666665,0.00011241587091394563,0.0003491172864824671,0.0002759823841996117,-1.7886489718679557,-1.3365501668237807,-1.066026958861873,0.6714175235105009,0.8266379117074713,1.0029195812316418,34.05080473097081,39.549330084587474,56.76386634488757,199.31099999999998,176.61700000000002,
2020-05-16,194.87,203.5,193.21,200.45,669900.03754,0.0001453,0.0001835300000000001,0.0004977357142857143,0.00044152533333333333,0.00010283066517341867,0.00032346966712421823,0.00027701773500716896,-0.8767644133552936,-1.1544882609596459,-0.8724456959092474,0.6601560556696762,0.8327327687304612,1.0009213441552658,41.398426322800795,42.16291807412855,53.89435989166873,199.459,177.99940000000004,
2020-05-17,200.44,209.85,199.68,207.0,708711.89315,0.00015943,0.00013667333333333343,0.0004487471428571429,0.00043683966666666665,2.8082012629817673e-05,0.00031868678702133243,0.00028065905397072703,-0.46455325998281494,-1.066415736452522,-0.7960090275549353,0.6754712434997358,0.8428005901599106,1.002123625421616,74.36154231216695,48.38088768039251,58.0879265869211,198.959,179.5198,
2020-05-18,207.02,217.07,207.0,214.91,1064139.2485,0.00030000000000000003,0.00020157666666666675,0.0004354528571428571,0.00043702166666666664,8.55294021570419e-05,0.00032088233363238423,0.00028056534909164365,1.069299602228498,-0.6332895380773841,-0.18212278719556324,0.6247751962286111,0.8556138789654495,0.9471530706351944,81.68983492490918,54.53957996686747,63.564104118815735,199.319,181.328,
2020-05-19,214.92,215.95,209.45,214.58,643702.98849,0.00030000000000000003,0.00025314333333333343,0.0004106335714285714,0.0004370216666666667,8.115812734003177e-05,0.0003166317184803259,0.00028056534909164365,1.0692996022284977,-0.6332895380773841,-0.18212278719556302,0.6373685517202033,0.7576193165484846,0.9447496772166623,79.31034482627504,55.049461897194604,63.31713244120725,199.77,182.9784,
2020-05-20,214.6,215.75,204.27,209.98,679532.61037,0.00030000000000000003,0.00030000000000000003,0.00036685,0.0004370216666666667,0.0,0.0002823504738114329,0.00028056534909164365,0.7288170795477904,-0.5822336264878412,-0.18212278719556302,0.4866282406531325,0.7385208161350802,0.9469506898195248,64.0086206884481,56.0983715511406,58.674637495775315,202.014,184.52360000000002,
2020-05-21,209.99,211.64,191.71,198.74,1003923.4342,0.00030000000000000003,0.00030000000000000003,0.0003667707142857143,0.0004370216666666667,0.0,0.00028237050915050295,0.00028056534909164365,0.44714246788027423,-0.5300842818370657,-0.18212278719556302,0.735236611039765,0.7644363835716953,0.9338928298297152,44.90481522885929,42.506781192817485,53.99287740598069,203.315,185.78459999999998,
2020-05-22,198.72,209.19,196.24,207.36,787672.36081,0.00023518,0.0002783933333333334,0.0002995114285714286,0.00043486100000000004,3.742384444897025e-05,0.0001603720357772606,0.00028190335865877826,-1.7882375013180793,-0.6642845577887898,-0.4597733800713147,0.7823160114392907,0.7877756500949676,0.9057825165107232,63.938447813453244,47.95145731700932,55.74008477930393,205.075,187.1062,
2020-05-23,207.36,211.2,204.55,206.6,478559.92006,0.00030000000000000003,0.0002783933333333334,0.0002640964285714286,0.00043486100000000004,3.742384444897025e-05,7.363022149250476e-05,0.00028190335865877826,0.4470593753295247,-0.36761918093040064,-0.17713197568104352,0.6757211640422273,0.7839359100579477,0.9057197352707272,57.68557860433942,48.19138955418047,53.724075743009145,205.777,188.412,
2020-05-24,206.6,210.55,199.5,199.9,673535.05784,0.00030000000000000003,0.0002783933333333334,0.0002603714285714286,0.000434861,3.742384444897025e-05,7.006573834701408e-05,0.00028190335865877826,0.44705937532952283,-0.3335701582763991,-0.17713197568104352,0.701633084909502,0.7934718650615475,0.9091669837840477,41.16035856501963,57.7153558042347,50.7417000227097,205.43800000000002,189.528,
2020-05-25,199.9,205.67,198.01,204.15,469931.62492,0.00030000000000000003,0.00030000000000000003,0.0002603714285714286,0.000434861,0.0,7.006573834701408e-05,0.00028190335865877826,0.4470593753295247,-0.27644912301572105,-0.17713197568104352,0.7529969180823186,0.7990218112455203,0.9095296171270842,35.26027397192654,61.15822631347685,52.25605176413243,206.36700000000002,190.7574,
2020-05-26,204.22,205.0,196.9,200.89,477176.7353,0.00030000000000000003,0.00030000000000000003,0.0002603714285714286,0.000434861,0.0,7.006573834701408e-05,0.00028190335865877826,0.44705937532952283,-0.18393684177265784,-0.17713197568104352,0.5716868745568607,0.7902982465305096,0.8993271549829627,32.64012173414028,56.8056744517607,51.31914893535493,206.411,191.34879999999998,
2020-05-27,200.92,208.44,200.76,208.29,494816.72727,0.00030000000000000003,0.00030000000000000003,0.0002603714285714286,0.000434861,0.0,7.006573834701408e-05,0.00028190335865877826,0.0,-0.1836942297542207,-0.18718148013647384,0.5324246802997418,0.7564403697250124,0.9018206073323843,47.999052805266416,55.48834278415016,47.85145566076712,206.54000000000002,192.222,
2020-05-28,208.29,220.5,204.67,220.21,643945.97769,0.00030000000000000003,0.00030000000000000003,0.0002603714285714286,0.000434861,0.0,7.006573834701408e-05,0.00028190335865877826,0.0,0.0025779185980409204,-0.18718148013647362,0.7006637427076966,0.7938240263828286,0.8973119145522361,75.01747844202951,59.66194609315298,54.22623676406153,207.07000000000002,193.164,
2020-05-29,220.24,224.79,217.57,220.67,603058.0759,0.00030000000000000003,0.00030000000000000003,0.0002742792857142857,0.000434861,0.0,5.451314258816396e-05,0.00028190335865877826,0.0,0.39759840088713483,-0.20361958525245796,0.5367499741040782,0.7930207704281913,0.8888477814305716,69.15107913529762,66.21434853508353,52.67487166709449,207.679,194.18699999999998,
2020-05-30,220.63,247.0,218.8,243.66,1019550.75146,0.00030000000000000003,0.00030000000000000003,0.0002853292857142857,0.00042468000000000003,0.0,4.0142380532767124e-05,0.0002810448318513278,0.0,0.4555938509600179,-0.20361958525245774,0.8666386947301522,0.7119113823397466,0.9163956424958697,82.52018251916876,72.2754923177525,58.1400437627856,211.04699999999997,195.90399999999997,
2020-05-31,243.71,245.39,229.58,231.57,821608.68884,0.00030000000000000003,0.00030000000000000003,0.00029537,0.000413623,0.0,1.7323873700829858e-05,0.0002791375690889581,0.0,0.4555938509600179,-0.21810844044427566,1.0799724678574714,0.7575298807604732,0.9281013763220685,75.38880872129592,61.98185896726056,55.68771286268835,214.32999999999998,197.36880000000002,
2020-06-01,231.56,250.68,230.66,248.23,823816.69936,0.00030000000000000003,0.00030000000000000003,0.00029537000000000004,0.0003854303333333333,0.0,1.7323873700829858e-05,0.0002430146307285987,0.0,0.4555938509600188,-0.2308631761672781,1.1377080291233426,0.7969711245160249,0.9369384345413845,79.47312115464518,64.97124370874405,60.22632635982642,218.417,199.1616,
2020-06-02,248.23,253.8,225.0,237.71,955520.91863,0.00062986,0.0004099533333333334,0.00031893142857142856,0.00037825000000000006,0.00019044475979490804,9.114302630458526e-05,0.00023188685104949663,1.7887331266533772,3.3921838296913576,1.208702126379671,1.2797660310859629,0.8137677870485757,0.9456833584677938,72.4402730369246,59.5208693497709,57.593928604135385,221.52800000000002,200.79,
2020-06-03,237.71,245.0,232.71,244.52,502928.13371,0.00030000000000000003,0.0004099533333333334,0.00031893142857142856,0.000372046,0.00019044475979490804,9.114302630458526e-05,0.00023139056966149703,-0.44718328166334353,0.11184728408545946,-0.256535918333604,1.2746383313042389,0.8170888206057838,0.9465450766174199,72.24063842786289,63.963454074308316,60.645010515682145,225.99,202.51139999999998,
2020-06-04,244.54,246.6,236.0,243.21,669369.3392,0.00030000000000000003,0.0004099533333333334,0.00031893142857142856,0.0003604636666666667,0.00019044475979490804,9.114302630458526e-05,0.0002257565066917771,-0.4471832816633432,0.016644248817202657,-0.2618117809398039,0.9608576377432781,0.7869549878207303,0.9460566338088319,66.23376623311177,69.54725274639677,57.716461453980095,229.89600000000002,204.32100000000003,
2020-06-05,243.22,247.87,239.14,240.03,502547.41103,0.00030000000000000003,0.00030000000000000003,0.0003235614285714286,0.00034003133333333335,0.0,8.815879325724519e-05,0.00020033439358564854,-0.44718328166334353,-0.07465886996183593,-0.2679632031857631,0.8241880332210594,0.7894651132757377,0.8406422363273702,63.15932571989925,65.0817099059079,57.01445877217838,233.81,205.67579999999998,
2020-06-06,240.04,244.7,237.83,241.94,389423.07798,0.00030000000000000003,0.00030000000000000003,0.0003235614285714286,0.00033999433333333336,0.0,8.815879325724519e-05,0.00020034193225209235,-0.4471832816633432,-0.17454203210246746,-0.3143588234373583,0.5060318822667738,0.7825751690907483,0.8328841244895548,48.36128048715982,66.14288324417504,57.75841082739314,237.175,207.10080000000002,
2020-06-07,241.94,245.37,234.6,244.56,571102.55515,0.00030000000000000003,0.00030000000000000003,0.0003235614285714286,0.00031076733333333336,0.0,8.815879325724519e-05,0.0001231318841011337,0.0,-0.1745420321024682,-0.31435882343735855,0.30467939970898256,0.7713362825999487,0.82569903899296,65.1011392688777,71.1899791222275,65.37092947928059,239.60999999999999,208.24399999999997,
2020-06-08,244.57,247.7,240.59,246.4,383116.54719,0.00054751,0.0003825033333333334,0.00034124071428571427,0.0003024906666666667,0.00014289996512714873,0.00010606879788169649,9.439607878080299e-05,1.7886927869671592,2.4091156504897366,0.814953213243179,0.197013032370542,0.7705016037200435,0.8229816632179368,46.75416814357123,70.51568417889946,66.35221820825947,242.183,209.57139999999998,
2020-06-09,246.37,249.82,238.0,243.8,420327.17133,0.00043902,0.00042884333333333336,0.0003511707142857143,0.00030538633333333337,0.00012406842238595666,0.00010839287235042654,9.726087101664115e-05,0.5480782470420495,1.1174074286581714,0.3015561457871885,0.21774474125635745,0.7640399908132667,0.8007576598756891,65.02220029375849,70.97057961001508,64.67840069436605,242.19700000000003,211.0434,
2020-06-10,243.79,250.28,242.0,247.78,431285.61715,0.00030000000000000003,0.00042884333333333347,0.00035117071428571433,0.00030538633333333337,0.00012406842238595666,0.00010839287235042654,9.726087101664115e-05,-0.6865498422697044,-0.3420043677939545,-0.35349823383707324,0.19290337943502053,0.7108814773242291,0.8009953363095581,59.34633027284732,69.96662958744108,63.52109515160537,243.81799999999998,212.58419999999998,
2020-06-11,247.78,250.09,226.2,230.51,816456.89161,0.00043457,0.0003911966666666667,0.00036078285714285716,0.000309872,7.900996540525943e-05,0.00010946748195969262,0.00010006659935364582,0.2880816786847775,0.9690514045616654,0.25796913723652587,0.6953098575533825,0.7790714877249237,0.824699236628315,30.988023951446337,54.9405218718638,57.09593326298296,242.046,213.54039999999998,
2020-06-12,230.46,239.38,228.19,237.55,446515.34124,0.00030000000000000003,0.00034485666666666674,0.00036078285714285716,0.000309872,7.769402572489383e-05,0.00010946748195969262,0.00010006659935364582,-0.9892544498361591,-0.4480580639552471,-0.37165980959299943,0.763388883814985,0.7849343798361548,0.8250787102392586,46.67203435231696,57.615953798225405,61.21002048121744,242.02999999999997,214.58120000000002,
2020-06-13,237.55,238.73,234.66,238.11,253797.7809,0.00030000000000000003,0.00034485666666666674,0.00036078285714285716,0.000309872,7.769402572489383e-05,0.00010946748195969262,0.00010006659935364582,-0.7300383786879776,-0.4480580639552471,-0.3716598095929992,0.7564405301935377,0.7646431136161648,0.824980036591018,44.66722361372135,46.86050458122408,60.15751429405307,241.38899999999998,215.5916,
2020-06-14,238.13,238.59,229.83,231.77,304943.21188,0.00030000000000000003,0.00030000000000000003,0.0003607828571428571,0.00031636233333333337,0.0,0.00010946748195969262,9.235731469202977e-05,-0.4471392970783453,-0.4480580639552471,-0.37165980959299943,0.7765539410672868,0.7772323293334147,0.8221333937588339,33.863234922439986,50.12100677553038,56.68844845191593,240.24499999999998,216.34279999999998,
2020-06-15,231.74,233.55,218.27,230.86,875026.92057,0.00030000000000000003,0.00030000000000000003,0.00036078285714285716,0.000321519,0.0,0.00010946748195969262,8.661727180432189e-05,-0.4471392970783453,-0.4480580639552465,-0.3839902849623913,0.7320884151179489,0.7722060974540753,0.7715344542178341,29.92248061961382,37.01599641124502,54.47606218694206,239.32800000000003,217.0124,
2020-06-16,230.86,236.0,228.7,235.3,499194.66758,0.00030000000000000003,0.00030000000000000003,0.00033722142857142863,0.00032620466666666666,0.0,7.810287051331618e-05,8.117787212224181e-05,0.0,-0.4480580639552465,-0.3839902849623913,0.4199475479159932,0.7631700229035496,0.7714766929191009,39.51652688634284,48.01841802224592,55.68356374722452,238.66400000000004,217.7916,
2020-06-17,235.31,237.3,227.65,233.82,478187.2917,0.00030000000000000003,0.00030000000000000003,0.00033722142857142863,0.0003262046666666667,0.0,7.810287051331618e-05,8.117787212224181e-05,0.0,-0.4480580639552471,-0.3844854736573445,0.31710013380368846,0.7311120193854553,0.7396176783920708,31.65089379542178,40.35688536307679,56.653270818493915,237.59,218.54319999999998,
2020-06-18,233.82,234.65,227.93,231.27,334347.79917,0.00030000000000000003,0.00030000000000000003,0.0003372214285714286,0.00032620466666666666,0.0,7.810287051331618e-05,8.117787212224181e-05,0.0,-0.4480580639552471,-0.3844854736573445,0.3163641239340949,0.7335470120008721,0.7323942011339745,51.62950257134907,39.47461212878589,59.5412682573666,236.077,218.8614,
2020-06-19,231.26,231.95,226.74,229.0,397284.59808,0.00030000000000000003,0.00030000000000000003,0.0003372214285714286,0.00032620466666666666,0.0,7.810287051331618e-05,8.117787212224181e-05,0.0,-0.4480580639552471,-0.3844854736573445,0.235312281123747,0.5913481269278349,0.7175565741103092,26.95417789655697,40.11825837562865,56.59273702072593,234.59699999999998,219.3198,
2020-06-20,229.0,230.85,225.62,228.89,303704.98826,0.00030000000000000003,0.00030000000000000003,0.0003372214285714286,0.00032620466666666666,0.0,7.810287051331618e-05,8.117787212224181e-05,0.0,-0.4480580639552471,-0.3844854736573445,0.23511411538937177,0.5509182425496465,0.717668907905214,24.53038673938275,37.91890390570105,56.817764726499725,232.70800000000003,219.65720000000002,
2020-06-21,228.88,231.49,227.11,228.04,256305.23734,0.00030000000000000003,0.00030000000000000003,0.0003372214285714286,0.0003283653333333334,0.0,7.810287051331618e-05,7.951722887407665e-05,0.0,-0.4480580639552471,-0.3844854736573445,0.08271922097930995,0.4519658861912721,0.7004056425187556,35.210150672113585,34.18836140796587,58.926532164921994,232.461,219.94,
2020-06-22,228.03,246.89,227.51,243.13,749030.11114,0.00030000000000000003,0.00030000000000000003,0.0003195421428571428,0.0003283653333333334,0.0,4.9682925743577515e-05,7.951722887407665e-05,0.0,-0.38921381679638023,-0.3844854736573445,0.6065906410855212,0.5035319557037679,0.7155760546049109,72.90033594434372,47.503435638013364,61.569512049314994,233.019,220.60539999999997,
2020-06-23,243.11,244.87,240.75,243.14,442296.31477,0.00030000000000000003,0.00030000000000000003,0.00030961214285714285,0.0003283653333333334,0.0,3.596534532418679e-05,7.951722887407665e-05,0.0,-0.38921381679638023,-0.3844854736573445,0.5823079754296375,0.48854417317742943,0.715462719837742,67.53130590128472,49.47535770955061,62.78675624855757,233.52200000000002,221.3386,
2020-06-24,243.15,249.24,231.07,234.58,921634.0534,0.00030000000000000003,0.00030000000000000003,0.00030961214285714285,0.0003283653333333334,0.0,3.596534532418679e-05,7.951722887407665e-05,0.0,-0.38921381679638023,-0.3844854736573445,0.6946667232289799,0.511444137772263,0.7180891332774063,51.2907608683457,40.2193242433861,57.901063892756376,233.80300000000003,221.92440000000002,
2020-06-25,234.57,235.39,227.56,232.5,613748.59348,0.00030000000000000003,0.00030000000000000003,0.00030000000000000003,0.0003283653333333334,0.0,0.0,7.951722887407665e-05,0.0,-0.38921381679638106,-0.38448547365734476,0.7041928914039994,0.5099502242947015,0.7179369695075715,52.122885742613505,51.902849491821314,53.925765028103285,233.967,222.595,
2020-06-26,232.49,233.61,227.75,229.64,628340.07007,0.00030000000000000003,0.00030000000000000003,0.00030000000000000003,0.0003283653333333334,0.0,0.0,7.951722887407665e-05,0.0,-0.38921381679638106,-0.3844854736573445,0.7156681363969019,0.5100454332227256,0.7186396687812537,51.08254397713943,41.77925587074429,52.82199710471339,233.40099999999998,222.9478,
2020-06-27,229.66,231.42,216.0,220.94,645950.61438,0.00030000000000000003,0.00030000000000000003,0.00030000000000000003,0.0003283653333333334,0.0,0.0,7.951722887407665e-05,0.0,-0.38921381679638023,-0.38448547365734476,0.3276969570077727,0.5284681662482071,0.7257759923077051,39.58060288262893,34.73777777691318,42.14601769829916,232.113,223.1404,
2020-06-28,220.94,227.96,218.32,224.93,444766.56881,0.00030000000000000003,0.00030000000000000003,0.00030000000000000003,0.0003283653333333334,0.0,0.0,7.951722887407665e-05,0.0,-0.32476828146080206,-0.3844854736573445,0.4395172228559385,0.5350504759905013,0.6902983021424421,46.23395495198927,43.654916510925474,47.56847810067972,231.47899999999998,223.43760000000003,
2020-06-29,224.89,229.96,221.26,227.93,597915.52242,0.00030000000000000003,0.00030000000000000003,0.00030000000000000003,0.0003283653333333334,0.0,0.0,7.951722887407665e-05,0.0,-0.22353251166967247,-0.36359363741881684,0.432996299108739,0.5395564305140093,0.6817207774618576,23.972602739151355,47.383461331195974,41.73990885321557,231.372,224.24540000000002,
2020-06-30,227.98,228.7,222.91,225.6,415036.02977,0.00030000000000000003,0.00030000000000000003,0.00030000000000000003,0.0003283653333333334,0.0,0.0,7.951722887407665e-05,0.0,-0.22353251166967247,-0.3413391805833193,0.43406278461447884,0.5329321463469481,0.6790070962230469,22.176395938593814,40.9985152179399,44.7205510495665,231.04299999999998,225.0428,
2020-07-01,225.59,232.71,224.16,230.99,517351.58865,0.00030000000000000003,0.00030000000000000003,0.00030000000000000003,0.0003283653333333334,0.0,0.0,7.951722887407665e-05,0.0,0.0,-0.31336887734375624,0.4911594966628471,0.4504410833701789,0.6810326709972803,43.66843033401877,47.551479493570326,44.027544803361195,231.33799999999997,225.86739999999998,
2020-07-02,230.99,232.01,222.87,226.46,592485.91115,0.00030000000000000003,0.00030000000000000003,0.00030000000000000003,0.00031737,0.0,0.0,5.559872809258701e-05,0.0,0.0,-0.28125877010500505,0.36115795670272444,0.4368700170571183,0.6811715303092284,40.1948051938917,45.97624226092745,42.8105416763682,229.671,226.405,
2020-07-03,226.46,228.13,223.97,224.87,314578.5004,0.00030000000000000003,0.00030000000000000003,0.00030000000000000003,0.00031737000000000003,0.0,0.0,5.559872809258701e-05,0.0,0.0,-0.2643644834578117,0.34182782181067295,0.4367543085999679,0.6800865854082282,41.923467659013035,46.50533085014203,43.40295909380742,227.844,226.83660000000003,
2020-07-04,224.86,230.71,224.43,229.17,307726.46593,0.00030000000000000003,0.00030000000000000003,0.00030000000000000003,0.00031737000000000003,0.0,0.0,5.559872809258701e-05,0.0,0.0,-0.2366391538626841,0.3647342422075195,0.4320614565123738,0.6811994762554536,66.37485077411606,50.221238936942015,44.556228151378996,227.30299999999997,227.5228,
2020-07-05,229.24,229.85,223.05,227.56,355747.12006,0.00030000000000000003,0.00030000000000000003,0.00030000000000000003,0.00031737000000000003,0.0,0.0,5.559872809258701e-05,0.0,0.0,-0.19628677536102818,0.3565169256786272,0.4327329188414648,0.6765213561090457,55.78021977850345,49.62523422752225,42.69005847850419,226.80900000000003,228.065,
2020-07-06,227.54,242.0,226.93,241.6,864817.507,0.00030000000000000003,0.00030000000000000003,0.00030000000000000003,0.00031737000000000003,0.0,0.0,5.559872809258701e-05,0.0,0.0,-0.1961553950446461,0.606519793560196,0.49867056669261706,0.6745819885215173,70.22787806898017,48.78552151026671,48.13200498027109,228.00500000000002,228.757,
2020-07-07,241.6,243.77,234.4,239.39,600424.97209,0.00030000000000000003,0.00030000000000000003,0.00030000000000000003,0.00031737000000000003,0.0,0.0,5.559872809258701e-05,0.0,0.0,-0.14842351634762982,0.5659652598767385,0.4996678619505767,0.6750360831276258,70.47817047670523,47.12379199162489,48.27855414056381,229.85,229.2466,
2020-07-08,239.39,248.88,237.78,246.95,958185.83708,0.00030000000000000003,0.00030000000000000003,0.00030000000000000003,0.0003091196666666667,0.0,0.0,3.4710922307934105e-05,0.0,0.0,-0.08222422957670326,0.5478692455371126,0.5121793911822234,0.6784891411597216,72.26562499858855,59.63545723502896,49.68481810481418,232.052,229.89399999999998,
2020-07-09,246.94,247.9,237.88,241.98,647641.58291,0.00032967,0.0003098900000000001,0.0003021192857142857,0.00030547466666666666,1.7129982487068168e-05,7.929641047686694e-06,2.497601231703205e-05,1.7875072341696383,4.242135020221854,0.3442577376853034,0.6412899881745687,0.5192426851010887,0.6158583739214705,71.38919514746492,57.06618962313815,54.8043897113726,233.45699999999997,230.53400000000002,
2020-07-10,241.97,242.16,235.72,241.26,455025.12385,0.00030000000000000003,0.0003098900000000001,0.0003021192857142857,0.0003054746666666667,1.7129982487068168e-05,7.929641047686694e-06,2.497601231703205e-05,-0.4468768085424024,-0.22327026422220198,-0.07712583363930972,0.6317789712957224,0.5196516505502796,0.6151397146687397,73.14317989123975,58.94672004800547,51.640866871785974,235.023,231.38440000000003,
2020-07-11,241.27,241.67,237.54,239.19,294476.00626,0.00030000000000000003,0.0003098900000000001,0.0003021192857142857,0.00030098900000000004,1.7129982487068168e-05,7.929641047686694e-06,5.416976093371908e-06,-0.4468768085424024,-0.22327026422220198,-0.07712583363930972,0.3733449387912354,0.5212201214097103,0.6144387510179498,65.09945750314742,65.64911678799677,50.47136871385021,235.84300000000002,232.021,
2020-07-12,239.19,244.0,236.52,242.79,469315.1172,0.00030000000000000003,0.00030000000000000003,0.0003021192857142857,0.00030098900000000004,0.0,7.929641047686694e-06,5.416976093371908e-06,-0.4468768085424024,-0.22327026422220198,-0.07712583363930972,0.3876195303810504,0.4464001559685168,0.6039305468255736,71.65197611458184,65.41781767797677,54.92756215208551,237.47600000000003,232.7448,
2020-07-13,242.76,245.33,237.33,239.5,604093.04245,0.00032899000000000003,0.0003096633333333335,0.00030419,0.0003019553333333334,1.6737384304024244e-05,1.0651628983507546e-05,7.441795173105947e-06,1.0734922654148564,2.882967224208403,0.3274517921074572,0.25598373489683734,0.45014700272655866,0.604131420751532,45.70024569893571,59.938154954751525,53.78283712652721,238.939,233.5368,
2020-07-14,239.5,242.09,237.0,240.44,426320.89188,0.00030000000000000003,0.0003096633333333334,0.00030419,0.0003019553333333334,1.6737384304024244e-05,1.0651628983507546e-05,7.441795173105947e-06,-0.4468689148335997,-0.3245094549872733,-0.14009593865148473,0.21352128641718626,0.42176277466438006,0.5934545232896011,52.26781857293361,63.05878211741849,52.32158988124209,240.06600000000003,234.26260000000002,
2020-07-15,240.45,241.45,236.83,238.61,368350.66518,0.00030000000000000003,0.0003096633333333335,0.00030419,0.0003019553333333334,1.6737384304024244e-05,1.0651628983507546e-05,7.441795173105947e-06,-0.44686891483360386,-0.3245094549872673,-0.19006574748170743,0.22051111664315787,0.42121224876096514,0.5907829766678812,26.061997702741493,57.15358617949654,52.1566861760825,241.171,235.017,
2020-07-16,238.59,239.39,230.02,233.57,587161.73894,0.00030000000000000003,0.00030000000000000003,0.00030419,0.0003019553333333334,0.0,1.0651628983507546e-05,7.441795173105947e-06,-0.4468689148335997,-0.3245094549872673,-0.24086977414642247,0.2744944721835137,0.4284879470528177,0.589131212020408,25.957690107594587,56.611493396331475,51.01285890309286,240.368,235.52259999999998,
2020-07-17,233.58,234.84,231.65,232.67,325600.21444,0.00030000000000000003,0.00030000000000000003,0.00030419,0.00030195533333333334,0.0,1.0651628983507546e-05,7.441795173105947e-06,-0.44686891483360386,-0.3245094549872673,-0.24086977414642247,0.18324574962407067,0.3910746386476911,0.5825130821936364,25.693265420600696,57.34740014920333,51.63590977850958,239.696,235.7718,
2020-07-18,232.66,236.8,232.32,235.67,341356.6182,0.00030000000000000003,0.00030000000000000003,0.00030419,0.00030195533333333334,0.0,1.0651628983507546e-05,7.441795173105947e-06,0.0,-0.3245094549872673,-0.24086977414642247,0.2447634564974262,0.3878390756209686,0.5831518773474433,40.53763440707651,56.27655465278511,52.946288891463155,238.56800000000004,236.0718,198.173
2020-07-19,235.67,239.92,233.28,239.11,348803.52073,0.00030000000000000003,0.00030000000000000003,0.00030419,0.00030195533333333334,0.0,1.0651628983507546e-05,7.441795173105947e-06,0.0,-0.3245094549872673,-0.24086977414642247,0.28609844402495566,0.388546249289415,0.5810560455157066,40.02169197245044,60.77224398274425,54.704632382888455,238.281,235.98080000000002,198.71470000000002
2020-07-20,239.12,239.72,234.05,236.01,396657.91938,0.00030000000000000003,0.00030000000000000003,0.0003041900000000001,0.00030195533333333334,0.0,1.0651628983507546e-05,7.441795173105947e-06,0.0,-0.3245094549872673,-0.24086977414642247,0.30072517473562715,0.3904602369971812,0.5644906636681438,40.4383561628325,43.449730488379906,46.630702251272325,237.756,236.06959999999998,199.2588
2020-07-21,236.0,246.66,235.57,245.59,637462.08074,0.00030000000000000003,0.00030000000000000003,0.00030419,0.00030195533333333334,0.0,1.0651628983507546e-05,7.441795173105947e-06,0.0,-0.3245094549872673,-0.26336500996182644,0.38671282952217567,0.4129288959726372,0.5633695083160047,59.57605057487156,56.19504396325595,51.06309120764578,238.39600000000002,236.0168,199.815
2020-07-22,245.53,269.61,241.51,263.74,718417.68296,0.00030000000000000003,0.00030000000000000003,0.00030419,0.0003019553333333334,0.0,1.0651628983507546e-05,7.441795173105947e-06,0.0,-0.3245094549872733,-0.26336500996182644,0.6093543608408204,0.4918698545272506,0.5878404945458244,79.07891691609909,63.84628071764169,61.68082037996549,240.49099999999999,236.53740000000002,200.4627
2020-07-23,263.75,279.98,259.7,275.3,1068774.57879,0.00182207,0.0008073566666666667,0.00041079,0.000352691,0.0008787675242254568,0.000406267775241899,0.0002776209006261578,1.7888281023856514,4.246912863910979,7.303827260554035,0.6083504558104991,0.5092310678873873,0.5880506784903249,91.9565654521542,74.78429038820741,65.93447505447045,244.071,237.153,201.16235
2020-07-24,275.31,287.34,266.0,279.15,926033.06692,0.00195398,0.0013586833333333334,0.0005289314285714285,0.0004078236666666667,0.0009192158953332656,0.0005764248539703396,0.00040280436603019193,1.1695796645704215,3.0557346945298676,5.4565952401404925,0.609872117876984,0.508004820684703,0.5871331696532823,94.11541381803563,76.92963752512149,68.29773079908911,247.94199999999995,237.87179999999998,201.83735000000001
2020-07-25,279.15,308.94,279.09,305.26,1058927.30554,0.00075224,0.00150943,0.0005612342857142858,0.0004228983333333334,0.0006590543104327619,0.0005752792923403435,0.0004070697924492912,-0.33757655750347454,0.5456919146520617,1.2780380846748118,0.5615183447820531,0.6043209733092327,0.6201828789370794,95.9097506258459,84.99841084734612,77.60969220551861,254.60700000000003,239.1764,202.64965
2020-07-26,305.31,318.75,299.0,311.0,1270368.753,0.00222894,0.0016450533333333334,0.0006990157142857143,0.0004871963333333334,0.0007853263567035911,0.0007205515154349523,0.0005228609685017998,0.9768858089062766,2.6404415612993763,4.800772979184165,0.6269373373128313,0.569782392974973,0.616571616460194,96.03022153838874,85.33098518471496,77.86338620771758,262.35,240.55759999999998,203.50105
2020-07-27,311.02,333.31,310.78,321.93,1636122.34727,0.00237815,0.0017864433333333333,0.0008453842857142858,0.000556468,0.0008987481888901559,0.0008381375241268298,0.0006249091124889448,0.8615184748456867,2.2957281509733676,4.241405158113018,0.5746183892809654,0.568242728084235,0.6083432007321503,99.99999999918529,89.56513391451095,78.94445128574304,271.27599999999995,242.105,204.422
2020-07-28,321.95,326.8,305.86,316.77,1093231.55578,0.00348618,0.0026977566666666667,0.0010729685714285714,0.000662674,0.0006868583699958326,0.0010771544460208198,0.0008200898962943846,1.354441286575345,2.750621915986794,4.9699026379214954,0.7430970433381293,0.5780049589313899,0.610789779035033,93.66871165563717,85.21081280450872,77.59215543721771,279.38599999999997,243.5124,205.28165
2020-07-29,316.77,325.0,312.38,317.71,792802.32148,0.00253636,0.0028002300000000003,0.0012327085714285715,0.0007372193333333334,0.0005992938785771121,0.0011187286748108127,0.0008850546894613168,0.2644227293351125,1.5463198140919305,3.0531325411886847,0.767572625721997,0.5609409088608696,0.5644201659392958,91.97386840777128,86.79069767328825,76.97188355178201,287.246,244.99059999999997,206.15829999999997
2020-07-30,317.76,342.0,314.05,334.87,1008827.56698,0.00191808,0.0026468733333333337,0.0013482857142857144,0.0007911553333333334,0.0007898697994817451,0.0010983545621499487,0.000906534338557765,-0.9996044069812217,0.8550006111839151,1.9994530432484061,0.5111215984808984,0.5793101767697946,0.5593730726006374,92.61696952260932,92.34241765482959,81.26189514835033,297.13199999999995,246.7324,207.09994999999998
2020-07-31,334.82,349.45,328.4,346.33,948088.44982,0.00240164,0.00228536,0.0014984028571428571,0.0008612100000000001,0.00032512815688586643,0.0010876274742224552,0.0009475472568144285,-0.24727166213615367,1.1895178522119882,2.513836040826224,0.5272819026747759,0.5723533375641154,0.5409588200306241,93.34193548302785,93.65493931378766,83.13871002819606,307.20599999999996,249.0488,208.11370000000002
2020-08-01,346.32,392.67,343.07,387.0,1440843.34203,0.00133107,0.0018835966666666667,0.0015720507142857143,0.0008955790000000001,0.0005361173905343266,0.0010338140948744072,0.0009451856818794902,-1.2564688127149142,0.13354198759036998,0.9994192881150087,0.9417636343403698,0.694936280433508,0.5867263304296167,94.39495980810256,95.07893952854862,85.9308837579538,319.532,252.03779999999998,209.22050000000002
2020-08-02,387.01,415.85,325.0,372.42,2324909.09616,0.00291508,0.00221593,0.0017588421428571428,0.0009827483333333332,0.0008081695818947908,0.0010224845565670578,0.0010069348913516014,1.1352361509297493,1.4637052314250865,2.894233084412436,1.066818230639044,0.7275147583261516,0.595546761628919,80.43607532154306,87.23951058650127,81.13929492593641,329.24399999999997,254.72400000000002,210.25060000000002
2020-08-03,372.45,398.0,366.5,385.94,1191565.09389,0.00134192,0.0018626900000000002,0.0018332650000000002,0.0010174790000000002,0.0009114126204414785,0.0009429589966430147,0.001000522119048779,-0.9319457088816889,-0.029531347197617533,0.85786392968423,1.020133554413076,0.724929745081711,0.5988578342637274,80.92569330315345,89.57816377105004,81.09703550401984,339.923,257.80740000000003,211.35925000000003
2020-08-04,385.91,402.98,380.77,389.61,1180792.42379,0.00154413,0.00193371,0.0019221314285714287,0.0010589500000000001,0.0008558840626510124,0.0008403922069610593,0.0009955293281950807,-0.5073427965655947,0.10527508325411715,1.0797146093216223,1.033782567670362,0.714347569610704,0.5965785792950571,85.70588235235302,89.24250681130823,82.16151408653741,348.358,260.9824,212.45804999999996
2020-08-05,389.59,407.0,384.11,400.72,1124119.0672,0.0020407,0.0016422500000000003,0.002046467142857143,0.0011169733333333334,0.0003595747806785164,0.0006987728120115965,0.0010004844929654656,0.30806958456240346,0.5160226006900062,1.6340005631969046,1.0332179773303465,0.6839452855294019,0.5986227722150681,87.00187215778818,88.81332879902335,82.42861360567379,357.33000000000004,264.2908,213.59094999999996
2020-08-06,400.72,403.66,390.51,394.77,821379.08397,0.0018881599999999998,0.00182433,0.002051187857142857,0.001169912,0.00025436419343139187,0.0006973620535349196,0.000997778839669599,-0.09515292710100338,0.2967874469609086,1.3923764669627479,0.5866221795567279,0.695114840353871,0.6013526337889467,79.6652139455649,84.96341820240589,82.0893014649899,364.61400000000003,267.50980000000004,214.73085
2020-08-07,394.77,398.26,362.85,379.34,1041207.35946,0.00128654,0.0017384666666666667,0.0020035135714285713,0.0012027966666666666,0.00039874226880697765,0.0007267153231081002,0.0009842856492009754,-1.0026492721395437,-0.39710631146453546,0.6434929832509815,0.5963524276028868,0.7492721831522133,0.6128274553544868,65.72953397459247,77.45984761218853,77.3122873636503,370.871,270.4712,215.79319999999998
2020-08-08,379.34,397.05,375.79,397.03,623029.78053,0.00074833,0.0013076766666666668,0.0020032342857142856,0.001216752,0.0005702088882447705,0.0007272337602355753,0.0009743977126954908,-1.4662911575468196,-1.0412112023583022,-0.01552345453334439,0.6486191099439564,0.7536098405679932,0.6183756509256898,56.119585112394326,76.3691741847772,79.4038748128825,378.803,273.8318,216.9309
2020-08-09,397.05,400.0,383.36,390.14,594900.58133,0.00113777,0.0010575466666666669,0.0019252935714285711,0.0012446776666666666,0.0002779286570926751,0.0007589636171233991,0.0009591031157704431,-0.5262145208813763,-0.6887418537266884,0.4408921872747253,0.6746196911930231,0.7581993030786693,0.6212358870905291,61.93105305624355,72.59077414876896,77.11730280755297,384.33000000000004,277.05679999999995,218.04125
2020-08-10,390.14,399.18,385.13,395.44,826969.90633,0.00194433,0.00127681,0.0018943064285714285,0.0012994886666666669,0.0006100025337652326,0.0007478263700126282,0.0009501987983601404,1.065024370599058,0.19015118067767012,1.3701017844312398,0.6296120285914975,0.7567540177360689,0.5882048724860648,57.192610538461,71.68052851943399,78.48739495718024,389.24100000000004,280.4048,219.2044
2020-08-11,395.43,398.21,367.0,379.0,992412.6023,0.0015258899999999998,0.0015359966666666667,0.001754285714285714,0.0013403516666666668,0.0004033749706332019,0.0005946792042348977,0.0009319175885129986,0.4431649095722429,-0.483024643462996,0.841965513487203,0.7165213677820266,0.7754504932851312,0.5992263116647795,43.268620733025145,67.20867208620048,73.95573997162144,388.441,283.1222,220.2867
2020-08-12,378.99,389.23,365.85,387.18,751848.7983,0.0009275900000000001,0.0014659366666666667,0.0016393735714285713,0.001360305,0.0005110145384755082,0.0005873199910755922,0.0009157852682534249,-0.6840987306320906,-1.2305405974254722,0.11553607557168999,0.6577599681400904,0.7676533608840164,0.599992704031744,41.078017922657416,68.4711512890409,75.13449500859286,389.91700000000003,286.003,221.42085
2020-08-13,387.18,431.49,376.59,424.54,1511330.7732,0.0014393000000000001,0.0012975933333333335,0.0016051750000000001,0.0013982816666666667,0.00032334394541004937,0.0005837715967706502,0.0008936547155789166,0.11392042569362303,-0.4821131861441609,0.7051333670578069,0.971136587175282,0.8315456626545257,0.6281538217015781,63.873613570279524,71.52941176422502,79.12282306944354,393.777,289.80219999999997,222.70425
2020-08-14,424.54,444.71,417.05,438.11,1109670.94324,0.00407901,0.0021486333333333336,0.001724987142857143,0.0015242486666666665,0.0016912206649143497,0.0008644604551388697,0.000994189931808054,1.709308577880039,2.511194525337241,3.402615078365529,0.9175866659592855,0.7748207147272518,0.6293318233754759,77.87157355539686,71.81498383675347,80.16385740228912,398.627,293.9144,224.0444
2020-08-15,438.12,442.94,427.02,432.32,681698.5971,0.00239176,0.00263669,0.0018007507142857144,0.0015939740000000002,0.00133679102693727,0.0008737121549190542,0.0009785974736417056,0.2575444781509669,0.5046715693049005,1.5260040878268655,0.9704751328354444,0.7862984987398417,0.6317237652324253,68.86560461832347,62.913152495509,78.63862755884952,401.78700000000003,297.968,225.3278
2020-08-16,432.3,436.99,412.47,433.62,716666.25258,0.00225259,0.002907786666666667,0.00175343,0.0016590603333333333,0.0010166932401827673,0.0008253170751339711,0.0009541968431039467,0.028767418455256835,0.3493540454337564,1.3292651607630999,0.7696857847380454,0.7839126141156038,0.6306403969248505,74.72140095460193,68.86559802653258,78.50464550479258,405.672,302.2216,226.62730000000002
2020-08-17,433.61,446.0,420.37,430.89,868870.64996,0.00239648,0.0023469433333333334,0.0018287557142857142,0.001728943,8.174645700784082e-05,0.0008329588089244484,0.0009276312437755742,-0.1199108039189255,0.6375631363924958,1.4238899848824549,0.8224630841756599,0.7775250495617262,0.629774337132744,70.76256296064736,64.84380159770964,78.58987148576944,410.82700000000006,306.3408,227.8583
2020-08-18,430.89,433.81,415.0,421.95,743254.57018,0.0027387699999999997,0.0024626133333333334,0.0019140871428571429,0.0018102353333333333,0.0002497457936249067,0.0008622349657848367,0.0009046643724636534,-0.04379197962284195,1.052597824332496,1.6991629038179266,0.3877831405362648,0.7914635714839888,0.632570253328142,77.57801463908686,60.32039826343853,75.92157093241053,413.31899999999996,310.2212,229.06810000000002
2020-08-19,421.92,426.75,393.25,407.46,978339.69221,0.0009612900000000001,0.0020321799999999998,0.0018369864285714287,0.0018322783333333335,0.0009430772264772389,0.0008975782403745962,0.0008741386258486538,-1.726921562866263,-1.110685628070581,-0.10739409309255786,0.27595270923247645,0.7981692677741914,0.6418090848031615,62.04561653547833,52.105460451874606,71.3538571252829,415.05100000000004,313.8584,230.18739999999997
2020-08-20,407.46,418.98,402.07,415.94,663555.73445,0.0007235900000000001,0.0014745499999999998,0.0017538028571428572,0.001846398,0.0011012785654864992,0.000945172627687488,0.0008516670014393464,-1.2005510204733965,-1.2568780900019079,-0.3572580019295365,0.40925171926033593,0.7926086617629069,0.6414865819915261,42.22423146420329,56.510240481707896,71.08925143894237,417.101,317.55740000000003,231.3249
2020-08-21,415.94,418.68,385.1,387.97,860998.7256,0.00041092,0.0006986000000000001,0.0016912585714285715,0.0018500953333333333,0.0002760347066946525,0.0010055156202195444,0.0008449363159994432,-0.9867783322366472,-1.4862869548535942,-0.6787158753279882,0.6405093570448352,0.7188209399557385,0.6563623158268214,14.031563844909343,52.4638839714872,65.21702651252207,417.99799999999993,320.7876,232.3163
2020-08-22,387.93,397.04,379.92,395.24,643235.76543,0.00030000000000000003,0.00047817000000000004,0.001659235,0.0017993596666666667,0.00021965665002453952,0.0010442491084525028,0.0008911130361306315,-0.7329215663936972,-1.4485708077296433,-0.7919057132655086,0.7264906630052731,0.7011439948301285,0.6565997076662706,23.953357684507353,49.4566207269186,63.28235710859355,418.804,324.19499999999994,233.34794999999997
2020-08-23,395.23,396.95,383.15,390.71,445317.81989,0.00061373,0.00044155,0.0016218035714285713,0.0017546846666666668,0.00015909203594147338,0.0010733653044915623,0.0009163331242238726,0.04536403940164248,-1.030384775599682,-0.47874261625024106,0.7265870295679183,0.6877351295187142,0.6492314860214576,21.166509877505476,50.17554665802127,61.808539005738886,415.421,327.42580000000004,234.28259999999997
2020-08-24,390.72,410.42,387.44,407.68,717403.81877,0.00086038,0.00059137,0.0015443785714285717,0.0017582893333333335,0.0002808583509529366,0.001087314536927189,0.0009124582401476418,1.2238712986907205,-0.7165986027916278,-0.2369343238079529,0.8303216433255024,0.7100396097766485,0.6530783573512241,36.909193457125376,53.51683714472518,62.47998835635294,412.378,331.02819999999997,235.25505
2020-08-25,407.68,409.06,370.0,382.93,970445.38395,0.00045396,0.00064269,0.001467812142857143,0.0016991233333333335,0.00020475183833119266,0.0011257778408602555,0.0009380751689141608,-0.339671857622123,-1.0408783084931332,-0.6591634260856752,0.9401454359399615,0.7512105995586188,0.6748256190271834,31.322994447425586,51.07771622842369,59.1094343774701,407.43899999999996,333.85479999999995,236.05305
2020-08-26,382.91,392.91,377.37,385.81,738690.7794,0.00045925,0.0005911966666666666,0.0014343592857142856,0.00163516,0.00023313460968576985,0.0011497683723888064,0.0009554387885588256,-0.36912733206515663,-0.9424145555016216,-0.6577964236421999,0.7556560638815807,0.7500474787999915,0.6643998686438071,38.341410877470786,49.613059932952275,59.3267229095921,402.658,336.7832,236.86684999999997
2020-08-27,385.81,397.1,371.48,383.27,877763.73658,0.00031281,0.00040867333333333334,0.0013538957142857143,0.001529381,8.30622058058686e-05,0.0011881718994043188,0.0009183886499559588,-1.0905622067910474,-1.0124340009485198,-0.8094897000639412,0.7258478424715382,0.7302572189747684,0.6651843467006211,31.204694511312354,35.48976865164414,56.90521029458615,397.896,339.5096,237.64075
2020-08-28,383.31,398.0,379.75,395.11,732601.46905,0.00032226,0.0003647733333333333,0.0010855564285714287,0.0014555776666666667,8.195551252561675e-05,0.0009191435301878943,0.0009236251684220396,-0.7156270464034229,-0.9653148906753344,-0.8003594369723536,0.7836878473601966,0.7150025078627686,0.6672276188804734,55.0437976824169,34.695330295781815,56.95188689955688,395.21200000000005,342.5722,238.50185000000002
2020-08-29,395.1,405.69,391.88,398.65,659802.63344,0.00030000000000000003,0.00031169000000000005,0.0009361450000000001,0.0014016416666666664,1.1172184209153239e-05,0.0008584924649438605,0.0009427326141744317,-0.8729116860545161,-0.924263907667893,-0.823373408073138,0.6705276022601715,0.7116494331900319,0.6654443894769525,52.542878448370146,37.821022932410116,51.856810429552134,394.331,345.72,239.31165000000001
2020-08-30,398.65,429.89,398.3,428.94,894979.71788,0.00030000000000000003,0.00030742000000000003,0.0007966742857142857,0.001331587,1.285181699228782e-05,0.0007835051893079768,0.000943945985421907,-0.5718765818938519,-0.8389385014940974,-0.823373408073138,0.5960347295332783,0.7746424277265618,0.6829833914934521,70.59584096488075,48.600645855351985,58.57871410307807,395.631,349.515,240.12765
2020-08-31,428.94,439.0,418.04,433.79,1040748.68881,0.00030000000000000003,0.00030000000000000003,0.0006469257142857144,0.001297218,0.0,0.000641740847487572,0.0009625526641190889,-0.6890753131492582,-0.7702857026081387,-0.823373408073138,0.5881154978663089,0.7461237813229364,0.6787924097519537,66.1792043618004,50.856265500937766,57.45908028009077,400.213,353.335,240.955
2020-09-01,433.8,488.84,429.03,475.4,1751354.57719,0.0009218,0.0005072666666666667,0.000517142142857143,0.0012307753333333333,0.00035899639738211353,0.00025080449033456227,0.0009146271840811571,1.7876964137229026,-0.1909771029099392,-0.19229256280242701,0.7150771183078792,0.8283446709996904,0.7057833807197258,97.39620707259682,63.22954309148793,61.958794501732726,408.229,358.05300000000005,241.90625
2020-09-02,475.4,481.39,420.0,439.5,1880642.46853,0.0011591,0.0007936333333333333,0.0005312714285714285,0.0012246813333333334,0.0004436589042646795,0.00028145026315243147,0.0009144701462170845,1.359190603120807,0.04313275985629795,0.03976800360109667,1.2764922518850672,0.825167261346641,0.7403497708267409,70.55985295206102,57.1703518034194,55.056326274762284,413.108,362.0342,242.77935000000002
2020-09-03,439.5,450.7,372.0,381.4,2408569.34151,0.00034859,0.0008098300000000001,0.0005044857142857143,0.00118483,0.0004166948232219866,0.00027957752285889077,0.0009260456999224307,-0.6338262349711067,-0.701119856874023,-0.8094383388715753,1.904693335094846,1.0152776346921464,0.8297013671163205,49.49766292357681,43.67491942550122,48.46544085546059,410.4799999999999,364.89,243.39210000000003
2020-09-04,381.35,400.21,357.0,385.26,1806488.22474,0.00042741000000000003,0.0006450333333333333,0.0005056635714285714,0.0011310536666666667,0.00044693573523867634,0.00027918747309365276,0.0009214619810050835,-0.5291902342072663,-0.5312438187534536,-0.7304710316329576,1.7242195229203559,1.017367222401543,0.8196981282265502,47.23547572251998,49.4556702684721,50.698014431585264,410.713,367.92379999999997,243.97914999999998
2020-09-05,385.3,395.0,308.42,335.01,2777166.51389,0.00030000000000000003,0.0003586666666666667,0.0005056635714285714,0.001078115,6.429993338516469e-05,0.00027918747309365276,0.000922086061036004,-0.8597492759307934,-0.630069634985767,-0.8640754624754026,1.9327857254616638,1.1657212654301576,0.8961163570028807,35.84897269400919,39.683464081204626,43.208795059084174,405.633,369.9706,244.24114999999998
2020-09-06,335.04,360.0,316.1,352.8,2017811.14721,0.00030000000000000003,0.00034247000000000005,0.00048325428571428575,0.0010452303333333334,7.356019779747268e-05,0.00028241841206360643,0.0009319356635389289,-0.5621942479647037,-0.5766610452124554,-0.8640754624754026,1.6761534457120368,1.1979594647298086,0.9011830897009262,32.072895083714215,43.78870793308221,46.006587953181004,402.586,372.3132,244.71290000000002
2020-09-07,352.85,358.51,323.0,353.59,1740618.42462,0.00026480000000000004,0.0002882666666666667,0.0004407128571428572,0.0010291126666666665,2.032272947555789e-05,0.0002655971095309781,0.0009413809861267202,-1.0057951467984734,-0.8676958542804413,-0.8989555402612639,1.7342103635272024,1.197979133933064,0.8988282473226633,30.748919827069003,40.641544689930804,45.48065916475379,398.43399999999997,374.60280000000006,245.19604999999999
2020-09-08,353.59,356.58,325.38,337.39,1400246.82962,0.00030000000000000003,0.00028826666666666666,0.0004297157142857143,0.001001187,2.032272947555789e-05,0.0002681812276087941,0.0009504291271991916,-0.2936486915219922,-0.6645436241409967,-0.8620810003004153,1.4009531581413814,1.204056870371214,0.9081191236064043,12.269670293572162,41.88061617437372,45.50424616952825,392.308,376.6304,245.55664999999996
2020-09-09,337.41,359.0,330.51,350.85,879760.56255,0.00030000000000000003,0.0002882666666666667,0.0004183407142857143,0.0009463760000000001,2.032272947555789e-05,0.00027020186822403696,0.0009415351984542439,0.4469296849495532,-0.5922523287925593,-0.8620810003004151,1.485819983367031,1.2154772161950806,0.9111267424715805,22.374571517509125,43.99353996267751,46.11900437959805,384.499,378.7356,246.00304999999997
2020-09-10,350.85,377.25,349.91,367.93,1134287.61137,0.00026538,0.00028846,0.00041495285714285713,0.0009043590000000001,1.998786631942931e-05,0.0002719187105743942,0.0009429067967812106,-1.0796518128326187,-0.6928772259532563,-0.8972583191499812,0.7943074328108747,1.2053273198168797,0.9165505163998627,44.36071338833584,47.48985469280506,43.67867431913192,377.91299999999995,380.81940000000003,246.47029999999998
2020-09-11,367.93,375.27,355.49,373.63,844017.59966,0.00019972,0.00025503333333333337,0.00040620000000000006,0.0008800966666666668,5.093436691799317e-05,0.0002770556524210671,0.00095161279092059,-1.6177661091268776,-0.9186908222365607,-0.9617714606937693,0.7130827566597756,1.2043246864046724,0.9153147925613151,45.20491465299213,46.413065259284686,42.6710616046386,367.736,382.786,247.01085
2020-09-12,373.62,388.57,364.73,387.78,766542.31635,0.00023731000000000002,0.00023413666666666666,0.0004017221428571429,0.0008400303333333333,3.2944824075062e-05,0.00027940080450241197,0.00095256002092178,-0.5394773159099557,-0.6987425961766471,-0.9204952908364623,0.7339584124600512,1.2154719078171698,0.9181997402627801,80.97921803385364,48.246943843926246,45.03190112852789,362.56399999999996,384.9586,247.7164
2020-09-13,387.78,390.43,350.0,366.42,989195.69047,0.00030000000000000003,0.0002456766666666667,0.0004017221428571429,0.0007140633333333334,5.066083727433618e-05,0.00027940080450241197,0.0007343390210547675,0.9200355847630616,-0.3765348264430847,-0.8550577316906046,0.8136693596945289,1.2220605038699133,0.9312209904239201,57.674104123953455,39.618067087162196,42.82541851699712,361.066,386.1818,248.42884999999998
2020-09-14,366.43,384.64,355.73,377.12,1042059.62265,0.00030000000000000003,0.0002791033333333333,0.0004017221428571429,0.0006443379999999999,3.619408837554446e-05,0.00027940080450241197,0.0006656418684216446,0.9200355847630629,-0.3434356533691775,-0.8550577316906048,0.7919626003512674,1.2019585221951852,0.9299380144446239,61.926001013245354,40.76885486216948,44.355329735824405,360.25199999999995,387.50419999999997,249.1755
2020-09-15,377.12,382.47,362.34,364.06,883856.33005,0.00030000000000000003,0.00030000000000000003,0.00035730785714285714,0.0005792516666666667,0.0,0.00023649559082501305,0.0005946398809368327,0.6997742062534769,-0.309767914681434,-0.8550577316906048,0.7921388281103399,1.210156729750489,0.9356154356788424,63.961888806985954,30.003591953872103,43.974938073472394,363.15700000000004,388.34680000000003,249.862
2020-09-16,364.05,373.45,355.0,365.11,841709.98939,0.00030000000000000003,0.00030000000000000003,0.00029594357142857146,0.0005093690000000001,0.0,5.1729793915819674e-05,0.000487196629456869,0.4470541373041069,-0.3068016090424337,-0.8550577316906048,0.7739538629365037,1.210277411389243,0.9355847800162526,58.58002406689525,34.72798193369485,45.46544745887894,364.388,389.3136,250.60150000000002
2020-09-17,365.04,394.14,363.3,389.36,1256300.411,0.00030000000000000003,0.00030000000000000003,0.0002924728571428572,0.0004280766666666667,0.0,4.9508194104796764e-05,0.00024626936279320343,0.0,-0.30169437797572213,-0.8550577316906048,0.927181828416038,1.2363194381440548,0.9459647250237811,61.869945717920594,51.897949451251044,47.2469652398138,367.96500000000003,390.74659999999994,251.45925
2020-09-18,389.35,392.58,375.33,384.39,804194.47219,0.00030000000000000003,0.00030000000000000003,0.0002833721428571429,0.0004060336666666667,0.0,3.1074228792629835e-05,0.00022562707488369037,0.0,-0.30169437797572213,-0.8550577316906046,0.7350307848228206,1.2365515627007497,0.9459367695181562,56.008487826231786,49.79365305218106,49.61064949723993,372.665,391.73699999999997,252.22134999999997
2020-09-19,384.4,388.72,377.0,385.25,570908.33553,0.00030000000000000003,0.00030000000000000003,0.0002833721428571429,0.000391914,0.0,3.1074228792629835e-05,0.0002182011010686745,0.0,-0.30169437797572235,-0.8550577316906048,0.7061578263966058,1.1900914495278903,0.9426903449959934,48.3409836061136,65.56188824128495,48.89815366259256,376.10499999999996,392.51539999999994,253.02805
2020-09-20,385.25,385.45,365.0,371.04,693164.40144,0.00019920000000000002,0.0002664,0.0002761721428571429,0.0003848566666666667,5.8196907134343536e-05,3.786169571940778e-05,0.00022097145812467004,-1.7884576446147917,-0.6995353539796526,-0.9569756168780107,0.7182724735450793,1.1952644226112932,0.9353286325046116,53.34298118614559,55.7780030405595,47.87585581275987,376.416,392.1962,253.76194999999998
2020-09-21,371.04,376.8,331.0,340.36,1283946.03098,0.00013594,0.00021171333333333333,0.00026696785714285713,0.0003793880000000001,8.27427249571635e-05,5.333873468815743e-05,0.00022513481305882073,-1.4633245149030132,-0.932952494154801,-0.9898000854378418,1.0542833221700387,1.1518585078363006,0.9575541207944926,29.36686124808537,46.47632237753654,42.939251552021666,373.089,391.555,254.32185
2020-09-22,340.31,346.91,335.34,344.21,842731.12878,-0.0002165,3.954666666666665e-05,0.00023007500000000002,0.00035171366666666667,0.0002239874517318705,0.00013883586151390974,0.00024544646942878016,-1.6898851381002808,-3.7532806914173307,-1.3076690278340208,0.7472642820422634,1.1227890338248427,0.9573996890163068,37.57355702984472,51.944349412289185,45.75270940255339,368.732,390.7204,254.81849999999997
2020-09-23,344.18,344.65,313.29,320.72,940904.49756,0.00021632000000000002,4.525333333333332e-05,0.00022409785714285719,0.000330245,0.00023022020270457806,0.00013738762704220328,0.0002268858142212139,0.44496323457097164,-0.281464224600408,-0.8481067025790036,0.8234100903326544,0.9994744312137926,0.9499136855934325,28.306128432999557,41.874764036143546,43.16898599978827,364.16200000000003,389.3426,255.23595
2020-09-24,320.72,353.1,316.67,348.97,1071705.09721,7.083e-05,2.3549999999999986e-05,0.00021020142857142862,0.000317474,0.00022024948785412352,0.00014262995460859618,0.0002304370507146465,-0.05867689781881649,-1.3138514515714632,-0.9648832679090302,1.322033101301408,1.0739371180403832,0.9711637661532636,31.003668516398236,45.17753586294003,46.5846178354036,361.347,388.30760000000004,255.98365
2020-09-25,348.97,358.0,337.58,351.92,860643.77924,0.00025361000000000003,0.0001802533333333333,0.00021405071428571432,0.00031061933333333336,9.658020207753163e-05,0.00014305188867434973,0.0002291291142254574,0.8662949830665724,0.1810613184071084,-0.7496744811663322,1.3239333169344374,0.8868755820730476,0.9678670397799697,34.43283152724037,44.39973172335469,45.62189559021238,360.133,387.45059999999995,256.7292
2020-09-26,351.93,356.4,345.88,353.92,530879.20755,0.00030000000000000003,0.00020814666666666665,0.00021852857142857146,0.00031019233333333336,0.00012116067114925046,0.00014480637618012346,0.00022913682705984442,0.837180715161113,0.5580641488523934,-0.6851505802176123,1.0484572794435485,0.8591017498012165,0.9669023222026952,35.141800246375794,40.68141787727349,45.45158731746911,359.014,386.9422,257.4953
2020-09-27,353.95,362.14,347.24,357.49,569568.55041,0.00030000000000000003,0.0002845366666666667,0.00021852857142857146,0.00030945033333333333,2.67832789877699e-05,0.00014480637618012346,0.00022913244311115684,0.7587138333196686,0.5404518801003668,-0.6599464351233716,1.0481461659008413,0.8601098061809179,0.9671101475654564,42.85262158423887,47.27561169036435,42.31703907585434,355.827,386.15139999999997,258.30969999999996
2020-09-28,357.58,368.2,351.7,353.96,757758.4304,0.00030000000000000003,0.00030000000000000003,0.00021852857142857146,0.00030945033333333333,0.0,0.00014480637618012346,0.00022913244311115684,0.5546518493639496,0.5404518801003668,-0.63477950539433,0.7073675685021992,0.8350660431185224,0.9591197126694389,60.05322294438146,42.61102603330999,41.3915068904266,352.784,385.4278,259.54040000000003
2020-09-29,353.91,360.63,350.45,359.79,585143.16892,0.00015862,0.00025287333333333335,0.00020843000000000004,0.00030473766666666666,8.162578105805026e-05,0.00014361252163106332,0.00023078149255985952,-1.6901986352416098,-0.5443609258862646,-0.7707572129609883,0.18684723816462714,0.8213792860411279,0.9564119460233657,61.18931341506994,48.571810823011575,36.49068685853334,350.238,384.71479999999997,260.66904999999997
2020-09-30,359.78,361.5,351.56,359.83,498943.23226,0.00019720000000000002,0.00021860666666666666,0.00020108714285714288,0.000301311,7.308050446826974e-05,0.00014117785702541166,0.00023161594734490612,-0.7905841537135458,-0.2055771405465563,-0.7027654543904839,0.19090731070033856,0.7946009200451682,0.91545589695215,92.35434264534003,48.221982758166,39.83878784758424,349.117,384.3314,261.8555
2020-10-01,359.83,370.45,345.51,352.85,758349.31959,0.00029937000000000003,0.00021839666666666666,0.00020104214285714288,0.0002805633333333334,7.272973692607992e-05,0.00014114399996395895,0.00019981160636153535,0.7092400869469745,0.5758207876468352,-0.5615066182675132,0.2781703016284205,0.7947028345729251,0.9118968208787694,57.79116465700989,36.08718847610302,45.81267783248284,350.36600000000004,383.64480000000003,263.00085
2020-10-02,352.83,354.55,334.24,345.6,733571.84211,0.00010859000000000002,0.00020172000000000004,0.00018737000000000002,0.0002455463333333334,9.547028281095367e-05,0.00014008759067647765,0.0001142861060576114,-1.2203503611550914,-0.8834982104538213,-0.7704881934763159,0.29462517159428236,0.7769787054460975,0.9085148751460763,39.17808219084163,35.47082178403133,44.240487946198456,350.505,382.066,264.17375
2020-10-03,345.6,351.0,343.7,345.95,303595.71901,-9.27e-05,0.00010508666666666666,0.00015932000000000004,0.0002308366666666667,0.00019605847656588816,0.00015438647379971347,0.0001281270198248242,-1.5658921065086542,-2.0456909544201487,-0.9846573184628945,0.29871489008218155,0.7427049994590954,0.9081033473412072,35.53539019873406,35.22334185554733,51.85801630385461,353.02799999999996,380.2228,265.32515
2020-10-04,345.94,354.45,343.81,352.37,343932.91712,2.9460000000000006e-05,1.5116666666666655e-05,0.0001471957142857143,0.00021757166666666668,0.00010140865068295218,0.00015764434453806805,0.00012767309316301368,-0.5231465830425878,-1.080177740228842,-0.8076279732303723,0.31203474160482675,0.7354852411252486,0.9064239814923577,41.57894736746363,42.543334131643405,49.924036320744136,353.36800000000005,378.6238000000001,266.49645
2020-10-05,352.34,356.1,348.54,353.62,376740.30692,8.863000000000001e-05,8.463333333333319e-06,0.00014381642857142857,0.000210526,9.247046681690878e-05,0.00015840939888622912,0.00012879473424659348,0.013757892943182855,-0.6086790354207984,-0.7071821644112274,0.31765227244036653,0.721754213539141,0.9059540871875654,49.395448078429034,56.923558896410896,50.005291191435276,353.538,377.02380000000005,267.58305
2020-10-06,353.63,355.1,336.8,340.75,640063.26951,5.059e-05,5.6226666666666655e-05,0.00016289428571428574,0.00020221233333333336,2.9985016814018495e-05,0.00012402968718536149,0.00013085327915943515,0.17347326362039345,-0.7859389375907176,-0.7302340271295564,0.4178745008984543,0.7371618320405546,0.9052537071954125,22.923777018883683,48.348921549268105,50.59965733815792,352.221,375.221,268.6194
2020-10-07,340.8,342.85,332.18,341.58,541928.86376,2.7130000000000006e-05,5.5449999999999986e-05,0.00014938071428571433,0.00019429000000000004,3.1036707299641815e-05,0.0001280038234684004,0.00013408804953306486,0.09571895575322772,-0.8565578964869497,-0.7414338786658735,0.3944000340896241,0.6724559829978471,0.8975090216470993,24.617524338880827,62.7009254738458,48.267484019978504,350.63,373.6136,269.664
2020-10-08,341.58,353.32,334.21,350.95,631794.8756,0.00030000000000000003,0.00012590666666666665,0.00016575000000000004,0.00019429000000000004,0.00015122486380664027,0.0001317834266456274,0.00013408804953306486,1.7470410444249904,1.0255526182261907,-0.3786216502289387,0.47013267419677196,0.68673344904575,0.8996303919276446,47.52217005651364,51.565464894494085,46.73235316707393,350.329,372.48339999999996,270.80715
2020-10-09,350.94,368.33,347.32,365.02,650478.19338,0.00030000000000000003,0.00020904333333333336,0.00016906357142857143,0.00019429000000000004,0.0001575415679537842,0.000134713170026443,0.00013408804953306486,1.0809513902244774,1.0255526182261905,-0.3524249135497131,0.5587689594304991,0.7115840438015252,0.904578504351742,71.5013286082805,58.80849919200735,48.39479473457062,350.852,371.465,271.95265
2020-10-10,365.01,378.4,364.71,370.52,591005.32129,0.00055247,0.00038415666666666667,0.00018709714285714286,0.0002038596666666667,0.00014576362246231602,0.0001666923702018733,0.00014877665678233532,1.4215708989899936,2.2503667642418343,-0.0021663183248832266,0.5607277729033303,0.6973574111688037,0.8994993367567734,74.41860465012734,60.66015925911989,46.67488633686256,351.92099999999994,371.116,273.11314999999996
2020-10-11,370.51,377.6,368.87,374.16,373318.23779,0.00035122,0.00040123000000000003,0.0001907557142857143,0.00020890966666666666,0.00013345795330366509,0.00016989235658609105,0.00015118305534688223,0.24027931479201625,0.9801252759143257,-0.255810042672255,0.27897600915403764,0.5800352906410806,0.8982213644542769,72.92236482114359,60.695495956820565,51.60036390644082,354.052,370.69440000000003,274.30345
2020-10-12,374.17,394.8,365.58,386.51,844422.65444,0.00030000000000000003,0.00040123000000000003,0.0001907557142857143,0.00021099933333333334,0.00013345795330366509,0.00016989235658609105,0.00015202008025105008,-0.5548768846526791,0.6308954523498129,-0.301905526320846,0.23342168960324586,0.5915876246960465,0.8718047058590822,78.04878048687303,68.76080691531685,51.928368997636674,358.143,370.6104,275.54400000000004
2020-10-13,386.51,387.75,374.51,381.04,645141.91394,0.00041910000000000005,0.00035677333333333333,0.00020936142857142862,0.00021496933333333334,5.974388783245221e-05,0.00018006117741808944,0.00015592935856215362,0.32636357854666176,1.2944262148623478,-0.0778484541840251,0.40174477019350346,0.4922159518579044,0.8683752774573897,89.32266250121953,62.29887718384978,53.599287772807884,361.652,370.0776,276.79254999999995
2020-10-14,381.05,387.41,373.13,378.69,569557.82936,0.00030000000000000003,0.00033970000000000007,0.00021670428571428572,0.00021496933333333334,6.876241706050855e-05,0.00018161645205527145,0.00015592935856215362,-0.798930330459979,0.47191372374972046,-0.24651631104569469,0.35031639871316833,0.35808159225046265,0.8679959907676278,85.17535544910669,60.63134159994496,52.86280462033892,364.284,369.9928,278.0311
2020-10-15,378.69,381.79,369.85,377.64,634038.09453,0.00030000000000000003,0.0003397,0.00021674928571428572,0.00021496933333333334,6.876241706050855e-05,0.00018163858682154882,0.00015592935856215362,-0.6492588571504042,0.4546316074204535,-0.20727609140538378,0.34795572053888113,0.3586732989630619,0.867898424600625,80.03601170254275,64.97523257108895,47.26142630090507,366.686,369.8294,279.2968
2020-10-16,377.63,379.83,361.18,365.5,654029.36404,0.00030000000000000003,0.00030000000000000003,0.00023042142857142856,0.00021496933333333334,0.0,0.00018006809745449347,0.00015592935856215362,-0.4471296482050419,0.45463160742045367,-0.16016679452690846,0.45429111774854536,0.39028633492332543,0.8710814706831089,50.56470588152013,61.35067305400534,45.72914311495346,369.16099999999994,369.474,280.464
2020-10-17,365.5,370.46,363.36,368.32,285578.24537,0.00030000000000000003,0.00030000000000000003,0.0002584714285714286,0.00021496933333333337,0.0,0.00015465525964630344,0.00015592935856215362,-0.447129648205043,0.4546316074204535,-0.09321597132910847,0.28833909990087075,0.3894396117570853,0.8702394979208095,47.2375690599431,62.409852434401714,46.20590739935737,371.835,368.9382,281.642
2020-10-18,368.31,378.64,367.1,378.11,323468.47095,0.00030000000000000003,0.00030000000000000003,0.0002777957142857143,0.00021496933333333337,0.0,0.00014005153912396246,0.00015592935856215362,0.0,0.4546316074204535,-0.04882640095311129,0.4107535060484427,0.39957844253476205,0.869108130962476,54.29628018190107,63.764705881398186,51.616443366662736,374.55100000000004,368.52740000000006,282.8541
2020-10-19,378.12,384.32,372.5,379.3,577252.90265,0.00030000000000000003,0.00030000000000000003,0.00029289357142857147,0.00021496933333333337,0.0,0.0001290515000721839,0.00015592935856215362,0.0,0.40952630614371777,-0.016536255831504653,0.40886098012319017,0.3952610905584205,0.8674587454040824,39.6437805220411,63.74143835520936,60.29069767352636,375.979,367.5346,284.04420000000005
2020-10-20,379.3,380.73,365.27,368.52,617309.81677,0.0005927,0.0003975666666666667,0.0003316157142857143,0.00022808600000000004,0.0001689904237918131,0.0001320509746397141,0.00017043305464163415,1.788717733744417,1.9360625138132022,1.3563883131248815,0.4811045308909155,0.4175314743515318,0.8533769543947464,34.396809570685974,65.19978106085078,56.19742007771707,375.779,366.22920000000005,285.18025
2020-10-21,368.53,401.49,367.74,390.38,1221663.63784,0.0009271,0.0006066,0.0003958992857142858,0.00025445800000000005,0.00031378099050134164,0.00018202359891231315,0.00021185881543758385,1.592464687864852,2.784332139726493,2.703300113865451,0.6072996361912523,0.47062449210441026,0.8642455382079772,59.802113029651814,71.71204840629652,67.90745501187587,377.40099999999995,364.5288,286.41165
2020-10-22,390.31,420.73,390.21,413.98,1095897.20667,0.0021057000000000003,0.0012085000000000002,0.0005248778571428572,0.0003318646666666667,0.0007947840713049066,0.0004892733136173823,0.0003862812230945195,1.6793563027866834,3.709693589464095,5.494540070565294,0.712535017495935,0.5078395382285675,0.8758329573852465,72.11000243306793,74.89139878283825,67.12141163977908,380.148,364.0184,287.76815
2020-10-23,413.94,419.33,401.3,409.11,727832.3224,0.00111033,0.0013810433333333334,0.0005827585714285714,0.000361665,0.000634222966813199,0.000508189135155516,0.00041076875889961095,0.14985370912759322,1.3936541604137407,2.3206019742715553,0.7704672405060443,0.5146533823380249,0.8701208688180605,79.10826324849316,68.77608380805479,64.91109141063905,382.95500000000004,364.57259999999997,288.95709999999997
2020-10-24,409.19,416.66,407.0,412.14,419236.87106,0.0012826,0.0014995433333333333,0.0006349107142857144,0.00040205733333333336,0.0005319667909121168,0.0005412317394818312,0.00043974084392210954,0.1395876877399647,1.5463135066616998,2.6315854934010847,0.7649668030623835,0.5126879279763175,0.855934914589177,79.16666666592893,68.10509831133332,65.0985477168969,386.3,365.11019999999996,290.19465
2020-10-25,412.14,417.4,402.5,405.86,415586.9761,0.00059795,0.00099696,0.0006525342857142856,0.00041353533333333335,0.00035612634457451,0.0005352677802129204,0.0004402261674273939,-1.076012437420939,0.12683717272259717,0.6704766391782389,0.6976159779595394,0.5219979757025283,0.8567545521669382,69.3757855041396,63.48018370395583,62.37021124149845,389.12199999999996,366.5272,291.3584
2020-10-26,405.85,411.11,382.3,392.52,895142.67266,0.0004133,0.0007646166666666667,0.0006606271428571429,0.00041731200000000003,0.0004579890346212845,0.0005303617383146462,0.000439704256536763,-1.0357122925225968,-0.29474771386411047,0.1408412476089131,0.6745549429522146,0.5162896960013311,0.8607406093523626,57.891595032945006,52.53436788333012,59.390220143355286,391.824,367.3216,292.47339999999997
2020-10-27,392.52,410.25,389.9,403.45,754261.74114,0.00038409,0.0004651133333333334,0.0006581264285714287,0.00042011500000000004,0.00011596331761956601,0.0005316690942914837,0.00043919837066111147,-0.9036258276427281,-0.40547143815701014,0.054886847392187244,0.4448593585069086,0.5230000263176029,0.8601326551497045,70.81396734537516,59.03410465143393,60.37448911620069,395.337,368.31879999999995,293.7016
2020-10-28,403.41,409.2,380.52,388.23,855275.46882,0.00035253,0.0003833066666666667,0.0006618785714285715,0.000421866,3.039257200923319e-05,0.000529126557056456,0.0004388075217787987,-0.6501064569583564,-0.48083990169796526,-0.03733119063994404,0.5311213452337945,0.5519937969431736,0.8651340336925032,48.60877442689239,53.48429510536978,56.29432624043607,396.349,369.3356,294.8511
2020-10-29,388.22,393.72,380.52,387.13,573096.01416,0.00030000000000000003,0.00034554000000000003,0.0006618785714285714,0.0004265786666666667,4.2478548704059066e-05,0.000529126557056456,0.0004366366667018489,-0.9664475734919845,-0.5946557266122676,-0.18670524218176235,0.5063756976707835,0.5306940889162953,0.8451721997382696,25.488406061386826,53.464768163016785,57.800837428719085,397.13199999999995,370.06120000000004,295.9938
2020-10-30,387.12,391.97,373.29,382.49,771750.74746,0.00030000000000000003,0.00031751,0.0006618785714285714,0.00043000533333333333,3.032820964058278e-05,0.000529126557056456,0.00043517539497455517,-0.9908291653342314,-0.56234830797567,-0.18670524218176235,0.5054744951057882,0.5314918766747705,0.8449169708134548,25.595892922297054,56.562379296414164,58.49569342654051,398.52900000000005,370.3524,297.1248
2020-10-31,382.59,394.88,379.9,386.46,467453.8105,0.00030000000000000003,0.00030000000000000003,0.0006618785714285714,0.00043002633333333334,0.0,0.000529126557056456,0.0004351688887561473,-0.699658781055992,-0.555228116887435,-0.1607031381198799,0.4723162419775579,0.531659711997282,0.8123120422711507,26.856524873489533,56.94486983093627,59.176369319233025,398.137,370.60900000000004,298.26485
2020-11-01,386.44,398.29,384.61,396.67,438952.95565,0.00030000000000000003,0.00030000000000000003,0.0006618785714285714,0.00043640666666666666,0.0,0.000529126557056456,0.0004316828002878544,-0.4470233090936014,-0.555228116887435,-0.12510315069550462,0.4641916051002244,0.5251894912688273,0.7932567912884856,42.26561184935893,57.08288810807575,59.86549082412426,396.406,370.7868,299.48454999999996
2020-11-02,396.68,404.5,377.92,383.02,779968.57957,0.00050095,0.00036698333333333335,0.0006762321428571428,0.00045619500000000006,0.00011601853659366864,0.0005212213045734126,0.0004200416972302449,1.7886553496566837,-0.13392498442410075,0.47970183539784667,0.4408410484829012,0.5441493394842037,0.7166250277905145,42.046215672648486,51.29634792255494,56.204626033440086,393.79699999999997,371.11879999999996,300.5382
2020-11-03,383.01,390.0,370.23,387.88,752954.37114,0.00030000000000000003,0.00036698333333333335,0.000655325,0.000465213,0.00011601853659366864,0.0005306153839683198,0.0004134159708236545,-0.44716383741417104,-0.5651242733489648,-0.12617619326806986,0.45975677682467603,0.5457938774587089,0.7168715201690473,35.48928238537107,57.03692933934391,60.2944388616975,391.371,371.334,301.62415
2020-11-04,387.88,408.39,376.47,402.49,1157064.35076,0.00030000000000000003,0.00036698333333333335,0.0006105321428571429,0.00047225866666666667,0.00011601853659366864,0.0005323741829286075,0.0004085492212757886,-0.44716383741417104,-0.5651242733489648,-0.12617619326806986,0.5248965289823652,0.5662655353520792,0.6309193608023735,63.44268476537686,54.64661192482154,62.548930733960454,391.034,372.10259999999994,302.69960000000003
2020-11-05,402.5,420.4,396.14,416.69,1475139.77342,0.00219072,0.00093024,0.000616605,0.0005435963333333334,0.0010916077009622107,0.0005509041482278171,0.0005072948720519711,1.7789198415731269,2.6153086257288933,4.4813085294589845,0.565132640610283,0.5573498579693976,0.6241397142225652,72.34653764664887,51.12066826506022,63.279734970195605,393.451,373.1342000000001,303.8829
2020-11-06,416.73,458.27,414.76,455.91,1682440.96026,0.00184851,0.0014464100000000002,0.0006693321428571429,0.000604309,0.0010074566179741947,0.0006312590214457095,0.0005505037159281358,0.894814138555839,1.7490612519705666,3.2361144455854642,0.8634929170677313,0.6616120593191532,0.6601311818188799,86.44757744181379,65.07149297893147,66.66666666598208,398.697,374.46520000000004,305.31145
2020-11-07,455.91,468.28,424.14,435.21,1653416.5961,0.00210006,0.00204643,0.0007277221428571429,0.0006643110000000001,0.00017729651350210338,0.0007234264954015041,0.0006109697148843452,0.7796863132055672,1.8311794189920099,3.3516427707066434,0.9415547875934888,0.7005054341456264,0.6599251007571364,70.75351213240076,56.67032903441081,61.23597457125973,403.39500000000004,375.4816,306.6338
2020-11-08,435.2,460.1,431.99,454.3,840908.46841,0.0011459499999999997,0.0016981733333333332,0.000766865,0.0006925093333333334,0.0004945020809191157,0.0007306540837311991,0.0006130937663614436,-0.4672997233238511,0.4044357076320716,1.3866114271601364,0.9391675792791047,0.7166946048215039,0.6612363085053791,72.80930895233935,63.03973295957651,63.210470789341315,410.11199999999997,376.86260000000004,307.99179999999996
2020-11-09,454.29,459.1,433.09,444.32,1099213.24641,0.00104491,0.0014303066666666666,0.00081198,0.000708924,0.0005822193882320788,0.0007266321574221727,0.0006158013282600912,-1.1567378993235506,0.22544098394345383,1.1494686754411727,1.039155867385775,0.710509139176884,0.6553798184887352,74.98777107408695,64.20111854320713,59.60458547876094,416.29499999999996,378.3282,309.28585
2020-11-10,444.32,455.0,438.7,450.34,866872.41108,0.00086826,0.0010197066666666665,0.0008465635714285715,0.0007261586666666668,0.00014055013352301204,0.0007161466898038656,0.000612672264246936,-0.9882916944900492,-0.027742492042706245,0.7802550886489689,1.0271424974108394,0.6771314542402652,0.6551757002289803,75.22209659140155,63.21068349530344,61.49253731286174,422.683,380.5278,310.5996
2020-11-11,450.34,476.25,449.28,463.09,1205782.84262,0.00102657,0.0009799133333333334,0.0008947092857142857,0.0007503776666666666,9.712846664771658e-05,0.0007029137196474986,0.0006095982498146812,-0.4275459539174422,0.30922291182462763,1.054481135759054,0.7024292061333954,0.644074549685639,0.652592113706214,74.84421121636278,71.38857142800029,63.52997755633893,429.325,382.9054,311.94399999999996
2020-11-12,463.09,470.0,451.2,462.39,990776.62912,0.00059191,0.0008289133333333334,0.00091556,0.0007561380000000001,0.00021998511093557403,0.0006880888697857842,0.0006071715778887037,-1.5885664866708837,-0.3456070263822722,0.20559000657484325,0.48381001111122657,0.6402037731515705,0.6353735434949611,71.06767471833165,71.55211912886497,63.60134809764697,437.262,385.73879999999997,313.26905
2020-11-13,462.48,478.01,457.12,476.43,976665.09752,0.00071032,0.0007762666666666666,0.0009448685714285714,0.0007698153333333333,0.00022470881387550622,0.0006683070031730258,0.0006011336346794984,-0.7000086845206104,-0.11159607310394773,0.42108367340053704,0.41622327042435964,0.6482407417827306,0.6356533429674012,62.31988472570093,75.52717391246878,67.69500717757361,446.117,388.28799999999995,314.66949999999997
2020-11-14,476.42,477.47,452.0,460.89,735252.7854,0.0008063800000000001,0.00070287,0.0009810385714285714,0.0007866946666666667,0.00010742891649832298,0.0006439811930944424,0.0005945601366338136,0.03473884827750078,0.02802560420328735,0.5893177733613405,0.4953624130575184,0.6644292694756933,0.6348800255668862,66.43625191952756,69.02899217622004,64.19045283079456,451.957,390.4674,315.99275
2020-11-15,460.9,462.89,440.19,448.08,665217.56671,0.00030000000000000003,0.0006055666666666667,0.0009810385714285714,0.0007866946666666667,0.0002689518948312823,0.0006439811930944424,0.0005945601366338136,-1.4400603239246013,-0.7845356908236717,-0.3873495066559253,0.5704064456823915,0.6587625270987051,0.6398032014374213,45.6709354115817,62.97118635470473,60.62760108092663,455.096,392.3506,317.15635
2020-11-16,448.07,466.0,445.45,460.55,812060.44638,0.00030000000000000003,0.00046879333333333333,0.000966685,0.0007866946666666667,0.0002923586293122495,0.0006576003726223683,0.0005945601366338136,-1.0357423759207056,-0.7737632995228108,-0.3873495066559253,0.5682466068155431,0.6587531483960841,0.6243744720384532,60.917529933504085,69.67866389107289,61.93203512740208,455.55999999999995,394.4118,318.4287
2020-11-17,460.51,484.88,459.8,482.15,1151573.37456,0.0007206199999999999,0.00044020666666666665,0.0009967292857142858,0.0008007153333333334,0.00024284507022654856,0.0006339824747937479,0.000587606122956601,0.620060719020861,-0.1261293638557882,0.4103244091560527,0.6949689491737814,0.646255934583361,0.632006032382563,67.68991213382958,72.05352547559595,66.17324717417151,460.254,396.97560000000004,319.77935
2020-11-18,482.11,495.31,456.6,478.41,1477696.29116,0.00137637,0.0007989966666666666,0.0010736128571428572,0.0008365943333333333,0.0005424484036600502,0.0006077119334713752,0.0005888384559024117,1.5211555540022783,0.8563452513403926,1.60565442892532,0.6622046661887161,0.6486089798662331,0.6326403568081164,59.46847960393541,68.71241250075818,63.210973376423475,462.66499999999996,399.348,321.1019
2020-11-19,478.43,480.75,464.86,471.25,817418.52685,0.0006309,0.0009092966666666667,0.0009621971428571428,0.0008378676666666667,0.00040697732569927857,0.0005244306193670152,0.00058833394689307,-0.07869243651065012,-0.39437242265148964,0.1854029752711253,0.5917889886205272,0.6507600970070718,0.6259754448926584,55.070970695529425,63.93116127009751,59.040823413742565,465.358,401.5764,322.40885
2020-11-20,471.26,514.4,470.65,510.12,1516361.90736,0.00174577,0.0012510133333333334,0.0009548585714285714,0.0008651566666666667,0.0005679080027903607,0.000511636826257081,0.000611159206947566,1.3409752163626818,1.3066821198293292,2.16351861156887,0.7436770824435828,0.7140847494529917,0.6112583601406006,65.01470719274882,63.866577991050214,64.39996578513293,471.33599999999996,404.72180000000003,323.92705
2020-11-21,510.12,553.32,502.82,552.35,1548851.29067,0.00099054,0.0011224033333333333,0.0008756071428571429,0.0008279846666666668,0.0005690120677396363,0.0003927119665848013,0.0005652973645835028,-0.21946199954269638,0.02610796425297147,0.7585773256193069,0.8749299456579697,0.7662397280516593,0.6370324156464546,82.92770737285392,76.99078340964154,67.97886800146092,480.262,408.8568,325.66235
2020-11-22,552.42,580.88,511.28,560.03,1850317.93581,0.0023936499999999998,0.0017099866666666665,0.0009647285714285714,0.000870762,0.0007022390997611395,0.0005633052869770215,0.0006320182298516584,1.4158008923453769,1.991939707730607,3.0253247921304443,0.8859772842756317,0.7306749239315848,0.6058921777558549,91.85046728923894,75.71379930878933,69.69820867248828,490.026,413.13840000000005,327.46765
2020-11-23,560.03,610.85,550.12,608.58,2076008.84846,0.0035807,0.00232163,0.0011458564285714286,0.0009473653333333334,0.0012965810297470813,0.0008988301048979612,0.0008004756247413494,1.4570170692471998,2.777203711402778,4.170127027647037,0.8731093696173521,0.779334538179526,0.6049181539859372,93.58181711084316,83.6377785054182,75.327050217539,503.241,418.26259999999996,329.45055
2020-11-24,608.58,623.0,585.0,604.97,1606450.49193,0.00272945,0.0029012666666666663,0.0012787985714285716,0.0010184153333333333,0.0006118926791793921,0.0009878461606550282,0.000860720771682114,0.4496760757671073,1.5656298688220145,2.708980706457578,0.81429846073586,0.7855902795908489,0.6060800383392084,90.44388830306039,81.98138572858419,74.03511282809194,517.649,423.2896,331.41885
2020-11-25,604.98,606.0,553.83,569.5,1219440.02727,0.00243656,0.0029155699999999997,0.0013795121428571426,0.0010858573333333333,0.0005943438194345097,0.0010310826135384154,0.0008904257831836167,0.011117046467723345,1.1989556185232695,2.178220210160228,1.1577670169013572,0.8543679146992643,0.6298027734853767,74.81069891565957,70.1175936775507,70.62370582702403,529.7909999999999,427.8646,333.216
2020-11-26,569.38,577.14,481.0,519.83,2683460.74171,0.00072112,0.001962376666666667,0.0013887414285714288,0.0010970916666666669,0.0010848892673601923,0.0010240447026589983,0.0008833645283842156,-1.5890562988053405,-0.6588084850616257,-0.048597835346719145,1.295058045773682,0.9009437886617911,0.675593323296963,60.74398443010209,59.16283818248205,63.59519711462572,535.719,431.4296,334.87745
2020-11-27,519.83,530.62,493.72,518.68,1088064.28114,0.0004475,0.0012017266666666667,0.0013699685714285716,0.0011002573333333333,0.0010781127014061818,0.0010397271868276658,0.0008807706348417484,-1.139352203147854,-0.872504936019746,-0.4071997198209154,1.2728118406436197,0.8702186487868563,0.6747193366070159,52.272244637733095,57.02878056869125,64.05324527875482,539.3720000000001,434.7842,336.54220000000004
2020-11-28,518.59,547.94,506.59,537.52,900508.61431,0.00030000000000000003,0.00048954,0.0013337985714285713,0.0011002573333333333,0.00021368442807093334,0.0010692308162978093,0.0008807706348417484,-0.8843759842794445,-0.9644322283925783,-0.6031075362653511,0.9651528420017448,0.8652890867240136,0.6781649349645844,45.505243377390705,62.60984038147883,65.12354330987475,545.283,438.2342,338.281
2020-11-29,537.5,576.9,530.32,576.3,855276.46664,0.00030000000000000003,0.0003491666666666667,0.0013337985714285715,0.0011002573333333335,8.515916470548112e-05,0.0010692308162978093,0.0008807706348417484,-0.5956195346559267,-0.9033573370726117,-0.6062606540550781,1.2686378532851454,0.8914461872937134,0.6954660086381407,54.14902840802823,69.43787520436233,67.01073883939537,555.788,442.34979999999996,340.1646
2020-11-30,576.32,616.85,570.07,616.66,1501989.45408,0.00137081,0.0006569366666666666,0.001410285,0.001135951,0.0006182324417509447,0.0010270584182227943,0.0008688382301606077,1.652756991220674,0.2097598528737313,0.7647384452167494,1.273547423260597,0.9215726211748807,0.7073769360232054,52.15030870749143,71.82074865086088,71.06003244961425,566.442,447.1998,342.23145000000005
2020-12-01,616.65,635.7,560.0,585.26,2163875.81376,0.0013021299999999999,0.00099098,0.0014518214285714286,0.0011693553333333333,0.000599390737249085,0.0010086145398886166,0.0008547401729936367,1.0245653140973616,0.12192787617989073,0.6514647769404258,0.9850113101830741,0.9638624163343813,0.7198171446248278,45.4305188480929,64.02818970887965,66.97921684641878,569.733,451.1748,344.18345
2020-12-02,585.26,604.93,575.0,596.89,1069538.65619,0.00075234,0.0011417600000000001,0.001407247857142857,0.0011777349999999998,0.00033899142747273377,0.0010258470749743924,0.0008491754960721057,-0.10144523475330937,-0.4749967233552784,-0.0853335573820967,0.9495546277236633,0.9625292780610216,0.7200431804190086,57.13913360767347,65.78050079890224,66.80904783283114,573.419,455.4918,346.16565
2020-12-03,596.88,623.44,585.82,615.85,935687.91723,0.00097331,0.0010092599999999999,0.0014317057142857143,0.0012001786666666666,0.0002766524225449719,0.0010098712914846306,0.0008339381225690665,0.07692901847218053,-0.25383365820497766,0.18737096709478565,0.9470832118072534,0.9630115266265614,0.7217712816421262,79.79766633530373,68.67252066090872,67.08003155948711,574.146,460.235,348.20990000000006
2020-12-04,615.84,620.0,565.82,567.24,1052452.78666,0.0006225800000000001,0.0007827433333333334,0.0013514778571428571,0.0012109313333333335,0.00017733063816874678,0.001027463540391345,0.0008239509729419285,-1.1597091576961323,-0.6184178798008565,-0.29412637152926824,1.1849790907290194,1.0285979906842346,0.7561838811582308,61.64061750866264,57.19504207164792,59.3963640043782,570.3729999999999,464.027,349.97155
2020-12-05,567.24,597.11,560.88,596.8,701567.95564,0.00053855,0.00071148,0.0013191928571428572,0.001155859,0.00023061108364517445,0.0010466003688090356,0.0008113225247889994,-0.9744806172444266,-0.7295569607597842,-0.4213744319485213,1.098446572793475,1.0270480661062893,0.7549280607631937,63.515731873942265,55.783693756790534,63.437390855726,573.103,468.65299999999996,351.88265
2020-12-06,596.82,607.5,583.0,601.54,602496.96339,0.00030000000000000003,0.00048704333333333337,0.0011696464285714284,0.0011042419999999999,0.0001673444550420927,0.0010307218666815482,0.0008149864123487581,-1.349703600148214,-0.9881175101461952,-0.7549808626803625,0.9843198569739297,1.0256443636962307,0.7547388493790315,56.812047932420555,55.44279233189725,62.54344714752415,581.274,473.31739999999996,353.84045
2020-12-07,601.59,603.15,584.22,591.28,498329.37589,0.00030000000000000003,0.0003795166666666667,0.0009353107142857142,0.0010442399999999999,0.00013772690671519117,0.0007837463665720155,0.0008053490830689488,-0.8874719779671635,-0.9484324179384167,-0.7549808626803625,0.9862418721299263,1.0226438402860363,0.7562372142651694,41.821345707467934,47.478428171448016,62.51362397790354,588.5339999999999,477.58079999999995,355.80315
2020-12-08,591.27,595.0,549.22,554.94,804443.00717,0.0005711000000000001,0.00039036666666666665,0.0007811428571428572,0.0010250783333333334,0.00015651965797731275,0.0005926682978040744,0.00080967274516902,0.6757139362595854,-0.6111033944463595,-0.39328293842258183,1.0267731861321443,1.0680643637490763,0.7727801366618084,40.53091817596271,43.343002368308596,58.46936131596756,590.2760000000001,481.0936,357.54105
2020-12-09,554.92,578.08,530.43,573.09,997192.16738,0.00033842,0.0004031733333333333,0.0006312757142857143,0.0010015286666666668,0.00014669201796053857,0.0003624149353925768,0.0008192931655322242,-0.5313429606798122,-0.8318194489442224,-0.7045209643215158,0.8531784642365561,1.0680223309820773,0.7750446235682249,42.858000239887176,50.50076719187976,58.82938419032184,589.955,485.185,359.37350000000004
2020-12-10,573.2,575.7,548.11,558.99,608414.51466,0.00030000000000000003,0.0004031733333333333,0.0006011957142857143,0.0009825866666666667,0.00014669201796053857,0.0003717405964609516,0.0008289922297640623,-0.5240260725226205,-0.7914730054823814,-0.7550877679216124,0.6876071172428518,1.029877818403736,0.7790620318429246,32.42457962399419,56.064172447725184,57.59052049258038,584.188,488.5572,361.16895
2020-12-11,558.99,560.8,535.5,544.43,768921.78317,0.00039782,0.0003454133333333333,0.0005976471428571428,0.0009616283333333334,4.928354830300839e-05,0.00037355330577140987,0.0008357622034760797,0.14430177467419106,-0.6516378803624088,-0.6250459750973858,0.6536280089212051,0.979971032568812,0.7805374252453506,41.06961083682756,53.82854084250093,55.33886062408933,580.1049999999999,491.1662,362.87035000000003
2020-12-12,544.46,574.0,543.1,568.04,573913.95311,0.00030000000000000003,0.00033260666666666663,0.0005976471428571428,0.000951898,5.64764033321436e-05,0.00037355330577140987,0.0008418918635180694,-0.7189320559660581,-0.673711029854992,-0.7543797241797134,0.8467197817362586,0.9956446934898787,0.7840877272901718,38.18988173434024,54.47428604915187,58.30736071674611,577.22,494.3448,364.7061
2020-12-13,568.09,595.0,563.22,590.7,657794.46158,0.00030000000000000003,0.00033260666666666663,0.0005976471428571428,0.0009382206666666667,5.64764033321436e-05,0.00037355330577140987,0.0008492527014114876,-0.6362602044938184,-0.6614021299377857,-0.7543797241797134,0.6690285392480321,0.9419448270277198,0.7874521193471259,46.11970217617211,52.21579368476304,60.89101350086979,574.705,497.91600000000005,366.61814999999996
2020-12-14,590.81,591.48,575.6,586.29,493012.02706,0.00030000000000000003,0.00030000000000000003,0.0005211607142857143,0.0009213413333333334,0.0,0.0003067142900903146,0.0008569607619059542,-0.44711139028098434,-0.6411527430481182,-0.7543797241797134,0.6480127173220827,0.9421083282301994,0.787915434667458,48.135694537594745,44.74549292341381,59.72166383150267,576.61,501.52459999999996,368.44855
2020-12-15,586.29,597.2,578.58,588.64,569270.52011,0.00030000000000000003,0.00030000000000000003,0.00044958000000000004,0.0009213413333333334,0.0,0.00021307697774784396,0.0008569607619059542,-0.44711139028098434,-0.7068215914361107,-0.7543797241797134,0.5704988509207862,0.904235110204807,0.7815620651250548,66.87700320465925,50.65015003435059,58.48593513401265,575.794,505.44700000000006,370.2884
2020-12-16,588.78,640.0,580.71,637.18,1185588.05078,0.0012246000000000002,0.0006082,0.0004833128571428572,0.0009521613333333334,0.0005338180588927296,0.00028866870597034713,0.0008504456290339701,1.7888111210949906,1.80570148065128,0.4850238654694239,0.6572198307510548,0.8599569729557237,0.8010970302053418,74.60646548374234,56.78625568442141,61.80885087367338,579.358,510.12159999999994,372.256
2020-12-17,637.18,676.25,625.76,642.7,2006130.01975,0.00257168,0.0013654266666666666,0.0005974821428571429,0.0010138633333333332,0.0011423688625541815,0.0006215353474468087,0.0008988400664931053,1.6381153342427415,3.2903060818230947,2.188491385902118,0.6690461841218414,0.858201175793464,0.7999484546848823,84.40608302458617,54.736953529950846,62.783137740004186,584.5,515.211,374.31164999999993
2020-12-18,642.71,664.61,629.4,653.85,1000012.98018,0.00138872,0.0017283333333333335,0.0006522064285714287,0.001014275,0.0007349551304218063,0.0006566512612386158,0.000899014629967068,0.24671466998401878,1.123122391135756,0.6105736662792192,0.6519308141700334,0.851481355620838,0.800080251106051,96.27029769902404,67.6072372429573,61.178428657824355,594.391,520.5454,376.33975
2020-12-19,653.76,669.95,645.42,658.03,858803.88459,0.00204796,0.0020027866666666666,0.0007600214285714286,0.0010615103333333335,0.0005927723533814094,0.0007533491699773057,0.0009152573564793331,0.6275451144234762,1.894994751167537,1.4242671941958185,0.6071900790765268,0.8078037847726349,0.7944530607998995,95.5368889781714,63.87994740858034,58.736194695846066,602.885,526.0562,378.44135
2020-12-20,658.05,661.39,621.01,638.18,823958.22843,0.00162126,0.0016859800000000001,0.0008543971428571428,0.00105736,0.0003343513918020999,0.0007737705851958231,0.000912325117280395,-0.2748304220115793,1.197768793184753,0.8505608055712975,0.7595106872675924,0.7735079295303636,0.7913056610957386,74.72916666612169,57.773251866595025,56.332960567644385,610.804,531.0906,380.40965000000006
2020-12-21,638.1,648.0,595.9,607.58,843251.16565,0.00078672,0.0014853133333333334,0.0008891628571428572,0.001050566,0.0006415159440990807,0.0007577128934591825,0.0009135979047080249,-1.3303261337379204,-0.01526550856916002,-0.20032526862121575,0.549654627258417,0.7694230137206856,0.7934212273206751,58.71184221261073,53.18334505087706,49.916535906019824,617.119,535.3088,382.23150000000004
2020-12-22,607.68,637.73,588.0,636.45,918851.25654,0.00035699,0.0009216566666666666,0.0008738692857142858,0.0009826773333333333,0.0006428456939525492,0.000766733543029874,0.0008855950603775149,-1.314798770995529,-0.6320053104335476,-0.7448682072020982,0.7290590043826174,0.789533202480074,0.7981376872757038,66.0749109000992,66.3971031981776,52.52114300335235,623.9599999999999,540.3774,384.2136
2020-12-23,636.41,638.44,551.28,585.56,1208807.36518,0.00062856,0.0005907566666666666,0.0008945935714285714,0.0008842726666666666,0.00021734485784884473,0.0007549784511403384,0.0007388073491267362,-0.6434188182596488,-0.19767517425699418,-0.375808660938862,0.9580947301561901,0.8599470126123411,0.828897356195494,32.91407387777679,52.21657364259978,51.25519742372914,623.446,544.331,385.9317
2020-12-24,585.48,615.02,565.43,612.31,886335.86333,0.00030000000000000003,0.00042851666666666663,0.0008945935714285714,0.000803291,0.00017557040306764269,0.0007549784511403384,0.0006583471184316357,-0.8248336636245428,-0.6610894075906809,-0.7959647304274124,1.106232702453763,0.802995432173364,0.8326091672045381,41.18056764740361,59.06987820615533,57.49651437994714,626.048,548.5274,387.77045
2020-12-25,612.31,634.24,604.28,626.82,798009.62915,0.00030889000000000003,0.0004124833333333334,0.0008882414285714286,0.0007323686666666667,0.000187180667894242,0.000759838130442745,0.0005870784569417057,-0.7620166196706011,-0.6254765456117716,-0.780826483341994,1.130019747068578,0.7804267633808752,0.8273863337647265,42.305721605296824,64.01714927323276,58.580088228499754,629.866,552.73,389.67255000000006
2020-12-26,626.78,652.91,615.26,637.44,958585.50647,0.00030000000000000003,0.0003029633333333334,0.0008882414285714286,0.0007183313333333335,5.132643893212841e-06,0.000759838130442745,0.0005923674608966904,-0.5572191559986236,-0.6386142633704477,-0.7894904470121861,1.0228726124289942,0.7825420667945934,0.8262356631389071,44.34620242720062,62.35315058708689,58.03267091105137,629.892,556.3606,391.64074999999997
2020-12-27,637.44,717.13,625.0,685.11,1859968.15029,0.00154923,0.0007193733333333333,0.0009774721428571428,0.0007550556666666667,0.0007186907008117849,0.0007587950988363938,0.0006089181966614227,1.7266633888490117,1.0902444600450547,0.8065827906850991,1.125691776146859,0.8300565038189895,0.8330687371317055,61.17860035232803,65.43100912003004,58.62407862381842,634.133,561.3586,393.82739999999995
2020-12-28,685.1,748.09,681.04,730.41,1627154.39266,0.00241656,0.00142193,0.001128655,0.0008256076666666668,0.0010640068260589313,0.0008216787597235125,0.0006735611275881446,1.4863553678824726,1.9650715103997893,1.8409268962442555,0.46359563675727783,0.7992418983656152,0.8432211805934057,77.342950001985,70.77854671251704,58.94556378652534,641.789,566.8808,396.3269
2020-12-29,730.4,740.78,689.2,732.0,1106876.35855,0.0020363300000000003,0.0020007066666666664,0.0012526785714285715,0.0008834853333333333,0.00043476096723755466,0.0008180129180459868,0.0007008847513493354,0.7297174323132956,1.318310775446384,1.3109887775834634,0.5858004181698468,0.7962128977210189,0.8415863556289863,74.21071301853772,70.71436828083748,62.10766031853542,649.186,572.6344,398.79915
2020-12-30,732.0,758.74,716.62,752.17,1008574.09906,0.00221517,0.0022226866666666665,0.0013234335714285715,0.0009116306666666666,0.00019022641360582363,0.0008572945058425386,0.0007371444796525953,0.6036123753016341,1.3716408358728183,1.4766589441921754,0.5794484454570643,0.7804671595290492,0.8425517103902701,99.99999999957986,68.09897062959882,62.63425112254218,660.5849999999999,578.6709999999999,401.36945
2020-12-31,752.17,755.74,722.0,736.42,863375.57981,0.00152031,0.0019239366666666665,0.0012483357142857143,0.0009189033333333334,0.0003608071519985908,0.0007823085095921046,0.0007421890172778177,-1.0674434139215938,0.4796388293066411,0.59253932921252,0.7597177089544087,0.7754624097836759,0.8454076415334257,89.87854250971715,64.29094236020126,59.86160867617475,673.4689999999999,584.1376,403.8927
2021-01-01,736.42,749.0,714.29,728.91,675114.09329,0.0015243499999999998,0.0017532766666666668,0.0012580235714285716,0.000944637,0.0004000164608279693,0.0007850158268135761,0.000749561877959843,-1.0287339013807058,0.4201965593224796,0.5769622501528444,0.6498359462155979,0.772433271188502,0.8393777307215553,84.34829419245646,61.574045518762084,64.17635607902403,682.7149999999999,589.4680000000001,406.38295
2021-01-02,728.91,787.69,714.91,774.56,1352618.57668,0.0018399100000000002,0.0016281899999999998,0.0012431628571428573,0.0009735236666666668,0.00018336602520641914,0.0007707513073661269,0.0007671960967704944,0.041172745973410606,0.7295115875358572,0.9382379576659874,0.626218227621995,0.7920447366522451,0.8483942887248951,87.33391417958433,65.93115139558607,65.15947467135861,701.615,595.4306,409.07924999999994
2021-01-03,774.44,1011.07,768.71,978.28,2813603.88615,0.00307906,0.002147773333333333,0.0013472914285714286,0.0010554063333333334,0.0008218063458220157,0.0009114025856115073,0.0008545634969022565,1.606836424425511,1.9606885546613129,2.3277624811301014,1.9735195996681607,1.2216471093986383,1.008268770727087,93.15258029360533,80.9406841337094,73.98762224912494,738.212,605.7784,412.80154999999996
2021-01-04,978.33,1162.97,890.0,1041.43,4245010.94004,0.00755981,0.004159593333333334,0.0018310835714285714,0.0012894483333333333,0.0030091490850127937,0.001877045339781103,0.0014571457834625333,1.7323057736956264,3.646317840690883,5.410748464931403,1.9460607437567716,1.227355654952845,1.0139969762640373,93.49443418899858,87.26273297239169,76.85314434993475,779.673,617.6454,416.85235
2021-01-05,1041.45,1134.6,974.45,1099.56,2706995.67525,0.00248387,0.004374246666666667,0.0019830035714285712,0.0013622439999999999,0.0027747834324561866,0.0018341410136443754,0.0014605572865852398,-0.3311178303034918,0.41275033449487136,1.0600227559348958,1.7364069604198145,1.2120973932467323,1.0014908340480246,94.38272797511092,87.87229518633482,81.6654262986317,825.885,630.4256,421.20515
2021-01-06,1100.16,1213.0,1057.26,1208.42,2390136.59334,0.00657956,0.00554108,0.002408075,0.0015715626666666664,0.002692605105413714,0.0021572269574003135,0.0017284754577810068,0.8796496341419215,2.3822105663325135,3.8674321875291415,1.4448571323123565,1.2417649894680565,1.0085334708202398,95.37363008917247,96.52514266913393,83.41485478637847,878.216,644.951,426.1028
2021-01-07,1208.75,1289.0,1131.0,1224.87,1972922.82059,0.0045707,0.0045447099999999995,0.002713125,0.0017048826666666668,0.0020479686897264815,0.002138068062969105,0.0018013583702228579,-0.12976014706505823,1.2006049448789213,2.2473758494076885,1.6119045179790612,1.2426819430188694,1.0064659623356853,98.5083520367272,96.47083813780564,84.93525844133615,927.662,659.8802,431.08695
2021-01-08,1224.86,1273.75,1065.0,1216.93,2131172.92341,0.0038655300000000003,0.005005263333333333,0.0029671707142857142,0.0018224530000000001,0.0014082342412515515,0.002039447469368808,0.0018240572486330263,-0.5585490077489663,0.7860776282688762,1.6785026158550709,0.76837672049986,1.2488627878541658,1.0034662314719378,98.42429053369938,95.21846408463733,85.52937447142912,976.1550000000001,674.7937999999999,435.95595000000003
2021-01-09,1216.72,1304.37,1171.36,1276.0,1448871.11514,0.0029321,0.003789443333333333,0.0031551778571428566,0.0019101896666666666,0.0008219454821539788,0.0018905447826819185,0.001811561359230899,-0.715843010517066,0.29186059059977565,1.0086498496565788,0.744920404915171,1.2193372931006294,1.0062564880854195,98.46516662787268,95.54896142414154,86.05198297085028,1028.538,690.1114,441.12025
2021-01-10,1276.0,1348.33,1170.0,1254.25,1951179.35003,0.0066949,0.004497510000000001,0.0035227257142857143,0.0021200923333333332,0.0019593914872480184,0.0020479512994874965,0.0019866389852222044,1.0608210903956334,1.8409428328098538,3.18145820799588,0.8657641341983017,1.1843061532031351,1.009473781405291,91.14656329189269,92.15602038378614,83.82180539249228,1080.3210000000001,704.1493999999999,446.2186
2021-01-11,1254.24,1260.0,915.0,1087.01,4099450.90046,0.00283478,0.004153926666666667,0.0035525985714285717,0.0022045850000000002,0.0022010853927399853,0.0020335745738812388,0.0019602882556149035,-0.8529635640820757,0.034060932250126734,0.773907309901282,1.3844421744003772,1.4085462650043599,1.0829333816368378,55.18614600391719,72.37195412670165,71.88882477381901,1116.131,714.689,450.49115
2021-01-12,1087.0,1150.02,1006.33,1050.16,2302645.34052,0.0011314300000000001,0.0035537033333333332,0.003487962857142857,0.0022322993333333332,0.0028505591871829878,0.0020988097383386264,0.00193818566431729,-1.1546083169141694,-0.7833062226402134,-0.28001728694287426,1.3345140034431244,1.3494110131666233,1.0888029985628989,44.09317007836508,69.11467845802083,69.58447907102317,1143.6910000000003,723.5206,454.59375
2021-01-13,1050.36,1137.65,987.48,1129.89,1564202.39081,0.00089675,0.0016209866666666666,0.00339379,0.002252191,0.001057704763926749,0.0021879961532486223,0.0019206535109774479,-0.8622446229833285,-0.9228578143248052,-0.42592877788016076,1.6116494243868549,1.36113146705364,1.092391541764927,39.906948050207085,71.17739403442518,70.36883924347275,1158.852,734.0190000000001,459.13849999999996
2021-01-14,1129.79,1247.55,1086.7,1231.62,1555737.38556,0.00178744,0.0012718733333333333,0.0034128707142857145,0.0023017723333333337,0.0004616550838378593,0.0021715040719261286,0.001887431952650868,-0.3715776441936808,-0.548419089173477,0.10915199347028558,1.7743254716467936,1.3810261541805646,1.1008539035610234,50.71155995016868,75.32266972109734,72.55223331888124,1177.8709999999999,747.2614,464.17195
2021-01-15,1231.89,1256.98,1069.42,1168.53,1944038.83738,0.00170524,0.0014631433333333332,0.0034257914285714284,0.0023177936666666666,0.0004922298914464058,0.0021599099711859682,0.0018799984592445685,0.04538420468150988,-0.6473550945588715,0.04385485994881572,1.8179611777197295,1.4284023755223951,1.1137104090130032,45.429305329898746,71.27138654476681,68.95523047672171,1184.768,760.2354,468.87494999999996
2021-01-16,1168.48,1298.0,1151.77,1227.83,1575384.43797,0.00221535,0.0019026766666666668,0.0034526085714285714,0.002305916,0.0002738844099859271,0.0021409527786545343,0.00187946467123065,1.259735704188086,-0.4057499439479353,0.34731034759577745,1.2167404720631605,1.4189188118476022,1.1143646461482402,45.4530008117355,71.64592506270208,70.16648498648269,1186.709,774.4184,473.8861
2021-01-17,1227.83,1269.02,1165.0,1232.45,1317285.00579,0.00207653,0.00199904,0.0033809992857142855,0.0023288429999999997,0.00026373581118233796,0.0021709637641431343,0.0018720709174272468,0.6629647274413698,-0.4675166530384894,0.25314320405810303,1.0846519576619493,1.4138286977367245,1.1132304153893866,47.8734196971408,64.98802938980438,71.26174410186724,1187.467,788.317,478.89340000000004
2021-01-18,1232.5,1260.75,1182.58,1258.45,998050.11073,0.00246957,0.002253816666666667,0.0030174107142857147,0.0023428966666666664,0.00019932354033916404,0.0018142084291056279,0.001871472034843774,1.3377953840956176,-0.27604707044381194,0.4804730444431725,0.9915807013113067,1.4099863874345608,1.1105952377317216,73.08520952264583,63.38373871418332,73.36367748080967,1191.619,801.96,484.05334999999997
2021-01-19,1258.52,1438.3,1251.49,1365.36,2278852.55758,0.005190480000000001,0.003245526666666667,0.0032107399999999997,0.0024618706666666664,0.0016958044439242801,0.0018953764871351057,0.001936341615629904,1.753789357638501,1.0373629851771518,2.0675348915567686,0.9642028703767512,1.4290442878633909,1.1114078915139507,85.70619420893563,65.46175861496657,74.77684489601322,1200.5549999999998,816.934,489.7558
2021-01-20,1365.36,1407.93,1235.42,1376.99,2219137.62144,0.0027514,0.0034704833333333335,0.0029373,0.00252736,0.001496211361149666,0.0016294678068573842,0.0019107876929252189,-0.1474290363766745,-0.2367845965266332,0.5793846108276449,0.6213805354335182,1.4142667146501735,1.1002011216760468,83.09847835389476,61.056525560355404,77.63971250744409,1212.829,832.7686,495.4949
2021-01-21,1376.72,1390.0,1086.0,1110.96,2310208.57298,0.00138237,0.0031080833333333342,0.0027095621428571428,0.0025615393333333334,0.0019289485978722547,0.00160625837655848,0.0018795416533530704,-0.9629021924517277,-0.9375647561081752,-0.23477826944058328,2.1626377016569895,1.7575835024564839,1.2377502214627811,38.7774842813588,44.37142377129716,64.92097404490698,1215.224,843.0499999999998,499.9119
2021-01-22,1111.98,1273.79,1042.31,1232.62,2020593.21673,0.00046988,0.00153455,0.0024670157142857143,0.0025562500000000004,0.001148347700785789,0.0016732549870868418,0.0018853831434101583,-1.1144645866610257,-1.3223511076996035,-0.7572843425817207,2.4173737660097165,1.7857556433370894,1.2462311344223636,55.375325002031765,50.696955428548975,67.03484579207945,1233.4699999999998,855.3853999999999,504.86699999999996
2021-01-23,1232.61,1272.44,1195.9,1233.6,1009545.08258,0.00064409,0.0008321133333333334,0.0023035864285714286,0.0025677196666666667,0.00048443170874060647,0.0017349350730596277,0.0018721844472543996,-0.7389071733477084,-1.1329032308106617,-0.6305938866631005,2.407638760588383,1.51565448917121,1.2457490607853972,50.536414852210974,48.01408872895381,66.85515244719353,1243.841,868.7126,509.83805
2021-01-24,1233.46,1398.83,1220.0,1392.51,1510879.53817,0.00246076,0.0011915766666666667,0.002001147857142857,0.002639448666666667,0.0011025910534887098,0.0011958420784803838,0.0018232402092272391,0.8876579724575481,-0.16495912973130084,0.46913123319678474,2.5553905988177976,1.573112085994058,1.2609747609985444,61.563023753044135,55.738453365144245,68.8166322642773,1259.93,884.6267999999999,515.56585
2021-01-25,1392.19,1475.0,1293.69,1317.88,1885441.31289,0.0024974100000000003,0.00186742,0.00197705,0.0027126956666666665,0.0010595933287351365,0.001181058888240678,0.001769357395373623,1.0429832625656172,-0.14494558582641884,0.4738751876869803,2.6023583893971947,1.5892938115959385,1.2451923833159493,54.01147485651326,60.38019189431913,65.38644875713939,1274.865,898.9536,520.9453500000001
2021-01-26,1317.6,1378.49,1244.56,1365.97,1682923.65799,0.00075988,0.001906016666666667,0.0019505107142857143,0.002686384,0.000992752612503911,0.0012054450253965526,0.001792967197237488,-0.5940153902045677,-1.0627280671403665,-0.5835915332661168,1.3928496924586837,1.5480335914837173,1.2453797532401238,50.044725998218254,64.05711691332786,66.20950627691168,1288.679,914.4473999999999,526.5689
2021-01-27,1366.54,1373.9,1207.0,1239.03,2009772.08358,0.00056342,0.0012735700000000001,0.0019267014285714288,0.0026246126666666664,0.001064418804841407,0.0012308828250728577,0.001834035591411752,-0.8207167516786877,-1.078108607134102,-0.7070886882855234,1.6129195474769982,1.609332126098786,1.2754293215139887,41.347649390360566,54.66203055045918,61.803696807395056,1289.337,928.1292,531.5681
2021-01-28,1238.93,1360.0,1217.23,1329.69,1365269.71962,0.00081678,0.00071336,0.0018573685714285714,0.002583961,0.00013293195703069545,0.0012661624661451326,0.0018608444104859744,-0.6203764306961623,-0.8293066643838635,-0.5602510027947528,1.7188088203010685,1.6363129490701833,1.2756895839799425,67.58647305699374,54.229160377699856,63.87941400776761,1296.461,943.2611999999999,537.0026
2021-01-29,1329.44,1436.9,1285.35,1379.5,2253963.18682,0.00415624,0.00184548,0.00203244,0.0026486633333333335,0.002005182449454415,0.0014053125234185177,0.001881213643251085,1.5469664467182063,1.2221818601689995,1.4266992071641877,1.356101773083524,1.6315763715571503,1.2698962775422487,63.35224173658351,59.203259551303134,64.9250067674307,1297.875,959.6714,542.7026000000001
2021-01-30,1379.56,1406.0,1326.41,1378.05,1040042.2363,0.0020471,0.00234004,0.0020204221428571432,0.002666223,0.0016888927306374449,0.0014043470859944874,0.0018727577426538645,0.2508249716109571,0.08523409519036901,0.15291167547089715,1.2359107905943096,1.6290230079139218,1.2597513416320134,63.12012933923562,56.90146280498414,64.13107107558102,1297.981,976.3438000000001,548.39065
2021-01-31,1378.04,1380.74,1281.12,1312.55,958704.85571,0.00300844,0.003070593333333333,0.002086987142857143,0.0027156926666666668,0.0010559427837403574,0.0014290792678258507,0.0018611198557522833,0.5913181185448383,0.8589843237213012,0.7071693476904214,1.278275807024351,1.5100382243255526,1.2691893935948118,41.2531723111296,53.485033066415866,58.368842978021526,1318.1399999999999,991.2339999999999,553.76035
2021-02-01,1312.45,1377.99,1269.99,1374.17,1096397.91862,0.00142137,0.00215897,0.0020121157142857144,0.0027017413333333333,0.0007994272755541966,0.001434939679926084,0.001869461319258854,-0.6574103175039568,-0.4457340446422121,-0.25026582988541546,0.8896246709360405,1.504156804371268,1.270990899641524,56.337964735200664,54.883442210566294,58.33692460329161,1332.295,1006.9033999999999,559.46335
2021-02-02,1374.09,1547.9,1360.28,1511.87,1944227.99878,0.00336949,0.0025997666666666666,0.0018820450000000002,0.002711422333333333,0.001036365429582315,0.0011855307949200835,0.001872232581657125,0.5263026846188104,1.037903132921669,0.8914295217848518,1.0311444203615785,1.5240742617363487,1.2638608327223166,63.66923999392037,56.026192611052515,59.93446256889005,1360.1219999999998,1025.415,565.8593500000001
2021-02-03,1511.93,1669.35,1508.39,1664.49,1535869.88801,0.0047538,0.0031815533333333333,0.002025073571428571,0.002617888666666667,0.0016741453250041748,0.0013998923229668941,0.0016821002626821622,1.429679253310196,1.8416663621445755,1.6491073269227916,1.2004430869620506,1.5336346302661974,1.2764063314031162,88.0309639586999,60.59634380061563,60.76190116608533,1387.32,1046.932,573.0034499999999
2021-02-04,1664.67,1695.2,1554.44,1595.67,1646502.32962,0.0042663,0.004129863333333333,0.0022310685714285712,0.002677303,0.0007021679051575401,0.0015061932037110952,0.0017084755712424061,0.7000945307796059,1.3270604077726753,1.3140164331562696,1.3619643471738794,1.5254742935066237,1.2846016277142818,74.7414049708805,70.9036648581588,58.538742124385664,1415.099,1066.1018000000001,579.78625
2021-02-05,1595.53,1760.49,1591.0,1719.19,1194123.29946,0.00445631,0.004492136666666667,0.002515813571428571,0.002606528,0.0002457167577381052,0.0015243367231160274,0.0015804272419046945,0.5945506880695706,1.3141563203769746,1.3739584439918857,1.099506775368179,1.5398673159178216,1.2897414910424225,77.78741226697896,70.95026910648068,60.981433056605674,1450.4209999999998,1087.6316,587.20215
2021-02-06,1718.95,1743.67,1642.94,1676.35,1149808.33101,0.0036809300000000002,0.004134513333333333,0.002732730714285714,0.0025768690000000003,0.0004041402358505373,0.0014518485908262143,0.00155035853545481,-0.7470332079849852,0.7359507627341992,0.893670764984721,1.2973720523497656,1.5495457376780095,1.2782509019259882,72.85403450698568,68.40022940537793,58.815835252698726,1494.153,1108.0816,594.35595
2021-02-07,1676.35,1693.0,1490.46,1611.62,1281734.86814,0.00287981,0.00367235,0.002762662857142857,0.002544011666666667,0.0007882850212962291,0.001450128839933401,0.0015324476028756064,-1.519183597825738,0.19712757663816127,0.40749514915312784,1.2802490872796852,1.5667256858342322,1.2856505456582026,72.94009357973297,59.87934315052904,57.72321177719597,1522.346,1127.1534,601.0953499999999
2021-02-08,1611.46,1775.57,1563.89,1750.15,1339777.09536,0.00334285,0.003301196666666667,0.002823051428571429,0.0025577033333333333,0.00040218100866815115,0.0014558254494370434,0.0015378599134384496,-0.5882577365127745,0.6064567667781456,0.6531828810374446,1.20170941265096,1.5675143762043013,1.291140262265116,75.79587244078563,68.42850199935557,64.51135717091312,1559.411,1149.3928,608.4696
2021-02-09,1749.68,1821.88,1708.49,1769.13,1185071.89593,0.00564097,0.003954543333333334,0.0031717007142857143,0.0025225723333333334,0.0014787250207301318,0.001507283874021103,0.0014495955649021625,1.5153686307568581,1.9066694815668257,1.912138896781365,1.0694117630742768,1.5674342284852043,1.286297394227923,71.08550258991254,67.62494316782545,65.85709055452094,1598.519,1172.6237999999998,615.9195
2021-02-10,1769.14,1837.86,1680.0,1740.78,1219932.25474,0.00460005,0.004527956666666667,0.0034600314285714285,0.0025814146666666665,0.0011507549565973308,0.0013475884382501554,0.0014977345993699557,0.5193561512579051,1.1242285341083271,1.268434219999546,0.9228691974315466,1.2012970025997602,1.287988748430658,57.852481627024105,74.00419086610889,63.78579649304782,1641.3419999999999,1194.7104000000002,623.0971
2021-02-11,1740.76,1819.0,1703.44,1785.62,735079.82699,0.00318406,0.004475026666666666,0.0036291228571428574,0.002649835666666667,0.0012332172608398428,0.0011196505341979114,0.001475937362484304,-0.6427726775796788,0.16946205714845394,0.4317434355919872,0.8846880153174772,1.1445023832464054,1.2870864293964723,70.56670781080271,72.81224044580566,62.83144027118534,1682.4869999999999,1218.7116,630.4702000000001
2021-02-12,1785.83,1864.88,1739.88,1840.26,909600.20653,0.0029648499999999998,0.003582986666666666,0.0035440235714285714,0.0027187723333333335,0.00088759598018092,0.0011217789667077023,0.0014390693663822748,-0.8603687259577586,-0.05559401955849086,0.2821530540874922,0.6896622531666112,1.1426305752494226,1.2857422684574682,65.40683617101678,72.94301591401386,65.61937581084413,1715.3260000000002,1243.2706,638.0618499999999
2021-02-13,1840.24,1871.72,1765.0,1814.96,767589.07285,0.0049604,0.0037031033333333337,0.0037521164285714286,0.0028245376666666665,0.0010943534333264224,0.001092567538483457,0.0014841533532779184,0.5970309775483083,1.218487240553708,1.406931955691316,0.4119568056148128,1.055205920961354,1.2877871973798631,68.46311639169906,71.25069310003039,63.87155000912965,1730.373,1267.0334,645.5527999999999
2021-02-14,1815.25,1850.0,1784.11,1800.42,675261.77873,0.00411867,0.00401464,0.003831418571428571,0.0029049853333333333,0.0010018341336269162,0.0010745808847449961,0.0014867973045853615,0.17592519630326897,0.5886876309879188,0.8833576972370394,0.4283874606805343,1.015059362492254,1.2804042958207182,79.03007565023887,74.96699180157728,63.35626907710954,1750.848,1290.2930000000001,652.96635
2021-02-15,1800.03,1835.72,1655.67,1779.25,1053474.57879,0.00174433,0.0036077999999999995,0.003854487142857143,0.0028892846666666665,0.0016677882596121108,0.0010209937607993532,0.001496784474206539,-1.355426568126193,-1.1075367754201377,-0.49899618127916784,0.41153128454215837,1.017223913963905,1.2822552180810427,57.00125108247566,71.625488479254,62.2749127933561,1756.854,1312.1758000000002,660.1882499999999
2021-02-16,1779.33,1827.28,1724.0,1781.99,817493.47513,0.00331863,0.0030605433333333334,0.003850854285714286,0.0029306880000000003,0.0012080269676349644,0.0010229408305522793,0.0014906939981938051,-0.08469762966975031,-0.09454279595335394,0.4040278389877295,0.345249449535653,0.8901111910930373,1.2828196211785248,53.356300239913594,66.8483820262798,60.32678474930033,1767.4180000000001,1333.2074,667.36655
2021-02-17,1781.99,1855.0,1733.01,1849.88,795711.63311,0.004311260000000001,0.0031247400000000004,0.003819244285714286,0.002992077666666667,0.0012944023351724899,0.0009994605093188575,0.0015088609290516155,0.5022491049851187,0.6381619350077367,0.9574086177282951,0.40428440104469726,0.8634187736197171,1.283554265720312,73.6024575975618,62.93015664873537,61.40323801890922,1791.2440000000001,1355.565,674.68095
2021-02-18,1849.7,1950.5,1849.69,1939.61,937227.10191,0.00516012,0.004263336666666667,0.0038830885714285714,0.0029910656666666665,0.0009216799007428368,0.0010571005554371319,0.0015073450261616833,1.108988267196912,1.3088363585013763,1.397875594429443,0.5202484475214166,0.869359372668777,1.2799745855477986,77.89572841543956,73.30848468405713,71.83887749766699,1810.1899999999998,1379.3138000000001,682.5169000000001
2021-02-19,1938.91,1972.82,1891.0,1955.0,793404.4115,0.00390847,0.00445995,0.0038439571428571426,0.003029634666666667,0.0006389354174719003,0.0010443114862797509,0.0015157807349298136,0.17226393075045793,0.14241744329263886,0.6536865652917937,0.4766039730311276,0.8666171080192976,1.2690051121473425,74.23128906888005,68.72488763940441,70.16784669320992,1828.777,1403.6854,690.3622
2021-02-20,1955.46,2042.34,1803.14,1913.0,1261315.81279,0.00571985,0.00492948,0.003989594285714286,0.0031742173333333336,0.0009274537634297416,0.001156023619792727,0.0015594738180662161,1.2846805620261483,1.5909973891500129,1.6391619300405502,0.534201462658215,0.8340884423571757,1.271181568565096,69.34032983489095,68.81669131546468,68.54318372861998,1845.9990000000003,1427.3672,697.9791499999999
2021-02-21,1912.9,1976.31,1883.01,1933.53,756568.19743,0.00202299,0.00388377,0.003928392857142857,0.003225987666666667,0.0018485537677871298,0.0012389993037648039,0.001490871973803813,-1.55038413378912,-1.7433084120975935,-0.5051192806709547,0.5194808217452678,0.8256774521636788,1.245550251771134,75.65234149141274,77.53108803840284,65.97286190026645,1860.7899999999997,1450.5466000000001,705.6432
2021-02-22,1933.54,1936.29,1551.0,1777.58,1807244.98099,0.00159548,0.0031127733333333337,0.0038035807142857143,0.003257700666666667,0.0022678905968836613,0.0013822523297110974,0.0014434210593751967,-1.1356321893661496,-1.8604104338730794,-0.7778103507290557,0.9381689869295059,0.8539560479378695,1.2699644684730544,49.788194708584186,52.27804999572594,62.95017127908575,1854.5220000000002,1466.5326,712.5572500000001
2021-02-23,1777.42,1782.39,1355.0,1577.89,2547837.82068,0.00046167999999999996,0.00136005,0.0034336314285714283,0.0031910646666666663,0.0008068411818319633,0.0015370878034019497,0.0015253023751346036,-1.0976155257579827,-2.2600874395641353,-1.4521302983908428,1.1057813416716478,0.9202133416593785,1.3139655343057783,32.737914002464706,37.78425060037189,55.50018686923539,1830.815,1477.2618,718.55
2021-02-24,1577.79,1712.7,1500.2,1623.39,1384388.81727,0.0008152400000000001,0.0009574666666666666,0.0031632878571428574,0.0031349923333333337,0.0005801266487012412,0.0016451922552286355,0.0015815633425161693,-0.62177958179432,-1.7303601974212943,-1.2570763572497874,1.199055000305119,0.9113305225073224,1.3143558602638377,30.090191459025178,42.662299508620066,60.41603434062721,1813.1119999999999,1487.7384,724.6818000000001
2021-02-25,1623.16,1671.59,1459.16,1481.75,1032670.79409,0.00072948,0.0006688000000000001,0.0029879607142857144,0.0031339790000000003,0.0001844253648498505,0.001768945425559291,0.001583146536989461,-0.6030927734090022,-1.5663047443769926,-1.2887941055181222,1.2628686110573009,0.9289258977146752,1.3325398500488455,13.117448042517836,33.05639504405407,54.00997879761225,1783.3619999999999,1493.205,730.13985
2021-02-26,1482.08,1562.25,1400.0,1444.59,1355973.29378,0.00062588,0.0007235333333333333,0.0028208914285714286,0.0031360610000000003,9.481995851788633e-05,0.0018783647571219493,0.0015796867078029457,-0.4998900801514687,-1.4468096690347352,-1.3133899052328137,1.1327905490957613,0.9289864801642773,1.3295461846407775,10.277522685872967,27.499061678925315,51.72801945441159,1749.622,1497.5994,735.3856
2021-02-27,1444.56,1529.0,1425.0,1458.13,927423.0475,0.0009014100000000001,0.0007522566666666666,0.0025309635714285714,0.003138882,0.00013916995952192282,0.001835492007922617,0.0015754720665629076,1.1392698529791205,-1.1805005023771467,-1.1315432498100875,1.216815897899624,0.9200771708031437,1.3293572758086702,12.9590723277975,29.432718134297218,52.11241598337823,1710.4470000000001,1502.4234,740.78125
2021-02-28,1458.27,1468.75,1293.18,1419.18,1410207.56284,0.00030000000000000003,0.0006090966666666667,0.002258201428571429,0.0030103406666666666,0.00030105606991611035,0.00186490255440561,0.0016453676061491717,-1.6076329312879203,-1.3585878793706918,-1.4358600000979254,0.873418943371751,0.8351105419273738,1.3321268703781655,9.335420520837857,28.627169574337273,52.85273234123207,1658.404,1505.2869999999998,745.94125
2021-03-01,1418.67,1572.0,1409.91,1569.86,1094695.17839,0.0009254599999999999,0.0007089566666666666,0.0021997107142857145,0.002972952666666667,0.00035437094552648313,0.0018948602458247787,0.0016803813314920887,0.9022346181906927,-0.9372023070582527,-1.0696415157519141,1.342692505302596,0.9587863439975504,1.348060054155704,33.43963262959467,39.74975278781302,54.997267578076276,1619.8899999999999,1511.5991999999999,751.66785
2021-03-02,1570.0,1602.9,1455.52,1486.78,1061142.38743,0.00124405,0.0008231699999999999,0.002051526428571429,0.002914139666666667,0.0004802655866288986,0.0018816998543281468,0.0017097170280941393,1.2533334019426268,-0.6824106902504445,-0.8851711810059925,1.1542970744352916,0.9802432773747012,1.3570529552721369,41.07726961114727,36.602434353197935,49.34089894126769,1577.268,1519.5946,756.9112
2021-03-03,1486.79,1656.94,1475.47,1567.69,1054846.31471,0.00107091,0.00108014,0.0018200728571428572,0.0029024576666666665,0.0001594954284611305,0.0017788403445694978,0.0017214256062839976,0.5124413950637053,-0.7137464527473435,-0.9700948332415246,1.186561975744615,1.004994887179815,1.3554594276748264,44.89889369178798,37.342901995916314,47.357559345650564,1540.684,1529.9451999999999,762.58805
2021-03-04,1567.68,1624.87,1506.36,1539.23,946365.67088,0.0009654,0.0010934533333333332,0.00152045,0.0028223213333333336,0.00014068620057892278,0.0015052029102672242,0.001754573291942562,0.17945259571855324,-0.7091646477899075,-1.0009321302835348,1.2244165101338584,0.9922885203824181,1.2377886723021703,56.64078746698172,30.99726620339885,48.42459023707316,1516.849,1538.132,768.1161
2021-03-05,1539.22,1548.96,1441.66,1528.31,910786.28976,0.00057446,0.0008702566666666667,0.0012823064285714285,0.00268301,0.00026154319152547895,0.0013545237574973442,0.0017618303273956412,-1.5488802811191995,-0.842957757294763,-1.2153841753101273,1.1790817237298263,0.9920648049460866,1.2305438973532135,60.296649776055965,29.66225298134286,44.31458050365521,1511.891,1544.0658,773.6032
2021-03-06,1528.08,1671.58,1513.03,1650.35,1013300.93928,0.00121879,0.00091955,0.000960802142857143,0.002581426333333333,0.00032460276354338066,0.0004571383592301888,0.001755237411171419,0.7531298057241101,-0.3994736187676069,-0.8210735630730591,1.0267424915579098,1.0570899210195408,1.2372014210578892,68.66068654852425,38.36853992289649,49.26047284220884,1514.587,1553.7022,779.7452000000001
2021-03-07,1650.68,1734.16,1630.35,1726.16,848470.78136,0.00146686,0.0010867033333333334,0.0009210785714285714,0.0024817779999999996,0.00046062957529161415,0.00037441659997422994,0.0017298003508027274,1.2350923418861672,-0.24104149317883994,-0.6553230968229167,0.7793433688115682,1.0769841665357875,1.2214351817675395,77.81119768064057,41.245261033615854,53.23749547748448,1539.028,1563.6688000000001,786.3387000000001
2021-03-08,1726.46,1843.59,1664.96,1833.18,1149711.39987,0.0011230300000000001,0.00126956,0.0008873321428571429,0.0023965146666666665,0.00017744847674747478,0.0003272807389142913,0.001731694445090351,0.16095935388013785,-0.38882592597818894,-0.8355325345080048,0.800849021997868,1.1088151999255464,1.228618954635057,75.90508421207868,52.44847630784443,52.38942127822574,1577.8870000000002,1575.6834000000003,793.4249000000001
2021-03-09,1833.22,1870.77,1798.2,1870.51,857229.47855,0.00201731,0.0015357333333333334,0.0009984485714285714,0.002367764666666667,0.0004511006890189061,0.000422017045588246,0.001730553318017566,1.4027930276053833,0.246970344867838,-0.27022045177773124,0.6332893336730967,1.1004879210036949,1.2286035544696048,91.48522130194372,65.03638082700499,52.88700307543679,1619.125,1587.9245999999998,800.8376000000001
2021-03-10,1870.5,1877.69,1757.0,1795.12,937230.62831,0.0021563100000000003,0.00176555,0.0010942392857142857,0.0023282133333333336,0.0005607621713346916,0.0005184217678458076,0.0017210323810120341,1.1975908645819027,0.5179911923836109,-0.17669578722370774,0.8785152560975577,1.0930910701710659,1.2300725556446415,74.88456572630056,58.56141505381033,51.50706662812883,1656.7189999999998,1596.5197999999998,807.8370000000001
2021-03-11,1795.28,1846.7,1725.0,1825.78,909011.4961,0.00194291,0.0020388433333333334,0.0011809128571428572,0.0022049446666666667,0.00010831737318330196,0.0005530276815220636,0.0016040344419613183,0.4666721290446461,0.47478833537524745,-0.2761105551435325,0.7387026802417116,1.0956380764812972,1.2290247760113844,81.20304026818638,69.28527383811087,51.12262811258532,1682.3110000000001,1605.4956,815.01235
2021-03-12,1825.78,1841.88,1719.72,1766.1,869564.6361,0.00239347,0.00216423,0.001307169285714286,0.002131392,0.00022538438987648865,0.0006148782722866522,0.0015397221047887728,0.9708484401299038,1.9021024325382063,0.024338638100814814,0.7994364267677151,1.100426909750742,1.1751114127054332,73.4077530367346,67.57903485068442,47.93276467629246,1710.243,1618.5983999999999,821.8044500000001
2021-03-13,1766.13,1944.3,1727.75,1922.35,926283.22642,0.0022552099999999997,0.0021971966666666665,0.0014038692857142856,0.0021004303333333335,0.00023081429447356652,0.0006515193429145116,0.0015271117981124906,0.564887327855464,1.6108173052715313,-0.07918207016529859,0.9659668907971336,1.1631470566425313,1.1851522350237875,75.08577120291332,71.95557993898791,52.78985789616407,1745.709,1632.3929999999998,829.50155
2021-03-14,1922.35,1933.1,1836.0,1848.1,637963.63627,0.0033087900000000003,0.00265249,0.0016187828571428572,0.0021118950000000004,0.0005725611097516108,0.0007484225784781102,0.0015350953181744223,1.700111854570432,2.5424985567095963,0.5930255318068037,1.0373579314395844,1.1159937268047795,1.1805865888533755,61.27862666017443,69.63056531918434,51.201394908109734,1776.596,1644.683,836.813
2021-03-15,1848.1,1891.76,1730.0,1793.48,1025326.79658,0.00171886,0.0024276199999999997,0.0016754542857142856,0.0020038436666666667,0.0008088654135886865,0.0007214370470186486,0.0014387405231743558,-0.9909709292016473,0.4372282170125296,-0.461364688374017,1.003214212554129,0.987744367386296,1.167806794822911,45.933876848637475,61.22117179494018,50.35261000780996,1803.113,1652.7024,843.86405
2021-03-16,1793.99,1819.5,1711.68,1805.12,764993.40147,0.00095321,0.00199362,0.00165468,0.0018983283333333335,0.0012015860673709553,0.0007387938988024272,0.0013936628817617877,-1.347729203953465,-0.5865113886358652,-0.9553057646167973,0.9908269524571794,0.9827803324706906,1.1584427061605718,42.93065796010712,67.20793963102543,50.57062924634427,1818.5899999999997,1662.4472,850.9141000000001
2021-03-17,1805.01,1838.88,1741.18,1823.58,658349.44843,0.00131004,0.0013273700000000002,0.0016717607142857146,0.0018838519999999999,0.00038311907718097224,0.0007269281167135304,0.0013975677315235418,-0.6510744702099971,-0.15419786328367324,-0.7070378239616643,0.9349034356564497,0.8815700143873887,1.153619449471695,53.508728671374264,64.83368694411699,49.33494497484517,1828.3319999999999,1671.5994,858.03875
2021-03-18,1823.58,1850.0,1759.04,1776.08,603721.61056,0.0020534,0.0014388833333333333,0.001749475,0.0018416776666666666,0.0005612975703077047,0.0007033802053244792,0.0013716271452867456,0.20376795659260397,0.7709980752450808,-0.2185518536233715,0.4315513429348362,0.8823553524665005,1.156471110596706,44.116950757502636,63.43341992117607,45.77452778991336,1822.6219999999998,1682.3403999999998,864.7744500000001
2021-03-19,1775.92,1840.61,1733.47,1809.1,500258.42875,0.00057762,0.0013136866666666666,0.0017497007142857142,0.001717223,0.0007378967581805283,0.000702974529010768,0.001307719859629728,-1.2671253163814091,-1.2151219999875613,-1.1536140176447611,0.4261645191662522,0.883011987027522,1.1562926952367878,55.432859958460604,65.5360917147944,46.264108814485965,1816.4809999999998,1691.9286,871.6510000000001
2021-03-20,1809.01,1868.83,1800.86,1806.1,451556.10639,0.00215557,0.0015955300000000002,0.0018166135714285713,0.0016170713333333335,0.0008830148658431514,0.0006930663479129106,0.0011391391691876224,1.087167972933088,0.8326205209949762,-0.09933941177702918,0.3273318429116285,0.8686364492542421,1.140795130692007,26.029939378868292,59.92506021935958,47.20695205043048,1817.5790000000002,1700.4605999999999,878.3045
2021-03-21,1806.57,1817.16,1747.0,1782.98,465953.98749,0.00097328,0.00123549,0.001781357857142857,0.0015192316666666668,0.0008210037233167704,0.0007240864244228831,0.0010587612276262803,-0.6456892628201232,-0.8591853131409034,-0.8654494288261926,0.3414552474300245,0.7761289414948286,1.1415694644288628,32.98494983265526,53.88146569380628,46.07179572809207,1813.2989999999998,1708.5592000000001,885.0219000000001
2021-03-22,1783.23,1807.51,1655.15,1680.97,582727.49081,0.00141372,0.0015141900000000001,0.0018021214285714284,0.001375694,0.000597514080754587,0.0007077396965188335,0.0007011353170964894,-0.0308724659047437,-0.24245575351246967,-0.5729606530112358,0.5528454197054886,0.7831669624567273,1.0142719087754595,26.437696335001007,39.53062880875002,47.40620620398493,1804.786,1715.9276,891.51975
2021-03-23,1681.17,1721.17,1650.0,1668.08,577213.99589,0.0006298899999999999,0.00100563,0.00170302,0.0013292573333333335,0.0003929150787383975,0.0007697135486759886,0.0007029168741747028,-0.7954692324209106,-1.2931052904553808,-1.0984779517291108,0.5446734699020452,0.7558570923262208,0.9851677340405842,21.449999999937432,35.591965721861044,52.69138720276716,1779.359,1721.8058,897.9338499999999
2021-03-24,1668.2,1740.86,1536.92,1581.84,753834.52393,0.00102953,0.00102438,0.0016225357142857142,0.0013103923333333332,0.00039194037697078496,0.0007775402628082427,0.0007031200698790899,-0.36214669798572224,-0.7449422713811208,-0.8398651261367345,0.5155548914879847,0.7886639838270704,0.995513317482066,10.728442393893317,35.05060700360407,48.78952612343244,1752.7329999999997,1723.2051999999999,904.168
2021-03-25,1581.88,1622.0,1549.4,1585.74,701697.00258,0.0005593800000000001,0.0007396,0.0015237121428571428,0.001313649,0.0002535497361465836,0.0008204281339096305,0.0006992692212803268,-1.0522615363094416,-1.3975103900710995,-1.1211915288151446,0.5347767437779907,0.7877453408753821,0.9512550099440853,13.975319857635796,32.51915290272724,53.29388735079522,1731.959,1721.6302000000003,910.3327
2021-03-26,1585.83,1699.93,1585.79,1698.84,515470.92907,0.00062431,0.0007377400000000001,0.0013973435714285715,0.0013072846666666665,0.00025477446751980893,0.0008123664131848866,0.0007048087892947428,-0.6215026306330107,-1.2201532832913902,-1.04770215042817,0.9850354704303209,0.7738504514386987,0.9542389282326895,33.98594085858424,45.45540540531941,57.68372953262282,1721.3309999999997,1723.6936,917.0589500000001
2021-03-27,1698.84,1732.67,1666.41,1712.63,443845.49957,0.0005998900000000001,0.0005945266666666667,0.0012791064285714287,0.001302965,3.2795582527774485e-05,0.0007982426150623927,0.0007088576689622158,-0.460565557461333,-1.1503626051252251,-1.060071025825676,0.8341604338379974,0.7497312652021283,0.9510013163348621,36.83706520201162,32.45138400768916,57.69012280013444,1710.236,1723.5623999999998,923.93515
2021-03-28,1712.52,1725.66,1661.4,1687.01,348895.51314,0.0008671600000000001,0.00069712,0.0011047042857142858,0.0013110076666666666,0.00014776428966432417,0.0005482661831308164,0.0007022485564669249,0.644400880102147,-0.7798041794200044,-0.8913098093742251,0.8456812530417902,0.7002697977323613,0.9178281579607117,36.579499370645784,35.326374086736536,58.158633840730815,1701.3290000000002,1723.7756,930.6159499999999
2021-03-29,1687.16,1841.0,1677.85,1816.74,647724.46387,0.00150071,0.0009892533333333332,0.0010891221428571429,0.0013309843333333333,0.00046265457377327884,0.0005323373379754102,0.0006987102089623105,1.70320091869768,0.06420407350242455,-0.48508397930244385,0.7818946297606643,0.7706019004735437,0.919397569604376,67.62011057168391,51.863722316476064,57.6176840857043,1702.093,1727.878,937.86
2021-03-30,1816.76,1859.13,1786.3,1840.46,568842.00526,0.0016731,0.00134699,0.0011405428571428574,0.0013767543333333334,0.00042439038596556297,0.0005525827684112614,0.0006733588061797959,1.2348160058851783,0.3255800163486752,-0.3483591530801434,0.7556681727458125,0.751509637382256,0.9162094467029525,71.7596566522337,52.777865115431716,61.328054936216134,1705.529,1729.6842000000001,945.1941499999999
2021-03-31,1840.41,1947.29,1768.15,1919.37,746995.8591,0.0022219,0.00179857,0.0012056757142857141,0.001419969,0.000376610932794041,0.0006233120128143531,0.0006848994331933818,1.3103286663329134,1.0163731124533064,0.01702895750178464,0.6571579192139902,0.7689679838538184,0.920644816716402,93.40998533820665,56.8760318712517,61.2784462630708,1719.1680000000001,1732.6889999999999,952.8521
2021-04-01,1919.37,1984.77,1885.02,1968.05,741585.07266,0.00330758,0.00240086,0.00129526,0.0014887533333333332,0.0008318060043062895,0.0008151329571303071,0.0007655000401240226,1.520047624401217,2.1403026135603884,0.7388367555166238,0.6342886745764786,0.7571565714495337,0.9117003745003673,94.09064698404826,63.75675404513313,63.576267966708016,1747.8759999999997,1737.2344,960.8602500000001
2021-04-02,1968.05,2146.0,1948.48,2133.69,846197.93215,0.00288819,0.00280589,0.0014603007142857144,0.0015493293333333333,0.0005474990713234069,0.000889201166280631,0.0008023127219651461,0.7361072079163955,1.5363217032611285,0.4426671320794012,0.5684981952776276,0.7493217891619733,0.9249493812297125,94.72937110398009,69.545372433194,67.45596936587302,1794.437,1744.1958,969.6431000000001
2021-04-03,2133.69,2138.12,1996.3,2008.52,770176.32192,0.00312506,0.0031069433333333328,0.00152955,0.001621318,0.00021028112904710437,0.0009805693359236996,0.0008439224517952661,0.7081601258745441,1.8510242518509654,0.6048564395841709,0.9894458206819428,0.7782550364373513,0.9128884194937261,74.7619127319324,60.62549867710403,60.30912701829499,1837.105,1747.5610000000001,977.8653999999999
2021-04-04,2008.59,2091.83,1975.24,2075.69,514345.76554,0.00204783,0.0026870266666666667,0.0016063035714285715,0.0016704303333333335,0.0005660884500087658,0.0009757211608509967,0.0008235245575572599,-1.2050508694281237,0.5933260540486597,-0.08852694037448994,0.9910438646391619,0.7715710413898149,0.8866426533868913,80.41219367147148,64.685872542731,60.110731207705875,1886.1,1752.7756,986.4183
2021-04-05,2075.7,2130.64,2002.15,2107.38,684923.61494,0.00232702,0.0024999700000000002,0.0016715392857142857,0.0017073713333333334,0.000559052676498373,0.0009922459817967304,0.0008274135038729184,-0.7712643106221732,0.8263067732540685,0.12770137159227174,0.9731100642644143,0.7722812257606118,0.8795303736215961,76.86236090048837,73.01808367060488,58.293107828449884,1926.9540000000002,1758.9147999999998,995.0084000000002
2021-04-06,2107.43,2151.0,2044.65,2112.21,673386.05575,0.00287097,0.0024152733333333335,0.0018316164285714284,0.0017541750000000002,0.00041860644170070826,0.0009920465354206472,0.0008526667850712778,0.4906035471979636,1.2914095986917051,0.5374784957139639,0.9789528628455193,0.7725384980881778,0.8618710593327582,76.02520638193947,74.18508151896245,57.45674655073125,1966.9120000000003,1765.5739999999998,1003.6475
2021-04-07,2112.22,2129.01,1930.01,1963.47,892984.90422,0.00151648,0.0022381566666666666,0.0018663985714285716,0.0017672900000000001,0.0006816034837303353,0.0009700540601498384,0.0008456210439630148,-1.3385377808823076,-0.13953728685415995,-0.4074082112999971,0.9022629605323272,0.8348295440737803,0.8795809596292083,53.725165562850385,69.45721889679996,54.96892026696463,1994.5579999999998,1769.2036,1011.5386
2021-04-08,1963.46,2084.61,1947.35,2080.46,501355.998,0.00079998,0.0017291433333333332,0.0018835842857142858,0.0017267123333333334,0.0010517457701523366,0.0009469741112350696,0.0008622535784818223,-1.406226827969921,-0.939176582310293,-0.8950242377038155,0.9432802009500284,0.8635226953291579,0.8835414889513958,58.512942459383915,72.61515112719042,57.15248601397469,2020.9300000000003,1773.8152,1020.0857
2021-04-09,2080.39,2100.0,2047.57,2066.87,426387.4379,0.00146258,0.00125968,0.0019434607142857145,0.001703588,0.00039902301938610083,0.0008857486986765165,0.0008596335519414326,-0.41132267630026537,-0.17602529290450086,-0.39949987332654097,0.9040042729878311,0.8647164748966769,0.8618087044897639,43.42555787313471,68.5075482513845,58.67137181628911,2043.5710000000004,1776.3604,1028.71825
2021-04-10,2067.19,2200.0,2058.0,2133.49,655458.20894,0.0033992,0.0018872533333333334,0.002143411428571429,0.0017521309999999999,0.0013506467828908234,0.0008750134246605953,0.0009130709421104952,1.2846525205634338,1.7006917647974769,1.0811730282062622,0.9411015428403197,0.8662625958452986,0.8645560266927541,63.89698196284781,70.09645688081544,56.41903395262308,2064.9829999999997,1779.9301999999998,1037.6646500000002
2021-04-11,2133.49,2165.02,2113.4,2151.36,392265.50773,0.0023334899999999997,0.002398423333333333,0.0022481492857142856,0.0017501316666666668,0.000969941497943731,0.0007945565916666911,0.0009116828030590868,0.4320070190539213,0.5559345253170237,0.309436171407706,0.9424192869954057,0.8108850962007326,0.8632874410105608,59.45095296370091,72.33848078116007,59.546925566238066,2083.314,1784.6974,1046.8178500000001
2021-04-12,2151.42,2203.46,2102.0,2137.69,579093.35694,0.00332031,0.0030176666666666663,0.0023781207142857144,0.001785635,0.0005938258931987779,0.000811528918186713,0.0009518827395138954,0.9276687899612742,1.4021267668842334,1.0831438362890506,0.5287390223294035,0.8102764779759211,0.8618583518646116,53.96406057901238,67.38077960327271,61.12285191708762,2083.714,1788.7806,1055.76145
2021-04-13,2137.86,2318.0,2135.53,2299.19,782608.6209,0.00332562,0.00299314,0.002496157857142857,0.001786196,0.0005712798271425251,0.0008212172651354779,0.0009528158802550483,0.6537773563346195,1.262344273686118,1.0777144281845392,0.6383180150663009,0.7931472295383983,0.8764830281374348,67.34572711409116,71.61638723166212,64.55570155012123,2112.781,1799.2128,1065.4978
2021-04-14,2299.19,2447.29,2281.33,2432.6,972931.60866,0.00452007,0.0037219999999999996,0.0026603128571428573,0.0018795696666666667,0.0006911539934775677,0.000977080354489676,0.0010753645510259901,1.4715819937509405,2.0782703317648883,2.0449030757750997,0.6259193273749355,0.8053168188609235,0.8848639767258889,94.79423278894991,73.0030388051828,66.80407478523108,2148.472,1816.3069999999998,1075.8912
2021-04-15,2432.59,2543.47,2400.0,2514.04,681950.96645,0.00328521,0.0037102999999999997,0.002658715,0.0019573029999999996,0.0007015723994713515,0.0009759580771871933,0.0010902746726340281,-0.09245193357532444,0.8691665660249758,1.0938647201340252,0.6258527159397423,0.7787855285789872,0.8869299511402042,94.4150788771438,73.77321849981861,69.98743269438914,2189.138,1834.12,1086.67395
2021-04-16,2514.04,2548.29,2300.0,2422.67,999163.75205,0.00390636,0.00390388,0.0027314414285714286,0.002043847,0.0006174337354728753,0.001030770271808397,0.0011390777405553216,0.43470236466753376,1.344550716791729,1.5336146716098458,0.8629056072383102,0.8146090054836094,0.8921474382850544,81.43776065586874,63.45269351797028,66.10918867251007,2220.1839999999997,1852.9384,1097.0175
2021-04-17,2422.38,2495.0,2310.0,2317.6,624232.25568,0.0023856800000000003,0.0031924166666666663,0.0026786285714285713,0.002054923,0.0007645749588060843,0.001027989157663993,0.0011407880379540108,-1.3837256046213127,-0.23882201839975986,0.348402665332141,1.0288621881065831,0.845970349144264,0.9004317542319196,65.23257160815174,64.66279555192745,62.746202304445745,2255.597,1870.3986000000002,1106.80655
2021-04-18,2317.65,2340.0,1946.8,2235.64,1475383.69204,0.0011875499999999999,0.0024931966666666664,0.00261718,0.002075254,0.0013625901178393044,0.0010922963707078492,0.0011187744889882994,-1.4275316121245911,-1.4592246638667252,-0.5808906499573845,0.893114110797668,0.8310535141580591,0.9019813676358444,56.3044193769794,57.48304093559721,60.958592373012074,2271.1150000000002,1885.9488000000001,1116.1856
2021-04-19,2235.65,2300.0,2080.0,2161.12,820592.26555,0.0007192,0.0014308099999999996,0.0025023357142857144,0.002027375,0.0008594594046841315,0.0012039656912548138,0.0011456317966436818,-1.168199834635651,-1.768605302563438,-0.9579708837686335,0.6091034429728448,0.8520963118293109,0.899607641130295,51.60640092141987,52.41727990781284,61.7809140113881,2280.54,1900.7876,1125.22695
2021-04-20,2161.12,2346.62,2055.0,2330.03,992240.809,0.00041279,0.0007731799999999997,0.002326751428571429,0.002008692,0.00039019052359072563,0.0013197501596418637,0.0011677711013526918,-0.9136499409353649,-1.7968760332218863,-1.1932504231390209,0.9689892127841849,0.8886366155599531,0.9175909635801276,52.09317478411731,58.537541351079476,65.08649178376724,2300.1940000000004,1915.991,1135.1491
2021-04-21,2330.26,2469.54,2235.16,2357.06,1177885.8617,0.00030000000000000003,0.00047732999999999977,0.0022398599999999998,0.001971568,0.0002169244539004446,0.0014138900558551763,0.001204464138088256,-0.8277690734982758,-1.6509713742783276,-1.3437340523553762,0.9579668172128024,0.8860231792155099,0.9157297653875437,44.00761542117912,67.05403180372296,68.15809691554976,2320.764,1933.3966,1145.2046500000001
2021-04-22,2357.06,2644.47,2303.44,2397.94,2220753.09746,0.00044466,0.00038581666666666635,0.00221448,0.0019653936666666665,7.600854842279193e-05,0.0014445807689589924,0.0012120300219807428,-0.4720146356114814,-1.3643000644193948,-1.1638464668221473,0.8705502294487825,0.8266946267067604,0.916187828659376,40.156679214521475,64.72760335477378,68.70032510282996,2346.7889999999998,1950.0016,1155.4325
2021-04-23,2397.94,2442.89,2107.0,2367.39,2532242.44185,0.00090243,0.0005490299999999997,0.0021744692857142856,0.0019611570000000003,0.00031448417909333014,0.0014744565195741906,0.0012156309405496884,1.4002197040570818,-0.9106804364716016,-0.7066289071620057,0.7848090376820827,0.7768583514326443,0.8904941762436067,44.7742569764211,63.72488125676907,66.00113926283714,2353.609,1966.5648,1165.50135
2021-04-24,2367.39,2368.74,2154.8,2213.35,997688.94623,0.00050391,0.0006169999999999998,0.0019676628571428574,0.001959308,0.00024895853931931194,0.0014923993275024181,0.0012178767054730085,-0.03844796067900445,-1.119574526185604,-1.0921464252225979,0.9866847475486384,0.8316719484129442,0.8542789522742945,40.98011732331641,53.37754394268856,61.23033032486522,2331.684,1980.2656,1174.86435
2021-04-25,2214.08,2356.64,2168.0,2320.49,857517.38218,0.00030000000000000003,0.0005687799999999997,0.0018224135714285715,0.0019484976666666667,0.0003064091446089781,0.0015518284927569853,0.001231498441091829,-0.7692036261542471,-1.153541314763612,-1.269468137232136,0.8190115988488665,0.8516113844402836,0.8586415507246341,57.034838410068595,56.6508584416084,63.70670405559087,2312.329,1993.6684,1184.7589
2021-04-26,2320.44,2542.8,2303.64,2532.6,1076469.01367,0.00030000000000000003,0.00036796999999999974,0.001606677142857143,0.0019385013333333332,0.00011772749339048498,0.0015374476901992146,0.0012439767713202541,-0.7692036261542471,-1.042627730212325,-1.2534064231010682,1.1237908079512222,0.9216193876267293,0.8465051847162015,75.07763346197639,63.43295258951868,64.9560007019071,2323.322,2009.7972,1195.66715
2021-04-27,2532.06,2680.0,2480.29,2666.13,771728.46451,0.00060663,0.0004022099999999998,0.0014124635714285716,0.001929817,0.00017703291304163336,0.001474030455392535,0.0012525933716539361,0.3356056254501039,-0.779476684567417,-0.9618191433236962,1.1687047633692758,0.8598967507541595,0.8484209861861408,73.8274160616327,62.723653915442995,66.49340998702124,2358.175,2026.4561999999999,1207.1727
2021-04-28,2666.13,2760.0,2559.44,2748.24,999383.1852,0.00063355,0.0005133933333333331,0.0011348550000000002,0.0019009116666666669,0.00018529357148411624,0.0011804989999783981,0.0012726814518094782,1.0198013462135929,-0.7516061348266082,-0.928820081331001,1.1107856213973581,0.8415507945408908,0.8498658994706976,75.72334157497367,61.348568305634814,66.5361918099351,2409.435,2044.0107999999998,1219.0612999999998
2021-04-29,2748.23,2798.0,2668.0,2757.04,863890.01069,0.00030000000000000003,0.0005133933333333331,0.0009216257142857144,0.0018551416666666668,0.00018529357148411624,0.0010210452640212469,0.0013054263074014339,-0.7291814576892608,-0.9217738052977339,-1.244178966556699,0.5893443908203824,0.8380175311178886,0.844836657509297,74.65397923868255,59.21837301400365,65.99509396469082,2469.027,2063.2492,1230.9757
2021-04-30,2757.04,2798.3,2723.09,2772.42,695339.20482,0.0007749,0.0005694833333333331,0.00069795,0.0018069083333333332,0.00024384606995672296,0.0005522954011702827,0.001318078724921325,1.180383665678825,-0.5263023597690077,-0.7914275214321786,0.6699883450738949,0.8350790717983264,0.8142897871115143,78.39884449796683,64.0797726302185,63.78897193106545,2513.2659999999996,2082.1820000000002,1242.90525
2021-05-01,2772.42,2954.28,2743.41,2944.77,690260.07741,0.0005741699999999999,0.0005496899999999997,0.0005685564285714286,0.0017157946666666666,0.00023839453705990366,0.0002628079027791668,0.001305177905264742,-0.0212475964846041,-0.6049205250972433,-0.9635568983860108,0.4955739440737432,0.8585732429518964,0.8077581663436547,99.99999999990429,73.95040135636057,69.8083587570631,2572.037,2105.7554,1255.7239
2021-05-02,2944.83,2985.0,2852.26,2949.56,571982.5445,0.00073173,0.0006935999999999996,0.0005359978571428572,0.0016439126666666665,0.00010565772995860304,0.00020124910775448212,0.0012977441084593355,0.6895017461066315,-0.42233455791716645,-0.8077482805742455,0.48330881004683846,0.8552966065869411,0.8013020805180667,99.99999999988873,78.9707338450902,68.98982567606744,2627.1989999999996,2126.2996000000003,1268.57825
2021-05-03,2949.33,3454.0,2949.32,3431.04,1329088.0628,0.00081627,0.0007073899999999997,0.0005429314285714285,0.0015669529999999998,0.00012287159639235185,0.00020954750718400376,0.0012751411634096515,0.8392452472731559,-0.28523188634083413,-0.725346688101491,1.2343291165075332,1.007216055212077,0.869709121826577,99.99999999992208,88.73833201139391,74.06059592529579,2733.564,2157.9584,1283.84525
2021-05-04,3431.04,3527.0,3160.0,3239.01,1826039.38558,0.0017403100000000001,0.0010961033333333331,0.0006377542857142857,0.0015567023333333332,0.0005594983690175838,0.0003784311199944015,0.0012723752196436902,1.753488189954586,0.6862802747094435,0.11910357191897533,1.5000918570253141,1.0451212092772646,0.8858235059559864,79.93291115424589,77.34234938810249,69.17709368653802,2836.13,2186.869,1298.2128
2021-05-05,3239.01,3549.34,3200.23,3524.26,1174816.73588,0.00204659,0.0015343899999999998,0.0007625107142857142,0.0015473546666666667,0.0006404874006567193,0.0005199536403367593,0.0012675417634355598,1.3017633061072904,1.1773806933173134,0.3938963808740407,1.5233007016593023,1.0851006862006702,0.8894166818717865,83.4468312529667,80.3888692174124,75.38373465948982,2956.507,2221.2518,1313.9925
2021-05-06,3524.33,3605.4,3376.47,3489.73,920592.57706,0.00245773,0.002081543333333333,0.0009063014285714285,0.0015335799999999999,0.0003599849520929052,0.0006792445929781904,0.0012548435126121596,1.1821361494527807,2.237804295264786,0.7610007949112041,1.5880813631770871,1.0651921791884,0.8873787600698174,80.8940724061556,78.51981881723955,73.55118602366835,3052.2200000000003,2254.5748000000003,1329.5506
2021-05-07,3489.74,3587.0,3353.23,3479.53,760544.64781,0.00113204,0.0018787866666666664,0.0009227021428571429,0.0015207653333333333,0.0006785882131553219,0.0006819107187689425,0.001256985316408717,-0.7592072949547711,0.4772473692371301,-0.4787721239298228,1.596990467567333,1.0326439237599008,0.87969065658243,79.9462998568087,79.36358739842265,73.63461757239114,3133.56,2288.6438,1345.05175
2021-05-08,3479.79,3958.33,3449.27,3910.26,1130467.54852,0.00147484,0.001688203333333333,0.0009920542857142858,0.0015432606666666666,0.000688118033503943,0.0006854062381673215,0.0012496585316105844,-0.5781966337998816,1.0020542350035864,-0.14988536941298058,1.3759703178738,1.0777253955738402,0.9175421406528209,83.54702191085644,89.09156250138236,76.49799412398724,3249.762,2330.667,1362.7604500000002
2021-05-09,3910.26,3983.65,3726.08,3923.95,1000401.0082,0.00154661,0.0013844966666666663,0.0010810978571428572,0.0015460616666666668,0.00022155926889510973,0.0006693712633414737,0.0012495656266412456,-0.3549320801393712,1.0220604082924376,-0.07335059873991512,1.10998752097536,1.047922496050239,0.9080178627906036,83.64815492671607,88.60075686808538,76.4686558337945,3366.453,2373.024,1380.4282999999998
2021-05-10,3923.95,4208.0,3650.0,3945.88,1505897.92612,0.00210916,0.001710203333333333,0.0012103235714285715,0.0015030603333333334,0.000347365153164985,0.0006815006326720583,0.0012049967522305143,0.6872797983495986,1.662889920512148,0.4511686903790122,1.011633176074208,1.0320490167767002,0.9081482766831771,76.04516572903273,87.45177019285435,76.93380164618084,3483.7990000000004,2416.2819999999997,1398.0878
2021-05-11,3946.63,4180.22,3771.64,4173.45,1095927.10403,0.00114022,0.001598663333333333,0.0012484371428571428,0.0014632846666666666,0.0004865627842666702,0.0006597139253136509,0.0011963028474277213,-0.8529782267139617,0.17259622380869513,-0.4382690328386064,0.9748155380695509,1.0372994864510063,0.9068272542863219,95.63140931725076,88.04749500205808,77.37904639470122,3606.667,2466.1316,1416.9094999999998
2021-05-12,4173.46,4372.72,3701.58,3823.21,1601842.74017,0.0011184300000000001,0.0014559366666666662,0.0012830714285714286,0.0013898886666666667,0.0005658129049724256,0.0006372968278700162,0.0011448813678664753,-0.894027715571862,0.09014243813964126,-0.4416140242334574,1.4397404544108279,1.1499656724840641,0.9235356548392808,63.72728191089586,73.89916272778052,69.10372757665107,3694.0320000000006,2509.2342,1433.96485
2021-05-13,3810.15,4034.77,3500.0,3717.91,2068708.17427,0.0006567000000000001,0.0009717833333333331,0.0013085500000000001,0.0013009246666666667,0.0002730875889405047,0.0006010719741236663,0.0010917388704350715,-1.2070653332559873,-0.6037594238386303,-0.8486906845021411,1.0082898388906516,1.1608469721731194,0.9200576931802326,59.838228446232606,70.48352782167383,66.4306440033449,3722.719,2551.9556,1450.5250999999998
2021-05-14,3717.92,4173.28,3691.35,4075.01,1153390.42631,0.00030000000000000003,0.0006917099999999998,0.0012746285714285714,0.0011602556666666665,0.0004103366804223167,0.0006452798575079597,0.0009212105895699107,-1.1244999186814513,-1.1199613082166122,-1.1542075691705977,1.3429193351268935,1.1225149643515142,0.9348266837789813,69.76290356836182,74.23702827112935,71.02631056540513,3806.3190000000004,2601.741,1468.93755
2021-05-15,4075.02,4134.05,3632.0,3646.68,1039174.88082,0.00136942,0.000775373333333333,0.001331432142857143,0.0010963960000000001,0.0005444972948815625,0.0006130748099059421,0.0008307914101568096,1.0494375055156286,0.43498702060906336,-0.14929201025497038,1.6848102964984695,1.2710674454639759,0.984077430488397,41.238299117096,61.92438765002134,65.62711641202692,3818.561,2640.6978,1485.1536999999998
2021-05-16,3646.24,3879.0,3343.06,3582.1,1324065.65875,0.0006266500000000001,0.0007653566666666663,0.0013239264285714286,0.0009870723333333332,0.000548036895321236,0.0006215660062307515,0.0006427964323264437,-0.4405530159733252,-0.7739965447570349,-0.8380553358142857,1.5060705691020826,1.2472319269469925,0.986776758725052,39.008392013100995,60.53194181737861,65.89643691998194,3827.7980000000002,2678.0872000000004,1501.1230500000001
2021-05-17,3581.81,3587.06,3102.0,3282.51,1904012.43998,0.00119118,0.0010624166666666664,0.0013507057142857143,0.0009472556666666668,0.0003877651547436124,0.0006058904854168611,0.0005878196379179153,0.8239664803679432,0.08870912212737242,-0.2926461974039573,1.5049939546361382,1.3135166960777647,1.0122817118373075,31.901937567851803,47.36748822253035,62.57115760157681,3808.096,2709.9972,1515.59995
2021-05-18,3282.25,3565.71,3240.0,3375.07,1287110.84143,0.00089919,0.0009056733333333331,0.0012906257142857144,0.0009376436666666667,0.0002823208377596995,0.0006059882643788024,0.0005861100020414116,0.05101367990215392,-0.4172935387493195,-0.5755771844900298,1.5867901546195862,1.3128246692881393,1.0130157053364421,26.486422807316657,52.49963256905001,61.919285007100335,3754.577,2741.1638000000003,1530.5628499999998
2021-05-19,3375.08,3441.73,1888.0,2438.92,4309836.31939,-0.00293021,-0.00027994666666666685,0.0009351400000000001,0.0008159966666666667,0.002299833981406777,0.0012480345754024597,0.0009178471376235114,-1.7663175233965045,-3.618518594958638,-3.6363187269648094,2.59662262631219,1.9433973625085645,1.307615215391762,19.690752799289825,33.90896960710231,50.77329423720235,3606.0739999999996,2753.133,1540.8251500000001
2021-05-20,2438.92,2990.05,2155.0,2768.62,2942777.9301,0.00031828,-0.0005709133333333335,0.0007823221428571429,0.0008128463333333334,0.002063752571902298,0.0011761725313403932,0.0009194396006769467,0.1768171886649508,-0.5928150229774366,-0.9074494676693012,3.2415959700272516,2.0247161950282093,1.3407550371844046,31.074836224727278,40.169371835509665,53.320458063379775,3488.3480000000004,2770.118,1552.6849000000002
2021-05-21,2767.87,2938.54,2101.0,2430.98,2727031.93514,0.00030000000000000003,-0.0007706433333333337,0.0007228907142857142,0.0008128463333333334,0.0018702619282959672,0.0011781617509850095,0.0009194396006769467,0.20767326249026782,-0.593267086013334,-0.9008478967465128,3.265662164427651,2.0782736840410294,1.3735805344291698,16.96811396194093,36.87708223301696,50.53991865981617,3314.101,2779.3766000000005,1562.9247
2021-05-22,2430.98,2485.0,2145.0,2294.87,1684318.01157,0.00030000000000000003,0.000306093333333333,0.0006389735714285714,0.0008080243333333334,1.0553962921225371e-05,0.0011622149298486852,0.0009218134083487851,0.3403578714657122,-0.5690977731471067,-0.8931775604332736,3.2673884622777036,2.0875234991826424,1.3821852012806781,19.2257083407259,28.173295968901556,50.69426938194662,3161.2670000000003,2782.6002000000003,1572.45965
2021-05-23,2295.45,2381.57,1728.74,2096.39,2914548.73125,0.00030000000000000003,0.00030000000000000003,0.00054993,0.0007879433333333334,0.0,0.0011347572647995613,0.0009262370615424042,0.4440448293131676,-0.5415126419972027,-0.8779498706517377,3.0905644533148138,1.975629718209594,1.3949696637502351,18.12095801701433,26.48097434418186,48.12067907133625,2999.1150000000002,2784.3576000000003,1580.9291500000002
2021-05-24,2096.63,2675.0,2079.94,2648.43,2186632.92245,0.00030000000000000003,0.00030000000000000003,0.0004207042857142857,0.0007811463333333333,0.0,0.0010428230718340708,0.0009291368912337966,-0.4466672179032939,-0.4814860525757011,-0.8720086348169767,2.9869573086819905,2.2546022362629166,1.5049840101698597,37.72437932689051,35.30763986872067,50.91896626408557,2856.457,2795.8124,1592.0878500000001
2021-05-25,2647.92,2750.0,2378.54,2705.11,2115349.50445,0.00030000000000000003,0.00030000000000000003,0.00036068857142857147,0.0007811463333333334,0.0,0.0010222027394486187,0.0009291368912337966,0.0,-0.41470786468698306,-0.864752214036924,2.758615166125947,2.219617642366038,1.4977315332808356,36.84702371602568,32.70302744727394,50.31307526976183,2762.3,2807.7670000000003,1603.3338499999998
2021-05-26,2705.1,2910.0,2643.0,2884.94,1583799.59251,0.00030000000000000003,0.00030000000000000003,0.0003022292857142858,0.0007811463333333333,0.0,0.0009986662614897477,0.0009291368912337966,0.0,-0.33796890104487826,-0.8580726856638882,2.4329825220878387,2.244290253168296,1.5042263537042466,62.45531924397719,38.48491319532611,51.08096396362789,2692.584,2823.2216000000003,1615.5825
2021-05-27,2884.82,2889.74,2633.68,2742.23,1099029.91206,0.00030000000000000003,0.00030000000000000003,0.0002767507142857143,0.0007709253333333334,0.0,0.0009934637618683438,0.0009328021798480051,0.0,-0.29762291591327933,-0.8463149226938698,2.4098612044970937,2.2508764165819386,1.5102707643199793,49.17710743438723,38.13474401068871,49.88531772640423,2638.556,2838.7968,1627.0221500000002
2021-05-28,2742.23,2762.45,2327.38,2412.1,1554584.61362,0.00030000000000000003,0.00030000000000000003,0.0002767507142857143,0.0007598069999999999,0.0,0.0009934637618683438,0.0009364766591790936,0.0,-0.24349540293723856,-0.8254062441047636,2.60420766324457,2.2251221347477816,1.537792342320458,49.40851389112984,29.643802346893892,47.33952378418887,2542.2589999999996,2845.4295999999995,1636.8610500000002
2021-05-29,2412.34,2574.27,2204.1,2278.74,1379427.18851,0.00030000000000000003,0.00030000000000000003,0.00020036357142857146,0.000759807,0.0,0.0009428083100267473,0.0009364766591790936,0.0,-0.1849426837232414,-0.8030966909588046,1.4275407027929876,2.2256565726945943,1.5451070332462344,49.49379562270692,31.951202778147135,45.05378947319643,2526.241,2849.667,1646.00305
2021-05-30,2278.74,2476.42,2180.53,2385.98,1151113.19883,0.00030000000000000003,0.00030000000000000003,0.00017703142857142858,0.0007439769999999999,0.0,0.000935460539692015,0.0009402190587383466,0.0,-0.0977399971797917,-0.7770724491759049,1.5214646610290847,2.2437029305940235,1.545754720745825,59.640210653838075,34.39390222898264,45.87735802127692,2487.977,2854.7168,1655.6175
2021-05-31,2385.82,2720.0,2271.44,2706.15,1307958.04068,0.00030000000000000003,0.00030000000000000003,0.00011337571428571432,0.000734838,0.0,0.0008903767017108249,0.0009432540885912622,0.0,-0.05021353071938315,-0.750702670656429,1.896452113107213,2.3111045635371803,1.5741625556217083,52.27222624631013,42.520245016595844,44.56919298695888,2515.494,2865.8125999999993,1666.8363
2021-06-01,2706.15,2740.0,2523.74,2634.57,1179577.10806,0.00030000000000000003,0.00030000000000000003,7.05764285714286e-05,0.000720447,0.0,0.0008636994825802186,0.0009465906407558371,0.0,-0.001889047647555483,-0.7239118852505861,1.8635096475586381,2.2922688824178183,1.5645793094715252,47.25529563739625,40.33748975681101,45.38836210709415,2549.464,2875.7502000000004,1677.6270000000002
2021-06-02,2634.31,2802.99,2550.0,2706.22,970070.53563,0.00030000000000000003,0.00030000000000000003,0.0003013057142857143,0.000703238,0.0,4.8855355018584975e-06,0.0009494769982483795,0.0,0.019802364314859724,-0.6978511215419507,1.3507831307201656,2.2999210067396794,1.5572961878732017,42.406784269714066,54.504064273460116,43.54839727308946,2610.447,2883.8908,1688.85365
2021-06-03,2706.21,2891.95,2662.4,2857.25,1024290.89423,0.00030000000000000003,0.00030000000000000003,0.00030000000000000003,0.0006552276666666666,0.0,0.0,0.0009314731255333748,0.0,0.019802364314859724,-0.6742531428538927,1.0516908999582646,2.271683725674894,1.5605635171571306,54.852509365791626,51.58912018357548,45.10185368753,2631.329,2892.3838,1700.8994999999998
2021-06-04,2857.25,2860.0,2552.0,2689.51,1188314.11191,0.00030000000000000003,0.00030000000000000003,0.00030000000000000003,0.000597008,0.0,0.0,0.0008953950195320237,0.0,0.08927096851776485,-0.6495050524856724,1.385449601403796,2.241864308219837,1.5687504300095227,63.56170008893057,54.93613365152194,44.0275421614423,2629.769,2895.8932,1712.0443
2021-06-05,2689.54,2816.87,2552.23,2627.73,961824.12413,0.00030000000000000003,0.00030000000000000003,0.00030000000000000003,0.0005250836666666667,0.0,0.0,0.0008246413868045393,0.0,0.1109321241215354,-0.6238336006960055,0.8762943669377342,2.242103430119648,1.570192094830152,68.34491531655313,56.54097986964449,39.73139724990252,2604.048,2899.9943999999996,1722.7722
2021-06-06,2627.63,2745.0,2614.0,2711.92,673792.69369,0.00030000000000000003,0.00030000000000000003,0.00030000000000000003,0.000497349,0.0,0.0,0.000817484775825126,0.0,0.17612914727799273,-0.6054791054616858,0.8908261700389478,2.2263802791481506,1.5597541799646093,67.55877346084935,62.664548810109856,40.40418595148801,2601.0170000000003,2907.8808000000004,1733.93975
2021-06-07,2711.92,2847.55,2570.0,2592.05,1152128.07856,0.00030000000000000003,0.00030000000000000003,0.00030000000000000003,0.00045818766666666673,0.0,0.0,0.0007969253215205105,0.0,0.22226856295275488,-0.5966884537232582,0.9464338909375635,2.2246956547450676,1.5590137281089997,42.16173884366137,48.589060842024864,39.44521973693772,2619.0119999999997,2915.0089999999996,1744.54375
2021-06-08,2592.05,2620.99,2304.91,2507.23,1693747.42759,0.00030000000000000003,0.00030000000000000003,0.00030000000000000003,0.00041663400000000004,0.0,0.0,0.0007702701724880835,0.0,-0.22306108685304024,-0.5792812622400305,0.6707229613805078,1.7347498977462885,1.5614876674188019,41.4084849138703,45.116726716320436,36.71403055527338,2641.861,2921.9312,1754.5293
2021-06-09,2507.43,2626.63,2405.28,2610.18,1276718.24011,0.00030000000000000003,0.00030000000000000003,0.00030000000000000003,0.0003563286666666667,0.0,0.0,0.0007008867598177399,0.0,0.0,-0.554521600040403,0.7476179590873857,1.6519750515604619,1.5625904068627818,43.78285299977906,42.952052615887304,39.93053653222035,2664.281,2927.5342,1764.8184499999998
2021-06-10,2610.2,2624.46,2425.11,2471.09,741237.49926,0.00030000000000000003,0.00030000000000000003,0.00030000000000000003,0.0003283213333333334,0.0,0.0,0.0006850919955125709,0.0,0.0,-0.5304350321501157,0.8548104220482963,1.569960219511907,1.5690834257191526,24.60943664192149,43.03196957233746,39.70778095126197,2640.775,2929.8147999999997,1774.37375
2021-06-11,2471.01,2497.99,2321.37,2354.01,587364.27358,0.00028683,0.0002956099999999997,0.0002990592857142858,0.0003006013333333333,7.6037030458413905e-06,3.5198305555690064e-06,0.0006686470668639332,-1.7858223242745115,-4.23415125262093,-0.5172038807959062,0.747181597338803,1.5639357279297388,1.5739658208914322,26.365916199359717,48.32356930532011,35.207354892815886,2612.719,2928.9362,1783.1009
2021-06-12,2354.09,2454.53,2256.22,2370.74,767439.4984,0.00030000000000000003,0.0002956099999999997,0.0002990592857142858,0.00028871133333333336,7.6037030458413905e-06,3.5198305555690064e-06,0.0006652593748499462,0.44645558106863936,0.22285006592742218,-0.47973105868844484,0.772398038304468,1.5085602859506575,1.56388131204398,30.669595173948068,52.84667557795313,38.19771787147359,2579.1710000000003,2929.0031999999997,1791.92975
2021-06-13,2370.64,2548.41,2308.41,2509.33,715948.75986,0.00030000000000000003,0.0002956099999999997,0.0002990592857142858,0.00028871133333333336,7.6037030458413905e-06,3.5198305555690064e-06,0.0006652593748499462,0.44645558106863936,0.22285006592740383,-0.46655235190947836,0.9672001850590755,1.140108455582014,1.5639722630120627,35.91422969417886,53.744073527669876,40.2110415385168,2544.379,2934.9228000000003,1801.6289000000002
2021-06-14,2509.33,2609.17,2461.0,2580.77,684183.55622,0.00023785,0.00027928333333333296,0.00029462000000000005,0.00025099233333333333,3.58823192302669e-05,1.671215541031717e-05,0.0006331776730313509,-1.7476439464872175,-4.151511230655249,-0.5143480083156098,0.9259008154848705,1.1432589026800861,1.563395162546177,49.15908752044965,45.51746821680914,43.31846728642188,2533.505,2940.1283999999996,1811.9335999999998
2021-06-15,2580.58,2640.0,2507.7,2543.54,599826.64933,0.00030000000000000003,0.000279283333333333,0.00029462000000000005,0.00024010400000000002,3.58823192302669e-05,1.671215541031717e-05,0.0006292916487914127,0.5591154145581192,0.2677889712018335,-0.42689386899638565,0.7681388338412236,1.1038159303100918,1.561043977915631,52.91361075887558,46.66358791659128,41.99837952580584,2525.0860000000002,2940.3472,1822.0579
2021-06-16,2543.55,2556.19,2351.18,2367.89,624741.78358,0.00030000000000000003,0.000279283333333333,0.00029462000000000005,0.00021039800000000001,3.58823192302669e-05,1.671215541031717e-05,0.0006033469859410354,0.4470527523239375,0.2677889712018335,-0.3996224940273542,0.9256897363879021,1.1233332221590615,1.5673452229256584,32.58935628975895,38.477989905901914,49.19930289862095,2490.683,2934.3824,1831.20975
2021-06-17,2368.02,2460.5,2306.0,2373.28,560667.58566,0.00030000000000000003,0.00030000000000000003,0.00029462000000000005,0.00019042500000000003,0.0,1.671215541031717e-05,0.0005895184023669696,0.44705275232393943,0.2677889712018335,-0.38045306036901544,0.923800084912094,0.983017237511673,1.564692562165681,41.29974560134332,31.703149219277634,45.191914769379615,2468.8059999999996,2926.8831999999993,1840.19465
2021-06-18,2373.28,2378.0,2139.0,2234.09,778905.20197,0.00018971,0.00026323666666666634,0.0002867421428571429,0.00029442233333333334,6.367596118899888e-05,3.250936508344808e-05,2.319393718082609e-05,-1.5097564758392255,-3.657938533059228,-0.5256274962962685,0.8036627054961593,0.9870316318012414,1.569715104852321,39.73674300772343,32.4026275115569,47.483994632896824,2441.4919999999997,2916.4242000000004,1848.2818000000002
2021-06-19,2234.09,2278.82,2161.67,2164.67,496872.24997,-8.379e-05,0.0001353066666666663,0.0002593285714285715,0.00028102000000000004,0.00019759423836069652,0.0001038995106864134,7.256091557415452e-05,-1.713411182899074,-4.035241113071501,-0.9010049145851072,0.589130783881816,0.9716073379338045,1.5603491338088316,33.822675103195664,32.21243969143151,48.3073586995171,2396.941,2904.2691999999997,1856.17885
2021-06-20,2165.34,2280.01,2040.68,2243.47,743883.64741,-0.00019034000000000002,-2.8140000000000374e-05,0.00022430428571428574,0.00026467533333333334,0.00019604130304609672,0.00015779983887649415,0.0001124174905011171,-1.292828039275492,-3.2324161049957407,-1.0330249814428853,0.8491355105400947,0.7995799895620106,1.562716503612975,26.966662045988926,31.930568948856532,51.97349706681939,2374.179,2890.2432,1864.41175
2021-06-21,2243.49,2260.16,1865.54,1885.49,1629819.66576,-0.00010245999999999999,-0.00012553000000000035,0.00019555714285714287,0.00025126,5.689810453795619e-05,0.0001782793273070433,0.00013060000248189078,-0.5942993536656995,-2.1188483743438393,-0.889599609377049,1.5335322637234208,1.0641056807263791,1.6191026016293952,9.748049000756282,26.975416460258486,39.20058205368999,2327.327,2868.9618,1870.7599500000003
2021-06-22,1885.27,1998.0,1700.48,1879.28,1695338.08052,0.00013675,-5.2016666666667046e-05,0.0001838964285714286,0.00024581833333333334,0.00016927895449034714,0.00017624984432538428,0.00013189377376961132,0.8934607894922836,-0.5265664119527249,-0.5349330357558505,1.5183339767743576,1.0480753396283438,1.6189522173905588,10.111212528815486,28.432079683984327,38.140930826972216,2278.1809999999996,2837.9266000000002,1877.3201499999998
2021-06-23,1879.29,2045.0,1821.95,1968.14,918612.30494,-0.00011752,-2.7743333333333695e-05,0.00015407357142857144,0.00023190100000000004,0.00014265427940775158,0.00018988909393104417,0.00014712783389235384,-0.373719125176445,-1.8398531546785641,-0.8723987959213146,1.693414944109273,1.0378187114406139,1.6156368085581898,23.201716162745555,27.732613792406795,36.481385363061456,2224.0620000000004,2812.5092,1884.17685
2021-06-24,1967.95,2036.61,1884.79,1989.52,701231.67478,0.00015568,5.830333333333297e-05,0.000143765,0.00022709033333333337,0.00015256136350119668,0.00018521767006374692,0.0001471838256313011,1.1297336648667498,-0.20572241605648414,-0.4864639563909615,1.7177410122310142,1.0272157666806667,1.6112604982325596,24.813609156755504,31.813134937086332,38.48908871248099,2164.9370000000004,2781.8144,1891.11675
2021-06-25,1989.53,2019.99,1791.22,1808.82,858808.54767,0.00027207,0.00010340999999999964,0.0001427107142857143,0.00022615933333333335,0.00019998551622557728,0.0001843807987860609,0.00014679455798736758,1.1851763443183956,0.48988544458647787,-0.323253934636783,1.7160638740794811,1.0827324469834687,1.6111119128798674,23.53146200284249,30.35450463757323,40.332423111895395,2091.465,2748.1962,1897.2044499999997
2021-06-26,1808.97,1852.8,1717.32,1829.64,832315.14904,-0.00016521,8.751333333333296e-05,0.0001094814285714286,0.00021065233333333332,0.00022646957948771856,0.00019544196017692568,0.00016246104306895062,-1.1751106207666862,-1.7964846408347186,-0.909286978221907,1.0144918520380901,1.0681375883620348,1.6053731545388186,27.80523352100765,30.55918830745817,42.53386443581913,2037.64,2715.1984,1903.5779499999999
2021-06-27,1829.84,1984.5,1804.26,1982.28,696055.79307,-0.0004709,-0.00012134666666666705,5.441714285714289e-05,0.0001849556666666667,0.00037342214614742054,0.0002409379901209297,0.00020359994090308827,-1.3918383755079944,-2.603270802958532,-1.289066753927475,1.2564302029157175,1.1422193339168083,1.6170535009531528,34.23888774903878,31.25324569075859,43.38842704501126,1998.5400000000002,2676.6388,1910.6239
2021-06-28,1982.27,2145.0,1960.52,2084.41,1044244.68308,3.3310000000000005e-05,-0.0002009333333333337,3.980714285714288e-05,0.000176066,0.00025399615830430596,0.0002350898461776282,0.00020422482257516096,0.23354570890206594,-0.35586845851474813,-0.5924347333100972,1.2672761429882688,1.1697063351560089,1.622761141071724,67.36564584270846,32.722082985208985,39.034335823647304,1983.5719999999997,2639.848,1918.251
2021-06-29,2084.42,2245.0,2073.57,2165.33,831257.23277,2.7339999999999992e-05,-0.0001367500000000004,2.033142857142859e-05,0.00016697733333333333,0.00028939778350915593,0.00022285195561375676,0.0002045859769848473,0.31795279611406874,-0.3272936482450757,-0.5827585653455084,1.2872314082937113,1.167991277275443,1.626008328154241,72.09050891952975,37.22341208977014,41.751163739112556,1983.6380000000001,2604.237,1926.3555000000001
2021-06-30,2165.46,2287.78,2087.99,2275.68,910583.6032,0.00030000000000000003,0.00012021666666666629,2.033142857142859e-05,0.00016697733333333333,0.0001557255452176807,0.00022285195561375676,0.0002045859769848473,1.244319067357556,0.8930641742872976,-0.20537937110866433,0.4731245291965968,1.1751920977070487,1.6236175272506965,72.98711394138323,46.74121247671709,42.533073417047945,1986.8589999999997,2566.2816,1934.8936999999999
2021-07-01,2275.68,2275.93,2073.12,2106.41,787865.25137,0.00024853,0.0001919566666666663,1.6655000000000016e-05,0.00016526166666666668,0.00014486640546842956,0.00021826056692191012,0.00020364563031255098,0.7246922554134158,0.6758741253480779,-0.26464141818775094,1.1649121764325556,1.202181741670546,1.6334749797413088,57.15509959227744,41.5476318672945,37.059926513637784,2008.9510000000002,2531.9456,1942.4722499999998
2021-07-02,2106.41,2160.0,2018.5,2154.13,672282.37476,-0.00017226999999999998,0.00012541999999999962,-9.200714285714269e-06,0.00014951933333333338,0.00025908838704197175,0.00021762267046299935,0.00021099218120719206,-1.3631091419464947,-1.1013823610398024,-0.8124340368496336,1.0261228672831517,1.20704741582417,1.587213645636468,75.24749579578464,47.31172673475911,40.375017977810636,2036.4360000000001,2500.67,1950.31145
2021-07-03,2153.95,2240.0,2112.01,2226.99,569264.801,6.121e-05,4.582333333333297e-05,1.1564285714285883e-06,0.0001415596666666667,0.00021082154096141223,0.00021724985058353458,0.00020961925532576243,-0.16808254259502728,-0.008197653459799257,-0.4697800936230555,0.9848063488352528,1.1880003425101693,1.5853834202668404,76.99792088484162,52.09037728755908,42.82414371047319,2062.321,2463.7096,1958.5031999999999
2021-07-04,2226.99,2389.93,2189.58,2322.69,590656.25069,0.00030000000000000003,6.297999999999964e-05,3.6180714285714305e-05,0.00014155966666666667,0.00023613997522658244,0.00022343993484617438,0.00020961925532576243,0.747644241452465,1.0576038333105653,-0.10123110572723315,0.9945322156176943,1.197178973489767,1.5738064692111928,75.06885632218493,52.627459304513536,43.05885961497809,2095.638,2437.2297999999996,1966.9307499999998
2021-07-05,2322.69,2324.64,2157.32,2196.53,781806.31605,0.00019822,0.0001864766666666663,5.765785714285716e-05,0.000138167,0.00011982735678192806,0.00022353936040191635,0.00020778208764437784,0.37505622911112274,0.6334011799701766,-0.21265450429000438,1.0560254155389968,1.21618038646329,1.5784133212087934,57.97462232205672,62.190762863256,42.96247793652839,2134.4089999999997,2409.5184000000004,1974.6998999999998
2021-07-06,2196.85,2350.0,2193.0,2322.5,785330.17152,8.549e-05,0.00019456999999999962,5.3996428571428586e-05,0.00013101666666666666,0.00010730156988604639,0.0002225618962690511,0.00020570145850207013,-0.051064913612902864,0.16813759241981321,-0.36933719096418255,0.838220046962398,1.2086245508409719,1.586134295012261,60.505594695343305,65.8805572275545,46.76052089795249,2183.6949999999997,2390.3182,1983.04315
2021-07-07,2322.51,2409.0,2291.9,2316.57,666501.35572,0.00023042,0.0001713766666666663,7.884928571428573e-05,0.00012869733333333334,7.610255996576975e-05,0.00022135934201981928,0.00020411659002558314,0.5521156453037577,0.8933771756489096,-0.105000382196117,0.8573292335906132,1.2085518365002916,1.5556965308807376,53.1766131663007,63.27301817066887,44.66979642070682,2217.1240000000003,2369.1482,1991.33585
2021-07-08,2316.25,2325.6,2084.79,2116.33,880265.04124,0.00017564000000000002,0.0001638499999999996,8.027500000000001e-05,0.00012455200000000002,7.31807987112077e-05,0.0002219557274548165,0.00020176696904066307,-0.2844230655739982,0.6317690094842757,-0.1644615453397609,1.1953558092925824,1.2430508156596425,1.5683211576637541,50.735272317537564,54.25134604161434,43.69956240050212,2220.316,2362.6964000000003,1998.7266
2021-07-09,2116.32,2189.4,2046.51,2146.99,738611.36304,0.00022471,0.00021025666666666632,7.689214285714287e-05,0.00012204233333333333,3.0114551853602637e-05,0.00021915088224180027,0.00019996965765839777,0.7122233034654704,0.7908007384855829,-0.027599746279817695,1.1048540855167337,1.2380468076649147,1.5690228418428476,49.457050736046604,62.60539597569078,46.2069521498716,2218.482,2350.2638,2006.4236500000002
2021-07-10,2146.99,2194.82,2074.16,2110.69,499071.85904,0.00030000000000000003,0.00023344999999999963,0.00011012142857142859,0.00012204233333333334,6.263899025375358e-05,0.00021484475464343786,0.00019996965765839777,1.2190219403095928,1.0489885341477339,0.1463982961747321,1.0230107466189216,1.2289324155445567,1.5602734010636208,40.63546766292767,60.35670855283599,45.269254978105685,2201.9829999999997,2343.8579999999997,2013.7948500000002
2021-07-11,2110.68,2174.0,2081.02,2140.45,342294.40302,0.00030000000000000003,0.00027490333333333295,0.0001651857142857143,0.00012248133333333334,4.34687017673969e-05,0.00014035022275141039,0.00020035797531921904,1.0049894024931965,0.9490423381783786,0.17778595108902667,0.8295006616263907,0.9600224785782129,1.5496324614706791,33.582573600908916,56.40898887324734,43.01278942897607,2205.3869999999997,2340.7696,2021.5692999999999
2021-07-12,2140.54,2167.83,2006.68,2031.58,540630.10742,0.00030000000000000003,0.00030000000000000003,0.00018423500000000004,0.00012248133333333334,0.0,0.00013916781208033588,0.00020035797531921904,0.6959742429339997,0.8894806060390005,0.19099688097454953,0.8621146966796303,0.9916663281511758,1.5525557773133536,34.66237702931902,47.87097710176672,39.742857036090676,2193.132,2339.4734,2028.66565
2021-07-13,2031.57,2047.35,1918.0,1940.15,647388.24969,0.00018564,0.00026187999999999965,0.0001955421428571429,0.00011866933333333335,6.60257767845987e-05,0.00013166853816005448,0.00019793733158254102,-1.4218661911443442,0.2780808362005078,-0.036530383189520683,0.6062838254568588,0.9943685711459788,1.533749738231749,12.007392833704088,41.001582455477525,38.954201463726534,2164.448,2325.3078,2035.2323000000001
2021-07-14,1940.44,2019.18,1865.0,1994.58,690505.60937,0.0001845,0.0002233799999999996,0.0001872921428571429,0.00011689100000000002,6.63573145931171e-05,0.00012819260186132015,0.00019706739623179682,-1.1043018947001233,0.2649048447428272,0.001188402090084853,0.676374177154166,1.0007114413418108,1.516597927809805,20.817850604479673,38.241445662132065,42.84871402897219,2131.6369999999997,2311.0972,2042.0179999999998
2021-07-15,1994.41,2042.88,1881.0,1919.51,645271.32563,0.00025655000000000003,0.0002088966666666663,0.00018786500000000003,0.00011544266666666668,4.127293342304785e-05,0.00012850484652637093,0.00019583103214572035,0.19392152190060094,0.6267418490949457,0.1689311466481523,0.7068814369307682,0.9231143955120076,1.518092760839356,26.927224983543866,41.513032422070545,41.5334151811102,2103.935,2291.7886,2048.19
2021-07-16,1919.54,1965.0,1850.0,1876.26,577068.89724,0.00026785000000000003,0.00023629999999999962,0.00021930214285714286,0.000114371,4.5214516474356146e-05,7.723077766103893e-05,0.0001948718529656596,0.5600319581078632,0.6067014647024538,0.23585879567477758,0.6139909860415225,0.9286450906415484,1.5061543526675218,19.172872400962305,37.33073142258347,43.07558933826117,2059.3109999999997,2274.4692,2053.91925
2021-07-17,1876.47,1919.19,1844.45,1899.59,430300.51578,0.00025313,0.00025917666666666633,0.00023301071428571434,0.00011280866666666668,7.703514350152382e-06,6.267127822880386e-05,0.00019351546682785586,0.5759932792980434,0.5259030165943164,0.23241799231991123,0.6136917820197819,0.8607188776719377,1.5042789808159052,25.231144694190434,34.36634514368434,44.77724274349405,2017.6129999999998,2264.219,2059.7572
2021-07-18,1899.5,1993.79,1877.1,1891.64,534837.63654,0.00030000000000000003,0.0002736599999999996,0.00023301071428571434,0.00011648500000000001,2.3969069652566308e-05,6.267127822880386e-05,0.00019605771129157438,1.126820109929243,0.8180147496174979,0.5731568913120526,0.5053547599515784,0.8278819588672147,1.279643216764287,19.231815596138134,27.534267993914014,42.86895645929894,1995.1439999999998,2256.4770000000003,2065.45455
2021-07-19,1891.65,1919.0,1805.0,1818.73,547419.93771,1.1989999999999999e-05,0.00018837333333333298,0.00021970857142857144,0.00011967766666666668,0.00015453966944879713,8.60332953308861e-05,0.00019344637449356976,-1.7660446810779893,-1.5482621477373362,-1.1337252337240407,0.42748727849602103,0.8167127289672323,1.2393703215937915,21.10921084774877,29.152411433571515,48.470084608200615,1962.318,2245.132,2070.8661
2021-07-20,1818.73,1841.34,1706.0,1786.03,786257.272,-0.00048893,-5.898000000000038e-05,0.00017867857142857147,0.00010972466666666668,0.00039922448810163414,0.00020695744827814027,0.00021628078543846384,-1.6790341024078796,-3.3478751272394818,-3.598068460578694,0.37301512241796436,0.7737712292561728,1.2007675971898826,25.113034491610918,16.99986467031995,47.88865693669181,1929.852,2226.7296,2076.1517
2021-07-21,1786.03,2035.23,1747.55,1995.5,1115949.82033,-0.0005418199999999999,-0.00033958666666666703,0.00012351857142857146,9.507933333333334e-05,0.00030562060210880253,0.0002815687192759915,0.00024421567013086,-1.1186717244456938,-2.6716382891595067,-3.4122847911702374,1.113339004197281,0.8796531091740832,1.2268558377714731,50.098992855222804,34.205063116731196,50.58739673318892,1915.357,2213.9482000000003,2082.2563999999998
2021-07-22,1995.5,2046.0,1947.62,2024.56,768854.3659,0.00030000000000000003,-0.0002435833333333337,0.0001324014285714286,0.00010052100000000002,0.00047149917097842955,0.0002852767410739947,0.0002469793510613456,0.9322953606353679,0.6415004179918532,0.6052971639576866,1.113489576997666,0.8759442551062815,1.2073668157972097,62.5456803686823,44.571043197313735,50.74980741241885,1914.655,2200.315,2087.4878
2021-07-23,2024.27,2130.9,1993.22,2124.25,708160.91322,0.00028643,1.4869999999999637e-05,0.00013681000000000004,0.00011398600000000002,0.00048215542442246897,0.00028728282478314194,0.00024569018109580677,0.9128631698353007,0.536078576853066,0.5419550493107609,1.1303529376751331,0.889920908627362,1.062598610087656,76.0981667402217,48.75631686019968,56.99218386313135,1933.065,2185.655,2092.9019
2021-07-24,2124.26,2199.5,2105.58,2184.75,633075.18592,0.00017386000000000002,0.00025342999999999964,0.00012780000000000002,0.00011459200000000002,6.924286894698683e-05,0.0002837270740856917,0.0002458189533305874,0.5371779335918535,0.09861409510238775,0.014462381894609171,0.9168142267685718,0.878432090234809,1.0637339061674627,77.83243538679145,53.945994330816134,57.735691225798426,1952.0819999999999,2175.5598,2098.3278499999997
2021-07-25,2184.9,2197.41,2105.93,2189.79,535630.27,0.00013448,0.0001982566666666663,0.0001159771428571429,0.00011000566666666667,7.8858091742974e-05,0.0002794153988496026,0.00024405673133137448,0.18272259936676313,-0.05218915713047588,-0.1614776765715375,0.8164042710300823,0.8458253661884179,1.0501451574341192,79.26654494757152,52.70001094443059,54.831049462834834,1979.11,2166.801,2103.2347
2021-07-26,2189.82,2433.65,2171.57,2228.08,1393738.163,0.00030000000000000003,0.00020277999999999963,0.00011597714285714288,0.00012551266666666668,8.646671267030995e-05,0.0002794153988496026,0.00024072355923745358,0.7742623840619035,0.5885735186467819,0.6339329335354741,0.3285580662354929,0.8122851508519592,1.0450517935912393,93.11216429686112,61.65314545961868,53.44725817357959,2014.2920000000001,2157.1242,2108.2507499999997
2021-07-27,2227.81,2319.26,2150.5,2299.49,906359.23478,0.00030000000000000003,0.00024482666666666633,0.00012414571428571433,0.00015120933333333334,9.556301655631736e-05,0.00028325387999824953,0.00021458985156022064,0.7742623840619035,0.5704136200223331,0.6339329335354741,0.3249519651226401,0.8248650289411879,1.0003533724148335,99.99999999986368,71.8284534077262,53.23383084569929,2054.282,2151.2729999999997,2113.66355
2021-07-28,2299.47,2345.0,2243.15,2300.9,718202.57727,0.00025618,0.000285393333333333,0.00012926571428571433,0.00015863833333333333,2.5299488796074572e-05,0.00028507074670399,0.00021422500370956156,0.30880629956359446,0.3723768345303634,0.4276748536322542,0.2725079736148128,0.7188465107373121,0.9904158129521402,99.9999999997708,69.88884271751269,50.64160620330838,2095.208,2147.1464,2118.78805
2021-07-29,2300.9,2400.0,2266.12,2382.92,499364.83496,0.00025723,0.0002711366666666663,0.00012931428571428576,0.00016630133333333337,2.5001892595217686e-05,0.0002850941590938814,0.00021347677185654817,0.11270052822245787,0.3692256282885029,0.436982721239797,0.3051583081534149,0.7298006625655707,0.9876433925805144,99.99999999980467,79.81931199553203,57.36131151722161,2151.6269999999995,2142.6012,2124.4314
2021-07-30,2382.93,2471.7,2315.92,2461.81,762577.28797,0.00030000000000000003,0.0002711366666666663,0.0001316107142857143,0.00016630133333333337,2.5001892595217686e-05,0.00028642229082957694,0.00021347677185654817,0.7298995130036222,0.5439608178243757,0.6432926168960028,0.27713317519011227,0.7315040454001146,0.9396767622039225,99.99999999979264,86.0263083414911,58.05740323670321,2219.205,2142.4156,2131.3054
2021-07-31,2461.77,2553.86,2420.68,2531.05,507601.05026,0.00030000000000000003,0.000285743333333333,0.00013495857142857144,0.00016801700000000001,2.4693271013429975e-05,0.0002882202114264753,0.00021436539109095964,0.7298995130036222,0.5439608178243757,0.6432926168960028,0.27046780420550565,0.7361183747944383,0.9402467765641419,99.99999999979786,86.77350974851328,57.97772973418291,2272.7599999999998,2145.9564,2138.70985
2021-08-01,2531.1,2697.61,2511.24,2555.69,853495.94078,0.00030000000000000003,0.00030000000000000003,0.00013495857142857144,0.00018375933333333335,0.0,0.0002882202114264753,0.00020567908919131425,0.7298995130036222,0.5439608178243758,0.6432926168960028,0.28966401596618896,0.6838969707099404,0.9380929408184804,99.9999999998087,87.9340089342453,56.350088846650664,2325.8730000000005,2149.6554,2145.83885
2021-08-02,2555.5,2666.0,2507.0,2606.93,726701.84952,0.00030000000000000003,0.00030000000000000003,0.00015553071428571429,0.000191719,0.0,0.0002890453776316387,0.00020539328203681827,0.4469799089313022,0.5168180924169915,0.6432926168960027,0.19722899133348715,0.633501110425755,0.9293449003883916,99.99999999981523,96.16916588550299,61.66107859284387,2374.1410000000005,2151.6074,2152.7154
2021-08-03,2606.92,2632.44,2442.32,2509.04,792960.84375,0.00020759,0.00026919666666666635,0.0002052821428571429,0.00018863866666666667,5.335293837590216e-05,0.00022167920103603525,0.00020440393316838732,-1.7884216331272595,0.13727810965548704,0.20562326486676086,0.5446563323012231,0.6693296919291822,0.9222087408420943,75.8493079711517,89.34576997994637,55.386285674596586,2406.57,2150.1728,2159.41795
2021-08-04,2508.51,2772.71,2457.68,2724.78,954590.7536,0.00019663,0.00023473999999999964,0.00025802857142857144,0.00018858566666666668,5.678187298786217e-05,5.670730096217387e-05,0.0002044015692746705,-1.194314605203352,0.1052897202727377,0.16148045711244857,0.825404401809146,0.6950821117314718,0.943177381333319,84.20262724710497,89.41798369821939,60.513126921820806,2460.0690000000004,2153.7976,2166.9027
2021-08-05,2724.55,2843.98,2529.91,2826.99,1307720.20654,0.00030000000000000003,0.00023473999999999964,0.00025802857142857144,0.00019573600000000004,5.678187298786217e-05,5.670730096217387e-05,0.00020442270804084495,0.728261480071987,0.5173710145977571,0.6634472031869812,0.836455962564549,0.6750407008868958,0.9443397941664368,84.70110182064658,90.1934462686947,69.27579472702944,2519.96,2162.9796,2174.8754
2021-08-06,2827.01,2946.75,2720.06,2891.58,825399.48637,0.00030000000000000003,0.00026554333333333297,0.0002589978571428572,0.00019805533333333336,5.9680697326211264e-05,5.734252029265428e-05,0.0002052229473915767,0.728261480071986,0.5057661135171752,0.6634472031869811,0.8261644763511871,0.6740853354218425,0.9387418918199533,84.35137079360717,89.83605195655142,69.8310898988481,2579.1690000000003,2173.3456,2183.0410500000003
2021-08-07,2891.54,3171.0,2865.5,3160.31,1205277.10095,0.00038202,0.0003273399999999997,0.0002738664285714286,0.00020493466666666668,4.735426907902908e-05,6.047064851987771e-05,0.0002078874098911675,1.370708213859995,0.8109226229808093,1.0490318983830664,0.9844977079476823,0.7227253975713404,0.9586201285978359,88.1351207213448,91.64290470731957,74.87534127094568,2665.1099999999997,2191.87,2192.0158
2021-08-08,3160.48,3189.99,2949.03,3011.85,966349.70579,0.00033627,0.00033942999999999967,0.00028828,0.00020865333333333334,4.110120801155374e-05,4.73076721700706e-05,0.0002092466892636775,0.4869646628529361,0.5656488009664782,0.8234235579655917,1.0555620439591287,0.7387413939497578,0.962637014522321,74.03726577150283,81.26273996766423,69.55161860648397,2728.003,2208.8136,2200.1901000000003
2021-08-09,3011.84,3186.0,2893.23,3160.52,1129584.61614,0.00045395,0.0003907466666666663,0.0002992764285714286,0.00021378500000000003,5.932336498667286e-05,6.487295058057718e-05,0.00021341051206615565,1.5296384665943934,1.0732662505689738,1.3607646124254917,0.9551961741061292,0.7179954603860879,0.9583057338457173,76.45490256042444,82.71397897742271,74.8855951256868,2797.874,2227.1546000000003,2210.4379
2021-08-10,3160.51,3233.0,3051.22,3141.66,880675.74443,0.00065734,0.0004825199999999996,0.0003248007142857143,0.00022569633333333335,0.00016243050791033087,0.00011562493931568276,0.00022787087761580297,1.6346543886331146,3.258252318918501,2.2064919547266872,0.9951309916417946,0.6284696751652555,0.9495524636028293,82.70165208934733,80.67813403848713,77.3606474501334,2858.935,2252.278,2219.9831
2021-08-11,3141.14,3274.0,3120.27,3160.5,732546.60433,0.0007886,0.0006332966666666662,0.00036283071428571436,0.000241983,0.00016861558953234546,0.00016732090036647448,0.00024977305608463066,1.376945884588491,3.0004252868294614,2.608634000448459,1.0029628697407211,0.631639803350289,0.9495400384739355,78.28028454222077,80.92041841116438,76.98763946103627,2919.4159999999997,2277.9024,2229.6176
2021-08-12,3160.4,3239.0,2979.29,3045.96,737628.45808,0.00042186999999999997,0.0006226033333333329,0.00037459071428571435,0.00024985733333333335,0.00018581630777017523,0.0001650989558958785,0.00025165215813913844,-0.5905882098925105,0.5709721935019655,1.0153253628222625,0.7274457323509275,0.6682325457301826,0.9459065963588003,63.98829677133375,73.3047928352787,75.60614120022927,2963.319,2299.4588,2237.8848500000004
2021-08-13,3046.11,3327.83,3033.8,3322.32,579333.40323,0.00062196,0.0006108099999999995,0.00039758785714285715,0.0002644393333333333,0.00018361907607873217,0.00017597492759255782,0.0002602614881353574,0.21928263014787602,1.6330802860170859,1.7920544683197461,0.9248220047074408,0.7295729630683333,0.9663435605488663,71.65697966730673,76.55878667409017,79.72154167411118,3044.647,2326.1148,2247.9070500000003
2021-08-14,3322.33,3330.98,3200.0,3263.16,486102.53787,0.00086691,0.000636913333333333,0.0004380814285714286,0.0002847846666666667,0.00022289650520665506,0.00021310108655308901,0.0002825277471235466,1.1441142416012062,2.489248404430312,2.607774602611336,0.9110089186707211,0.7445165442885587,0.9667928938238335,56.55187351088739,72.73732398296706,77.61929260962388,3098.4849999999997,2355.2016,2257.393
2021-08-15,3263.16,3320.0,3111.13,3307.09,565579.67765,0.00062763,0.0007054999999999995,0.00046148357142857145,0.0002967773333333333,0.00013981390596076856,0.00021475422197361285,0.00028933796769739436,-0.21948141185910983,1.1152672636519951,1.615203733061129,0.9019790472093316,0.7449756068275364,0.9481614437211414,71.69733670402405,73.06011465603031,78.25824818616998,3146.495,2384.7506,2267.7333000000003
2021-08-16,3307.35,3335.0,3135.22,3146.53,635667.05422,0.00045793000000000006,0.000650823333333333,0.0004727642857142857,0.000303604,0.00020547410574897339,0.00020970785667076913,0.0002906855344324343,-0.8013697441280025,0.21206987902435595,0.9493073524806696,1.0411644143486003,0.7992455521319648,0.9579181684436746,48.98952690497034,65.5187686218944,75.61204255934798,3171.99,2408.0356,2276.8175
2021-08-17,3147.18,3290.0,2991.89,3011.72,804996.06971,0.00030000000000000003,0.0004618533333333329,0.0004793650000000001,0.000303604,0.00016385023232617484,0.00020203315256316895,0.0002906855344324343,-1.2975061212707106,-0.6148787698320951,0.3416300630180155,1.064272615966307,0.8369461123965011,0.9517743116898018,41.96114823059965,64.15633131690387,72.7464043796219,3157.1310000000003,2426.5818,2284.9786000000004
2021-08-18,3011.73,3125.81,2950.0,3014.55,625103.25568,0.00030000000000000003,0.00035264333333333303,0.00048674857142857146,0.0003132043333333333,9.118092801316592e-05,0.0001925727863934517,0.00028543092586331547,-0.8737446486683924,-0.6313487744866294,0.3205151046704252,0.5238063979874107,0.8327305615644454,0.94741993379417,40.78819475122315,59.272343284961764,70.48251132605297,3157.401,2443.5661999999998,2293.1611000000003
2021-08-19,3014.18,3188.0,2958.33,3184.12,634769.92174,0.00030000000000000003,0.00030000000000000003,0.00048674857142857146,0.000339502,0.0,0.0001925727863934517,0.00024202176001342137,-0.6656299141344685,-0.6313487744866294,0.2952112236795887,0.824435019523153,0.8485962770946476,0.9523078487645658,58.15372630480781,60.955512881026955,72.06063650053963,3159.7609999999995,2461.735,2302.5189499999997
2021-08-20,3184.11,3300.0,3177.16,3284.82,558127.4554,0.0007505,0.00045016666666666626,0.0005189271428571429,0.00038257933333333335,0.0002600962962699422,0.00019656452365683115,0.00018893372548891484,1.6764968339586137,1.5144363016615208,1.963898279790493,0.8729125593421195,0.849863823561845,0.8407184895028813,47.20799332891619,61.801779090235094,72.07136961648841,3174.0769999999998,2485.3032000000003,2312.0722
2021-08-21,3284.81,3309.16,3207.0,3223.43,421156.09084,0.00056746,0.0005393199999999997,0.0005321728571428572,0.00039149466666666663,0.00022656446588114313,0.00019284201239629382,0.00019119944864897588,0.5983745785206934,0.5487477918058369,1.2194980286179413,0.747416026580685,0.8607083185384349,0.8430297453892573,47.05175202951523,52.16359996704347,69.74661789636758,3180.37,2506.6892,2320.63
2021-08-22,3223.36,3272.0,3126.42,3238.0,406479.07654,0.00050666,0.0006082066666666663,0.0005443435714285714,0.0003988356666666667,0.00012692401086217143,0.000184733436047602,0.00019125424558158891,0.11368412159757695,0.1990542807594316,0.9576692292529179,0.5480673876964187,0.8603803045555325,0.837901977191138,44.63944881518358,58.535315030999655,69.85584664045173,3199.5739999999996,2526.9093999999996,2328.49755
2021-08-23,3238.0,3377.89,3230.02,3321.28,602103.44614,0.00158683,0.0008869833333333331,0.0006252635714285715,0.00044593466666666663,0.0006068469144960192,0.00033172950722416047,0.0002849642699046551,1.6932653483310165,3.3771338392235157,4.183633445398559,0.5325061042299944,0.8331234242557396,0.8389440765905679,65.40597725461376,56.38240431945455,70.36103019504382,3199.4700000000003,2546.8812000000003,2337.1256
2021-08-24,3321.28,3357.85,3147.31,3170.62,540480.07853,0.00118924,0.0010942433333333331,0.0006632564285714287,0.00048109333333333336,0.0005463150027532996,0.00036452394366028403,0.00030924542605077873,0.5868607517698083,1.814715061715089,2.6787994203991636,0.6147878292180311,0.8113403499008057,0.809733019538944,63.627787306956165,51.0408280620533,65.75969954295218,3190.216,2566.363,2344.38275
2021-08-25,3170.63,3248.0,3080.0,3226.87,483697.69444,0.00046461,0.0010802266666666664,0.0006401142857142857,0.00048658033333333334,0.0005689968033595072,0.00036623466009805847,0.00030737615741653623,-0.7953335397255704,-0.39553785208319314,0.4823289116420271,0.558810231379298,0.8021274967242052,0.8099727143476487,66.68080827119401,52.3228872819921,66.42588775391376,3182.194,2584.4503999999997,2352.13535
2021-08-26,3226.88,3250.0,3053.3,3093.2,442298.47372,0.00030000000000000003,0.0006512833333333331,0.0006314092857142858,0.00048658033333333334,0.00047309845110012793,0.00037320318471854375,0.00030737615741653623,-0.9229780608294764,-0.8987840190145691,-0.06045772761625102,0.6464189317275264,0.824886086101364,0.8001174330760057,42.42989409173767,51.631508419970224,62.373008904993696,3176.861,2599.9829999999997,2359.5432499999997
2021-08-27,3093.06,3280.0,3060.18,3273.45,451027.80711,0.00030000000000000003,0.00035486999999999975,0.0006084121428571429,0.000488041,9.503762781134876e-05,0.00038360503402043835,0.0003063459202673949,-0.7975667071840266,-0.877407550055873,-0.07521947845741543,0.8588345798783267,0.7704061304261738,0.8023890095291203,49.16405664117748,48.192182771862505,63.65643213842246,3203.034,2623.1254,2367.1597500000003
2021-08-28,3273.89,3287.0,3210.31,3244.48,262360.34921,0.00035499,0.0003183299999999997,0.0005718464285714285,0.0004912996666666667,3.1748491302873915e-05,0.0003814617238104172,0.00030431931657029336,-0.43988321533573777,-0.7153836508925326,0.08506853998311299,0.8234910820125502,0.7392161849517597,0.799679755590707,51.625106152958956,49.29319530204247,62.16888349127742,3226.027,2645.0751999999998,2374.5365
2021-08-29,3244.75,3285.0,3152.34,3223.47,335806.7827,0.00036779,0.0003409266666666664,0.0005532864285714286,0.0004935593333333333,3.601671880310401e-05,0.0003848450433737429,0.0003030991097261355,0.152864213915202,-0.6586194034573165,0.12296873663038953,0.7002407494144584,0.7124586121494549,0.7929848804545042,48.88929657992902,46.7801805131492,61.404359676688514,3229.9620000000004,2667.3308,2381.94995
2021-08-30,3223.47,3347.95,3143.0,3229.64,625347.27541,0.00030000000000000003,0.0003409266666666664,0.0005420057142857144,0.0004935593333333333,3.601671880310401e-05,0.0003901334879581231,0.0003030991097261355,-0.7235577192478878,-0.7956362657583776,-0.10005207035763126,0.6836854490842507,0.7117725901612495,0.7652149592995395,42.05865021312791,53.63201734062116,60.80092414318313,3224.4440000000004,2689.1145999999994,2389.17005
2021-08-31,3229.14,3476.0,3188.77,3429.2,863071.13092,0.00040707000000000004,0.00035828666666666646,0.0005496535714285714,0.0004971283333333333,5.4163929264241615e-05,0.00038605258955438405,0.00030136677708666483,1.3238219544146,-0.4249466530232603,0.22158690912122894,0.6618682720567339,0.7545384268133255,0.7753920771822717,70.6573145011033,67.26722255302909,65.41647399418859,3245.0209999999997,2717.067,2397.11475
2021-09-01,3429.19,3842.0,3382.22,3826.82,845759.95868,0.00030000000000000003,0.00033568999999999976,0.0005496535714285716,0.0004971283333333334,6.181689332220251e-05,0.00038605258955438405,0.00030136677708666483,-0.9960081054736323,-0.7184953210696883,-0.1488274758310783,0.9962224448460348,0.8548275087496459,0.812966084063842,81.01318170063922,75.32534748414231,67.4030863300122,3303.903,2754.8004000000005,2407.17405
2021-09-02,3826.82,3836.8,3717.04,3785.82,525165.7996,0.0013444,0.0006838233333333329,0.0006242535714285714,0.000535022,0.0005745756222059372,0.00043224446116675477,0.00033346638289338007,1.7794923130185194,1.9954276943215112,3.022158419737066,1.0032458185788184,0.78848558083457,0.810118284793507,89.59729241457303,70.39522744214048,65.44004689189946,3350.357,2790.6252000000004,2417.1010499999998
2021-09-03,3785.82,4027.88,3705.05,3938.11,655903.75739,0.00130504,0.0009831466666666664,0.0006638635714285714,0.000571969,0.0005919495996563713,0.00046858422081196206,0.0003553658230452319,1.0553194936613386,1.707577297381008,2.669742451618242,0.9205190822992089,0.7923509332952002,0.7975484266620276,89.25373839495586,71.39563369112264,66.38936827955375,3427.1059999999998,2830.9972,2427.8953500000002
2021-09-04,3938.11,3970.0,3832.5,3885.52,364478.1193,0.00223973,0.001629723333333333,0.0007833114285714286,0.0006366266666666668,0.0005286477110830375,0.0006281068943794764,0.00046402669282118804,1.4119210982399575,2.8244412288711853,4.349135831771622,0.9856206857245239,0.7980296940592563,0.7910762607372239,86.83121897400625,71.80955141670309,62.18197455454629,3492.971,2871.1823999999997,2438.413
2021-09-05,3885.61,3980.0,3830.0,3950.29,365759.8597,0.00209457,0.00187978,0.0008967335714285714,0.0006964456666666667,0.0005030033867679224,0.000712066137449076,0.0005301019500363053,0.824517368059885,2.1053843901273437,3.4963662087389977,0.9628052270723471,0.7548292395226786,0.790815256965179,89.76039387301658,72.71202545765752,66.21982246059792,3578.6800000000003,2912.1964000000003,2448.91505
2021-09-06,3950.28,3970.0,3864.3,3926.77,397768.5783,0.0017132,0.002015833333333333,0.0009057600000000001,0.0007408183333333333,0.00027195230690937845,0.0007222156119459476,0.0005578620554252888,-0.06164485757942173,1.3394106011969389,2.494507063430402,0.4301994987004368,0.7181338610565342,0.7516785953926831,87.42577978197112,70.07153606962791,63.8425713490193,3644.0119999999997,2952.8989999999994,2458.85085
2021-09-07,3926.67,3947.15,3005.0,3434.57,1203536.00209,0.0013461599999999999,0.0017179766666666665,0.0009169685714285714,0.0007744813333333333,0.00037422786431976765,0.0007281468824970055,0.0005630543357728793,-0.9273537530108177,0.7035188353688984,1.6800162533440506,1.2846203026697176,0.9547383916079932,0.8314672651637802,50.21936453726325,57.13428511188355,54.51872375476226,3663.0210000000006,2985.2157999999995,2466.2487
2021-09-08,3434.84,3560.0,3215.16,3499.0,780611.7657,0.00030000000000000003,0.0011197866666666663,0.0009052107142857143,0.0007693496666666667,0.0007332920458680412,0.0007372849857360153,0.0005667657043713954,-1.59839843315999,-0.8990881789524141,-0.3765960628530756,1.2073905135387242,0.9318957335987376,0.8295132508793541,31.59968567577218,57.322999919227016,55.1496047658856,3690.5740000000005,3019.4751999999994,2474.1787
2021-09-09,3499.01,3567.06,3390.4,3424.93,628553.8831,0.00030000000000000003,0.0006487199999999997,0.0009052107142857143,0.0007574383333333333,0.0006040007576154244,0.0007372849857360153,0.000572922456515609,-1.0368987358651984,-0.84820291110194,-0.37659606285307584,1.2031642871412571,0.9303045404445643,0.8326295854355296,30.46857241817426,59.222663960586665,55.83715062884293,3710.103,3048.0637999999994,2481.6357
2021-09-10,3424.94,3514.11,3150.0,3208.86,633026.2659,0.00030000000000000003,0.00030000000000000003,0.0009052107142857143,0.0007411516666666666,0.0,0.0007372849857360153,0.0005789194812757379,-0.7170973367489573,-0.8171628224605597,-0.3765960628530756,1.1454689288293378,0.970496275160806,0.8390015226792963,13.081557231803615,48.239354075426455,48.21934147332465,3688.0689999999995,3071.7497999999996,2488.7921
2021-09-11,3208.85,3348.37,3200.0,3267.21,413524.1761,0.00030000000000000003,0.00030000000000000003,0.0009012828571428571,0.0007370893333333334,0.0,0.0007405808600678924,0.0005816582757286901,-0.4472040369369646,-0.7934830228295857,-0.38105644213188056,1.2288255561933081,0.9734747387955144,0.8284636086173135,18.879415347124322,50.60982480612193,50.06357748128305,3632.108,3094.6089999999995,2497.2387
2021-09-12,3267.1,3474.16,3231.1,3404.21,408858.9595,0.00030000000000000003,0.00030000000000000003,0.0008964407142857142,0.0007263573333333333,0.0,0.0007445483055410603,0.0005868031799853459,0.0,-0.7132342144032882,-0.3855869893803409,0.8018394405117809,0.9834487296372783,0.8310202912407962,24.37783866970358,54.56497140890446,51.48131878854475,3593.947,3118.9981999999995,2506.1428
2021-09-13,3404.3,3430.3,3108.49,3285.35,647855.7199,0.00030000000000000003,0.00030000000000000003,0.0008964407142857142,0.0007074603333333334,0.0,0.0007445483055410603,0.000591232313710729,0.0,-0.6460173865625064,-0.3872576251531951,0.8097390676274505,0.9743744506459704,0.8300551481681973,22.375923788509994,51.33129095311357,52.14462715431489,3528.671,3140.9094,2515.1607999999997
2021-09-14,3285.09,3437.05,3269.95,3434.37,373634.9026,0.00030000000000000003,0.00030000000000000003,0.0008887928571428572,0.0006965393333333333,0.0,0.0007504879081835152,0.0005957662932318839,0.0,-0.6295042620300028,-0.38849107388026805,0.9304696718455516,0.9893184470387923,0.8306900516229774,49.9877720713683,50.12660459691243,56.50096749280665,3483.5559999999996,3165.0352,2525.1097
2021-09-15,3434.37,3616.16,3357.78,3613.55,428507.5278,0.00030000000000000003,0.00030000000000000003,0.0008887928571428571,0.000691275,0.0,0.0007504879081835152,0.0005986382374606509,0.0,-0.6295042620300025,-0.39030111781081983,0.675995223981559,0.987199977662663,0.8367494696887074,56.141761835784365,44.15169879613798,58.73937123210122,3449.882,3191.3164,2535.8867999999998
2021-09-16,3613.55,3676.28,3481.14,3567.98,467985.4919,0.00030000000000000003,0.00030000000000000003,0.0008141928571428573,0.000691275,0.0,0.0007536171352109203,0.0005986382374606509,0.0,-0.6295042620300025,-0.39030111781081983,0.7469699557764243,0.9654656390954287,0.8379478550132851,57.911619932481024,44.04131471833468,55.81074289584796,3414.0029999999997,3216.658,2546.6308000000004
2021-09-17,3567.97,3594.17,3350.07,3399.81,398888.3705,0.00030000000000000003,0.00030000000000000003,0.0007424042857142858,0.000691275,0.0,0.000751128239340037,0.0005986382374606509,0.0,-0.6238468974852135,-0.40243858552337075,0.8707473941077181,0.9901585889338649,0.8415374809193431,61.15166734796143,35.40242976458967,51.70583505658087,3410.5270000000005,3236.9958,2555.78055
2021-09-18,3399.89,3541.96,3368.88,3435.64,315162.7627,0.00030000000000000003,0.00030000000000000003,0.0006038521428571429,0.000691275,0.0,0.0006213818796369962,0.0005986382374606509,0.0,-0.6169625294252261,-0.4429875934971003,0.785169551188883,0.9899051390639132,0.8384815874286325,60.10220361546239,37.68828268672127,53.17211421460272,3404.1910000000003,3256.4724,2565.5248500000002
2021-09-19,3435.64,3456.53,3277.74,3328.62,312948.0013,0.00030000000000000003,0.00030000000000000003,0.0004756685714285715,0.0006762583333333334,0.0,0.00045230628898937293,0.0006027376611765432,0.0,-0.6169625294252261,-0.49130516144835307,0.739573784963959,1.0010532941519372,0.8064099324895376,45.297082063047704,33.37149398967162,51.31815510646373,3394.56,3272.4238,2574.3295000000003
2021-09-20,3328.57,3347.82,2913.39,2977.28,917939.57849,0.00030000000000000003,0.00030000000000000003,0.0003747257142857143,0.000667343,0.0,0.00027959802083909704,0.0006063695447392094,0.0,-0.6063616010196514,-0.4913051614483528,0.8829629816304019,1.0741405545285754,0.858859171169638,35.13362222884717,28.39229715397056,45.35817608701612,3371.4019999999996,3280.8556,2581.51975
2021-09-21,2977.32,3105.83,2652.0,2765.9,971519.88941,0.00030000000000000003,0.00030000000000000003,0.00030000000000000003,0.0006604543333333334,0.0,0.0,0.0006094241193504624,0.0,-0.6063616010196514,-0.49191213807594825,0.8724190984797218,0.9719503230805225,0.8746713278303467,19.573232346208258,32.553006068995,44.62688786452914,3321.2709999999997,3284.0349999999994,2587.7077000000004
2021-09-22,2766.72,3088.88,2737.54,3076.92,677457.64825,0.00030000000000000003,0.00030000000000000003,0.00030000000000000003,0.00061756,0.0,0.0,0.0005868411256479208,0.0,-0.5383279656749584,-0.4978522652114355,1.6081610355741862,1.1047919144428495,0.9085788859855449,28.19162338557969,40.24263944367865,48.13538161566235,3288.542,3295.3926,2594.84055
2021-09-23,3076.92,3174.5,3033.85,3152.5,459293.8858,0.00030000000000000003,0.00030000000000000003,0.00030000000000000003,0.0005879186666666666,0.0,0.0,0.0005793801910527856,0.0,-0.4726442149151603,-0.5058517044705113,1.6360388324637756,1.0934962006638027,0.9096841138684127,33.51714616688872,43.70654087291977,50.74820078525954,3275.257,3303.947,2601.9722500000003
2021-09-24,3152.41,3158.52,2733.0,2928.53,932090.8856,-0.00010290000000000001,0.00016569999999999975,0.0002712214285714286,0.0005690016666666666,0.0002326144234565206,0.00010767955436650258,0.0005926576782483933,-1.7887551072911887,-1.0839995872691877,-1.3421363673565871,1.707789342978486,1.1257676991622094,0.9301884275958646,32.096129591059864,43.54759263263148,45.69555928274432,3224.673,3305.9777999999997,2607.449
2021-09-25,2928.22,2967.52,2801.57,2921.73,491974.0226,7.429999999999998e-06,6.817666666666639e-05,0.00025032357142857145,0.0005592493333333333,0.00020820595724748933,0.00012811567763350287,0.0005996032649259671,-0.789381100610479,-0.9301218567425482,-1.0879308520327506,1.4402867988367507,1.118759069822069,0.9278567535288559,30.036282835172585,41.85472995272471,45.94981916927593,3155.491,3306.5808,2612.7051
2021-09-26,2921.84,3115.51,2738.17,3059.37,703594.478,0.00015461,1.9713333333333045e-05,0.00023993857142857146,0.000554403,0.0001291936926995417,0.00012966246541023678,0.0006023521810034804,0.12752021259999577,-0.5814731014785307,-0.7718626497854257,1.2624514670439322,1.1485553597131466,0.9335787907630508,39.78356719507953,41.872271823030935,47.99927822831042,3104.63,3304.562,2619.02635
2021-09-27,3059.36,3164.94,2922.71,2925.59,510130.7319,0.00030000000000000003,0.00015401333333333307,0.00023993857142857149,0.0005525700000000001,0.00014628591262778133,0.00012966246541023678,0.0006030631834570685,0.9413277672446005,0.37904538813889904,-0.4676254674604948,0.9376459175082563,1.0237963159026986,0.9382840856395549,47.6508176008859,41.57983429290914,46.40486398665054,3057.208,3302.8368,2624.5254
2021-09-28,2924.76,2970.82,2789.0,2804.91,511325.4643,3.4739999999999996e-05,0.00016311666666666639,0.00022099142857142862,0.0005414683333333333,0.0001328344437009574,0.00013923797381334386,0.0006096120231532372,-0.28613700145645926,-1.7347871008006956,-1.0101438038570167,0.8858394385244412,1.026335885023413,0.9420069596476646,51.932202046582496,35.06945103320314,42.47798060121238,2994.135,3295.7246,2629.71945
2021-09-29,2805.15,2950.0,2782.0,2850.45,411305.0893,-6.129999999999997e-06,0.00010953666666666639,0.00019912500000000003,0.000531264,0.000166207100429985,0.00014953301481354482,0.0006163186275844506,-0.8051818988680587,-1.7777533321890797,-1.076024906797629,0.740641777195554,1.0315677006679265,0.9404898620860128,34.78003736606088,30.674358766540905,37.145144259479096,2946.318,3289.9004,2634.35995
2021-09-30,2850.45,3048.42,2837.19,3000.61,506896.7612,7.049000000000001e-05,3.303333333333305e-05,0.0001827314285714286,0.0005200446666666667,3.8338500666347706e-05,0.00015020250478588255,0.0006216974315851198,-0.3319695176685141,-1.0844853202163964,-0.9041804094077212,0.8882215970256305,1.0301658714162023,0.9481805275342338,40.72223511730396,36.3541471251517,39.95080410457791,2948.651,3286.7026,2640.1225
2021-10-01,3000.62,3330.0,2969.07,3309.91,648714.6151,0.00016671,7.702333333333305e-05,0.00017321071428571435,0.0005156016666666666,8.660502140951931e-05,0.00014637308866066514,0.000623796958583881,0.437264546649351,-0.3299934083036348,-0.6991666184702168,1.1720528526899674,1.1153747880909657,0.9761811249071514,71.09636021678307,47.975261706966016,42.270857120329936,3003.052,3291.9816000000005,2647.70465
2021-10-02,3309.91,3469.0,3257.0,3387.76,422551.1811,0.00030000000000000003,0.0001790666666666664,0.00017321071428571435,0.0004807883333333333,0.00011525287603067756,0.00014637308866066514,0.0006048019076272284,1.5256897244877765,0.6575973049782401,-0.42868609638053456,0.9803335226363413,1.105517738954543,0.9714895545654778,73.90020001020387,48.941672634647844,43.91357511429827,3034.136,3293.2904000000003,2655.6178500000005
2021-10-03,3387.77,3488.0,3342.51,3417.73,360586.8905,0.00030000000000000003,0.0002555699999999997,0.00017321071428571432,0.00044728700000000004,7.695501738034351e-05,0.00014637308866066514,0.0005850846831731175,0.9791644998723538,0.6575973049782399,-0.4330794989285136,0.6972792918557769,1.0944948987140495,0.9519352307018478,70.65999446539819,52.03912110238724,43.432158449024094,3060.659,3296.3818,2663.5886
2021-10-04,3417.73,3437.19,3270.0,3386.31,485204.642,0.00030000000000000003,0.00030000000000000003,0.00017321071428571432,0.00038262933333333343,0.0,0.00014637308866066514,0.0004774509053796109,0.6908541900978769,0.6575973049782399,-0.4330794989285136,0.8008550904991067,1.0784538429400674,0.9488164274760317,80.11556764098715,60.965422580097815,43.34769336809576,3106.4370000000004,3297.9662,2671.63975
2021-10-05,3386.31,3545.0,3363.78,3515.27,393900.8818,0.00030000000000000003,0.00030000000000000003,0.00017321071428571435,0.0003228103333333334,0.0,0.00014637308866066514,0.0003513304281263797,0.44713858370118703,0.6575973049782399,-0.4330794989285136,0.7826695207848344,1.0675541016837389,0.9514013566680248,95.936368339282,71.01819181334771,51.09084715700006,3165.791,3305.3410000000003,2680.1706
2021-10-06,3515.48,3632.11,3342.0,3574.89,618265.5402,0.00034323000000000003,0.0003144099999999997,0.00017629857142857148,0.0002771446666666667,2.4958852137240613e-05,0.0001496723602692509,0.0002337278085609552,1.7879295769938404,0.9490191454272963,-0.34229228976290643,0.33048058748874776,1.0689892605117228,0.9275906913222945,96.00904379627679,66.26003252196361,51.02716457097224,3217.343,3316.6044,2689.0145500000003
2021-10-07,3574.88,3653.98,3470.8,3587.47,486102.3591,0.0007624,0.0004685433333333331,0.00020932714285714287,0.000257686,0.0002554036288570331,0.00021557865426758105,0.000151492771048634,1.7811316195316704,2.868043336706787,0.5080905378953026,0.330746366606408,1.0466264483462027,0.9190165144863354,95.16392180996364,64.81233015719809,52.237203591818044,3283.531,3328.0627999999997,2698.0369999999994
2021-10-08,3587.47,3695.0,3532.0,3563.13,403597.1437,0.00055305,0.0005528933333333331,0.00025618071428571435,0.000266121,0.0002095850439161646,0.00021377379199892939,0.00016069532875963218,0.4994200806717398,1.5484197464582496,0.07285252917415816,0.3670696323329401,1.0467585275414963,0.912243188216353,84.71239787229457,75.01103543944302,55.14788153198281,3359.353,3335.643,2707.4478
2021-10-09,3563.13,3635.0,3538.07,3574.82,361906.7514,0.00030000000000000003,0.000538483333333333,0.0002770785714285715,0.000266121,0.00023154390692337536,0.00020153624788901868,0.00016069532875963218,-0.7479717053991267,0.2589553339203918,-0.436485859681099,0.32565807498574534,1.0358840781751621,0.9120277233254541,81.32493803986566,75.64093503874594,54.53131306579834,3431.79,3341.4430000000007,2716.9815000000003
2021-10-10,3574.83,3604.0,3405.0,3414.22,580223.6302,0.00030000000000000003,0.0003843499999999997,0.00028746357142857146,0.000266121,0.0001460984856184628,0.0001984625784376165,0.00016069532875963218,-0.7479717053991267,0.2589553339203918,-0.42024345720981476,0.45761974999550153,0.9281644567284943,0.9196465659749067,49.591109247140736,63.6850264945436,50.14643623071082,3473.1510000000003,3345.2588,2726.1434000000004
2021-10-11,3414.22,3623.8,3371.0,3542.12,493521.882,0.0005307,0.00037689999999999973,0.0003039421428571429,0.000273811,0.00013319470710207757,0.00020888740567324377,0.0001677381836600721,0.21270429891046075,1.3110441918799443,0.0521195479499581,0.5665684187593714,0.861698850433311,0.9186695148296482,64.81957046920166,73.88521706781796,53.74637793226245,3496.3720000000003,3351.3412,2735.9253000000003
2021-10-12,3542.12,3547.11,3403.21,3491.46,409377.1918,0.00030000000000000003,0.00037689999999999973,0.00032288928571428576,0.000273811,0.00013319470710207757,0.00019409774597288728,0.0001677381836600721,-0.7289462079654857,0.190761303974931,-0.4126038704945753,0.5717756595754946,0.7561680932081689,0.8948019367445071,47.33901070646833,78.12369427890663,50.857580628158686,3506.7419999999997,3354.7448,2744.8884
2021-10-13,3491.43,3613.0,3412.7,3607.42,393463.1222,0.00030000000000000003,0.00037689999999999973,0.0003447557142857143,0.000273811,0.00013319470710207757,0.00016991794719869074,0.0001677381836600721,-0.44717025336373833,0.190761303974931,-0.3945424236663373,0.6563184011722815,0.7608391711038328,0.8969361934817602,53.22891231406259,79.3169688847406,49.906135061344564,3525.7110000000002,3363.4808000000003,2754.36235
2021-10-14,3607.41,3824.0,3586.04,3790.82,481894.1473,0.00079431,0.00046476999999999977,0.00039645714285714296,0.00029028800000000004,0.00028539001156313755,0.00018908530022303935,0.00019280465805646338,1.5924817992029583,2.223450940406289,0.6210961593457213,0.770805035118409,0.6893919108849497,0.9042771334124136,65.07301163732038,79.83613366047818,53.274015914576694,3566.1620000000003,3374.7598,2764.8813999999998
2021-10-15,3790.82,3907.77,3734.1,3868.99,504321.732,0.00103552,0.000709943333333333,0.00045851500000000005,0.0003148053333333334,0.0003749476209196958,0.00024281891935380845,0.00023600693084113318,1.3817097090518424,2.5850345871167297,1.0879013825338493,0.46563300395029694,0.686580001962792,0.8958168849829655,70.9959087288919,75.57267271653085,57.08055149761561,3601.5340000000006,3390.2756,2775.14265
2021-10-16,3868.38,3971.0,3803.56,3829.96,373727.8549,0.00108005,0.0009699599999999997,0.0005142328571428572,0.00034080700000000005,0.00015373816084500715,0.0002887918328386093,0.00027419955435398696,0.987844770301302,2.231230826048438,1.1410088906413958,0.5260586609590632,0.6781822636891008,0.8886565993511053,66.88059069490443,70.97126055193081,55.945072308146095,3627.041,3401.4058,2785.09015
2021-10-17,3829.96,3919.19,3640.0,3846.85,368898.9831,0.00124516,0.001120243333333333,0.0005817442857142858,0.00037231233333333334,0.00011044845147550902,0.00034067343538969613,0.00031984845706594446,0.9632425159297017,2.2350968981952977,1.4201954159306442,0.44663869011270996,0.6311773161133021,0.8886237145022177,85.34501070234194,70.60659610831635,58.03151046262588,3652.9790000000003,3413.4532,2794.72755
2021-10-18,3847.0,3893.14,3676.0,3744.96,401819.9734,0.00081874,0.0010479833333333329,0.0006187971428571429,0.00038960366666666667,0.00021501094724068876,0.000335848568380921,0.0003296752273801521,-0.9315288825793442,0.9388421283035799,0.5536025779189858,0.5601424056922025,0.608175988216952,0.8826082483491823,67.30716723541451,66.13084582923966,62.894469863350295,3671.1620000000003,3423.883,2803.6121
2021-10-19,3744.96,3886.89,3732.0,3877.03,341268.3723,0.0009287099999999999,0.0009975366666666664,0.000663705,0.0004105606666666666,0.00022138504157539305,0.0003319529314816011,0.0003434770411936154,-0.5780202237516713,1.1432266582028334,0.7637367319125554,0.4640029633355549,0.6142789134145666,0.8833526988539717,78.88554261989603,66.22533189801517,69.17414157862078,3701.3830000000003,3436.8308,2812.3288000000002
2021-10-20,3876.98,4169.0,3828.05,4161.15,537383.09732,0.00125327,0.0010002399999999997,0.0007287078571428572,0.0004423363333333333,0.0002259236284676863,0.0003528164915075091,0.0003754979418969494,0.9799103882641389,1.8264471401404747,1.362127188900233,0.7390477263989739,0.6410734408348672,0.8973084706157113,83.13486601953376,71.8868065406551,68.88527365638431,3776.076,3451.4698,2823.09195
2021-10-21,4161.37,4375.0,4013.13,4052.99,798566.55805,0.00182558,0.0013358533333333329,0.0008046492857142857,0.000493189,0.00045410236118449866,0.0004590531330142708,0.0004512238539591169,1.5599933465192357,2.615271704637848,2.31988132306702,0.7989706137595546,0.5501791864832413,0.9004742233326402,67.24054029165353,66.22156556639392,65.50884384197047,3827.1629999999996,3455.9932,2832.9784500000005
2021-10-22,4053.0,4167.41,3888.0,3972.2,463222.5428,0.00101814,0.001365663333333333,0.00083787,0.0005171269999999999,0.00041528789343458675,0.00045626515474093276,0.0004595930265830711,-0.3764553062133857,0.6975801498925667,0.8585891007833324,0.8445604434511969,0.5614037079679725,0.9007032957617983,56.763877056111504,63.714939014108744,68.90727073113369,3875.237,3459.7207999999996,2842.30255
2021-10-23,3972.19,4172.0,3937.51,4167.12,326576.9601,0.0006364599999999999,0.0011600599999999999,0.0008619028571428571,0.0005283423333333333,0.0006071305941887663,0.00043407623795876883,0.00045821503279635986,-1.1120579875439522,-0.2231388830770584,0.1509942952110124,0.8169965636994144,0.5868118742181008,0.8987393983597045,68.34704627568692,67.68524269056064,71.12198067216431,3931.207,3464.301,2852.5770999999995
2021-10-24,4167.13,4186.57,3961.5,4082.33,350115.8386,0.00104658,0.000900393333333333,0.0009152300000000001,0.0005666583333333333,0.0002290148722972795,0.00040459345146607234,0.0004516227214060696,-0.25124987929828513,0.6654718556628215,0.916429822504626,0.8695204077498151,0.5958326410097115,0.9002407402470451,61.932221253781805,70.89476153238516,67.66623837740931,3960.358,3468.2372000000005,2863.1714
2021-10-25,4082.33,4236.0,4067.71,4220.37,347438.6534,0.00115648,0.0009465066666666664,0.0009599285714285714,0.00060496,0.00027407335538745645,0.000393252019621339,0.0004512844554349683,0.04587964770238,0.839551171774313,1.0906212355735527,0.6674768586765222,0.5923587524454782,0.8955162346250595,73.23856915205812,71.0781967691393,72.32764269694688,3995.496,3473.6388,2873.8709500000004
2021-10-26,4220.36,4297.0,4090.21,4131.52,414498.1599,0.00119986,0.0011343066666666664,0.0010242042857142857,0.0006398016666666667,7.900906361511891e-05,0.0003480312971053517,0.00045564447601689106,0.8456449399053247,0.8549882453618817,1.1345544681322666,0.6484348537138547,0.6050924129919346,0.8884092952993122,62.98855737131476,69.43014304095907,73.1304508537577,4025.6519999999996,3477.7338,2884.1942000000004
2021-10-27,4131.52,4307.0,3909.0,3922.0,704604.25,0.00102908,0.001128473333333333,0.0010762814285714287,0.0006641043333333334,8.876785529310683e-05,0.00027903938387196684,0.0004563384492304879,0.06904421128660643,0.3983269341204519,0.7891050184679285,0.796490751431913,0.6560580379101498,0.8985644870524729,36.78831471596038,59.03633146424152,67.67271947613034,4033.167,3487.4824,2893.1367500000006
2021-10-28,3921.99,4295.0,3890.17,4286.02,626378.5055,0.00039556,0.000874833333333333,0.0010477992857142856,0.0006761316666666667,0.00042375541074225753,0.0003263710999051466,0.0004437604013202166,-1.7446945228641357,-1.1229850921658064,-0.40008287157375494,1.0641160060737862,0.7454652920824562,0.9226222073438436,60.03635016750192,62.88737599279222,69.80289692523041,4087.273,3503.2228000000005,2903.8100499999996
2021-10-29,4286.01,4460.47,4265.97,4418.89,559231.07691,0.00103684,0.0008204933333333331,0.0010478935714285716,0.0007108973333333333,0.0003680235151907275,0.00032636747030131177,0.0004290786236202064,0.2247030502910399,0.3568320516993288,0.7782239522800487,1.038625127963622,0.7503554040982954,0.9247754415826185,68.4124615625198,63.914755359374965,68.06697772616207,4141.459000000001,3523.1020000000003,2915.21605
2021-10-30,4418.89,4434.06,4232.2,4322.68,340223.069,0.00083954,0.0007573133333333331,0.0010307142857142856,0.0007365323333333334,0.00032845232246604683,0.00033084388818512125,0.00041213733392948094,-0.19584404243106576,-0.22838614169673113,0.39543743050046165,1.061184020187522,0.7221136454189265,0.916828943120245,56.98016692090114,62.117217702624046,65.14069909044957,4157.612,3545.3783999999996,2925.3334999999997
2021-10-31,4322.68,4399.14,4164.35,4287.21,412856.2893,0.00045461,0.0007769966666666663,0.0009742464285714285,0.000746129,0.0002961109498707197,0.00035779434764867237,0.00040162935858608576,-0.9606587881481925,-1.2489908433592944,-0.3306957322809874,1.0375421182890616,0.7177924338661356,0.8779150332693622,59.61895998042993,60.73148382816124,64.05588210564079,4181.034000000001,3565.7784,2934.6065499999995
2021-11-01,4287.48,4386.58,4146.3,4319.43,417620.7073,0.00064573,0.0006466266666666664,0.0009618885714285715,0.0007576533333333333,0.00019246656653388057,0.0003664613632033771,0.00039325970516408356,-0.10751627054222765,-0.8335983625440064,0.0505227463039133,0.8303019843756339,0.7098076454543255,0.8774404209882442,55.16389340669064,64.49181403088203,65.08077601861106,4215.757,3584.0828,2943.6335000000004
2021-11-02,4319.43,4599.6,4284.43,4589.89,468184.79301,0.0011798199999999998,0.000760053333333333,0.000979825,0.0007869806666666667,0.0003758786432258953,0.00037083174421727864,0.00039075161975910303,1.1951478400867872,0.6231135022874763,1.0775992610602219,0.6257181202095267,0.7361719524323177,0.8845744605944094,70.09037755196131,66.80924713734248,66.60804144354469,4258.034000000001,3610.1736000000005,2954.4696000000004
2021-11-03,4589.68,4665.87,4455.0,4603.35,448658.35125,0.00080178,0.0008757766666666663,0.0009475757142857144,0.0008037066666666666,0.0002746264044722197,0.00036480532181750304,0.000379772804144545,0.06519166171529528,-0.5632669899617364,0.43686424821523495,0.6019619764072556,0.7171974779279178,0.8836640426862821,86.0613309903989,61.95277276211943,66.12471308333905,4310.136,3633.5532000000003,2965.8983500000004
2021-11-04,4603.35,4606.65,4420.08,4532.32,368218.25695,0.00107448,0.0010186933333333331,0.0008939257142857143,0.0008295226666666667,0.00019509657745162606,0.0002681840145730646,0.0003705633138040869,0.8131080625159058,0.28547692395745844,1.1329653692276862,0.5742802061079632,0.7233175305740849,0.8841282255616086,68.89615172152415,63.22180233355113,64.54720972548961,4341.331,3651.9285999999997,2977.38175
2021-11-05,4532.31,4570.05,4438.8,4474.24,305651.7244,0.0007012,0.0008591533333333331,0.0008712871428571429,0.0008414550000000001,0.00019314052949430198,0.000270261069948427,0.0003599766586470359,-0.7637556111003592,-0.8111137201327342,0.3426361068089561,0.5885895859689401,0.7247345126070058,0.8846934633372773,54.79694243662422,64.02393376309281,63.88349632911071,4375.603,3670.0538,2988.94735
2021-11-06,4474.24,4530.0,4326.17,4518.0,322154.0973,0.00093391,0.0009031966666666665,0.0008925335714285714,0.0008471720000000001,0.0001885257840013908,0.00026194416347490864,0.00036003976598760417,-0.02221929148146784,-0.04692840964181098,0.9438717792609683,0.588535783008584,0.7246156495861025,0.8162805296534191,68.62034777294068,60.70552484159863,64.23306995352729,4435.2029999999995,3692.4175999999993,2999.8871999999997
2021-11-07,4518.0,4637.98,4502.37,4612.59,243596.5952,0.00073944,0.0007915166666666666,0.000870595,0.0008533849999999999,0.000124789704837137,0.00026090977054411515,0.00035637885456979315,-0.7217548132904549,-0.6421533565808173,0.4453261368998264,0.2922368598879788,0.7089467431296755,0.8165242199665007,77.87697052766528,66.08232539513244,68.45162025411904,4467.86,3715.9566000000004,3011.1648500000006
2021-11-08,4612.59,4822.97,4612.0,4807.98,391102.31806,0.0007271900000000001,0.0008001799999999998,0.0008399314285714286,0.0008676246666666667,0.00011597542972546547,0.00024971245078033935,0.00034173885614333636,-0.6643858480799314,-0.6415530423655385,0.3982024894850231,0.45563459240344273,0.714014389023364,0.8188632634381061,82.71087483420874,67.2225706798672,69.09394778594509,4506.769,3745.5438,3023.2150500000002
2021-11-09,4807.98,4838.28,4713.89,4732.33,311267.57998,0.00030000000000000003,0.0005888766666666665,0.0007756557142857142,0.0008676246666666666,0.00025024949956661466,0.00026526767783372087,0.00034173885614333636,-1.640186625135228,-1.7078857891929824,-0.6628699147996523,0.45714038941617124,0.6686996782199367,0.8013256248965361,62.90310892085649,67.74677591813526,68.5769549764232,4547.7339999999995,3780.6448000000005,3035.03975
2021-11-10,4732.33,4868.0,4461.93,4628.78,553596.99163,0.0006941,0.0005737633333333332,0.0007517285714285714,0.0008730713333333333,0.00023766259493942496,0.0002555811753287311,0.0003374590918628725,0.06546562757602159,-0.5141839392075152,0.3006044943821186,0.5014517693122466,0.6649661204013027,0.8038606622301692,51.98037536011772,72.27116892277269,65.3477189396577,4581.891,3817.9024000000004,3047.1169
2021-11-11,4628.68,4779.0,4576.47,4719.0,303688.9765,0.00042974,0.0004746133333333332,0.0007541700000000001,0.000877396,0.00020084549916127525,0.00025205611771373667,0.00033062382820442143,-0.7392773469559353,-1.3462201151639408,-0.36444274918096325,0.5131065648414768,0.6557377102482708,0.7997338099987363,64.11590345404866,66.48869729459152,64.34936398878858,4621.848,3850.744,3059.10945
2021-11-12,4719.0,4809.71,4507.85,4665.46,461580.0415,0.00030000000000000003,0.00047461333333333314,0.0007015385714285716,0.000877396,0.00020084549916127525,0.000265084433917747,0.00033062382820442143,-0.9125880162846967,-1.636325768786272,-0.6886006247203414,0.5178706918665394,0.6361275067853831,0.7942799713244564,64.5591594334625,59.993677196498126,62.407659545245735,4629.405000000001,3881.0032,3069.77375
2021-11-13,4665.47,4707.6,4584.08,4644.28,220720.6611,0.00030000000000000003,0.0003432466666666665,0.0006630000000000001,0.000860919,7.490542392472422e-05,0.0002821487021467133,0.00034682746724688855,-0.6118542125278518,-1.4512778584631705,-0.6886006247203414,0.3057602904692992,0.627070814752919,0.7887493239549197,59.957105910486995,63.8788192645525,62.756678175485554,4633.4980000000005,3915.3182,3079.6645000000003
2021-11-14,4644.27,4696.05,4514.12,4626.5,245309.0674,0.00030000000000000003,0.00030000000000000003,0.0006519564285714286,0.0008364016666666667,0.0,0.0002937211829297406,0.0003598132224006822,-0.6118542125278518,-1.3139080083416743,-0.6886006247203417,0.2905940664924683,0.6165417519790917,0.7805837797966853,51.24795894558525,64.86927102042156,62.21015275801636,4642.916,3949.4136,3089.0558
2021-11-15,4626.5,4772.01,4540.0,4563.78,375421.6601,0.00057533,0.00039177666666666646,0.0006469278571428571,0.0008195776666666667,0.000158961849616008,0.0002944377383101673,0.0003598277169623857,1.5888024924660293,-0.34178329751845515,-0.012198570453336624,0.24993031723628062,0.6112310290277687,0.7807150222173987,21.246232102451827,60.429738520172585,62.982882294312795,4651.87,3979.5018,3098.0895
2021-11-16,4563.77,4563.77,4103.0,4209.76,735857.063,0.00035753,0.0004109533333333331,0.0005881928571428571,0.0007899900000000001,0.00014523151046980893,0.0002599550912821562,0.00036012011474142097,-0.07576767577399375,-1.0032945236347415,-0.5618877935115757,0.6237592424381576,0.6719493121517253,0.798103699690209,12.833387860757355,34.85501645453772,54.92873458330875,4621.045999999999,4005.1852000000003,3105.2762
2021-11-17,4209.59,4299.91,4063.48,4287.8,472852.1842,0.00030000000000000003,0.0004109533333333331,0.0005523514285714286,0.0007726986666666667,0.00014523151046980893,0.00026281722027812955,0.00037098203068047775,-0.5578418172557292,-1.169732653953701,-0.7064421093778626,0.7182721618914204,0.5581005373354035,0.7987634028893481,24.83542435421792,38.043272327647095,51.99805637149001,4588.567,4034.843,3111.9913500000002
2021-11-18,4288.07,4344.81,3956.44,3996.9,576945.1837,0.00030000000000000003,0.0003191766666666665,0.0004970314285714287,0.0007517416666666666,3.321496098662184e-05,0.0002229464149782316,0.000379524701091379,-0.5578418172557292,-1.0677209646222303,-0.7064421093778623,0.8265491946218214,0.6153959398691792,0.8148451666094431,8.886560841733797,32.60968416673445,49.163352793904174,4507.459000000001,4057.772,3117.2280499999997
2021-11-19,3996.9,4308.97,3973.01,4294.76,420045.0897,0.00030000000000000003,0.00030000000000000003,0.00046837428571428575,0.000719966,0.0,0.0002204550684978031,0.0003759759730914513,-0.5578418172557292,-0.9658842512178001,-0.7064421093778626,1.2097498772062802,0.6915820221666034,0.7801068586976881,33.487750556772,44.956160071907085,54.51873560573341,4463.702,4083.655,3121.5466499999998
2021-11-20,4294.75,4435.88,4199.86,4412.17,365584.578,0.00030000000000000003,0.00030000000000000003,0.000423095,0.0006691133333333333,0.0,0.00017861197538238398,0.0003203333043752221,-0.44703984068222336,-0.9204080732378261,-0.7064421093778626,1.262171063110937,0.7001452485467685,0.7555590179693231,40.47738219291531,47.14412931426397,53.50910606216872,4442.041,4105.7002,3127.41245
2021-11-21,4412.17,4451.0,4242.41,4258.31,340206.3203,0.00030000000000000003,0.00030000000000000003,0.0003917064285714286,0.0006451753333333333,0.0,0.00015591267697049902,0.00032018440561363306,0.0,-0.8447086802426181,-0.7064421093778626,1.0637344778379794,0.7168866454962396,0.7211184863833381,36.41174777273162,40.735937075049144,52.47114331447556,4395.972,4123.1112,3131.0826999999995
2021-11-22,4259.7,4320.0,4022.74,4085.97,518501.3338,0.00030000000000000003,0.00030000000000000003,0.0003611928571428572,0.00063396,0.0,0.0001236744071173232,0.00032633387266459244,0.0,-0.7937078066655213,-0.7064421093778623,1.1029337696797556,0.6804862670543634,0.7286142311956681,33.686144097004586,30.889802918873713,48.130737134872106,4338.022999999999,4136.476000000001,3134.0638999999996
2021-11-23,4086.28,4385.59,4059.62,4339.44,502811.7902,0.00030000000000000003,0.00030000000000000003,0.0003611928571428572,0.0006090739999999999,0.0,0.0001236744071173232,0.0003222236706731265,0.0,-0.7132206756960336,-0.7389633109021714,1.0077962319036105,0.7362931526225936,0.7146195800263195,54.75408393697513,40.495623859974785,52.765173075963055,4307.539,4155.5386,3138.3634500000003
2021-11-24,4339.45,4373.94,4167.65,4269.36,448727.0306,0.00030000000000000003,0.00030000000000000003,0.0003330428571428572,0.0005805246666666668,0.0,7.877091990052668e-05,0.0003097516357668259,0.0,-0.6682777915220103,-0.7624368694448823,0.8313669083730317,0.7365400242753938,0.7165189015579845,49.32001888014444,41.16217997262856,54.79755150292155,4271.825,4170.6204,3140.15895
2021-11-25,4270.1,4550.0,4248.27,4524.85,445868.2434,0.00055137,0.0003837899999999998,0.00034173071428571434,0.0005589083333333334,0.0001451285371662275,9.524173757534461e-05,0.00028681917669118735,1.7886952681753745,0.608016877235343,-0.12638435213928229,0.9602451554497636,0.7794219439732966,0.7212678062382029,69.99038250369252,45.58487099133402,53.40053820849187,4267.932,4189.6196,3143.1634499999996
2021-11-26,4524.48,4551.0,3913.0,4041.2,720245.1612,0.00063245,0.0004946066666666665,0.00036547714285714285,0.0005456873333333333,0.00017334159233531261,0.00012178309908183175,0.0002732180573364562,1.327746569868109,1.2943515662744944,0.0729616307708149,1.390967770684507,0.9161537450585874,0.7693808174423414,41.58334993027344,38.126521606796494,45.1107204531535,4251.075999999999,4198.6942,3143.64005
2021-11-27,4041.2,4183.66,4028.34,4095.29,275326.5202,0.00030000000000000003,0.0004946066666666665,0.00036547714285714285,0.000542502,0.00017334159233531261,0.00012178309908183175,0.0002755755580648491,-0.7187902807047276,-0.6185283346694401,-0.8306464230570262,1.3583304382508778,0.9126021085712068,0.7602986692685659,39.019944836361354,39.68726871069518,47.02393261276397,4231.825,4209.3374,3143.24925
2021-11-28,4095.29,4298.51,3964.0,4294.78,346471.3551,0.00030000000000000003,0.0004108166666666665,0.00036547714285714296,0.0005179406666666667,0.00019194009699211427,0.00012178309908183175,0.00026252449125725285,-0.7187902807047276,-0.5539012853416769,-0.859432045713777,1.311140437534253,0.9190149317418119,0.7667381278438568,51.22496825895574,44.1668835416288,50.09499715130517,4261.612999999999,4223.7366,3145.6071
2021-11-29,4294.77,4458.92,4276.89,4444.53,406881.2284,0.00030000000000000003,0.00030000000000000003,0.0003458107142857144,0.000499956,0.0,0.00010656846073076528,0.00025817814637610456,-0.7187902807047276,-0.5539012853416769,-0.8809961650442646,1.3321173168088511,0.9331559115082041,0.7617490747496088,62.22902825333654,47.96532955687107,51.524917964010406,4276.589999999999,4244.342799999999,3149.2402
2021-11-30,4444.54,4753.0,4346.36,4630.26,743024.4662,0.00039202,0.0003306733333333331,0.0003482742857142858,0.0004978696666666667,5.312777177091788e-05,0.00010725665356546944,0.0002588093453181653,0.04947917746867128,0.33120605648786794,-0.6430981122715781,1.2802572331203974,0.9472880371748609,0.7316979751528877,60.3992047372184,57.611796564977894,50.50247315866268,4298.398999999999,4266.1056,3152.01645
2021-12-01,4630.25,4778.75,4523.99,4582.95,508198.3105,0.0003625,0.00035150666666666644,0.0003527385714285715,0.0004884286666666667,4.698467977269407e-05,0.00010638999843514507,0.00025839520209771847,0.7247603251909756,0.08547166813543106,-0.7303228381602443,0.4510930543107516,0.9441401192239871,0.7313653797167221,61.3990447179279,55.40284759262452,49.74820907530046,4330.863,4287.935399999999,3156.6978
2021-12-02,4582.95,4634.83,4433.0,4511.21,451861.9545,0.00030000000000000003,0.00035150666666666644,0.0003527385714285715,0.00045910133333333333,4.698467977269407e-05,0.00010638999843514507,0.00022498696864535112,-0.7088869822035051,-0.5120651616704394,-0.90551667477335,0.5728349995715761,0.9452077520124277,0.733092789062784,49.42773712825181,60.23596189896613,49.73949142206357,4373.387000000001,4306.0112,3161.3433499999996
2021-12-03,4511.35,4654.88,4032.5,4215.73,677974.8659,0.00032562,0.00032937333333333315,0.00035456857142857144,0.00044322933333333333,3.141859534324775e-05,0.00010563070225714618,0.0002166186806974891,-0.25733173564906064,-0.2808063156412962,-0.8357839199595205,0.8395940807616583,0.986540017018463,0.7538457951164793,58.69528393064786,48.42562821475531,46.98642369357333,4361.016,4314.5094,3166.00945
2021-12-04,4215.01,4238.59,3503.68,4117.25,1111773.1451,0.00026583,0.00029714999999999977,0.0003521278571428572,0.0004162743333333334,2.999671482028698e-05,0.00010736902369351368,0.00018307544050213763,-1.271070698226211,-0.8292230424822579,-1.0004099072148072,0.7404306277674235,0.9897739679803621,0.7519777775390706,51.04772991847579,44.0801939814121,45.38711407724393,4345.804999999999,4319.4746,3169.7203500000005
2021-12-05,4117.25,4248.19,4031.39,4196.44,536325.4413,0.00030000000000000003,0.00029714999999999977,0.0003521278571428572,0.000402901,2.999671482028698e-05,0.00010736902369351368,0.00017606362430214835,-0.30068155995420454,-0.42863459851450336,-0.9010978113630024,0.5988083342030316,0.9946579218147914,0.7522584574038481,44.69968092442298,48.71973148915559,45.19280752051526,4312.964,4326.8042,3178.5079499999997
2021-12-06,4196.44,4376.15,3921.0,4347.59,726742.9638,0.00030000000000000003,0.0002886099999999998,0.0003521278571428572,0.00038177066666666667,1.9728058698454864e-05,0.00010736902369351368,0.00014552839779593426,0.08036377463188141,-0.39601338346422454,-0.8748822256666156,0.7675267995316766,0.9454708194420242,0.7565739876112741,44.783011150782144,55.461567366674615,44.62684720724786,4343.603,4336.8189999999995,3186.4028
2021-12-07,4347.57,4425.0,4255.92,4306.4,420749.751,0.0002706,0.0002901999999999998,0.0003500278571428572,0.0003661426666666667,1.6974097914459825e-05,0.00010874569212888668,0.00013015659745707628,-0.8899719053645434,-0.6927899530014622,-0.9366526143209299,0.7654929431106353,0.9434794092309416,0.7568254630788748,29.359879674687633,49.243180839432966,44.98871687712197,4364.714,4348.0478,3195.7799
2021-12-08,4306.4,4450.49,4222.95,4436.91,429403.9351,0.00030000000000000003,0.0002901999999999998,0.0003500278571428572,0.00035190300000000004,1.6974097914459825e-05,0.00010874569212888668,0.00011129613932484303,0.7264788260148988,-0.37661201591342225,-0.855460033760693,0.490145874250025,0.895544700556791,0.7596851324094026,41.58503699261403,53.73453694413229,47.75678273045765,4378.927000000001,4359.2454,3206.4901
2021-12-09,4436.91,4488.0,4076.16,4105.64,462173.711,0.00030000000000000003,0.0002901999999999998,0.00033207285714285717,0.00035190300000000004,1.6974097914459825e-05,9.248031469772676e-05,0.00011129613932484303,0.446873717949339,-0.37661201591342225,-0.855460033760693,0.8867195025153316,0.9093700173513813,0.7762773044114077,32.0109645426363,40.96152270558926,43.21162002069163,4345.0380000000005,4358.135200000001,3216.5363500000003
2021-12-10,4105.64,4231.08,3887.37,3897.94,563236.5671,0.00018963,0.00026320999999999983,0.0003004428571428572,0.00033508733333333335,6.372214921053627e-05,4.577625760628183e-05,9.468073914504275e-05,-1.7238794474878898,-1.422938268962342,-1.1323122618607973,0.9486049751907455,0.9230115375044945,0.7832454857716209,34.714138664129266,46.494018834277135,41.78574792158254,4271.806,4355.0342,3222.7839000000004
2021-12-11,3898.31,4097.08,3828.22,4089.37,427853.4343,0.00028719,0.00025893999999999977,0.0002995278571428572,0.00033033566666666666,6.036498239882022e-05,4.591361105018252e-05,9.333412461956185e-05,0.3828030932556667,-0.4228742775773975,-0.8647515242894558,1.0130539381872612,0.9407864227885459,0.7904288298923184,48.76902970573792,49.86424633782949,44.26998035985734,4222.448,4357.3776,3229.7051999999994
2021-12-12,4089.68,4173.63,3986.25,4130.0,260535.5157,0.00030000000000000003,0.0002589399999999998,0.0002995278571428572,0.00033033566666666666,6.036498239882022e-05,4.591361105018252e-05,9.333412461956185e-05,0.5105199396241749,-0.2928777693577579,-0.8297710620623685,1.0312255880921604,0.9250039564320356,0.7870625876107189,46.96310381391665,45.924434595033404,44.897204099477136,4184.326999999999,4356.635200000001,3235.9305
2021-12-13,4130.0,4142.75,3671.45,3781.93,533467.2307,8.189e-05,0.00022302666666666648,0.0002839485714285715,0.00032306533333333336,0.0001223956413984724,7.409598337052718e-05,0.00010369813118831105,-1.5659472146819367,-2.0904756971525433,-1.3733199142411272,1.1206048752565634,0.957550891452217,0.8087616308903106,28.088782150589054,35.07576986141184,42.40970966906611,4140.947,4350.6272,3241.1290000000004
2021-12-14,3781.92,3882.74,3685.0,3858.99,395145.7462,0.00014733000000000001,0.0001764066666666665,0.00026647071428571433,0.00031797633333333335,0.00011192444966737055,7.548883528902644e-05,0.00010850388998214999,-0.5806956971698888,-1.3675092053404654,-1.15814968279451,1.067229888169088,0.9633175294160323,0.8087242870248312,33.137856437529166,31.733934568307063,46.401155668432736,4115.121,4343.399600000001,3248.3634500000003
2021-12-15,3858.99,4092.22,3643.73,4019.08,542068.0573,0.00030000000000000003,0.0001764066666666665,0.00026200642857142863,0.0003087986666666667,0.00011192444966737055,7.109306291019609e-05,9.702205258501915e-05,0.7520640699746853,0.021437137219838486,-0.720085410607031,1.0472753118297304,0.9440033256539118,0.8144823669241997,34.59612903224021,37.32300954588275,47.28862538389633,4097.385,4341.1508,3257.0651499999994
2021-12-16,4019.54,4113.43,3942.11,3958.11,368780.031,0.00023234000000000002,0.0002265566666666665,0.0002571735714285715,0.00030462566666666663,7.64991335463574e-05,7.060970794084588e-05,9.754465801957093e-05,0.20818568457494227,-0.6490656847527778,-0.8792598061695418,0.9518610527427565,0.8143874739236316,0.8153913533413651,43.20732998754063,37.50463126121556,49.589566372981665,4058.4370000000004,4341.8730000000005,3264.9257999999995
2021-12-17,3959.11,3994.1,3700.0,3875.42,463370.9225,0.00030000000000000003,0.00027744666666666646,0.0002553435714285715,0.0003046256666666667,3.9063519213494913e-05,6.901326846862362e-05,9.754465801957093e-05,0.9114932249354671,0.31808256675573926,-0.6669952194990811,0.9398637641323112,0.8160167956705351,0.8143252913238943,48.82823069074637,41.49407877303476,45.35132762195875,4015.339,4333.661,3270.7721500000002
2021-12-18,3875.43,3996.93,3767.01,3959.93,339593.2543,0.00025422,0.00026218666666666645,0.0002545142857142858,0.0003030996666666667,3.452636287452224e-05,6.894729042638223e-05,9.797665504783237e-05,0.11832114879928617,-0.303664023981538,-0.7675354016331004,0.5037359415204617,0.7924397560463134,0.8115714210039997,42.42172314462226,46.04019210048807,44.94977018012028,3967.6409999999996,4324.4818,3277.3989500000002
2021-12-19,3959.93,4032.43,3884.0,3924.14,306006.323,0.00024353,0.00026591666666666647,0.00025048071428571437,0.0003012173333333334,2.999707041267802e-05,6.772251284175324e-05,9.857886130447071e-05,-0.7031602919983161,-0.4155619457190012,-0.7746775294680891,0.5075755431844958,0.7735710127092735,0.7924061415553318,37.87889493390503,42.993011023818006,46.16720382622885,3949.4909999999995,4316.5109999999995,3283.48855
2021-12-20,3924.14,3983.37,3753.0,3944.73,366916.4771,0.00030000000000000003,0.00026591666666666647,0.0002504807142857143,0.0003012173333333334,2.999707041267802e-05,6.772251284175324e-05,9.857886130447071e-05,1.062557499230113,0.49488944928193773,-0.6184903944239013,0.3288144122884167,0.7463078241379804,0.7899778024139916,65.60283687934462,38.88662068962513,48.321608517887796,3954.1700000000005,4309.6614,3288.9259500000003
2021-12-21,3944.72,4063.0,3913.21,4014.15,340826.3553,0.00030000000000000003,0.0002811766666666665,0.00025258071428571437,0.0003012173333333334,3.2602969701287384e-05,6.884097488069524e-05,9.857886130447071e-05,0.7234783086937278,0.573346331716519,-0.5931844332536065,0.34252354580089794,0.7540483118761001,0.7896225791595617,65.09162354580099,42.061573397478796,45.95767419315563,3946.6479999999997,4303.5558,3295.54915
2021-12-22,4014.41,4074.87,3933.4,3979.51,303191.8076,0.00030000000000000003,0.00030000000000000003,0.0002525807142857143,0.0003012173333333334,0.0,6.884097488069524e-05,9.857886130447071e-05,0.7234783086937278,0.573346331716519,-0.5738955812109313,0.2725607960780701,0.7530015926179139,0.7807457096582422,44.90877743745291,36.892931238006696,46.3660731524131,3931.5989999999997,4291.348199999999,3302.30805
2021-12-23,3979.51,4150.0,3893.23,4111.41,380207.8166,0.00023383,0.0002779433333333332,0.00024785428571428577,0.00029901166666666666,3.8203267312405155e-05,6.759511278579617e-05,9.93443309762593e-05,-1.2330704160180803,-0.4426887013635831,-0.7769552770296654,0.34051073904544477,0.716785459820959,0.7834160736893068,66.67972320136076,50.18667218806315,44.65082338812452,3964.547,4281.5094,3309.3055
2021-12-24,4111.41,4134.84,4017.17,4046.36,230833.1661,0.00030000000000000003,0.00027794333333333316,0.0002557378571428572,0.00029901166666666666,3.8203267312405155e-05,6.671252266004768e-05,9.93443309762593e-05,0.44706252066527646,0.6277632674568449,-0.5202911322993157,0.3744143963640931,0.7129148291590599,0.7799327855032502,69.34147997273473,55.28998317692866,50.07487115193034,3983.2840000000006,4271.7902,3316.5770499999994
2021-12-25,4046.35,4137.91,4018.62,4094.83,208126.8805,0.00030000000000000003,0.00027794333333333316,0.0002566528571428572,0.0002906326666666667,3.8203267312405155e-05,6.726266977344857e-05,8.718185630336081e-05,0.44706252066527646,0.6277632674568449,-0.49918462241572087,0.37728066549086386,0.7097264855567741,0.7788107111842806,66.61903119290737,50.216687303496926,49.99331453648228,3990.8589999999995,4264.202,3324.51505
2021-12-26,4094.36,4105.0,4000.0,4063.56,189309.255,0.00030000000000000003,0.00030000000000000003,0.0002566528571428572,0.000279551,0.0,6.726266977344857e-05,5.871737200200361e-05,0.44706252066527646,0.6277632674568449,-0.4742202395077241,0.37769451997107734,0.6906370668256475,0.7681354078036164,67.36931280199546,47.34350510182461,46.466773428482774,4001.404,4255.1132,3331.78195
2021-12-27,4063.57,4127.46,4031.0,4037.23,222225.3761,0.00030000000000000003,0.00030000000000000003,0.0002722321428571429,0.000279551,0.0,4.536551404186648e-05,5.871737200200361e-05,0.44706252066527646,0.5977890626143519,-0.4666562649705493,0.37229281081829385,0.6902416827359188,0.7357438124796591,61.36140316389176,63.74383599981781,43.53216924020953,4017.585,4243.606,3339.6126499999996
2021-12-28,4037.22,4037.23,3759.36,3792.75,358064.7163,0.0001648,0.00025493333333333315,0.00027348000000000004,0.0002750443333333334,7.805775639450088e-05,4.176279923564838e-05,6.218007568026337e-05,-1.7885585729362,-1.4318091466714622,-1.0281709748391237,0.5316593834059082,0.7173829947617639,0.7467628830575074,30.983955749438778,46.97865353031767,36.94413872872396,4000.8669999999997,4223.3014,3346.8063500000003
2021-12-29,3792.75,3827.78,3604.2,3630.19,302753.6375,0.00024923,0.00023800999999999984,0.0002698535714285715,0.00027335200000000004,6.829477505644207e-05,4.148618539427909e-05,6.216833856549556e-05,-0.22993342014068405,-0.07837193278071039,-0.6290756336037315,0.5816924173909122,0.6670220115378395,0.7521922241122604,25.40207869754977,32.301783064937396,35.66269193956052,3971.472,4201.2586,3353.1036
2021-12-30,3630.18,3769.1,3585.0,3709.27,249263.7305,0.00018468,0.00019956999999999983,0.00026644928571428576,0.0002664406666666667,4.4140574305397076e-05,4.6458722367957946e-05,6.000856283337744e-05,-0.8704635224132523,-1.0877528541052637,-0.8984066322404058,0.6358512444837269,0.6436249205641744,0.7544714712846812,19.406913760553834,38.85904117189203,37.958858858826936,3947.9259999999995,4182.868399999999,3359.1033
2021-12-31,3709.27,3815.0,3622.29,3676.23,268014.2942,0.00017821,0.00020403999999999982,0.00025775000000000006,0.0002602976666666667,3.926916474805965e-05,5.088478887112127e-05,5.926415510718751e-05,-0.6472782107269958,-1.0759476698015882,-0.8973677120562554,0.6337143186355546,0.6025815971033965,0.7542261320546055,20.400492618693434,40.6670227619344,41.206365971614126,3914.1340000000005,4162.013,3364.5806
2022-01-01,3676.22,3776.45,3673.46,3765.54,154143.8968,0.00030000000000000003,0.00022096333333333318,0.00026102000000000005,0.0002602976666666667,6.852416532394591e-05,5.209702752480347e-05,5.926415510718751e-05,1.4733440866970309,0.7882445926589045,-0.3118031925247371,0.7381481515928116,0.612366137086842,0.7404342014203711,25.281126608287863,40.93271015825911,44.25007929004348,3892.737,4144.0146,3370.6906
2022-01-02,3765.54,3857.44,3717.3,3828.27,154791.4263,0.00012853,0.0002022466666666665,0.00025280571428571433,0.00025372800000000005,8.822591021544408e-05,6.299350439213106e-05,6.260325470216707e-05,-1.1893875605117867,-2.0501704117534754,-1.1906683728595997,0.5483506662615932,0.4892651639629008,0.7418991408146884,33.134058750128034,45.63779154944271,43.94841432902038,3864.423,4127.6944,3377.9925
2022-01-03,3828.11,3853.09,3680.0,3765.89,236245.8586,0.00019451,0.00020767999999999983,0.00024527071428571436,0.0002513506666666667,8.649032836109613e-05,6.322279487459622e-05,6.347593059618367e-05,-0.04256066092163331,-1.0445979190251107,-0.8745245961583481,0.35667192445220053,0.4861263482864343,0.7419936954558656,31.50576624223389,42.16067890514348,40.15122783726163,3836.3759999999993,4110.4821999999995,3384.95555
2022-01-04,3765.89,3900.73,3713.11,3785.11,288258.5549,0.00030000000000000003,0.00020767999999999983,0.0002452707142857143,0.0002513506666666667,8.649032836109613e-05,6.322279487459622e-05,6.347593059618367e-05,1.038945027242178,0.8331649205556768,-0.17863275949471022,0.32296452828201117,0.44966000276061496,0.7418488378308491,49.24850487874869,39.49801001407177,41.10787768786224,3805.404,4094.9088,3392.71065
2022-01-05,3785.1,3848.0,3415.0,3540.63,397942.0363,0.00030000000000000003,0.00026483666666666654,0.00024527071428571436,0.0002513506666666667,6.090467989689441e-05,6.322279487459622e-05,6.347593059618367e-05,0.6979417184283448,0.763286926513545,-0.12808421689126256,0.6967900598544216,0.5242831624900631,0.757688778171235,42.413255624780284,33.12389448585219,35.2835318997692,3753.111,4081.5262,3399.5904499999997
2022-01-06,3539.82,3550.43,3300.0,3406.81,496745.7413,0.00019708,0.00026569333333333316,0.0002426457142857143,0.00024890000000000003,5.9420889705079043e-05,6.448468485010068e-05,6.412305373797873e-05,-0.3611293947346019,-0.9467581101375925,-0.9386133257407173,0.6412905571610342,0.5392644363526764,0.7597890560600118,26.552761325903788,22.946199566868785,37.72996548099853,3690.0690000000004,4063.9064000000003,3405.4071500000005
2022-01-07,3406.81,3416.76,3064.42,3199.24,669631.7262,0.00021935,0.0002388099999999998,0.00023688500000000005,0.00024621166666666667,5.414933332932194e-05,6.25399221113148e-05,6.359527010618876e-05,-0.4255934270332438,-0.5244507497945121,-0.7628130078728926,0.5846759984510611,0.5744817515836174,0.7638294513235657,20.897853595423328,20.68261417277229,37.73168795956367,3630.718,4047.9532,3411.9759000000004
2022-01-08,3198.68,3250.0,3000.0,3080.95,400692.1061,0.00030000000000000003,0.0002388099999999998,0.00023688500000000005,0.00024621166666666667,5.414933332932194e-05,6.25399221113148e-05,6.359527010618876e-05,0.7213596171541274,0.8062835383374172,0.009021483536707437,0.5470832323320126,0.5858412246969097,0.7673193075693088,9.658334217248608,16.528892879764996,31.826602845947605,3575.7940000000003,4023.677,3417.98425
2022-01-09,3080.98,3211.72,3057.35,3151.97,275874.1643,8.236e-05,0.00020056999999999982,0.00022133928571428573,0.000242636,0.00011002867217234912,7.19814331257176e-05,6.961686154250654e-05,-1.5295407651292803,-2.3110002250348334,-2.181163613960643,0.684320919184933,0.6004364296636467,0.769890134736521,10.532458740858388,20.675412240782762,32.56525350909281,3520.064,3998.473,3423.9033999999997
2022-01-10,3151.97,3185.0,2928.83,3082.68,529818.3866,-0.00019355000000000002,6.29366666666665e-05,0.00018608571428571432,0.00022661133333333336,0.00024734762993274174,0.00012887186795203787,0.00010522851723527352,-1.6357823241786842,-3.4821173097002225,-4.228340018543019,0.6065901907125436,0.5878422989313945,0.7681232947709233,10.448193217465416,20.11932860441368,36.159220917994006,3460.709,3974.9604,3429.3691999999996
2022-01-11,3082.87,3263.54,3051.8,3239.72,362446.7087,0.00018916,2.5989999999999824e-05,0.00018782571428571431,0.0002229166666666667,0.00019748397074196037,0.00012872673553599958,0.00010450628977383549,0.36381289835694075,-0.19118910279935214,-0.7796475393565394,0.8727705604064526,0.6464291028680008,0.7806799617389713,22.771614861543114,31.685686467983572,38.118517438361515,3408.1269999999995,3958.0353999999998,3436.5236999999997
2022-01-12,3239.73,3411.43,3206.2,3371.26,370465.8015,-0.00018654,-6.364333333333352e-05,0.00015669928571428572,0.00021396900000000002,0.00021896216347429845,0.00016130064611745662,0.00012623046690407827,-1.0117649624239775,-2.577428505012791,-3.581237384410704,0.7360479295440022,0.656252215127978,0.7888378194512318,40.46951843970839,41.24532563340948,37.43307416542328,3362.4259999999995,3938.6718000000005,3444.2318
2022-01-13,3371.6,3410.0,3233.43,3240.61,336234.8799,6.241000000000001e-05,2.167666666666649e-05,0.0001479657142857143,0.00021113833333333333,0.00019113352880472024,0.00016297059077373356,0.0001287042568779283,0.41657594694321143,-0.7923914781775119,-1.5580553649222695,0.7471748066506755,0.668033297308552,0.7933156362619252,40.614411565362076,34.688116676872056,36.4477402196686,3309.8979999999997,3918.0968,3450.5234499999997
2022-01-14,3240.61,3342.79,3188.0,3307.42,285326.3505,0.00018706000000000001,2.0976666666666486e-05,0.0001485978571428572,0.00020737366666666668,0.00019021509097162832,0.00016311402968373752,0.00012766294189921296,0.917028683795328,0.09875711303876061,-0.5750497951605461,0.7437529455544754,0.6746117081715705,0.7957098981346271,57.263912763160626,38.21052968062303,39.206773889472124,3262.129,3893.7482,3456.6384999999996
2022-01-15,3307.42,3371.64,3261.0,3326.04,203100.3778,0.00029632,0.00018192999999999983,0.00014833500000000004,0.00020950633333333336,0.00011703935107480055,0.00016285403614420618,0.00012862517848873282,1.0079900931810561,0.8611643362994527,0.3193221652083894,0.6692443002436157,0.678126978070318,0.7732914374685746,69.0001085321049,35.28584628979057,37.64534827059223,3240.67,3879.445,3462.44205
2022-01-16,3326.51,3393.6,3269.62,3346.88,210782.2277,0.00020594,0.00022977333333333314,0.00015386428571428573,0.000206371,5.839912442274653e-05,0.00016344294656000504,0.0001274845988358548,0.4965333672363312,0.2698234001983218,-0.4030047143271534,0.5587522980517848,0.681573219431097,0.7717056616013175,66.38477445813403,33.418298807465874,38.68312918550984,3234.677,3864.4768,3467.7980500000003
2022-01-17,3346.89,3357.57,3141.1,3209.67,284063.6548,9.890000000000002e-06,0.00017071666666666646,0.00014067714285714289,0.0001982266666666667,0.00014642762250799483,0.00016731331012520136,0.00013204527918110888,-1.2350906359823723,-1.036311084793107,-1.898307048715757,0.5503232945082649,0.6559401560343142,0.7597387907284953,59.581113910999235,31.78000524106102,36.2196576004659,3235.72,3842.7746,3473.31435
2022-01-18,3209.68,3243.87,3082.0,3159.85,299134.2728,0.00021175,0.00014252666666666648,0.00013437357142857145,0.00019716733333333334,0.00011490345092008345,0.00016244051141202137,0.00013179654380200914,0.28124045828970956,0.37051323983619905,-0.29536673435849936,0.4637244645109496,0.637465955880916,0.736211712098131,42.81085168044437,29.921001926755366,33.86566746991652,3243.61,3817.081,3478.3429499999997
2022-01-19,3159.85,3174.87,3000.0,3084.02,332996.5703,0.0001828,0.00013481333333333314,0.0001260021428571429,0.00019326066666666667,0.00010915083615503858,0.00015614633925994725,0.00013037261471835157,0.013895946993042136,0.170287958098332,-0.5079042474134091,0.39146744971250197,0.6281227618624685,0.7332413223988634,21.263355876555906,33.55565959588938,33.346846930580995,3236.815,3786.1562,3482.6281
2022-01-20,3084.02,3273.37,2987.15,3001.48,357596.7062,0.00030000000000000003,0.0002315166666666665,0.00013335357142857146,0.00019326066666666667,6.104916734357168e-05,0.0001620608655653765,0.00013037261471835157,1.1116359035178816,0.9196002122055068,0.4158589673610528,0.33820513985495404,0.63275057957966,0.7314454442272935,23.528239643951395,34.84260360336499,28.972943480981215,3228.695,3754.5268000000005,3486.0220499999996
2022-01-21,3001.48,3034.12,2403.0,2568.15,1022021.70024,1.7270000000000002e-05,0.00016668999999999983,0.00011891928571428576,0.00018383633333333334,0.00014205179442728112,0.00016280983321579522,0.0001325906884305973,-1.0007914172556542,-0.902132462195543,-1.7315536500363398,1.1142319289526492,0.8689916349317702,0.8156171303172365,4.822840660478164,29.809384258018014,25.42517713633559,3161.538,3715.6656,3487.88015
2022-01-22,2567.47,2626.0,2300.0,2412.18,1081357.54893,0.00026472,0.0001939966666666665,0.00011639928571428576,0.00018486600000000003,0.00015406299241980105,0.00016004092286585656,0.0001331112347288104,0.63422682068091,0.7206140873958918,0.17536811211845868,1.1094699234928989,0.8724014079349673,0.8085717059264267,2.180965736649952,29.107596953445622,22.991778675899937,3065.63,3679.5946000000004,3488.32855
2022-01-23,2412.18,2556.78,2370.8,2539.01,580497.7613,-8.528000000000001e-05,6.556999999999982e-05,0.00010442500000000003,0.00017202333333333334,0.00017992961818447575,0.00016881458945107575,0.00014002640443939082,-1.341545293921821,-1.4398421709473888,-2.3527637648327078,1.4366290644357975,0.9284344072189296,0.8222528340576496,11.947848859656972,31.496329211719925,26.257774953802368,2995.4700000000003,3648.0298000000003,3489.44075
2022-01-24,2539.0,2539.75,2159.0,2439.29,1123134.70389,8.225000000000001e-05,8.722999999999983e-05,0.00012412500000000005,0.00016476499999999999,0.0001750531356474687,0.00014590516491885,0.00013880215967089382,-0.20471205211390742,-0.3226540326887039,-1.1078750469647114,1.4233919437129396,0.9252978257689107,0.8084658276517014,12.385258388335771,30.928116199766848,25.670976425213055,2908.657,3612.8867999999998,3491.05555
2022-01-25,2439.56,2506.55,2348.96,2458.83,510152.954,-3.54000000000001e-06,-2.1900000000001853e-06,0.00011036071428571432,0.000154647,8.377315858920264e-05,0.00014836663166546257,0.00013966486938009665,-0.4455024595367979,-0.7918636878615919,-1.786605932912151,1.4975744171012204,0.9107569131116013,0.7673761970403644,14.728908388332911,24.79780538968231,28.19736652847297,2821.936,3575.1116,3492.61475
2022-01-26,2459.04,2722.0,2402.03,2462.99,806441.62289,-0.00032058,-8.062333333333351e-05,0.00010078642857142861,0.00013396100000000001,0.0002121894965198456,0.00017151834930350448,0.00016162513946121125,-1.4282287269204634,-2.294309730617829,-3.7357122548145996,0.8476346664194256,0.909743906020561,0.7658898752496206,16.32487067421681,18.06072285087575,29.880579726104344,2733.5469999999996,3538.2434,3494.37625
2022-01-27,2463.0,2521.0,2316.43,2424.25,599481.7159,-0.00020173,-0.00017528333333333352,8.191928571428575e-05,0.00012174333333333332,0.00016016603895129022,0.00018963546935610128,0.00017268839264414064,-0.6021082368778592,-1.444909131470056,-2.665348030956805,0.6439354243394576,0.8852795887443367,0.7530492020080453,17.138985984114612,19.308851394006567,27.537285777188345,2655.005,3497.9902,3495.79525
2022-01-28,2424.02,2558.98,2357.88,2544.99,485149.8065,-0.00016807999999999998,-0.00023013000000000018,5.6552142857142894e-05,0.00010783300000000001,8.011855278281843e-05,0.00019805537920872834,0.00017876558922422274,-0.2841332608106965,-1.147679331529761,-2.287937998814918,0.6252710889760881,0.9168760106625636,0.7590122659993381,47.95297861051161,22.453374184341655,30.81369316559943,2593.519,3466.7771999999995,3498.3623
2022-01-29,2544.99,2636.66,2520.01,2601.43,376666.8246,8.153e-05,-9.60933333333335e-05,4.1210000000000034e-05,0.00010439466666666666,0.00015474371403499941,0.00018600600924948568,0.00017822773722234194,1.2689849523790964,0.18677008223369412,-0.6697211077335352,0.4614049942465614,0.9163036125074774,0.7526522381198857,70.29838899961557,24.516251556200416,30.03358294710631,2545.2599999999998,3440.847,3501.6687
2022-01-30,2601.43,2640.0,2542.5,2601.68,290770.0859,-6.989999999999999e-06,-3.118000000000017e-05,2.600071428571432e-05,9.822133333333334e-05,0.00012655099802060782,0.0001801123186093384,0.0001787893387960264,0.7255159973619361,-0.35154968082456,-1.1992441543787395,0.4737806853960307,0.915354927860012,0.7530300969049162,59.22730351293773,23.40698869473509,28.501169071970736,2505.2799999999997,3411.0932000000003,3504.7041999999997
2022-01-31,2601.67,2706.77,2476.07,2686.94,444584.851,-6.699e-05,2.5166666666664883e-06,2.050928571428575e-05,8.598833333333334e-05,7.471499269453882e-05,0.00018180533797122628,0.0001770538558253887,0.04705633215928006,-0.6182957855744563,-1.5229263801122674,0.48894558148921957,0.8969085738240318,0.7598131747691043,88.08476609337299,30.627719264404888,31.239371672368463,2517.159,3382.232,3508.5413499999995
2022-02-01,2686.94,2813.0,2673.52,2787.23,390034.27362,-0.00021073,-9.49033333333335e-05,-9.66785714285711e-06,7.467966666666668e-05,0.00010469891371616834,0.0001826810396114306,0.00018490345716695698,-1.1505320787500708,-1.4051695909277642,-2.2866507963554503,0.34872262397252796,0.8936830484470306,0.7531694942085971,90.45530698713092,36.68871995652357,33.12476324473296,2554.6639999999998,3362.3379999999997,3513.0962
2022-02-02,2787.48,2810.88,2612.72,2680.67,447852.1228,-5.866e-05,-0.00011212666666666685,-2.6914999999999965e-05,6.624066666666667e-05,8.549450411193566e-05,0.00017431901964942045,0.00018502311337314774,-0.05910635065164845,-0.5218712638930879,-1.310781559001197,0.5922383241169279,0.8933353724669141,0.7562241067375387,71.41339419207924,35.900501268867316,34.745558267547935,2568.83,3338.7715999999996,3517.0015999999996
2022-02-03,2680.25,2726.64,2576.05,2695.46,405043.3931,-0.00051765,-0.00026234666666666686,-8.53185714285714e-05,3.898566666666667e-05,0.00023380796657373936,0.00019239908659054384,0.0002081753948772348,-1.665444756152772,-2.4057269321877315,-3.5555704176281235,0.5795091393709412,0.8859936582723076,0.7540550174962538,77.99847211600645,38.77089724203793,36.8253392055743,2594.447,3312.2992,3521.0207
2022-02-04,2695.21,2995.0,2671.4,2994.99,664002.9328,0.00028786,-9.615000000000018e-05,-6.599071428571425e-05,3.8581e-05,0.00040406152390448207,0.00021568035770428204,0.00020766168564558606,1.3776177551096793,1.3390966013575292,0.7672069627659589,1.0051353793286768,1.0135726538060474,0.7971362760578364,83.93051031478655,67.3678813820622,46.34176920454578,2648.0629999999996,3293.0368,3526.902
2022-02-05,2994.99,3060.47,2958.01,3012.65,356803.3071,0.00021807,-3.906666666666848e-06,-6.932285714285711e-05,3.9280666666666665e-05,0.0004462811002421512,0.0002104755943253039,0.00020824865582929085,0.8361460993523662,1.0084572212707152,0.3982225198352371,1.0204756403017852,1.0134939604372155,0.79764555852027,82.93237658958573,77.53161364856027,48.73096446695438,2703.029,3275.7814000000003,3533.0350999999996
2022-02-06,3012.64,3074.56,2950.21,3054.99,249394.5966,0.00030000000000000003,0.00026864333333333315,-4.180285714285711e-05,4.1969000000000004e-05,4.421641588079118e-05,0.0002322865475567208,0.0002111536757639196,0.7324606669512124,1.261833679169201,0.8392406065631353,1.010923339242489,1.0027651121339434,0.7941860419475809,84.0103236648128,75.64461939115931,48.178669891848934,2766.103,3257.6826,3538.33255
2022-02-07,3055.0,3186.0,2991.8,3139.77,455070.2529,8.916000000000001e-05,0.00020240999999999985,-4.130928571428568e-05,3.4941e-05,0.00010628877221988318,0.00023257757519602458,0.00020570782585064838,0.03997626206038297,0.36090160822259265,-0.2782767702403038,0.8057077450965996,1.008729491957228,0.7778553129880922,83.99879870852347,85.33922589486272,51.06597506184374,2825.5809999999997,3241.9951999999994,3543.9085999999998
2022-02-08,3139.77,3232.87,3025.21,3116.69,514773.5837,0.00019338,0.00019417999999999982,-2.7243571428571392e-05,3.864166666666667e-05,0.00010542227658332117,0.00024084514522524218,0.00020758040287016717,-0.2864605140166894,0.8270735993128124,0.2854200197851889,0.8500945097092399,1.00358279484384,0.7687534595694424,77.98009308004454,83.07092155786503,47.581833977312826,2877.107,3225.4344,3548.8708
2022-02-09,3116.69,3269.7,3055.0,3243.94,370267.8913,0.00016954,0.00015069333333333316,7.765000000000035e-06,5.074466666666667e-05,5.460631587411751e-05,0.00023031785801198176,0.000204131973145374,-0.3201130657197056,0.7741106743063684,0.16788830899170848,0.3521883593155537,1.0090162140226961,0.7657003615031546,96.21285463454811,84.9352694347202,47.493286291381644,2941.3329999999996,3210.0301999999997,3554.16675
2022-02-10,3243.6,3283.66,3056.74,3072.49,578212.8383,-4.128e-05,0.00010721333333333315,1.922571428571432e-05,4.306333333333334e-05,0.00012915025719426268,0.00022296610465801807,0.00020307682083613908,-1.4417299750266215,-0.19306891962249623,-0.946974388944119,0.7065632561298976,0.7633127490500542,0.7748825080220109,74.60742210438428,75.92089058067985,46.74234027541257,2979.888,3191.8898000000004,3558.5802499999995
2022-02-11,3072.36,3138.62,2879.0,2927.54,462025.8751,-6.11e-05,2.238666666666649e-05,2.6867142857142892e-05,4.7244666666666665e-05,0.00012782325975089503,0.00021782699548135952,0.00019944521869481776,-1.1167237410440967,-0.21854966646662638,-1.0327906214470894,0.8176069651019775,0.7395701169851708,0.7544507930248732,44.48496345107826,65.00631555816904,42.855423318192074,2993.919,3168.2124,3562.07755
2022-02-12,2927.54,2985.98,2858.3,2918.88,336250.3131,0.00030000000000000003,6.587333333333316e-05,4.247214285714289e-05,5.516433333333334e-05,0.00020300167519836992,0.0002295541003496982,0.0002047157070045228,1.1958402675089883,1.367165109048059,0.8927379585995413,0.7327550195953059,0.7169581802718968,0.7519683838868005,42.2183864167739,62.93760443404809,42.31355906601381,3017.74,3145.6627999999996,3565.1745
2022-02-13,2918.58,2954.4,2836.7,2871.13,242751.3547,5.0249999999999995e-05,9.638333333333316e-05,4.656071428571432e-05,5.0604e-05,0.00018491759200612654,0.00022911469524316923,0.00020319439348088022,-0.2192778837663525,0.22452322497138938,-0.4235663759715133,0.7286961628639741,0.6939507319278209,0.7438356642567017,34.87794446633703,60.57205634238256,41.10903878566565,3035.307,3121.1888,3568.02565
2022-02-14,2871.14,2964.97,2829.01,2929.75,381778.238,0.00025513,0.00020179333333333318,6.956928571428575e-05,4.9231e-05,0.00013314415358303775,0.00023297605154125813,0.00020160980262068714,0.9215812701259042,1.0746797244221264,0.6756537727202293,0.5963758256976193,0.6958577832446257,0.7461268331197709,31.949601210082562,59.730225773550245,44.61045562362338,3028.7830000000004,3098.5126,3570.7598
2022-02-15,2929.75,3196.19,2912.06,3183.52,448971.754,6.852e-05,0.00012463333333333316,8.951571428571432e-05,4.4650333333333335e-05,0.00011338202341352033,0.0002186453572028695,0.0001994763612731479,-0.3583764874022408,0.16459761239689766,-0.3081722983457587,0.939518953590354,0.7635266656447005,0.775875477447637,54.11286848416779,64.1411942705202,50.422553314502785,3045.87,3081.4383999999995,3574.36835
2022-02-16,3183.53,3186.77,3044.03,3122.3,319997.6244,0.00030000000000000003,0.00020788333333333315,0.00011513428571428574,5.432066666666667e-05,0.0001227596563751443,0.00022094805068905568,0.0002046968703824307,0.8409185780069635,1.1472700162961516,0.9362040313194823,0.8070246746903362,0.7662455790627072,0.7743389157318262,41.85177246050575,66.28609359435572,50.68695221477776,3052.6009999999997,3068.0294,3577.3245999999995
2022-02-17,3122.31,3160.0,2851.55,2891.87,488693.2624,0.00016382000000000001,0.0001774466666666665,0.00016381071428571434,5.2722999999999996e-05,0.00011634007105612285,0.00012508992306854138,0.00020360992002371297,-0.03371473853386796,0.43175738288994675,0.21013952629109742,1.122926163308844,0.8369512331200389,0.794776624499053,38.78693816733654,56.24916480532568,48.13214228500814,3027.811,3053.263,3579.0055000000007
2022-02-18,2891.88,2943.97,2750.0,2779.48,502977.4069,-9.544e-05,0.0001227933333333332,0.0001364321428571429,4.3448333333333335e-05,0.00020088700538696894,0.0001372100737038685,0.0002038174176016611,-1.4792409469565972,-0.7815238371480077,-1.1513156243035436,1.1669992950549202,0.8560973062899794,0.7988673077456873,40.4210444593599,42.21620254989049,54.04355629363902,2994.0899999999997,3034.6672000000003,3579.86825
2022-02-19,2779.3,2830.96,2694.45,2763.63,293838.0025,0.00021922,9.58666666666665e-05,0.00013651428571428574,4.075566666666667e-05,0.00016797610107793394,0.0001372630409505263,0.00020082279539318748,0.578309168142196,0.6731165381002597,0.5535545966042469,1.1334109445348126,0.8568767447019141,0.796731341578495,40.04845967459195,40.994112286040625,57.10559835015067,2946.059,3016.4151999999995,3581.1412
2022-02-20,2763.63,2764.64,2576.0,2621.99,386384.904,5.329e-05,5.902333333333317e-05,0.0001188921428571429,4.1956333333333344e-05,0.00015740832961868483,0.00013032090434936513,0.00020078521242229239,-0.48668776945488085,-0.14925023771469814,-0.32528423874251716,0.5314633514412684,0.8777042389036227,0.8048963935854166,35.74583485899734,35.38978567183398,51.667698343096205,2901.009,2993.5442,3580.6272500000005
2022-02-21,2621.99,2759.51,2558.0,2568.02,761838.9858,1.5999999999999847e-07,9.088999999999983e-05,0.00011253500000000005,3.3137666666666666e-05,0.00011426784718375935,0.00013400158757669153,0.00019642639756376653,-0.5397135691563616,-0.48200035501215716,-0.5943967114902126,0.5269776605056222,0.8642959912537352,0.7994170571874015,29.193461180047123,30.298477633100333,52.63563066358707,2865.057,2968.3392,3579.3324000000007
2022-02-22,2568.03,2665.74,2500.0,2636.29,692639.4942,3.197e-05,2.847333333333317e-05,0.00010100571428571432,3.7046000000000004e-05,2.6737038604616257e-05,0.0001334533610098747,0.0001951513053769783,-0.08632991028856127,-0.3477326694380265,-0.39950162741973777,0.5873459109177245,0.8586139160486131,0.8035319306201321,9.984351463201094,33.94621111865399,53.562252091603646,2836.798,2945.7472000000002,3578.05595
2022-02-23,2636.28,2753.55,2575.83,2579.71,504470.1412,1.6179999999999998e-05,1.610333333333317e-05,9.005142857142861e-05,3.4843666666666666e-05,1.5905138583012258e-05,0.00013368904752659506,0.00019499632250258986,-0.539835294657366,-0.8414916407265531,-0.46419073058782195,0.5470588612226008,0.862609958256773,0.8028779744027327,10.052567255154315,26.702676160052334,52.2946926385244,2807.656,2921.6391999999996,3575.1529500000006
2022-02-24,2579.7,2740.0,2300.0,2596.2,1395732.7753,-0.00010813,-1.9993333333333497e-05,8.52764285714286e-05,3.135733333333333e-05,7.673581323831182e-05,0.00013979507648460805,0.00019663434784202417,-1.6990298843780332,-1.5924924450595255,-1.1163541327301083,0.5746667708381348,0.7168086799982225,0.8036279463505057,18.220512048812807,31.257132513207424,53.410339506725656,2774.301,2902.7506,3573.0747
2022-02-25,2596.26,2834.97,2571.72,2768.49,679394.1762,0.00030000000000000003,6.934999999999986e-05,0.00011106928571428576,5.2043333333333344e-05,0.0002091956283004287,0.00014396072565188252,0.00019089251477047526,1.6663826031574855,1.362293996852322,1.1489106418806452,0.6868209165749991,0.7779535186897916,0.8228715185042973,48.95351273108556,43.8729361367243,54.34392200759082,2732.798,2889.9842,3571.1145500000002
2022-02-26,2768.05,2878.0,2727.5,2779.47,418485.2529,0.00030000000000000003,0.00016395666666666655,0.00011106928571428576,6.876766666666668e-05,0.0002356339653643842,0.00014396072565188252,0.00018986829534474754,1.0463877977995109,1.362293996852322,1.1254705578490654,0.6110374984456335,0.7746299594383576,0.8110403990565211,51.5224328168158,44.63910786382426,53.5226148549128,2698.515,2881.5888,3569.3035999999997
2022-02-27,2779.47,2836.33,2557.98,2616.79,650198.7785,0.00020507000000000001,0.00026835666666666656,0.00012212785714285718,8.120600000000002e-05,5.48078610542602e-05,0.00014487289857390722,0.00018600048781172794,0.34334563385547107,0.6324843726882537,0.6095167946700715,0.8693257720511847,0.7951287930513076,0.8169039296891327,49.519639359947796,41.01386396072766,50.28090409843326,2671.007,2872.3056,3566.58505
2022-02-28,2616.79,2951.6,2568.62,2920.95,733794.4488,-0.00018511,0.00010665333333333321,9.068214285714289e-05,7.231800000000001e-05,0.0002570939677109212,0.0001606974958484879,0.0001922501489241898,-1.238143141760216,-1.825485951770416,-1.4820884147139015,1.2391335457458938,0.9440923780204193,0.862799597303661,72.29641796695861,49.735054675038754,54.02296084136415,2685.154,2867.6851999999994,3565.96
2022-03-01,2920.83,3037.94,2854.09,2976.33,673901.6976,0.00030000000000000003,0.00010665333333333321,0.00010721642857142861,8.2551e-05,0.0002570939677109212,0.00016988759983756386,0.00019601648230044874,0.5513714241359685,1.2238421633568748,1.1258552297240483,1.2267243232731142,0.9296477973771657,0.8645213783846365,71.83775174675006,42.91575772906246,53.30188020333393,2706.424,2865.5582,3564.23005
2022-03-02,2976.33,3043.91,2914.21,2947.3,614623.7461,0.00030000000000000003,0.00013829666666666655,0.0001072164285714286,9.4784e-05,0.00028007838908659835,0.00016988759983756386,0.00019780550765664798,0.5513714241359685,1.1043207924875895,1.1258552297240483,1.185813683442539,0.9027213704024677,0.8618799277389269,74.47304296873263,43.88171787373164,54.78519305519641,2738.955,2859.7097999999996,3562.6507499999993
2022-03-03,2947.31,2970.97,2785.0,2833.99,446192.2353,0.00030000000000000003,0.00030000000000000003,0.00011694357142857148,0.00011180833333333335,0.0,0.00017712235108955426,0.0001925118457274674,0.5513714241359685,1.0005590319997395,1.0992766338859932,1.2686893997831257,0.8945481765875267,0.8645929228463194,64.02344809685336,47.795920854162986,52.40127439317363,2765.5519999999997,2848.9643999999994,3560.2852499999995
2022-03-04,2834.0,2836.17,2573.0,2622.1,556178.7588,0.00030000000000000003,0.00030000000000000003,0.00014518928571428578,0.00012376366666666668,0.0,0.00017210766837893083,0.00019269703418225615,0.4471929825687193,1.0005590319997395,1.0815894002797095,1.3548085065120952,0.9518546848404128,0.882622611977843,41.752025511838426,44.42910542855166,43.33379813859016,2764.1330000000003,2836.5942,3557.6630999999998
2022-03-05,2622.11,2685.12,2589.38,2665.15,268730.3036,9.776e-05,0.00023258666666666654,0.00013651357142857148,0.00014427733333333335,0.00011676331844095279,0.00017114745822094865,0.00015011175673437107,-1.7886566190557276,-0.2707803906161796,0.03266531432862741,0.7766319833982545,0.954785494139608,0.8839262983872247,43.78357803150556,46.57989053422526,43.84358634565108,2772.677,2823.7487999999994,3555.9302499999994
2022-03-06,2665.16,2676.29,2535.0,2551.29,336487.9099,4.293999999999999e-05,0.00014689999999999986,0.00013577428571428577,0.00013611333333333334,0.00013539208100923255,0.00017155646765890597,0.0001486869416461509,-1.2979363332125387,-0.5500349043283217,-0.23913233050008,0.6818166019913164,0.9629826464956797,0.8758737528947133,46.23857215046588,47.49635253617966,41.2968504861753,2768.186,2808.2538,3553.6139500000004
2022-03-07,2551.3,2649.0,2445.0,2491.12,620171.6787,0.00011578,8.549333333333319e-05,0.0001440328571428572,0.0001327036666666667,3.7937708593750475e-05,0.00016725493247542658,0.00014791355423849834,-0.4606228437843999,-0.10779439609243464,0.16085634752111522,0.6522018495788576,0.8753932114362605,0.8731918694489272,15.706330083436825,47.288702102707624,38.6962083110766,2740.4489999999996,2791.1385999999998,3550.1489500000002
2022-03-08,2491.12,2624.0,2480.15,2575.97,561659.7421,9.976000000000001e-05,8.615999999999985e-05,0.00014887500000000005,0.00012602900000000002,3.827710020379014e-05,0.0001647231978315229,0.00014458440478093057,-0.32039168210047747,-0.1502827625692485,0.08548808443678169,0.8586248657654744,0.8960251271353383,0.8661522603388707,19.492197025095038,47.89784766360888,40.77565559168247,2720.099,2778.4646,3546.6047
2022-03-09,2575.98,2775.85,2567.7,2726.98,562771.7403,0.00026224,0.00015925999999999985,0.00016645071428571435,0.00013179833333333335,8.954228274960664e-05,0.00016258902761086757,0.00014650296104062906,1.68534228693526,0.858257239064276,0.9738245893331081,0.7877611776302919,0.8857299327034033,0.8745408165046319,35.84316446908643,54.81542033150656,41.25190374653416,2731.118,2769.8071999999997,3544.12245
2022-03-10,2726.98,2733.25,2550.27,2606.7,559029.9377,0.00011609000000000001,0.0001593633333333332,0.00018246642857142861,0.000129222,8.946716511292751e-05,0.00014336829499348033,0.0001460615996030942,-0.13888369922687596,-0.1508058322243993,0.17503266730500244,0.8950692171457593,0.8903806899778385,0.8786427665102459,35.52495828606837,50.32150599527818,41.97890154394218,2699.693,2760.2608,3540.9659500000002
2022-03-11,2606.69,2676.78,2522.57,2556.86,494583.6568,4.8429999999999995e-05,0.0001422533333333332,0.0001644971428571429,0.00012518500000000002,0.00010927977412743838,0.000143269293152568,0.00014658157909268224,-1.0034023381331119,-0.5510738660527583,-0.2194510536787995,0.8185926995276409,0.8930042814647898,0.8782799275010515,44.76454916054421,42.994657362802684,43.40055974529397,2657.746,2751.3684,3537.14385
2022-03-12,2556.86,2616.79,2553.39,2568.8,219236.5711,0.00021280000000000002,0.0001257733333333332,0.00015826857142857146,0.00013365433333333333,8.261173907710733e-05,0.00013874941024722567,0.0001439483293714953,0.743446972472739,0.5079689670134604,0.6897913636080046,0.77651527322414,0.8660858981762033,0.8684991978582093,41.86164371985928,43.03086440169359,43.77458477073565,2619.8959999999997,2751.3813999999998,3534.13475
2022-03-13,2568.8,2603.32,2493.0,2515.65,316942.1601,9.418e-05,0.00011846999999999986,0.0001503478571428572,0.00013883033333333334,8.483441106067029e-05,0.00013903702557113053,0.0001394246512236789,-0.5963819939847453,-0.3343739828245714,0.006463676774684188,0.7399041327906859,0.866133937895842,0.8625026350113704,46.64558391681228,46.392804154256346,43.69067480738265,2588.062,2753.4508,3530.57865
2022-03-14,2515.66,2609.6,2498.67,2589.41,386630.1912,9.648000000000001e-05,0.00013448666666666652,0.0001704614285714286,0.00013204633333333335,6.783108530271356e-05,0.00010228648296719907,0.0001362268616602835,-0.2816798881257534,-0.3452936964327727,0.01626755694061112,0.5374608021796615,0.8678164902758084,0.8620097421870333,59.02024484694066,35.850006828692486,43.991681495874936,2584.7929999999997,2754.4587999999994,3528.0597
2022-03-15,2589.42,2669.0,2507.0,2617.73,461202.3014,4.8230000000000004e-05,7.962999999999986e-05,0.0001524778571428572,0.000131979,2.7217503559493383e-05,9.986351325517847e-05,0.00013626917819721982,-0.7696429717772981,-0.7015416271035642,-0.2441463195011907,0.4031804102005293,0.8639673950257358,0.8606778139119644,54.27605979922591,34.33322265518406,39.14776410830577,2580.0510000000004,2758.0276,3524.7810999999997
2022-03-16,2617.74,2788.0,2603.38,2773.81,666224.7217,0.00024447,0.00012972666666666654,0.0001485114285714286,0.00013162366666666668,0.00010225722484667786,9.45128776620039e-05,0.0001359505040886129,1.2438568492141089,0.6155279395415241,0.877841527229086,0.5602520587093478,0.8978266315594843,0.8738199078502837,54.74593104558785,43.177796478155535,43.5504228896704,2602.303,2764.3271999999997,3522.4277500000003
2022-03-17,2773.8,2836.0,2746.42,2811.92,379312.541,0.00030000000000000003,0.00019756666666666654,0.0001485114285714286,0.00013933966666666668,0.00013227613251582307,9.45128776620039e-05,0.000138784882474019,1.3146022132967892,1.0453926989894309,1.1755515735158235,0.548365470937524,0.8569322493312357,0.8744959767934575,74.95379377419151,49.077580225803764,48.40694528016023,2634.3830000000003,2771.3058,3520.37
2022-03-18,2811.91,2984.0,2765.59,2938.92,556535.7966,0.00020626,0.0002502433333333332,0.00014181571428571434,0.000136215,4.7135925082077634e-05,8.588155821685527e-05,0.00013607170353059474,0.2602931450229784,0.3659510553437874,0.6263172761863224,0.38310126937002437,0.876791439949759,0.8765281845200041,89.11663526893605,64.2529376832431,53.15855368980688,2670.678,2781.5991999999997,3518.9164
2022-03-19,2938.84,2987.7,2890.86,2950.84,325971.5398,0.00030000000000000003,0.0002687533333333332,0.0001562614285714286,0.00014075433333333334,5.412081423392585e-05,9.447963051586553e-05,0.0001392585130607066,0.7726914035506205,1.0447725886676513,1.1383469882100374,0.44926913382183525,0.8296528226977735,0.8759034937495426,89.11618953994679,63.222838311852826,53.71446938696656,2693.064,2789.7162,3516.5245999999997
2022-03-20,2950.85,2964.17,2817.21,2861.38,377608.8214,0.00030000000000000003,0.0002687533333333332,0.0001746228571428572,0.00015393566666666668,5.412081423392585e-05,9.573290146012989e-05,0.00013477363693097823,0.6932531369930527,1.0765220034493115,1.1174478209700207,0.6667435203809836,0.6983600563167676,0.8771111794652463,82.94863242150373,64.68382123129251,54.85021253483686,2718.532,2794.9151999999995,3511.6974
2022-03-21,2861.39,2960.57,2829.81,2890.03,450223.9073,0.00030000000000000003,0.00030000000000000003,0.00018778142857142863,0.00015662833333333337,0.0,9.960503677849474e-05,0.00013691292158565744,0.44710694289554165,1.0765220034493115,1.1174478209700207,0.511221006397045,0.6945595267161324,0.8751093778728214,81.34462192923023,69.47099192665029,56.5917846804482,2751.8489999999997,2800.6821999999997,3507.21845
2022-03-22,2890.03,3052.85,2886.43,2969.64,564868.9839,0.00030000000000000003,0.00030000000000000003,0.00020208428571428575,0.00016485200000000003,0.0,0.00010036715496416823,0.00013789764541009803,0.44710694289554037,1.0765220034493115,1.08212775578317,0.536776754511617,0.7039386523451813,0.7861033580897886,83.14714692075013,69.31402274479504,56.792387472682094,2791.933,2806.3361999999997,3502.3761
2022-03-23,2969.64,3045.2,2920.65,3036.0,453962.7298,0.00014922,0.00024973999999999987,0.0001940114285714286,0.00016982066666666667,8.705287358846866e-05,9.969950380687764e-05,0.00013439998624621385,-1.7885891341633515,-0.325788351005262,0.26442573003777786,0.4355569083746513,0.6862125798446683,0.7703343059882991,79.71934438109359,66.5343292525328,59.26052207508192,2843.968,2811.3116000000005,3498.1285
2022-03-24,3035.99,3129.11,2999.11,3110.76,577171.5239,0.00018187,0.00021036333333333322,0.00019871000000000003,0.00017481733333333336,7.932562406526345e-05,9.726509256031266e-05,0.0001318607824611182,-0.8631145573370965,0.06306614632976355,0.4238807866698434,0.458970771232933,0.5854476375772905,0.7629108880542036,81.27511721354469,78.35110691132371,60.20183195203277,2896.103,2819.9134000000004,3493.93085
2022-03-25,3110.75,3193.28,3076.0,3102.14,489099.5572,0.00030000000000000003,0.00021036333333333322,0.00021667928571428576,0.000184278,7.932562406526345e-05,9.035891233248148e-05,0.0001302584278403599,0.7213903636896831,1.1660153173004448,1.0529654775289392,0.23789546342375434,0.5862683005307154,0.7552773191484039,72.70855361998186,82.16080401996477,57.07416155330064,2944.5440000000003,2828.047,3489.8077000000003
2022-03-26,3102.13,3153.2,3084.9,3145.0,207134.847,0.00024979,0.00024388666666666655,0.00021932142857142859,0.00019620866666666668,5.9285843448021196e-05,9.07765927010624e-05,0.00011840457268466309,0.19832586318537732,0.5771844257370047,0.7508741433496401,0.23103271710732,0.5392646787139181,0.7555969383281625,74.87189997936966,82.78856440475731,57.64671918858906,2981.663,2831.0471999999995,3488.35985
2022-03-27,3145.01,3299.37,3126.02,3295.65,335467.4145,6.595e-05,0.00020524666666666653,0.00021730500000000005,0.000188407,0.00012321904087170754,9.402559444925329e-05,0.0001190390172821971,-1.3629518830510976,-1.3370772066031293,-0.3154295534370331,0.3438167738761508,0.5373338501883391,0.7628591296987833,98.09085070082901,89.95246680859084,64.27327928405269,3030.036,2836.7072,3487.3431
2022-03-28,3295.65,3431.15,3275.01,3332.92,527237.1133,0.00030000000000000003,0.00020524666666666653,0.0002318421428571429,0.000188407,0.00012321904087170754,8.953372567649297e-05,0.0001190390172821971,0.8162945614197564,1.0049044155173386,1.0184578525236376,0.35256226924012785,0.5301814283794439,0.761234705188061,98.12661639087058,89.56229314533249,59.75681961350361,3069.436,2842.2658,3486.88305
2022-03-29,3332.91,3481.87,3329.68,3400.51,465899.8226,0.00028269,0.0002162133333333332,0.00024858928571428574,0.00019099433333333334,0.00013041936602109158,7.293690365536643e-05,0.00012025105077130584,0.43319688567919473,0.8069679398583377,0.8891541889473887,0.3481741870898822,0.4933964671679274,0.7544175015475585,98.07636517803958,89.98099985685946,59.98822642923238,3114.4030000000002,2847.480600000001,3487.8413
2022-03-30,3400.51,3446.9,3331.84,3385.79,356082.5231,0.00030000000000000003,0.00029422999999999987,0.0002525557142857143,0.0002071646666666667,9.9939331601531e-06,7.419471894062519e-05,9.85992439899835e-05,0.6075675974991854,0.8923391312888003,0.9651399453353923,0.3567590197758621,0.4310743445384696,0.7535148614158031,94.11304764530499,86.53262971880753,60.395241549592896,3166.844,2852.8626,3488.4341999999997
2022-03-31,3385.8,3444.83,3261.35,3281.51,455091.2395,0.00030000000000000003,0.00029422999999999987,0.0002525557142857143,0.0002071646666666667,9.9939331601531e-06,7.419471894062519e-05,9.85992439899835e-05,0.48799195037249843,0.8174273656148262,0.9335857211307775,0.5533186378864403,0.4509388740051877,0.7585794361698759,70.041550271018,75.98008298743414,60.654933668480986,3205.992,2853.614,3487.8207
2022-04-01,3281.51,3481.29,3210.68,3455.21,532169.2392,0.00030000000000000003,0.00030000000000000003,0.0002592514285714287,0.0002071646666666667,0.0,7.392467214432142e-05,9.85992439899835e-05,0.44663664005885156,0.7570621066604487,0.903192333440632,0.5842175779592947,0.4789901676262676,0.7645291694168462,79.86702082654186,77.16029249291594,70.20277709060387,3254.549,2861.2683999999995,3488.67
2022-04-02,3455.2,3532.2,3433.14,3443.77,499893.29,0.00030000000000000003,0.00030000000000000003,0.0002592514285714286,0.0002071646666666667,0.0,7.392467214432142e-05,9.85992439899835e-05,0.44663664005884457,0.6796853868397019,0.8832303523521422,0.5933246511119391,0.4592713940555678,0.7603768714387422,76.69257571687004,75.94450351052524,69.17537655266138,3295.326,2871.5930000000003,3488.717
2022-04-03,3443.77,3580.34,3412.11,3521.91,381581.7683,0.00030000000000000003,0.00030000000000000003,0.0002592514285714286,0.0002071646666666667,0.0,7.392467214432142e-05,9.85992439899835e-05,0.0,0.6052464791161337,0.8542781430488243,0.5985561645065457,0.45652570190263586,0.7542007128099756,73.22330336237783,85.18510626951549,74.33192615830811,3336.4410000000003,2883.6535999999996,3488.2588
2022-04-04,3521.9,3547.0,3405.97,3519.5,449984.1586,0.00022896,0.0002763199999999999,0.0002541771428571429,0.00021153800000000002,4.101496312334962e-05,7.334837331617463e-05,9.646589368337358e-05,-1.7882914961145073,-0.48556442954194706,0.3938475137165745,0.5930205737492511,0.4613620188853202,0.7543066947692871,70.62660298918937,84.49490908679397,76.54870455074177,3378.1770000000006,2896.6209999999996,3488.0164
2022-04-05,3519.5,3555.0,3400.0,3406.99,397782.7437,0.00027974,0.00026956666666666653,0.00025273000000000006,0.00021943133333333337,3.659635136653799e-05,7.257049442807669e-05,9.176835089365581e-05,-0.06495291976506752,0.2699095625736071,0.7873217976363724,0.6003090593550928,0.46071480628327477,0.7158512715087518,50.651649235648684,73.13262316054795,71.15157500346193,3404.376,2906.1658,3488.0523000000003
2022-04-06,3407.0,3407.5,3162.39,3168.51,736273.1047,1.0270000000000008e-05,0.00017298999999999985,0.00024280500000000004,0.00021591433333333334,0.00014318868984668592,9.411843984697049e-05,9.770738551418207e-05,-1.738012419108084,-2.7875771489731034,-1.2504502573729972,0.6977805978430545,0.5803090953160267,0.7390926852143905,34.93120284062299,55.92923046626787,60.759000150995846,3391.6619999999994,2905.8656,3486.7166500000003
2022-04-07,3168.52,3268.98,3143.15,3227.19,458179.3272,3.494e-05,0.00010831666666666653,0.00023231000000000006,0.0002137536666666667,0.00014896852564667536,0.0001085252196850544,0.0001010249351426108,-0.984323502070632,-2.0983860537070993,-1.0274770686991457,0.7593138426128074,0.5576940425340915,0.7396543244106728,45.97844112764719,55.28578562666055,65.58777275892518,3381.089,2907.9633999999996,3486.2095
2022-04-08,3227.2,3314.02,3173.52,3192.39,502422.5048,-3.177e-05,4.479999999999858e-06,0.0002086121428571429,0.00020395333333333334,3.372979543388209e-05,0.00012722012275388455,0.00011001953407534006,-0.9722358377848846,-2.24360663533584,-1.4953357621609256,0.665009865024979,0.5616311494363505,0.7371986262200825,25.504231443131133,54.002110808514544,66.08716783012699,3360.2769999999996,2913.9738,3487.28505
2022-04-09,3192.39,3268.4,3181.28,3258.57,212444.2566,0.00030000000000000003,0.00010105666666666652,0.0002121985714285715,0.00021008366666666666,0.00017548901228665067,0.0001291631422692871,0.00011007868748222833,1.1457284595184978,0.6828828238227771,0.9686697360198683,0.7405622396669936,0.5431643061884371,0.7386161212671938,34.33694181322052,54.93417908495729,66.99351074880755,3347.5550000000003,2923.5556,3489.7483999999995
2022-04-10,3258.57,3307.22,3193.0,3203.04,232303.2326,0.0002598,0.00017600999999999988,0.00022604500000000002,0.00021712933333333336,0.0001810618852768589,0.00012249761264548448,0.00010606646728487217,0.946247849888559,0.3493860953030512,0.6562956131323988,0.7195955636793866,0.5521482895850174,0.7332546637679089,21.959584234658777,45.61393538114493,66.9150396920171,3339.708,2932.3438,3490.3789999999995
2022-04-11,3203.04,3213.63,2950.0,2979.74,693394.2912,0.00024676,0.0002688533333333332,0.00022224214285714288,0.00021826133333333338,2.7750613206614355e-05,0.00012084031148448487,0.00010619980510834981,0.5670162077921956,0.2601011092175039,0.5344336773246359,0.7172792038348015,0.6333627998702638,0.7427298599164096,15.815473476198179,35.77905553404031,58.94665425882789,3292.161,2939.4988,3489.5152
2022-04-12,2979.75,3085.0,2950.0,3027.66,579522.9505,-0.00023406000000000002,9.083333333333321e-05,0.0001853314285714286,0.00020732000000000001,0.00028144141296785783,0.0001699128831017618,0.00013296105050622208,-1.4735730134475549,-2.890565168625792,-2.9200699325481194,0.7081742437824452,0.6298088404681078,0.7339992065408435,23.835340534402903,34.74539518362097,59.312231091731554,3250.55,2948.6916,3490.01085
2022-04-13,3027.65,3128.97,2996.86,3118.28,419101.494,-0.00015916,-4.8820000000000146e-05,0.00015253428571428577,0.00019879866666666667,0.00025870476377525773,0.00018928638638984144,0.00014768609286503964,-0.9406853377547404,-2.0070934958024447,-2.2410005365073262,0.7965029115346729,0.6340355603599631,0.7373923959542893,45.64753998919995,39.695221072538644,58.06505991367055,3210.187,2958.3314,3490.9936000000002
2022-04-14,3118.28,3145.0,2976.3,3021.98,408382.5572,3.420000000000001e-06,-0.00012993333333333347,0.00013135000000000005,0.00019730500000000002,0.00012140772682719068,0.00018810542600442053,0.0001494771632367444,-0.08787231745721154,-0.9508915678340476,-1.1073424401520915,0.7695274095390985,0.6481544993909165,0.7404944350747671,33.306759944646075,39.94077565285857,54.787670483483424,3160.435,2967.1767999999997,3490.8066500000004
2022-04-15,3021.98,3060.92,2993.13,3040.56,249626.2981,-0.00016232,-0.00010602000000000014,9.83271428571429e-05,0.00018374533333333334,9.479098902328356e-05,0.00019660964564445035,0.00016289926167213683,-0.5250656279249617,-1.6627873367036856,-2.1182812177985206,0.7892224066097151,0.6455786130598898,0.73903012027264,37.31430576671273,31.73170968107533,52.43701266932642,3123.7920000000004,2976.064,3491.3814999999995
2022-04-16,3040.57,3086.1,3010.03,3059.3,176352.4165,-0.00018537,-0.00011475666666666683,6.365785714285717e-05,0.00016756633333333334,0.0001029908686891496,0.0002010557294031207,0.00017463529432510755,-0.42298343012916007,-1.6008754295457168,-2.157478883678973,0.43195549960275237,0.6092753016749874,0.7097091830025166,31.917094684073547,33.16961276140886,52.59205796872741,3112.871,2981.8802,3492.6534500000002
2022-04-17,3059.3,3083.0,2981.7,2988.06,243772.074,-1.0409999999999997e-05,-0.00011936666666666683,4.1485714285714316e-05,0.00016034400000000004,9.506046514374777e-05,0.00018978738434664074,0.00017743776054211473,1.011284521471135,-0.6502230095147962,-1.0091601466506857,0.4727852822354658,0.6109927975092132,0.7104598764323116,31.032292218066516,26.488386227274916,53.05409028219304,3088.958,2986.052,3493.3414999999995
2022-04-18,2988.07,3069.6,2883.22,3055.56,510251.6536,-0.00022836000000000002,-0.00014138000000000017,8.82000000000003e-06,0.00014273200000000002,0.00011544215304650419,0.0001943394499719016,0.00018894645584177107,-1.0536134633380272,-1.5422637738142593,-2.2488707086291257,0.430493659988099,0.6128824816522505,0.686559872830349,59.226089072666205,30.67528615934711,53.91733205848618,3075.275,2994.8274,3493.61625
2022-04-19,3055.56,3131.0,3030.34,3101.77,359375.0038,0.00014705,-3.057333333333348e-05,-6.57857142857112e-07,0.00013763366666666668,0.00018851548221126324,0.00018301617272707606,0.00018660559211937838,1.5165874249220004,0.30602329800695505,0.007830033520181127,0.3335119702766115,0.6190376878230938,0.6797861062589479,59.05569539812473,36.54327737015807,53.17713367855529,3059.595,2998.4438,3492.57555
2022-04-20,3101.74,3166.5,3036.45,3076.04,415000.0685,0.0001649,2.7863333333333182e-05,1.0387142857142888e-05,0.00013313033333333331,0.00022207533188840388,0.0001883156210861212,0.00018416634063806803,1.0276415190655466,0.4389183209448749,0.12409488899882758,0.35223830229868364,0.607533783809228,0.6799959168356966,43.86581469639642,44.98171122175228,50.98196943233007,3046.895,3000.438,3491.01695
2022-04-21,3076.03,3180.0,2942.31,2983.58,562699.697,-0.00023524000000000003,2.5569999999999835e-05,-8.911428571428542e-06,0.00011528900000000001,0.00022604434896721353,0.00019913887951944576,0.00019315009451021308,-1.0433275063583114,-1.4188459491320067,-2.2305186509462325,0.44340932260074306,0.564986303062879,0.6711888799432807,44.36057099209583,37.24701866795225,46.90779300344702,3047.279,3001.1636,3488.8462
2022-04-22,2983.57,3034.32,2930.35,2962.39,452433.082,-0.00031721,-0.0001291833333333335,-2.9299999999999977e-05,9.974133333333334e-05,0.00025796031755552203,0.00021559177849315756,0.0002084883181500857,-0.9683249535457331,-1.6154015228910181,-2.546840142217968,0.4008664206560296,0.5646996863562099,0.6691406668051407,38.60728131277284,37.78544875193534,46.62281358891338,3040.752,3003.7316000000005,3486.7266000000004
2022-04-23,2962.39,2978.03,2913.89,2933.03,187576.7324,-0.00014911,-0.0002338533333333335,-6.137928571428568e-05,8.870866666666667e-05,8.40585785827149e-05,0.00019528015624359783,0.00021270704003608675,-0.3210478993090932,-0.7307445895877027,-1.5538560318564707,0.30822341512434603,0.5483993524129959,0.6671098122637318,32.14962255075771,32.00800282968035,44.84390887015731,3022.227,3009.9502,3483.8154000000004
2022-04-24,2933.04,2967.06,2912.09,2921.0,218957.0222,-0.00014402,-0.0002034466666666668,-9.02235714285714e-05,7.390800000000001e-05,9.855480218308114e-05,0.00017270959777378693,0.00021294576566134696,-0.043159173977363685,-0.629484229911434,-1.4870977421645528,0.20186755283930055,0.5475783625565004,0.6646874072531902,38.61382776410273,33.624793887402106,40.22776238836845,3012.129,3015.0672000000004,3480.54595
2022-04-25,2920.99,3025.65,2797.01,3006.62,619198.3616,-0.00033263,-0.0002085866666666668,-0.00013160857142857142,5.449400000000001e-05,0.00010745482042861683,0.0001541719223093745,0.00022268445588721932,-1.085212054862033,-1.446082356478131,-2.401311491803251,0.4085038144277255,0.5603192707672842,0.6679015653862264,42.1721049263291,51.85763648918784,41.69829946158943,3008.7349999999997,3024.1738,3477.6417000000006
2022-04-26,3006.63,3039.54,2767.0,2809.67,531184.3504,0.00024991,-7.558000000000013e-05,-9.703928571428569e-05,6.062600000000001e-05,0.00029723936162630294,0.00018130433171727306,0.00022552549900329115,1.6542296208323106,1.405172544557748,0.659784113336829,0.6666370064866348,0.5496403748994089,0.6716741675001545,18.478870807586347,37.50816590827536,35.89624848416395,2983.772,3030.5448000000006,3473.8744
2022-04-27,2809.68,2919.87,2794.46,2888.96,488951.2416,-0.00037341,-0.0001520433333333335,-0.00011234285714285711,3.817900000000001e-05,0.00034869845674070015,0.00019544217863911873,0.0002342237416534279,-0.9065543681600992,-1.440510257975958,-2.4435467724175473,0.7515104410861577,0.5591210486232041,0.6750623069105889,31.903656413189523,36.68601950760408,38.49499117719711,2973.862,3036.8046000000004,3470.4451
2022-04-28,2888.95,2980.0,2853.83,2936.93,537392.9978,2.549e-05,-3.267000000000015e-05,-0.00011076642857142855,2.9605666666666674e-05,0.0003157038086561703,0.00019653370294672734,0.00022962731377667737,0.5426006453514574,0.3759207907699239,-0.42591192804921824,0.7693683756502321,0.5662687868349358,0.6585317016545006,45.06255159706282,44.768536174218895,41.806950467874024,2961.999,3041.0036,3468.05865
2022-04-29,2936.92,2946.46,2776.63,2817.13,525978.147,0.00024578,-3.4046666666666816e-05,-8.161642857142853e-05,2.7798333333333335e-05,0.00031385908467550396,0.0002174507765911779,0.0002276304208971417,0.933754973057538,1.4243278889520554,0.654460509434709,0.8513269859410794,0.5763844106230493,0.6089581387789764,37.28065566875749,37.778555722026404,34.42932581084423,2933.5350000000003,3045.2122,3464.4337
2022-04-30,2817.13,2841.63,2709.26,2726.66,367757.2469,-0.00019834,2.4309999999999854e-05,-8.254285714285712e-05,1.1187000000000003e-05,0.00022206235137909225,0.00021795385818768515,0.0002252522994356068,-0.6852550708886735,-0.5729176485875073,-1.547547366889728,0.7716225237498718,0.5852013807639654,0.6120315008252849,33.67661715149795,33.12876590042157,33.150690081299985,2898.597,3048.6082,3460.6097000000004
2022-05-01,2726.67,2849.9,2716.13,2824.81,442544.8792,-0.00027798,-7.68466666666668e-05,-0.00010165499999999997,-8.078999999999998e-06,0.00028222616273716625,0.00022281920707673325,0.00022441407201788602,-0.6488911645382627,-0.8855792132141699,-1.857322210096544,0.6815385660322179,0.536965268833095,0.6183288888756538,43.30386355721501,41.94010249517767,33.773428552762766,2882.72,3053.7284000000004,3456.69665
2022-05-02,2824.81,2894.22,2778.78,2856.54,521706.8567,-3.0199999999999992e-05,-0.00016884000000000015,-8.750071428571426e-05,-1.9085666666666662e-05,0.00012649671774402969,0.000220432448102293,0.00021674956651402267,0.08233505771590834,0.35930260174933193,-0.6144087953232642,0.6351465202880966,0.5341593586306329,0.6113702499822601,38.70491901976776,39.81432197832486,34.775919240863914,2872.1349999999998,3060.5461999999998,3452.02525
2022-05-03,2856.54,2861.47,2755.19,2781.7,371331.1796,0.00023933,-2.295000000000016e-05,-8.09092857142857e-05,-2.1108000000000002e-05,0.0002587311942924775,0.00022919122944234404,0.0002139345019070104,1.004771285441019,1.5621761559940124,0.7267405152498846,0.625691567627067,0.5223775874864872,0.5834565192019296,47.42093130468749,34.085462265885965,35.388167334168784,2857.002,3064.3920000000003,3446.5888
2022-05-04,2781.7,2965.85,2771.74,2940.64,548738.0668,0.00029221,0.00016711333333333317,-7.181571428571426e-05,-1.8999666666666667e-05,0.0001729117903248469,0.00024186934638080498,0.0002167766985900536,1.1263317995610447,1.6252563190186173,0.9654721948018063,0.7315538895811748,0.5701775268664631,0.5976986167015569,54.15500884380461,44.05514576742037,44.46952376785711,2858.966,3070.8502000000003,3442.1422
2022-05-05,2940.65,2954.65,2683.0,2747.97,734845.3194,0.00030000000000000003,0.00027717999999999986,-3.358428571428569e-05,-1.8324333333333333e-05,3.3009663736696134e-05,0.0002559426900608825,0.0002177687551712695,0.7719666956788267,1.4677650724418874,0.9752375048916838,0.9431170678299376,0.6351996727191516,0.6117908006542795,37.67545003909944,40.49200571419383,39.07944870831613,2833.101,3070.3334000000004,3436.6477999999997
2022-05-06,2747.96,2758.18,2632.95,2692.85,711449.3234,-9.918000000000001e-05,0.0001643433333333332,-1.8010714285714264e-05,-2.197266666666667e-05,0.00022825113676243507,0.00024369753224545395,0.00021818960308888618,-1.259269513027995,-0.27196113196834715,-0.9516523052147273,0.8787226267603037,0.6362687975196741,0.6109398086337202,41.147139275090026,39.41269816326364,38.72085041811546,2821.419,3067.952,3431.38725
2022-05-07,2692.86,2704.36,2584.75,2635.34,371271.4532,0.00023118,0.00014399999999999984,9.152857142857164e-06,-1.5431333333333336e-05,0.00021339267185170778,0.0002490951762318465,0.00022284662529428444,0.23170248135495952,1.0748405514086212,0.6382554734877869,0.8523548549756008,0.6352999252975691,0.6080806404957528,43.17447978947889,38.55997663493379,35.87273378452856,2796.057,3061.8804000000005,3425.1788
2022-05-08,2635.35,2642.0,2484.0,2519.71,757615.3415,0.00029867,0.0001435566666666665,4.0773571428571444e-05,-4.416666666666667e-06,0.00021290735551723894,0.00025615340453620994,0.00023006078228833394,0.546383528578288,1.2202946311308915,0.9591037384079991,0.8864962967973804,0.641979622642189,0.6012886457761862,27.776644717645482,35.71606546636623,34.921244378495786,2754.335,3053.2578000000003,3416.9716
2022-05-09,2519.71,2530.78,2225.0,2228.55,1574924.9793,0.00029193000000000003,0.00027392666666666655,8.538500000000002e-05,-4.685666666666667e-06,3.717277274219843e-05,0.00023999618220520445,0.0002296969977087871,0.5076758768933229,1.1319942945706853,0.9060413064357873,0.8096244593943652,0.7925796372119368,0.6635888496702549,16.803577658651022,25.839786862723855,33.905807441265736,2695.477,3040.6012,3407.8494
2022-05-10,2229.0,2457.34,2200.0,2342.05,1550626.1387,0.00025931,0.0002833033333333332,8.60564285714286e-05,-4.702000000000001e-06,2.105034283196046e-05,0.000240504485120722,0.00022967755869537977,0.3758430031826138,0.9672145499492855,0.7300776716181684,1.182579474037599,0.8413466713961292,0.6745735147801286,27.672087188791238,34.6860713396504,35.71235063409898,2657.016,3029.6416000000004,3399.69865
2022-05-11,2342.04,2451.37,2005.0,2084.99,2022864.83806,0.00025237,0.00026786999999999986,0.00013075500000000003,-4.515000000000001e-06,2.1123531901882183e-05,0.00020390997801631052,0.0002298915392504893,-0.5077477689051,0.8497397656795388,0.6925075389742803,1.3660879177503777,0.9474561069712978,0.731328461343144,10.483535768708862,26.416942888130592,29.863782519698475,2583.034,3011.9485999999997,3389.2880000000005
2022-05-12,2084.99,2195.0,1800.0,1960.22,2305192.90836,-0.00126929,-0.0002525366666666668,3.8270714285714314e-05,-3.902266666666666e-05,0.0008805410532924324,0.0004269596546507026,0.00032397823450660494,-1.7880776205243525,-3.314735637201712,-4.91867696622301,1.3293310669536038,0.9640597937745353,0.7441548436484873,11.185020941110793,22.585118028443816,29.536045516539573,2493.402,2990.433,3378.67745
2022-05-13,1960.22,2147.54,1940.23,2009.69,1134042.3387,-0.00027857,-0.00043183000000000007,8.171428571428832e-07,-4.3002999999999995e-05,0.0007723203736792227,0.00043034139055170447,0.0003262308073905396,-0.19369147131230094,-0.6846835456998805,-1.2771585525212532,1.5182652735537927,0.9828239291363153,0.7431263192048998,16.150034684361003,26.40471765377555,30.365203743810724,2416.201,2968.4116,3367.62405
2022-05-14,2009.69,2070.06,1951.21,2056.48,563788.3078,0.00021037,-0.00044583000000000014,3.0010714285714312e-05,-3.610466666666667e-05,0.0007538768862354212,0.00042965418914901017,0.0003294187578744324,0.5714287608468959,0.5407366153163599,0.46412262100406465,1.339118651010247,0.9973904302243528,0.7452522563870317,21.010036258724426,29.902719301377132,31.10140360924818,2327.785,2947.4984000000004,3357.2488499999995
2022-05-15,2056.47,2167.0,2000.68,2145.29,514398.2587,0.00024304,5.8279999999999855e-05,6.72264285714286e-05,-2.2592666666666665e-05,0.0002921776413417208,0.0004234445249581458,0.0003323634816129455,0.6285717853961874,0.5577952706344849,0.5810817171356027,1.3070897776696928,1.0109135137881473,0.7381776691474803,30.730989336714643,29.507840771989564,34.222104068889095,2267.517,2927.5042,3348.3652999999995
2022-05-16,2145.29,2145.29,1979.12,2023.66,822070.8531,0.00019666,0.00021668999999999985,8.343071428571432e-05,-9.85833333333333e-06,2.3827146283394588e-05,0.0004237700292968069,0.00033322920596927467,0.5823320038150291,0.44466152030060774,0.42295627361339266,0.9540362004075265,1.002603583461415,0.7486516713525649,37.22678702788416,26.174838377460574,31.065082242725495,2200.598,2902.0644,3337.0535000000004
2022-05-17,2023.66,2122.42,2008.0,2090.72,568249.0448,-7.465e-05,0.00012168333333333319,6.100357142857146e-05,-1.1999666666666665e-05,0.00017160378618592364,0.0004231926948912722,0.00033343921040844885,-0.5883289286166877,-0.3190491337165714,-0.5339621245608862,0.7747011430979694,1.0068459653573416,0.744434800987644,33.36862584202625,30.14562214097751,31.588550866592442,2146.136,2877.2203999999997,3325.41265
2022-05-18,2090.72,2110.72,1908.0,1915.11,631577.2341,-1.6480000000000005e-05,3.517666666666652e-05,3.895428571428574e-05,-4.936999999999996e-06,0.00014284112654745033,0.0004182323276272701,0.0003309329208949492,-0.8779907831324167,-0.15538560903813867,-0.30782409545752054,1.131037529424606,1.0398226125111267,0.7709644048673946,37.400243272871826,20.812390780896322,29.953480983121267,2085.6760000000004,2847.5124,3313.3747999999996
2022-05-19,1915.11,2040.39,1903.18,2019.55,741476.9794,-1.1260000000000004e-05,-3.413000000000014e-05,1.6721428571428598e-05,-1.0213999999999997e-05,3.518827787789295e-05,0.0004115069911333768,0.0003296856327138396,-0.5533030281432954,-0.10725627990572079,-0.2717586804229942,1.2347519129729352,1.0822576639535821,0.782763528844847,54.53725088322574,28.172196384883108,33.42206722448863,2064.776,2820.1876,3302.0365
2022-05-20,2019.55,2064.0,1923.0,1959.08,576981.5371,0.00026647,7.957666666666652e-05,4.283928571428574e-05,-6.82833333333333e-06,0.00016187541701365423,0.0004151723703283525,0.00033205894350128435,1.2980952465339557,0.5893705935028196,0.7382252411106387,1.1407712434736048,1.0816633057918636,0.7840623503117145,46.193649313288994,28.082154954543952,32.97656819991097,2026.479,2793.739,3290.2347499999996
2022-05-21,1959.08,1990.86,1937.36,1975.07,238869.7632,6.962e-05,0.00010827666666666651,3.129928571428574e-05,3.3336666666666708e-06,0.00014284341648582998,0.0004117659755149215,0.00032948264501919417,0.17184108603483622,0.002923398261665694,0.03766986024230182,1.0659319023907292,1.0626528064468275,0.7804037782734177,43.57975426250294,29.77597265356826,33.67195276596591,2015.4870000000003,2764.1362,3277.16065
2022-05-22,1975.06,2056.41,1966.33,2043.19,355735.1927,0.00019604,0.00017737666666666654,2.3968571428571455e-05,2.0442000000000005e-05,9.97432736245601e-05,0.000407531583917255,0.00032556646782979076,0.7534319459832628,0.32513822225829586,0.49618805456827736,1.0701757749415741,1.0789144662974075,0.7836455220472106,41.67644948798479,34.96668517487194,35.31879166565797,2023.784,2736.1245999999996,3264.35985
2022-05-23,2043.19,2088.5,1957.12,1973.32,636085.0224,0.00030000000000000003,0.0001885533333333332,2.4545000000000027e-05,3.541233333333333e-05,0.00011537232654906377,0.00040794525133706146,0.0003278190045476886,1.029274936017534,0.6048153489396848,0.86430183175126,0.7393746159676031,1.0809256718895321,0.7827774862013611,45.51784315116485,40.641248469072885,32.626722531931534,2020.1470000000002,2705.1528000000003,3251.5648499999998
2022-05-24,1973.33,1993.83,1913.02,1979.41,534096.972,-0.00016771,0.00010944333333333323,-5.956428571428546e-06,3.462266666666666e-05,0.00024558582620612347,0.0004049951495361381,0.00032829432260504665,-1.5835222749510247,-0.6331411533988046,-0.8069869614823074,0.5470481050305878,1.0353780584513126,0.783133338318323,38.88211909940831,35.56576286833909,35.08314887741892,2012.4399999999998,2674.3510000000006,3239.0907
2022-05-25,1979.4,2022.34,1934.61,1942.63,524786.3091,0.00017652,0.00010293666666666655,-1.137428571428569e-05,5.159433333333334e-05,0.00024238201507814958,0.0004017680237441668,0.0003217493623676927,0.34643270406406085,0.3446217905470954,0.4500738193684965,0.5030827934453512,1.0126743433601395,0.7817873704272946,53.803626713739355,43.128680374495254,32.73404002988865,1992.1740000000002,2645.0638,3226.21385
2022-05-26,1942.64,1966.01,1735.0,1792.23,1168740.57514,-1.0560000000000007e-05,-5.83333333333474e-07,7.853500000000002e-05,4.2912e-05,0.00017233172555668604,0.00017604747771989037,0.0003197212947660671,-0.5870070703416177,-0.19375926561994805,-0.22709475749947497,0.8177211237320477,1.048180221460842,0.7896152981133354,22.123025605769968,42.08736446444385,29.86724729848477,1969.0310000000002,2617.5382,3212.1120499999997
2022-05-27,1792.24,1822.26,1703.0,1727.27,1296693.28537,0.00015197,0.00010597666666666652,0.00010928785714285717,6.042466666666667e-05,0.00010166745611720751,0.0001434556137292523,0.00031038342907834275,0.3409336814514057,0.27675513382285466,0.3762752567767913,0.5877398273795695,1.0505694070955474,0.7904762593350247,21.88205041116106,36.88882286303723,30.454728052651575,1932.6860000000001,2587.5398,3196.7084999999997
2022-05-28,1727.26,1808.98,1722.26,1792.22,558271.1818,0.00019508,0.0001121633333333332,0.0001081957142857143,6.607766666666667e-05,0.0001084452877415348,0.00014268299013030374,0.00031126833162670436,0.8104449184196941,0.4170527605175814,0.5416835149724137,0.8396963082915205,1.0729147647730268,0.7956390192133235,30.17542337961899,37.93531656891734,33.08718126924235,1920.3970000000002,2559.5364,3182.0079499999997
2022-05-29,1792.21,1827.4,1759.96,1813.64,432430.611,0.00013594,0.00016099666666666653,0.0001005457142857143,6.241633333333334e-05,3.0585869831410465e-05,0.00013768054237780814,0.00030972384307451117,0.07530170523669445,0.27354377492318965,0.3363475245021537,0.8640647670491234,0.9669130664911534,0.7974416881912066,22.308007817174712,33.86586754098853,31.175557284788724,1899.806,2530.6378,3167.93225
2022-05-30,1813.64,2013.0,1803.18,1998.78,814922.8359,0.00018114,0.00017071999999999986,9.943714285714287e-05,7.506566666666666e-05,3.091629343906855e-05,0.00013690743382796825,0.00030643884380233743,0.6122954519727274,0.4180050145110781,0.5138519614116417,1.304389846498197,1.0419489739067969,0.8385382151789266,52.403065654780306,48.860075139678905,34.89433643276355,1903.7760000000003,2506.5526,3154.33115
2022-05-31,1998.78,2016.45,1925.0,1941.9,751103.4226,0.00027761,0.00019822999999999987,0.00012459857142857144,9.358533333333334e-05,7.236468959382352e-05,0.00013480563203578826,0.0003011089737062491,1.6203133226865756,0.6929871242503196,0.8755512819728049,1.0403719439810688,0.9280480252958568,0.8264090205451434,46.769331472907965,43.11732277632423,35.116473607315115,1900.459,2485.7958000000003,3140.71335
2022-06-01,1941.9,1972.58,1763.75,1817.95,1037841.2706,0.00030000000000000003,0.00025291666666666653,0.00014720428571428574,0.000104592,6.31604736630706e-05,0.00013585951481155862,0.0003024601205904343,1.1935725153221854,1.1336682062428696,0.9590216793427108,1.1935646359205712,0.9333266049854695,0.837824160649784,40.66347161894792,45.28102111780605,29.853028263765424,1877.935,2461.6016,3126.5816999999997
2022-06-02,1817.96,1853.05,1782.42,1834.08,788784.4017,-2.779999999999997e-06,0.0001916099999999999,0.00014781,9.652166666666667e-05,0.00016871849957847087,0.00013511554047155358,0.0003019706608959683,-1.488194142056256,-0.9862956359209895,-0.15211626549382912,1.1599288074841925,0.9263295391816917,0.8351686045172092,53.92272650575004,40.146629123884395,32.490583244846746,1864.011,2435.9176,3112.6196
2022-06-03,1834.09,1843.91,1737.0,1775.12,741282.5346,0.00017999,0.00015906999999999987,0.00014163285714285717,9.278100000000002e-05,0.0001524702164359016,0.00013119330367693038,0.0003001525693922217,-0.060284949339060014,0.3760316308509755,0.5387060181116795,1.1963675504004918,0.9250185838852071,0.8364800888091356,54.536146976777616,40.21114469365258,32.442845937483185,1843.5819999999999,2410.9804,3098.6763
2022-06-04,1775.13,1816.0,1748.43,1804.58,388279.4579,0.00023,0.00013573666666666652,0.00015308857142857143,9.044766666666668e-05,0.0001225373421996093,0.00013142342343953908,0.00029875496759029617,0.27339144855053965,0.7551697887077143,0.7320050661347645,0.6415922703732971,0.9047580799131508,0.8375599034779483,51.25625076221513,41.056121538901614,33.93424869460645,1829.777,2386.2608,3086.6504
2022-06-05,1804.58,1830.17,1773.05,1806.23,371974.5061,0.00014518000000000002,0.00018505666666666652,0.00014945571428571431,9.859300000000002e-05,4.263638626037445e-05,0.00013084649377825488,0.0002967309225677784,-0.22387466383428475,0.1431052337791589,0.4028401702109768,0.6561900699281377,0.8771992995741096,0.8234114947797481,49.21532498880815,36.637192095945046,35.56596750173999,1831.1770000000001,2361.1994,3074.24255
2022-06-06,1806.22,1920.0,1804.35,1859.84,804250.3567,0.00029597,0.00022371666666666653,0.00014916785714285717,0.00010075266666666668,7.559111213194056e-05,0.00013049378353471766,0.00029796241458107154,1.1291287547946705,1.16751896191633,0.9474219440821338,0.4448973494739832,0.8745015979502706,0.8261153268931118,29.606035697449713,43.48100829515743,41.7476510427101,1844.434,2338.635,3063.55725
2022-06-07,1859.84,1874.98,1725.13,1813.33,1397598.2288,8.085e-05,0.0001739999999999999,0.00016692214285714288,9.3492e-05,0.00011041783325174688,9.656201914420482e-05,0.00029561798166808306,-1.2896167100909068,-0.5492448213482947,0.1358837573964585,0.5064070409097744,0.7996849749177753,0.8270668211933049,30.535622369511657,40.88274044789499,37.80053346126598,1846.545,2313.7904,3051.1501000000003
2022-06-08,1813.33,1838.77,1765.28,1791.88,941510.1373,0.00027041,0.00021574333333333317,0.00017362857142857145,9.277466666666667e-05,0.00011751802812055544,0.0001004615721294579,0.0002951455890507019,0.7350730763359163,0.8773589593975175,0.8485153367589507,0.4155679520894373,0.7597194620648116,0.823663444006846,44.27712165767664,41.582632583941155,42.411863081585224,1844.369,2287.5926,3038.0486499999997
2022-06-09,1791.88,1833.0,1777.33,1788.81,535310.9618,0.00025421,0.0002018233333333332,0.0001925407142857143,9.260466666666666e-05,0.00010507863975777258,8.716184146253388e-05,0.0002950478117857072,0.48771007847840775,0.752526001729977,0.7883635844513516,0.38529031729990026,0.7518494674872496,0.823708382747685,39.45787341051829,49.77143315412933,45.264053667173165,1823.372,2261.848,3025.70115
2022-06-10,1788.8,1804.32,1655.93,1662.91,955035.79239,9.154000000000001e-05,0.0002053866666666665,0.00018822428571428577,8.724366666666667e-05,9.892627372616297e-05,9.074806441793356e-05,0.00029350187029284186,-1.0317569737222547,-0.6021697751640026,0.18901979195402083,0.7148906928674463,0.8036432551771824,0.824047168533187,30.07988638373496,46.022643001848486,40.80695615284754,1795.473,2235.4346,3013.5858500000004
2022-06-11,1662.91,1682.21,1496.74,1532.89,1220325.2542,-0.0004139,-2.2716666666666794e-05,0.00014472571428571432,0.00011575666666666668,0.00034840161083632366,0.00018461490900349996,0.00017466507248766234,-1.6957379033742834,-3.106557450050848,-1.6775626848068985,0.6931163421538031,0.8367796133914686,0.8401165133336168,14.458020459930083,35.16673339810188,36.70639252938676,1766.9669999999999,2206.8446,2999.5531
2022-06-12,1532.89,1547.0,1423.0,1434.84,1563225.37018,-0.00022766,-0.00018334000000000013,0.00011875428571428574,0.00011745366666666668,0.0002556180650893296,0.00020980308719273244,0.00017090871040699595,-0.7326692751072332,-1.7713426003036703,-0.9789120126063621,0.708874369109296,0.8617756589931207,0.8444446919483011,11.201186770005108,30.0795136624223,32.04637692874665,1727.0430000000001,2176.8808,2985.3804999999998
2022-06-13,1434.84,1455.0,1165.45,1209.82,3626351.66536,-3.7840000000000004e-05,-0.0002264666666666668,0.00010311285714285716,0.00010918000000000001,0.00018803284003956957,0.00021293371902753673,0.00017225811652963908,0.11011549288628743,-0.8363902394471366,-0.2747287021979487,1.1529529191328542,1.0799006928152994,0.9288332140215441,0.0,10.18008196554392,30.45495590689289,1670.5130000000001,2142.6572,2968.8053500000005
2022-06-14,1209.35,1268.45,1075.8,1208.9,2716493.80131,-0.00012126,-0.00012892000000000014,7.462214285714288e-05,9.703666666666668e-05,9.514155138535657e-05,0.00021446890182238057,0.0001753098911648278,0.10723266428612421,-1.1714905151906019,-0.5863804292249866,1.1587692135205057,1.0845032283937852,0.9280068347664326,0.0,10.789558146982856,28.12751138490603,1610.9450000000002,2106.7028,2954.6438499999995
2022-06-15,1208.9,1250.0,1014.4,1237.52,3114823.13621,-0.00022752000000000002,-0.0001288733333333335,3.6942142857142877e-05,8.289733333333335e-05,9.50689104457697e-05,0.0002181350270669826,0.00018389350171212654,-0.1551082269054899,-1.574664203245315,-0.974624593247282,1.4545085483489697,1.0706472413885997,0.9314510964149492,4.679529103984166,15.42466373587142,31.871277751272586,1554.074,2075.2598000000003,2940.355
2022-06-16,1237.53,1257.85,1051.55,1068.5,1447386.8304,-5.2520000000000005e-05,-0.0001337666666666668,3.338928571428573e-05,8.363500000000002e-05,8.816780894037124e-05,0.00021923406488759815,0.00018328309989907565,0.8824108943378928,-0.6444118934905042,-0.3258584043934482,1.6415820522460554,1.201903573584909,0.9864100560234831,3.680792232007491,11.422409449120195,25.404854635038035,1474.94,2038.8506,2924.2236
2022-06-17,1068.5,1118.0,1051.11,1086.94,1220677.9491,-0.00033022,-0.00020342000000000016,-3.054285714285697e-06,7.317700000000002e-05,0.00014040986432588306,0.0002348407883493073,0.00019758542468842225,-1.4241570019067773,-1.7392766815674654,-1.334157151567864,1.8145436878072987,1.1854845162793533,0.9851991929252646,7.022937217381369,13.846218505033534,26.944347513415906,1402.301,2001.8508000000002,2907.43565
2022-06-18,1086.93,1097.58,881.56,995.13,2308983.5187,-0.00044047,-0.0002744033333333335,-5.094499999999998e-05,5.887000000000002e-05,0.00019990729309694194,0.0002514361007905703,0.000218357736184725,-1.3193277119761686,-1.8962677695552288,-1.6633896480405606,1.4348452880055673,1.2026824868073196,0.9971429413092113,7.4476166360618805,10.089834235606176,25.093025620135094,1322.626,1965.4107999999999,2889.26
2022-06-19,995.12,1158.62,936.15,1128.53,2018599.4499,-0.00026412,-0.0003449366666666668,-8.018071428571427e-05,4.1183666666666684e-05,8.909133422138813e-05,0.00025067199734572115,0.0002224133706673297,-0.008052228978896332,-1.0611421807024972,-1.0001575232919744,2.028020991078171,1.2653612710921354,1.0589405997861643,27.046146006596018,20.42780841999877,27.498917578486868,1256.598,1933.4482,2871.9878999999996
2022-06-20,1128.53,1170.0,1053.0,1128.24,1721772.9132,0.00016268,-0.00018063666666666683,-8.970142857142855e-05,4.4285666666666675e-05,0.0003101202683368923,0.0002374701283192321,0.000223470091953733,1.4462884284350979,0.6893342313778787,0.4961629132051523,1.9983255047284292,1.2711265979639155,1.0591300827950776,40.781920903890295,16.517775418277807,28.473686891803084,1203.131,1899.5167999999999,2855.0730500000004
2022-06-21,1128.24,1194.0,1109.23,1125.85,1306095.3757,0.00016043,1.966333333333319e-05,-8.401714285714283e-05,4.3098666666666675e-05,0.0002457661507070184,0.00024276015233237123,0.00022272957449960573,1.0642517977496533,0.7306497201565961,0.4648105238037397,1.460109162570388,1.2629145157129475,1.059467584226256,40.64689055560407,17.21289584125897,28.21661902813443,1162.427,1864.9030000000002,2839.62365
2022-06-22,1125.86,1127.33,1043.65,1050.19,1306959.8593,-0.00016120000000000002,5.3969999999999864e-05,-0.00011484642857142854,2.772533333333334e-05,0.0001863460820624124,0.000220690307918896,0.0002202893791283987,-0.1979646203220327,-0.5901953334166231,-0.6960708551404647,1.6047154263470682,1.2682083176728456,1.0674921736744798,30.924013767496305,16.366621017383366,27.6675608583853,1123.962,1830.2728,2824.28835
2022-06-23,1050.19,1155.0,1045.3,1144.72,1278257.0899,-0.00021055,-7.044000000000016e-05,-0.0001480435714285714,2.6297333333333347e-05,0.00020145613244578107,0.00019428024526864474,0.00022173406684479949,-0.7121967930990414,-0.718926951489323,-0.8676121859811237,1.485263686922409,1.3580484052242476,1.0971214459982657,59.1496206663752,23.02963812839093,33.33058732058154,1117.452,1794.3544,2809.0297499999997
2022-06-24,1144.71,1245.43,1132.0,1225.02,1337137.483,0.00022049,-5.042000000000015e-05,-0.00013883285714285713,2.7763000000000015e-05,0.0002359089373042318,0.00020901077669780712,0.00022290351959828748,0.9157121449248492,1.1005171284682373,0.6582324294941698,1.1901566544036033,1.4028989935360705,1.110993806852673,64.43204147321146,30.935940860411407,37.171464330359846,1119.0639999999999,1763.8953999999999,2793.4169
2022-06-25,1225.02,1256.77,1180.0,1242.36,861986.6177,-1.2999999999999935e-06,2.879999999999849e-06,-0.00010936142857142856,2.807166666666668e-05,0.00021555039944294154,0.00019592090326522133,0.00022285502785880288,-0.015111938857771665,0.19858303178444206,-0.13459867217178023,1.1780901666982044,1.407664171899731,1.1052556619818124,80.60459013132524,35.97543903682177,35.605306972941705,1119.548,1734.8856,2778.0967
2022-06-26,1242.31,1280.0,1194.6,1197.79,884184.273,4.3150000000000005e-05,8.744666666666651e-05,-9.001785714285713e-05,2.4444333333333346e-05,0.00011734286102419899,0.00019670981275348974,0.00022165119946753294,0.3779655246399179,0.46990700361369664,0.00266956643755637,1.2683461089964734,1.392579185817838,1.1017249237007956,60.99085946412755,37.9340534046756,34.070839950496136,1132.4769999999999,1706.1346000000003,2761.9011
2022-06-27,1197.79,1238.93,1172.49,1192.51,868734.2061,-0.00018181,-4.665333333333348e-05,-0.00010030142857142855,1.1881333333333344e-05,0.00011914043827913884,0.00019753373588626147,0.00022232609032575101,-0.883144477737084,-0.495159687415001,-0.8190285152209863,0.9716577022503973,1.3944832498775797,1.099274219940927,60.03999125178234,48.86502222737793,27.006154355061454,1143.0339999999999,1679.5906,2747.33545
2022-06-28,1192.51,1237.99,1136.32,1144.05,1104065.2211,4.817e-05,-3.0163333333333482e-05,-8.81992857142857e-05,8.955666666666678e-06,0.00013135384932823701,0.00020130507576863603,0.00022121197133039347,0.1561319208172782,0.6443414187259711,0.04654577218001917,0.8473922612093878,1.3965187642327082,1.0992502496738812,52.48538810281112,45.997457135371235,27.136479043519927,1157.926,1657.9006,2733.5660000000003
2022-06-29,1144.05,1156.8,1087.42,1100.21,1295517.796,6.047e-05,-2.439000000000015e-05,-6.762857142857141e-05,4.933333333333345e-06,0.0001364683655651075,0.00020068664264534468,0.00021905976656253092,0.6615166668826582,0.800120982305765,0.07682479332731176,0.47669676466485317,1.394989377189843,1.1000024030604416,57.48085666415339,41.68150921442531,28.442361987096973,1155.0939999999998,1633.0637999999997,2718.6202000000003
2022-06-30,1100.21,1106.62,998.0,1071.01,1420670.3656,-0.00024991,-4.7090000000000154e-05,-8.172785714285712e-05,-1.2650666666666655e-05,0.00017575490547922683,0.00020639615814024124,0.0002175843004911513,-1.3097558133681892,-0.7257185507914876,-1.0920002070798382,0.28982141875298656,1.3778834840092828,1.0930198045678436,36.29874716522765,50.18307537443617,27.259397891203008,1149.3709999999999,1612.7842,2703.3252500000003
2022-07-01,1071.02,1117.0,1033.44,1059.73,1562255.1439,-0.00018238,-0.00012394000000000014,-7.116785714285713e-05,-2.8729999999999988e-05,0.0001632340690542646,0.000196236353104278,0.00021141935490295096,-0.5620693591219246,-0.46372838553332013,-0.8241445891926062,0.3173229446900008,1.352193690399962,1.0909691345139279,8.671300695073867,47.99439817193603,28.056733063770366,1142.759,1594.7744,2689.71425
2022-07-02,1059.73,1078.88,1028.29,1067.01,714812.0804,-9.255e-05,-0.00017494666666666682,-4.631642857142855e-05,-3.1722333333333326e-05,7.894291122922984e-05,0.00016549227170461052,0.0002116745332960148,-0.06770843889410481,0.0020648557147880183,-0.46882749752745745,0.38887509628443484,1.3386591292976422,1.0921798585092797,3.833394765927622,56.0523390925222,27.064325739577583,1144.441,1575.9207999999999,2675.75435
2022-07-03,1067.01,1088.34,1040.78,1074.26,644746.3337,8.09999999999998e-06,-8.89433333333335e-05,-2.687214285714284e-05,-3.745199999999999e-05,9.529120438605832e-05,0.0001534900709481462,0.00020804143876673137,0.7712582818396597,0.5581789043277634,-0.07401379973252256,0.3895227411612442,1.1421911323294058,1.0789593541288018,9.522249164383851,44.197831804345206,27.31746317030789,1137.395,1556.2764000000002,2661.0302500000003
2022-07-04,1074.26,1160.9,1045.37,1151.0,1150108.9861,5.999999999999997e-06,-2.615000000000017e-05,-3.806357142857141e-05,-4.491866666666666e-05,5.75136722876555e-05,0.0001440263635913136,0.0002020448002340147,0.946496495141679,0.5070993024008631,-0.06400722133428814,0.6942438579176275,1.186296740051626,1.091635947857371,40.73644275818561,52.09145041521553,28.344657346710704,1129.993,1536.3906,2646.9947
2022-07-05,1151.01,1174.9,1076.34,1132.5,1398961.4495,6.865e-05,2.7583333333333165e-05,-4.46192857142857e-05,-4.7469666666666664e-05,3.558027309261193e-05,0.00013617102348851125,0.0002000350011352741,1.0808541914155567,0.7768929919989086,0.16478182095992672,0.64823056902313,1.1817723563498796,1.0915493909502805,47.02457622735373,50.59350623838277,28.83820393746184,1119.007,1518.5674000000001,2633.2801
2022-07-06,1132.51,1205.0,1111.44,1186.57,1211768.0757,0.00024373,0.0001061266666666665,-1.569571428571427e-05,-4.921099999999999e-05,0.00012321632859870632,0.00015163096526227837,0.00019714877304399418,1.5838151421453113,1.5614388717164933,0.832988064278272,0.6573326040233182,1.0104857959930997,1.101707948516864,71.13351605300608,62.65966136921186,31.559482102002505,1117.885,1500.4844,2619.4133
2022-07-07,1186.57,1254.29,1163.18,1237.49,1001316.079,0.00026891,0.00019376333333333317,1.8551428571428592e-05,-4.294233333333332e-05,0.00010908032697670029,0.00015823726828633633,0.0002042874702165186,1.1696015722950606,1.524637818849547,0.9328924291204143,0.649001552241686,1.0216472872064957,1.1071346359890066,86.8253406474041,59.37013918331593,33.6800663074452,1122.383,1486.932,2605.98005
2022-07-08,1237.49,1276.46,1193.15,1214.04,1189518.3631,0.00025505,0.0002558966666666665,2.102000000000002e-05,-4.345433333333332e-05,1.2611333527564699e-05,0.00016185808213939416,0.00020349274542152382,0.7091963862817842,1.39515593344806,0.8841915794019468,0.7604694285413183,0.9377500924968333,1.0718320739101126,82.38948826641335,48.74709023673321,35.85478839057107,1129.382,1470.8218,2592.3266
2022-07-09,1214.03,1235.4,1204.67,1217.02,576337.1809,0.00011009,0.00021134999999999982,2.8976428571428588e-05,-4.825833333333332e-05,8.796712795135701e-05,0.00016340688238056982,0.00019784608091039584,-0.853229946027059,0.4944188092085021,0.3394534689798225,0.6006065772589355,0.7797331141661195,1.0618146102631505,82.06575178462892,47.01052333522295,39.17964387739895,1141.063,1455.9805999999999,2578.34095
2022-07-10,1217.02,1219.95,1153.0,1168.36,1018038.6506,0.00021148,0.0001922066666666665,4.100000000000002e-05,-4.426033333333333e-05,7.43770558259996e-05,0.00017056608360667668,0.00020193802291762386,-0.09976168071539725,1.0803230548356373,0.7351567391143661,0.7264543078708614,0.8026634277096685,1.0313718051102094,67.0892052882211,46.561192774029145,40.55182879259013,1150.798,1439.8464,2564.2852
2022-07-11,1168.37,1171.29,1091.71,1096.4,1201652.3048,0.00011187,0.00014447999999999984,6.197714285714287e-05,-2.6734666666666656e-05,5.803052731115595e-05,0.00015870241840183213,0.00019128591309837425,-1.0407480074041975,0.5027208130828087,0.3448808972165251,0.775710414791665,0.8498882922350653,1.031963124797761,39.909070747290855,40.28387148940255,45.489038785733435,1154.465,1420.9106,2549.2101500000003
2022-07-12,1096.37,1098.26,1033.46,1038.58,1261349.6321,-6.177e-05,8.719333333333316e-05,5.412428571428573e-05,-2.1204999999999994e-05,0.00013828627565071124,0.00016212135149629666,0.00018764032767687065,-1.5318864108499122,-0.5950186135356841,-0.5747782465876013,0.5119348774882251,0.8284215262813579,1.0339926180201977,34.84476860509781,39.53566822094384,43.51932179647668,1151.6219999999998,1402.2158,2534.17125
2022-07-13,1038.58,1119.18,1006.32,1115.0,2035605.8299,-0.00050349,-0.00015113000000000016,1.3841428571428592e-05,-3.6726666666666655e-05,0.0003172631236056479,0.00022011514947537829,0.00020729392080399408,-1.6784620102095689,-2.694555140227148,-2.661493003653772,1.056828588731527,0.7999190110005546,1.0504019451089106,39.228199030650934,51.37830130640983,45.50174026689425,1155.696,1384.9275999999998,2519.2721
2022-07-14,1115.01,1214.65,1072.11,1193.42,1605101.9262,-0.00016674,-0.00024400000000000016,1.9782142857142878e-05,-3.824266666666665e-05,0.0002307725510107585,0.00021347123287291525,0.00020809819906646564,-0.3058676130455217,-0.8667694365267848,-0.9680793509895965,1.2895954508090688,0.8002041552126691,1.0602077892882102,43.87423202015316,60.44899701223282,54.913235687307285,1159.9379999999999,1369.9433999999999,2504.9214
2022-07-15,1193.42,1287.82,1181.05,1231.25,1466037.2584,0.00014214,-0.00017603000000000012,4.296214285714287e-05,-2.5920666666666657e-05,0.0003229152401172988,0.0002073623944164626,0.00020744737597649666,0.9114078923623844,0.694168105905203,0.5627362228418401,1.2477277819750017,0.8098261471944567,1.0578257144482206,52.300248603179426,64.00620610797058,55.59059388668063,1169.8129999999999,1358.7237999999998,2490.8915
2022-07-16,1231.25,1422.91,1191.23,1355.85,1493809.9226,0.00016149000000000003,4.5629999999999866e-05,6.110785714285716e-05,-1.8786999999999985e-05,0.00018417211596767684,0.00020570043357264655,0.0002101630366816085,0.910557236305522,0.7518224490453186,0.6382475210666061,1.1237915524772621,0.8910749362051269,1.084447447124908,64.00314700118052,69.79386529961114,63.62812065512743,1186.741,1351.2954,2478.7070000000003
2022-07-17,1355.84,1387.0,1319.04,1338.65,1246202.8795,9.369e-05,0.00013243999999999986,6.722142857142859e-05,-4.656666666666654e-06,3.49253131698326e-05,0.00020527527322548853,0.00020261711216040872,0.5230030707524381,0.3474756863592572,0.29381735716644647,0.8109314462726558,0.8936956350230547,1.0656135430010325,68.34033387173329,67.87457576687126,58.70249494701604,1196.857,1342.224,2467.2493000000004
2022-07-18,1338.65,1597.47,1336.07,1581.04,2029918.76521,4.368e-05,9.961999999999986e-05,6.991285714285716e-05,1.1481666666666679e-05,5.912844239459618e-05,0.00020465692002539883,0.00018524419371202102,-0.0846110924723069,0.0894429793738634,0.04206178821196868,1.294114234231573,1.0999973725165066,1.1386278621395138,88.17987017069747,73.75334172896837,65.6209033075857,1233.557,1337.572,2456.60815
2022-07-19,1581.03,1631.0,1493.11,1542.32,1846048.6816,0.00024242,0.00012659666666666654,8.232500000000004e-05,2.8366333333333347e-05,0.00010337569072728969,0.00020977977011617873,0.0001823193866681524,1.4151882950768024,1.0407226033944719,1.0292717198221968,1.527966483249057,1.0878445399632395,1.1379100700802587,90.91588420666099,72.14190006904715,64.01623509919483,1266.087,1328.4428,2445.9386
2022-07-20,1542.33,1620.4,1484.23,1521.58,1351177.4247,4.1290000000000006e-05,0.00010912999999999986,6.786500000000003e-05,2.4320000000000014e-05,0.00011543871144469267,0.00020471428309681503,0.00018057437856212395,-0.8779324874499556,-0.046992292019133616,0.03464310958483377,1.626303057692432,1.0789744695206265,1.1377378130532825,86.30826933370172,68.77627198428861,66.47352786986816,1301.409,1320.0364,2434.7188
2022-07-21,1521.63,1605.98,1463.56,1575.45,1247327.4963,0.00030000000000000003,0.0001945699999999999,7.008571428571431e-05,2.897233333333335e-05,0.00013583053007336203,0.000207216296200337,0.00018592084742748654,1.303000423697334,1.209655528121919,1.2968610855820675,1.52124114213151,1.0736368229808129,1.1379236051043222,85.6803960025031,68.87918128382854,65.49288175572562,1349.314,1315.1863999999998,2423.4547000000002
2022-07-22,1575.45,1650.05,1516.11,1535.27,1170723.0873,0.00029317000000000004,0.00021148666666666655,7.280857142857146e-05,4.411800000000002e-05,0.00014743419289073938,0.00021006459273489167,0.00018838546670277246,0.8312377462088938,1.0596282135947668,1.2647858655884294,1.5584247112528387,1.0901770769973895,1.1366535957058672,78.27041100975491,67.61535002566967,61.49099609608201,1398.983,1309.2102,2412.3016000000002
2022-07-23,1535.27,1596.51,1488.0,1548.67,851284.7339,0.00022004000000000001,0.00027106999999999983,8.066214285714288e-05,5.847100000000002e-05,4.432502566282445e-05,0.00021359134580488989,0.00018468014656005148,0.006240527634686809,0.6123912292094394,0.8752697033211284,0.4932186762346228,1.0898217284656275,1.13695951467631,72.60492379823958,67.9812624021696,61.3782753726352,1442.35,1304.6812,2401.1194
2022-07-24,1548.66,1664.34,1545.67,1597.7,1009935.8997,0.00030000000000000003,0.00027106999999999983,8.698500000000004e-05,6.112133333333335e-05,4.432502566282445e-05,0.000219003425254204,0.00018763237285442596,0.6211253885505188,0.9403269596003713,1.2467937412008088,0.5107934146628086,1.0677650669964387,1.1396403336857155,78.26020552864794,73.26844284495375,64.8061074127306,1482.778,1300.5436,2391.40475
2022-07-25,1597.7,1609.55,1435.58,1440.79,1418390.9809,0.000163,0.00022767999999999985,9.063714285714288e-05,6.659800000000002e-05,6.881879975711798e-05,0.00021987492711953536,0.00018814469271243316,-1.4964717024906673,0.2050989518334207,0.5631026638221204,1.0898072608404392,1.1781257446141096,1.1505412472617895,31.192168432286905,67.09080622900169,58.26431976129527,1503.732,1293.2348,2381.5746500000005
2022-07-26,1440.79,1454.11,1356.17,1449.12,1199643.7408,0.00023841,0.00023380333333333317,0.00011207857142857147,7.310666666666668e-05,6.861607707632081e-05,0.00021850143082991955,0.00019066607466950933,-0.0800515045106721,0.5985944572974758,0.9185327054575894,1.003533100652482,1.16796066043734,1.1477160480020405,36.39257139512505,71.42603649106509,60.433381897161254,1513.059,1285.0204,2372.82405
2022-07-27,1449.12,1644.44,1420.83,1635.74,1513426.0413,0.0001227,0.00017470333333333317,0.0001568064285714286,8.325700000000002e-05,5.873607948564442e-05,0.00012825377197073855,0.00018463749410294362,-1.2551052139218988,0.03577817505708818,0.3650765454698008,1.5295109567213656,1.2552796944798978,1.1840289551801078,61.22870519722457,74.37373623894993,66.6855686483504,1542.768,1281.4686,2365.598
2022-07-28,1635.74,1784.79,1593.27,1724.52,1578145.07555,0.00030000000000000003,0.00022036999999999982,0.00019014500000000002,9.165133333333334e-05,9.001613022125727e-05,9.368484523614296e-05,0.0001886678899407806,0.9370680530214611,0.9503387326096503,1.20008152330917,1.5651336102736706,1.2565028530588742,1.1911892767657748,63.720202484961604,74.61987761903906,69.63258929900864,1557.116,1280.1214,2358.4607499999997
2022-07-29,1724.52,1765.99,1655.02,1721.68,1205266.5703,0.00030000000000000003,0.00024089999999999984,0.00020142071428571432,9.963566666666667e-05,0.00010236420272737061,9.690705685696126e-05,0.0001923355555682334,0.9370680530214611,0.8811661026738759,1.1802101511735348,1.5717559296905033,1.2575708375799353,1.1655317542481705,68.42323733460913,73.49680436168407,69.98749932049691,1575.0520000000001,1278.7787999999998,2351.65575
2022-07-30,1721.68,1744.85,1673.01,1697.0,735132.5286,0.00025049,0.00028349666666666653,0.00020777785714285718,0.00011631566666666668,2.8584611827752987e-05,9.70052563348524e-05,0.00018241901338973918,0.11262071289236736,0.614669592470014,0.948579924640067,1.0617847507292302,1.239058606186013,1.1640534039116934,64.33999110569609,68.0753213448322,68.82466488565018,1592.594,1279.4605999999999,2343.9421500000003
2022-07-31,1697.0,1754.69,1666.0,1678.12,696326.8079,0.00019959,0.0002500266666666665,0.00021534214285714288,0.00012904800000000002,5.020660348344136e-05,9.139104519156031e-05,0.00017398735000388163,-0.46559171641235875,0.33257216591306643,0.7190946755957092,1.109867653017206,1.1915725854318673,1.1532972564375994,58.25599540070469,67.95434591737082,67.91933243902443,1602.8609999999999,1282.3652,2335.47645
2022-08-01,1678.12,1704.68,1606.12,1630.28,801566.5648,0.00026108,0.00023705333333333317,0.0002308707142857143,0.00014083566666666668,3.287343963359446e-05,7.737438936894324e-05,0.00017039858382693148,-0.027698005348032306,0.573251026128557,0.9860242242348224,0.6014358377366923,1.165445938540878,1.1549963972389994,75.06680424358403,53.279081537419636,64.47066495967458,1612.362,1286.274,2327.4248
2022-08-02,1630.28,1678.0,1559.28,1630.91,1081964.5104,0.0001321,0.00019758999999999985,0.0002229907142857143,0.00014496900000000003,6.451325522720482e-05,8.160943388755732e-05,0.00016856183405195683,-1.4902252922896457,-0.4224233966835116,0.3747405124896747,0.22403452052046968,1.1479558906121428,1.1524335093572529,74.54830258986097,56.21483591250726,65.21240164318563,1620.586,1294.6958,2319.04225
2022-08-03,1630.91,1685.03,1589.71,1618.16,777724.7413,4.209e-05,0.00014508999999999982,0.0002230478571428572,0.00014617200000000002,0.00011007138638179664,8.147258587339756e-05,0.0001676622173299456,-1.4814972107708382,-1.6368340552966858,-0.0410863356752912,0.20550515741798825,1.1314171568147764,1.1516606881945557,45.524439918371364,56.85217243227348,63.51379277942335,1622.632,1302.881,2310.50285
2022-08-04,1618.16,1662.79,1580.39,1607.96,735552.181,0.00016004000000000002,0.00011140999999999983,0.00021305071428571432,0.00014921833333333335,6.163690209615471e-05,7.987505959685676e-05,0.00016703419131882595,0.013031168008435628,-0.3635744792155764,0.5250941847576192,0.2098187454019198,1.1325912122172177,1.1516928441392404,0.5347139704603308,52.45889240160128,61.903568467818666,1639.3489999999997,1310.2898,2301.80825
2022-08-05,1607.97,1742.07,1605.64,1736.81,1005846.4712,0.00027649,0.00015953999999999982,0.00021185928571428576,0.00015031033333333336,0.00011720079991199159,7.8703873862638e-05,0.00016777880133002812,1.05556906284128,0.8341254412181941,1.0887488342100464,0.7786188122647679,1.108123983439429,1.1656647638436017,53.10257146357225,63.44065942848344,65.7315847440708,1668.118,1323.656,2294.4439500000003
2022-08-06,1736.81,1749.93,1685.26,1690.6,523314.6444,0.00030000000000000003,0.00024550999999999984,0.00021757071428571434,0.00015134666666666668,7.494678578838585e-05,8.216824788801355e-05,0.00016863048307759314,1.1061557319250532,0.9853100493115509,1.1705806688791784,0.7705514501501657,1.1159473273189602,1.1658824098429517,48.794091045997284,59.06843013215423,63.889931720489166,1673.604,1335.7291999999998,2287.0977
2022-08-07,1690.6,1729.79,1668.0,1700.19,439904.764,0.00010523000000000001,0.00022723999999999986,0.00020365857142857143,0.00014635266666666668,0.00010631561550407495,8.361415659094212e-05,0.0001676691240248433,-0.6485231640438116,-1.2306851410680972,0.25834849281056815,0.7675675157303995,0.8724461554061322,1.1656867817737993,54.30936853189359,56.89601808604425,65.96425505335046,1671.1709999999998,1349.8304,2280.17855
2022-08-08,1700.2,1818.0,1693.87,1777.05,781620.5443,0.00011475000000000001,0.00017332666666666652,0.00020021214285714288,0.000146508,0.00010980554463843773,8.636798633916802e-05,0.00016763652625184948,-0.8386841638493606,-1.0207318633901676,0.3175786636179348,0.7958662428872336,0.8790338446994204,1.1709746225128859,75.74099407186144,75.35667963667616,70.37154538205242,1676.7079999999999,1362.8008,2274.0564
2022-08-09,1777.05,1790.83,1667.93,1702.76,818171.1019,-8.677e-05,4.4403333333333166e-05,0.00017698500000000003,0.00013656633333333334,0.00011369912107551518,0.00011446169985900238,0.00017242592667442483,-1.4649589270135348,-2.726074465430413,-0.6412013162371707,0.9467762101444774,0.9007402753676265,1.1616622947279085,60.01393728211285,67.39595621506358,69.6845399688244,1677.284,1374.2912,2269.7294500000003
2022-08-10,1702.76,1885.0,1656.78,1853.57,1317767.5127,-3.6129999999999995e-05,-2.7166666666668413e-06,0.00016564000000000002,0.000131633,0.00010483279893880983,0.00012739655387198853,0.0001752509812880022,-0.7637457470952457,-1.9104096271231972,-0.445907167352007,0.9969825918375482,0.9556144445747169,1.1616127673584895,73.69215595488902,65.71168909840885,70.964830111443,1694.8290000000002,1388.8455999999999,2266.9364
2022-08-11,1853.58,1942.0,1850.32,1880.19,1105261.9009,0.00016175,1.2949999999999818e-05,0.000155765,0.0001390836666666667,0.0001313285285077523,0.00012139755698655806,0.00017145535531267668,1.02730076347895,-0.12977809853802055,0.5253976239609742,0.9040188081590939,0.9435133595339024,1.1488068802398552,76.52124778354039,62.334204896462616,70.08510513836384,1719.8200000000002,1405.4456,2263.6423
2022-08-12,1880.19,1964.71,1853.06,1958.28,717628.1015,0.00016118,9.559999999999983e-05,0.00014584928571428573,0.00016123933333333335,0.00011408188243542899,0.00011416413841240801,0.00012111156882388418,0.8427592639764176,-0.1089585435379724,0.5054859823931042,0.8983905629608935,0.952436386768358,1.0647103928690358,73.94425584351038,66.74925668965956,70.77335405809546,1752.557,1421.7168,2261.2372499999997
2022-08-13,1958.28,2020.0,1946.5,1983.55,695876.0293,0.00014457,0.00015583333333333315,0.00013828357142857143,0.00017161633333333335,9.75849544469023e-06,0.00011013469149580442,0.00010419631846969268,0.6274996803262811,-0.19537007874489534,0.4004682340063876,0.8875084088824229,0.9484609832114501,1.0645439132513828,83.1744162343256,70.26835858464771,69.01452822632454,1789.096,1436.8874000000003,2258.86085
2022-08-14,1983.55,2030.0,1906.0,1935.31,569583.4852,0.00011655,0.0001407666666666665,0.00013235214285714289,0.00017076333333333334,2.2556777991196435e-05,0.00010880709027931879,0.0001045500918165284,0.08341582689516137,-0.4326612944359606,0.23141115219402836,0.773334965858327,0.816855872552579,1.066903192480097,74.48248573440765,67.46621392177325,67.74063105803351,1821.8309999999997,1450.7464000000002,2256.2224499999998
2022-08-15,1935.32,2012.47,1872.31,1899.06,949162.3305,-7.620000000000001e-05,6.163999999999981e-05,0.0001082607142857143,0.00016284033333333333,0.00012019225973419101,0.00011526035935181243,0.0001138681337604419,-1.7589216711106883,-1.8845536369588782,-0.7761328661958974,0.5117350407520306,0.8287852314435714,0.9967907977547319,63.87833564609797,68.54524880620434,60.776831946098774,1838.056,1464.7718,2253.5965
2022-08-16,1899.05,1915.0,1853.0,1876.67,622729.1499,2.3000000000000085e-06,1.4216666666666486e-05,9.898928571428574e-05,0.00015979400000000002,9.692598120908979e-05,0.00011837368655523976,0.0001169623621040523,-0.6575082786984944,-1.1314602038701709,-0.4095143748825684,0.5165447936850588,0.6780684974638563,0.9979980477026599,72.43015967175512,66.46258138836976,61.45701264422981,1856.6629999999998,1478.455,2250.2549
2022-08-17,1876.67,1959.43,1818.74,1834.25,951824.8975,0.00016586999999999998,3.065666666666648e-05,0.0001078307142857143,0.00016386700000000002,0.00012350120093887641,0.00011841952635661197,0.00011488861280715578,0.9199469784948099,0.26504553440967005,0.4571214739581592,0.2921331563813965,0.6562269796378627,0.9712110418682982,46.54110570025575,63.92171011082543,60.557255052795014,1870.0690000000002,1492.259,2246.419
2022-08-18,1834.24,1882.37,1821.25,1846.39,606254.024,0.00015225999999999998,0.00010680999999999981,0.00010727500000000002,0.00016086166666666669,9.076377636486359e-05,0.0001181736738058273,0.00011393821601874485,0.7631760569612139,0.22442295283732197,0.3496211021608031,0.24235916397712107,0.6560299464412427,0.9269227724840564,43.6178247732986,65.32267393276423,59.413522340236014,1877.0030000000002,1507.1826,2242.64255
2022-08-19,1846.39,1848.0,1602.37,1609.01,1419826.9515,0.00016710000000000002,0.00016174333333333316,9.946142857142859e-05,0.00016505533333333335,8.235801924767317e-06,0.00010941656855669578,0.00011167834401661223,0.7542615798572969,0.4081105935118209,0.4390934441682604,1.0967839038078144,0.8900240101859984,0.9941529809257913,8.821240774349391,42.79236599884959,52.2532542931331,1867.628,1517.9425999999999,2237.2529
2022-08-20,1609.0,1657.08,1523.67,1576.04,914615.9226,1.8049999999999998e-05,0.00011246999999999982,7.932214285714287e-05,0.00015565700000000002,8.210608199159758e-05,9.46124246336164e-05,0.00011179417171129547,-0.9957863364769226,-0.885745940771581,-0.4501554262872014,1.0941964917301361,0.8926994893378182,0.9961369129123893,2.8115519118044574,43.44112123842255,50.826453767419956,1839.875,1528.2688,2231.19695
2022-08-21,1576.03,1646.52,1562.34,1618.13,780662.6062,-5.355e-05,4.3866666666666495e-05,6.79807142857143e-05,0.00014409966666666669,0.00011256767223916762,0.00010059539632103345,0.00011496487516006195,-1.4110256310020919,-1.395991288506536,-0.9073189229411358,1.2170573333858028,0.8932616292878641,0.9793077402556207,12.740813833265435,45.47040250815432,50.619492640596185,1813.6690000000003,1539.2912000000003,2225.88425
2022-08-22,1618.13,1629.72,1529.92,1624.66,941192.8954,8.762e-05,1.7373333333333156e-05,6.604285714285715e-05,0.00013968566666666668,7.05874325453534e-05,9.988393275184352e-05,0.00011448976309252464,0.1437095490995957,-0.07866270226498079,-0.0726328119825324,1.2519184587914762,0.8934565770181627,0.9590704787747395,15.346534653438255,40.88020203705942,56.13493043264678,1780.307,1550.2992,2220.53025
2022-08-23,1624.65,1676.07,1563.76,1665.41,940246.932,-4.5560000000000004e-05,-3.8300000000001785e-06,6.89864285714286e-05,0.00012816700000000002,7.929871940965758e-05,9.554721914457018e-05,0.00011518562991519133,-0.8602682717458985,-1.2201446861845147,-0.8872257684358191,1.3014596554625113,0.8989377721921123,0.9476775548738512,24.502751762051886,47.6713012032337,57.06382228250079,1748.493,1560.5874,2213.8823500000003
2022-08-24,1665.4,1694.13,1604.92,1656.56,744667.6078,-0.00010653999999999999,-2.1493333333333506e-05,6.395714285714287e-05,0.00011918233333333336,9.92921433616227e-05,0.00010306326499391315,0.0001226456153167763,-1.1589809119037686,-1.546559255166763,-1.2489067524978246,0.38352118619548214,0.8987827180124668,0.9477526282233556,26.66333954973956,35.07477386013562,50.769287614438255,1720.618,1571.0685999999998,2207.1019
2022-08-25,1656.56,1722.0,1653.68,1695.11,603090.713,-8.46e-05,-7.890000000000017e-05,4.63607142857143e-05,0.00010841533333333335,3.088701345245318e-05,0.00010606869228977362,0.00012595163493572597,-0.5822088166663474,-1.2573039456001875,-1.0878284473163258,0.2737459242372302,0.8391148865284163,0.9430552544919584,31.420711338126353,36.227527086482446,48.871424514657406,1700.223,1581.2394,2200.3025
2022-08-26,1695.11,1706.45,1486.85,1508.18,1149912.8292,0.00016005000000000001,-1.0363333333333497e-05,4.628000000000001e-05,0.00010966033333333335,0.00014798942203193098,0.00010597498667136858,0.000126281868944108,1.36034586372749,1.0287386413463542,0.4040058640140211,1.124182393994724,0.9697736653103506,0.9901721156617245,35.86508537296352,21.17552128691321,42.82140599564248,1663.3740000000003,1586.6532,2192.14455
2022-08-27,1508.18,1518.42,1447.52,1491.06,756136.6768,-0.00055704,-0.00016053000000000017,-3.834999999999985e-06,8.109233333333336e-05,0.00036452508926000204,0.00018916252364037825,0.00017082380813398393,-1.6375336891858925,-3.3862903146785013,-3.6040455064476493,1.1091348487235824,0.9686718907937404,0.9844035827285694,37.53300862617724,18.128162979995892,43.04021628920547,1629.0549999999998,1592.1936,2184.0164
2022-08-28,1491.06,1511.0,1424.0,1426.76,544846.4486,-0.00050357,-0.00030018666666666683,-4.812928571428569e-05,5.430666666666668e-05,0.00039947227968076406,0.00022751952310022723,0.00019640104542408116,-0.9382581244715311,-2.404300840558627,-2.9911674539969706,1.0243603395726604,0.9530724557017252,0.9858485988326281,23.64267415911479,17.759012007525513,41.758256170738846,1587.092,1596.3884,2174.9305
2022-08-29,1426.76,1559.99,1422.08,1551.8,826252.0831,-0.00048507000000000004,-0.0005152266666666668,-7.733428571428569e-05,2.9788000000000014e-05,3.737417067103672e-05,0.0002558748054063838,0.00021600064547156272,-0.6043335600901678,-1.971358225188484,-2.7497812837891127,1.4315748284829255,1.0231883518516192,1.001933124560765,42.434688707003126,30.21220340523523,47.55074526244405,1581.371,1604.0572,2167.32705
2022-08-30,1551.79,1606.13,1473.61,1524.59,1003075.0172,-0.00021949,-0.0004027100000000002,-9.317642857142857e-05,1.581866666666669e-05,0.0001589425644690995,0.0002574263012265517,0.00021818092937509983,0.3395316219923214,-0.7669208823626166,-1.432289202824331,1.3792805648164819,0.9413742960419427,1.0028211676796448,34.955128205075894,30.04715056439899,46.736047154091686,1576.226,1612.621,2160.3123
2022-08-31,1524.59,1619.78,1524.59,1554.1,949227.6775,-4.0709999999999995e-05,-0.00024842333333333354,-0.00010793214285714285,5.75900000000002e-06,0.00022358847406193897,0.0002471510509533777,0.00021338738304732755,1.4448471773949503,0.03976506146177908,-0.5610220665520698,0.9374884460727746,0.9440129372348188,1.003341405868469,39.51622805216783,33.887757801571894,48.053431866994906,1569.8229999999999,1622.9314000000002,2153.4884
2022-09-01,1554.11,1599.0,1512.77,1586.16,728710.482,-8.353000000000001e-05,-0.00011457666666666684,-0.0001247742857142857,-1.4286666666666484e-06,9.334609650834695e-05,0.00023583104290063437,0.0002126152168579051,0.8379470487745958,-0.0957011636440685,-0.761071973450883,0.9228704837783845,0.9271162849550415,1.003948323062228,38.70211751036547,35.36866488991272,49.346256267460255,1565.973,1632.3546000000001,2147.0635500000003
2022-09-02,1586.17,1650.0,1546.41,1575.35,919009.6598,6.92e-05,-1.8346666666666848e-05,-0.00013176714285714284,-5.249999999999816e-07,7.878262646894365e-05,0.0002278262621597141,0.00021286402641850318,1.038023175721469,0.6106426317740069,-0.017773382806761044,0.7545097707378455,0.9213869770566561,0.9920936880984097,60.97369710817614,47.4604659583739,44.789192398968936,1556.967,1639.9932000000001,2140.29155
2022-09-03,1575.35,1582.71,1534.28,1557.46,321397.2189,-0.00032181,-0.00011204666666666685,-0.0001560428571428571,-1.658666666666665e-05,0.00019705863399847672,0.00022873956327358372,0.00021843687137181397,-1.3208960006822263,-1.0456672380797047,-1.8469569341764012,0.3406874057305491,0.9195053164958308,0.9915244388393208,60.82067661807388,48.56556111409428,45.623159057353426,1547.057,1646.5174000000002,2132.16125
2022-09-04,1557.45,1583.66,1540.66,1579.28,296591.1166,-0.00011872,-0.00012377666666666686,-0.00016069785714285714,-2.9760333333333317e-05,0.0001955540396753431,0.00022715093000633666,0.00021197399457419504,-0.1369569216568905,-0.1287683301231335,-0.8516818030327796,0.28766067438637277,0.9246625858788423,0.9863575596886378,78.84920935138382,46.903741013969956,46.056914015791286,1535.474,1650.986,2124.4461499999998
2022-09-05,1579.29,1631.99,1556.56,1617.8,503492.937,-0.00014419,-0.00019490666666666687,-0.00017725571428571426,-4.456666666666665e-05,0.00011063689363564967,0.00021582410205157808,0.00020348953229593094,-0.17408536262360344,-0.2105393783347174,-0.9409365351560298,0.3089031421261673,0.9353875901028825,0.9831555473858967,68.5580924527725,49.47979859246956,44.673378599775845,1546.4360000000001,1656.5690000000002,2118.0758
2022-09-06,1617.8,1687.4,1555.0,1559.01,1010722.8578,-0.00032211,-0.00019500666666666684,-0.00019700928571428572,-5.8811333333333324e-05,0.00011080894924754977,0.0002154988331385167,0.00020755852083344695,-0.946576753641715,-0.9134262725477214,-1.7115343854784182,0.4543287140513104,0.9418079724017246,0.9867940623595932,58.21872015262297,42.14644227921611,45.14144725715592,1553.231,1656.1284,2111.97345
2022-09-07,1559.01,1657.5,1490.66,1630.0,850991.4243,-0.00062633,-0.00036421000000000023,-0.00023413714285714287,-8.351399999999999e-05,0.00024381150998263737,0.00024187562081584663,0.00022916511860106889,-1.5769957048301024,-1.9675084248277044,-2.8551978253204706,0.6060496922572434,0.9668107462426405,0.991785951752064,65.12675382634892,48.20428915262531,42.01267568389557,1573.555,1657.882,2106.3053
2022-09-08,1630.0,1663.56,1595.06,1635.37,645124.0085,-6.064e-05,-0.0003363600000000002,-0.00023242571428571426,-8.264299999999999e-05,0.00028311409519840856,0.00024309676815603365,0.00022920197049085386,0.8435566603200801,0.49382924480290424,-0.3817569762937561,0.578031829760048,0.7653785060710327,0.9851643884634348,60.97506579221781,45.771278101727056,41.118640624463005,1581.9119999999998,1660.1578,2101.3722
2022-09-09,1635.37,1746.13,1630.51,1718.23,837458.2126,-0.00024585,-0.00031094000000000016,-0.0002614185714285714,-8.963366666666666e-05,0.000288407394322707,0.00021530360091514774,0.0002309261516601539,0.15610359646994446,-0.2743699893526027,-1.1509036657262388,0.6731147969946758,0.7858662693856018,0.9754538940852305,74.1155819603974,67.43761310980688,41.321716496066166,1601.2759999999998,1663.0134000000003,2097.12325
2022-09-10,1718.24,1789.0,1706.03,1774.12,411046.2466,-0.0004167,-0.0002410633333333335,-0.0002513942857142857,-0.00010891533333333332,0.00017807825536360783,0.00020342014349669513,0.00023334929394442462,-0.3938795411065162,-0.94919999959129,-1.8108482372130412,0.6841758350299412,0.7892758505057579,0.9648522250863257,82.41084250820461,72.07749664602235,42.59268428974283,1623.278,1667.7904,2092.8124000000003
2022-09-11,1774.12,1789.0,1720.1,1766.11,409287.7263,-0.00059858,-0.00042037666666666683,-0.0002581807142857143,-0.00013424066666666666,0.00017639374034627,0.00021380029554790114,0.00024400987246749433,-0.8726649464050633,-1.5667770213636238,-2.5268076020868375,0.4650613477184016,0.79024045954588,0.952697130224652,79.1530131384221,79.01568137881453,43.84028424967763,1641.273,1672.1392,2088.7444
2022-09-12,1766.12,1783.0,1693.0,1716.37,630774.6032,-0.00100954,-0.0006749400000000002,-0.00029564285714285717,-0.00017271099999999998,0.0003037070193459733,0.00028924990806270255,0.0002859164488923906,-1.4949623001704389,-2.5578244209610563,-3.6680709461347387,0.5874406631466971,0.7963605444511026,0.944614125778084,64.86054575593124,66.1510981999085,43.41387092346294,1655.375,1674.5126,2084.34525
2022-09-13,1716.37,1760.51,1560.54,1574.4,1134549.7256,-0.00123002,-0.0009460466666666669,-0.0003678235714285714,-0.00021759666666666666,0.0003204725743856255,0.0003804827127702769,0.0003395984931461269,-1.2912759438659123,-2.542734521895158,-3.8078121817259216,1.0230321826678084,0.8804713066134344,0.9694170296775966,51.854976737371224,53.98971532916462,39.96787276545664,1657.069,1677.1848,2078.3748
2022-09-14,1574.4,1647.01,1552.38,1638.39,764562.5393,-0.00465782,-0.002299126666666667,-0.0006976171428571429,-0.0003703173333333333,0.00204566090497261,0.0011979580416206204,0.0008777001516814285,-1.7582085408928378,-4.000493296386813,-6.734378041472807,0.9764954100253664,0.8927079483619628,0.945852704922449,51.02861486394892,56.39811146015857,43.591304120123255,1662.98,1680.9702000000002,2072.6693999999998
2022-09-15,1638.4,1655.2,1458.0,1472.75,1335499.8047,-0.00529317,-0.003727003333333333,-0.0010697342857142855,-0.000546833,0.002185660479313602,0.0016975038641610667,0.0012526010237299441,-1.2266251271328372,-3.0624976456792736,-5.360937602351247,1.1425396311253577,0.8680172844780207,0.9831889734881012,35.68737898252952,42.842898433578625,38.89021039729962,1648.475,1677.7104000000002,2066.9492
2022-09-16,1472.76,1483.35,1405.52,1433.9,693597.2425,8.989000000000001e-05,-0.003287033333333333,-0.0010682564285714286,-0.0005493656666666665,0.0029417045747378106,0.0016985803664083126,0.001251186314240464,1.0474774261136854,0.614116802742809,0.2970538991155703,1.0994676494536308,0.873930585371158,0.8942583208293285,22.873933866290102,41.3784696401961,44.0962880549385,1635.964,1671.898,2059.51395
2022-09-17,1433.9,1476.13,1409.12,1468.83,421391.3743,0.00019423999999999998,-0.00166968,-0.0010313957142857142,-0.0005479663333333334,0.0031384681081221806,0.001721470109321654,0.0012520212714770117,0.9048749866779906,0.6543722324269776,0.40772104956132477,1.2397579189614159,0.8591917762731565,0.8945481130500309,19.660922624344067,44.70783524599329,46.3902599981617,1619.847,1666.8410000000001,2051.97645
2022-09-18,1468.82,1469.63,1325.55,1334.51,804113.468,0.00015417,0.0001461,-0.0010119035714285713,-0.0005483973333333333,5.264099448158931e-05,0.0017340978873382192,0.001251768826561541,0.7307676440553209,0.6003550148762906,0.3633907566544433,1.2806293508098001,0.8707851734945388,0.9243655180350864,15.715556685290082,37.115605293301215,41.008977707822,1589.761,1659.5911999999998,2043.9125
2022-09-19,1334.51,1393.35,1280.0,1375.98,974855.198,-0.00020509,4.7773333333333325e-05,-0.0010162535714285713,-0.0005558353333333334,0.00021990065992021172,0.0017318286835534763,0.0012489467050243808,0.33643673879058167,0.35969528633504255,-0.005266728661008606,1.2342350911266533,0.8843077128599035,0.9233858988835827,22.600898304786412,37.31029995166743,42.28746169775186,1555.536,1653.5484000000004,2036.6224499999998
2022-09-20,1375.98,1384.78,1312.71,1322.93,658027.1465,-0.00022599,-9.230333333333333e-05,-0.0010093878571428572,-0.0005615833333333333,0.0002137078157984527,0.001734979914346952,0.001246950549173884,-1.1276364000797023,0.35286539244564097,-0.018207599596637734,0.9868030987782374,0.8887220310540301,0.9261104942766447,26.376702677278587,37.536427756839394,39.45878065589574,1510.417,1647.4014000000002,2030.1266
2022-09-21,1322.94,1408.9,1220.0,1245.78,1192266.7379,-0.0001379,-0.00018966,-0.0009744999999999999,-0.0005691006666666665,4.6027445073701464e-05,0.0017481360717280902,0.0012435770400325368,-0.4632702078777452,0.41405232487890303,0.0812188579340479,1.0426464670816915,0.9055623881168058,0.9364563019608303,14.007810637850767,29.846628341192357,37.86670447423408,1458.384,1639.6988000000001,2023.0297500000001
2022-09-22,1245.79,1350.08,1237.32,1326.46,904282.2725,-0.0006071799999999999,-0.00032368999999999996,-0.0010135385714285714,-0.0005878213333333334,0.0002494291424433267,0.0017321881264541004,0.0012396450143369949,-1.481369964269379,0.12303328284774134,-0.39949769063822516,1.250935365309309,0.9604337747292724,0.9468980708914418,34.11445325220137,34.98322881721941,39.37552956631165,1419.393,1633.8648,2016.9056
2022-09-23,1326.47,1360.0,1262.15,1327.25,974052.3644,-0.00011256999999999999,-0.0002858833333333333,-0.0010040185714285713,-0.0005880223333333334,0.00027853915924578085,0.001737091157631307,0.0012395647731964366,0.7228583983175974,0.44906492406077586,0.12917487501762515,0.9564417793924073,0.9611269184553437,0.912898517483685,37.37541134963857,29.345575183795646,44.158913202009565,1394.678,1628.2506,2011.08625
2022-09-24,1327.24,1349.33,1306.52,1317.13,517557.3497,-2.1559999999999997e-05,-0.0002471033333333333,-0.0009757942857142857,-0.000585921,0.00031513823860862436,0.0017505261443116686,0.0012405006920576508,0.8755839587279748,0.5063128048290227,0.23064352607459981,0.8946206307666076,0.956084922510229,0.912849837011654,30.922078575326637,24.631679452837787,44.35940509925333,1362.5520000000001,1619.8569999999997,2004.7920499999998
2022-09-25,1317.13,1337.0,1269.27,1294.63,515533.8409,-3.7210000000000005e-05,-5.7113333333333334e-05,-0.0009356964285714284,-0.0005924963333333333,4.8660168858576595e-05,0.001766190669969202,0.001236927938431456,0.6036069045496608,0.4913278399286813,0.21704225150671813,0.8442238002502349,0.9447718874567966,0.8600283222600447,43.022116461260815,24.241695804158724,45.59557857815312,1344.74,1611.9376000000002,1997.6303
2022-09-26,1294.62,1340.42,1277.85,1336.17,799166.4333,9.044000000000001e-05,1.0556666666666667e-05,-0.0008571264285714284,-0.0005709136666666667,6.962212890557716e-05,0.001786997071654468,0.001243200840435084,0.8373619239757387,0.5597197053637614,0.3570556972075547,0.6271111897237734,0.9540857482085984,0.8529156534965705,43.03607039138606,29.04079382575452,42.38847275260423,1334.967,1604.6572,1991.2776499999998
2022-09-27,1336.17,1400.0,1303.75,1328.02,860584.8944,5.274e-05,3.532333333333333e-05,-0.0007655007142857142,-0.00055237,6.55830453192337e-05,0.0017992505799807276,0.0012483781790428483,0.7335271314318668,0.5082944430529779,0.32195153488712824,0.35619632629734044,0.9248979820741848,0.8529024766550042,51.05632341329123,34.06709951104827,42.9666311246375,1320.886,1595.6766,1985.13345
2022-09-28,1328.01,1355.7,1253.2,1337.2,919314.9131,-0.00010939,1.1263333333333338e-05,-0.0004406128571428571,-0.0005398473333333332,0.00010617552746911502,0.0014111516468605914,0.001250958139468696,-1.3296179196248563,0.4027044352140539,0.15572794428912826,0.36080595834011225,0.9260369939233761,0.852960365795083,76.42807585537987,29.036568898978715,42.124640543673614,1321.155,1588.3654000000001,1978.9754500000001
2022-09-29,1337.2,1352.02,1288.52,1335.7,770591.6895,0.00018153,4.162666666666667e-05,-4.9562857142857075e-05,-0.00052648,0.00014577805470421335,0.00021238681885177264,0.0012566291473127048,1.2930809500080136,0.5777043046559103,0.46719434707904156,0.3498441823409461,0.8880533746465155,0.8527948058164267,54.9264235440558,37.63599949469952,40.69972967344416,1317.127,1578.0079999999998,1973.0757
2022-09-30,1335.69,1373.19,1313.35,1328.72,740753.611,0.00018346,8.520000000000001e-05,-4.2879285714285646e-05,-0.0005190076666666666,0.00016852264625269518,0.00021849718559934091,0.0012602784974120556,0.8631344800221419,0.5549250461373277,0.4709808885702278,0.29841962499712577,0.8660997002298085,0.8504766752470783,50.73522056581462,39.93223064542479,40.81582494833932,1317.706,1566.9786,1966.77225
2022-10-01,1328.71,1333.69,1302.68,1311.79,252081.9056,0.00020159,0.00018886,-4.235428571428565e-05,-0.0005095036666666667,1.106665712898192e-05,0.0002191187031203419,0.0012647429241126364,0.752925883459924,0.5363184762212085,0.48886543973078384,0.13850104145895967,0.8649969182405395,0.8507360324500027,47.49953174720682,34.43175509547109,40.84502843335516,1324.307,1554.0488,1960.2425499999997
2022-10-02,1311.79,1317.93,1270.0,1276.72,371740.0407,3.451e-05,0.00013985333333333335,-5.09014285714285e-05,-0.00051066,9.167926501311005e-05,0.00021311474900614853,0.0012642113267417208,-0.47555169092309674,0.3930243376762474,0.31030587014494526,0.24624975988403164,0.8645725439436334,0.8526493861134536,42.49685798047968,42.86736935632295,38.835259560946476,1319.333,1539.9122,1952.7570999999998
2022-10-03,1276.72,1329.9,1263.04,1323.09,483775.2435,-9.990000000000001e-06,7.536999999999999e-05,-3.696571428571421e-05,-0.000500266,0.00011155123845126556,0.0002085874512677388,0.001267096098341289,-1.3039952758329298,0.32542577200614675,0.2660293918160868,0.44577636849115143,0.8269217026939918,0.858200501427679,44.73345144120373,43.550157313087546,39.1875729180384,1318.917,1527.6678,1945.3129499999998
2022-10-04,1323.1,1369.55,1318.66,1361.49,476207.6702,0.00021433,7.961666666666666e-05,-5.514285714285645e-06,-0.0004891643333333333,0.00011876794236385681,0.00021107492019201068,0.001272003793010183,0.8569249835676916,0.40235053732379306,0.5076534183755587,0.5183343640349601,0.8155732306770532,0.8382249479292062,60.836625007818526,54.87656819082146,42.643246625458566,1323.353,1516.9163999999998,1937.4258000000002
2022-10-05,1361.5,1364.77,1316.29,1352.2,483508.7782,-8.530000000000001e-06,6.526999999999999e-05,3.7264285714286398e-06,-0.00048464233333333335,0.00012909181073953206,0.00020763720785606202,0.0012735127153791171,-0.8435445146445175,-0.02329755378183959,0.27504984844435704,0.5210739568383264,0.6882936107413755,0.836289860134406,54.853112462544345,66.24732824399163,39.15470743467867,1329.1100000000001,1506.4270000000001,1929.4325999999999
2022-10-06,1352.2,1383.99,1345.01,1352.06,573975.324,6.456e-05,9.012e-05,5.17078571428572e-05,-0.0004717533333333333,0.00011360735055449107,0.0001105005204428004,0.0012771658697215498,0.06049107493347823,0.35391600943171003,0.3543825530614768,0.49540727168471116,0.6809600814247577,0.8360108466342021,55.34012273117416,55.183025590876014,38.89424622299401,1330.699,1496.7832,1921.8859999999997
2022-10-07,1352.07,1361.75,1317.26,1331.1,491999.8776,5.795e-05,3.7993333333333334e-05,6.38878571428572e-05,-0.00044894399999999995,4.042571500103195e-05,9.988823047466879e-05,0.0012804162955786847,-0.06255194221145051,0.3641269543724566,0.34843423634160475,0.43084683988751327,0.6717688137778998,0.8277281113136434,50.71189279710754,50.7206229174147,34.05047750093081,1331.007,1486.4774,1914.0913500000001
2022-10-08,1331.1,1337.35,1303.51,1315.48,203391.6612,0.00021836000000000002,0.00011362333333333334,8.102500000000006e-05,-0.000439644,9.076480613841591e-05,0.0001045717732726311,0.0012843411129973088,1.0709440621010768,1.1616364622477506,0.514368642744356,0.3366745761007506,0.5351456228232891,0.8224698569961227,51.11245100973304,49.697392069583024,30.4557928647406,1328.835,1480.6068000000002,1905.82055
2022-10-09,1315.48,1329.0,1307.26,1323.13,186201.9185,5.560000000000001e-06,9.395666666666666e-05,8.408000000000006e-05,-0.0004312636666666667,0.00011087524535866578,0.00010142944254693789,0.0012864676889826772,-0.6882313426465867,0.020127418683459075,0.2852934558964525,0.1656163374065788,0.5174563922515548,0.7919972946827144,66.76298490177902,55.52796958616751,31.117325103508065,1327.578,1475.5485999999999,1897.2562
2022-10-10,1323.13,1338.0,1288.0,1290.03,393663.0114,9.885e-05,0.00010759,8.468071428571434e-05,-0.0004140786666666666,0.00010666888346659921,0.00010149488994064624,0.0012901072262512681,0.1230004221456376,0.4412309400302375,0.38665658949386256,0.23705679823396672,0.5012574898583368,0.7918702229300096,36.792905081289966,40.74757359406013,31.56511060753033,1323.709,1468.9865999999997,1888.15255
2022-10-11,1290.03,1298.0,1267.01,1280.11,429430.3941,0.00015089999999999998,8.510333333333334e-05,9.169214285714292e-05,-0.000389096,7.363869250159447e-05,0.00010250414912266046,0.001293663058305686,0.5416102268548294,0.6519660200009914,0.44272779045797533,0.21792234026923188,0.4277198688386658,0.7830580875499692,7.912701696260527,40.46035601904884,35.63443946528837,1320.541,1462.0955999999999,1879.0423999999998
2022-10-12,1280.11,1306.87,1275.25,1294.44,369712.5759,7.97e-05,0.00010981666666666668,0.00010519857142857148,-0.000352788,3.684509239158237e-05,8.491994436907244e-05,0.0012909316329941028,-0.3889343112265416,0.12705654368355357,0.3676574486247006,0.2772410500094235,0.3313819584361616,0.7828034258898198,21.60833661015424,41.65691094958903,32.35484235033748,1322.313,1454.6761999999999,1869.7895999999998
2022-10-13,1294.44,1301.58,1190.0,1287.08,945618.3163,-0.00020185,9.583333333333332e-06,7.781428571428576e-05,-0.00031851566666666665,0.00018653525359391138,0.00011492536412245672,0.0012804449450785145,-1.6561311383136401,-2.3669699933570834,0.07117834338693307,0.2695471171553996,0.3318103217081664,0.781575638480661,20.176243803799252,40.72562185236909,38.6280394437335,1318.712,1447.2866000000001,1859.7467500000002
2022-10-14,1287.08,1343.12,1283.39,1296.27,669742.8093,0.000202,2.6616666666666672e-05,7.91385714285715e-05,-0.00015652166666666666,0.00020709197433349446,0.00011633454198705818,0.0009861235714134007,0.8661764425013345,1.1281210631003384,0.4994793316833933,0.27426936576594024,0.3325771408754865,0.7817166203059459,32.07780179044518,43.86183936722504,41.25258996540504,1312.19,1439.3098,1849.5635
2022-10-15,1296.26,1301.69,1263.64,1274.92,287100.9529,4.601e-05,1.5386666666666673e-05,6.802571428571434e-05,2.1451000000000005e-05,0.00020365914424190433,0.00011104837654852886,0.00017678997066164696,-0.05984266957275168,-0.28451738755822,0.33121086828814117,0.21671611091107884,0.3319962260486179,0.7820107319341527,30.291545189298446,43.14046511605437,37.4590937898813,1304.462,1434.6445999999999,1838.9355500000001
2022-10-16,1274.93,1315.35,1274.67,1305.95,293321.3632,-4.000000000000002e-06,8.133666666666668e-05,6.527500000000006e-05,1.8321333333333337e-05,0.00010744756876423222,0.00011241102996454672,0.00017636718460374576,-0.192298121452596,-0.6831816542648219,0.28091328356767753,0.2992327800898377,0.31920581613650767,0.7844727496463026,43.19765600229459,55.52113633758554,47.868083962655604,1299.851,1430.9424,1828.5363499999999
2022-10-17,1305.96,1338.57,1295.64,1331.4,459848.4941,9.955000000000001e-05,4.718666666666667e-05,7.309928571428577e-05,1.5165000000000005e-05,5.178502711541832e-05,0.00011056637362404338,0.00017394093093186128,0.4758151799429592,0.2157103650073309,0.3932437335767399,0.3241095606144749,0.32988734896732,0.7863243660672907,67.43656747831741,51.70433569846024,46.59070051983719,1299.8809999999999,1429.0352000000003,1818.7858
2022-10-18,1331.39,1341.73,1286.72,1310.71,572728.9189,0.00020448,0.00010000999999999999,7.239571428571433e-05,1.6842000000000006e-05,0.00010424076122137137,0.00010962588336380525,0.0001755622873531896,1.0201133397702045,1.058218710152899,0.5051631070493676,0.36453800226919086,0.3350343493084993,0.7136934692972643,61.823802163498655,38.76946213705649,49.01679969081931,1299.404,1424.2133999999999,1808.0633000000003
2022-10-19,1310.71,1313.5,1280.31,1285.09,368637.5105,0.00020796,0.0001706633333333333,8.785928571428578e-05,3.061033333333334e-05,6.161052859166099e-05,0.00011256206550946107,0.00017374442711940935,1.0280630362791014,1.0651420962647555,0.5047945451713236,0.41048487656632915,0.3444722410835482,0.7135530419837163,46.67709147748469,36.15774926756067,53.4487901595872,1295.6,1419.4234,1797.2699
2022-10-20,1285.09,1310.87,1270.36,1282.57,428531.6103,1.9529999999999998e-05,0.00014398999999999998,8.464285714285721e-05,3.879433333333334e-05,0.0001077995653980604,0.00011391428642951335,0.0001668879822264128,-0.862769793609891,-0.600120130273917,0.3012493515679462,0.37999748644047315,0.3441520049470062,0.7096548529196844,48.340080971410835,35.806201233505774,45.537366547783414,1294.854,1413.9928,1786.0732
2022-10-21,1282.57,1306.97,1252.65,1299.75,468076.7986,0.00014534000000000001,0.00012427666666666666,9.088500000000006e-05,4.823566666666666e-05,9.596465095723609e-05,0.00011473051171867378,0.0001645425516851242,0.12645820176347145,0.6101505333814498,0.43494546399292866,0.3286737676482901,0.34612352618298603,0.7106622192978981,51.20967741910563,43.49612049267297,47.294052819828345,1296.818,1408.2646,1774.9744500000002
2022-10-22,1299.76,1320.2,1294.32,1313.61,221776.7007,-1.954e-05,4.844333333333333e-05,7.389214285714291e-05,6.782366666666667e-05,8.615880241359328e-05,0.0001119826148717488,0.00010964935345761271,-1.239644121701237,-0.9171032737698437,0.2577168626327805,0.2853301373640942,0.3273507986275463,0.7080026803825064,64.18775210821458,49.60919540200853,49.656169414434935,1298.735,1403.0298,1764.50755
2022-10-23,1313.62,1371.55,1299.44,1364.2,432269.46,0.00013377000000000002,8.652333333333333e-05,8.305000000000007e-05,7.603499999999999e-05,9.203553244994229e-05,0.00011120435990345169,0.00010479054720955082,0.38544394696259265,0.4551022517157874,0.41720763932589117,0.4042768618190117,0.3316946692002932,0.7154332126858002,68.68064909211672,57.277011942024174,56.44202455662713,1306.447,1399.1645999999998,1755.486
2022-10-24,1364.19,1370.6,1324.17,1343.61,611830.797,0.00016589,9.337333333333334e-05,8.783857142857149e-05,8.228333333333333e-05,9.909585881026682e-05,0.00011335957947760137,0.00010435823442329968,0.923926952786231,0.802075111784199,0.44648118608512904,0.37682265698412976,0.3153914455206881,0.7129663199776093,54.04170804344363,59.933995846618515,50.716735385646004,1311.181,1394.4512,1746.0681
2022-10-25,1343.61,1525.16,1334.94,1459.74,1127932.9012,-1.3299999999999991e-06,9.944333333333334e-05,7.696500000000006e-05,8.347933333333334e-05,8.873765904814202e-05,0.00011414367867195786,0.00010314004740567518,-0.9794409900830602,-0.8284902317504145,0.27089943478302836,0.7066590996087381,0.47448006668915116,0.6869008723532495,80.23043531154944,73.89395833860048,60.503987240559134,1329.663,1391.29,1737.40485
2022-10-26,1459.74,1594.99,1457.44,1566.1,1236044.7023,0.00017548,0.00011334666666666666,8.380642857142863e-05,8.631400000000001e-05,9.942859464633007e-05,0.000117150982438312,0.00010449761979137763,0.9005060955243261,0.8253071805607095,0.4466561387372787,0.7783986097975397,0.5522980635435913,0.708158143535206,92.93768908698753,79.0284664042771,65.80408185784712,1355.6779999999999,1391.4317999999998,1728.9425
2022-10-27,1566.11,1578.58,1503.2,1514.05,869454.4851,9.934000000000001e-05,9.116333333333333e-05,0.00010532000000000007,8.786733333333332e-05,8.868814708485203e-05,8.347206303722408e-05,0.00010432755142215061,-0.214192795567701,0.07711238400606664,0.3543649171340343,0.9828808425176678,0.5719311973391162,0.7045704723313128,80.71982163696649,72.13866292093209,61.51046170901831,1373.943,1389.1127999999999,1720.49755
2022-10-28,1514.04,1574.9,1479.82,1554.41,858954.4425,8.184e-05,0.00011888666666666667,9.673714285714292e-05,9.424166666666666e-05,4.978620826437964e-05,7.881408546782644e-05,9.747675426099665e-05,-0.3125535272522224,-0.02637069063960774,0.3254730655672048,0.9777566715630879,0.571751934440178,0.6763158999539357,81.83727559119545,73.73570193809402,63.96406429795559,1398.3129999999999,1387.4936000000002,1713.3709
2022-10-29,1554.4,1663.06,1547.66,1619.55,914161.0846,0.0002441,0.00014176,0.00011088642857142864,9.632733333333334e-05,8.905991915564888e-05,8.642084752107996e-05,0.00010004440010634299,1.326194620320426,1.4185835253167902,0.48955864642672614,0.8734302716506928,0.588330760104863,0.6822880843764267,83.90142280914246,79.32671851845555,67.96991778752063,1431.7589999999998,1385.52,1706.33035
2022-10-30,1619.55,1640.06,1576.56,1590.44,476036.4243,0.00027031,0.00019875,0.00013048000000000007,9.922233333333333e-05,0.00010209163579848436,8.941415676931305e-05,0.0001038374083373822,1.1431519158439223,1.4874826158406644,0.510975096866109,0.8175308605105034,0.5807564167582545,0.6823487749567398,76.32289291186898,74.28839750686586,68.4463050940876,1462.5459999999998,1381.8464,1698.69115
2022-10-31,1590.45,1635.8,1545.43,1572.69,810334.2414,0.0001602,0.00022486999999999998,0.00013481214285714294,9.784266666666667e-05,5.7518672620377954e-05,8.926945279738933e-05,0.00010269909948007019,-0.13001548131598528,0.4916898832741857,0.38903877825511546,0.6019779003346417,0.5830525582449101,0.6810633095049439,76.83063949390075,70.87464313504762,65.18728551587785,1489.84,1377.9779999999998,1691.4447
2022-11-01,1572.69,1612.92,1563.69,1578.48,527539.2965,-3.584999999999999e-05,0.0001315533333333333,0.00011764571428571435,9.549733333333333e-05,0.00015507727116938867,9.756410379565109e-05,0.00010497351567246874,-1.4402615481728462,-1.1713099738825588,0.1826082438871361,0.4774794943060492,0.5837161134213837,0.680917437578741,68.75473843805875,73.7785276616583,63.748685260757405,1516.327,1375.2202000000002,1684.1343
2022-11-02,1578.47,1621.68,1502.32,1518.34,981395.3648,0.00016404,9.612999999999999e-05,0.00011450857142857149,0.00010129833333333334,0.0001143141579158548,9.511199179081261e-05,0.00010374449755520952,0.028994281317777332,0.5008726793480021,0.38610041811763557,0.5693468552806217,0.6169786891462079,0.6871026550509638,41.16667899671223,69.5165419949172,59.88952117887603,1531.741,1374.099,1676.4294999999997
2022-11-03,1518.33,1559.01,1515.17,1531.01,560202.8813,-0.00016369,-1.1833333333333341e-05,0.00010142142857142863,8.869766666666668e-05,0.0001651797155626107,0.00011883326152199155,0.00011215814843282414,-1.3866545617399622,-2.4125080030176984,0.03881480828000016,0.35923618784536526,0.6169571218102706,0.6865181473824246,53.6716314511709,70.44033436434769,60.4954780587097,1550.481,1371.9514,1669.1442499999998
2022-11-04,1531.01,1680.0,1528.4,1644.78,935531.4781,0.00020691,6.908666666666665e-05,0.00010581928571428576,9.587900000000002e-05,0.00020272688927062559,0.00012168866146941458,0.00011261436297042995,0.8826304793505704,0.8943023475487815,0.42558245691300545,0.7777843924333324,0.6620604287439826,0.7068032891427384,64.84541840508133,74.49418579871889,66.5912072100596,1568.985,1375.3919999999998,1662.09035
2022-11-05,1644.78,1666.97,1621.42,1626.98,351385.5362,0.0001649,6.937333333333332e-05,0.0001189935714285715,9.922366666666668e-05,0.00020292880040384726,0.00011696528390983336,0.00011314093476973345,0.6102838877872486,0.44976703784344135,0.3720356958615193,0.777069480244364,0.6673900582782772,0.7011897995350349,51.44535657302257,72.12283798079636,66.43799472275879,1575.073,1379.2535999999998,1654.7163999999998
2022-11-06,1626.98,1639.02,1564.39,1568.29,414863.9525,0.0002204,0.00019740333333333331,0.00012518142857142862,0.00010463866666666668,2.8945552911348953e-05,0.00012005776691993003,0.00011497012864615711,0.6378261931414938,0.8867853234757149,0.416042578899551,0.8637296891682069,0.6962971056780404,0.6984161599348567,46.13586406603992,64.24513156963782,62.27592284718249,1580.4969999999998,1381.2428,1647.17765
2022-11-07,1568.25,1608.04,1545.03,1568.1,642409.4494,0.00012322,0.00016950666666666665,0.0001221335714285715,0.00010146733333333334,4.875350380581761e-05,0.0001194850758371113,0.00011302071637787953,0.08153749416738769,0.04658249198404822,0.3095810113770493,0.7681990915911671,0.6892000743981299,0.698348021229841,49.146998698998665,66.12831381551464,64.39837204707773,1581.866,1385.9146000000003,1640.10025
2022-11-08,1568.09,1579.98,1233.0,1334.77,2339916.5089,-9.384e-05,8.326e-05,0.00011552571428571435,9.815400000000001e-05,0.00016088597079923117,0.00012901607554660998,0.00011730511058623806,-1.7073785629636329,-1.6890117639221338,0.07701204760595937,1.621057090471851,0.9978061256185391,0.7916772334696558,25.46164844234113,42.31568591273536,52.29849290171363,1553.3880000000001,1385.0903999999998,1631.9621500000003
2022-11-09,1334.78,1337.16,1073.53,1102.73,2494797.9357,-0.00105347,-0.0003413633333333333,2.7743571428571496e-05,5.974333333333334e-05,0.0006261794386861859,0.0003364364747354475,0.00024076244936240124,-1.7432256062095113,-3.8848844664561275,-0.9218248421209011,1.7067166446739517,1.2944501739525929,0.9106548836803179,18.91426947297157,25.321943269776796,43.1860671760292,1504.617,1380.6864,1622.8106500000001
2022-11-10,1102.73,1350.0,1085.93,1299.28,1975955.6767,-0.00129913,-0.0008154799999999999,-7.21471428571428e-05,1.1409000000000007e-05,0.0006369147714569166,0.0004873189429999525,0.0003448723461219374,-1.2469178222767134,-3.0924819497268725,-1.156385468164204,2.7112921877092457,1.4869243312959093,1.0045883592523852,36.40672477911531,40.08750796151115,50.3822198828646,1477.276,1381.7564000000002,1614.7020499999999
2022-11-11,1299.28,1310.0,1201.26,1289.28,1308087.1498,-0.00027549000000000003,-0.00087603,-9.767071428571421e-05,-4.306666666666605e-07,0.0005343907068802907,0.0004879905987660658,0.00034852463242421045,0.39277990814321084,-0.575840482093021,-0.1036312643358525,2.7306048667544283,1.48647024112017,1.0028921770856833,26.255677264202006,37.41037256517053,49.781117895638396,1448.356,1381.0128,1606.11535
2022-11-12,1289.35,1292.16,1238.7,1257.25,547772.9172,0.00024832,-0.00044209999999999996,-9.736928571428564e-05,1.4575000000000007e-05,0.0007870638758703224,0.0004882191972632489,0.0003492437745674677,1.1330610771519505,0.6627530455707653,0.42334392591259973,2.7061957054919246,1.4792742515296025,0.9832687056822714,25.765898037546975,32.237758123619784,49.45036486805742,1422.2469999999998,1379.6127999999999,1598.3532500000001
2022-11-13,1257.25,1274.23,1200.66,1221.49,547410.5304,-0.00011125,-4.614000000000001e-05,-0.00012462357142857135,4.13333333333334e-06,0.00026790616472939163,0.0004766275171469287,0.00034812790733344264,0.5924309113511793,-0.1616591300036871,-0.047523781171507865,2.4038255154431423,1.4823917048086805,0.9790178936868731,26.56440059464981,32.02891350299086,47.38053294950088,1391.2949999999998,1377.7,1590.0158999999999
2022-11-14,1221.5,1291.2,1171.13,1243.28,934742.0059,0.00010301,8.002666666666668e-05,-0.00012870857142857137,6.03333333333334e-06,0.00018088344709603607,0.0004742377062330496,0.00034851966728586734,0.6056638237657904,0.33800682004675797,0.3256735761924209,1.536216026933187,1.4336841917148146,0.9466073834979564,28.672357189730704,34.01775750808052,47.26080198934888,1351.145,1376.6729999999998,1581.5476500000002
2022-11-15,1243.29,1291.0,1234.01,1253.23,632825.568,-7.890000000000001e-05,-2.9046666666666664e-05,-0.00013178357142857138,3.5366666666666737e-06,0.00011550261050446063,0.00047372858400316714,0.0003488621306113732,-0.2766058933785878,-0.06650008345982952,-0.32763553408652424,0.38695809085197824,1.392367279715412,0.9450530774640477,42.42362298366592,34.28303582641706,48.20123172432971,1313.77,1375.0142,1573.72815
2022-11-16,1253.22,1268.67,1187.06,1216.17,673339.7215,-0.00013574,-3.721e-05,-0.0001531964285714285,-4.306333333333327e-06,0.00012471540682695083,0.00046604134419775005,0.0003492737711554084,-0.8523892307849019,-0.17543028554815102,-0.5156995344628159,0.43368381223842367,1.3912781738789792,0.9451520167593723,66.5296963337222,35.065191819094835,47.858563261164555,1278.558,1372.7772,1566.1757
2022-11-17,1216.16,1228.22,1181.05,1200.43,530537.3488,-0.00017685,-0.00013049666666666666,-0.0001541364285714285,-1.7017333333333327e-05,4.918505904587039e-05,0.0004660774081070649,0.000348351058935671,-0.8942935834561899,-0.24381213133123775,-0.645046441126678,0.4110689730654611,1.3811511252526492,0.9165053325983091,19.552762890324132,33.71045629245373,47.46859629434246,1241.791,1370.0418,1558.0537999999997
2022-11-18,1200.42,1234.0,1199.18,1212.58,360218.5337,-0.00020738,-0.00017332333333333334,-0.00018372857142857134,-3.0862e-05,3.5949971256539534e-05,0.00045439618260613755,0.00034735345449207836,-0.8807416760644132,-0.2669743303726331,-0.7562375893016287,0.37457802907475346,1.3641294131066883,0.913413462033864,26.684095330625695,26.332851447806462,47.30522632133718,1229.572,1367.5794,1549.8339999999998
2022-11-19,1212.58,1235.0,1197.67,1217.67,209789.5888,0.00016884,-7.179666666666667e-05,-0.00018344714285714278,-2.5884999999999994e-05,0.00020895579492645185,0.00045462987379301447,0.00034916534307569326,1.6945847638051688,0.67506748873285,0.5942011287132037,0.3262720110405358,1.3663088885867936,0.9087400182689922,35.6114584846232,27.269900152117273,47.0179408436227,1241.066,1365.3584,1542.0138499999998
2022-11-20,1217.67,1227.07,1132.65,1142.21,531108.7607,4.099e-05,8.166666666666594e-07,-0.00019626214285714278,-2.936333333333333e-05,0.0001913002734795352,0.0004447928268856169,0.00034791834001606523,0.639905399945804,0.3760422050791648,0.11572722747806183,0.5700811260884978,1.3832085729263603,0.9103426452793337,27.63484540724812,26.77126720016848,43.20503951654373,1225.359,1361.9668,1533.0217000000002
2022-11-21,1142.21,1146.99,1079.76,1107.34,922647.9454,-0.00017962999999999999,1.0066666666666668e-05,-0.00021789428571428567,-3.469966666666666e-05,0.00017628109550755833,0.00043532349237203615,0.0003489885507407873,-0.6512719488170159,-0.15714609087117867,-0.7498766681893414,0.5719510543855832,1.3816696605238377,0.898735277381095,14.286464901166468,25.79584375193197,42.830613495742774,1207.1650000000002,1358.5792,1524.8185500000002
2022-11-22,1107.34,1146.13,1075.0,1139.6,748884.5791,-3.076e-05,-5.6466666666666666e-05,-0.00021338857142857138,-4.018399999999999e-05,0.00011253408653979163,0.0004370293612536799,0.0003475395488742515,0.06925837849681683,0.24209597256671034,-0.18641969443087109,0.7056381472099185,1.3919381621278188,0.9021030952078993,23.279875840585532,37.001665001595995,39.76469083693883,1195.4,1354.9094,1517.0523
2022-11-23,1139.59,1190.0,1127.75,1184.52,636927.1594,-7.405000000000001e-05,-9.481333333333334e-05,-0.00014342999999999995,-4.8181999999999994e-05,7.657614663421987e-05,0.0003645956897293606,0.0003453878267567029,-0.4542240000697245,0.1212471342421567,-0.3485331835813498,0.8151098262605744,1.4073815379978258,0.9076941140509955,42.822803755136384,57.25564643457559,37.30149221935729,1191.703,1351.37,1509.7982000000002
2022-11-24,1184.52,1217.71,1180.6,1203.73,486080.6123,2.621e-05,-2.6200000000000003e-05,-4.876285714285708e-05,-4.726399999999999e-05,5.0285306999279565e-05,0.000150833405065039,0.0003455532073067679,0.7833155865063296,0.40365364741136983,0.03100919162954005,0.8330685649126831,1.3625793482812105,0.9079029121614471,50.73673870318129,37.63234875339077,39.442168723812664,1187.748,1348.4006,1503.2182999999998
2022-11-25,1203.72,1207.77,1171.2,1199.3,391430.1658,7.997000000000001e-05,1.0709999999999997e-05,-2.3372857142857084e-05,-5.044766666666666e-05,7.81711430133369e-05,0.00013920132926136005,0.0003438661067883984,1.1645279882717285,0.5567711490520856,0.23746839548914478,0.5298971395625197,1.363405236867626,0.9041810760560531,46.92933777269308,38.182916578972865,37.61552357894292,1182.355,1345.3453999999997,1498.0720499999998
2022-11-26,1199.29,1235.66,1196.2,1205.6,379840.8116,-0.00016692,-2.0246666666666667e-05,-5.303285714285708e-05,-5.9323e-05,0.0001298357979655268,0.0001197349271341567,0.00034330238986029094,-1.4124394291497926,-0.03252875516752992,-0.6908255314920746,0.3272401050671784,1.3624879529242393,0.9042795324979244,47.22464934452488,42.7251471870762,34.94563043233964,1181.298,1342.8354000000002,1492.3898000000002
2022-11-27,1205.61,1223.33,1188.65,1193.88,286386.7986,-0.0001233,-7.008333333333333e-05,-5.3893571428571365e-05,-6.616099999999999e-05,0.00013176751585024812,0.000120227908612511,0.00034243563262613755,-0.6969205616396908,0.11743023953455509,-0.523399015116452,0.36460852698050067,1.361338487191715,0.904244132775326,66.80762474759767,45.828675026245186,35.393308090036456,1180.643,1340.4034,1487.9342499999998
2022-11-28,1193.88,1199.25,1151.02,1167.77,478795.6093,-0.00014532,-0.00014518,-7.163142857142851e-05,-7.914166666666667e-05,2.181033699905885e-05,0.00011342465108927102,0.0003376159846792115,-0.7136184386183987,0.06519964588540474,-0.5868768491661537,0.2774633309964474,1.190912222426409,0.9056149667483383,70.84511900621187,38.73892683492639,35.176670425020504,1176.162,1337.2962,1483.9719999999998
2022-11-29,1167.77,1228.37,1158.27,1216.49,512143.5861,0.00016778,-3.361333333333334e-05,-5.401142857142852e-05,-8.255933333333331e-05,0.0001747589085950847,0.00013013763943532953,0.0003344607326565997,1.3562640523234712,0.8781806513874714,0.6083776986319104,0.45551074264157926,0.87044140396286,0.9117908128542326,73.81822687533815,45.08876056019911,37.152085181825,1176.044,1335.8254000000002,1480.0059999999999
2022-11-30,1216.49,1309.77,1212.5,1294.46,815679.2717,0.00029218,0.00010488000000000001,-2.3445714285714218e-05,-7.816e-05,0.00022543041054837965,0.0001569553422382958,0.00033860628744390703,1.363446673643535,1.9863502671720676,1.0715854724393301,0.6738301646274061,0.5694154549208825,0.924665209470785,78.26802427206219,59.43366670663161,42.15326164665282,1191.2689999999998,1336.1124,1476.1959
2022-12-01,1294.46,1299.9,1262.77,1276.41,430018.7391,0.00011656000000000001,0.0001921733333333333,-2.48785714285708e-06,-7.307966666666666e-05,9.031540363273484e-05,0.00015446538403242156,0.0003404015766250865,0.28928726705906943,0.8186616661251126,0.3993290719658942,0.7186705210555651,0.5716570062598425,0.9228764892017894,68.79979306752118,59.10463499956202,41.11008687385465,1208.176,1335.7518,1471.8515
2022-12-02,1276.4,1297.18,1265.24,1295.59,371559.585,0.00014626,0.00018500000000000002,2.277214285714292e-05,-7.367233333333333e-05,9.400099361182585e-05,0.00014712276444564819,0.00033998972515592767,0.19179847042994677,1.0985317891496462,0.500975439771463,0.6823030464704737,0.5640363980380989,0.9193247045821618,73.14107185748044,59.782224421778274,36.94489931723947,1223.775,1335.922,1468.2111499999999
2022-12-03,1295.58,1309.0,1236.26,1240.51,347148.2588,-5.511e-05,6.923666666666665e-05,6.77571428571435e-06,-7.0053e-05,0.00010870645166384817,0.0001421087911379134,0.0003395760935408687,-1.5105065171756349,-0.30034756612603725,-0.2448034927464503,0.8052893332825708,0.5822680712153243,0.9224547496104112,56.796324416774716,52.407860335511984,35.94296730069425,1229.374,1334.8067999999998,1463.9601
2022-12-04,1240.5,1287.19,1240.1,1279.41,324129.5466,-1.547e-05,2.522666666666665e-05,2.7428571428572073e-06,-7.746566666666666e-05,0.00010667536376007735,0.00014186406551172233,0.0003357271135053553,-0.811361201160626,0.014490025105589197,-0.09375286848983598,0.7766997306819063,0.5922716422645465,0.9258011673000971,65.0575683953187,65.67211916272517,39.3391199089868,1236.942,1334.8966,1460.7816
2022-12-05,1279.4,1305.11,1246.61,1259.41,391628.5166,8.685e-05,5.423333333333317e-06,2.177714285714292e-05,-8.006733333333332e-05,7.324997565422766e-05,0.00013312003434890165,0.0003340825630654223,0.3569828694021039,0.6702771158701986,0.2934690378045938,0.5535393432974044,0.5959017326805279,0.9265201585065119,66.48794530389875,67.98155374223681,38.77221442229149,1242.953,1333.9658000000002,1456.9809
2022-12-06,1259.41,1274.76,1241.56,1271.32,301631.839,9.934000000000001e-05,5.6906666666666655e-05,3.107000000000007e-05,-8.410266666666667e-05,6.299036778226202e-05,0.00013371010858741897,0.0003310454424888488,0.557665364986891,0.6815238159184689,0.33804963813586264,0.5567380867321503,0.5810550819539108,0.9261638240442851,61.37127213885703,66.36273291902384,47.24907869054213,1249.525,1332.7642,1453.5421000000001
2022-12-07,1271.31,1278.69,1218.01,1231.18,398559.5166,8.391e-05,9.003333333333332e-05,4.2352857142857204e-05,-8.541299999999999e-05,8.192767135982317e-06,0.00013079012015312238,0.00033027342505502954,0.625906368033808,0.5004100409745432,0.2893452991236974,0.5800156215041957,0.5961653475749694,0.9290051540680733,34.43373019765764,55.865935834058625,56.68070941888105,1253.2549999999999,1331.1736,1449.82265
2022-12-08,1231.18,1292.58,1222.01,1280.18,406653.5447,1.7149999999999997e-05,6.679999999999998e-05,4.1705714285714345e-05,-8.171333333333333e-05,4.368481543982119e-05,0.0001308985076434967,0.00033079700266886743,-0.736180457751085,-0.07628791587553961,0.0340489820101508,0.5766782430665702,0.6168574290516777,0.9341335329856815,50.8048332691364,58.94131131416222,48.82649299565408,1264.4959999999999,1331.0754000000002,1446.0076000000001
2022-12-09,1280.18,1296.64,1250.0,1263.1,406008.0032,0.00021755,0.0001062033333333333,5.153285714285721e-05,-3.9346e-05,0.00010204305235215347,0.00013891128599153509,0.00027945580414995416,1.6046851698278222,1.4547302665888062,0.7872110050967253,0.5264084249890177,0.6206286523217551,0.9326399119796256,43.001163241436814,57.24736459451075,48.40536984682835,1269.157,1330.6860000000001,1442.4565
2022-12-10,1263.11,1283.61,1259.6,1266.35,182278.6396,0.00011574,0.00011681333333333331,7.172285714285721e-05,7.816333333333333e-06,0.00010020431145087654,0.00012451335760461986,0.0001479792876812084,0.12433421525052016,0.6325059280658303,0.40334108429210647,0.5074538010580107,0.5456629022751447,0.9324823073064079,57.16662968693133,56.94905172592774,50.574422421232654,1266.346,1330.0179999999998,1438.8912000000003
2022-12-11,1266.35,1284.75,1255.85,1263.01,180494.902,1.017e-05,0.00011448666666666664,8.125642857142863e-05,1.7338333333333333e-05,0.0001036956808808558,0.00011301085193684921,0.00013797316388447798,-0.9303254420245163,-0.2662431963537089,0.0065263483405500885,0.49982795120660406,0.5225143524911262,0.9320673226600891,44.333886124716415,58.06218365852333,52.732729570151044,1265.006,1329.006,1435.4931
2022-12-12,1263.0,1278.9,1240.03,1275.4,363750.5481,-1.2079999999999996e-05,3.7943333333333306e-05,9.07735714285715e-05,8.658333333333333e-06,6.828621115089597e-05,9.692805869914443e-05,0.00013095325049177655,-0.8505969530531451,-0.4595232340343879,-0.09060969419102659,0.37770528857498,0.5132783700951277,0.9323044761691585,55.83108453038377,62.96715741768115,52.140534200370546,1262.987,1327.23,1432.90895
2022-12-13,1275.41,1349.0,1255.1,1320.69,659393.8825,0.00028949,9.585999999999997e-05,9.946714285714292e-05,2.2016333333333335e-05,0.00016805712808450304,0.00010906447129518894,0.00013852040709815236,1.2707965181998258,1.765122884708624,1.0516290023787338,0.3461114042150408,0.5088558796729906,0.9361537738746253,64.47885506454848,62.6585353999521,54.293424301631816,1271.005,1326.7716,1430.87605
2022-12-14,1320.69,1352.72,1301.0,1307.44,554465.5717,0.00030000000000000003,0.00019247,0.00010002571428571434,2.8582666666666667e-05,0.00017722342367760104,0.00011014206879607499,0.0001469072702112245,1.0710247541630649,1.613448039250684,1.0650864072687638,0.329539495564665,0.510615932814046,0.9355624575582859,76.55292479071315,51.871071901999024,55.99033879818226,1273.808,1323.7256,1428.45215
2022-12-15,1307.45,1311.14,1259.27,1266.54,390051.2447,0.00030000000000000003,0.00029649666666666663,0.00011312857142857149,4.1212666666666666e-05,6.067951329994327e-06,0.00012248055524525042,0.00015348817469742817,0.750619489049511,1.443260024295716,1.036327444928191,0.4710526295975254,0.5325173019031654,0.9369723883716907,44.966789667664344,48.66516999792233,54.200287177209084,1274.5210000000002,1317.7344,1425.7166499999998
2022-12-16,1266.53,1280.06,1155.32,1166.83,751422.2779,0.0001622,0.00025406666666666664,0.00011426714285714291,5.1144000000000004e-05,7.955886709439394e-05,0.00012288565294166416,0.0001512666885087659,-0.3358999937200114,0.4365255497234398,0.5172204303701662,0.8487019337452634,0.6434632954352345,0.9568230754629934,27.932884059874624,35.700959488161914,47.38430928597913,1264.072,1310.79,1421.5569
2022-12-17,1166.82,1190.03,1161.92,1187.16,328881.6281,5.681000000000001e-05,0.00017300333333333332,0.00012226142857142864,5.8932666666666666e-05,0.00012195440965108202,0.0001143642878536031,0.00014500863947941996,-1.5116243031971024,-0.4350509162760425,0.13412393678857093,0.8714988630088584,0.6472550658062111,0.9574042722251116,33.16610688311211,43.57986955146693,48.285511986091684,1259.67,1303.445,1417.7831999999999
2022-12-18,1187.16,1199.54,1170.32,1183.06,252260.144,0.0001796,0.00013286999999999997,0.00013619500000000006,7.1832e-05,6.644194985106046e-05,0.00010799900923689962,0.00013752041166111497,-0.19554311751124698,0.4637377098682556,0.5959450287564395,0.7226887117516455,0.6400342433078037,0.9563426876081141,33.05928719742707,37.34534660733855,52.49569286769835,1249.958,1294.7152,1414.60875
2022-12-19,1183.06,1195.0,1150.51,1167.82,296832.7228,-3.426e-05,6.73833333333333e-05,0.00012754428571428578,6.5062e-05,0.00010732134658745464,0.00011675138211760788,0.00013757932113058583,-1.3140698858383895,-1.3042559130462394,-0.20161207539004788,0.7187571621422691,0.6159059476695975,0.9567691973387773,27.47676074022597,37.818210836983084,53.78577330410051,1240.4299999999998,1286.2628,1411.27745
2022-12-20,1167.82,1230.47,1163.12,1216.94,465184.1943,0.00022422,0.00012318666666666662,0.0001364642857142858,7.116966666666666e-05,0.00013816593550272885,0.00011917611090729172,0.00014050975159391163,1.0158852484267369,0.9785494572462273,0.7588940418007842,0.8848531985699237,0.5794372434692386,0.9619108014432419,28.621471254811354,43.41869584145623,54.741062233150316,1235.489,1279.1478000000002,1408.48655
2022-12-21,1216.95,1223.39,1203.02,1213.78,245723.8377,0.00019766,0.00012920666666666665,0.0001445892857142858,8.374600000000001e-05,0.0001421878044465987,0.00011919506768732973,0.00013402278824755674,0.6641817710334239,0.6961092092737887,0.6440571203904071,0.41324404602098547,0.5773396441223141,0.9614680893791006,29.863261093821393,47.68715440220448,51.89047397510558,1230.566,1271.8538,1405.5325500000001
2022-12-22,1213.78,1237.99,1182.54,1217.71,336761.6598,0.00026623,0.00022936999999999998,0.00016238071428571434,9.364566666666666e-05,3.457387886844997e-05,0.00011728375744742814,0.0001362236762975411,0.8509403364772397,1.1977719462476926,0.8861327597964247,0.4013943979788823,0.5727025820583727,0.9565379382366603,37.51725548327495,40.56600924202849,50.921434220745354,1224.797,1265.8412,1402.5899500000003
2022-12-23,1217.72,1231.99,1210.0,1219.99,278604.2882,0.0001674,0.00021042999999999998,0.0001587985714285715,0.000101694,5.063740613430319e-05,0.00011623025409518428,0.00013307042529011034,0.02697682374535921,0.2868503107955054,0.5203489807880665,0.39355162324541737,0.5433441566241385,0.9559945733384183,77.07823960825219,43.185051692875376,51.36757221211735,1214.7269999999999,1259.6208,1399.3907000000002
2022-12-24,1219.98,1227.99,1214.69,1220.41,123701.5301,0.00017294,0.00020219,0.0001628842857142858,0.000106585,5.552939852015702e-05,0.00011560389005393608,0.00013289675878222867,-0.8053423707682259,0.26537752972235007,0.5288694981002738,0.3484081594865682,0.5244396349908017,0.9322373802959194,71.2460063891389,42.67211127397522,50.98658352966044,1206.0240000000001,1251.1334000000002,1396.4261
2022-12-25,1220.42,1225.0,1193.18,1218.51,231652.0612,1e-05,0.00011677999999999999,0.0001628721428571429,0.00010425266666666667,9.251567002411505e-05,0.0001156211724807456,0.00013398945107557727,-1.6249109600971128,-1.2070904337883825,-0.0625443167517961,0.04573507989370137,0.5209690823375611,0.9139441603712042,73.30703484482154,42.86904685577844,51.662504218501965,1201.221,1242.964,1393.5592499999998
2022-12-26,1218.52,1231.09,1211.67,1228.11,162723.0857,0.00010579,9.624333333333331e-05,0.00017129142857142863,0.000113343,8.188843039980922e-05,0.00010577372778770755,0.00012382283512171939,-0.40918038688579306,-0.3291433566560151,0.2914766279101473,0.0679023619106518,0.5203732836585993,0.9113636300760097,92.81352080578066,42.353587944056855,54.165746161284005,1207.349,1236.1604,1390.7557499999998
2022-12-27,1228.12,1233.73,1200.58,1211.55,262437.6398,0.00019772,0.0001045033333333333,0.00016473642857142866,0.00012404366666666667,9.38666140507068e-05,0.0001006024445801028,0.00011631040234210702,0.8864283959037449,0.466001087551259,0.6225922041008899,0.15006537392301442,0.5054265371075575,0.9086014910254822,42.8797886385728,30.54545454530212,49.64310484316986,1209.788,1229.0294000000001,1388.49895
2022-12-28,1211.55,1215.78,1181.06,1190.15,367828.8914,0.00013901,0.00014750666666666666,0.00015323714285714291,0.00013352133333333332,4.6550254922439325e-05,9.285448478696689e-05,0.00010459900479952854,0.19036059492340313,-0.13747339911890277,0.4141275099859515,0.20114401377036192,0.47690357397255045,0.9020602801997498,28.935639151002846,29.68300710188275,41.79320545685038,1210.497,1226.1370000000002,1386.78525
2022-12-29,1190.15,1206.57,1186.77,1200.49,249130.4869,0.00025835,0.00019836,0.00015026214285714294,0.00013654033333333334,5.9672574102433725e-05,8.834847403483453e-05,0.00010690355164844523,1.235050015218794,0.9741947480637901,0.8574088315859278,0.23135456945220928,0.47752884762164616,0.9020910824016318,36.22399999959421,37.20407609728359,43.95348837189698,1213.7640000000001,1228.0922,1385.6135000000002
2022-12-30,1200.48,1202.15,1181.08,1199.99,266014.2115,0.00030000000000000003,0.00023245333333333333,0.00016010500000000007,0.000136801,8.356089416314051e-05,9.703031047048204e-05,0.00010730491997426764,1.2379148177133001,1.2308427796558472,0.9965987724312184,0.23233843097164858,0.4770849541327191,0.9020005207716387,33.53096179144475,60.43554884136072,42.15261360632056,1212.069,1226.1064,1385.5643499999999
2022-12-31,1199.98,1208.46,1191.66,1196.13,139379.2811,0.00030000000000000003,0.00028611666666666664,0.00017747571428571436,0.0001429156666666667,2.4046638711953908e-05,9.886658646215867e-05,0.00011126522689075777,0.8728929059421587,1.1230638094271717,0.9685474484167665,0.2021990871129104,0.47709023178022697,0.9017738299199155,31.078553615620933,53.1493574884179,46.022584692366266,1210.3039999999999,1224.2434,1385.5004999999999
2023-01-01,1196.13,1204.67,1190.57,1200.34,117762.0685,0.00030000000000000003,0.00030000000000000003,0.00018607571428571435,0.00014804033333333335,0.0,0.00010416040623179148,0.00011490550956096756,0.5812671307282135,1.0436312622433637,0.9545304175826886,0.190581504813838,0.47469033352276907,0.8978727186998,36.33217993041304,56.06230704407461,42.44376063125925,1208.567,1223.1052,1385.3146
2023-01-02,1200.33,1224.29,1193.0,1214.0,252794.14,0.00026342,0.00028780666666666663,0.00020733857142857153,0.000158658,2.111947284719082e-05,8.419156598149144e-05,0.00011010267494633898,-0.9732658690187449,0.7019833406119954,0.7951280231145633,0.11583416346995601,0.4484619977860806,0.8981565059566846,39.997164326839666,66.38285795307982,45.607212645098954,1207.968,1222.9553999999998,1386.0421
2023-01-03,1213.99,1219.89,1204.93,1214.55,205519.4944,9.066e-05,0.00021802666666666668,0.00019779857142857149,0.00016219566666666668,0.00011180887680923935,8.952936826771318e-05,0.00010594127959368994,-1.76130511650652,-0.9314807431703085,0.17573314951130314,0.1063876216401603,0.4480705632702092,0.8780492247351918,52.75128393182457,48.70628992023174,44.384878637169834,1207.382,1222.3808,1386.6801500000001
2023-01-04,1214.56,1272.6,1212.71,1256.9,457799.6648,0.00027609,0.00021005666666666666,0.00020340071428571435,0.00016850366666666666,0.00010359442665193774,9.194134990593573e-05,0.00010692961118490652,0.34043484730515355,0.9666163151200677,0.8400160269530074,0.2859923983478624,0.4572646949195567,0.8832434243167443,94.22287001370151,66.38795986551435,52.532892144987215,1211.221,1222.4542,1387.9890000000003
2023-01-05,1256.91,1259.95,1242.81,1251.24,272805.33,0.00030000000000000003,0.00022225,0.00020581285714285722,0.00017519233333333336,0.00011458563653447277,9.413337448114263e-05,0.00010871503968165067,0.6112558879980681,1.1029920323449223,0.9183353012649185,0.2913020278865362,0.2751129069307817,0.8794898888021064,85.84545839722998,62.57783779662685,46.884017399260784,1213.534,1223.1556,1388.60255
2023-01-06,1251.25,1276.7,1236.0,1269.14,342344.2023,0.00030000000000000003,0.00029203,0.0002152842857142858,0.00018239533333333334,1.3804444936681664e-05,9.660942673499413e-05,0.00010961340038053234,0.6112558879980681,1.0032922145350922,0.9019266882664019,0.2871911462958003,0.27245938621822363,0.8805660827134716,89.20512529694476,66.50325700024783,50.6491831467287,1219.2930000000001,1224.5298,1389.3070500000001
2023-01-07,1269.13,1271.09,1261.3,1264.07,129474.2884,0.00016833,0.00025611,0.0002149550000000001,0.00018743466666666666,7.601970994426442e-05,9.677257468692628e-05,0.00010513829902701126,-0.6264310866214147,-0.32139981547081176,0.41439856075657333,0.31486004216018276,0.27272952887104795,0.7869144345763389,87.99776286284542,64.21594165088624,49.755899104665076,1226.685,1225.5596,1389.9981500000001
2023-01-08,1264.06,1296.0,1257.77,1290.16,213636.7848,0.00019614,0.00022149,0.00022825071428571436,0.000186721,6.939894883937585e-05,7.726910701858048e-05,0.00010499940322816244,-0.84202617096912,-0.18884535094445146,0.5137864159153779,0.31693968048911725,0.27175280002952573,0.6276656388136561,90.3576563617607,70.1547116731465,52.77170916930853,1235.652,1227.0094,1391.198
2023-01-09,1290.15,1344.91,1285.44,1320.39,581727.6968,0.00021929000000000002,0.00019458666666666668,0.00023635785714285723,0.00019017266666666668,2.5515486147510505e-05,6.893709553794025e-05,0.00010428515002998271,-0.28862529270437665,0.0951819506082957,0.7675005718015877,0.25386516130955483,0.23384778973688933,0.48307648570082934,91.60735236555225,73.25839298264667,54.43155178157954,1247.692,1230.5729999999999,1392.07635
2023-01-10,1320.4,1347.69,1316.8,1335.62,459660.2307,0.00030000000000000003,0.00023847666666666667,0.0002436635714285715,0.00019983366666666668,5.45235823597784e-05,6.993976019041552e-05,0.00010038673811582203,1.0454113224697303,0.9861899140670743,1.2682100612795209,0.20293616767112685,0.23385137982371104,0.48343094038310974,92.47176033070406,81.48185739602093,51.563187100524786,1261.641,1235.1386,1392.62935
2023-01-11,1335.63,1398.0,1321.04,1389.39,472465.9556,0.00022778000000000002,0.00024902333333333334,0.0002500042857142858,0.000207829,4.435070950214297e-05,6.34443810586125e-05,9.213993354747085e-05,0.11124903736653972,0.15664559056055816,0.7935596412026921,0.30511107431552903,0.27657206081385904,0.48839155405284546,93.03020461146383,93.42254380554962,57.90916285412754,1280.546,1240.1344,1393.3645
2023-01-12,1389.4,1438.0,1361.92,1415.92,877712.4492,0.00030000000000000003,0.00027592666666666666,0.0002529792857142858,0.00020817933333333336,4.169623644099447e-05,6.482727055137526e-05,9.248048174065119e-05,1.0632661958531822,0.9245826014154797,1.2340751854074883,0.19740364909826166,0.28053557461699835,0.4841165231135457,97.09987415588614,93.85611334989858,64.82827079574841,1300.738,1244.7623999999998,1394.4551500000002
2023-01-13,1415.91,1464.0,1401.03,1451.2,499377.8649,0.00030000000000000003,0.00027592666666666666,0.0002529792857142858,0.00020817933333333336,4.169623644099447e-05,6.482727055137526e-05,9.248048174065119e-05,0.7282548649741682,0.8406997242263375,1.1971630140115508,0.19626704816243024,0.28779371428434636,0.4857631951339809,97.36212278840704,94.7965333994339,82.36847496931125,1324.4029999999998,1249.7118,1395.7486000000001
2023-01-14,1451.21,1599.98,1449.14,1549.9,940691.7774,0.0011759399999999999,0.0005919799999999999,0.00031554642857142866,0.0002373773333333333,0.0005057241947939688,0.00025562501751309454,0.0001991863209008526,1.78336270577059,4.034104217324395,5.127869361277399,0.4103736679137581,0.37307120793890997,0.5100673216260588,99.9999999997551,97.14042054170504,85.03786415223297,1353.703,1256.7238,1397.77785
2023-01-15,1549.91,1566.66,1516.03,1552.52,387832.7138,0.0006171600000000001,0.0006976999999999999,0.0003382007142857143,0.00025254266666666666,0.0004434892778861823,0.00026790037848378783,0.00021027602098084005,0.2358310093620765,1.3397499733532692,2.236257721265243,0.46057110323824185,0.3753178679683759,0.5031094661254607,99.99999999973319,97.1282517928059,85.78929014212605,1383.8310000000001,1263.6622,1400.0394000000001
2023-01-16,1552.52,1604.5,1521.31,1576.94,574622.8953,0.00034183,0.0007116433333333332,0.00034380142857142864,0.0002620433333333333,0.00042500611552463653,0.00026703497765294426,0.0002075486827865483,-0.5460494345914875,0.1020564086608794,0.884846599168058,0.4613859403937419,0.3578310928159299,0.5020456923479297,99.99999999972715,97.20863683627441,88.93859214937177,1414.611,1271.3234000000002,1402.56905
2023-01-17,1576.94,1609.0,1541.15,1565.57,506771.7219,0.00030000000000000003,0.00041966333333333324,0.00035875428571428575,0.00026605666666666667,0.00017231116398348228,0.00025745912027152503,0.00020706302689215572,-0.6573854318275513,-0.12008927445528028,0.6555692278748231,0.5416547953755972,0.342754230050688,0.5026819719159392,95.50041552864434,94.4081777234649,85.75032301679666,1444.761,1279.2794000000001,1405.09825
2023-01-18,1565.56,1610.0,1501.39,1511.43,752534.8857,0.00030000000000000003,0.0003139433333333333,0.0003604621428571429,0.0002771986666666666,2.4150561760405087e-05,0.0002569473799821063,0.0001991893520165576,-0.6573854318275513,-0.12971738866281243,0.6423379442528973,0.7107617494383403,0.4013517625314066,0.5120138716942098,74.11285861040118,81.26827350651386,77.63336242230838,1466.888,1285.1782,1407.32035
2023-01-19,1511.44,1564.43,1509.15,1551.09,308679.4645,0.00030000000000000003,0.00030000000000000003,0.0003604621428571429,0.00027972466666666666,0.0,0.0002569473799821063,0.00019897472393164074,-0.5189129773965964,-0.12971738866281265,0.6210103834017879,0.4488825053868184,0.4020669874715317,0.4859538070384433,75.38975919436201,83.99582775874106,79.0248998777272,1489.958,1290.3108,1409.7044999999998
2023-01-20,1551.09,1669.9,1542.02,1658.52,440570.9974,0.00030000000000000003,0.00030000000000000003,0.0003604621428571429,0.000283136,0.0,0.0002569473799821063,0.00019839569012280694,-0.446974660352543,-0.12971738866281243,0.5956885543473048,0.728604354258696,0.4563703526438884,0.5007761600591277,80.63781994426776,86.69657330244395,82.27095444811191,1522.248,1297.953,1412.2421
2023-01-21,1658.53,1679.26,1616.21,1626.66,494248.6009,0.00030000000000000003,0.00030000000000000003,0.00036986714285714296,0.0002842616666666667,0.0,0.00025173062267274396,0.00019839226328565256,0.0,-0.12971738866281243,0.5718507385439072,0.7778121184211889,0.4786908000014933,0.5017689269173653,64.13627992616983,82.52920172946813,78.5733376468652,1545.975,1304.5744,1414.7128999999998
2023-01-22,1626.65,1663.89,1604.0,1627.44,431729.6909,0.00030000000000000003,0.00030000000000000003,0.0003772857142857144,0.00028868166666666675,0.0,0.0002477153744712855,0.00019717226564225569,0.0,-0.13820517638707855,0.5470712920077575,0.7683786354596707,0.48260079919598364,0.4951551078380785,63.89156715847838,81.69805646382773,78.80721923972463,1567.127,1312.3129999999999,1416.9172499999997
2023-01-23,1627.43,1648.09,1585.29,1626.29,407267.1156,0.00030356000000000003,0.00030118666666666664,0.00038330500000000007,0.00029303566666666667,2.0553669607194904e-06,0.0002445849510670274,0.00019596680575146213,1.7776885608888184,-0.17578990552848273,0.5438017758476708,0.6379151696516395,0.4832814105664734,0.49462275787193927,60.01461098241806,80.41118224815568,78.38789710799709,1584.636,1319.2506,1418.86125
2023-01-24,1626.28,1641.46,1535.0,1555.97,462275.3243,0.00030000000000000003,0.00030118666666666664,0.00038330500000000007,0.00030270233333333334,2.0553669607194904e-06,0.0002445849510670274,0.00018853543156773292,-0.44442214022219617,-0.19822875535519852,0.5065261808848526,0.7884999606919172,0.5353712841946664,0.5089198129647854,48.427981921681095,69.7435621739017,72.80685490252178,1585.243,1325.1817999999998,1420.5709
2023-01-25,1555.97,1641.0,1518.0,1611.94,646474.9166,0.00030000000000000003,0.00030118666666666664,0.0003884635714285715,0.00030917600000000004,2.0553669607194904e-06,0.00024179815535362598,0.00018483900212774558,-0.44442214022219617,-0.19822875535519827,0.4806755916056997,0.5584211116736094,0.5406989380041445,0.5146319950608282,66.36064719846843,69.86237795173803,76.70740201327831,1591.185,1331.9942,1422.5455
2023-01-26,1611.95,1632.84,1577.43,1601.09,532777.8466,0.00030000000000000003,0.00030000000000000003,0.00038846357142857153,0.0003125853333333333,0.0,0.00024179815535362598,0.00018365177852875845,-0.44442214022219617,-0.19822875535519827,0.45473011719157386,0.5402718262655237,0.5469297181789361,0.5141559748661896,58.981175456095386,67.0021118352882,75.34929634477702,1593.6,1339.3924,1424.7091500000001
2023-01-27,1601.08,1621.0,1552.54,1597.62,512093.3875,0.00030000000000000003,0.00030000000000000003,0.00038846357142857153,0.00031795166666666666,0.0,0.00024179815535362598,0.00018073388373961242,-0.44442214022219617,-0.23288722386025812,0.4281576687138842,0.5391124053351762,0.5459791822917197,0.5100123494864728,32.54013761454827,64.27819167591761,75.06713905638395,1596.805,1345.7412,1427.21525
2023-01-28,1597.61,1606.83,1555.99,1572.1,313675.6574,0.00030000000000000003,0.00030000000000000003,0.00032589642857142867,0.00031934000000000004,0.0,8.456410309591241e-05,0.00018041995500917235,0.0,-0.26087344580958793,0.41523461088462893,0.5473019598463577,0.5569645213945569,0.5047068875735671,33.7677020110458,52.52525252508522,73.0715889981411,1602.872,1351.9212,1429.88285
2023-01-29,1572.1,1660.0,1566.33,1644.72,551767.9134,0.00030000000000000003,0.00030000000000000003,0.00030324214285714295,0.00031934000000000004,0.0,1.1146788553363945e-05,0.00018041995500917235,0.0,-0.2829656756628261,0.41435943485717414,0.5216661551321997,0.574684592909986,0.4943038450223958,53.601500625104116,59.047020959096734,75.15738224613852,1612.2350000000001,1359.4886,1432.5314500000002
2023-01-30,1644.73,1647.53,1535.0,1566.2,595055.3281,0.00030000000000000003,0.00030000000000000003,0.0003002542857142858,0.00031934000000000004,0.0,9.514500203952403e-07,0.00018041995500917235,0.0,-0.2829656756628261,0.39762290419429724,0.6461943400301331,0.6290332604778539,0.5094282984526225,40.53014782353086,49.04729801641297,68.57477374829439,1603.003,1365.5523999999998,1434.39535
2023-01-31,1566.21,1605.18,1561.63,1585.33,348856.6751,0.00030000000000000003,0.00030000000000000003,0.0003002542857142858,0.00031934000000000004,0.0,9.514500203952403e-07,0.00018041995500917235,0.0,-0.3031100806078853,0.3831385861990718,0.6634687564785867,0.6133770068319145,0.5090865191731608,55.51713770280041,51.729025935262285,69.17880493234946,1598.8700000000001,1371.751,1436.16575
2023-02-01,1585.32,1647.77,1555.18,1641.68,474617.1709,0.00030000000000000003,0.00030000000000000003,0.0003002542857142858,0.0003205593333333333,0.0,9.514500203952403e-07,0.00018015240968906343,0.0,-0.3031100806078853,0.357236185556914,0.7344104447106422,0.6232892040628322,0.5011437907340406,55.580574945436815,61.35313703940537,69.61882036201364,1600.2939999999999,1378.1708,1437.5948999999998
2023-02-02,1641.67,1714.68,1626.85,1643.12,629188.8874,0.00030000000000000003,0.00030000000000000003,0.0003002542857142858,0.00032753733333333335,0.0,9.514500203952403e-07,0.00017491870416996662,0.0,-0.3031100806078853,0.3324115023386863,0.7025994897533338,0.6189284088734082,0.4968828758370314,58.17545224648619,58.59434825632313,70.06718420331804,1601.977,1384.8844,1439.1172499999998
2023-02-03,1643.12,1676.0,1625.93,1663.52,464815.032,0.00030000000000000003,0.00030000000000000003,0.0003002542857142858,0.0003283343333333334,0.0,9.514500203952403e-07,0.00017473057677430017,0.0,-0.2552785972693569,0.3131894261103456,0.595592568535785,0.5593159443059934,0.49474017041680873,62.02642528635881,50.55756278141135,70.1436276711106,1612.732,1392.8239999999998,1439.52965
2023-02-04,1663.52,1695.29,1645.43,1666.38,308227.1295,0.00030000000000000003,0.00030000000000000003,0.0003002542857142858,0.0003283343333333334,0.0,9.514500203952403e-07,0.00017473057677430017,0.0,-0.2425859734099688,0.2947527860095833,0.2623814921726535,0.5593141317426726,0.4946448120105277,68.75696323393234,54.73556201994222,70.59516130663384,1618.176,1402.8150000000003,1440.14995
2023-02-05,1666.39,1673.81,1609.3,1629.02,413579.6748,0.00030000000000000003,0.00030000000000000003,0.0003002542857142858,0.0003283343333333334,0.0,9.514500203952403e-07,0.00017473057677430017,0.0,-0.22083265794288046,0.27507320526513324,0.39872232080608006,0.5672984299490814,0.49086913603950283,46.36674997670806,50.1732608121979,67.14913257334356,1620.969,1411.6522,1440.68715
2023-02-06,1629.01,1658.56,1605.01,1614.29,384119.4197,0.00030000000000000003,0.00030000000000000003,0.00030000000000000003,0.00033272333333333337,0.0,0.0,0.00017220837492815748,0.0,-0.22083265794288046,0.25058666812088953,0.2520151013910717,0.567907215911618,0.48433392715146417,65.79102909275588,48.72215359699236,65.1108506085654,1622.636,1420.2768000000003,1440.88135
2023-02-07,1614.28,1678.37,1613.14,1671.03,451922.4,0.00030000000000000003,0.00030000000000000003,0.00030000000000000003,0.00033618533333333334,0.0,0.0,0.00017040238926470776,0.0,-0.22083265794288046,0.24198746906456092,0.4151189885805487,0.5593499027920424,0.4881744600385939,72.56688434774172,62.61733485374227,66.53911774259478,1632.529,1430.3410000000001,1441.5601500000002
2023-02-08,1671.03,1697.91,1630.47,1650.43,417966.2539,0.00030000000000000003,0.00030000000000000003,0.00030000000000000003,0.00033887566666666673,0.0,0.0,0.00016912553757454733,0.0,-0.22083265794288046,0.22423499481929973,0.4201308033560727,0.5558034884096611,0.4899657463353272,52.83851294337905,54.57571506674812,63.307232723458675,1633.1,1439.0107999999998,1442.06895
2023-02-09,1650.42,1656.17,1524.4,1545.35,658011.6964,0.00030000000000000003,0.00030000000000000003,0.00030000000000000003,0.00033887566666666673,0.0,0.0,0.00016912553757454733,0.0,-0.22083265794288046,0.19810037401825561,0.684486285961079,0.5520924820123186,0.5194561452723696,31.03541917204595,44.586457402466074,56.108819392509595,1631.0149999999999,1445.6422,1441.8072
2023-02-10,1545.35,1555.01,1490.0,1513.06,484654.2199,0.00026828,0.00028942666666666666,0.00029773428571428585,0.0003402256666666667,1.8313550538966732e-05,8.477526593370475e-06,0.00016836811090650285,-1.7875942362837771,-4.2165279138225085,-0.03825938977965974,0.6830362750217476,0.5530895746891523,0.5226758323663758,22.101906103925458,42.222794496249165,52.9279236636928,1623.788,1451.5492000000002,1442.1685499999999
2023-02-11,1513.05,1543.0,1505.0,1538.51,289691.5708,7.324e-05,0.00021383999999999994,0.00028153714285714294,0.00033266700000000003,0.00012279173262076895,6.054494623239928e-05,0.00017518817872946304,-1.771312729570146,-4.205295001922992,-1.2936733049268685,0.7360205707947847,0.5596871361069206,0.5176737783489198,28.12318220694719,46.910241551105344,49.42072767575154,1613.471,1457.9196,1442.6154999999999
2023-02-12,1538.5,1548.02,1493.08,1514.83,286758.374,0.00016673,0.0001694166666666666,0.00027201785714285723,0.0003282246666666667,9.754775257966744e-05,6.749652095632169e-05,0.00017771654749439592,-0.5526546232488548,-1.9815587275224162,-0.6634195709496045,0.5667570086172582,0.5621862931527078,0.5186650397977395,29.50425386789442,36.86998362401872,48.123363108440884,1600.642,1463.808,1442.01095
2023-02-13,1514.82,1526.1,1461.93,1505.24,643152.3904,0.00018549000000000001,0.00014181999999999994,0.0002638385714285715,0.0002952096666666667,6.01281689394484e-05,7.07066552037943e-05,7.986284758269961e-05,-0.14812018320287298,-1.4642263939755578,-0.5272191038924658,0.5760801115397555,0.5320530824876862,0.5120303993290959,30.05888161496165,42.84002818872451,46.37644537869951,1584.8139999999999,1469.5426,1440.9145500000002
2023-02-14,1505.25,1569.0,1482.66,1555.71,668964.3768,9.261999999999999e-05,0.0001482799999999999,0.00024902571428571434,0.00027772500000000004,4.910713899231769e-05,8.317214037202758e-05,6.247297544009992e-05,-0.8268357782939134,-2.3564682527936447,-1.117866277470717,0.4360575493696394,0.5289877550362276,0.47101085632234474,28.417427758572074,46.75958340612319,49.52064251391532,1573.7469999999998,1476.0946,1440.0847
2023-02-15,1555.7,1680.0,1542.55,1674.92,581207.8586,0.00011435,0.00013081999999999994,0.00023576500000000006,0.0002701423333333334,4.857627919068023e-05,8.90143388405995e-05,6.798588639956621e-05,-0.25258377916599406,-1.7675588178554842,-0.9906036301241993,0.6776481008636441,0.6188168482481691,0.5000452064647819,53.347732181323394,53.1967686092047,57.4753321809544,1578.337,1485.362,1439.9742999999999
2023-02-16,1674.92,1742.97,1633.72,1637.84,832723.6731,0.00034101,0.00018265999999999994,0.0002386942857142858,0.00027150933333333334,0.00013756485779446218,9.191820257616804e-05,6.901150003778904e-05,1.6497071938997343,1.031994279939024,0.47190306538199756,0.7724111840096921,0.6275588511957005,0.5043592209879557,65.53044295917697,49.52478669390263,53.97589257055673,1580.692,1494.3158,1439.7728999999997
2023-02-17,1637.83,1722.0,1630.51,1693.87,579934.663,0.00030000000000000003,0.00025178666666666663,0.0002386942857142858,0.0002715093333333334,0.00012077699712007878,9.191820257616804e-05,6.901150003778904e-05,0.845224679847732,0.5277036667616333,0.17348159466692262,0.722213732424147,0.6370502962800407,0.506940055195091,78.11887655110357,52.56694351866028,51.7002549178541,1582.976,1504.1834,1440.0908499999998
2023-02-18,1693.81,1713.13,1679.77,1691.62,267305.7813,0.00030000000000000003,0.00031366999999999994,0.0002386942857142858,0.0002715093333333334,2.3677134539673646e-05,9.191820257616804e-05,6.901150003778904e-05,0.603820779477455,0.5277036667616333,0.16506303117073032,0.7050796778139065,0.6093266513723052,0.49957244711483395,75.66290100883988,52.13695475468538,53.21603263545457,1587.0949999999998,1514.0159999999998,1440.3944000000001
2023-02-19,1691.62,1726.59,1666.14,1679.75,401023.0477,0.00030000000000000003,0.00030000000000000003,0.0002386942857142858,0.0002715093333333334,0.0,9.191820257616804e-05,6.901150003778904e-05,0.3235727969141506,0.5277036667616333,0.15385479177673372,0.7373635296243994,0.5677282031534729,0.5001371691128333,78.7818499125475,54.48882439330299,52.5616289431778,1600.5349999999999,1523.6884,1440.7023500000003
2023-02-20,1679.74,1719.89,1650.56,1703.27,451314.8335,0.00030000000000000003,0.00030000000000000003,0.0002386942857142858,0.0002715093333333334,0.0,9.191820257616804e-05,6.901150003778904e-05,-0.4469698854183952,0.5277036667616333,0.15001445779893385,0.4076375241230134,0.5682939264348185,0.5005415881413684,82.95776054302809,57.7527619975589,53.68890166748099,1619.556,1533.7469999999998,1441.1788999999999
2023-02-21,1703.27,1716.66,1636.3,1659.76,520354.4688,0.00030000000000000003,0.00030000000000000003,0.0002386942857142858,0.0002715093333333334,0.0,9.191820257616804e-05,6.901150003778904e-05,0.0,0.5277036667616333,0.13565980806243053,0.42831477587373795,0.5632199787031853,0.5064617870081156,67.72753603418607,48.994880759023616,55.10481118233083,1631.681,1542.6621999999998,1440.7936499999998
2023-02-22,1659.77,1666.95,1595.07,1643.14,528875.4809,0.00030000000000000003,0.00030000000000000003,0.0002386942857142858,0.00027139066666666674,0.0,9.191820257616804e-05,6.895752750450615e-05,0.0,0.5277036667616333,0.1217723651218223,0.27531776664209473,0.5650335529166178,0.5077193369863496,41.67539815575664,49.345189975623676,51.5963325281973,1644.512,1551.2340000000002,1440.55635
2023-02-23,1643.15,1679.0,1628.75,1650.53,501305.9717,0.00021275,0.00027091666666666665,0.00023246214285714293,0.0002684823333333334,5.037381098689479e-05,9.03869410392776e-05,6.954669955145417e-05,-1.7883960467419813,-0.492047661545259,-0.5131586455539073,0.28864205458899705,0.5627307705230108,0.5074583018067146,53.93634840847602,61.45851490307208,52.53856107113813,1659.041,1559.1066,1440.3080499999999
2023-02-24,1650.52,1664.66,1575.64,1607.8,512515.4982,0.00018598000000000003,0.00023290999999999994,0.00022658357142857152,0.00026468166666666665,5.9623479435624164e-05,9.055438345649029e-05,7.086789040337217e-05,-1.3187397400930425,-0.7467337599903372,-0.717994455646196,0.34296917830166546,0.573284286376761,0.5132270279098853,20.900669416359193,60.091606305743234,50.502448076935366,1664.25,1566.2377999999999,1439.4618000000003
2023-02-25,1607.8,1608.98,1557.33,1594.58,290188.0391,0.0002306,0.0002097766666666666,0.00023782357142857147,0.00026236833333333334,2.245810840974298e-05,7.9097995268482e-05,7.080792591922876e-05,-0.29405054182325496,-0.16021055342458268,-0.40536981028323144,0.2486572487826751,0.5664616354930725,0.5122353831339819,19.45738385991673,56.13229214498198,51.12316885490423,1656.216,1572.7466,1438.9209
2023-02-26,1594.58,1651.26,1587.76,1641.36,308607.9941,7.048e-05,0.00016235333333333328,0.0002309485714285715,0.0002547176666666667,8.26333354848033e-05,8.928013965189579e-05,7.857526985186447e-05,-1.5454655891383802,-1.8289529397554343,-1.522155089011917,0.3925588278527268,0.5792477493138671,0.5125620024892629,40.09392578816085,63.1727986339175,49.827674633152604,1656.568,1580.2923999999998,1437.8598499999998
2023-02-27,1641.37,1665.22,1608.0,1633.45,431861.4129,0.00024658,0.00018255333333333325,0.00023531214285714292,0.00025293700000000006,9.738667328409946e-05,8.837575051827633e-05,7.811766691208573e-05,0.8171127684225264,0.19743077384522986,-0.2788635926860281,0.38551181995924716,0.5593031170080369,0.5131044114268993,30.405253704415756,63.39455483798503,53.71838680052814,1650.5259999999998,1587.1581999999999,1436.6261499999998
2023-02-28,1633.45,1647.52,1596.66,1605.23,393523.1647,0.00015746,0.00015817333333333327,0.00023994357142857154,0.0002481856666666667,8.805216711327483e-05,8.17750946293959e-05,7.947942764326007e-05,-0.2971675352873189,-0.7472688578066615,-0.8844089786338273,0.4012477369307988,0.5616536475966917,0.5159500085084153,33.259654939379345,55.425779024241585,51.08936039748731,1641.887,1592.855,1434.8609000000004
2023-03-01,1605.24,1669.72,1595.0,1665.22,474456.8235,0.00020342,0.0002024866666666666,0.00024630571428571434,0.0002449663333333334,4.4567330336736727e-05,7.43829536628031e-05,7.926401098739927e-05,0.30678182423156536,-0.1653377957187201,-0.5499347716259251,0.46121628930383934,0.503544912723951,0.5214491995812878,55.35298681129389,48.77870668798274,51.283505266904115,1640.434,1599.4470000000001,1433.2692499999998
2023-03-02,1665.23,1677.86,1619.18,1647.86,423023.8082,0.00027746,0.00021277999999999995,0.00024176642857142865,0.000244215,6.054508402843637e-05,6.996698425873479e-05,7.883000447270616e-05,1.0637642613411775,0.6992298614063027,-0.030160641544251597,0.468272539265937,0.49544539424923695,0.5229214956787868,49.382544748001614,51.3275039743724,50.254035629150096,1634.893,1604.6164,1431.8319999999999
2023-03-03,1647.86,1649.25,1544.39,1569.45,742816.5976,5.334e-05,0.00017807333333333324,0.00022414785714285721,0.00023599300000000002,0.00011418968313006197,8.38531219710034e-05,8.540051268315768e-05,-1.531998266268249,-1.879243615875911,-1.5391318429975105,0.5856241159040093,0.5407361030362058,0.5393622033493977,42.38755012096682,34.43894141765918,45.25354457830698,1625.8619999999999,1607.6870000000001,1430.1839499999999
2023-03-04,1569.45,1577.53,1549.12,1566.73,237640.2606,0.00010737999999999999,0.0001460599999999999,0.00021038928571428582,0.00022957233333333336,0.00011695961012251543,8.621908930734095e-05,8.763400346513776e-05,-0.6070479426883212,-1.1865569462520142,-1.1740665947223874,0.5882080083229495,0.5358377386909987,0.5394852017807399,44.23132689825197,34.39850093679411,44.97128611931054,1618.221,1609.9976000000001,1428.6342499999998
2023-03-05,1566.74,1588.77,1553.05,1564.58,299240.7415,0.00013768,9.946666666666659e-05,0.00019879500000000006,0.00022416166666666668,4.2723231775515546e-05,8.413043140540605e-05,8.814520223149539e-05,-0.2090209031313588,-0.8097403889743694,-0.9431086676080684,0.5815331259983718,0.5348247862651632,0.5343492108913241,30.488920512190788,35.254653931709825,46.628296358172285,1609.626,1610.2912,1427.2858999999999
2023-03-06,1564.57,1583.49,1554.44,1565.84,307709.3011,0.00015308999999999999,0.00013271666666666657,0.00018830142857142863,0.0002192646666666667,2.3255688193305003e-05,7.95748161608378e-05,8.786706933782088e-05,0.08806531345813066,-0.698500819636987,-0.8170056973772251,0.3978747517867739,0.5162857801865042,0.534007497611318,32.21818946913599,31.341135579754294,47.428698799387774,1605.4299999999998,1610.5575999999999,1425.8831500000001
2023-03-07,1565.84,1584.49,1536.14,1561.96,437947.9032,0.0001387,0.00014315666666666658,0.00017678000000000008,0.00021388800000000002,8.617623416242088e-06,7.36119201258432e-05,8.769131783388082e-05,0.5188257109544632,-0.8889313970899653,-0.8903045617533684,0.4069916570049388,0.3966146228547563,0.533569947973495,36.948784460240915,35.12049659186596,43.867441834175416,1602.1680000000001,1610.2580000000003,1425.6478999999997
2023-03-08,1561.95,1570.89,1523.61,1532.38,460101.7658,0.00023659,0.0001761266666666666,0.00017225071428571438,0.00021177433333333332,5.285479196197795e-05,6.711079122949359e-05,8.62972661365243e-05,1.6808303239043256,0.31803671095716785,-0.2406352942214944,0.1549081191506205,0.3938599405108942,0.5361742304459549,0.9308510638249743,33.7880562059505,43.42888950724008,1591.27,1609.5941999999998,1425.4296
2023-03-09,1532.38,1546.45,1408.0,1437.32,718485.1364,0.00020326,0.00019284999999999994,0.0001715728571428572,0.00020854966666666665,4.9768354403280555e-05,6.671703085863104e-05,8.467913016845636e-05,0.6665626231315624,-0.0313557676864198,-0.4665420064524051,0.5222639890016474,0.4364913318567059,0.5593664329717768,0.5913827090940771,25.165979453408738,43.91880481392998,1571.657,1608.112,1424.5255499999998
2023-03-10,1437.32,1439.43,1368.39,1426.44,960262.4509,-8.915e-05,0.00011689999999999993,0.00015192071428571434,0.00019557800000000002,0.00017922102025156252,9.616774490954377e-05,9.881367026044138e-05,-1.7026242433484864,-2.7599626062145726,-2.2964677969244205,0.5075037409037747,0.43541262911123013,0.557240516693117,0.8658008657967002,27.182829248558065,45.00357629020326,1553.7779999999998,1605.619,1423.53445
2023-03-11,1426.43,1478.07,1408.4,1471.97,1374859.6201,1.707e-05,4.3726666666666595e-05,0.00013666857142857148,0.00018614699999999998,0.00014801633502199937,9.960095464919499e-05,0.00010195552455475759,-0.6214366749563244,-1.5079116838085078,-1.5491436769395392,0.6586117759038336,0.4677322255345984,0.5616508809312639,24.84336837624832,35.73406557594298,46.24873153666761,1534.453,1601.8880000000001,1422.56725
2023-03-12,1471.93,1594.19,1448.3,1580.33,1002355.0929,3.318000000000001e-05,-1.2966666666666733e-05,0.0001340042857142858,0.00017831033333333334,6.646659486798687e-05,0.00010197817705569373,0.00010443008116248683,-0.34448988387246154,-1.223348741508746,-1.4031497414227354,0.9802384772441971,0.5686326775803021,0.5799077231585359,52.67356985219192,43.789053754124076,53.37079808132174,1527.7,1600.9614000000001,1422.1861
2023-03-13,1580.33,1693.49,1565.0,1673.45,1228063.6053,0.00030000000000000003,0.00011674999999999994,0.00013782000000000006,0.00018586900000000002,0.0001589034452112697,0.00010737124024042595,0.00010476874541675726,1.3264014500824248,1.3752088276168948,0.25279137003127494,1.0428730573181217,0.6154488971670439,0.59429715845505,63.924329080394564,53.469090404366106,57.97120679345062,1538.1,1601.8816,1422.0778
2023-03-14,1673.44,1780.02,1655.24,1699.4,1283321.2355,0.00030000000000000003,0.00021105999999999997,0.00014800142857142863,0.00019031133333333335,0.0001540485988252098,0.00011580386069404773,0.00010673618210601836,1.056396857522723,1.3752088276168948,0.25279137003127494,0.6037254127526904,0.6167305551942223,0.5926346443792426,66.82334508410014,58.199390509218155,56.971249478299306,1551.367,1603.3438,1423.0339000000001
2023-03-15,1699.41,1716.9,1611.0,1649.96,963142.4833,0.00060094,0.0004003133333333332,0.00017639571428571435,0.00020415966666666665,0.00017374779000995272,0.0001675919446712146,0.00013041381499388316,1.4642960297401264,2.9682506458918554,3.011467148011652,0.7510178000295819,0.6307168154668629,0.5761860177923445,63.72507820879532,48.64644314339524,48.70110946885331,1559.905,1605.2236000000003,1423.8283999999999
2023-03-16,1649.95,1691.42,1632.18,1673.73,627985.6119,0.00030000000000000003,0.0004003133333333332,0.00017800571428571433,0.00021107233333333335,0.00017374779000995272,0.00016874184177267148,0.00012979238787207305,-0.03395686435483385,0.8006286374871479,0.5223551598840701,0.760401826785815,0.622065995924849,0.5771128466215164,83.1060075618032,52.26886039523396,51.89391140975261,1570.694,1606.4594,1425.0632500000002
2023-03-17,1673.73,1800.0,1662.65,1789.27,907528.2825,0.00021905,0.0003733299999999999,0.00018984214285714293,0.00021456233333333333,0.0002012286254487901,0.00016509698726126235,0.00012850317115857695,-0.8450417570753062,0.2466527350464649,-0.22042314664224893,0.7376582102231232,0.6782792857670886,0.5983781170717741,89.29197981403368,68.0999275408482,54.736748028685376,1593.425,1610.2230000000002,1426.2506
2023-03-18,1789.26,1841.0,1747.47,1758.84,711614.731,0.00030000000000000003,0.00027301666666666664,0.00020360071428571436,0.00021319533333333336,4.6736504291007825e-05,0.00016572121402032942,0.0001273243762378683,-0.297564964847771,0.7279407675350398,0.545305051707989,0.7127913901541664,0.6766167869706828,0.599834033865166,82.11638789982874,65.12796283157542,53.24671561036603,1616.071,1613.4474,1427.42185
2023-03-19,1758.84,1841.36,1757.92,1780.68,541131.8908,0.00030000000000000003,0.00027301666666666664,0.00021519500000000006,0.00021319533333333336,4.6736504291007825e-05,0.00016643110548534838,0.0001273243762378683,-0.29756496484777134,0.702201523224252,0.545305051707989,0.7111450593323926,0.6765530319996628,0.5930484801996305,77.81943403023001,66.50525479638716,54.8284011212018,1650.407,1617.619,1428.55475
2023-03-20,1780.67,1803.05,1722.0,1732.78,682848.1248,0.00028194,0.00029397999999999995,0.0002243985714285715,0.00021259333333333334,1.0426945862040916e-05,0.00016629516186389464,0.00012694192449855455,0.049663725649919714,0.5327602965355829,0.37782286533193776,0.7000688467924767,0.6838948773912651,0.5946948955077389,59.42134849289675,61.902521104142906,51.37955214796516,1681.041,1619.3802000000003,1429.28785
2023-03-21,1732.77,1835.0,1717.01,1801.23,742348.4999,0.00020707,0.00026300333333333326,0.00022928214285714292,0.0002094956666666667,4.9274174101079103e-05,0.00016457993046066653,0.00012586473710331412,-1.2082860255007046,0.021720718300249024,-0.3172204988622023,0.7441808805320335,0.6858432638629304,0.5794534030156907,64.24713881958479,65.62120519672015,56.46282743546484,1713.9669999999999,1624.0808000000002,1430.41725
2023-03-22,1801.23,1819.98,1710.12,1734.33,891287.6009,0.00011952999999999999,0.00020284666666666658,0.0002209207142857144,0.00020348,8.128732640051474e-05,0.00016713387883159704,0.00012570260041748762,-1.5596046070601328,-0.5202840693829103,-1.110390134686815,0.5987725226663426,0.7065401798566601,0.5853032013435986,61.2544353439082,62.57205821919691,53.98289612747437,1729.3669999999997,1627.0608000000002,1431.3016
2023-03-23,1734.34,1857.16,1729.35,1813.79,732061.103,0.00017983000000000002,0.00016880999999999992,0.00021924714285714291,0.00019947433333333334,4.4798361577302076e-05,0.0001674413488785968,0.00012442904361266397,-0.5092421445964773,-0.15701735027179015,-0.5242633832924808,0.7178291117798674,0.6888354980211969,0.5951513750272751,66.26637554574376,73.90073263315836,56.708359356892615,1743.4010000000003,1630.503,1432.47415
2023-03-24,1813.78,1818.99,1726.4,1749.57,564770.1417,0.00030000000000000003,0.0001997866666666666,0.0002470435714285715,0.00019947433333333334,9.187522317438931e-05,0.00014279385763599832,0.00012442904361266397,1.1078075466665687,0.6161870199007796,0.6083594080410412,0.794709821602367,0.7126062145217702,0.6024140064530824,44.76529535856716,69.21311436408544,55.7242415186937,1748.4180000000001,1632.632,1433.1330000000003
2023-03-25,1749.57,1763.23,1713.09,1741.88,355679.3743,2.6569999999999998e-05,0.00016879999999999996,0.00024772214285714297,0.00019326833333333337,0.00013704830133938435,0.00014163480146969873,0.00012832599274645111,-1.3757463559337886,-1.21479098679034,-1.871916630037484,0.7554160172345871,0.7132869090792326,0.5917536972142676,47.62105145027963,66.80488624890293,55.974205061521154,1757.61,1634.1991999999998,1434.04735
2023-03-26,1741.88,1801.0,1739.31,1773.88,354933.2372,6.209e-05,0.00012955333333333326,0.00024978714285714296,0.00018913866666666666,0.0001486757116456628,0.00013844095744720722,0.00013054293294921372,-0.7002121714715557,-0.9247732910990495,-1.4862565211666674,0.6783475241890687,0.7150196987459944,0.587252162949321,49.07260924108247,63.316866425274675,55.439976354940626,1767.625,1636.3491999999999,1434.7667500000002
2023-03-27,1773.88,1780.48,1686.13,1715.22,570563.5023,1.079e-05,3.3149999999999905e-05,0.0002291292857142858,0.00018181166666666668,2.6275364888266038e-05,0.000151347925068452,0.00013425155490225265,-0.858482115604669,-1.1796063318995773,-1.8549716653515693,0.6592867102566846,0.7344325871608575,0.5933252211617135,47.67343261425257,53.01697363658472,53.222412257423315,1760.22,1638.0732,1435.1660000000002
2023-03-28,1715.21,1795.73,1701.13,1772.99,536511.3973,8.573e-05,5.286999999999991e-05,0.0002138242857142858,0.00018232000000000003,3.831131947625144e-05,0.00015443241542520853,0.00013384372183952622,-0.09645592040934368,-0.6463132175461198,-1.1568819272732729,0.586910058849748,0.7358213693256536,0.5984686021060228,46.149440959824645,55.081690996620324,56.46065684872906,1761.6349999999998,1641.2472,1435.4397999999999
2023-03-29,1773.0,1827.99,1772.48,1793.07,536865.5972,0.00027584,0.00012411999999999992,0.0001906028571428572,0.0001832953333333333,0.00013663169361466238,0.00010971287992745528,0.00013443344962272473,1.719615539452882,0.529378785957401,0.5039927540735291,0.48569171121488425,0.6622199474923546,0.597227111436143,59.181568087903514,60.29998128703427,55.07982295106187,1762.8739999999998,1643.6879999999999,1435.5345499999999
2023-03-30,1793.06,1829.69,1763.0,1793.61,579690.0394,0.00011067,0.00015741333333333326,0.00017707928571428582,0.00018173566666666665,0.00010331581405256458,0.00010682156844038614,0.0001350136923754216,0.01641213821048508,-0.6201265405059503,-0.9080870093506551,0.4790732637187943,0.658795780437604,0.587430234558368,45.812583001194916,58.92655030666214,55.869489928111186,1768.9569999999999,1646.5516,1435.67205
2023-03-31,1793.6,1847.28,1777.91,1821.52,554525.4762,0.00024185,0.00020945333333333323,0.00017870785714285722,0.00018301666666666665,8.722064109684005e-05,0.00010768100698026503,0.00013540826015991282,0.8733795637868776,0.2077089105057784,0.24360128772995435,0.4731172363715266,0.6530031221746836,0.5746026304296228,67.57879306109308,52.76183951344717,60.58148418661089,1770.986,1652.075,1436.1978
2023-04-01,1821.52,1842.83,1807.81,1820.79,272904.9674,0.00026306,0.00020519333333333324,0.0001760692857142858,0.00018253666666666668,8.254369408588284e-05,0.00010489688038656502,0.0001350870716224711,0.7512131942891302,0.2899374887027185,0.43586818681610706,0.2614878133932141,0.5948327477809691,0.5741356306975127,69.95801507385816,55.589641793597714,60.68286939688006,1779.632,1658.2296,1437.4297499999998
2023-04-02,1820.8,1824.81,1771.7,1794.51,322122.9385,0.00012508000000000002,0.0002099966666666666,0.00016357500000000009,0.000184928,7.430071489120262e-05,9.92662335299819e-05,0.00013334488939172344,-0.9889304746594958,-0.6729485439359187,-0.7491305178335707,0.22356903469863226,0.5563255057146933,0.5696951509933872,55.37323540116286,51.23793838043693,59.47594437974125,1777.7040000000002,1663.3496000000002,1438.21035
2023-04-03,1794.51,1839.99,1762.77,1810.51,628503.6619,-5.3689999999999996e-05,0.00011148333333333326,0.00013960142857142864,0.000179559,0.0001588121299943565,0.00010857353543935222,0.00013966770898615999,-1.509566725729432,-1.7288451128159568,-2.182557741132725,0.21574613861153494,0.554342731319376,0.5699840534817877,81.91011988441942,57.37910345728924,59.9623769308958,1783.798,1669.2632,1439.8991500000002
2023-04-04,1810.51,1891.91,1802.01,1870.37,622208.6411,0.00019598,8.912333333333325e-05,0.00013880928571428577,0.00018150233333333335,0.00012866016723657916,0.00010808277244523579,0.00013947036532793283,0.32485586823251317,0.16682800780275364,-0.05823300312133043,0.3357769886876893,0.5473829427944217,0.5744907315571138,82.15984147914456,56.67245705446951,62.01020288938538,1796.6470000000002,1676.5657999999999,1442.0815
2023-04-05,1870.38,1942.98,1864.58,1908.69,548595.5155,0.00026853,0.00013693999999999992,0.00014945214285714292,0.00018535033333333335,0.00016902876471184096,0.00011325074332773192,0.00014024975779639845,0.8185517665985527,0.8510370397817656,0.5645841995624555,0.3474074934137515,0.5496591861908261,0.5762653407736625,84.07804762992896,67.8092825623163,64.55530715006633,1810.128,1683.6254000000001,1444.2807999999998
2023-04-06,1908.68,1909.91,1853.7,1872.41,396241.4352,0.00011478999999999999,0.0001930999999999999,0.00014480642857142865,0.00018455333333333335,7.69104524756586e-05,0.0001132427596331825,0.00014059152045192095,-0.12795444976727693,-0.5134291675277172,-0.7209107409799892,0.4241459721461723,0.48804936325448817,0.5753959759771302,69.18395169905335,56.56674284160239,67.63054031478036,1825.8470000000002,1687.5752,1446.9703
2023-04-07,1872.41,1882.61,1841.46,1863.72,284256.4873,0.00012819,0.00017050333333333326,0.00013253428571428577,0.00018094,8.515756298382437e-05,0.0001040686083396732,0.00014060100289040438,-0.021430201893026437,-0.3237255871114083,-0.5840705959951261,0.3882205460420681,0.4813674836086081,0.5749562589822006,61.33433605477583,64.60428341114496,67.75078751648937,1834.92,1692.0928,1449.4089999999999
2023-04-08,1863.73,1879.38,1847.0,1848.82,197905.5407,6.981e-05,0.00010426333333333325,0.00013562285714285722,0.00017649166666666667,3.058045345223684e-05,0.00010128631712803415,0.00014197482569668323,-1.1019202095545042,-0.7952265152354561,-1.0485510527453612,0.4093140817118986,0.48155427574067455,0.5697939647864342,56.995956671292866,63.43399829131999,65.68783355103785,1840.4949999999997,1695.1917999999998,1452.03845
2023-04-09,1848.82,1873.99,1824.01,1858.92,287131.3079,1.98e-05,7.259999999999992e-05,0.00013260214285714292,0.00018012333333333334,5.424883501063674e-05,0.0001042356950656647,0.00013622240891992925,-1.0778722102464933,-1.168651765187111,-1.4211288193564118,0.2846273266500071,0.46345692147765244,0.5687634048663235,67.48846049390582,61.30490269040244,62.63068650637417,1847.0260000000003,1698.5378,1455.10415
2023-04-10,1858.91,1918.79,1846.4,1910.2,434739.7984,4.520000000000001e-06,3.137666666666657e-05,0.0001321542857142858,0.00017970500000000003,3.414982332816488e-05,0.00010481121150497648,0.00013675862037380355,-1.1403269221596668,-1.1869435413681058,-1.4911096828339878,0.3342580183541108,0.4490119137733339,0.5460097335815844,72.71567242377567,76.43868308264084,61.15703258261507,1855.8940000000002,1703.1468000000002,1458.02285
2023-04-11,1910.21,1937.37,1881.11,1889.86,405203.4892,0.00018012,6.814666666666658e-05,0.00013889642857142865,0.000184603,9.727224749816694e-05,0.00010463091737568391,0.0001339319914436553,1.3503262410889347,0.47637552109196935,-0.01122111843553739,0.29499269653684373,0.4153592942997998,0.5437010562529262,55.416597187267,67.6375599888482,59.023290189159084,1862.801,1706.8786000000002,1460.8359
2023-04-12,1889.86,1933.0,1852.65,1917.39,630844.4186,5.955e-05,8.139666666666656e-05,0.00012344714285714292,0.000176588,8.981535299348638e-05,9.865244481577688e-05,0.00013398277682415615,-0.10462373039352099,-0.6201221752892973,-1.019558185455513,0.3016487213919868,0.376975275675465,0.5434010388532072,52.5721381265563,68.34927382189251,62.938450075787166,1875.0890000000004,1712.0312000000004,1463.8372
2023-04-13,1917.4,2023.0,1899.55,2012.01,676164.5188,0.00030000000000000003,0.0001798899999999999,0.00013697071428571436,0.000176588,0.0001202251650030501,0.00010918128942720487,0.00013398277682415615,1.494094488049555,1.6768919826475355,0.968779924385139,0.4254074724655054,0.38199592785150116,0.5521244850401621,80.68671414729403,75.22872192933802,65.31621269180772,1895.239,1719.4085999999998,1467.4241
2023-04-14,2012.0,2128.76,2009.22,2099.99,896307.3934,0.00030000000000000003,0.00021984999999999992,0.0001411242857142858,0.00016655666666666666,0.00013882387222668288,0.00011445676198824272,0.00011028602663646356,0.9676668305765632,1.485154175872261,0.9455470704306863,0.4523609340629529,0.4073352113816067,0.5592833325900092,88.51181744071074,78.24755026250317,64.42847059680855,1918.2010000000002,1728.3978,1471.2432000000001
2023-04-15,2099.99,2111.85,2071.13,2090.6,321823.7851,0.00030000000000000003,0.00030000000000000003,0.00014376285714285723,0.00016655666666666666,0.0,0.00011785919241773516,0.00011028602663646356,0.6703561982368768,1.3253347090695455,0.9150238082573212,0.5114870256283217,0.4093840916556844,0.5555366273189287,90.13079272320046,76.89654484895894,65.71249952621528,1936.3920000000003,1738.0538000000001,1475.0560999999998
2023-04-16,2090.61,2141.54,2072.72,2118.67,319880.4393,0.00030000000000000003,0.00030000000000000003,0.00015625714285714292,0.00016925500000000002,0.0,0.00012479390865487286,0.00011258106130156834,0.4471720106792931,1.2002075836471482,0.8863890582941708,0.4214866861887478,0.36379672748349773,0.5284942509185103,90.6863820053774,82.19961856302629,65.91364941834874,1961.018,1748.5356,1478.96345
2023-04-17,2118.66,2120.51,2056.25,2074.0,426972.7071,0.00030000000000000003,0.00030000000000000003,0.00018152071428571433,0.000169255,0.0,0.00011438951299863162,0.00011258106130156834,0.0,1.0834734381032622,0.8974194142419311,0.5708480039775657,0.3731428829407863,0.5281690060775573,76.19961612267004,74.7627013512308,66.11474233018633,1982.0459999999998,1757.1884,1482.6549499999999
2023-04-18,2073.99,2125.0,2051.0,2103.5,414244.6135,0.00030000000000000003,0.00030000000000000003,0.00018895071428571436,0.00016925500000000002,0.0,0.00011869803008307505,0.00011258106130156834,0.0,1.061637210294066,0.8974194142419311,0.4568993067360106,0.373846525335006,0.5235527602228357,83.19865738420489,73.23539378455452,64.82049873973395,2007.514,1766.5894,1486.5288500000001
2023-04-19,2103.51,2104.6,1923.03,1933.73,775389.0602,0.00018985,0.0002632833333333332,0.00018333071428571437,0.00016618533333333336,6.359513215131671e-05,0.00011648230466233372,0.00011064137854542108,-1.7884913145326238,0.08213162837879812,0.003827273335808494,0.7744244559516996,0.5430044887623483,0.5664785166596821,51.76077586199088,51.977508213177956,58.88085227662932,2014.9949999999997,1773.1594,1489.6385500000001
2023-04-20,1933.74,1982.99,1914.43,1942.98,625336.2495,8.719999999999999e-05,0.0001923499999999999,0.00018136000000000007,0.0001621896666666667,0.00010642202544591297,0.00011795519605732193,0.00011127661883737949,-1.5501499194309407,-0.7350130265919957,-0.8207587292416831,0.791375125062387,0.5405029686437087,0.5660316018087036,40.88424055138626,55.82174264535275,56.13770036947143,2018.273,1778.7146,1492.96985
2023-04-21,1942.98,1957.27,1825.0,1848.78,688876.6186,0.00024010999999999998,0.00017238666666666652,0.0001893542857142858,0.00016620900000000003,7.793646792961561e-05,0.00011786705703488201,0.00011185877350170049,0.18735334100507448,0.5945439626989685,0.46260034876430933,0.7709842988334027,0.5859736240012839,0.5796266598958552,17.362608808595198,48.91989589348107,54.582829057240026,2014.1650000000002,1782.733,1495.5983
2023-04-22,1848.77,1887.31,1841.64,1874.16,331007.5879,7.753e-05,0.00013494666666666655,0.00018990571428571435,0.00016279899999999998,9.120236966956636e-05,0.00011728136396744424,0.00011298287350681275,-1.0512093515077023,-0.7834461247608578,-0.8685666851604413,0.8493860949119717,0.5841984661791015,0.5763208385800431,23.00169643744117,51.804637648027985,56.0121807107019,2009.8419999999999,1788.8272,1498.1616499999998
2023-04-23,1874.17,1882.01,1836.37,1862.0,344514.3444,-9.899999999999997e-06,0.00010257999999999989,0.0001877842857142858,0.00015246900000000002,0.00012687346806961297,0.00012081050048059489,0.0001141668960821343,-1.2844014454051524,-1.6057591366229718,-1.5392963075306683,0.7893344195396504,0.584503564539663,0.5759261261629504,16.660171979290638,50.21870650712882,54.078647732813,1994.841,1794.7326,1500.71065
2023-04-24,1862.01,1890.0,1806.0,1841.84,447864.0517,0.00015391,7.384666666666656e-05,0.00019845500000000008,0.00015671366666666664,8.196709238069029e-05,0.00010944084181735138,0.00011166441829729171,0.473134974446726,-0.13560915150789912,-0.1746761167114874,0.4645768357348434,0.5693186136087492,0.5767768298272579,17.793130236911253,44.92139906679907,56.07721548134213,1969.0259999999998,1800.2778,1503.15955
2023-04-25,1841.84,1877.86,1801.66,1866.1,457870.6047,0.00023337,0.0001257933333333332,0.00020225857142857148,0.000162423,0.00012404831088468836,0.0001096796794065496,0.00011103649409864543,0.8866471087217367,0.5918634652243989,0.4762811302409742,0.4928394091652656,0.5650216098971305,0.5730847204579733,16.580325468743723,48.24504387380338,54.61740639707123,1946.5759999999998,1806.2830000000001,1505.8345499999998
2023-04-26,1866.1,1964.72,1785.0,1866.01,897709.7298,0.00013793,0.0001750699999999999,0.00020785714285714293,0.000166661,5.1117586015095105e-05,0.00010367064330616804,0.00010741676949119918,0.21317230725008324,-0.27646811153884165,-0.30056424395071907,0.2137723281730703,0.5591532745204428,0.572490409141032,31.746630727643023,46.044649730462716,53.690324408404344,1921.3100000000002,1812.364,1508.5872
2023-04-27,1866.01,1940.96,1861.19,1908.68,727472.9466,7.055e-05,0.00014728333333333325,0.00019146785714285722,0.000166155,8.181199015635883e-05,0.00010609185187145468,0.00010784604690369048,-0.5086060857474353,-0.8438932654027096,-0.858390673131074,0.2662179949992879,0.5670293692698586,0.5709078035045406,42.1660880685661,41.353861601442745,55.58380807252047,1904.7780000000002,1819.89,1511.51495
2023-04-28,1908.68,1923.88,1873.94,1890.94,387630.7791,0.0002517,0.00015339333333333323,0.00018801785714285722,0.00016535033333333336,9.15596343010615e-05,0.00010303222178436397,0.00010708682399013072,1.1117072121886418,0.6867348261078158,0.6402920640944899,0.276948355990685,0.5674663000722503,0.5713745868181402,64.79713603786777,30.177694335320354,53.40220736689193,1883.5220000000002,1828.9624,1514.5194999999999
2023-04-29,1890.93,1918.0,1883.05,1907.8,182046.1406,0.00016551,0.00016258666666666658,0.00017841142857142863,0.00016717833333333332,9.061037486592834e-05,9.793166305424205e-05,0.00010658813536491339,-0.08572154790618924,-0.156602170434119,-0.07404489230682292,0.23414451995436095,0.5681565321800668,0.5693963052455486,62.557861728805456,32.90885971792875,54.1979061126533,1880.9289999999996,1838.5896,1517.6579499999998
2023-04-30,1907.79,1939.0,1866.16,1870.09,355336.4888,0.00014381,0.0001870066666666666,0.00016725500000000008,0.00016391033333333334,5.706700476934025e-05,9.17139758454662e-05,0.00010571916504825476,-0.15473294574816815,-0.462198568968887,-0.24540491271999576,0.31317539672243283,0.5625366815000001,0.5657175814170278,52.536209166488305,27.170199478274057,53.60667315643541,1873.6399999999999,1846.552,1520.5362
2023-05-01,1870.08,1886.49,1806.12,1830.73,445519.1779,5.549999999999999e-06,0.00010495666666666659,0.00014622285714285723,0.00015532666666666668,8.676973281821505e-05,9.268775177804464e-05,0.00010782435792024878,-1.2980937167793531,-1.6461346609613265,-1.339607965313015,0.364420372756158,0.5678032077926587,0.5678049427524919,46.891264200387155,27.43781417514346,50.94385421126778,1871.8349999999998,1851.56,1523.2544499999997
2023-05-02,1830.73,1881.87,1822.94,1870.08,373753.2027,0.00020617999999999998,0.00011851333333333322,0.00013952142857142862,0.00015803,0.00010267930771749651,8.366690944609948e-05,0.00010805628051443873,0.5555493677866126,0.18082161898770766,0.2865480426465368,0.35560732405551615,0.5722252535909254,0.5554021242108081,51.02693776429085,28.739798892377877,49.986198756803105,1871.4270000000001,1855.4925999999998,1526.1235000000001
2023-05-03,1870.09,1916.52,1842.64,1905.12,465185.2501,0.00026072,0.00015748333333333322,0.0001445835714285715,0.00016851033333333335,0.00013437431388976128,8.892492387549072e-05,0.00010188455080620855,1.0945710356169434,0.7465738439927452,0.714387017590038,0.39565794863701687,0.5359340064540653,0.5566046780738221,58.54938136649768,46.54660454321229,49.82956986667349,1875.739,1859.6070000000002,1529.2744999999998
2023-05-04,1905.12,1918.26,1866.71,1877.07,354528.6144,0.000299,0.0002552999999999999,0.00015971214285714292,0.00017194433333333334,4.664676194560711e-05,9.613559127834854e-05,0.00010454376891283448,1.006653213610194,1.1286961498908303,0.999755612862585,0.4069862346389105,0.4970211154037645,0.5582851596245256,42.61828032305899,42.389672770802605,50.224228192951124,1879.262,1864.1491999999998,1532.1301
2023-05-05,1877.07,1998.36,1875.65,1993.3,546608.875,0.00019234999999999999,0.00025068999999999986,0.00015630071428571435,0.000169405,5.402782894037265e-05,9.388420006862489e-05,0.00010303108716503083,-0.0036259626698590583,0.12481898144986084,0.12244003101089139,0.6238227558142214,0.5708765526219542,0.5756913258509324,66.37236084438112,65.87922471741697,55.65032354825683,1891.982,1870.5406,1535.4396
2023-05-06,1993.3,2019.0,1860.0,1896.33,608106.9915,0.00020694000000000002,0.00023276333333333327,0.00016554428571428575,0.00017247666666666666,5.7824640365017523e-05,9.188138697541307e-05,0.00010271986791445073,-0.5771525990605829,0.3372168027110911,0.23254483848045754,0.7915132388202967,0.600530613211538,0.5906742966260573,48.53963484496453,52.10481344332488,51.933296981317774,1895.014,1872.6817999999998,1538.3676999999998
2023-05-07,1896.33,1933.33,1867.59,1870.4,413268.8357,8.5e-05,0.00016142999999999992,0.00017232285714285721,0.00017103700000000002,6.659110826537378e-05,8.077121473438715e-05,0.0001036603282326693,-1.5227806319450274,-0.8860299712991697,-0.742278840125617,0.7906586564390843,0.5975841347549176,0.5895679542412118,50.04068989043914,50.77717330951652,50.46120717350608,1891.1859999999997,1874.9129999999998,1541.29425
2023-05-08,1870.41,1883.97,1810.73,1847.56,625316.6168,0.00010290000000000001,0.00013161333333333325,0.00016867928571428576,0.00017214000000000002,6.584589989774805e-05,8.279097864865795e-05,0.0001027178413136312,-0.8587036742988524,-0.611433403744273,-0.5811557304831855,0.768305506470735,0.5918298198503271,0.56634609370692,52.309212151047944,50.52660651800638,47.42459625683914,1886.848,1876.2506000000003,1544.1192
2023-05-09,1847.55,1861.88,1830.99,1846.52,304396.186,0.00024845,0.0001454499999999999,0.0001697564285714286,0.00017976166666666668,8.964849413130615e-05,8.378944991483779e-05,9.94555418293476e-05,1.1584885285509867,1.0347997389357138,0.5792984950707741,0.7632226463323134,0.47786013137690425,0.5657060184733329,46.38761116212061,48.116873124437646,48.18936849306085,1880.72,1878.5253999999998,1546.85305
2023-05-10,1846.53,1887.47,1790.51,1840.84,639933.3855,0.00013449,0.00016194666666666658,0.00016951071428571437,0.00018409400000000002,7.656110000087553e-05,8.389493846143933e-05,9.425342725312389e-05,-0.30194764614083414,-0.2998926979117269,-0.40703088417981126,0.37864398576673436,0.4768015777977743,0.5618615638825786,39.168969468128935,47.605001236861,46.742470020399765,1877.795,1879.3175999999999,1549.4892000000002
2023-05-11,1840.83,1842.02,1772.68,1794.3,522096.0725,7.227999999999999e-05,0.0001517399999999999,0.00016963428571428575,0.00018049933333333333,8.934281784234699e-05,8.373909304079456e-05,9.644124117583011e-05,-0.7940939271789089,-0.9251964747105914,-0.9527718189537475,0.18968534426105163,0.44094472862379047,0.5403928601074394,36.8714906575332,39.195979899393805,40.34022841616045,1874.152,1880.5169999999998,1551.6397
2023-05-12,1794.31,1818.63,1740.0,1807.45,565539.8309,1.367e-05,7.347999999999991e-05,0.00015263214285714293,0.00017897,6.0418938256239565e-05,8.9744132456878e-05,9.876122308984075e-05,-1.1543469230339354,-1.4994151650940366,-1.4061084959429373,0.24078962645059399,0.43758757276250104,0.5226145670337505,6.198444496797876,42.0447832299974,36.0968005626095,1867.889,1880.3901999999998,1553.9589
2023-05-13,1807.45,1817.03,1785.23,1795.11,212895.4373,6.081e-05,4.891999999999991e-05,0.00014515357142857148,0.000170997,3.106142462945709e-05,9.289554983189191e-05,9.830741004621366e-05,-0.49826421427630946,-1.0790783682751621,-0.9693833352994755,0.23396705533294548,0.43766038261686524,0.5217793791990134,10.312107904585858,39.16921361694858,35.99586733765483,1856.8880000000001,1881.3009999999997,1555.6357500000001
2023-05-14,1795.12,1824.0,1789.82,1799.21,218101.0977,8.804e-05,5.4173333333333244e-05,0.0001411700000000001,0.00016393166666666667,3.7626562869132016e-05,9.414496693927974e-05,9.631281309403406e-05,0.3237383114487032,-0.7088260645048869,-0.7519438461591758,0.2408919937364129,0.43603772646189237,0.5161682538876264,16.32131705921647,42.7171098597267,34.507875543047206,1849.102,1882.4476000000002,1556.8013
2023-05-15,1799.2,1846.7,1785.05,1816.2,388171.9261,-4.1320000000000004e-05,3.584333333333325e-05,0.00013782214285714293,0.00015255433333333332,6.819826415199187e-05,9.999056649184815e-05,9.978233637765192e-05,-1.5199964819287888,-1.8906871187724663,-1.9219020732750423,0.2724039782540131,0.4340017065503062,0.5155536386254401,34.29487179463146,48.43511039296111,37.15316536427202,1831.3920000000003,1883.2939999999999,1558.3120499999998
2023-05-16,1816.21,1832.64,1796.2,1824.21,311238.6786,5.704e-05,3.458666666666658e-05,0.00012716928571428578,0.00014445566666666668,6.753974040033665e-05,0.00010009213635939168,9.722956059235724e-05,0.4226558042081456,-0.7805193657330313,-0.9501925209104356,0.12026138047467327,0.4346746947588914,0.48887451926119624,39.55622132733187,44.70213208273642,35.777648772138704,1824.1799999999998,1885.4738,1559.6610500000002
2023-05-17,1824.21,1837.5,1783.68,1822.12,352097.9913,0.00011214,4.261999999999991e-05,0.00011655642857142863,0.00013819366666666666,7.773959866124525e-05,9.24258092165748e-05,9.281570904058754e-05,0.9713611552228002,-0.224603504356135,-0.40179379205944576,0.11624376444043447,0.42139197657024857,0.4869249609675094,40.931989924155694,39.623962396100936,43.14594873417653,1819.352,1886.4563999999998,1560.6738999999998
2023-05-18,1822.12,1831.92,1771.12,1800.56,293755.311,0.00019569999999999999,0.00012162666666666658,0.00010917785714285721,0.000134717,6.981508814965661e-05,8.003303857959987e-05,8.839390524118424e-05,1.315578002470063,0.7159317320651218,0.4291532742482898,0.15226019623729561,0.422353943350077,0.4869767456602484,54.0005112469606,40.2775306883463,41.38415003010784,1814.652,1886.6062,1561.7244999999998
2023-05-19,1800.56,1829.54,1796.81,1812.32,243116.4676,0.00017578,0.00016120666666666656,0.00010799428571428578,0.000134248,4.3644643810484685e-05,7.882178669086905e-05,8.812822074913431e-05,0.7906537541562383,0.49041484371333877,0.2544173436054328,0.16056545846912898,0.4212543931340127,0.48230030401351864,53.16851008409598,18.688581314788408,47.54992876900634,1811.232,1886.9804000000001,1562.9226499999997
2023-05-20,1812.31,1828.87,1807.06,1819.42,127754.4349,8.545e-05,0.0001523099999999999,9.931642857142864e-05,0.00013418966666666667,5.875284078247451e-05,7.360553925716897e-05,8.816100942388326e-05,-0.6739633673176347,-0.463853860434195,-0.6240373536274729,0.1414931209621939,0.4146076803742334,0.47288434724934464,66.97388632807039,30.688494952830084,46.22888478584496,1809.0899999999997,1886.9384,1564.1273499999998
2023-05-21,1819.42,1828.98,1797.21,1804.91,161517.8053,6.558e-05,0.00010893666666666659,9.792928571428577e-05,0.000128372,5.8734382037648136e-05,7.407757290260553e-05,8.667644071584138e-05,-1.0835383712261841,-0.7393417248525286,-0.8087022889006458,0.14864765651048473,0.406164491977826,0.46368136459121856,53.47476225265263,32.55553779742387,46.079683572811156,1810.1510000000003,1886.6208000000001,1565.5602000000001
2023-05-22,1804.91,1828.27,1792.01,1817.35,237498.9423,0.00016949,0.00010683999999999992,0.00010268571428571434,0.00013143733333333333,5.51585995109655e-05,7.651888944408584e-05,8.644217696330463e-05,0.5301130633676685,0.4612296661149049,0.2215221669046916,0.16798956647998575,0.39572184442937625,0.4506006483831787,50.74222279546241,41.48102193864942,48.300273455205726,1811.141,1887.0775999999998,1566.9919
2023-05-23,1817.36,1872.5,1815.24,1854.05,396869.6097,0.00020169,0.0001455866666666666,9.934571428571435e-05,0.00013849033333333333,7.113374749965148e-05,7.04465257880215e-05,8.307912719655573e-05,1.0322332674233758,0.9028098883906635,0.5663434648918974,0.1903990683003515,0.39715360913870223,0.4439910502511369,64.05425772376748,51.76785462707199,49.177867230486875,1817.0350000000003,1887.9484,1568.0382499999998
2023-05-24,1854.06,1854.09,1777.6,1799.89,420846.1445,0.00015001,0.0001737299999999999,0.00010045428571428579,0.00013836033333333332,2.609959386677622e-05,7.11606054276743e-05,8.305721532245586e-05,0.2715893520035656,0.42521392620740095,0.02523050463892378,0.3568803716185233,0.41158855528681654,0.45020187161167424,42.97541553415867,42.16867469856942,45.79881055237098,1817.1029999999998,1886.5388,1568.9028
2023-05-25,1799.89,1818.81,1761.41,1805.6,350633.0089,8.202e-05,0.00014457333333333324,0.00010115000000000006,0.00013331533333333333,6.001995695886644e-05,7.091114114481253e-05,8.167225611457619e-05,-0.8910627324653041,-0.43668510521774107,-0.6736130053490658,0.355931778968951,0.30422853401474237,0.44807578371862566,51.76991150417025,52.56096455410395,43.127633473624236,1816.0430000000001,1884.477,1570.08935
2023-05-26,1805.61,1838.2,1796.99,1827.79,275690.6854,0.00020368,0.0001452366666666666,0.00011472214285714292,0.00013550700000000002,6.097029960024943e-05,7.106328535764578e-05,8.267638495129697e-05,0.8498204864351967,1.2675001835222421,0.5459870423598762,0.3641654932798652,0.2360831869252658,0.44081156298746893,55.06184150226726,54.42828529096837,45.81461009248514,1816.4009999999998,1883.5846,1571.3878
2023-05-27,1827.8,1836.12,1812.18,1829.89,138824.9406,7.76e-05,0.00012109999999999991,0.00011592142857142863,0.000135742,7.155051642029562e-05,7.022013472556957e-05,8.249520493480657e-05,-1.0617538487345874,-0.4912678949126521,-0.7606310221800284,0.3611990263377889,0.2301308118709444,0.43341450931187314,53.54170895042638,57.92543979545581,44.73331981325594,1817.1780000000003,1882.908,1573.8634
2023-05-28,1829.89,1918.65,1823.6,1908.64,378392.4371,1.2750000000000002e-05,9.800999999999992e-05,0.0001105435714285715,0.000127777,9.708754966529508e-05,7.522445690751762e-05,8.24486974928665e-05,-1.2594678833788666,-1.2733684148414233,-1.3847012901885747,0.4914136631091555,0.2891545307294796,0.4446878963443596,74.45885404361182,68.60611419017226,52.46896975733402,1827.986,1884.1044,1577.89295
2023-05-29,1908.64,1927.62,1873.65,1892.6,313593.4942,0.00030000000000000003,0.00013011666666666659,0.0001349235714285715,0.00013225999999999998,0.0001506540435346635,7.749598417456788e-05,8.803798310365743e-05,1.43163600829878,2.3425039854613847,1.5254104447535695,0.3702876548716951,0.29224140332369114,0.4452999994693318,67.4472524922457,63.03220523987359,54.08452935797372,1836.014,1884.7780000000002,1580.8595500000001
2023-05-30,1892.6,1917.0,1881.19,1900.59,272665.8402,0.00024386,0.0001855366666666666,0.0001482678571428572,0.00013559500000000002,0.00015224765690592394,7.912087813334417e-05,9.035512281525532e-05,0.6405100074576133,1.4836183270095504,0.9549149024521719,0.368619741488536,0.29183418075368484,0.4438899416280812,62.44784422786073,63.029682701848344,52.10121072692403,1844.131,1884.5857999999998,1583.9161
2023-05-31,1900.58,1907.13,1846.95,1873.63,319255.5681,0.00013359,0.00022581666666666655,0.0001498000000000001,0.000139863,8.465957378432567e-05,7.857325176105281e-05,8.696080005299185e-05,-0.16937666698756065,0.16638898047110257,-0.14372993242352636,0.42150738922471276,0.2750886326479591,0.44542315252369824,73.08125704237412,58.099820737549685,47.80688925085475,1851.0030000000002,1884.2612,1586.9979999999998
2023-06-01,1873.63,1889.2,1840.0,1861.78,270496.6097,0.00025856,0.00021200333333333326,0.00015429000000000007,0.000141609,6.830454328479011e-05,8.306555001923546e-05,8.884368672772237e-05,0.5905122049877268,1.4591164145056819,1.1046984441861716,0.43240177393762275,0.27636584357972993,0.44417108487915075,66.93392814054222,59.92992928020534,48.910549641404884,1855.446,1883.149,1590.19945
2023-06-02,1861.78,1910.0,1847.51,1906.68,313004.0658,0.00022922,0.00020712333333333321,0.00015810714285714294,0.000140559,6.534961540318195e-05,8.532616583336141e-05,8.756436085567762e-05,-0.06214404545630762,1.0142160962150668,0.7841406606890807,0.28673628018484004,0.2893721554839223,0.44741165884994505,70.91574314624506,63.81956649065805,43.12975888305717,1860.709,1881.0423999999998,1593.5164499999998
2023-06-03,1906.69,1907.92,1881.6,1892.06,148818.2427,0.00018807,0.00022528333333333324,0.0001654371428571429,0.00013686133333333335,3.54095048446555e-05,8.297994071122064e-05,8.285874227001681e-05,-0.44745274729024853,0.49082923072965534,0.35367668348069237,0.2848557290881292,0.29297558185147166,0.4407500818810955,65.45671523024299,60.40926286803686,49.610437003669546,1869.9260000000002,1876.8837999999998,1596.7105999999999
2023-06-04,1892.05,1914.63,1884.22,1890.01,172683.0119,0.00015705,0.0001914466666666666,0.00017197071428571437,0.00013568466666666668,3.6203295890621506e-05,7.796201574772613e-05,8.229229187234703e-05,-0.7088432285158907,0.027486662871652058,0.047923710935115035,0.28118200756226147,0.2916642722618511,0.4378664986988648,42.51265975379984,62.64637698363042,51.87057633946001,1878.3669999999997,1872.872,1600.0798000000002
2023-06-05,1890.0,1890.63,1778.0,1810.5,555361.2683,0.00010106999999999999,0.00014872999999999989,0.0001670835714285715,0.00013215566666666668,4.409270688005925e-05,8.024067917181521e-05,8.139640234710515e-05,-1.3910758034784676,-0.7631843354029233,-0.5444938224784035,0.45620713537534663,0.3487854648502506,0.44807331601450767,28.150947413137658,49.15124030414391,46.80979271377477,1876.6380000000001,1866.7086000000002,1603.1301500000002
2023-06-06,1810.49,1898.29,1797.18,1884.64,491407.2174,3.8839999999999994e-05,9.898666666666656e-05,0.00015545142857142864,0.000130617,5.913253109198411e-05,8.640507462456838e-05,8.274368129429754e-05,-1.3937588037222166,-1.4779638841125489,-1.1762602819906112,0.6084003957218814,0.3892689152492943,0.459025230090578,46.8606070147904,53.468489919779465,52.91464048666826,1882.1129999999998,1862.9214000000002,1606.4904500000002
2023-06-07,1884.65,1897.8,1821.18,1832.13,429196.7064,0.00022658000000000002,0.00012216333333333324,0.00016092071428571434,0.00013473966666666668,9.56309229974506e-05,8.843370454441379e-05,8.438004358289836e-05,1.140670961615839,0.9082428106891716,0.7691194696219408,0.6040529519970619,0.4061416066842219,0.4639501623366959,42.57815294359467,53.669307110818686,49.37854074783702,1874.462,1857.4940000000001,1609.5627500000003
2023-06-08,1832.12,1861.28,1828.31,1845.64,189270.4853,0.00018296000000000002,0.00014945999999999991,0.00016813071428571438,0.00013255666666666668,9.825102747559856e-05,8.557470478738848e-05,8.215459708977252e-05,0.5698481346671613,0.34935460370070576,0.28654966980173097,0.6181984999378201,0.4063805467693952,0.4641155374898599,47.13056464218111,54.47754517785771,53.844310659611885,1869.766,1855.7322,1613.0799
2023-06-09,1845.65,1855.0,1827.0,1840.37,198324.3252,0.00015641,0.00018864999999999992,0.00016475428571428578,0.00013328733333333335,3.542935647186637e-05,8.499475592096294e-05,8.226978001054129e-05,0.2085304097397859,-0.03294541855734565,-0.02495631920274459,0.6173662145295843,0.406449797484352,0.4590588267672977,36.277471958836976,51.46211064604358,52.49446852340346,1863.7440000000001,1853.68,1616.7450499999998
2023-06-10,1840.37,1844.99,1715.03,1751.53,652324.6695,0.00013209999999999999,0.0001571566666666666,0.00016864714285714293,0.00013528133333333333,2.5438219932693984e-05,8.188720341735102e-05,8.146110100818439e-05,-0.2180340357056529,-0.4062345844322361,-0.28215216883507727,0.6548878423290961,0.4585376472314263,0.47404376540103615,27.75227179172522,42.420783843271195,47.040849584263526,1851.534,1851.735,1619.8047
2023-06-11,1751.52,1778.25,1738.72,1752.76,219956.2434,0.00010465999999999999,0.0001310566666666666,0.00017521214285714292,0.00013831433333333332,2.589077120026112e-05,7.144590704522295e-05,7.841397556129705e-05,-1.1903159358238484,-0.7215363600231212,-0.594737384506237,0.45377294457534795,0.45712989892750383,0.472431384238082,28.214977302245174,32.2629830229731,46.83363099683549,1840.632,1849.3069999999998,1622.6459
2023-06-12,1752.77,1759.33,1720.0,1742.57,302132.4819,0.00020058,0.0001457799999999999,0.00016811071428571436,0.00014297333333333334,4.940160321296108e-05,6.246489727644144e-05,7.780007500805336e-05,1.1756769848186248,0.5522393878186207,0.4896490441415015,0.43168828423639977,0.44666117918021303,0.45579281101210306,36.17566852527444,32.698295546173014,44.93387826979067,1824.221,1846.9184,1625.3401000000001
2023-06-13,1742.57,1770.13,1724.22,1740.12,284268.0018,0.00017829,0.00016117666666666658,0.0001634271428571429,0.00014598166666666667,5.019772139593673e-05,5.8692671463434096e-05,7.734624173748783e-05,0.6336656167479974,0.23728772764373973,0.26794011218574904,0.4052135734624487,0.43041550824676295,0.4414924040556158,8.471264367781998,31.254818587379972,44.16956720685081,1809.027,1844.884,1628.0442
2023-06-14,1740.12,1750.03,1630.43,1650.95,415847.327,0.00013449,0.0001711199999999999,0.00016349142857142863,0.00015184200000000001,3.362333564670062e-05,5.865795976637929e-05,6.886033618350054e-05,-0.4018088647238999,-0.3884887156610878,-0.20831122261654542,0.513712158851919,0.48126537413891196,0.4580454355795293,6.997056868865002,27.28867493464793,39.41054923830399,1785.1209999999999,1840.5809999999997,1630.2709499999996
2023-06-15,1650.95,1680.91,1626.01,1666.96,370774.7696,-0.00012674,6.201333333333324e-05,0.00013597000000000007,0.00014571600000000003,0.00016492566699378451,9.170272775071163e-05,8.407822841727498e-05,-1.714790336872199,-2.8126164527107154,-3.0159057732273675,0.46864538333318406,0.47967911763771115,0.45727499468273025,8.087821354824257,30.297330097001606,41.67767174131427,1770.7670000000003,1836.6,1632.63635
2023-06-16,1666.96,1729.5,1649.86,1717.92,311734.5904,-0.00014498,-4.574333333333343e-05,0.00010924142857142864,0.00013714533333333332,0.00015635285489349205,0.00011420547682253131,9.933892405617263e-05,-1.137474608503171,-2.4102444960676443,-2.965084122838035,0.5828081465151885,0.501802188522652,0.4627860812339721,26.347305389150335,31.141349957951505,44.39336706801097,1754.095,1832.7848000000001,1635.3871
2023-06-17,1717.91,1770.0,1714.26,1727.76,210914.9216,0.00016566,-3.5353333333333414e-05,0.00010764071428571435,0.00013614400000000002,0.00017432138289190263,0.00011316795608326559,9.88786770221443e-05,0.7641476341208208,0.20076093830624148,0.3250569681238051,0.5878494411711285,0.4611225116627005,0.46130758400715827,43.391715318151945,33.42680761772354,44.57376272777077,1743.6580000000001,1829.5212,1637.94345
2023-06-18,1727.75,1747.84,1712.0,1720.95,156535.0128,3.712e-05,1.9266666666666575e-05,9.907428571428579e-05,0.000131522,0.0001560876629761141,0.00011367813657015982,0.00010019406064712553,0.16653636175327036,-0.8525382863637223,-1.023444420952355,0.5881322696986685,0.46087396533667735,0.4143464043100881,41.42263927072752,33.108864199411826,44.983869040356126,1731.1889999999999,1825.7842,1640.0759
2023-06-19,1720.95,1752.19,1698.0,1737.11,245162.7589,0.00011995,0.00010757666666666659,0.0001004228571428572,0.000132672,6.515717484164294e-05,0.0001138155373622289,9.984440496468981e-05,0.777093825666448,-0.03532030664900513,-0.14434120414691773,0.23744993829877045,0.4633079797361258,0.4149581616575047,48.57366771142109,41.604703836605154,45.22733220702977,1720.863,1823.1246,1642.3794
2023-06-20,1737.1,1796.99,1714.72,1791.99,328855.6846,3.5419999999999996e-05,6.416333333333324e-05,0.0001001785714285715,0.00013166666666666665,4.8320147281901964e-05,0.00011396145865747172,0.00010069149624514627,-0.060750621291164604,-0.7773361899670226,-1.0153308496672915,0.29652946771923816,0.48495595405921715,0.40507927646166814,60.636509043011785,38.91295502942708,46.38681881680266,1724.909,1822.3497999999997,1644.8613999999998
2023-06-21,1791.99,1901.0,1787.38,1889.11,613755.8869,0.00010782000000000001,8.772999999999991e-05,9.169571428571435e-05,0.000129611,4.5705976633381524e-05,0.0001080980427286091,0.00010052205643536323,0.2598996778086732,-0.03340086346686404,-0.24422661074728366,0.43607692323081637,0.5381680633592547,0.4245776109215708,97.29525776444474,56.160799238650135,54.94699254773568,1738.5440000000003,1822.7304000000001,1648.1044
2023-06-22,1889.1,1933.17,1865.98,1872.01,416714.5719,0.00030000000000000003,0.0001477466666666666,0.00010005571428571435,0.00013288799999999998,0.0001367342244404969,0.00011961170515876358,0.00010447746800145165,1.6674541195131454,1.7240410367790384,1.7547831362391915,0.49199776591581484,0.5293243728110553,0.4248753734867943,90.54454858202487,52.82921700303851,53.63631385845679,1751.4879999999998,1822.0682000000002,1651.0674000000001
2023-06-23,1872.0,1936.42,1861.01,1892.63,401147.9324,0.00024288,0.0002168999999999999,0.00010623214285714291,0.00013598366666666667,9.86889477095101e-05,0.00012486280946447036,0.00010636117403102847,0.758926691315096,1.1389587728649564,1.117081462873359,0.4515682010267137,0.5307304585013188,0.424799971542277,89.25538129662307,55.42814408559228,53.55646240576806,1766.739,1822.3794,1654.2334999999998
2023-06-24,1892.63,1906.0,1864.77,1874.96,226910.2941,0.00023414,0.0002590066666666666,0.00011352071428571434,0.00014105433333333334,3.5769217678661774e-05,0.00012938521003720492,0.00010732154707595288,0.46048820437718807,0.9993705003927725,1.0244406882148043,0.5124134924991508,0.5322416640468898,0.4242805574406205,81.94999131768814,65.04473318521963,52.43056679054435,1789.14,1820.0126,1657.2516999999998
2023-06-25,1874.95,1930.0,1868.83,1898.8,338757.6158,0.00030000000000000003,0.0002590066666666666,0.0001274735714285715,0.00014426500000000003,3.5769217678661774e-05,0.0001385633385083135,0.00011064887286925133,0.8025403302452024,1.411224745648484,1.651534529592523,0.4838473276995919,0.4987439716583185,0.425408735500176,85.94526860398496,66.87075458598582,49.43593506358523,1812.324,1820.0620000000001,1660.5897999999997
2023-06-26,1898.8,1909.1,1837.18,1858.97,458743.861,0.00024191000000000002,0.00025868333333333327,0.00013042571428571436,0.00014974200000000002,3.599157447713967e-05,0.00014066504632331698,0.00011129990812027014,-0.6580868841697722,0.8378209819104704,1.0182094347857629,0.2781724437091293,0.47794747496325013,0.4249117096898427,72.47841806223445,62.58487220497425,48.12338872567354,1826.4289999999996,1819.8334,1663.48375
2023-06-27,1858.97,1912.53,1855.19,1889.58,366634.5707,0.00011897999999999999,0.0002202966666666666,0.0001261892857142858,0.00015328300000000002,9.242517099439815e-05,0.00014000419507254104,0.00010844444772512867,-1.640671590005398,-0.14460073521695208,-0.22359482145124435,0.31193355520200383,0.4663512109084679,0.4263008565674485,69.77187082114818,65.23174758450264,49.40075110201021,1842.611,1820.6737999999998,1666.6161499999998
2023-06-28,1889.58,1890.19,1816.56,1828.02,337836.5792,0.00016075,0.00017387999999999995,0.00012806500000000007,0.00014864133333333332,6.250795069437722e-05,0.00014029955730780934,0.00010486925767379036,-0.7056483897845673,0.21861634492674764,0.21065979795973186,0.4074670528802624,0.48820894872805914,0.4334091148006708,35.53945935698114,69.12161724347905,47.607658011924144,1853.318,1820.3038000000001,1669.4244999999999
2023-06-29,1828.03,1880.0,1827.84,1851.99,241844.8281,0.00012685000000000002,0.0001355266666666666,0.0001461785714285715,0.000144741,2.2195644467873968e-05,0.0001197349710406612,0.0001033709698242604,-0.7999820537542324,-0.05639269210136903,-0.13818851677623914,0.43901202132228606,0.49142799872896786,0.43197921321808586,45.41036221901978,69.64350170903137,49.49294053043022,1864.8059999999998,1820.5268000000003,1672.3694
2023-06-30,1851.99,1948.6,1825.01,1933.79,716538.1035,0.00023965,0.00017574999999999994,0.00017365214285714291,0.00014827633333333335,5.7876679241389445e-05,8.7605082938101e-05,0.0001047804898752631,1.0377963995060338,0.8385585024362429,1.0001234523755522,0.587633660219147,0.4700921050002121,0.4416603782862395,57.36894872514981,71.50913692413442,51.352429983793,1878.986,1823.3166,1675.66135
2023-07-01,1933.8,1944.56,1909.44,1924.5,178373.3688,0.00030000000000000003,0.0002221666666666666,0.00018324785714285722,0.00014965766666666668,8.788902567069295e-05,9.380063786714825e-05,0.00010654283939053185,1.4164392206440095,1.2100052272311783,1.585637755598698,0.5390745485121863,0.4716382635510459,0.43890078018163237,59.14359542251237,69.62454614352339,51.6269785542314,1882.525,1825.6576,1678.6804000000002
2023-07-02,1924.5,1959.2,1885.75,1937.48,255852.7832,0.00030000000000000003,0.0002798833333333333,0.00020202500000000007,0.000152017,3.484308874573784e-05,8.8458096359444e-05,0.00010911802860456238,0.9386561995951112,1.1332859435252585,1.56421293776841,0.529954091101932,0.46931031266675555,0.43684903744971304,57.437317335639904,71.33594781526543,52.35496641417386,1889.0719999999997,1828.505,1681.8306
2023-07-03,1937.49,1976.16,1933.55,1955.54,322102.4295,0.00030000000000000003,0.00030000000000000003,0.00021488571428571434,0.000155748,0.0,8.86957096971413e-05,0.00011226156640813528,0.619581609667499,1.0533261961892544,1.5636228865543447,0.34213262233787817,0.4685955856189006,0.4357348248819041,70.26482561778997,71.44287593485558,57.662559962636614,1895.363,1831.6316,1685.2756
2023-07-04,1955.55,1967.08,1931.58,1936.2,205525.0984,0.00030000000000000003,0.00030000000000000003,0.00023378428571428576,0.000160513,0.0,7.457901898339615e-05,0.00011531110946715456,0.4470479567893848,0.9661838818374697,1.5172686492130596,0.3968424882255265,0.39624241095459617,0.4101604048848753,60.26872246677454,65.21876780833006,52.891366276947466,1901.4869999999999,1834.0316,1689.1224499999998
2023-07-05,1936.19,1942.5,1894.51,1910.36,267633.4783,0.00030000000000000003,0.00030000000000000003,0.0002475114285714287,0.000167144,0.0,6.690166616955111e-05,0.00011747442203185561,0.0,0.9179861619143362,1.477649043913371,0.19201226709707095,0.40650097156925513,0.3924835360570804,71.52342116243167,52.639685970351806,54.522226718130916,1902.643,1835.7546,1692.73845
2023-07-06,1910.35,1958.0,1846.0,1846.17,456362.741,0.00022778000000000002,0.00027592666666666666,0.00024235285714285722,0.00017344200000000002,4.169623644099532e-05,6.530847234806423e-05,0.00011540510642497544,-1.7883006902385603,0.2167974008001358,0.7435156495972717,0.3354826045439708,0.4279335906480842,0.4001068542722538,48.7429805614077,47.126334519426216,50.02894182132512,1901.363,1836.2356,1696.0539999999999
2023-07-07,1846.17,1878.0,1826.0,1870.91,232944.3466,0.00013396,0.00022057999999999992,0.0002345728571428572,0.00017035466666666667,8.325383114313961e-05,7.144061077657554e-05,0.00011517319065837833,-1.6171586565394895,-0.7824663922886599,-0.18275317753004347,0.36578300233434186,0.42988129664865626,0.400311283056599,31.976610868938437,47.60645331908082,51.632980429745956,1899.4959999999999,1837.6426000000001,1699.56945
2023-07-08,1870.92,1876.0,1842.8,1865.24,125819.8273,4.7180000000000006e-05,0.0001363066666666666,0.00022121857142857153,0.00016582866666666667,9.032286606028547e-05,8.725209698666096e-05,0.00011730884896899791,-1.4043328703122024,-1.743602003750014,-1.0020022688109758,0.32909213831477924,0.4295750207657628,0.40038722140814986,32.65425594179335,48.89975550106751,56.67367037179266,1903.218,1838.701,1702.81095
2023-07-09,1865.24,1879.36,1856.15,1862.8,135046.3743,9.284e-05,9.13266666666666e-05,0.00020642142857142865,0.00016370966666666667,4.340978845081543e-05,9.037411030369837e-05,0.00011805661188694288,-0.6579212553538698,-1.209864825655365,-0.5453909113351076,0.336119987696822,0.42945139971270807,0.40032212129869565,26.70326927864552,45.71754853429766,56.44911737797073,1904.2990000000002,1839.5685999999998,1706.05605
2023-07-10,1862.81,1905.5,1846.63,1880.4,247868.1494,0.00014429,9.476999999999992e-05,0.0001994485714285715,0.000164116,4.858375963232151e-05,9.11876438034002e-05,0.00011796500707323119,0.2246553769183555,-0.779390195452809,-0.05325422160959004,0.35675109000682587,0.4123128451445156,0.39564669293208615,26.492303841706075,52.691602401281706,58.00825053725825,1898.9599999999998,1841.0783999999999,1709.3694999999998
2023-07-11,1880.41,1891.99,1862.38,1878.3,177771.6117,0.00019729,0.0001448066666666666,0.00020504214285714292,0.0001672036666666667,5.22269167512712e-05,8.822561063532654e-05,0.00011756671351817932,1.3135979514576812,-0.22082493176225743,0.444637183881882,0.14112756787282554,0.34454086777454795,0.3953330709856588,29.695609482250077,48.473943395021756,58.03185305723961,1894.3400000000001,1842.2974000000002,1712.6610499999997
2023-07-12,1878.31,1902.0,1864.37,1871.82,264406.8673,0.0002561,0.00019922666666666658,0.0002118528571428572,0.00016905433333333332,5.593015316753449e-05,8.822374008329024e-05,0.00011854314813697276,1.3130667974656907,0.5338009491889347,0.9980102725404841,0.10132019727176227,0.34260918814530444,0.3950236368390215,34.36130498276215,56.963434022003966,64.2036758367355,1887.7740000000001,1842.6528,1715.9180999999999
2023-07-13,1871.82,2012.63,1862.59,2004.49,548861.4207,2.1899999999999977e-06,0.00015185999999999995,0.00020294857142857148,0.00016318433333333335,0.0001329115709786429,0.00010258489458882539,0.00012236837577950406,-1.399078468134445,-2.1464986576107736,-1.4959260465310211,0.5854229399343481,0.4494356673852041,0.42895045947687205,91.29368805391795,68.01748582208121,68.87392777638162,1892.6689999999999,1846.7448000000002,1719.848
2023-07-14,2004.49,2029.11,1898.39,1937.83,498724.0359,0.00030000000000000003,0.0001860966666666666,0.00020725928571428578,0.00016870133333333334,0.00016077328457596415,0.0001054730811785402,0.00012473815409813662,1.0388942177066265,1.0045068392811713,1.3936021186206409,0.716303421060451,0.473707164842634,0.4373770783964651,64.32240390358257,50.49502524121283,62.084693417549936,1892.8319999999999,1849.3894,1723.3966
2023-07-15,1937.82,1946.37,1926.23,1931.41,135181.7663,0.00016771,0.00015663333333333328,0.00019781000000000006,0.00017851633333333336,0.00014921366704609917,0.00010240668585444269,0.00011158018302865001,-0.148418134550005,-0.3255369079996383,0.05630626882635319,0.722086582016367,0.47149722270065103,0.43742893506610653,64.11656781992198,50.852686393861674,61.23338297736064,1894.937,1851.4618,1726.9959
2023-07-16,1931.41,1943.55,1914.0,1922.11,148667.1051,0.00014354,0.00020374999999999994,0.00018663428571428578,0.00018813366666666666,8.422644537204754e-05,9.88730987536096e-05,9.374445331573313e-05,-0.2635429122899083,-0.5324405784262298,-0.19261035700370388,0.725805595297573,0.46187716602525836,0.43763228302250606,62.29324710838779,48.08597544253611,61.065636895536564,1902.5310000000002,1853.3062,1730.6557
2023-07-17,1922.12,1936.18,1873.26,1911.2,277159.0349,9.085e-05,0.00013403333333333328,0.00017169500000000008,0.00018564000000000002,3.930200291771761e-05,9.619085921308733e-05,9.534423082556457e-05,-0.45749719563062785,-1.0690766974253618,-0.7039949041948178,0.7283208833015138,0.4580132299105607,0.43677634233008356,56.56604417140104,44.3782330863624,59.63217475000613,1906.56,1853.3573999999999,1734.20925
2023-07-18,1911.21,1917.19,1875.73,1897.21,215780.5006,0.00022396,0.00015278333333333327,0.00016626357142857147,0.00019186800000000001,6.703467336643151e-05,9.035881870094968e-05,9.132581700170488e-05,0.4840555099082699,0.3106298130469152,0.6238455729174792,0.24530074999104193,0.43420903586322035,0.43703079940816153,53.83678935179288,44.98856070521841,56.097589244138774,1909.757,1853.4496,1737.69535
2023-07-19,1897.21,1922.04,1882.17,1888.63,218045.0005,0.00025699,0.00019059999999999994,0.00016319142857142862,0.00019643600000000003,8.795050937891486e-05,8.609253928696283e-05,9.10313356657907e-05,1.2245087459153539,0.5950791867437413,0.9239541519358682,0.02859418772818738,0.4320057748513945,0.4371507653115907,53.38188548651126,47.07733691979583,49.96900266042427,1912.3400000000001,1853.2104000000002,1741.15785
2023-07-20,1888.64,1929.05,1878.0,1891.59,292907.5164,0.00018976,0.00022356999999999995,0.00016047571428571435,0.00020158066666666667,3.361669674448068e-05,8.448303568574834e-05,8.583038747045097e-05,0.1331587719716651,-0.0960447129328847,0.23312836312420593,0.06470010720657568,0.3881890232367482,0.43661903764739524,2.491163103839739,57.31353858018728,51.28795453330578,1913.4589999999996,1853.5695999999998,1744.6141
2023-07-21,1891.59,1905.74,1884.64,1891.73,165554.0428,9.647e-05,0.00018107333333333329,0.00015779785714285723,0.00020120233333333334,8.061179338870947e-05,8.59692425480405e-05,8.628175628008521e-05,-1.0010596936693439,-0.9923969253102336,-0.6917597781966968,0.07313592330043266,0.38785257019615976,0.4363545741160188,5.927342256134679,53.640878567168784,49.9391595909634,1914.8020000000001,1854.1686,1748.0027499999999
2023-07-22,1891.73,1897.35,1851.18,1866.52,131901.6487,7.003e-05,0.00011875333333333326,0.00015943000000000006,0.00019353666666666668,6.289855668729119e-05,8.389958769495069e-05,8.740986121014044e-05,-1.2026213197718,-1.1570532412754695,-0.9291366769072738,0.1150481518595392,0.3898273254237907,0.4349795649539109,4.360669573736658,50.2095200678639,49.43520972170237,1914.2719999999997,1853.3654000000001,1751.2626
2023-07-23,1866.52,1905.25,1857.82,1888.73,153501.0178,0.00010392999999999999,9.014333333333326e-05,0.00016022214285714293,0.00018890500000000004,1.781354915070456e-05,8.327252184876506e-05,8.838104246520168e-05,-0.5078914124626471,-0.710577713918126,-0.581838210545278,0.17585459517672736,0.39137728809625966,0.42941896770115245,30.130952380701302,53.986409617576555,49.32465964705505,1902.6960000000004,1853.2988,1754.42175
2023-07-24,1888.74,1890.86,1833.19,1850.0,276504.5547,0.00017087,0.00011494333333333325,0.00016212071428571434,0.00018679599999999998,5.131419426771123e-05,8.318429367875451e-05,8.801854642333716e-05,0.8685676907855485,0.12078981744950947,0.06943699455841593,0.2465634883623902,0.3983636674483435,0.4326346856867894,22.634591307316697,45.611502482781326,49.39754180920369,1893.913,1852.4986,1757.41555
2023-07-25,1850.0,1868.71,1845.45,1857.66,152251.21,0.00025879,0.00017786333333333327,0.0001665135714285715,0.00018542233333333332,7.766649814008616e-05,8.673259467218511e-05,8.649936267186064e-05,1.560837846709503,1.2460202355152332,0.9335002947571556,0.25286966758256185,0.395972633622199,0.43172809460918504,31.254147312334112,47.06751534420923,47.78794178775634,1886.538,1853.4417999999998,1760.3581499999998
2023-07-26,1857.66,1888.0,1848.35,1872.0,272090.5333,0.00025697999999999997,0.0002288799999999999,0.00016657642857142863,0.00018592466666666669,5.0246284439850315e-05,8.680280477629217e-05,8.688163282474178e-05,0.9832668380811532,1.1821641928095634,0.8855553484712503,0.27076052437948456,0.3688568600396274,0.4321117101279544,42.525842696361586,50.02501528692525,53.26125645110469,1881.527,1853.1889999999999,1763.3978
2023-07-27,1871.99,1886.11,1854.84,1861.28,163766.4259,0.00022112,0.00024562999999999994,0.0001822142857142858,0.00018932933333333334,2.1245566596592256e-05,7.363107472279166e-05,8.61661378377809e-05,0.286381560622577,0.6839056408037707,0.5041706773949997,0.2485128113215171,0.3653008094495039,0.41943968370372114,37.26577598499218,19.89236008902219,50.70269125434252,1876.5349999999999,1853.772,1766.2534
2023-07-28,1861.29,1883.39,1856.52,1874.19,138695.7147,0.00019717999999999998,0.00022509333333333323,0.00017487000000000007,0.0001905436666666667,3.009735093565052e-05,6.56771332410861e-05,8.600603677619627e-05,-0.6248993788326878,0.3214303593602627,0.28319455347879574,0.22892059344447344,0.3663183175238266,0.41933262030154356,43.34496888730961,32.71403737480556,44.96740635639223,1874.2329999999997,1854.3429999999998,1769.0223999999998
2023-07-29,1874.2,1886.58,1869.54,1880.46,72867.0269,0.00021485,0.00021104999999999993,0.00017823714285714293,0.000193477,1.2414141130600296e-05,6.648523461623773e-05,8.525618469422083e-05,-0.550451119906483,0.4802197830843587,0.4710128858075625,0.10234122497812012,0.3664791556263083,0.4192817906424718,56.17688762815205,36.149622138582004,46.262221618465624,1873.416,1855.1448,1771.7466
2023-07-30,1880.45,1885.3,1848.17,1861.79,158657.5902,0.00015635,0.0001894599999999999,0.0001791521428571429,0.00019070033333333335,3.000435468412213e-05,6.60577588965726e-05,8.505678948685105e-05,-1.441350306385165,-0.2939378184513094,-0.1354253845371995,0.1509235468137493,0.36675779745094317,0.4185188094471011,37.67612076828569,34.39730988076485,43.637464063949515,1870.4360000000001,1857.35,1774.1086000000003
2023-07-31,1861.79,1877.4,1851.02,1856.14,168204.4534,4.4399999999999995e-05,0.00013853333333333328,0.00017583428571428576,0.00018218033333333334,8.661048339170188e-05,7.175487908515782e-05,8.651982513423592e-05,-1.677887164641684,-1.550607686555231,-1.244810557908563,0.13036060562229418,0.36691209174660916,0.4182933165627857,54.02781422149286,35.35949797889012,41.46634615364682,1866.8769999999997,1859.4176,1776.3097
2023-08-01,1856.13,1875.62,1813.8,1873.47,358476.0966,0.00021038000000000003,0.00013704333333333326,0.00017486428571428578,0.000179193,8.465754918106405e-05,7.114344347477633e-05,8.381645518422718e-05,0.6436981288970547,0.5206592882671535,0.45949686810151574,0.1496948669007215,0.36903753920156146,0.4146799637189533,59.203632552783276,43.79768000803993,44.59587518715886,1867.5720000000001,1862.0356,1778.42105
2023-08-02,1873.48,1879.74,1821.21,1839.9,254213.0553,0.00030000000000000003,0.0001849266666666666,0.00017793642857142863,0.000179193,0.00012968710087492885,7.574260325470963e-05,8.381645518422718e-05,1.2211001577675418,1.556349770101507,1.3394804843367307,0.2059997013565664,0.21292012495919696,0.41661337096371653,34.731735159586094,38.73919674606351,44.00972590606812,1862.6889999999999,1864.0312,1779.8710500000002
2023-08-03,1839.9,1859.12,1826.0,1835.81,171148.052,0.00030000000000000003,0.0002701266666666666,0.00018581071428571433,0.000179193,5.174213112487161e-05,8.249564216594595e-05,8.381645518422718e-05,0.9096904174569816,1.5563497701015065,1.296331930450491,0.19378793831119262,0.16642610025984153,0.4166333580316121,37.06975327418063,37.17701149401359,49.01897655365846,1861.2699999999998,1867.7284,1781.2875
2023-08-04,1835.81,1851.31,1815.74,1830.23,187699.4552,0.0002483,0.00028276666666666664,0.00019665571428571435,0.00017746966666666667,2.9849008917271047e-05,7.978261519848974e-05,8.175301249252889e-05,0.26236533869283957,0.7971320321071881,0.756256785234256,0.18579235976297248,0.16641077259311973,0.4028501779917276,25.88854760840141,36.207051224317354,46.00282985471681,1858.527,1870.9938,1782.55395
2023-08-05,1830.24,1839.0,1827.5,1836.48,93657.3255,0.00026081,0.00026970333333333326,0.00021028285714285718,0.00017857066666666666,2.6972968567501273e-05,7.244646218770601e-05,8.267118331836528e-05,-0.0816118760389568,0.8739264602593988,0.8516930332067115,0.19493968483774837,0.16809051805954575,0.3903057297007201,25.872284397431258,42.636532993138104,47.177292713308546,1854.975,1873.365,1783.9084999999998
2023-08-06,1836.48,1838.58,1825.86,1830.28,90403.9915,0.00021885,0.00024265333333333328,0.00021849142857142864,0.00018140033333333337,2.1542377615843374e-05,6.566201640065928e-05,8.254430674335766e-05,-1.338588636520411,0.2577219774869624,0.4318448216318236,0.15266285170736177,0.16747781598808043,0.38410737523663363,29.973306215571583,34.45230621882091,46.831644582753064,1851.875,1875.4154,1785.5027499999999
2023-08-07,1830.28,1847.0,1802.0,1829.1,224092.9059,0.00029331,0.0002576566666666666,0.00022723714285714292,0.00018960466666666668,3.7330021877082926e-05,6.697226641028466e-05,8.09603261174995e-05,0.8708802729500467,1.1833095815664771,1.14840528317011,0.052980857293383046,0.1659329084618614,0.3836650564005254,31.77897574093997,43.052785533437856,44.83674866112655,1847.366,1877.5783999999999,1786.8928
2023-08-08,1829.1,1876.51,1826.33,1856.3,236336.03,0.00021637000000000002,0.00024284333333333326,0.00022420714285714292,0.00019372233333333333,4.372300233679738e-05,6.63920045497207e-05,7.898646430014501e-05,-0.9769367862030133,0.1992226788569751,0.3737814105512059,0.14360362334534343,0.1797843939207427,0.38535305093377076,39.788271678031954,49.59990585979379,47.8922357627537,1844.95,1879.9622,1787.8817000000001
2023-08-09,1856.3,1871.99,1846.28,1855.35,191926.8343,0.00018274,0.0002308066666666666,0.00021890428571428577,0.000195004,5.6681074737020204e-05,6.653770310180677e-05,7.846694026452901e-05,-1.2008783102822467,-0.24452939789104633,0.03162517842548314,0.13659205024682528,0.1794638570626537,0.364719278415004,65.0145772585904,44.68288944202236,48.405151544232524,1844.306,1881.2294,1789.0251500000002
2023-08-10,1855.36,1865.95,1845.38,1852.47,127321.4553,0.00027595,0.00022501999999999993,0.00022282071428571435,0.00019762599999999998,4.72032085774937e-05,6.826927650732376e-05,7.984803310250813e-05,0.8407822736754534,0.9082125076818703,0.9277305186972512,0.14084328575735375,0.17941713176630927,0.36477156039708647,66.58041401181126,47.0382572442288,30.336817052760395,1843.9389999999999,1880.4966,1790.1503
2023-08-11,1852.47,1857.26,1838.05,1848.84,113209.3103,8.57e-05,0.00018146333333333325,0.00021485785714285723,0.00019194600000000002,9.513142505683388e-05,7.738314676171742e-05,8.158682536474778e-05,-1.5081789118561884,-1.7619690850194525,-0.9334504097640693,0.13659477926382096,0.170710797740189,0.3644531331802536,69.2689997919135,40.91072068800802,36.24702500509538,1841.476,1880.0332,1791.26305
2023-08-12,1848.84,1854.01,1846.08,1849.93,63292.6476,0.00017558,0.00017907666666666658,0.00021205285714285722,0.00019772566666666666,9.517318757582945e-05,7.809194082603056e-05,7.341292335176334e-05,-0.16874510493895642,-0.5794235186960746,-0.04800095940378965,0.1347943779219678,0.1616601899197272,0.3644052798858668,65.59239508356323,38.63111640683637,37.19673161500896,1842.479,1879.1792,1792.73285
2023-08-13,1849.94,1862.0,1834.51,1840.73,120674.1364,0.00018191,0.00014772999999999992,0.0002138785714285715,0.00019378933333333333,5.3812711323728095e-05,7.698035921904202e-05,7.086157379647974e-05,0.02278271041426477,-0.495702044252809,0.006556123642363584,0.04000253898872173,0.136946965282437,0.339104441035475,61.326685453220676,41.56249999953379,37.208425023249994,1842.9710000000002,1878.4946,1793.8768
2023-08-14,1840.73,1856.5,1835.0,1845.5,150196.1203,0.00029882,0.00021876999999999994,0.00023205142857142864,0.00019815966666666667,6.93975439047407e-05,6.257684873657736e-05,7.320208954444243e-05,1.109550732474594,1.1918524605830132,1.1741847210472183,0.05445302881691014,0.1361541841946591,0.33854158867219375,66.49235719938568,45.70690768185931,39.46980382064843,1844.498,1877.4286,1795.0988499999999
2023-08-15,1845.5,1847.36,1814.0,1828.98,186081.6989,0.00026382,0.00024818333333333323,0.0002358685714285715,0.000202169,6.000305020033189e-05,6.27827813064197e-05,7.340101480784851e-05,0.7511917413275659,0.6749344045753753,0.8196073128581814,0.08756569202852937,0.13593187033443255,0.33190922448333565,15.010245901370467,31.93079359885715,39.152278291489004,1843.748,1876.8288,1796.25565
2023-08-16,1828.98,1831.52,1798.17,1807.81,205430.7368,0.00026773,0.0002767899999999999,0.0002335635714285715,0.00020806499999999998,1.9178443628460158e-05,6.080848708565804e-05,7.122257506065249e-05,0.5439509831944231,0.688688312280376,0.8416890550389279,0.11604017523084519,0.14195356717206034,0.33315698299045304,9.888626392053482,35.5071809226835,37.64522440960801,1841.5009999999997,1875.1933999999999,1797.4342000000001
2023-08-17,1807.81,1809.99,1550.0,1681.49,812138.2159,0.00024572,0.00025908999999999996,0.00022968642857142864,0.00020879033333333333,1.1742644506674935e-05,5.79079280618454e-05,7.150029310200467e-05,-0.13548624705550483,0.3385357676255844,0.5550850805877953,0.5788597520430045,0.3309668243547964,0.3788311945670769,3.207443897086833,16.875590280657633,26.67835893776156,1826.7400000000002,1872.2628,1797.61805
2023-08-18,1681.49,1699.4,1641.02,1661.59,538083.1018,-5.945e-05,0.00015133333333333326,0.00020770428571428577,0.0001982423333333333,0.00018287514930504965,9.610958110520513e-05,8.601289497080526e-05,-1.773798611682429,-2.8472050312715873,-2.924083033552465,0.5663548246939837,0.3296162012920445,0.3790795261586071,2.945167613197711,15.8982447625081,25.527435133833535,1807.2689999999998,1868.4547999999998,1798.0949999999998
2023-08-19,1661.6,1696.72,1654.31,1669.67,231919.0485,-0.0002079,-7.210000000000079e-06,0.00017422500000000007,0.000184987,0.00023127805624401969,0.0001452574107602341,0.00011358679713676013,-1.3983821729672352,-3.010993917612163,-4.004906659495084,0.5750284178197499,0.3324156141497184,0.3708774477481529,6.239075548629074,16.516118671873215,28.275983843381468,1788.7009999999998,1863.1724,1798.5167000000001
2023-08-20,1669.68,1694.75,1662.03,1685.24,195623.5263,-0.00022162,-0.0001629900000000001,0.0001427628571428572,0.000174384,8.993029689716903e-05,0.00017870044623199616,0.00013496846872125323,-0.949127011897648,-2.5152801417807265,-3.6189948975186983,0.6259628660678848,0.33824531449181205,0.34644001470250174,13.384825507420686,21.941499651664856,27.209192930411987,1771.9779999999998,1858.3872000000001,1798.7345
2023-08-21,1685.23,1688.59,1649.4,1667.55,250835.1518,-7.782999999999999e-05,-0.00016911666666666675,0.00011625285714285719,0.00016945533333333334,7.935364662916472e-05,0.00018214488913324093,0.00014145445602450915,-0.07233089640471069,-1.42994902304844,-2.2123134458907607,0.6267826424847368,0.3329101311983222,0.3466460255039008,10.499445061010675,20.62406808004924,28.554973083335426,1753.8490000000002,1852.9886000000001,1798.8566500000002
2023-08-22,1667.56,1669.38,1580.0,1634.99,402012.045,-6.664e-05,-0.00012203000000000008,9.60378571428572e-05,0.00016376966666666664,8.642875736705172e-05,0.00018584592378462483,0.00014747871426734236,0.7429806517132691,-1.224008745848703,-2.004512478679058,0.23287737988513155,0.33413990728003634,0.347847616019186,9.801483691794715,10.52687903537003,25.274822891756955,1732.355,1846.5776,1798.714
2023-08-23,1635.0,1702.11,1629.05,1679.61,374761.1088,-1.885e-05,-5.4440000000000075e-05,8.16385714285715e-05,0.00015744566666666668,3.132555027469181e-05,0.00018642020404109415,0.00015118484944351648,1.0994100097383617,-0.8560092010414764,-1.5457178270655403,0.3459471909198169,0.3623216092936157,0.3548212806928515,25.78756515820031,22.879629629530783,29.983145015119646,1716.243,1841.4458000000002,1798.78015
2023-08-24,1679.61,1683.37,1635.28,1661.16,231539.7805,-1.95e-06,-2.914666666666674e-05,6.178857142857149e-05,0.00014875433333333334,3.355167705712202e-05,0.00017877708620415037,0.00015264552454404847,0.8703424597519995,-0.6851404259968407,-1.3588515500509981,0.36098718001241803,0.36333774226234566,0.3536526764085822,43.52011219461681,21.830550401889,29.508498873474068,1697.809,1836.4618,1798.94085
2023-08-25,1661.16,1677.22,1635.51,1653.8,236261.6898,-3.723e-05,-1.9343333333333406e-05,5.300785714285721e-05,0.00013894733333333334,1.7645173089129575e-05,0.00018052268407123674,0.00015488717680126277,0.10283107873401776,-0.805399478744479,-1.5752744663550176,0.343879890057004,0.36145413165620355,0.35049252516343093,47.3013233559682,21.593358578414723,27.173485240650265,1680.291,1832.6144,1799.1384
2023-08-26,1653.79,1655.59,1644.0,1647.04,79175.425,-2.798e-05,-2.2386666666666738e-05,3.84678571428572e-05,0.000130644,1.8292994105541138e-05,0.0001780719503320294,0.00015699276457298986,0.1061007694839246,-0.6796266968760646,-1.4570604165860073,0.3366012432829329,0.3613965153265826,0.34750969739037624,42.087965876306065,20.930165916757005,25.848439698550678,1664.214,1828.1370000000002,1799.01845
2023-08-27,1647.03,1660.24,1646.32,1658.33,87789.9196,4.63e-05,-6.303333333333403e-06,2.878142857142863e-05,0.00012561466666666666,4.578999490440302e-05,0.00017329325322465555,0.00015720436522702268,1.6431252196080561,-0.1809381110978517,-0.8609252837360621,0.28496744108924343,0.3646331424335397,0.33945885990268254,40.3013046923649,24.021534780283616,28.621863573151472,1661.898,1823.9987999999998,1799.05795
2023-08-28,1658.33,1664.34,1621.75,1653.08,214351.0143,7.130000000000001e-06,8.483333333333261e-06,7.94642857142863e-06,0.00011869066666666666,3.715848803900874e-05,0.00015488650041026294,0.00015771215368583433,0.3000932322618225,-0.3615577154512017,-1.135001894924185,0.12252537028407023,0.35394825423297893,0.3374790907778987,44.27112202050049,22.631848438209914,28.645942876203648,1661.047,1819.8044,1799.5966
2023-08-29,1653.08,1745.84,1640.0,1729.42,494371.0823,-8.446000000000001e-05,-1.034333333333341e-05,-1.6930714285714227e-05,0.00011066366666666668,6.710836336363212e-05,0.00013763698527224734,0.0001618044333922796,-1.3277864238687425,-0.8409145362238166,-1.7499355060343689,0.4060686320281011,0.4154462454884716,0.3391004283828017,77.76209795934363,37.8986775572417,36.52403315414848,1667.0220000000002,1816.7848,1800.6784
2023-08-30,1729.41,1730.93,1694.34,1705.23,202841.4402,0.00019381000000000002,3.882666666666659e-05,-2.2210714285714227e-05,0.000115644,0.00014181698499596217,0.0001268739062379006,0.00016199381564609359,1.589996102268419,0.9245419657265214,0.33741367775429204,0.44008840880109373,0.41775333261087155,0.34036854510236514,58.56054530846708,37.62247212690607,37.17648403111068,1669.021,1813.3234,1801.5120000000002
2023-08-31,1705.23,1729.0,1630.0,1645.76,330518.2668,0.00011957999999999999,7.630999999999992e-05,-3.1220714285714224e-05,0.00011261733333333333,0.00014409291412144934,0.00010969961177016584,0.0001610079944456071,0.593323777073716,0.44100058324634744,-0.2000040834046181,0.5694160789697893,0.4384460512985079,0.34947061744700747,45.9613972514834,44.85943659522112,33.6296449427289,1666.842,1808.8022,1802.16665
2023-09-01,1645.77,1654.53,1602.33,1629.12,302406.1686,4.177e-05,0.00011838666666666659,-2.3990714285714227e-05,0.00010400966666666667,7.602702436202815e-05,0.000111023557407643,0.0001575094936489054,-0.1295507988287903,-0.008778396068638675,-0.763716626190434,0.5689001286280346,0.4378331439801577,0.3486299935255499,43.828148444379906,45.284224590979754,33.000862170824135,1666.2549999999999,1801.2948,1802.7860499999997
2023-09-02,1629.13,1645.0,1628.03,1637.03,102145.9476,-2.11e-06,5.3079999999999925e-05,-9.29142857142851e-06,9.393933333333332e-05,6.162833033606803e-05,9.761469316079832e-05,0.00015416905203843965,-0.5187701824651101,-0.23689780157574425,-1.0640315434375804,0.5734954345862272,0.4404297488402008,0.34872778809073884,47.51106469723379,45.25719267636337,33.18835448997301,1661.997,1795.2787999999998,1803.19265
2023-09-03,1637.02,1647.5,1625.14,1635.84,116767.2862,-1.7059999999999996e-05,7.5333333333332635e-06,5.3200000000000626e-06,8.5094e-05,3.0577567485742895e-05,7.638978123362311e-05,0.00015261188552708553,-0.9520352068906646,-0.25317484870455204,-1.140921284135448,0.29702485924391114,0.4394341675778455,0.347736689819986,44.11225718607845,42.50879534132138,33.47104627819084,1659.4650000000001,1789.3674,1802.9972500000001
2023-09-04,1635.84,1644.82,1616.32,1630.51,168010.9056,-6.847000000000001e-05,-2.9213333333333408e-05,5.9885714285714904e-06,7.4118e-05,3.480933830662983e-05,7.564337714229997e-05,0.00015137449025283178,-1.178364779203426,-0.548969732504333,-1.4769375291877018,0.3015416677565779,0.43937375961996916,0.338600578358501,44.093787616942166,44.16435593628111,33.236540441826264,1657.136,1783.5354,1802.9605999999999
2023-09-05,1630.52,1648.02,1609.69,1634.45,204365.4907,4.393e-05,-1.386666666666674e-05,1.3886428571428631e-05,6.828733333333334e-05,5.626800186025184e-05,7.32100997243283e-05,0.00014895693846469834,0.9524046757518106,0.47957582046368064,-0.6114661557307672,0.11067164734928836,0.4398513188438798,0.3365987569319648,9.985674559644565,49.906490267819265,30.507670409465604,1655.877,1778.0004000000001,1802.6635
2023-09-06,1634.46,1670.0,1609.2,1633.15,219541.0193,5.4369999999999996e-05,9.943333333333256e-06,1.9116428571428632e-05,6.0322666666666664e-05,6.810827066770338e-05,7.330686205753886e-05,0.00014276968795768428,1.0526411037728465,0.7683740935665104,-0.5337520686566107,0.060322922532773285,0.318792682241947,0.3366118401262175,12.37210273534508,40.53459375740879,30.488918548548796,1653.359,1772.7192000000002,1802.37115
2023-09-07,1633.15,1660.0,1623.4,1648.11,228558.2782,0.00016687,8.838999999999993e-05,3.117500000000006e-05,5.867266666666667e-05,6.816583601784171e-05,8.284008865554964e-05,0.00014118125048741322,1.4811152422455363,1.6835311698106235,0.30742669252007737,0.09146708611507186,0.31820870968471854,0.33776594795344217,52.29178856959998,47.30293886634054,32.42820292331764,1652.8619999999999,1767.9088000000002,1802.2129499999999
2023-09-08,1648.11,1658.93,1616.21,1636.44,221570.0458,0.00010778,0.00010967333333333324,4.153285714285721e-05,5.6174e-05,5.627389299972482e-05,8.269468073567873e-05,0.00013956382128269774,0.5369001049827291,1.0464456164090945,-0.13461157801770768,0.1172760181017041,0.3185126710146281,0.3367582965844836,57.904967601716564,46.47498375542129,31.98595515132213,1643.5639999999999,1762.8057999999999,1801.8788
2023-09-09,1636.43,1637.52,1629.74,1635.54,58519.6229,0.00012469,0.00013311333333333326,5.2437857142857206e-05,5.1132e-05,3.0432243317644532e-05,8.28889617016395e-05,0.00013397040914653823,0.4941658667514237,1.2114583307376638,0.0023567063938919534,0.11242190876660531,0.3151642282258602,0.3367736939938961,48.10384321624654,47.607954072440926,31.811317553085473,1636.595,1757.682,1801.7576999999999
2023-09-10,1635.53,1635.7,1600.0,1617.42,207957.8428,6.249e-05,9.831999999999994e-05,5.359428571428578e-05,5.035833333333333e-05,3.2160981017550123e-05,8.290967714828592e-05,0.00013383084356837996,-0.8797564378875536,0.38440431685426907,-0.44762429659242536,0.14698214655020528,0.31549876541553235,0.337468614026383,33.61792956201474,41.725658346917974,31.33702174588774,1633.761,1752.7,1801.6291
2023-09-11,1617.42,1619.0,1531.01,1551.85,417424.8189,9.96e-05,9.559333333333326e-05,6.019928571428577e-05,4.7825666666666665e-05,3.129297098941823e-05,8.260611864692556e-05,0.00013208696063663584,-0.33323119255951456,0.7717827837679864,-0.17806375917242753,0.3636545318807474,0.3510697924893957,0.301523508658947,16.22874806790854,33.5414431110885,27.722396710398556,1626.034,1745.9624000000001,1801.1357
2023-09-12,1551.84,1626.0,1549.67,1592.97,329739.9685,-7.806000000000001e-05,2.8009999999999927e-05,6.065642857142863e-05,3.916e-05,9.37145757073663e-05,8.175734091782768e-05,0.00013151344092837767,-1.7188364378786505,-1.4443211773326128,-1.4897828802136461,0.4620825298170565,0.34983467030506943,0.3014394534776904,36.500911220869874,24.945833792240748,32.739479573344354,1621.6280000000002,1740.8218,1801.06155
2023-09-13,1592.97,1619.3,1581.88,1607.62,223409.2889,2.614e-05,1.5893333333333258e-05,4.8680000000000056e-05,3.0070666666666667e-05,8.927213749734631e-05,7.250933032798752e-05,0.00012202960276612661,-0.2628556414403801,-0.1610673794095566,-0.6719952171613455,0.4815923098578199,0.3511606484030125,0.3029919176572284,42.355829690223004,31.426722989519334,35.218193900762586,1618.806,1735.8210000000001,1801.1267500000001
2023-09-14,1607.61,1644.29,1607.05,1626.47,275301.1505,-1.0279999999999996e-05,-2.0733333333333408e-05,3.940428571428577e-05,2.0934e-05,5.288065935051634e-05,7.103291010988584e-05,0.00011391626684722456,-0.44233141631356154,-0.6450011419171411,-0.924132780807109,0.499500667327316,0.35540083641986087,0.30511698983647323,43.66807116086985,45.65833895987432,45.17097317770244,1618.402,1730.9104,1801.0523
2023-09-15,1626.48,1654.08,1611.42,1641.29,181340.024,2.130000000000001e-05,1.23866666666666e-05,3.7942142857142914e-05,1.2719666666666664e-05,1.977851696526129e-05,7.11909699522703e-05,0.00010395592068134897,0.14852438813992916,-0.2790586036812506,-0.6732927289744762,0.49227046761524695,0.3575233687586249,0.30641617298516605,51.39343791279676,52.761766440911984,48.20226709150733,1619.0859999999998,1726.5106,1801.0915
2023-09-16,1641.3,1653.17,1631.31,1634.4,99555.4671,0.00011154,4.085333333333327e-05,4.6060000000000064e-05,8.246999999999999e-06,6.322007381635154e-05,7.273549583143002e-05,9.618128186055277e-05,1.4214792305403239,0.8350902290935278,0.022979211844253052,0.2062960030719614,0.35647613643996207,0.306209071167265,49.68336851441634,49.40039213866602,46.86995260976689,1619.211,1721.7148000000002,1801.2373499999999
2023-09-17,1634.4,1635.0,1612.0,1622.48,120227.4117,5.513e-05,6.265666666666659e-05,5.1216428571428636e-05,1.2066333333333332e-05,4.5588402399566405e-05,7.043915460627125e-05,9.567398722178257e-05,0.3131223234586712,0.08600157167018717,-0.3842295303665386,0.16706297439812323,0.35746191534957517,0.3064014793344945,51.45552870765147,47.0961571897673,44.39402601092557,1616.648,1716.5551999999998,1801.0236499999999
2023-09-18,1622.48,1669.5,1603.88,1636.66,279041.6978,4.963e-05,7.209999999999992e-05,5.965214285714292e-05,2.065066666666667e-05,3.426656825553728e-05,6.150871497706419e-05,8.635671029704416e-05,0.09217055059035488,-0.07707992229249301,-0.4094378459833218,0.1657461519491391,0.2957969673022509,0.30749535814084056,84.63611859789889,51.28720331503287,47.22337078627916,1616.67,1712.0526,1800.96765
2023-09-19,1636.66,1661.04,1626.32,1643.12,184282.4258,-1.393e-05,3.0276666666666593e-05,5.551928571428578e-05,2.7573666666666667e-05,3.838273743944026e-05,6.451666754999117e-05,7.365573922355948e-05,-1.2659598082294108,-0.9031008011317597,-0.8786595184869946,0.14298255066412535,0.29253910232454383,0.30783633238909086,78.56898712481488,51.795700260666415,50.76676412309318,1617.4279999999999,1707.7922,1801.336
2023-09-20,1643.13,1649.34,1604.51,1622.26,232844.2347,9.91e-05,4.493333333333326e-05,5.871428571428577e-05,3.347133333333333e-05,5.6661179244213674e-05,6.555458708519136e-05,7.198957753742745e-05,0.7845760433817236,0.8668913101429154,-0.018080094371241064,0.16505550611251835,0.25618698513576,0.30769812634484434,57.78889125302782,47.91355328172938,44.33736843120097,1617.9119999999998,1702.7679999999998,1801.6136500000002
2023-09-21,1622.27,1625.3,1567.77,1583.94,240627.544,0.00010821000000000001,6.445999999999992e-05,5.452428571428578e-05,3.9299666666666666e-05,6.804037110430429e-05,5.972541808001854e-05,7.067091878522818e-05,0.9993509728188927,0.9340878776485212,0.05106698771219789,0.24961220371363618,0.2721478348885228,0.3101330666855556,31.256059938105892,38.71557697023108,42.663322311938096,1621.121,1697.6488,1801.71045
2023-09-22,1583.94,1602.68,1576.58,1593.08,124886.091,8.629e-05,9.786666666666659e-05,5.298928571428577e-05,4.2804333333333326e-05,1.1011922327393844e-05,5.8515306802729975e-05,7.029377054277806e-05,0.40963252007207074,0.5360269403820461,-0.10608647045987944,0.26885592403630665,0.27257682805067424,0.30760382826352134,27.632921963261055,42.306600425623714,44.250435572828,1621.132,1692.7942,1801.8466499999997
2023-09-23,1593.07,1598.24,1587.45,1593.86,64537.1341,8.101e-05,9.18366666666666e-05,4.986928571428578e-05,4.556966666666667e-05,1.4423388414120854e-05,5.548417729603287e-05,7.010399213791222e-05,0.1800295043266401,0.38989482310099627,-0.1254471414231868,0.24224730957760676,0.27268068947593116,0.3072495712624645,30.06098760553749,42.60153365499982,44.90671570293502,1619.756,1688.0667999999998,1802.0061500000002
2023-09-24,1593.85,1601.12,1570.01,1580.71,137517.8533,7.104e-05,7.944666666666658e-05,5.048000000000006e-05,4.9178666666666664e-05,7.744264545112005e-06,5.568048698392518e-05,6.84621033722688e-05,-1.2295372977315777,0.1374878592384096,-0.18118344293491875,0.2213156750301475,0.27421466642921416,0.30648042161749467,29.701623092421016,43.36670160073464,42.59238051588171,1615.1799999999998,1682.9514000000001,1802.2478
2023-09-25,1580.71,1597.5,1563.01,1588.33,176706.9277,0.00012292,9.165666666666659e-05,5.214571428571435e-05,5.420866666666667e-05,2.752993340610538e-05,5.757941067832987e-05,6.814032826517831e-05,1.3700983703680023,0.9705519867069853,0.24194798151441685,0.2353856693566482,0.2750696176806709,0.3069622660131543,24.914356897981236,58.33790455256141,43.848448573746836,1609.884,1678.1124,1803.00285
2023-09-26,1588.34,1599.78,1580.05,1594.01,125583.0161,0.00013702,0.00011032666666666659,6.75085714285715e-05,5.723266666666667e-05,3.474599449353079e-05,4.8075200684729254e-05,6.97707720612098e-05,1.303859139188521,1.1065122353180135,0.3635367881976121,0.10883899737185203,0.2758942945117051,0.306428842610405,24.301412872663334,50.283656992851846,35.140355112485125,1605.8449999999998,1673.4106,1803.8407
2023-09-27,1594.02,1634.1,1583.5,1598.64,274404.4328,0.00015649000000000001,0.00013880999999999993,7.681928571428578e-05,6.221133333333334e-05,1.685643200712854e-05,5.191606264911569e-05,7.138264682064364e-05,1.1699981307613143,1.4644582886556594,0.5296897926100195,0.10051881161042336,0.2726812438203084,0.30637718114791557,35.110943015323045,47.4091171375282,37.77833833993216,1603.4609999999998,1668.2574,1804.47405
2023-09-28,1598.63,1668.21,1598.14,1652.99,331409.7015,7.357e-05,0.00012235999999999993,8.280857142857149e-05,6.7479e-05,4.336033094904903e-05,4.554007446651236e-05,6.579830090821575e-05,-1.0075821902295121,0.07568938716223252,-0.12461787177726506,0.29678328244748925,0.30927673001399775,0.3184728955836507,86.20870477126023,56.35057471226587,50.83884441317473,1605.0939999999998,1664.2102,1804.8373500000002
2023-09-29,1653.0,1688.0,1648.37,1667.45,251975.6728,4.048e-05,9.017999999999993e-05,8.41785714285715e-05,6.2368e-05,5.976202054826524e-05,4.3802709761103757e-05,6.145893792629996e-05,-1.372212190157493,-0.43293242889621164,-0.3900307788331291,0.24672514313754204,0.31119483313869944,0.31954828772126603,86.9375186246067,56.27518710382471,54.46976234309186,1607.527,1660.5098,1804.80735
2023-09-30,1667.45,1694.32,1666.19,1670.89,136924.9141,-3.3800000000000015e-06,3.6889999999999926e-05,7.597000000000006e-05,5.8269333333333335e-05,3.8600410619728333e-05,4.876736976549018e-05,6.16118117276397e-05,-1.2674733504019438,-1.109777752719038,-0.7166585892510261,0.25371488510808,0.3064017636241195,0.31849303765195125,87.27378302466778,58.90043416711812,53.99010134303284,1612.39,1656.9508,1804.6647999999998
2023-10-01,1670.89,1751.0,1668.0,1733.79,225611.5868,3.145e-05,2.284999999999993e-05,7.427857142857149e-05,5.7925333333333326e-05,2.316020077658504e-05,4.9942277736326705e-05,6.173579511235945e-05,-0.4661754325055515,-0.4603096210748588,-0.40966827672204387,0.32516198839397953,0.2764495299017955,0.3299236722845004,99.99999999954272,71.74278235691516,60.07695314876606,1627.375,1654.628,1805.0839500000002
2023-10-02,1733.8,1744.0,1636.79,1662.4,378575.6898,0.0002268,8.49566666666666e-05,8.69335714285715e-05,6.555566666666667e-05,0.00012406824990038608,6.375322140964963e-05,6.789842711511772e-05,1.7034211824732668,2.53010087193955,1.2359598926941044,0.6060727649741826,0.3275763544883557,0.34511624925922624,67.0786257779712,54.10945781954228,52.88822069638256,1634.307,1651.0614,1805.0272999999997
2023-10-03,1662.41,1670.65,1643.0,1656.88,198287.1164,8.854e-05,0.00011559666666666658,9.42528571428572e-05,6.907566666666667e-05,0.0001004462693849027,5.678384486243049e-05,6.618336986045865e-05,0.13058891460510416,0.1995219513341878,0.09798120090515298,0.5423591860354744,0.3267752323906055,0.345123974767901,64.50689925679475,52.20343325623535,52.025647972282734,1640.609,1647.289,1804.36535
2023-10-04,1656.88,1657.66,1625.0,1646.58,222861.7167,7.976e-05,0.00013169999999999992,9.287142857142864e-05,7.401666666666666e-05,8.247593345947046e-05,5.689200077028654e-05,6.088141527946848e-05,-0.055515364539736836,-0.024799556444129785,0.04976160050662523,0.5366427150681182,0.32503612245408914,0.3450677173366761,60.7798165135701,54.03076107108312,51.193459521650496,1647.196,1643.641,1803.80405
2023-10-05,1646.58,1655.47,1606.73,1611.79,237378.7449,6.822e-05,7.883999999999993e-05,9.001500000000007e-05,7.482633333333334e-05,1.0191192276242814e-05,5.70662835589343e-05,6.062848485441018e-05,-0.4113545732421964,-0.28126402612376084,-0.029579424290217298,0.5553736524119365,0.3356452876821055,0.34840260426541114,39.842209072840774,54.67046788503591,46.882296387633446,1649.5420000000001,1639.7206000000003,1802.9596
2023-10-06,1611.79,1662.0,1611.68,1645.03,220507.9286,0.00024378,0.00013058666666666659,0.00010126428571428578,8.114e-05,9.819796807136256e-05,7.02705972776395e-05,6.785623504496165e-05,1.1872924356995578,2.367239149107843,1.554369566522964,0.44172884993200157,0.3472728689177502,0.35279740737512016,44.94087914057469,58.060512024573214,50.71103385457827,1654.6439999999998,1638.9914,1802.5208499999999
2023-10-07,1645.03,1647.71,1630.03,1633.57,101241.5732,0.00015819,0.00015672999999999992,0.00010677714285714293,8.085066666666667e-05,8.778910581621635e-05,7.157473634959789e-05,6.749563168151164e-05,0.41322793436894223,0.9524175707238169,0.801788369074307,0.2882173557169567,0.3471365242504196,0.35056499384756057,41.87282229952387,55.963716096241406,49.839735767170154,1658.1370000000002,1638.431,1801.68255
2023-10-08,1633.56,1641.4,1616.17,1632.84,149424.6635,0.00028085,0.0002276066666666666,0.00012176357142857149,8.661966666666667e-05,6.29090727426791e-05,8.43427855295112e-05,7.665197932449066e-05,1.2038166001173844,2.260196497489078,1.8586074086158293,0.2894221371343085,0.34509753017118877,0.35056688474533093,19.853072925915924,58.13235156443983,51.29098154759783,1656.1219999999998,1637.6944,1801.1750999999997
2023-10-09,1632.85,1636.0,1546.0,1580.13,340141.0988,0.00020507000000000001,0.00021470333333333327,0.00012763142857142863,8.9299e-05,6.189482800156874e-05,8.723740833601622e-05,7.938470678520921e-05,0.16788694750559643,1.1725715944944255,1.2163346108840192,0.3891008747016726,0.3715056918626042,0.3586350586663314,22.346218487289804,48.878555798499946,52.41974125513936,1647.39,1635.5922,1800.0067999999999
2023-10-10,1580.13,1594.9,1550.55,1567.63,240659.3287,0.00020636,0.00023075999999999997,0.00013258428571428577,9.409466666666667e-05,4.3384007422209586e-05,8.974380713274509e-05,8.201148387762793e-05,-0.2710304091633845,1.0828303281028775,1.1950476588687853,0.3639033288865885,0.36936819489816874,0.3588672937127921,21.344634945001346,46.45829976890329,47.72015690766616,1637.064,1633.5938,1799.0971
2023-10-11,1567.62,1578.43,1544.26,1566.87,260253.9671,0.00012374,0.00017838999999999995,0.00013024500000000005,9.489933333333335e-05,4.733268321161061e-05,8.949924303503454e-05,8.218560440824389e-05,-1.2002045039563662,-0.0022141228614545373,0.46920686969876224,0.2554647717624189,0.35563188892998115,0.35881522932936866,22.737533346905295,45.6898656896921,46.23973424355546,1620.3719999999998,1632.2314,1798.2220499999999
2023-10-12,1566.86,1568.56,1521.0,1539.61,237221.4977,0.00013828,0.00015612666666666662,0.0001348671428571429,0.00010211066666666666,4.4106617795339586e-05,8.800563587096556e-05,7.5723313265786e-05,-0.8362071025372064,0.15423013218028747,0.609202704538456,0.26098429651821264,0.3615919642812981,0.3606295051692698,23.972306360761706,33.397762548917115,42.107367426093276,1608.093,1629.4314,1797.0506999999998
2023-10-13,1539.61,1575.36,1537.76,1552.16,192205.8736,9.859e-05,0.0001202033333333333,0.00013901785714285722,0.00010452566666666666,2.0079965969702412e-05,8.451253691052584e-05,7.435990557034835e-05,-1.1402206533622963,-0.3795969846413334,0.29244997935433675,0.3021420972711719,0.363943277392939,0.3614145918186937,10.638297872277434,33.023118833614404,41.8675523273833,1597.6209999999999,1627.2514,1796.2354
2023-10-14,1552.16,1561.72,1544.55,1554.94,100314.6754,0.00010826,0.00011504333333333328,0.00014699214285714292,0.00010847700000000001,2.0696237178396497e-05,7.47454358965195e-05,7.112826787349739e-05,-0.6281362313375939,-0.28038069946573885,0.4187986477073475,0.1883576083773012,0.36278546426816943,0.36126582125036794,14.026900905757117,32.8926790402607,42.695079796794246,1588.4569999999999,1625.2742,1795.14515
2023-10-15,1554.94,1567.62,1547.44,1557.77,120311.2738,0.00014398,0.00011694333333333327,0.00015503000000000007,0.00011256633333333333,2.3908434355775538e-05,6.701551404768161e-05,6.945021498849641e-05,1.110086577412888,0.1825733331280199,0.8045982977108921,0.1844204292144641,0.3621180819598825,0.36073093859222316,16.303079270927327,18.43483250833583,43.949961666966345,1583.055,1623.4888,1793.9686499999998
2023-10-16,1557.78,1639.43,1555.06,1599.42,418510.8644,0.00017985,0.00014402999999999993,0.00015167642857142865,0.00011484333333333333,3.5795026190951655e-05,6.426608025138301e-05,7.052686821505854e-05,1.4318314186631822,0.6260273577891232,1.190047393679009,0.3008814415814079,0.3802771952610725,0.32249112805671115,59.61327618816172,37.357475509666386,46.688364813199,1578.4940000000001,1622.3106,1792.9977000000001
2023-10-17,1599.41,1600.53,1551.08,1565.01,234817.0699,0.00011256,0.00014546333333333327,0.0001533921428571429,0.00011675766666666668,3.366951489618225e-05,6.275370221115943e-05,6.962379853145313e-05,-0.4830252976617481,-0.233875086753034,0.48961857514282936,0.3292611770268654,0.39129630051945774,0.3254817664608165,48.92833769605485,33.474835413725,43.38286372626443,1571.6380000000001,1620.5492000000002,1791.7151500000002
2023-10-18,1565.01,1585.42,1555.88,1563.44,177750.2253,0.00013827000000000002,0.00014355999999999996,0.00015757142857142863,0.00011971233333333333,3.395547231317682e-05,5.932751960444392e-05,6.8549373481506e-05,0.05859968962604708,0.06430452003418913,0.739744910411751,0.32622124402029556,0.3593249014411645,0.32515103851144467,48.606257618577686,34.560243648609514,44.848665311907844,1564.6979999999999,1617.2296000000001,1790.4284000000002
2023-10-19,1563.45,1574.45,1541.61,1566.57,216217.6675,0.00013081,0.00012721333333333328,0.0001620421428571429,0.000124537,1.3226981263476519e-05,5.4214306822865684e-05,6.374411243396802e-05,-0.41636507252032345,-0.10099867578205583,0.6518496101971246,0.32624629996610166,0.3563323641953545,0.32420790667536836,63.627173473063706,40.48320565680328,48.37884755355223,1563.342,1614.4563999999998,1789.2887
2023-10-20,1566.57,1630.4,1561.19,1603.89,315995.792,0.00016852000000000002,0.00014586666666666664,0.00015666642857142866,0.000126851,1.996980303719184e-05,4.896293175721639e-05,6.404816874548039e-05,0.8136204695303186,0.3473072913289032,1.072914553957527,0.3770831264369842,0.37372664020493795,0.32900533427752565,70.91114883944023,41.48804104916794,50.95848628301915,1566.968,1613.619,1788.2556
2023-10-21,1603.88,1644.53,1592.36,1628.94,176419.4092,0.00010408,0.00013446999999999995,0.00015280142857142863,0.00012671333333333335,3.237553242822391e-05,5.09295659721146e-05,6.409403992585697e-05,-1.0649309344075417,-0.795030522733957,0.26304212164020846,0.33167815000076156,0.3404754946643834,0.3278408940547291,75.34941079711739,49.09304603303144,52.982080315297445,1573.175,1613.6154000000001,1787.04845
2023-10-22,1628.94,1667.8,1621.1,1663.7,228650.9225,0.00010805999999999999,0.00012688666666666663,0.00014045928571428576,0.000127439,3.611039924099929e-05,3.636611788764141e-05,6.374286596183798e-05,-0.8412059946956791,-0.6489335557223739,0.2901828372032325,0.2130416528489262,0.3070199403843599,0.3251844372640767,79.77401765104366,55.33393252185611,56.80480165276725,1585.584,1614.1488,1785.8235
2023-10-23,1663.69,1800.0,1657.07,1765.46,610931.9663,0.00012738000000000002,0.00011317333333333328,0.00013491000000000008,0.00012898466666666668,1.2463231256157138e-05,3.132684791034742e-05,6.31375386308508e-05,-0.015233607646462076,-0.34623271796199356,0.511555915234228,0.4069857053911822,0.3973489638657999,0.3555574132686193,84.88235294092681,77.38893979219,62.581506683654304,1606.9140000000002,1616.7412,1785.28875
2023-10-24,1765.47,1854.38,1756.21,1784.98,674055.1375,0.00030000000000000003,0.00017847999999999996,0.0001415985714285715,0.00013661666666666666,0.00010568182625224966,5.13518151663325e-05,6.941761474421299e-05,1.6985071674473666,2.3011481620208984,2.5458328343620296,0.3673231967863187,0.3963274897018877,0.3561301520244988,99.29631123629824,81.46807586473412,63.30300792708353,1629.9180000000001,1619.8306,1784.89505
2023-10-25,1784.98,1817.69,1760.0,1787.15,354410.8294,0.00030000000000000003,0.00024245999999999998,0.00015418857142857152,0.00014251933333333334,9.966220346756466e-05,6.61199880004897e-05,7.547701696006391e-05,1.09129882643067,1.9858362438284138,2.398604414451584,0.42632660383493615,0.3799401388160417,0.35587571428113635,99.99999999968709,81.76260237595321,63.17680446215362,1652.8560000000002,1622.8846000000003,1784.5867
2023-10-26,1787.15,1865.54,1762.21,1803.38,431169.0453,0.00030000000000000003,0.00030000000000000003,0.00016574000000000008,0.000147952,0.0,7.644700507288369e-05,8.074889222680671e-05,0.72852071527457,1.8217224035612554,2.2508698976783212,0.43821687481375016,0.3742347856074332,0.35612743059844465,99.9999999997044,89.28305483535878,61.103973773725116,1673.252,1626.2892,1784.309
2023-10-27,1803.39,1803.91,1744.66,1779.4,274532.6921,0.00030000000000000003,0.00030000000000000003,0.00018012642857142863,0.00015273566666666668,0.0,8.161491856527053e-05,8.538963781446982e-05,0.4471556722883416,1.596540114615544,2.129522795671902,0.5235381855313226,0.3790055069869209,0.3578254055102767,89.26925314331906,82.7284249334145,58.151184633742304,1694.691,1628.915,1783.655
2023-10-28,1779.41,1803.23,1770.0,1776.2,122919.7382,0.00030000000000000003,0.00030000000000000003,0.00019382214285714296,0.00016028333333333334,0.0,8.465850288327661e-05,8.811451797607081e-05,0.0,1.5540251775595137,2.0634367588616183,0.18601556804655378,0.3793732612895043,0.3404934562509539,86.51919452405234,81.82864376513446,57.67040074560944,1715.967,1631.7102000000002,1783.0867
2023-10-29,1776.21,1811.3,1762.66,1795.14,144110.6508,0.00030000000000000003,0.00030000000000000003,0.00020496642857142865,0.000168934,0.0,8.780335288911039e-05,8.868459558337906e-05,0.0,1.4120558275087927,1.9865619768559835,0.184168486740502,0.34142351582544184,0.33941937577963804,85.37136706103465,82.63356154935332,54.774244758597746,1738.824,1634.9022,1782.4754500000001
2023-10-30,1795.14,1829.84,1777.77,1809.04,277686.192,0.00030000000000000003,0.00030000000000000003,0.00021354857142857152,0.00017904666666666667,0.0,9.097420360122622e-05,8.560171772899959e-05,0.0,1.293129520176915,1.8928770358495939,0.19260152906477646,0.33530420086934704,0.3273037345710621,72.24831529456219,81.19902363483453,62.532904857654266,1759.339,1638.7346,1781.4605999999999
2023-10-31,1809.03,1819.41,1780.99,1814.67,258074.5796,0.00030000000000000003,0.00030000000000000003,0.00022693714285714294,0.00018799833333333333,0.0,8.873364572423902e-05,8.365424139885197e-05,0.0,1.1637158229642508,1.8053408253529084,0.18031214463208775,0.33407941737516195,0.32599321881464016,67.66210588878806,90.64005729871437,63.48332849080074,1777.9120000000003,1643.9909999999998,1780.0339999999999
2023-11-01,1814.67,1857.66,1783.19,1846.99,471921.6184,0.00030000000000000003,0.00030000000000000003,0.00023848928571428577,0.00019043833333333334,0.0,8.680906071675801e-05,8.586338929519833e-05,0.0,1.0517337932130086,1.7324793173793491,0.14122499203796937,0.31710959847724346,0.3282569112531066,76.19964973683585,91.95643810443981,66.50415877429595,1796.241,1649.0714,1778.81595
2023-11-02,1846.99,1875.0,1785.01,1800.8,368738.2193,0.0005734199999999999,0.0003911399999999999,0.0002701042857142858,0.00020660100000000002,0.00015785911060185677,0.00011914961794794492,0.00010863698802859666,1.7887080988859658,2.9160107851249952,3.8553566624704994,0.31637151692717574,0.3496213870029712,0.335062957473282,49.10516093205895,80.7412657161639,65.27847384983787,1799.775,1652.935,1777.2266
2023-11-03,1800.79,1834.58,1777.11,1832.71,315000.2678,0.00030000000000000003,0.00039113999999999994,0.00027949571428571434,0.00021394233333333335,0.00015785911060185677,0.00011565725576455383,0.00010720199086811018,-0.447177024721492,0.5264228798078161,1.3982557132457138,0.3370469665996324,0.3512243553983886,0.33712394400355056,67.52580708759766,80.46384066430754,65.20365509837242,1804.548,1657.0597999999998,1776.0201499999998
2023-11-04,1832.7,1869.9,1824.03,1855.54,171538.0364,0.00030000000000000003,0.0003911399999999999,0.0002934900000000001,0.00022166833333333335,0.00015785911060185677,0.00010407238716023195,0.00010465969975254698,-0.44717702472149157,0.46487032199888995,1.3479136517977053,0.34384820326628246,0.3504246307538201,0.33810379373759814,73.10156067987901,80.3476723626922,67.65618288520429,1811.387,1661.3448,1774.78035
2023-11-05,1855.54,1912.67,1846.11,1891.71,383106.7628,0.00030000000000000003,0.00030000000000000003,0.0003072000000000001,0.00022354233333333334,0.0,8.936975946980492e-05,0.00010556865681280028,-0.447177024721492,0.4141077748152134,1.3001169470866478,0.3627200375549193,0.3448386765069183,0.34065875587764616,75.55437946518713,80.42161440930595,69.49234221316118,1820.22,1666.4909999999998,1774.57025
2023-11-06,1891.71,1914.23,1868.48,1900.95,328746.2394,0.00030000000000000003,0.00030000000000000003,0.0003195300000000001,0.00022826933333333334,0.0,7.307456876368488e-05,0.00010571627760784432,-0.44717702472149157,0.3452694114878818,1.263028701100057,0.34886838777027723,0.3178344323119435,0.3403053125517865,74.93624179254189,74.00347234488322,75.84923295054081,1832.375,1672.0604,1774.3601
2023-11-07,1900.95,1906.99,1850.32,1885.27,332419.4406,0.00030000000000000003,0.00030000000000000003,0.0003195300000000001,0.00022890766666666668,0.0,7.307456876368488e-05,0.00010610182928263241,0.0,0.2805502773808447,1.2209711086096742,0.21499835948577262,0.32401484290620153,0.34052050995659444,68.16404239967211,68.01250044866832,75.46253246511156,1843.282,1677.0325999999998,1774.5425500000001
2023-11-08,1885.26,1904.69,1872.51,1888.12,247881.0997,0.00030000000000000003,0.00030000000000000003,0.0003195300000000001,0.000232072,0.0,7.307456876368488e-05,0.00010677979960064105,0.0,0.2101858573983064,1.1822176610583175,0.20109098295653685,0.32423505365613947,0.3404495171078577,62.473463941021784,68.09044325762233,75.66591566365966,1852.5800000000004,1681.9326,1774.61235
2023-11-09,1888.11,2132.0,1882.07,2121.32,1100330.3237,0.00091131,0.0005037700000000001,0.0003631950000000001,0.00025557033333333337,0.0003529399930583222,0.00017376994078156728,0.00016345344650921739,1.788788951143285,3.503160436536718,4.848798781928901,0.9763038602535011,0.5598232209836868,0.4399800548260232,95.54393543234374,82.04781872406484,84.968200343559,1883.8080000000002,1691.9138,1775.9089500000002
2023-11-10,2121.33,2136.99,2064.61,2077.72,555573.6495,0.00081613,0.0006758133333333334,0.0004000614285714286,0.00027865,0.0003289248458741612,0.0002102519617710383,0.00019079340865501974,0.9357421336169138,2.3722687362990666,3.645747543934649,1.0606621479380325,0.5790418465139517,0.4294860971400206,83.69502434178118,78.92603653548747,80.45594677890485,1910.1129999999998,1701.7894000000001,1777.08835
2023-11-11,2077.72,2089.6,2030.3,2053.17,370966.0372,0.00054424,0.0007572266666666666,0.0004175071428571429,0.000292182,0.0001904922524233995,0.00021144025638930917,0.00019484763979527074,-0.10583400963375006,0.8914637794515544,1.982006692470182,1.0899426307853304,0.5863615866836125,0.4280666228518597,77.05111007677752,75.78816036925548,78.16163420316886,1930.7310000000002,1710.9912,1778.0237
2023-11-12,2053.16,2066.5,2012.1,2044.68,281907.559,0.00050624,0.0006222033333333333,0.00043223857142857144,0.00030577033333333334,0.00016901675666436457,0.00020980176500163435,0.0001950955698693288,-0.44242032158683375,0.6166054707598798,1.6903963070701271,1.0822806442387722,0.546105895016669,0.42837659224043867,72.65483842288182,73.6953053781085,77.34681269282046,1955.1190000000001,1720.0076000000001,1778.9170500000002
2023-11-13,2044.69,2118.0,2028.49,2053.65,529143.5815,0.0007861,0.0006121933333333333,0.0004669600000000001,0.000328365,0.0001518013390367196,0.00022584387599196892,0.00021010644659723947,0.4120778836526367,1.8220543279955141,2.972126243826866,1.0789940267961682,0.5459869966979345,0.42794850671971063,72.63295191779555,73.44669593370237,76.48355236282266,1977.2129999999997,1729.4663999999998,1779.6419
2023-11-14,2053.65,2064.96,1936.6,1979.39,481909.733,0.00042451,0.0005722833333333333,0.00047585357142857155,0.000337716,0.00018962627305661354,0.00022116648002412723,0.00020784772649954338,-1.0894354739758443,0.007035478929101149,1.0435908622339467,0.30301685003152723,0.5770517961916874,0.4393320786224636,61.88623964426319,63.9531731777699,73.08729468899216,1989.5980000000004,1737.2876,1780.0841500000001
2023-11-15,1979.4,2062.4,1967.01,2058.48,421870.8032,0.00030000000000000003,0.0005035366666666666,0.00047585357142857155,0.000341721,0.0002525019069895152,0.00022116648002412723,0.0002058488956081571,-1.182571119213405,-0.6131326495398609,0.3760950844880875,0.5277050389529059,0.5950791675045091,0.4478052399909164,68.04049474744234,66.59968918246669,75.38822901900517,2006.275,1746.5769999999998,1780.83755
2023-11-16,2058.49,2090.4,1939.1,1961.77,545286.1297,0.00030000000000000003,0.0003415033333333333,0.0004563235714285715,0.000347969,7.188588201686672e-05,0.0002239428726125369,0.0002014511166571392,-0.8145669451322165,-0.6131326495398609,0.35684847745354986,0.6637877348973426,0.6346889827878766,0.46507282913409004,26.23409896619188,61.706057741129534,68.49286864055723,2012.3570000000004,1753.8396,1781.29595
2023-11-17,1961.77,1991.5,1904.0,1960.82,401100.5069,0.00030000000000000003,0.00030000000000000003,0.0004563235714285715,0.00035336,0.0,0.0002239428726125369,0.00019777638780301432,-0.5801473130978548,-0.6131326495398609,0.33721674973846916,0.66701321782072,0.634447880942683,0.4649481278957163,30.05255613944088,59.75570751902456,67.29060698523622,2019.9120000000003,1759.9962000000003,1781.9464
2023-11-18,1960.82,1971.22,1916.0,1962.6,279368.2208,0.00030000000000000003,0.00030000000000000003,0.00045632357142857147,0.0003589996666666667,0.0,0.0002239428726125369,0.00019357918272024555,-0.4471332950869908,-0.6131326495398604,0.3139826612481463,0.6615960568701699,0.6341378966636252,0.4649708459468162,33.243293246907385,58.42275859885799,66.53615890870438,2027.36,1765.8991999999998,1782.4089999999999
2023-11-19,1962.59,2015.75,1942.89,2011.47,251132.6192,0.00030000000000000003,0.00030000000000000003,0.00045632357142857147,0.0003633823333333333,0.0,0.0002239428726125369,0.00019058316346889258,0.0,-0.6131326495398604,0.297222976431884,0.6339943273172719,0.6398773480018424,0.4662801529824954,44.65441200131585,59.23731951116418,66.99772236269405,2016.375,1772.7107999999998,1782.9407500000002
2023-11-20,2011.47,2066.4,1990.0,2021.4,421717.679,0.00030000000000000003,0.00030000000000000003,0.00045632357142857147,0.00036991300000000003,0.0,0.0002239428726125369,0.00018465592006437843,0.0,-0.6131326495398604,0.28105631398905795,0.5126202437204965,0.6398046204847847,0.4611592733222271,44.82493019663219,59.28066201272404,63.74307315587172,2010.743,1778.4630000000002,1783.6624
2023-11-21,2021.41,2034.6,1931.43,1933.01,490163.9863,0.00030000000000000003,0.00030000000000000003,0.00045632357142857147,0.000376311,0.0,0.0002239428726125369,0.00017849265970320904,0.0,-0.6131326495398604,0.26329919461492524,0.4857505643286551,0.6715337607917956,0.4765565124880191,42.88038806327515,53.30774347309652,57.40127796150042,1998.727,1783.8752,1783.36095
2023-11-22,1933.01,2092.46,1928.41,2063.21,466120.5109,0.00030000000000000003,0.00030000000000000003,0.0004563235714285715,0.000382065,0.0,0.0002239428726125369,0.0001728855240095697,0.0,-0.5490624104195229,0.2450571776246114,0.7618102100428302,0.7102661118918872,0.5003790673417798,50.627603959251026,60.31166444824505,62.23605127371392,2000.58,1792.0018,1784.19535
2023-11-23,2063.22,2088.94,2040.35,2062.2,250960.6958,0.00030000000000000003,0.00030000000000000003,0.0004126585714285715,0.000382065,0.0,0.00018453410986994588,0.0001728855240095697,0.0,-0.5490624104195229,0.22595379167025087,0.7634535971589221,0.7091972131211495,0.4995347181705956,67.861843275184,45.20752269769244,61.62880557836474,2001.4350000000002,1800.3142,1785.1543500000002
2023-11-24,2062.21,2133.02,2059.37,2080.84,426932.5402,0.00030000000000000003,0.00030000000000000003,0.00037579214285714295,0.00038206500000000006,0.0,0.00014506279288525016,0.0001728855240095697,0.0,-0.5490624104195229,0.21051781898390898,0.7475232433555948,0.7087505238229368,0.49966114196918393,70.08232380680991,50.263584752516984,63.60902934521163,2011.58,1809.6951999999999,1786.3207499999999
2023-11-25,2080.84,2090.54,2065.3,2083.09,138847.393,0.00030000000000000003,0.00030000000000000003,0.00035834642857142867,0.00038206500000000006,0.0,0.00013774854669662244,0.0001728855240095697,0.0,-0.5490624104195229,0.19611663346785135,0.7491141452127659,0.706316527053603,0.4997275642311265,70.12930602409337,52.62668118117485,63.866973927812715,2014.041,1818.4563999999998,1787.5036000000002
2023-11-26,2083.1,2094.99,2036.42,2062.33,241262.9136,0.00030000000000000003,0.00030000000000000003,0.00034361500000000013,0.00038206500000000006,0.0,0.00013160669697420455,0.0001728855240095697,0.0,-0.5490624104195234,0.18324341730218227,0.5725928072166488,0.709152723572766,0.5009907956723051,59.377535216308075,51.51681820513203,62.053285455061236,2024.0969999999998,1827.0316,1788.6110499999998
2023-11-27,2062.34,2071.24,1985.78,2027.5,326073.2298,0.00030000000000000003,0.00030000000000000003,0.0003088935714285715,0.000382065,0.0,3.327669723049291e-05,0.0001728855240095697,0.0,-0.5490624104195234,0.1636764230576005,0.19385878966378928,0.7130562241414115,0.4982565871232118,51.030126992584016,47.84833873637503,59.67236341081458,2030.7649999999999,1834.9248,1789.77705
2023-11-28,2027.5,2075.0,1995.15,2048.14,283775.9279,0.00030000000000000003,0.00030000000000000003,0.00030000000000000003,0.000382065,0.0,0.0,0.0001728855240095697,0.0,-0.5490624104195234,0.14119652881559963,0.22722135958850684,0.7135128868694253,0.4983623384334366,75.21131695330149,56.20431368995813,60.20134404124007,2039.319,1844.285,1790.9805
2023-11-29,2048.14,2075.7,2019.31,2028.81,254843.7319,0.00030000000000000003,0.00030000000000000003,0.00030000000000000003,0.000382065,0.0,0.0,0.0001728855240095697,0.0,-0.48806131527076785,0.11462505495300564,0.2039567230261276,0.5047155443983663,0.49937040511706976,35.35671718010602,46.99872544444395,58.03574585425652,2041.0529999999999,1853.5086,1792.149
2023-11-30,2028.8,2054.75,2020.85,2051.96,243680.0921,0.00030000000000000003,0.00030000000000000003,0.00030000000000000003,0.000382065,0.0,0.0,0.0001728855240095697,0.0,-0.4238218352896529,0.08992059016261941,0.24658323713323246,0.5006853247172763,0.49262218862747237,46.33237822326346,60.71827537830673,61.33107157020632,2044.109,1863.2104000000002,1793.41275
2023-12-01,2051.95,2110.87,2045.04,2087.24,372645.586,0.00030000000000000003,0.00030000000000000003,0.00030000000000000003,0.000382065,0.0,0.0,0.0001728855240095697,0.0,-0.34846395300924005,0.08267395404868862,0.2822653979211358,0.5034319600710822,0.4807531977995834,52.048131080155834,63.8904759809927,61.448297575521,2059.532,1874.1629999999998,1794.7679500000002
2023-12-02,2087.24,2186.6,2086.25,2164.74,320979.9768,0.00030000000000000003,0.00030000000000000003,0.00030000000000000003,0.000372951,0.0,0.0,0.00016962623274980522,0.0,-0.27558167678009043,0.0622416965475726,0.31436850826648677,0.5251482737896797,0.4870808067465295,67.63575100415845,69.04178755775146,63.25536730899141,2069.685,1886.4145999999998,1796.4705999999999
2023-12-03,2164.75,2217.27,2149.0,2192.95,257879.1136,0.00030000000000000003,0.00030000000000000003,0.00030000000000000003,0.000372951,0.0,0.0,0.00016962623274980522,0.0,-0.22352651175261276,0.04046906736136219,0.312856700833121,0.5268994548522892,0.48677367009626027,77.33322172907789,67.78797145751014,63.0028661209154,2082.7599999999998,1899.1747999999998,1798.32475
2023-12-04,2192.96,2274.28,2191.0,2243.37,565307.7134,0.00030000000000000003,0.00030000000000000003,0.00030000000000000003,0.000372951,0.0,0.0,0.00016962623274980522,0.0,0.0,0.016897805118226413,0.19380219844086358,0.5005742881840507,0.48427114035111785,92.40561034037371,70.1567352570817,64.27297130551713,2099.013,1912.8868000000002,1800.5388
2023-12-05,2243.36,2309.72,2188.33,2293.33,529829.7214,0.00030000000000000003,0.00030000000000000003,0.00030000000000000003,0.000372951,0.0,0.0,0.00016962623274980522,0.0,0.0,0.011023303747666286,0.1697405831065241,0.4839925081123175,0.48459433843658634,93.19006517503884,85.17513374181095,66.53644777991414,2120.037,1926.765,1802.94385
2023-12-06,2293.33,2312.23,2220.0,2232.7,408338.9056,0.00030000000000000003,0.00030000000000000003,0.00030000000000000003,0.000372951,0.0,0.0,0.00016962623274980522,0.0,0.0,-0.0038620465300306917,0.4589980981421014,0.4457491961013327,0.4901905484920264,81.3532215898602,69.14665280925233,63.33926912343034,2137.0739999999996,1940.1188,1805.0102500000003
2023-12-07,2232.7,2382.8,2222.0,2355.73,485190.0609,0.00030000000000000003,0.00030000000000000003,0.00030000000000000003,0.000372951,0.0,0.0,0.00016962623274980522,0.0,0.0,-0.005883001637978083,0.551631359863229,0.4875398428705059,0.5042801083110174,85.73512457930023,75.99312824308592,59.92060469078337,2169.897,1955.9646,1807.76435
2023-12-08,2355.74,2392.0,2336.34,2358.72,378569.8126,0.00045509,0.0003516966666666666,0.0003110778571428573,0.00037812066666666666,8.954125324867202e-05,4.144954600817946e-05,0.0001696895654023291,1.7885965044213161,4.247304415303955,0.9451770496840741,0.5680671740458427,0.48742465272395236,0.49492561910132943,84.56230585104854,75.30875441709088,62.31570273998133,2200.955,1971.8076,1810.4712
2023-12-09,2358.71,2403.0,2328.01,2340.49,287771.0664,0.0008730599999999999,0.0005427166666666666,0.00035201071428571444,0.0003768456666666667,0.00029640894965122356,0.0001555583170619348,0.0001656405767521236,1.7220595656280955,4.097015461584112,3.195830791012075,0.5875156302899308,0.48738020541503285,0.49489230982515026,76.35169580455977,72.78037383159531,62.6628470690388,2232.123,1986.5395999999998,1812.9034000000001
2023-12-10,2340.48,2377.47,2320.0,2352.39,200037.2102,0.00055444,0.00062753,0.00037018500000000003,0.00036812266666666666,0.00021836057634107793,0.0001636664775013226,0.00014761944540474242,0.24470357348475294,1.4733058531006293,1.3199315829038563,0.5694155418502707,0.4873652561345139,0.494584307960148,75.1355782568653,76.07984175488849,63.520840839628896,2262.166,2001.0086,1815.6659
2023-12-11,2352.39,2355.0,2156.62,2225.12,640414.9166,0.00044112000000000003,0.0006228733333333334,0.000380265,0.0003646853333333334,0.00022395397235445744,0.00016335677249269289,0.0001445457041366583,-0.3892790742297232,0.6053578247085222,0.6476796910064463,0.7433808675458982,0.5114832153140583,0.5146723643927714,47.68406893217589,65.23576032304663,56.82489392684414,2275.9539999999997,2012.237,1817.7634999999998
2023-12-12,2225.11,2244.12,2166.0,2203.46,361588.9087,0.00030000000000000003,0.00043185333333333327,0.000380265,0.0003578106666666667,0.00012747286665538797,0.00016335677249269289,0.00014247068596085107,-1.0462241718750613,-0.40045366794601334,-0.1854770634156816,0.4663999837149944,0.44350471598422603,0.5161378484677224,37.71294194846629,61.955785454635866,59.30824768806668,2279.826,2020.9969999999998,1819.64185
2023-12-13,2203.47,2284.02,2144.32,2260.16,418916.6154,0.00038452,0.0003752133333333333,0.00038630214285714293,0.00034442466666666666,7.101882942813608e-05,0.0001617158077130507,0.00011752403715198123,-0.5662516162408977,0.1724559094297395,0.2847887203860016,0.569670109360248,0.4529640052242787,0.5182739484506981,53.795124108470205,66.83941595199863,58.53693638766367,2286.5469999999996,2030.5006,1821.7931999999998
2023-12-14,2260.16,2332.11,2228.2,2315.32,409508.0931,0.00030000000000000003,0.00032817333333333334,0.00038630214285714293,0.0003402743333333333,4.879764475200607e-05,0.0001617158077130507,0.0001167945753842614,-0.8981758981894358,-0.4321430272524088,-0.23327356980050792,0.6349800480292817,0.46033593763421654,0.5200130774541055,43.125446565172396,68.31585389588055,65.5110689934951,2293.7419999999997,2041.0639999999999,1823.8266
2023-12-15,2315.32,2317.81,2200.0,2220.5,333552.6328,0.00030419,0.00032956999999999995,0.00038660142857142865,0.000340414,4.7634188352586036e-05,0.0001615475929329071,0.00011674724899953761,-0.6501202478859537,-0.4039356210040777,-0.22225450056071086,0.708365649686515,0.5025023346211746,0.5310533653615894,32.08378700673396,58.55898674329209,60.525803784093355,2286.459,2049.4064000000003,1825.4660999999999
2023-12-16,2220.51,2263.4,2210.0,2228.96,199285.923,0.00030000000000000003,0.0003013966666666667,0.00038660142857142865,0.000340414,2.41909762993466e-06,0.0001615475929329071,0.00011674724899953761,-0.4745867778202482,-0.43392782833705223,-0.2706271246753215,0.5305713335240513,0.4989789596278532,0.5266733405111165,35.16769955043061,54.52610509687032,60.738417377424916,2286.085,2058.3976,1827.10795
2023-12-17,2228.96,2248.68,2191.5,2196.52,225925.7675,0.00031402000000000003,0.00030607,0.0003876028571428572,0.0003408813333333334,7.19658947070017e-06,0.00016101202498946304,0.00011660787282620326,-0.18013549964316472,-0.33928278406253254,-0.20546923888780047,0.5406110908266647,0.4971682618905422,0.5288525502330621,30.344758013615717,50.25011559954834,57.560529175625575,2270.1639999999998,2066.804,1828.7224
2023-12-18,2196.53,2224.0,2116.6,2219.43,364103.1181,0.00035083,0.00032161666666666663,0.0003912335714285715,0.0003425756666666667,2.6252699543914087e-05,0.00015945020243164697,0.0001163624026459352,1.723249728183827,-0.09396741193494995,0.0002669611634720012,0.48716405120446105,0.49722797296787385,0.5288968193823061,49.02618517872901,48.25550891910406,58.005934813940804,2256.2349999999997,2075.2898,1830.51065
2023-12-19,2219.44,2255.0,2135.55,2177.91,383551.4049,0.00030000000000000003,0.00032161666666666663,0.0003912335714285715,0.0003425756666666667,2.6252699543914087e-05,0.00015945020243164697,0.0001163624026459352,-0.6427160133640096,-0.4604356321868767,-0.3376327693112935,0.39311478320332227,0.5037113379472616,0.5304444809104677,45.90557994925758,41.484683940184624,60.290780737735254,2239.977,2082.6672,1831.8668
2023-12-20,2177.9,2266.0,2156.0,2202.17,416841.6272,0.00043154,0.00036079,0.00040062928571428573,0.0003469603333333334,6.633320510882499e-05,0.00015752457759220657,0.00011717821085799007,1.6588369812895665,0.44072732384812496,0.47539950070994647,0.27063492668531913,0.5036327682114896,0.5300202896428021,39.628715527317944,47.619864348535664,56.40983062091041,2224.955,2090.4172,1833.41735
2023-12-21,2202.17,2279.31,2182.98,2239.61,453069.7252,0.00094787,0.0005598033333333333,0.00044690571428571433,0.000368556,0.00034245072088308055,0.00021157776158094507,0.0001600740378182634,1.757094238756736,2.8967047791299616,3.4222375967376566,0.31416098962433153,0.5035361383396353,0.52932451867802,35.54324995216774,39.55304447953188,57.91733235733793,2226.404,2098.2696,1835.16535
2023-12-22,2239.6,2343.15,2230.59,2324.54,591357.488,0.00138634,0.0009219166666666667,0.0005134235714285715,0.00040476733333333337,0.0004779288039377197,0.0003284546543719094,0.00024459211335768,1.4944952691229658,3.2320323919398164,4.721132436163953,0.3838602967424803,0.5045041887080846,0.5179362670731071,70.64613430683659,47.320056452773656,60.268143054430205,2238.512,2108.7444,1837.7355499999999
2023-12-23,2324.54,2330.65,2265.0,2308.2,255626.9352,0.00049071,0.00094164,0.00048611285714285715,0.0004111243333333334,0.00044784750071872215,0.0003117206927419408,0.00024425335630606223,-0.49085727824308717,0.08424562745240946,0.44748608784054594,0.4154036531817528,0.5045913389368925,0.5184672026081109,65.24784482741038,47.46071939719973,59.373568626659335,2243.316,2118.2542000000003,1839.8533499999999
2023-12-24,2308.2,2326.19,2245.0,2264.05,307951.076,0.00054944,0.00080883,0.00048575571428571433,0.00041943899999999997,0.0005009996539919031,0.00031163924120229436,0.00024458550128102674,-0.5243109813302513,0.2484040034883795,0.7052068906196007,0.4179253013143422,0.5042719357267086,0.5216811886215365,62.43417418507203,43.38831841442277,58.23911906926949,2238.189,2126.4244,1842.0129499999998
2023-12-25,2264.04,2304.8,2253.1,2271.35,286277.1616,0.0007918599999999999,0.0006106699999999999,0.0005108085714285715,0.00043583433333333334,0.00015963917219782807,0.0003217102930099851,0.0002526553788597745,-0.11492563098829962,1.0008161770090076,1.7698682065160725,0.41762275878458194,0.49513776841683826,0.5215267984807561,60.143002265991676,54.217373059030635,60.18903086152902,2243.274,2134.0172000000002,1844.1415
2023-12-26,2271.36,2274.99,2178.45,2230.88,410413.1591,0.0011644,0.0008352333333333332,0.0005725514285714286,0.00046464766666666664,0.0003097658550152675,0.00035893417439921706,0.00028397779130846025,0.739646597018109,1.9361697919878498,3.1295735767753525,0.44175816209879165,0.48751222013164647,0.5225872737558511,60.390756796883934,52.41841594624559,57.51113887825246,2243.466,2140.6158,1846.09405
2023-12-27,2230.88,2392.44,2211.88,2378.35,541537.3574,0.00121557,0.0010572766666666665,0.0006319121428571429,0.0004951666666666666,0.00023127710097054223,0.0003925874702765375,0.0003133518133227225,1.1064203268501254,1.7993979572477925,3.01946009485129,0.6582882530688515,0.5109036704415567,0.5430565256147623,73.29806929370196,58.98550944990258,62.99791759617999,2261.649,2150.4774,1849.22815
2023-12-28,2378.35,2445.8,2335.0,2344.15,580459.982,0.0013426,0.0012408566666666666,0.0007063835714285716,0.00052992,9.175168463487305e-05,0.00042252825412322087,0.0003469726616379633,0.9985451405546996,1.8442422262711053,3.145863867675045,0.6731602346987914,0.5148520722099246,0.544938356881714,63.94387237890214,52.26398203252161,60.77674916079359,2274.121,2159.598,1852.1850999999997
2023-12-29,2344.15,2385.41,2255.34,2299.2,450201.2069,0.0014112999999999999,0.0013231566666666668,0.0007854628571428571,0.0005669633333333333,9.930302429098855e-05,0.0004444953635031798,0.00037938753053629937,0.9390805870203452,1.7904943599847702,3.053235784830105,0.6733087668025793,0.5204327825755093,0.5480174515795538,46.21655518384985,56.70540522104937,57.762282834674856,2286.25,2163.1556,1854.96825
2023-12-30,2299.2,2322.84,2268.0,2291.68,210539.1327,0.0008521099999999999,0.0012020033333333333,0.0008248992857142857,0.000585367,0.00030495726099461455,0.0004220357326917724,0.0003793820021556767,-1.5938937574454872,0.4137914815274082,1.1892884822726026,0.6754708630206746,0.5198172738337945,0.5483075810943213,47.4667239157418,55.3524492232847,54.89987184819915,2295.201,2167.4348,1857.7260499999998
2023-12-31,2291.68,2321.34,2258.88,2281.87,222175.8779,0.0008115900000000001,0.0010249999999999999,0.00086044,0.00060242,0.00033515852234428605,0.0003958418074666463,0.00037760628921558914,-1.131262661729372,0.2746183909644042,1.0246905525940377,0.648517562177561,0.459542689670961,0.5475705089944748,53.054298642406586,57.57629555971274,53.481761084976796,2299.427,2172.0088,1860.88065
2024-01-01,2281.87,2352.37,2265.24,2352.04,216702.6914,0.00101965,0.0008944500000000001,0.0009082128571428572,0.0006264083333333332,0.00011030298092076309,0.0003690605125164452,0.00038057889627543014,-0.24509819127845753,0.6971655873252686,1.630697341226583,0.3707543139788103,0.4727401096053058,0.5466230040562625,61.377929439513366,60.86023618809037,54.19028449347823,2302.1769999999997,2178.156,1864.3060500000001
2024-01-02,2352.05,2431.3,2341.0,2355.34,458041.6642,0.0016854600000000002,0.0011722333333333333,0.0010071742857142858,0.0006725903333333334,0.00045647940745814343,0.0003790429999295658,0.000421468422807709,1.3962889566461976,1.957131753352885,3.297980943160169,0.34689949365746897,0.46214303945282853,0.5456769869688263,69.60493982720457,65.50121437666357,52.48034047171113,2306.891,2184.1898,1867.49315
2024-01-03,2355.35,2385.45,2100.0,2209.72,798729.4869,0.00062922,0.0011114433333333333,0.0010212942857142858,0.0006835643333333333,0.0005340695146077317,0.00035910788125606525,0.0004156788332660169,-0.9083102993716473,-0.42214364349758754,0.28716706375139966,0.6553176182637795,0.5293305696769419,0.5703995274253335,23.28168076808224,50.544206899432325,49.139338736395274,2301.4579999999996,2188.7964,1869.9029500000001
2024-01-04,2209.72,2294.69,2201.91,2267.11,448844.055,0.00030000000000000003,0.0008715600000000001,0.0009750178571428572,0.0006835643333333333,0.0007238241220075542,0.0004077474072959799,0.0004156788332660169,-1.1381834917907778,-1.169325370001762,-0.6492330530733815,0.7176958517835872,0.5107920263179279,0.5717382747753111,38.629117959537645,51.926795773559185,46.50931951020954,2301.034,2192.969,1872.63375
2024-01-05,2267.11,2277.21,2206.17,2268.78,405568.0006,0.00030000000000000003,0.00040974,0.0008974221428571429,0.0006835643333333333,0.00019007525562263422,0.00042639104479300506,0.0004156788332660169,-0.8347732909454064,-1.1693253700017623,-0.6492330530733815,0.7176168999365746,0.5106412164281638,0.5717462477468276,44.852443481686166,45.57713052848563,46.45363784037818,2304.8239999999996,2199.1092000000003,1875.2921000000001
2024-01-06,2268.78,2270.0,2216.4,2240.78,194067.8656,0.00030000000000000003,0.00030000000000000003,0.0008838,0.0006835643333333333,0.0,0.00044310285060625,0.0004156788332660169,-0.5715783150951823,-1.1654831422740994,-0.6492330530733815,0.6348904293013256,0.5094180322452748,0.5723394741731105,41.94518293445583,44.74938475427147,46.09846380181319,2291.067,2204.7084,1877.5360500000002
2024-01-07,2240.77,2258.01,2203.46,2221.42,207138.6927,0.00030000000000000003,0.00030000000000000003,0.0008659828571428572,0.0006783946666666667,0.0,0.00046218571800702617,0.00041956451945363845,-0.4471832227375447,-1.1520246224120463,-0.6492330530733815,0.6245759941903023,0.5091821480163744,0.5730413721813018,40.71457098083475,46.546668178693245,44.9050408856167,2278.794,2209.8848000000003,1879.1975999999997
2024-01-08,2221.42,2358.2,2166.38,2330.44,539407.5547,0.00030000000000000003,0.00030000000000000003,0.0008308500000000001,0.0006592926666666667,0.0,0.0004863178165166668,0.0004234235888883863,0.0,-1.1520246224120463,-0.6245878732678369,0.4886743525290077,0.5404729100158248,0.5103807059640947,47.03589856177156,54.109465192188964,54.156143452336444,2281.918,2216.2642,1881.4897499999997
2024-01-09,2330.43,2371.72,2226.78,2344.29,551454.9931,0.00030000000000000003,0.00030000000000000003,0.0007691071428571429,0.0006508113333333333,0.0,0.0004954982602535405,0.00042811848510407823,0.0,-1.1199418205625467,-0.6018661659303565,0.4617357603535133,0.5395114336794341,0.5073919344402577,48.52631298169167,58.19045830733685,55.59190934129932,2287.179,2222.7219999999998,1883.7480500000001
2024-01-10,2344.3,2643.1,2339.59,2584.38,1038388.666,0.00030000000000000003,0.00030000000000000003,0.0007037092857142857,0.0006461073333333333,0.0,0.0004924504621312648,0.00043126565895354853,0.0,-1.0202642703416012,-0.5884565155597553,0.8896750034788969,0.6725389942084059,0.5580585299218839,89.91009416663908,63.123765844845686,61.237193439595,2317.43,2235.7494,1887.2951500000001
2024-01-11,2584.37,2689.39,2566.01,2618.01,838712.2577,0.00030000000000000003,0.00030000000000000003,0.0006292378571428572,0.0006461073333333333,0.0,0.00046655471116519536,0.00043126565895354853,0.0,-0.9274896869924394,-0.5769463500211923,0.8126994844085488,0.6595614344260639,0.5581371283164103,89.37211076688082,67.45709987494013,60.649923650036364,2344.0270000000005,2246.8454,1890.8912
2024-01-12,2618.01,2717.32,2458.0,2522.54,887457.7627,0.00030000000000000003,0.00030000000000000003,0.0005498592857142859,0.0006432899999999999,0.0,0.00041494354069076443,0.0004333047116657271,0.0,-0.8924348876859554,-0.5554905933004909,0.9625108215686031,0.683065965435596,0.5673398483514448,73.52156019418729,63.3752545213933,60.622195337987435,2360.7470000000003,2256.0522,1894.20905
2024-01-13,2522.55,2590.0,2497.5,2578.19,422061.232,0.00030000000000000003,0.00030000000000000003,0.0005104228571428573,0.0006432899999999999,0.0,0.0004102172751946592,0.0004333047116657271,0.0,-0.85053626256285,-0.5483051700485937,0.9322283376848446,0.6781734590012072,0.5599881811992071,79.75029537789717,66.22311812725192,61.88722403370256,2397.594,2265.9991999999997,1897.6521000000002
2024-01-14,2578.18,2578.69,2470.0,2472.87,306207.7463,0.00030000000000000003,0.00030000000000000003,0.0004738807142857143,0.0006431503333333334,0.0,0.0004040657127909958,0.00043341844280319773,0.0,-0.7849245342985713,-0.5483051700485937,1.0764885926494996,0.7088114340713039,0.5644344532422954,69.25256113800515,59.759437529294985,58.96186949094564,2418.17,2273.7948,1900.87635
2024-01-15,2472.87,2553.82,2470.92,2511.78,315247.8819,0.00030000000000000003,0.00030000000000000003,0.00042247714285714293,0.0006431503333333334,0.0,0.00037394735465402876,0.00043341844280319773,0.0,-0.7055047066493088,-0.5483051700485937,0.5922728259607543,0.7030773871242615,0.5503993777407086,65.55445001021427,58.431509162991084,59.38336510860358,2442.4700000000003,2282.7838,1904.1752999999999
2024-01-16,2511.79,2614.43,2500.05,2587.4,381077.6247,0.00030000000000000003,0.00030000000000000003,0.0003235157142857143,0.000642683,0.0,8.798774606239918e-05,0.00043379296162991156,0.0,-0.6288272326072238,-0.5483051700485937,0.6543020406879968,0.662721001416598,0.5538509806015911,68.85479843017852,61.37995292263049,62.86159393421989,2477.132,2293.9818,1907.44335
2024-01-17,2587.41,2592.97,2506.75,2530.19,366281.3477,0.00030000000000000003,0.00030000000000000003,0.00030000000000000003,0.0006409886666666666,0.0,0.0,0.0004350695947161,0.0,-0.5542490757513652,-0.5483051700485937,0.5917458008549337,0.6678231928583671,0.5577752213251359,44.1328684956348,67.20755162738635,60.093792695882556,2508.009,2303.6228,1910.4718
2024-01-18,2530.2,2550.0,2428.56,2470.81,452090.1074,0.00030000000000000003,0.00030000000000000003,0.00030000000000000003,0.0006409886666666667,0.0,0.0,0.0004350695947161,0.0,-0.4821066919822517,-0.5483051700485937,0.5703640529033923,0.6710036330888072,0.5595991797671325,34.904422019803846,60.91429306234028,57.0196745201848,2522.0460000000003,2312.4628,1913.13845
2024-01-19,2470.81,2504.2,2415.2,2492.0,424209.0029,0.00030000000000000003,0.00030000000000000003,0.00030000000000000003,0.000636604,0.0,0.0,0.00043790680723736447,0.0,-0.41672851168486513,-0.548305170048594,0.4529661091631438,0.6705762955881832,0.5597300055703152,46.30516840874853,61.71512543288924,55.28912359597564,2536.817,2321.2635999999998,1915.82075
2024-01-20,2491.99,2492.0,2454.2,2472.01,136620.9577,0.00030000000000000003,0.00030000000000000003,0.00030000000000000003,0.0006150083333333334,0.0,0.0,0.0004380022566630779,0.0,-0.3537302947855342,-0.5483051700485937,0.4304544261408398,0.6716826071771642,0.5473669580934714,35.9408929611113,62.23840624957696,55.16193885451378,2525.58,2328.9590000000003,1918.4998
2024-01-21,2472.02,2482.18,2452.13,2457.05,122572.1687,0.00030000000000000003,0.00030000000000000003,0.00030000000000000003,0.000578797,0.0,0.0,0.0004164080069218355,0.0,-0.27248065412519096,-0.5483051700485937,0.2534811064109958,0.6622409547348048,0.5259682444057228,47.24639699215673,62.529645109394394,56.195747085008634,2509.4840000000004,2334.8052,1921.2332500000002
2024-01-22,2457.06,2466.1,2303.59,2314.2,526337.6492,0.00030000000000000003,0.00030000000000000003,0.00030000000000000003,0.00057244,0.0,0.0,0.00041924518884825436,0.0,-0.2235764270501619,-0.5483051700485937,0.49946893155320266,0.713429126784864,0.5482813856148353,24.74693251529311,49.1664271341633,51.265452698267914,2488.65,2337.2302,1923.5734
2024-01-23,2314.19,2352.23,2168.07,2242.6,700105.3314,0.00030000000000000003,0.00030000000000000003,0.00030000000000000003,0.0005641253333333333,0.0,0.0,0.00042218029593293156,0.0,0.0,-0.5483051700485937,0.5119053720157528,0.670672827176542,0.5540890782191199,5.472906658391892,45.072538207271165,50.339867764678715,2455.091,2337.2147999999997,1925.43185
2024-01-24,2242.6,2264.6,2196.12,2235.02,359851.1496,0.00030000000000000003,0.00030000000000000003,0.00030000000000000003,0.00054773,0.0,0.0,0.0004225817517560786,0.0,0.0,-0.5483051700485937,0.4600663026385054,0.6613677724648858,0.554206905374355,6.277588505393595,28.147518014362262,45.47657970969866,2431.306,2336.0486,1927.2807500000001
2024-01-25,2235.02,2242.89,2171.3,2218.64,330426.6061,0.00030000000000000003,0.00030000000000000003,0.00030000000000000003,0.0005189166666666668,0.0,0.0,0.000408313047131078,0.0,0.0,-0.5483051700485937,0.46200002173096993,0.6619303886878969,0.5539134042178391,7.194024783551072,24.46842515754274,45.993909951465525,2401.992,2335.7673999999997,1929.0599500000003
2024-01-26,2218.64,2282.36,2195.84,2267.68,363566.4255,0.00030000000000000003,0.00030000000000000003,0.00030000000000000003,0.0004883976666666666,0.0,0.0,0.00038816647461946066,0.0,0.0,-0.5483051700485937,0.5913630068208394,0.6668692755272256,0.5542926142868849,15.210918114110882,32.67861026527058,48.99654904548818,2370.02,2334.0063999999998,1930.9963500000001
2024-01-27,2267.67,2282.94,2251.4,2267.94,145109.3836,0.00026877,0.00028959,0.0002977692857142858,0.00045260333333333336,1.8030648907086232e-05,8.346568584823808e-06,0.0003547539606479354,-1.7875744786900187,-4.242453963157103,-0.6355342953039259,0.363716967875866,0.6655768819566314,0.5539192881944501,16.28836686816865,27.1972247129341,49.24071847085826,2343.795,2332.1908,1932.9445500000002
2024-01-28,2267.94,2308.24,2239.89,2256.9,209326.9087,0.00020958,0.00025945,0.00029131071428571437,0.00041254599999999996,4.5924839684105846e-05,2.495232021404473e-05,0.0003074637151858031,-1.6794337562494477,-4.0064837946716185,-0.797953783810849,0.22591197583089553,0.6314894759907314,0.5534606175573648,16.502092050170575,31.57284005384861,49.202006966771435,2322.404,2330.5190000000002,1934.86995
2024-01-29,2256.9,2322.34,2233.8,2317.6,305528.0776,0.00030000000000000003,0.00025945,0.00029131071428571437,0.00039414233333333337,4.5924839684105846e-05,2.495232021404473e-05,0.00029657663963488597,0.6182572747699936,0.2889513879483034,-0.540432352660125,0.30162453485215895,0.6422596130108784,0.5563471778421264,50.7848568788756,34.02599539314306,48.89266147070446,2304.964,2329.8232000000003,1936.4355000000003
2024-01-30,2317.61,2391.98,2297.0,2343.01,372879.5791,0.00026195,0.0002571766666666667,0.00028859285714285724,0.00037582100000000003,4.539859726185571e-05,2.5983975958110987e-05,0.00028671237017140525,-0.164758867525715,-1.3565885678740224,-0.646290406721175,0.2581147384508688,0.47227310201518113,0.5555270187239845,79.461299219203,28.085152172672935,49.60911494484564,2292.064,2332.181,1938.4614000000001
2024-01-31,2343.0,2351.6,2263.57,2283.14,397116.1859,0.00030000000000000003,0.00028731666666666667,0.00028859285714285724,0.0003518326666666667,2.1968177742907093e-05,2.5983975958110987e-05,0.0002598331926306534,0.8612763058545404,0.3602980114576444,-0.5380397756940798,0.3709373608860192,0.4732275430905192,0.552827159252285,60.803771890244384,27.951807228845837,52.46137960618805,2274.673,2333.7746,1940.2200500000001
2024-02-01,2283.15,2311.72,2240.0,2304.28,310997.4538,0.00023398,0.00026531,0.0002838771428571429,0.00030345000000000003,3.313800386279749e-05,2.950655844396395e-05,6.512223668102412e-05,-0.676985013947602,-2.1408055126415366,-0.7212873867835681,0.3762650901339024,0.4573743700537993,0.5524000764822207,68.8252879625069,34.049156146342725,51.27715281156167,2273.681,2334.657,1942.1308999999999
2024-02-02,2304.28,2324.74,2281.94,2309.06,238230.511,0.00023678000000000002,0.00025692000000000005,0.0002793614285714286,0.0002903686666666667,3.733463271562801e-05,3.161181834913826e-05,2.3614302465116885e-05,-0.9175345013896382,-1.7480892300962223,-0.7090051576896137,0.3672584232910926,0.44307826261560057,0.5496750865167014,61.29366812203653,31.908623417633194,51.38106013841879,2280.327,2334.5317999999997,1944.1201999999998
2024-02-03,2309.07,2329.98,2292.75,2296.49,133232.845,0.00022626,0.00023234000000000002,0.0002740942857142858,0.00028791066666666675,5.448375905810392e-06,3.39642388208474e-05,2.6266097715303763e-05,-0.8482969467701066,-1.8153615704122967,-0.7336928817005366,0.28517225257836093,0.41217448022699105,0.5471850578407743,57.301416807119175,32.38387731332985,51.93052735163568,2286.4739999999997,2336.0516000000002,1946.1166
2024-02-04,2296.5,2311.0,2266.0,2289.79,171232.0444,0.00022274,0.00022859333333333332,0.00026857571428571435,0.0002853353333333334,7.305048483369238e-06,3.566531987458494e-05,2.871346094664854e-05,-0.6659911073651561,-1.6744269706551256,-0.738277677212998,0.25128858634903034,0.4029947422330325,0.5431000269423196,58.602291154255205,32.92986610049377,52.390208430827144,2293.589,2337.2682,1948.1224
2024-02-05,2289.79,2338.41,2269.11,2301.83,236610.412,0.00030000000000000003,0.00024966666666666665,0.00026857571428571435,0.0002853353333333333,4.3625461984307136e-05,3.566531987458494e-05,2.871346094664854e-05,1.7597336217990789,0.6664924103559484,-0.5203289184102415,0.11374385424191197,0.3756569257984165,0.5266298297416256,44.46705494329435,48.2776865025547,48.92704184564029,2297.004,2339.3744,1950.1735999999999
2024-02-06,2301.84,2392.4,2299.0,2372.64,368942.7498,0.00025691,0.00025988333333333335,0.0002654978571428572,0.000283899,3.87157259178251e-05,3.4587874526832765e-05,2.903058902192646e-05,0.2640516640344651,-0.5756585285565301,-0.6304339357540942,0.27307604024174786,0.39789044902998655,0.5320337894083,57.8840934487758,68.14579147104428,51.01964479665164,2307.4739999999997,2342.4386,1952.57815
2024-02-07,2372.63,2444.44,2354.0,2425.1,342791.7013,0.00016851,0.00024180666666666668,0.00025610571428571436,0.000279516,6.703348441894007e-05,4.1633425497783654e-05,3.568035116566009e-05,-1.3723727653901643,-2.50917861713785,-0.8496113765704213,0.29923793016703965,0.4003817474110837,0.5343406168794463,89.32409972264529,73.57142857117307,43.377461415545625,2324.294,2347.3824,1955.3710499999997
2024-02-08,2425.09,2463.15,2411.01,2419.55,338040.0539,0.00027325,0.00023289,0.0002541950000000001,0.0002786243333333333,5.635013043472933e-05,4.004761987547431e-05,3.548450498967531e-05,0.5705109061193178,0.13444682339049832,-0.5395425385888144,0.2853972292955908,0.39812595721497107,0.5342673324701629,84.94936632066312,75.60211025280772,41.55115455340548,2334.489,2351.73,1958.02515
2024-02-09,2419.56,2525.0,2419.16,2486.56,492384.385,0.00027752,0.00023976,0.0002525892857142858,0.000277875,6.174123500555331e-05,3.849017386378121e-05,3.5254155123087984e-05,0.43797320902155684,0.2754302577624591,-0.5186397125236716,0.2728868897116699,0.4152085968492158,0.5193543056545565,89.0728185257448,76.67056587194196,48.430219367781014,2348.844,2356.669,1961.2079500000002
2024-02-10,2486.56,2516.45,2471.57,2500.24,185099.59,0.00027448,0.00027508333333333334,0.0002529971428571429,0.00027702433333333333,2.198006675160095e-06,3.870447627232097e-05,3.500891981732775e-05,0.5253903040790974,0.23448774289920163,-0.5256772194671809,0.27198281390381784,0.4147409209185865,0.5186032594215533,94.63307776531784,77.40938266917976,46.46981567851988,2370.5539999999996,2360.183,1964.4208500000002
2024-02-11,2500.24,2539.63,2493.45,2507.21,219975.1471,0.00024792,0.00026664,0.00025573571428571433,0.00027528833333333337,1.628309552913003e-05,3.670066708975937e-05,3.512140501495289e-05,-0.009007378659564243,-0.40102919731328457,-0.5923495605044086,0.24522155237175672,0.3120340766844944,0.5153063448157783,97.57132854862475,79.82082012887666,51.70726856901186,2390.847,2364.1632,1967.5969
2024-02-12,2507.22,2665.58,2472.0,2659.99,449501.776,0.00025047000000000003,0.00025762333333333333,0.0002521978571428572,0.00027363733333333334,1.4653874345857169e-05,3.442201580349693e-05,3.508383495852143e-05,-0.9968530242678072,-0.2737423987776456,-0.5821854386399031,0.4851081115238438,0.3518333935536351,0.5317082024700083,98.49699398778931,83.45155050097341,56.619059102906874,2425.9399999999996,2372.082,1971.59045
2024-02-13,2659.99,2686.12,2590.0,2639.99,502447.745,0.00030000000000000003,0.00026613,0.0002549157142857144,0.00027363733333333334,2.9359977861210612e-05,3.667938358557788e-05,3.508383495852143e-05,1.3923775625210648,1.084004548093657,-0.44331428203232437,0.5072281622130503,0.35497701608983306,0.5207178021128405,91.97676244288158,79.32498617562393,52.471450725929856,2460.29,2379.4548,1975.41945
2024-02-14,2639.99,2786.0,2618.4,2774.81,461670.6944,0.00033082,0.0002937633333333333,0.00025711714285714296,0.0002746646666666667,4.0536435873716304e-05,4.0336014720280314e-05,3.631214936159577e-05,1.4288206170938231,1.773113270212011,-0.35870292012944205,0.5785737912541636,0.38884518534597823,0.5334273679009721,93.62540854752747,92.28982814654972,60.714285714136786,2508.792,2390.3334,1979.8912
2024-02-15,2774.8,2867.65,2759.25,2822.59,481689.1874,0.00037548,0.0003354333333333333,0.0002672242857142858,0.00027718066666666667,3.7950885804466e-05,5.053194035065956e-05,4.0501399799779766e-05,1.3716974331594851,2.3977424555438414,-0.23672519537490164,0.5565646542453468,0.3868514064189466,0.5324293213275465,95.48573492220378,92.62768319741812,65.56603773568659,2560.868,2399.2182,1984.6951999999999
2024-02-16,2822.58,2857.4,2740.0,2801.8,378070.8037,0.00032722000000000003,0.00034450666666666665,0.0002736842857142858,0.000278088,2.6884020036883528e-05,5.2097238774337446e-05,4.132672737898011e-05,0.2269669864458276,1.2249390360956933,-0.37075810104993934,0.5976613761259723,0.39218178669913306,0.5329534696055791,89.7207802024525,89.4849028781889,63.71330429531994,2603.784,2408.3712,1989.4234999999999
2024-02-17,2801.81,2804.21,2719.01,2785.93,243302.8759,0.00033519,0.00034596333333333334,0.0002814650000000001,0.00027926100000000005,2.5870938006642596e-05,5.260149643233872e-05,4.2454144946022934e-05,0.05344737027730691,1.2582921137617777,-0.3503028256123004,0.47648824826080044,0.392802055669962,0.5304528966861249,85.799854640084,89.01412492407518,63.94654535099243,2639.8669999999997,2418.1058000000003,1993.9858000000002
2024-02-18,2785.92,2895.0,2764.25,2881.2,367987.8833,0.0003114,0.0003246033333333333,0.0002877978571428572,0.000279641,1.2108931965441696e-05,5.027304984986567e-05,4.269650533621588e-05,-1.0335005312474375,0.7433517833398747,-0.4108168446574916,0.4738778158785213,0.3994595744844062,0.5351808882711293,88.37290431129695,91.30938910058556,67.58863777716005,2686.032,2429.8962,1999.1922999999997
2024-02-19,2881.2,2984.52,2856.93,2944.8,446451.0401,0.00030000000000000003,0.00031553,0.00028779785714285724,0.000279641,1.7954851712292844e-05,5.027304984986567e-05,4.269650533621588e-05,-1.031539935781819,0.4657769609639723,-0.4187208048028707,0.34158692817814723,0.4021898966037203,0.5360328894617596,85.76846758581354,91.89330066833207,77.98934753642399,2731.8559999999998,2443.1548000000003,2004.7372500000001
2024-02-20,2944.8,3033.09,2874.56,3014.81,634681.7471,0.00061931,0.0004102366666666666,0.0003136835714285715,0.0002902846666666666,0.00018115251594538536,0.00010092693180308806,7.529909715685949e-05,1.7795637304192407,3.5986205017405277,0.5591767603654099,0.3546361607756533,0.36805208941542045,0.5319129594380951,91.8195206853566,91.88484065781103,84.3231902994585,2783.313,2456.4102000000003,2010.6601500000002
2024-02-21,3014.81,3017.15,2868.0,2967.9,595955.0033,0.00042121,0.00044684,0.00033173357142857147,0.00029432499999999996,0.00016119054469791182,9.541267627498182e-05,7.899934380998543e-05,0.17908706965129054,1.2637608904977518,-0.03684703082295263,0.40236809565663706,0.38891645928778307,0.533479085724929,76.80093273726851,85.66172605891948,81.47461004584265,2829.382,2468.6614,2016.31725
2024-02-22,2967.91,3036.02,2906.51,2971.4,563525.9936,0.00030000000000000003,0.00044684,0.00033364428571428575,0.00029432499999999996,0.00016119054469791182,9.441402444016171e-05,7.899934380998543e-05,-0.655950181762196,-0.06420419265683346,-0.39107411409012816,0.37921720844531964,0.3894020122305465,0.5302787346357356,73.54961228026113,86.35423391596608,82.69003613098289,2860.523,2483.8950000000004,2022.02285
2024-02-23,2971.4,2993.8,2906.05,2922.24,428826.5787,0.00030000000000000003,0.0003404033333333333,0.00033525000000000004,0.00029432499999999996,6.998062612854784e-05,9.357350471481674e-05,7.899934380998543e-05,-0.631532060630272,-0.10627106246334365,-0.3696913231551743,0.3717389351947165,0.4021503468286717,0.5328491087004451,67.48954460952814,79.39255741140516,78.4225518461288,2888.748,2496.9976,2027.48855
2024-02-24,2922.25,3007.48,2906.4,2992.62,243854.0783,0.00030000000000000003,0.00030000000000000003,0.0003370728571428572,0.00029432499999999996,0.0,9.254149193561115e-05,7.899934380998543e-05,-0.6315320606302723,-0.15279118543202574,-0.34085777139609974,0.3811645776772607,0.399232160427289,0.5320542889314345,75.91204272483729,80.85706407285517,79.66110019628104,2910.529,2511.4743999999996,2033.17015
2024-02-25,2992.62,3122.0,2983.61,3112.59,412306.2237,0.00056966,0.00038988666666666663,0.0003600542857142858,0.0003033136666666667,0.00015568827358970635,0.00010744786311467819,9.364998409273337e-05,1.6060378668961524,2.309551387252513,0.5889621169084623,0.47120172327138893,0.4121977525101183,0.5183868180268777,77.31683705982073,83.2319617055503,82.1559829539882,2939.529,2528.9106,2039.4563500000002
2024-02-26,3112.6,3196.0,3036.59,3175.94,546722.7747,0.00097926,0.0006163066666666667,0.0004121107142857143,0.00032699666666666667,0.000342024078879458,0.0001928639135789475,0.00015460995552396022,1.645251866192633,3.4549990122999628,2.115698924637579,0.4140777572063731,0.4072530971720445,0.517584152256238,77.30343980331193,81.40636223065948,82.19145201680931,2976.943,2548.001,2046.0737000000001
2024-02-27,3175.95,3288.14,3160.02,3242.36,625939.1221,0.0012497799999999998,0.0009329,0.0004799521428571429,0.00036167,0.00034242187546943624,0.0002919748338780772,0.00022704231091323515,1.3480849567728732,3.190205508655923,3.204623119363485,0.39395930437807425,0.4068807986813537,0.5153157986776723,77.10929495567208,84.70552988474861,82.72291313411417,3022.5860000000002,2566.2394,2053.0413
2024-02-28,3242.35,3488.0,3176.16,3383.1,947538.766,0.0010914800000000001,0.00110684,0.000534285,0.00038805266666666665,0.00013591252628071098,0.00033034225141976014,0.0002627990061642435,0.6462281158463544,2.1208365427263254,2.520816533761921,0.20535205270964513,0.4162017425202992,0.5226790226932151,90.42685776588385,84.80915593691701,87.7977540443378,3072.7760000000003,2587.0156,2060.70715
2024-02-29,3383.11,3522.81,3300.0,3340.09,759698.1123,0.00211682,0.0014860266666666666,0.0006586664285714287,0.00044988166666666665,0.0005519872231613116,0.0005321397793033636,0.00040941025982362147,1.605194864397331,3.314892757211577,4.8351497507387995,0.420218827145491,0.43164509232236875,0.5241831010299928,83.333634703256,79.77628944266647,85.06632000146372,3112.3050000000003,2602.1297999999997,2068.20395
2024-03-01,3340.1,3450.0,3338.54,3433.43,412788.5773,0.00144582,0.0015513733333333334,0.0007385664285714286,0.0004880756666666667,0.0005207558530956085,0.0005617023268135909,0.00044669480691949534,0.15394044035088947,1.6481973986657377,2.7818899499774314,0.38664698467050707,0.43283959721065235,0.5234556461209355,92.79817819516596,83.54274425656433,85.91112047969611,3154.167,2618.4382,2076.1436000000003
2024-03-02,3433.42,3460.04,3390.01,3421.4,283984.9448,0.00161688,0.0017265066666666666,0.0008301157142857143,0.0005341723333333333,0.00034867428143373823,0.0005943974281665334,0.0004889270025247233,0.28482842871823155,1.716593550494416,3.2836186961536873,0.4336792244023435,0.4373039020563455,0.523880277750358,89.78584418946886,83.88486600036535,85.94076488051337,3199.517,2636.4154,2084.1056999999996
2024-03-03,3421.39,3491.8,3360.0,3487.81,341631.531,0.00114794,0.0014035466666666666,0.0008898685714285715,0.0005645443333333333,0.00023731088667260095,0.0005801172668701385,0.0004980317673476923,-0.8106164965883582,0.7781597515334918,1.9166335008224595,0.4320579561729224,0.39170405812160414,0.4944039536848305,88.65856171427565,83.37312808763278,86.86986815688007,3251.1580000000004,2654.6078,2092.5057
2024-03-04,3487.8,3640.94,3423.78,3627.76,715360.6361,0.00120964,0.00132482,0.0009548428571428573,0.0005973236666666666,0.0002548058186148882,0.0005595447455047528,0.0005072750456248296,-0.7656339077967452,0.8064743348210538,1.9727663320845272,0.4139602464820684,0.39440196426885216,0.4986324662710165,90.20466275126695,84.66168618920553,87.8281609292377,3321.71,2677.7056,2102.2370499999997
2024-03-05,3627.75,3822.04,3200.0,3553.65,1392904.864,0.00222909,0.00152889,0.001069827142857143,0.0006642020000000001,0.0006071752238851662,0.0006442764736380784,0.0005828194931028684,1.6126255108218288,2.1784459236785914,3.8853887052951546,0.4627850853661363,0.39284560464530816,0.503280930178495,77.32579574772362,77.23394792161156,83.63033709771557,3377.8129999999996,2698.5429999999997,2111.6973500000004
2024-03-06,3553.66,3900.0,3499.4,3818.59,969494.71,0.00099453,0.0014777533333333332,0.0011107785714285715,0.0006873529999999999,0.0006595060030305528,0.0006175438606018475,0.0005816466729194543,-0.8942966471242629,0.16404576727294576,1.1148257454990247,0.6931491061636739,0.4680896822083044,0.525155568021555,81.3848570892389,85.23080236217764,85.3974140776594,3448.4129999999996,2723.1668,2122.44195
2024-03-07,3818.58,3933.81,3735.0,3868.76,540780.675,0.00119086,0.0014714933333333333,0.0011744114285714288,0.0007184846666666667,0.0006634010093701513,0.0005717751463086386,0.0005828063916456163,-0.32959271924715433,0.42001157528432403,1.4860186753187057,0.6523774159820501,0.4572296067641654,0.5233920198864449,87.71096369204453,85.78047496760706,85.99681068260293,3517.6950000000006,2749.9382,2133.3595499999997
2024-03-08,3868.76,3993.75,3820.0,3883.36,646399.2589,0.00149739,0.0012275933333333333,0.0012599392857142856,0.0007627806666666667,0.00025343450481995816,0.0005179366046366379,0.0005900202430772308,0.1509020739056423,0.8370186358756144,2.030653660282277,0.6768590865578041,0.45029986969092184,0.5144666228972031,86.15579948882163,89.40889931268542,85.62247521104187,3581.7950000000005,2778.1892,2144.4386
2024-03-09,3883.37,3942.0,3870.01,3905.21,254839.1386,0.00105229,0.0012468466666666666,0.001313674285714286,0.0007887486666666667,0.00022777046040550836,0.0004445022050601082,0.0005848530024493488,-0.6724951475674562,0.035746892402922656,1.0699892108978635,0.656715725035635,0.4458410037676768,0.5144769912454811,88.27429077723873,88.96992885742937,85.68214026289033,3634.0060000000003,2806.4534000000003,2155.7897
2024-03-10,3905.2,3964.67,3791.26,3878.47,356664.68,0.00113881,0.0012294966666666666,0.0013543278571428573,0.0008174583333333333,0.0002360011782456549,0.0003944276295942825,0.0005800118559554154,-0.18381419269636087,0.11806291753893755,1.20667171644626,0.5968342026597041,0.4544237178743229,0.46478584203380596,82.97488014035703,85.53439860427245,84.47975861190014,3687.844,2834.5826,2166.784
2024-03-11,3878.47,4086.23,3722.95,4064.8,721554.5139,0.00160899,0.0012666966666666668,0.0013993085714285715,0.000861942,0.0002995746520207228,0.0003841376174849777,0.0005880514828880986,1.2880286577540483,0.8766490081504356,2.048249886398387,0.39203187659446925,0.47462853862485466,0.4750245733728311,84.211103109154,87.016091417809,84.73727158070409,3750.9809999999998,2866.7376,2178.8022
2024-03-12,4064.8,4093.92,3828.98,3979.96,632787.3941,0.00153954,0.0014291133333333332,0.0014200057142857144,0.000904996,0.000253796857020208,0.0003832664342347124,0.0005888281312069633,0.6798124588210858,0.6728562961226432,1.8208864604341546,0.48511394077027015,0.4818428777598195,0.4673118181095754,82.81983771373889,80.25281774472762,82.10447124657748,3806.8370000000004,2900.0527999999995,2190.433
2024-03-13,3979.97,4083.0,3932.23,4004.79,482305.7766,0.0015134600000000001,0.0015539966666666667,0.0014501471428571432,0.0009470956666666667,4.937855438684875e-05,0.00037186603806765433,0.0005855587126113424,0.5593612063167244,0.5492683833288717,1.6932606819208833,0.48468942525129594,0.47960734403582833,0.46595694284907113,72.74281805733109,78.17794497565205,81.10880671747324,3858.535,2935.2965999999997,2202.2217499999997
2024-03-14,4004.79,4010.98,3723.0,3881.7,648237.5245,0.00126577,0.0014395900000000001,0.0013893578571428573,0.000979288,0.00015109628023218322,0.0003205168979387635,0.0005752127435725595,-0.7345383782792815,-0.049524404958865516,1.1874868591623502,0.5810475298628324,0.5015269590061983,0.45980335136185974,51.34154433101941,72.88692815420328,75.80413310518306,3883.928999999999,2968.2302,2213.3386
2024-03-15,3881.69,3934.02,3570.0,3742.19,947537.4071,0.00096999,0.00124974,0.0013553700000000003,0.0010005936666666667,0.0002720893803513906,0.000338777558992512,0.0005620522455006244,-1.5566949491197923,-0.8999999461861647,0.6172751459967922,0.6579308923103665,0.5438987038237258,0.4719885283593618,38.37513793042233,62.557345046292845,71.65869005440035,3902.7830000000004,2998.7012000000004,2223.78415
2024-03-16,3742.19,3781.12,3468.8,3523.09,548288.1569,0.0007526,0.0009961199999999999,0.0012936357142857146,0.0010131643333333334,0.0002575809482473527,0.00036517662033837804,0.000551711199630578,-1.3284461167786992,-1.5465492449345133,0.20012953955356372,0.4627379904066667,0.6077183331515388,0.4963996664856515,26.24931629454234,53.53957966398536,65.52464871778506,3873.233,3023.8094,2232.7525
2024-03-17,3523.09,3678.68,3412.0,3644.71,517790.9936,0.00055596,0.0007595166666666667,0.0012513514285714285,0.001020789,0.0002071016427586713,0.0004143120618169769,0.0005434228776252865,-1.183349428130815,-1.8589427377473131,-0.17472150576322917,0.7145980268703733,0.616591684290839,0.4965229440779211,37.00351376592772,55.25917086769457,65.90307892898403,3850.828,3051.3448,2242.4499
2024-03-18,3644.7,3645.02,3454.09,3520.46,570901.2851,0.0007330500000000001,0.0006805366666666667,0.0012173092857142857,0.001034051,0.00010832848209654213,0.00043696335721156963,0.0005308229011076484,-0.4494645642393649,-1.2944502358401373,0.14329122759773047,0.6745269024860341,0.6377838697798212,0.5012977628384953,17.491997515632008,46.365126898694484,61.69489183955015,3814.5379999999996,3076.616,2251.8234
2024-03-19,3520.47,3548.09,3150.88,3158.64,1049629.6936,0.00064928,0.0006460966666666667,0.0011044657142857143,0.0010453136666666667,8.858790681205356e-05,0.000351137309888319,0.0005184005388825069,-0.5381565280965994,-1.3702771747501459,-0.02484996482814938,0.9833951557626984,0.7745996456193468,0.57509984242994,13.143723860629663,38.80160345635892,52.6122696578069,3739.881,3093.4368,2259.471
2024-03-20,3158.65,3535.24,3056.56,3516.53,1207322.8201,0.00036096,0.0005810966666666668,0.0010592107142857142,0.0010473456666666668,0.00019519084823152328,0.00040334266884974615,0.0005154896584579771,-1.5620780292099359,-1.8374028976708796,-0.5703513573518323,1.6127314577073055,0.9056237927198583,0.6281682988170516,33.13180587030625,41.865412788661985,58.95298552516684,3703.6869999999994,3116.9072,2268.8685
2024-03-21,3516.53,3587.32,3412.0,3492.85,602755.2072,0.00051021,0.0005068166666666666,0.0010105928571428572,0.001043709,0.0001441899498347304,0.0004266044390195787,0.0005189864619678027,-0.36539457664648956,-1.3374161791522796,-0.296561138256095,1.5304112908966903,0.8992777150139847,0.6282513345273676,35.57538931794247,39.73007676963329,58.453761676659646,3646.4919999999997,3141.1014,2278.15355
2024-03-22,3492.84,3542.52,3250.0,3336.35,558848.888,0.00062184,0.00049767,0.0009480535714285716,0.0010503966666666668,0.00013089129955810204,0.0004137342671999684,0.0005119330568125746,0.32525751283145393,-0.9916587909181236,-0.09595151600223921,1.5124640951511552,0.9211439507576746,0.6200521013483886,35.132541066464995,36.13092974313502,56.487762692377444,3582.1310000000003,3161.7427999999995,2286.6827500000004
2024-03-23,3336.35,3435.48,3270.08,3329.53,323675.9448,0.00036917,0.0005004066666666666,0.0008992592857142859,0.0010527023333333334,0.00012661994800718454,0.0004399473022544736,0.0005085816421808093,-0.9809423599772622,-1.3791922050531542,-0.5788525111840055,1.5046663649677128,0.9165281321305815,0.6132491497524954,41.6031858959646,35.29192343458453,55.385544980464566,3514.6050000000005,3182.1521999999995,2295.15815
2024-03-24,3329.53,3471.22,3298.76,3454.98,260824.1408,0.00047845,0.0004898200000000001,0.0008520907142857145,0.0010586506666666667,0.00012671815142278891,0.0004476214786807863,0.0005004531317676885,0.09545445439829532,-1.0487908328161863,-0.37784532406739657,1.107067332887184,0.91452391766862,0.6172585403131599,41.79659463336597,39.69976601982967,55.46357140344632,3471.933,3205.322,2304.2673
2024-03-25,3454.99,3666.0,3420.12,3590.42,548577.6942,0.0005420900000000001,0.0004632366666666667,0.0007758835714285715,0.0010667203333333333,8.745807986311146e-05,0.00039677966756621454,0.0004896331236857096,0.40804164235895146,-0.9016164262797527,-0.26514356540788786,0.6694409230155702,0.9266931342362589,0.6208782077146232,52.99588900305147,38.1691307036704,56.46517838197146,3456.7560000000003,3231.3346,2313.97885
2024-03-26,3590.43,3678.86,3542.62,3587.33,499013.8384,0.0008327,0.0006177466666666666,0.0007253950000000001,0.0010754883333333335,0.00018885500796468518,0.00033177992979012145,0.00048273171978162864,1.5157846003263848,-0.1837781374851653,0.27554886764580755,0.6625283382429372,0.8693675070410435,0.6202739582300487,76.4993138575376,39.791689416482996,55.48939420455568,3463.1800000000003,3257.0446,2323.7333
2024-03-27,3587.32,3665.84,3460.02,3501.19,443195.3297,0.00081634,0.0007303766666666667,0.0006756007142857144,0.0010700576666666667,0.00016326608353647891,0.00024550183140361037,0.00048476374222617135,1.005679300309576,-0.18023455490156035,0.22772799316020978,0.5212069597630251,0.8706614645327229,0.6250139886306114,48.57201370264743,37.31102600279569,51.912357694565166,3448.828,3279.6156,2333.06155
2024-03-28,3501.2,3611.78,3465.0,3560.49,404654.0311,0.00111503,0.0009213566666666667,0.0006648335714285714,0.001065566,0.00016792537757390685,0.0002195625392108692,0.0004836640979283278,1.4012936147105917,0.6252300580156399,0.7778697113592961,0.5073167662184824,0.8749476160153221,0.6247006704341004,55.90494814394117,41.63781298646873,53.55044074431996,3452.8309999999997,3302.3233999999998,2342.7769
2024-03-29,3560.49,3584.37,3445.91,3509.74,323086.179,0.00101776,0.0009830433333333332,0.0006682457142857143,0.0010631086666666666,0.00015234127554060572,0.00022497415785662118,0.0004837151681390729,0.6954353779907473,0.38086025598075485,0.5677721172597944,0.4784650825690356,0.8747430359121325,0.6251726175502164,68.56463735829891,43.65532112342106,51.24638628006746,3487.9410000000003,3324.1272000000004,2352.56635
2024-03-30,3509.74,3565.81,3485.0,3505.64,216025.2634,0.00094246,0.0010250833333333334,0.000681807142857143,0.0010239633333333333,8.651777062163858e-05,0.00023590690606607853,0.00044114695205310276,-0.019049554058962137,0.21513144072506576,0.4016710008031548,0.29702420622611586,0.8748902969827992,0.625405364850953,68.96633424505507,49.460370473408624,51.37948200642452,3486.8520000000003,3344.5088,2362.1296999999995
2024-03-31,3505.65,3655.32,3505.09,3645.29,243464.9877,0.00150119,0.0011538033333333333,0.0007493235714285715,0.001025809,0.0003031924217940442,0.0003180722097165289,0.000443084346896252,1.6238761909271733,1.7300317968918086,1.437371298780227,0.48283273496784757,0.8665231021424115,0.6249761875075013,69.88734925899446,50.017738304909216,52.51842280328953,3502.096,3367.4098,2372.31805
2024-04-01,3645.29,3645.95,3413.71,3503.8,408854.1225,0.00116069,0.0012014466666666666,0.0007798692857142858,0.0010106026666666667,0.0002815859240681915,0.00033639537611073215,0.0004297264324398334,0.06164038151088594,0.9403475562076057,0.7529074907932642,0.5717574136468975,0.876483482617016,0.6357895705782748,41.0612565012203,49.49579933656799,48.01860554325806,3518.8410000000003,3387.3415999999997,2381.7047000000002
2024-04-02,3503.8,3505.6,3212.0,3278.96,623264.6476,0.00037676,0.00101288,0.0007604035714285716,0.0009848966666666666,0.000576603462788774,0.0003520536209291707,0.0004440546108565746,-1.5232845909506028,-1.2514919503126571,-0.774867150455981,0.760735634944058,0.9105863966177908,0.6609400134422093,28.16911379497965,53.97059017643547,45.81115824848246,3513.7840000000006,3399.7210000000005,2389.89305
2024-04-03,3278.96,3367.4,3202.79,3310.83,410484.1933,0.00030000000000000003,0.0006124833333333333,0.0007560492857142857,0.0009545753333333334,0.00047630970642360517,0.0003577056827028495,0.0004589847419050056,-1.0828343512438539,-1.3593377517936718,-0.9289766030272689,0.7938239550066324,0.9090351410282103,0.6603925482127538,35.401840490759525,41.3507467706725,41.6644778314389,3499.3689999999997,3413.1378000000004,2398.2752
2024-04-04,3310.83,3443.93,3250.92,3327.4,356338.5716,0.00030000000000000003,0.0003255866666666667,0.0007410342857142859,0.0008902723333333335,4.431740666310066e-05,0.00037290763077189984,0.0004063876933946685,-0.7576563446306837,-1.220231356680505,-0.9338934589251219,0.8029530496108739,0.9011858773764185,0.6600122888369307,30.87137065665206,43.001328245903,41.013757569280905,3473.067,3424.1895999999997,2406.7998000000002
2024-04-05,3327.39,3350.0,3210.0,3317.85,344556.7983,0.00030000000000000003,0.00030000000000000003,0.0007180457142857144,0.0008671213333333334,0.0,0.0003903338448581645,0.0004198049820368785,-0.4962610271456903,-1.1114754661108865,-0.9338934589251219,0.6279149264793727,0.8672741054184909,0.660390851006352,33.110356118043256,49.106332000010866,40.597118163248545,3446.1189999999997,3434.0948,2415.2057499999996
2024-04-06,3317.85,3398.42,3306.68,3351.59,183312.2125,0.00036732,0.00032244,0.0007179135714285715,0.00083967,3.8867220121965535e-05,0.00039046133009767786,0.00042480169177855966,0.972106366040473,-0.8678404348729212,-0.8084622135246848,0.6215130448457753,0.853646557781529,0.657685086430926,37.11331582201074,51.03862596275687,40.83106989065442,3431.1589999999997,3445.0906,2423.7481
2024-04-07,3351.59,3459.94,3344.08,3454.2,210459.0752,0.00030000000000000003,0.00032244,0.0007051671428571429,0.000799757,3.8867220121965535e-05,0.00040163272591967617,0.0004170543058259037,-0.4470651005574765,-0.9754134448826718,-0.9494077407058733,0.23327570055703054,0.8540936967928044,0.6592566711975317,32.95878145785743,49.9624689646535,43.145592545043634,3420.53,3458.456,2432.9078
2024-04-08,3454.2,3730.71,3406.36,3694.61,496841.3532,0.0005189600000000001,0.0003954266666666667,0.000703515,0.0007819793333333334,0.00011215328320357914,0.0004024019934525856,0.0004172854477571443,1.7023403649084936,-0.3333931223657665,-0.528869465572721,0.5375194683356284,0.7531619603087634,0.6760323783243557,64.46428842152679,54.55332092187257,44.12200892357023,3439.017,3474.7241999999997,2443.46115
2024-04-09,3694.61,3727.34,3450.46,3506.39,457592.252,0.00050229,0.00044041666666666665,0.0006799142857142858,0.000760762,0.00012188971422290705,0.00040392883614880326,0.000414690576125009,0.9787452996668944,-0.4057512543772973,-0.5728275583762908,0.8399748726726949,0.6496535807359648,0.6896463658343549,68.25368797847761,46.9554030874291,42.719527231209746,3439.0919999999996,3485.956,2453.0277
2024-04-10,3506.4,3562.95,3411.82,3545.64,389404.9055,0.00047349,0.0004982466666666667,0.0006554250000000002,0.0007229119999999999,2.3003078779624236e-05,0.00040541179628296925,0.00038538541974817635,0.43397544061945653,-0.4819835129387727,-0.6405723628569083,0.8280975464551504,0.6506497396618768,0.6897746709684823,68.6253668596049,51.73314617688428,42.97237315370925,3429.1269999999995,3496.5726,2462.7866
2024-04-11,3545.64,3618.3,3474.52,3502.52,338139.5534,0.00035483,0.0004435366666666666,0.000601125,0.0006834216666666667,7.816018509024871e-05,0.0003897242770265218,0.00035858698778325264,-0.7745420029099634,-0.7705804967376888,-0.8856656023322567,0.8573941643189966,0.619515851165448,0.6911773350914655,63.32927386201195,47.7108129239622,44.05073459726642,3428.999,3507.265,2472.39565
2024-04-12,3502.52,3552.4,3100.0,3237.43,697327.1174,0.00030000000000000003,0.00037610666666666666,0.0005498564285714286,0.0006429729999999999,8.868042305572494e-05,0.0003777258030657254,0.0003289439689752157,-1.3401503618087058,-0.9076178882848165,-0.9996241731867224,1.084485797655287,0.7100885041309828,0.7084801744436794,45.59313489102635,40.803506899610866,42.38065910706605,3424.846,3512.5856,2480.64115
2024-04-13,3237.42,3301.9,2852.0,3007.01,994971.2354,0.00030000000000000003,0.0003182766666666667,0.0005039664285714287,0.0006107806666666666,3.165611525981525e-05,0.0003651771278457168,0.0003127510794262653,-0.8960711211857572,-0.8681153511072184,-0.9996241731867221,0.7504557876888324,0.751600513211586,0.7331772603040602,34.46606318520618,35.39309714497078,42.23631637217836,3394.464,3514.281,2487.70615
2024-04-14,3007.01,3174.23,2906.73,3155.11,737580.4666,0.00030000000000000003,0.00030000000000000003,0.00041816714285714294,0.0005884476666666666,0.0,0.0002283203821363732,0.0003101264638451896,-0.6063638794148912,-0.8201083611546783,-0.9975688441103289,1.0465031465587413,0.7637936801096782,0.7324939626065181,37.04800755231124,35.711370738275974,42.69288630987191,3377.2349999999997,3517.5308,2495.4885
2024-04-15,3155.11,3277.85,3023.19,3101.99,605430.8863,0.00024293,0.0002809766666666667,0.00035261285714285716,0.0005714586666666667,3.294937986279774e-05,8.633446645980542e-05,0.0003147495977673488,-1.4306656938989533,-0.8843016011436281,-1.1033629476870295,0.9936967051727058,0.764626333376689,0.7330144290886985,19.367944423754736,37.65113005633211,43.618997081416715,3355.649,3517.3188,2502.7335000000003
2024-04-16,3102.0,3128.01,2986.0,3084.22,526113.855,0.00022221,0.0002550466666666667,0.0003415735714285715,0.0005603336666666666,4.028562067714859e-05,9.265860428368393e-05,0.0003211495206230768,-1.3493018356172588,-0.8527111979002522,-1.1372504468639058,1.003834739554284,0.7607831733567546,0.7329009985693867,23.510735753615435,43.14218503489097,48.732188975687585,3328.9119999999994,3515.4844,2509.81735
2024-04-17,3084.21,3123.75,2914.47,2985.41,491897.5661,0.00010808,0.00019107333333333334,0.0003278650000000001,0.0005395013333333333,7.26171442108783e-05,0.00011155300821719592,0.00032971546182075445,-1.6076620027660988,-1.0579643249409951,-1.3463313424371859,0.8453166433037861,0.7611682939709528,0.7375373759596892,17.29271510805073,39.05621544542254,40.07586232665188,3282.0330000000004,3510.3453999999997,2516.3899499999998
2024-04-18,2985.41,3094.4,2950.98,3064.4,389060.7133,0.00012108,0.00015045666666666665,0.0003150850000000001,0.0005218946666666666,6.247924161946709e-05,0.00012448970848720313,0.00033765834100956034,-0.9464627031989129,-0.9323045305006847,-1.3048607511612282,0.6266517100171279,0.7750107906103901,0.7357220881417513,25.449960775503982,41.5117479989297,42.156406867242715,3219.0119999999997,3503.9713999999994,2523.0429999999997
2024-04-19,3064.4,3128.89,2865.18,3056.46,607850.4019,0.00017893,0.00013603,0.0003064371428571429,0.000515827,3.771680659878968e-05,0.0001297137583846977,0.000342254281383254,0.07177854735939947,-0.6894876700456546,-1.1818507251351884,0.412913566154693,0.7748362653417082,0.7339130800384579,35.75375895453827,41.55493380025836,44.581340870762666,3174.019,3498.2988,2530.0133
2024-04-20,3056.45,3171.88,3018.75,3155.79,242577.6371,0.000175,0.00015833666666666666,0.0002927,0.0005046533333333334,3.2325000129059543e-05,0.00013291427005635383,0.00034786976204769746,0.2995601406943695,-0.7644793448967511,-1.1622894031223994,0.5005411379636651,0.7673286061619923,0.7358452102137009,64.7581637105794,43.9312413989378,46.7527175944127,3135.034,3492.7459999999996,2537.50785
2024-04-21,3155.79,3197.18,3116.49,3147.67,219970.5072,9.327e-05,0.00014906666666666667,0.0002779335714285715,0.00048703433333333333,4.8361267904633726e-05,0.0001431317339756528,0.000355041446164195,-1.067500486994711,-1.6285033992111677,-1.2963587779467947,0.49594695972918357,0.7534924111968031,0.7347425238027039,48.97824653912797,39.90807867303014,43.9927594874862,3099.549,3487.2714,2545.0133
2024-04-22,3147.66,3235.0,3129.15,3200.2,290879.9569,6.351e-05,0.00011059333333333334,0.00024540142857142863,0.00047684566666666663,5.772848892309581e-05,0.00013570158912152688,0.00036284056621932855,-1.2441828926269047,-1.6324146178424488,-1.3344345161523354,0.3060825250650702,0.7063862653621363,0.7357457754714624,63.50931249815827,31.42447081097677,42.11651285693358,3095.826,3481.5191999999997,2552.95535
2024-04-23,3200.19,3263.61,3152.0,3219.46,253914.2263,8.8e-05,8.159333333333334e-05,0.00021580928571428577,0.0004638306666666667,1.588075669935711e-05,0.0001195883064430206,0.00036971851782163285,-0.593767531486845,-1.298909089785531,-1.2717282097300793,0.279938124291805,0.7054724749622627,0.7344540613069993,68.5270425775441,37.65202048452666,42.61628443768819,3117.071,3473.3532,2560.8275
2024-04-24,3219.46,3293.56,3104.9,3140.8,393314.3414,0.00011454,8.868333333333333e-05,0.00019017000000000009,0.000449579,2.552186187064204e-05,9.630505043069739e-05,0.00037480329722309737,0.18187444058913899,-1.0089492828367543,-1.2082924708085154,0.40562349486693394,0.711702138509,0.7351399723298175,72.53139228010684,33.14935983879727,42.74463381927127,3115.64,3465.0962,2568.36365
2024-04-25,3140.79,3191.64,3072.2,3155.8,352288.5502,0.00012172000000000001,0.00010808666666666666,0.0001735192857142858,0.00042587966666666663,1.7762143264370226e-05,8.515219609292601e-05,0.0003722118375286201,1.1045465007960504,-0.8774238852702453,-1.168090572270509,0.29460493529489806,0.7124522315993878,0.7288584639364457,66.27261073904577,35.2225650817044,41.704826364784815,3121.021,3451.8404000000005,2575.97845
2024-04-26,3155.81,3167.7,3102.0,3131.3,252522.655,0.0001006,0.00011228666666666667,0.00015927642857142861,0.0004020216666666667,1.0738795711996133e-05,7.880915600916335e-05,0.0003692480416970705,0.1266842937122307,-0.9275706970622979,-1.1679752637713134,0.3020479907487022,0.7104627177694589,0.7273911791239397,62.582380631998,44.30968848848639,42.15850413992275,3125.7290000000003,3437.0912,2583.7343
2024-04-27,3131.3,3285.0,3066.74,3255.56,323811.1919,0.00019381,0.00013871,0.0001516914285714286,0.0003713143333333333,4.887249840156004e-05,6.868292407387851e-05,0.0003454463568185232,1.6977667868276485,-0.24341886003761518,-0.9639835900786238,0.44672043010948587,0.7193409844434108,0.7320080119196943,65.47637514334431,65.03829910805908,45.06398970475278,3152.744,3424.5352000000003,2592.17395
2024-04-28,3255.55,3357.4,3250.45,3263.45,304766.009,0.00025894,0.00018444999999999998,0.00014875857142857148,0.0003460203333333333,7.958389347104228e-05,6.245729209837092e-05,0.00032356871974347553,1.50687803217105,0.3428453262501308,-0.8174022298064084,0.44588734701173555,0.6474363532780738,0.7242723772389823,67.97267929199757,57.89443003281783,42.049836349504986,3172.649,3411.7,2600.65685
2024-04-29,3263.44,3286.95,3115.13,3216.73,421831.2912,0.00024797,0.00023357333333333332,0.00014911857142857148,0.0003228706666666667,3.4870148169218326e-05,6.305352340023756e-05,0.00030365595069525424,0.8820152039952128,0.4199431807715313,-0.8249777930294709,0.39357652068263754,0.6150575219533392,0.7244526951002145,52.61310822334941,58.43949513065727,43.77744733790732,3188.676,3398.4651999999996,2609.0424500000004
2024-04-30,3216.74,3250.95,2921.0,3014.05,561717.4866,0.00018794,0.00023161666666666667,0.00014667071428571435,0.0002790956666666666,3.8220722564379284e-05,6.061579312663582e-05,0.00020730482887205764,-0.15760594683653256,-0.008440202161056693,-0.9120549215846564,0.7149740246390172,0.6626301290917824,0.738058811008181,29.447079305956194,45.942476494391855,44.20208970767565,3174.502,3377.4502,2616.3519
2024-05-01,3014.04,3023.24,2817.0,2972.46,624963.7773,0.00014102,0.00019231,0.00014902357142857148,0.0002451066666666667,5.360875208405955e-05,5.96339804534526e-05,0.00012504926307418683,-1.3488273546983909,-0.47769318186350995,-0.9786880922163167,0.7157854802761973,0.6628658423156698,0.7386195746382855,31.80658827593315,49.19811262329391,42.62569467140924,3156.981,3357.3002,2623.4395
2024-05-02,2972.46,3016.72,2893.26,2986.19,365939.7191,0.00017250000000000002,0.00016715333333333334,0.00015269642857142863,0.00023829800000000001,2.3912585250107197e-05,5.936341292373231e-05,0.0001231806379321612,-0.5792839277890386,0.012493478755551842,-0.8851193860472096,0.5379804812123423,0.5834396245431457,0.7368568141412218,31.618874222376505,44.73127551493159,42.55458429520725,3135.58,3336.9282000000003,2630.5816000000004
2024-05-03,2986.19,3126.99,2958.32,3102.61,355825.8391,9.658e-05,0.00013670000000000002,0.0001468142857142858,0.00023151733333333333,3.814391694635592e-05,6.06304386254097e-05,0.00012524846324152118,-1.2919352481884472,-0.9688849676000021,-1.0046813043033223,0.715451323013934,0.5187525156537921,0.7364758600524051,47.40732707977156,52.71250396728092,45.512617375732844,3123.895,3321.3463999999994,2638.09755
2024-05-04,3102.61,3168.0,3092.85,3117.23,196263.9488,0.00019756,0.00015554666666666667,0.00014842571428571433,0.0002281026666666667,5.258138200298386e-05,6.172706073004866e-05,0.00012471229997499175,0.9371852210512394,0.6962152293640581,-0.8080084009820522,0.7235432765353259,0.47531678927959153,0.7352882705463125,34.41000788904746,47.48296300155817,45.07473225839111,3121.538,3308.8471999999997,2645.85865
2024-05-05,3117.24,3171.93,3072.99,3136.41,218760.2662,0.0002382,0.00017744666666666666,0.0001587778571428572,0.00022604266666666667,7.292095537870837e-05,6.388085293713247e-05,0.00012399207382711558,1.2791591662278177,1.3944884118243235,-0.6918549789058095,0.3599681967248243,0.4702484142312747,0.7118086606562456,36.03771925962713,49.275455574913785,43.07867214344865,3119.5989999999997,3301.1135999999997,2653.7235000000005
2024-05-06,3136.4,3221.4,3046.35,3062.6,355135.3027,0.00024594,0.00022723333333333335,0.00017180857142857147,0.00022199666666666666,2.598763039107781e-05,6.151547971001779e-05,0.00012117136799996672,0.9249944022677414,1.4654642204214423,-0.6486228607281356,0.41990895911762466,0.48110697188888724,0.7123831461237564,34.01240586680534,41.381901994115225,35.15802229074859,3112.7290000000003,3289.4714000000004,2661.20365
2024-05-07,3062.59,3129.85,2998.0,3005.69,298796.6829,0.00018348,0.00022254,0.0001786285714285715,0.00021811266666666666,3.404760784563236e-05,5.660604559408639e-05,0.00012045015597913166,-0.14860846374019035,0.3764931295080152,-0.7700106854152009,0.4711734251959274,0.466752596943963,0.7130504124380653,48.75691429241023,37.214254099965174,37.46884103667752,3087.742,3279.1760000000004,2668.2126499999995
2024-05-08,3005.69,3038.15,2936.48,2974.21,266934.8125,0.00025,0.00022647333333333333,0.00018830428571428579,0.00020914733333333334,3.7288616672428006e-05,5.638537777093675e-05,0.00010648544180673919,0.8868425762559692,1.3309130900533852,-0.5876902725292479,0.25849555230519883,0.45395289260762806,0.712777947062308,50.26828146547544,39.44015517431099,35.642823044596966,3058.818,3275.4874,2674.9390000000003
2024-05-09,2974.2,3059.0,2950.77,3036.23,238561.7462,0.00030000000000000003,0.00024449333333333335,0.0002010385714285715,0.00020240433333333334,5.845485551554435e-05,6.019406932925574e-05,9.280919855133944e-05,1.3623259764324873,1.8401266603711517,-0.44297721499860493,0.35159667311813436,0.46361747229187306,0.7154454675820078,56.681978421002896,42.84705854194135,38.394683789986054,3040.768,3265.8814,2681.8016500000003
2024-05-10,3036.24,3053.89,2878.03,2909.99,327855.8758,0.00024177,0.0002639233333333333,0.00021112214285714292,0.00019468033333333332,3.151313429894026e-05,5.352992163675619e-05,7.791801272348017e-05,-0.05965446697873095,0.9218296757213204,-0.5661760660981385,0.4415188828092194,0.472931181825681,0.7099722756883711,24.936241086718695,38.197429470371176,41.245387947106835,3030.362,3254.2241999999997,2687.5243
2024-05-11,2909.98,2945.67,2886.46,2912.45,138163.1087,0.00022784999999999998,0.00025654000000000003,0.0002135535714285715,0.00019044766666666664,3.827558360116484e-05,5.3456112639894934e-05,7.215408118944938e-05,-0.3042481632670334,0.6469983270095918,-0.5854294417844566,0.4467629840649012,0.4733622639589603,0.7090662881848776,22.483203439893174,28.969659822199716,47.12083013620522,3024.361,3245.7462,2693.16165
2024-05-12,2912.45,2955.2,2901.17,2929.29,107670.6323,0.00021543,0.00022835,0.00021044571428571437,0.00018762866666666665,1.3177116528661884e-05,5.18552704411535e-05,6.93228657968902e-05,-0.9732674892704463,0.38752461043305353,-0.6074373607953966,0.452267841492016,0.46661237558795754,0.7090219243888687,21.992643877067863,29.740511701174213,42.52687175677812,3018.671,3237.7414000000003,2698.8723499999996
2024-05-13,2929.3,2996.4,2864.76,2950.99,368664.7648,0.00025829,0.00023385666666666667,0.00021118285714285718,0.00018623833333333332,2.205232262922056e-05,5.2499080054712425e-05,6.73825539214959e-05,0.29292647111193726,0.9885515512930396,-0.45223066859108896,0.4586704626062237,0.4672415192333976,0.7066509947835443,32.431921926577346,33.38460384147815,44.89678666531997,3003.509,3227.6616,2704.6103999999996
2024-05-14,2950.99,2960.6,2862.0,2881.93,269675.3037,0.00027264,0.00024878666666666667,0.00021723285714285722,0.00018532633333333333,2.976543353191987e-05,5.4458388691723304e-05,6.595986959077146e-05,1.283484924554995,1.1244675210819626,-0.379279986505046,0.41732224774763005,0.46637786860757807,0.7037399512508157,31.23711340199553,40.081974596798894,43.39245467899951,2979.9790000000003,3213.4918,2710.12305
2024-05-15,2881.93,3041.36,2863.75,3032.55,350254.3188,0.00027333,0.00026808666666666665,0.0002266835714285715,0.00018633966666666666,8.491173849534612e-06,5.16216823269204e-05,6.709902232098153e-05,0.8984317193296937,1.0403601408185537,-0.3546252061971427,0.5147776961450213,0.5220257866231038,0.7024982483321446,56.497527509155915,53.876324039691625,51.489359013153276,2969.593,3202.3962,2716.4048
2024-05-16,3032.55,3041.24,2922.8,2944.7,293874.1513,0.00021854,0.0002548366666666667,0.00022997214285714292,0.00018621733333333334,3.143572861161485e-05,4.931954491312061e-05,6.70346839681328e-05,-1.0156541428503263,-0.052090028148528755,-0.5201583285578201,0.6104374056110786,0.5346435689414285,0.6995373566877233,40.36059565678485,47.55714134305226,46.239207751486425,2957.803,3191.2664,2722.1526
2024-05-17,2944.7,3120.0,2933.06,3092.01,357724.7731,0.00018188,0.00022458333333333334,0.00023606500000000006,0.00018867733333333334,4.602354868263945e-05,3.466443239221874e-05,6.540263581805265e-05,-1.4824282860069993,-0.7821931359410513,-0.6183372127382412,0.7320593076277103,0.550999241280638,0.7068271238539634,68.35471119706388,49.397795704954945,51.026987676065346,2966.435,3181.8968,2728.5674500000005
2024-05-18,3092.0,3146.98,3083.61,3122.94,199976.5456,0.00018759,0.00019600333333333333,0.0002353528571428572,0.0001908943333333333,1.9725035699421567e-05,3.5605950113910205e-05,6.414745097645278e-05,-0.8825750249850134,-0.5984737444719931,-0.5758752565427865,0.7312884185492687,0.5532469684597028,0.6551176718286857,70.07304838731083,50.3184926539525,49.0119647013413,2981.308,3174.1607999999997,2735.1088
2024-05-19,3122.94,3136.64,3053.38,3071.19,166145.0102,0.00019664000000000001,0.00018870333333333332,0.00023238428571428578,0.00019148466666666668,7.442716798555423e-06,3.7053384712858384e-05,6.411503162998786e-05,-0.40168270499871583,-0.3642249328657762,-0.5343396826972409,0.7027054679164044,0.5543041461035039,0.5981295686829832,62.68731447365279,46.489698378797094,47.75852569129687,2984.804,3165.4718,2741.2298000000005
2024-05-20,3071.2,3694.0,3047.67,3661.78,847107.8828,0.00016230999999999998,0.00018218000000000002,0.00022641071428571437,0.00019106166666666666,1.7792928370850195e-05,4.120816899300418e-05,6.426921562016752e-05,-1.3148698161860113,-1.0213281404471617,-0.6308114422552621,1.582680241078437,0.8864708598206975,0.7419678709265393,81.50357677880963,70.72197321816967,60.28439271319704,3059.9829999999997,3165.8016,2750.5346999999997
2024-05-21,3661.79,3841.54,3624.28,3789.6,952437.2694,0.00039404,0.00025099666666666666,0.00024145071428571436,0.00020108733333333331,0.0001250627187987816,5.8942723366925345e-05,7.1536584367604e-05,1.7731119089940248,2.747471615318058,0.17115745891102305,1.42159782838999,0.8857076918905036,0.737127063973969,88.23797046006572,75.84313001502883,62.11702597925142,3147.698,3171.5176,2760.31915
2024-05-22,3789.59,3813.69,3653.15,3737.73,574938.3099,0.00037641000000000004,0.00031092,0.0002504800000000001,0.0002115173333333333,0.00012900156316886016,6.915128721198727e-05,7.356769624345694e-05,1.0080890712310147,2.0515025684046044,0.1103643968552287,1.525014687515466,0.8921740616973384,0.7381053828346932,82.40359519165376,74.83702653110171,62.83251284469078,3228.5420000000004,3180.6929999999998,2769.7301
2024-05-23,3737.72,3949.29,3498.0,3783.61,1127866.076,0.00030000000000000003,0.00035681666666666673,0.00025048000000000003,0.00021858400000000002,4.998804290370312e-05,6.915128721198727e-05,7.144529841915243e-05,0.13565750944079483,0.8773949801566274,-0.14134529876018612,1.5213701556154444,0.8839200430912826,0.7333385987924431,90.09511064372886,74.56999710694552,63.319514751296374,3311.804,3190.1486,2779.1896
2024-05-24,3783.6,3829.61,3626.1,3728.28,479418.4318,0.00030000000000000003,0.00032547,0.0002546392857142858,0.00022476600000000002,4.411533406888504e-05,7.032828399881249e-05,7.01440357333421e-05,-0.07166627121174711,0.7938851493370594,-0.12801230196282262,1.5149139176875965,0.8900023760971502,0.7284817774921271,83.34154291157935,78.21670195370412,62.50188476931469,3396.439,3198.1662,2788.32625
2024-05-25,3728.28,3779.43,3709.03,3749.26,158711.8992,0.00030000000000000003,0.00030000000000000003,0.00025979285714285724,0.00023070866666666668,0.0,7.085574526713059e-05,6.864893317264292e-05,-0.7237181446593894,0.7333480512415315,-0.09997056277247289,0.3883844175496147,0.8900369385911693,0.7285748476779789,83.16599944921924,78.49141658657985,60.80646855894626,3468.1099999999997,3206.7944,2797.6462
2024-05-26,3749.25,3884.2,3731.17,3826.47,292208.2937,0.00030000000000000003,0.00030000000000000003,0.0002658335714285715,0.00023735533333333334,0.0,7.038611331647799e-05,6.518284181532219e-05,-0.44708276086538734,0.6813741762693734,-0.07141574488675556,0.2996591595962133,0.878761770772862,0.7274094189352996,88.94480653405014,79.34070246575244,61.96082596865504,3556.2870000000003,3216.292,2807.3379500000005
2024-05-27,3826.47,3977.0,3823.37,3894.22,363717.6473,0.00030000000000000003,0.00030000000000000003,0.00026881285714285723,0.000240895,0.0,7.092294718467733e-05,6.561842785477882e-05,0.0,0.6062648830918728,-0.023925859997023246,0.2675462447252908,0.8686673513931127,0.72751019073578,76.00930981995074,79.94476015104485,64.26516973162978,3636.5080000000003,3225.0924,2816.2024499999998
2024-05-28,3894.21,3931.09,3773.9,3844.69,416249.8344,0.0003219,0.0003073,0.0002723314285714287,0.00024299366666666666,1.2643970895626229e-05,7.233528268332836e-05,6.720314547659887e-05,1.7870297609980252,0.8860545236434135,0.11536139036322027,0.31459607243750654,0.8699002016841372,0.7273105983910422,57.473884140441676,80.94855408821198,68.69564434512472,3708.683,3228.094,2825.0373
2024-05-29,3844.69,3888.55,3742.59,3767.43,334759.6348,0.00045185,0.0003579166666666667,0.00028508285714285727,0.0002497896666666667,8.208231133041065e-05,8.681130991793796e-05,7.72774347437181e-05,1.7701068502234227,2.374445551234029,0.7430588943334724,0.34562911856012,0.8803633767534365,0.7292759860091159,53.76960958512046,74.79251852144668,67.61003920865281,3778.307,3233.3147999999997,2833.6086
2024-05-30,3767.44,3825.35,3702.58,3747.91,277034.2894,0.00058265,0.00045213333333333334,0.0003110907142857144,0.00026294666666666665,0.0001303752309042706,0.00011523193257107145,9.737231718521393e-05,1.5398701549182672,2.8783699554259727,1.9381154217642382,0.3479045973666241,0.8509574466730414,0.7232052439256773,45.143914249873184,78.4074752604035,66.83031808170472,3786.9199999999996,3237.3602,2842.1247500000004
2024-05-31,3747.9,3849.94,3723.75,3762.29,273406.766,0.00033112,0.0004552066666666667,0.0003217507142857144,0.00026928333333333336,0.00012579859153957906,0.00010909912320483603,9.532821116371109e-05,-0.5567299069688374,0.3470218575571678,0.6664594834288656,0.28149723093575085,0.8502571482987832,0.7162250013274848,55.2061966137873,76.1664584633771,65.26401036596661,3784.189,3242.5556,2850.66795
2024-06-01,3762.29,3833.3,3752.67,3815.82,132687.2006,0.00041697,0.00044358,0.0003381350000000001,0.0002774323333333333,0.00012785892342737987,0.00010452950652621247,9.720024111941854e-05,-0.03703092907526188,1.0838420752451283,1.4234401170419697,0.25888038678094905,0.8496780248871282,0.6965294561200214,59.265549306638775,76.57971459252173,65.87841677227377,3791.9980000000005,3254.1233999999995,2859.8501
2024-06-02,3815.82,3838.59,3752.62,3780.91,210295.4407,0.00035695,0.00036834666666666667,0.00034958571428571437,0.00028611133333333335,4.404507501801288e-05,9.62931963979056e-05,9.197909450381692e-05,-0.7181703833300879,0.44793925889738595,0.873256598057633,0.24943422519283645,0.8547995132910632,0.6968860750745199,42.811158798188714,77.58207934328082,64.54498677515156,3791.728,3269.6013999999996,2868.4622500000005
2024-06-03,3780.92,3849.99,3758.43,3767.06,248848.702,0.00041319999999999996,0.0003957066666666666,0.0003675064285714287,0.0002932993333333334,3.3617147906123994e-05,8.08699772766351e-05,9.323767020020817e-05,-0.0712253330567807,0.9122286294614886,1.3374699866806967,0.17592704568151527,0.8427674542977781,0.6969998230895545,25.8232565213398,57.415964610633125,66.3403817069254,3795.6059999999998,3281.8403999999996,2877.4887
2024-06-04,3767.07,3831.65,3730.0,3810.23,232063.7468,0.000308,0.00035938333333333333,0.0003613607142857144,0.000295626,5.264219631951568e-05,8.196040286571481e-05,9.268456013215753e-05,-1.175362164144004,-0.11589402030724551,0.41347311323034536,0.18807622359256024,0.8256764348403003,0.6972623068984215,43.28579222184438,51.64995121315434,68.78151495901066,3801.703,3296.0052,2886.7357500000003
2024-06-05,3810.23,3887.47,3777.33,3865.99,273738.6035,0.00037628,0.0003658266666666666,0.0003613514285714286,0.00029997066666666663,5.337334665675736e-05,8.195857404407938e-05,9.332784043111257e-05,0.04461509130108032,0.4771546749387387,1.0094281558129845,0.21157918192114328,0.8050331929165996,0.6976527268877089,70.95951003721639,60.19457603394862,70.58473214771219,3805.655,3311.6406,2896.2526999999995
2024-06-06,3866.0,3878.6,3760.0,3813.46,237504.1905,0.00054778,0.0004106866666666667,0.0003790500000000001,0.000312114,0.00012353734711957406,9.361540167497798e-05,0.00010103056248411702,1.6246165035195803,1.8918096086712772,2.3557879786161307,0.23899143090864874,0.7967606370034246,0.6952294252302137,62.22354827865756,52.347768636527206,68.01954901851943,3797.579,3328.2016000000003,2905.26265
2024-06-07,3813.47,3841.39,3600.0,3678.32,362223.3594,0.00046362,0.00046256000000000004,0.0003907371428571429,0.0003192346666666667,8.575491356189742e-05,9.319990784317493e-05,0.00010398654825911663,0.4626289562820351,1.0086313385375179,1.687172758204524,0.3929338398398818,0.8212451120019221,0.6814675962614984,39.20388798882091,46.508832736939404,67.73999898399484,3780.942,3340.48,2913.5472499999996
2024-06-08,3678.31,3709.5,3660.08,3681.57,140550.8394,0.00030000000000000003,0.00043713333333333335,0.0003907371428571429,0.0003192346666666667,0.000125995594102897,9.319990784317493e-05,0.00010398654825911663,-0.9355178367380478,-0.6751143307337959,0.3433559796781975,0.39677756702172445,0.8144110843277488,0.6687644770335374,30.176309028023,45.14968686845152,67.75176335897297,3772.3559999999998,3352.9822,2922.2900499999996
2024-06-09,3681.58,3721.52,3666.36,3706.4,103451.102,0.00030000000000000003,0.00035454,0.0003907371428571429,0.00032117566666666663,9.44660510448549e-05,9.319990784317493e-05,0.00010302979778828002,-0.9053324097343751,-0.8419043001565967,0.37978216150386324,0.38130515260912407,0.3182339155089246,0.6684318856192252,38.660091924551615,40.6981608589006,67.87026688917862,3768.2050000000004,3363.9944,2930.506
2024-06-10,3706.4,3713.67,3642.74,3667.85,156363.1846,0.00030000000000000003,0.00030000000000000003,0.0003907371428571429,0.00032358066666666666,0.0,9.319990784317493e-05,0.00010160848555837395,-0.706027080322618,-0.7751627107157023,0.39010321483029203,0.3154721890166878,0.28261963603875223,0.6682324612506059,35.95674206600465,31.632073481371165,66.35800215402536,3758.761,3374.3979999999997,2938.5342499999997
2024-06-11,3667.85,3673.0,3432.0,3497.33,439568.5978,0.00030000000000000003,0.00030000000000000003,0.00038917285714285725,0.0003263996666666667,0.0,9.461717021185621e-05,9.965895708598547e-05,-0.44715248662846147,-0.7207986539695301,0.39010321483029203,0.4506590249461409,0.3413815315017743,0.6494919926121989,17.445586582853565,26.440586001034973,63.42132581929078,3726.9120000000003,3380.3406000000004,2945.6167
2024-06-12,3497.33,3659.01,3462.07,3560.12,387043.774,0.00030000000000000003,0.00030000000000000003,0.0003783264285714287,0.00032778999999999995,0.0,9.557826423384284e-05,9.896452673417467e-05,0.0,-0.7207986539695301,0.39010321483029203,0.4799946771958888,0.3470579873900429,0.6226951565110475,18.635795000075774,35.65785286337925,61.9641779941974,3704.833,3387.1538,2953.00185
2024-06-13,3560.13,3561.65,3428.0,3469.4,300230.8299,0.00030000000000000003,0.00030000000000000003,0.00035813714285714296,0.000328702,0.0,7.718014176920547e-05,9.85640275500732e-05,0.0,-0.7207986539695301,0.39010321483029203,0.4962771102571127,0.3573037401861141,0.6161019734969896,17.282236591837005,32.46004055767456,61.8836233839571,3675.067,3393.7258,2960.0372
2024-06-14,3469.4,3532.61,3362.26,3481.8,322316.4214,0.00030000000000000003,0.00030000000000000003,0.00035591428571428576,0.00032959099999999996,0.0,7.845571594749059e-05,9.816685216751016e-05,0.0,-0.7207986539695301,0.38104719365135065,0.4861220779690807,0.3563972685311833,0.6143540738690257,25.621495558929354,32.29117999868022,59.40272584722406,3642.2240000000006,3400.2457999999997,2967.3087
2024-06-15,3481.8,3594.39,3473.1,3568.74,246649.5894,0.00030000000000000003,0.00030000000000000003,0.0003475592857142858,0.0003323063333333333,0.0,7.767794187087373e-05,9.609393871884318e-05,0.0,-0.7207986539695301,0.3691946760265563,0.5826369160981817,0.36237100505060527,0.6165793979013104,38.40986132506027,35.031986042394735,60.470884458478494,3612.499,3408.9946,2974.9116999999997
2024-06-16,3568.75,3653.79,3541.05,3624.41,149839.982,0.00030000000000000003,0.00030000000000000003,0.00034349142857142864,0.00033624366666666676,0.0,7.863364428274283e-05,9.205280461675863e-05,0.0,-0.7207986539695301,0.3454920189246088,0.38075385342123974,0.36016180412808085,0.611072550807557,42.079638323712835,40.75190280331742,62.970065832578584,3593.594,3416.3716,2982.8896999999997
2024-06-17,3624.41,3638.37,3463.39,3511.46,337805.6402,0.00029137,0.00029712333333333337,0.0003347892857142858,0.000339703,4.982532824057134e-06,7.705114509848056e-05,8.814067322690248e-05,-1.7842313663016998,-0.792262739558247,0.24340122067206446,0.47679625268560183,0.37799628752431413,0.6142948041196256,36.79116201282833,36.479338143446945,45.45872003085889,3576.9080000000004,3421.3318,2990.1872
2024-06-18,3511.47,3517.2,3355.0,3483.42,449913.3014,0.00020696,0.00026611,0.0003275721428571429,0.00034004700000000006,5.1406819586604064e-05,8.415775792005118e-05,8.758143048926968e-05,-1.7809046845662417,-1.537232158232142,-0.5506673838898357,0.41899982718308526,0.37174439271120663,0.6147059231964705,48.45275967156701,32.43127009209279,40.156629759582046,3557.093,3426.6656,2997.1681
2024-06-19,3483.42,3590.01,3465.65,3560.51,321500.0027,0.00026122,0.00025318333333333335,0.00031935357142857154,0.000343344,4.277502815128319e-05,8.465195237032594e-05,8.23662658013827e-05,-0.26951803946386704,-0.9422436006863433,-0.056374804078127796,0.45749061777825833,0.38762535275357857,0.6121777307045843,50.04204307790902,33.94610161648113,44.393475399799875,3542.504,3437.5948,3004.1469500000003
2024-06-20,3560.51,3625.96,3486.0,3513.08,329117.8453,0.00019557,0.00022125,0.00029419571428571437,0.0003367283333333333,3.508038910858786e-05,6.040904156907858e-05,8.604247343639373e-05,-1.159386505444515,-1.5846543285808097,-0.704587116916267,0.41810755722063175,0.3891558815423,0.6132622596378394,55.19356986578845,34.12904725669141,41.44990929368212,3527.0269999999996,3448.4071999999996,3010.7476
2024-06-21,3513.08,3547.55,3446.82,3518.5,342155.102,0.00012849,0.00019509333333333332,0.0002702578571428572,0.00032846433333333337,6.636628385967849e-05,5.418755252730076e-05,9.366773038273375e-05,-1.4001099674244633,-2.0201931108762894,-1.3840837402958193,0.37633210790887306,0.38189582148505924,0.612149789697187,54.437297480199945,40.21430320835621,43.15393050144842,3529.1440000000002,3459.0534,3017.1232499999996
2024-06-22,3518.5,3521.19,3475.09,3495.75,115774.6157,0.00014314999999999998,0.00015573666666666668,0.00025905428571428577,0.000323236,3.526683616861115e-05,6.305450215294769e-05,9.950685083326496e-05,-0.8253511342729626,-1.6208314058271067,-1.2673577018619695,0.2639833481365077,0.38137172412924353,0.6123667506700711,39.553456418984766,38.88769285964065,41.73636962225656,3522.707,3466.9162,3023.1353499999996
2024-06-23,3495.76,3521.45,3406.38,3420.91,133411.4304,0.00014895000000000002,0.00014019666666666665,0.00024826500000000006,0.000318201,1.0544881855372015e-05,6.822079186219918e-05,0.00010442320208384385,-0.49012221922968846,-1.3982274970361361,-1.2253590756900383,0.31771276378320823,0.38879991963723853,0.61159756878476,22.38955823288923,33.890826195339784,36.759559130730956,3517.858,3472.9898,3029.0764
2024-06-24,3420.91,3435.76,3240.0,3352.73,543370.4229,0.00025082,0.00018097333333333334,0.00024475214285714293,0.00031656166666666673,6.0558464588722086e-05,6.659882722210981e-05,0.00010510261803499999,1.5470000936788426,-0.3486004602654133,-0.23259064706660626,0.1849428058319239,0.3868649575927676,0.6138347465320245,25.485714285659213,32.79424290732533,32.32677306694701,3504.951,3477.3161999999998,3034.0614
2024-06-25,3352.74,3430.88,3336.76,3394.91,240036.2236,0.00030000000000000003,0.00023325666666666669,0.00024475214285714293,0.00031656166666666673,7.704140856281892e-05,6.659882722210981e-05,0.00010510261803499999,1.3828797068421568,0.1849498160220157,0.24134221091719252,0.27689844040350314,0.3848515489531143,0.6140753029909702,36.902542247400525,43.49631699255664,35.2492457037264,3487.568,3483.9624,3039.24235
2024-06-26,3394.91,3426.75,3325.01,3371.44,206949.3418,0.00030000000000000003,0.0002836066666666667,0.00024475214285714293,0.0003165616666666666,2.8394086238913942e-05,6.659882722210981e-05,0.00010510261803499999,0.9154823031281467,0.40333001291817544,0.22417842549822733,0.2625761082745112,0.3835092510263646,0.6070952147289809,16.744644176269986,37.38904929947019,36.53837001373236,3462.2709999999997,3491.2774,3044.3970999999997
2024-06-27,3371.77,3477.0,3361.74,3450.44,201041.6609,0.00030000000000000003,0.00030000000000000003,0.00024475214285714293,0.0003158316666666666,0.0,6.659882722210981e-05,0.0001051403090811187,0.6103124421156126,0.6348717127943994,0.21695965437199766,0.37976320601316593,0.3781880033998996,0.6096336885763441,40.08358662605099,48.71258623490113,40.28060040899909,3456.1690000000003,3500.802,3049.88735
2024-06-28,3450.44,3487.7,3365.22,3380.15,221634.3435,0.00030000000000000003,0.00030000000000000003,0.00024475214285714293,0.00031077000000000003,0.0,6.659882722210981e-05,0.00010197381235832833,0.4470103532199302,0.6348717127944002,0.20794043179196708,0.3749952409981428,0.3847975383605943,0.6107818042075643,31.830001838611324,43.60088133451553,37.954230235716636,3445.8419999999996,3507.6803999999997,3055.6625
2024-06-29,3380.15,3408.32,3371.86,3378.8,88329.7651,0.00030000000000000003,0.00030000000000000003,0.00024475214285714293,0.0003013483333333333,0.0,6.659882722210981e-05,8.810168854629083e-05,0.0,0.6348717127944002,0.18974516472001993,0.32431625697500566,0.3820824145911422,0.5880140031442889,33.72575213597281,36.59865097500745,35.75572678315788,3427.671,3517.0566,3061.5391999999997
2024-06-30,3378.8,3460.0,3352.66,3438.16,141221.6185,0.00030000000000000003,0.00030000000000000003,0.00024475214285714293,0.000300311,0.0,6.659882722210981e-05,8.792208585855505e-05,0.0,0.6348717127944002,0.1647723065715584,0.34170944206119025,0.39232945152986787,0.5878807924480269,52.50850711096544,36.92707236603958,39.00363818353306,3420.179,3527.5708,3067.4292
2024-07-01,3438.16,3524.94,3423.78,3442.2,224273.2122,0.00030000000000000003,0.00030000000000000003,0.00024536857142857155,0.000296412,0.0,6.71015479423652e-05,8.511922889037196e-05,0.0,0.6348717127944002,0.1435606472080086,0.3279493446381466,0.33791463316575265,0.5878629315280054,65.99449390379995,44.261235582556715,39.51157775101659,3412.549,3537.829,3073.0636
2024-07-02,3442.2,3464.12,3402.0,3421.35,137932.7014,0.00030000000000000003,0.00030000000000000003,0.0002520142857142858,0.0002945136666666667,0.0,6.761035875505196e-05,8.43541640728646e-05,0.0,0.6348717127944002,0.11057469878372411,0.26178541837279995,0.32792784469864517,0.5812560075023496,55.11689115947293,44.79496855335393,37.26102965256472,3405.1089999999995,3547.2362000000007,3079.0678500000004
2024-07-03,3421.35,3432.1,3251.0,3295.48,310408.451,0.00030000000000000003,0.00030000000000000003,0.00025478428571428576,0.00029074033333333337,0.0,6.880046452371633e-05,8.133999264401434e-05,0.0,0.6348717127944002,0.09197313146921922,0.3842494677348454,0.34742700116160297,0.5891358136596426,39.47222530206331,29.455994294775024,32.13191769232361,3392.566,3555.5071999999996,3084.4004500000005
2024-07-04,3295.49,3313.45,3050.34,3059.7,450402.5692,0.00030000000000000003,0.00030000000000000003,0.0002622435714285715,0.0002904736666666667,0.0,6.753614811081697e-05,8.129455800943256e-05,0.0,0.6348717127943994,0.08036465591724641,0.6947199369856856,0.4613304161129342,0.6174109277219093,12.250260849386308,22.79872327145847,28.823397201730216,3363.263,3556.0502,3088.71635
2024-07-05,3059.7,3110.0,2810.0,2981.78,886994.3753,0.00024473,0.0002815766666666667,0.00027054642857142865,0.0002860886666666667,3.191014937826043e-05,5.598508738350367e-05,8.004487085304108e-05,-1.7881309547597979,-0.22932948293857977,-0.5584151541443144,0.5702056092798948,0.44603965065425133,0.617894799670381,12.072281356496987,20.375767209753448,29.7808973108057,3321.95,3556.7918,3092.5281
2024-07-06,2981.79,3081.78,2955.06,3066.83,214487.9713,0.00021451,0.00025308,0.0002756435714285715,0.0002749796666666667,4.335235749079552e-05,4.5819704630382345e-05,6.399006234713601e-05,-1.433020377790337,-0.6601426864246336,-0.9199009082539372,0.7238911076146062,0.4623362667491164,0.6201149781781503,24.381230804577157,27.849160280072894,32.96439577000669,3291.489,3556.2882,3096.9727
2024-07-07,3066.83,3073.08,2922.24,2931.0,179892.7612,0.00018268,0.00021397333333333335,0.0002780528571428572,0.000265615,3.10284810028352e-05,3.9029070709375945e-05,5.541388409049613e-05,-1.2638658843429083,-1.0738501528176363,-1.2624378103990588,0.7172967310366837,0.4789220719795015,0.6297397102744224,12.999387165481195,26.198781542372288,29.757528925231114,3239.5449999999996,3552.4494,3100.61685
2024-07-08,2930.99,3097.06,2822.8,3019.01,500445.0105,0.0002278,0.00020832999999999998,0.0002764085714285715,0.00026320833333333334,2.3186157508522302e-05,4.0713216878175203e-05,5.54368676705437e-05,-0.1416383737338641,-0.3619275782185165,-0.7262853321041591,0.8733681407496577,0.5065969740297711,0.6319578847363532,22.495482965234118,34.093422306913496,33.487891527584424,3203.431,3551.4058,3104.5138500000003
2024-07-09,3019.01,3115.2,3004.0,3066.65,280358.1424,0.00014513,0.00018520333333333334,0.00026534642857142863,0.000258046,4.139272440107656e-05,5.2996859211292886e-05,5.898963033357202e-05,-1.46279155124607,-1.5157263023894558,-1.6211286296855967,0.6498481584100323,0.5003945740112707,0.6240594714902717,27.722647908529822,34.43468694872426,38.308557653617925,3172.216,3539.5032,3108.2244
2024-07-10,3066.65,3151.51,3024.0,3101.05,270827.0844,0.00015459,0.00017584,0.0002549600000000001,0.000253199,4.5246592136979796e-05,5.9529241683247083e-05,6.13502442649924e-05,-0.8397708417539165,-1.295616842808814,-1.4788465608905128,0.5873291720578339,0.5057639775910109,0.6245743893850267,36.20339752774458,37.31028074221436,37.34277379824063,3138.505,3525.7322000000004,3112.1886500000005
2024-07-11,3101.06,3217.24,3054.76,3099.57,289229.32,0.00018541,0.00016171,0.0002467750000000001,0.00024937933333333336,2.1062772847141626e-05,6.0725852909088556e-05,6.190065483095202e-05,0.1944781911142278,-0.9360443638513324,-1.1265465377227115,0.5466407286351057,0.5052406807706088,0.6244723357088319,54.238513384138905,32.24108435315867,39.27550268809266,3104.242,3512.9689999999996,3116.36625
2024-07-12,3099.57,3157.89,3045.58,3133.88,185745.1825,0.00021883999999999999,0.00018628,0.00024097785714285723,0.000246674,3.2133834194041316e-05,5.910625844494316e-05,6.138338400348299e-05,0.8772526477596189,-0.5033063826295799,-0.748866988353895,0.2071804183703138,0.510641304330649,0.6247677832109134,67.8219910010136,37.0641565726587,40.03745404142158,3075.495,3499.9744,3120.6789000000003
2024-07-13,3133.89,3201.8,3113.37,3175.93,119302.4769,0.00027584,0.00022669666666666664,0.00023925214285714294,0.0002458686666666667,4.572408154729007e-05,5.7583524376926606e-05,6.081549585497816e-05,1.501859455443255,0.38103051830591056,-0.12533275930176765,0.1189717679333986,0.5112109054948717,0.6223861678082173,64.21609506920423,39.78077554674566,38.45525349001752,3063.54,3488.9274,3125.4041500000003
2024-07-14,3175.93,3268.72,3163.67,3245.08,165430.7716,0.00019546,0.00023004666666666664,0.00023178500000000006,0.000242384,4.1345231083441924e-05,5.585217036618298e-05,6.060151270441912e-05,-0.23306523428616363,-1.0095824450049198,-0.9832294435316804,0.15036436145160786,0.5164727005199211,0.6121104660248786,99.53318193265936,40.368921965665194,38.93907495634354,3082.0780000000004,3478.8438,3129.7378000000003
2024-07-15,3245.2,3493.63,3233.22,3483.39,314296.8452,0.00018386,0.00021838666666666663,0.0002234892857142858,0.00023851266666666666,5.009295492724783e-05,5.351714268331899e-05,6.050351810418471e-05,-0.7297672760625732,-1.09696068489783,-1.0965340433275952,0.5302689766712905,0.6005026255316546,0.6308440754759314,99.68331407525618,51.66538632590278,49.23726556845704,3132.239,3471.9822,3135.434
2024-07-16,3483.2,3498.59,3346.55,3444.13,376128.7869,0.00018837,0.00018923,0.00021551571428571437,0.00023479166666666668,5.847623449754906e-06,4.939829048959475e-05,6.002235647183204e-05,-0.6358562074809199,-0.9209615917643841,-1.0503556706897206,0.5803542152428038,0.6019515704484042,0.6210704142794439,91.12340944730747,50.90752633334561,48.93885951021869,3169.969,3462.9804,3141.15865
2024-07-17,3444.14,3517.0,3376.0,3387.05,297812.5162,0.00020001,0.00019074666666666666,0.0002083735714285715,0.00023174633333333333,8.333188666017802e-06,4.306629426414594e-05,5.9366846052529834e-05,-0.22857893196199514,-0.6412333542600275,-0.9288440177538255,0.6662324928095092,0.5979230523387414,0.6223850129906224,79.69022506424764,53.85957665617828,45.26402009494525,3215.574,3453.8276,3146.6355
2024-07-18,3387.05,3489.98,3367.2,3426.5,241950.3457,0.00019964,0.00019600666666666665,0.00020120500000000006,0.00023150233333333334,6.616134320236815e-06,3.405042544630763e-05,5.9487152520963403e-05,0.8648185327290371,-0.5743126961705195,-0.9338840421123477,0.6669286774152761,0.593382208522394,0.6212159055704313,81.45917130144338,68.52637533578206,47.62575960328776,3256.323,3447.009,3152.35865
2024-07-19,3426.49,3540.27,3377.0,3503.53,299511.6422,0.0002254,0.00020835000000000002,0.00019982428571428578,0.00023030833333333335,1.4766892022697467e-05,3.2506676642979864e-05,5.922902591563051e-05,1.608316355882779,-0.03305536489151812,-0.6738686185249314,0.667556162079211,0.6004249283963746,0.44567036526187015,82.86771113037187,76.37632071168606,49.60499860145816,3300.011,3442.1214,3158.1160999999997
2024-07-20,3503.53,3539.65,3480.0,3517.5,147510.8165,0.00016312,0.00019605333333333334,0.00019615357142857147,0.00022922666666666666,3.1294532003904704e-05,3.360378724237166e-05,6.017407737972087e-05,-1.4279676628509097,-1.1265041177156099,-1.3109842798283053,0.30701316125203265,0.5964476813178776,0.4371108075149952,81.96724379961188,74.5470984889437,50.57657132246025,3341.656,3437.2255999999998,3163.9269
2024-07-21,3517.5,3547.0,3411.4,3535.92,218890.9656,0.00018245000000000002,0.00019032333333333335,0.00019613714285714293,0.00023102533333333337,3.1877760795630725e-05,3.3610936505025647e-05,5.7819514825943795e-05,-0.5043999009815588,-0.6692469019892374,-1.0633895852236375,0.2722694420768775,0.5967027887117764,0.4362502959603266,80.07528127056578,87.78105326256262,53.14281342047801,3385.2909999999997,3431.6276000000003,3170.5579000000002
2024-07-22,3535.93,3562.82,3422.34,3439.6,207859.5043,0.00020436,0.00018331,0.0001944628571428572,0.00023306566666666666,2.0633446149641635e-05,3.2477056144635125e-05,5.565096570606733e-05,0.3985517908231149,-0.12129523919055021,-0.8023526792820741,0.3557357834017431,0.6088220585581425,0.43987853365055835,43.589142974173534,75.99861535215004,52.337892317467556,3415.8630000000003,3424.8014000000003,3176.42035
2024-07-23,3439.61,3541.0,3389.0,3482.51,500568.7811,0.00026805000000000004,0.00021828666666666669,0.00020324285714285722,0.0002370356666666667,4.4466886931100535e-05,3.465652173687858e-05,5.365583194079901e-05,1.4627964487896084,1.4914659066131775,-0.10408065367535489,0.35758360466508,0.5862820307020614,0.43995327673765644,55.55941827441078,75.85743775946204,52.356612503956434,3446.5209999999997,3419.1104000000005,3182.489
2024-07-24,3482.51,3487.82,3300.0,3335.81,275479.0506,0.00022967000000000002,0.0002340266666666667,0.00020860571428571434,0.00023633066666666668,3.206773196444024e-05,3.227599553708214e-05,5.3607396294412234e-05,0.49036559049408474,0.7308063942720695,-0.5079399874382645,0.46115491732723296,0.5188450893190564,0.45154706633762687,44.10763569450119,62.8082580418926,49.101083342094185,3455.594,3409.6220000000003,3187.96415
2024-07-25,3335.82,3342.5,3087.53,3175.48,494282.6398,0.00013384,0.00021052000000000004,0.00020492214285714293,0.000230792,6.912396762346616e-05,3.762622616012121e-05,5.535748495627801e-05,-1.3861978655617537,-1.784163716894531,-1.489981934109914,0.5343864072264304,0.5535257192006254,0.4627697554930262,27.4132594298532,53.52974546394465,43.3364353709255,3424.803,3395.8118,3192.73445
2024-07-26,3175.47,3286.36,3171.0,3274.61,260237.4641,0.00012099999999999999,0.00016150333333333334,0.0001979335714285715,0.00022482533333333335,5.938212890545129e-05,4.347411707547521e-05,5.725490063244949e-05,-1.1205244885907606,-1.822833023592728,-1.562156673598137,0.6728256642351446,0.5559010761731862,0.4675311503935212,30.189691578072754,56.171772899037244,47.477533460739515,3407.851,3385.0348,3197.4553
2024-07-27,3274.6,3327.59,3191.01,3249.01,231991.9037,0.00012251999999999999,0.00012578666666666666,0.00018698214285714295,0.00021890933333333336,7.015677682437619e-06,4.1610563780480643e-05,5.837771326826409e-05,-0.7613530615538383,-1.5896129934887646,-1.4862210874790949,0.6610445989637087,0.5145118274788002,0.46704093017212245,27.22383400346274,53.251873342403805,46.933490844592356,3394.047,3376.4486000000006,3201.9789
2024-07-28,3249.0,3284.3,3198.11,3270.16,103529.8329,0.00030000000000000003,0.00018117333333333334,0.00019444928571428578,0.00021890933333333336,0.00010290971836198715,5.1462648211947066e-05,5.837771326826409e-05,1.4772595055086903,2.141864429032051,0.37199841179371923,0.6433212572423945,0.5027667848969231,0.46550435683665015,27.5593609619021,51.165795883391006,45.95772939879469,3378.4129999999996,3368.2203999999997,3205.4077999999995
2024-07-29,3270.16,3396.77,3258.0,3317.66,318471.5055,0.00028174,0.00023475333333333333,0.00020144071428571434,0.00021830066666666666,9.762478032417374e-05,5.633175692191502e-05,5.7592997355257443e-05,0.9903554458110514,1.5615803405874127,0.2582642377505868,0.5792366117476377,0.5022435120924899,0.4672759452344748,38.77825222699855,40.6351358986756,47.064812632509174,3359.826,3360.4456,3208.9060499999996
2024-07-30,3317.66,3366.4,3233.18,3279.21,197277.1641,0.00030000000000000003,0.00029391333333333335,0.00020941428571428578,0.00021830066666666666,1.0542415915852264e-05,6.195871351325367e-05,5.7592997355257443e-05,0.7922788456124646,1.6722502475858865,0.48154174558084495,0.32895123631284323,0.5053874955232626,0.46763512618599257,31.136102141517625,40.67236776610001,46.67757468087948,3335.9970000000003,3352.6728000000003,3212.6894
2024-07-31,3279.2,3350.0,3213.75,3232.74,233711.3352,0.00030000000000000003,0.00029391333333333335,0.00021655642857142866,0.00021830066666666666,1.0542415915852264e-05,6.639546817331536e-05,5.7592997355257443e-05,0.5035558474109494,1.4769295279394064,0.5192557528446138,0.23749632062704068,0.5105124832256225,0.46671193790148074,38.250917629832,41.166435776126704,48.47696266439979,3305.679,3347.381,3215.96215
2024-08-01,3232.74,3242.57,3080.02,3203.4,323285.6105,0.00025973,0.0002865766666666667,0.00022084857142857148,0.00021695833333333333,2.324989534047111e-05,6.715569359641285e-05,5.607236697786727e-05,-1.6021837683063354,0.7331386775839723,0.04926085251645953,0.24029879106236385,0.5110080093622261,0.46670570862514943,54.537771421017524,37.078951026210554,53.87695196564387,3282.059,3340.2466,3219.6148
2024-08-02,3203.4,3218.6,2967.0,2989.61,385704.0395,0.00019197,0.00025056666666666667,0.00021846071428571434,0.00021335733333333336,5.4594827899198306e-05,6.757443969022789e-05,5.3985528771852156e-05,-1.6623785875539925,-0.36025565580955715,-0.7624776662854105,0.5882534420572734,0.588484835628523,0.49453792387072465,16.256215960190843,24.30605551552472,50.19681971508118,3232.769,3330.6508000000003,3222.00395
2024-08-03,2989.61,3018.02,2859.0,2903.64,344595.3157,0.00016233,0.00020467666666666666,0.00021840428571428579,0.00020876833333333334,4.9927793195207044e-05,6.762451850693208e-05,5.218790704702465e-05,-1.2766549370757563,-0.8353652647591787,-1.100994540382053,0.4767840957938567,0.5877034439041893,0.4969181199530331,14.222968073404218,21.370606671116036,45.89985176245394,3189.552,3319.0876000000003,3223.5851500000003
2024-08-04,2903.65,2935.46,2630.0,2688.92,512064.2612,0.00012631,0.00016020333333333333,0.00021439428571428577,0.000204821,3.2881619992689484e-05,7.147538949382776e-05,5.3826811569959825e-05,-1.1515892354188262,-1.341507656707107,-1.5065849200567425,0.599106415922034,0.5566051755313965,0.5255053113107793,7.02413344374051,16.61095255363277,44.14966117909479,3140.896,3301.4912,3224.3788
2024-08-05,2688.91,2697.44,2111.0,2419.59,2670604.1003,-7.924000000000001e-05,6.98e-05,0.00019413714285714296,0.00019502933333333334,0.00013032287328021457,0.00010626128468061936,7.468160383427242e-05,-1.6525360082936544,-3.0921491565431167,-3.9339724924105433,0.7372982183347977,0.6826084241346249,0.5797938653922794,0.0,14.61714039918381,36.68109462901944,3055.3940000000002,3277.3948000000005,3224.1227000000003
2024-08-06,2419.76,2556.23,2414.19,2461.33,642283.8038,-0.00014053,-3.115333333333334e-05,0.0001649528571428572,0.00018425566666666667,0.00013976817246191933,0.00013627005390476034,9.661661168237757e-05,-1.2734538208062776,-2.743061186034482,-4.142796323087396,0.9096501869192563,0.698603368933123,0.5784590796020838,4.6307801544296865,14.547777422879562,36.5146411448688,2976.6259999999997,3256.3922,3223.9693500000008
2024-08-07,2461.33,2551.32,2309.04,2342.8,630115.4228,-9.344e-05,-0.00010440333333333334,0.00014187357142857152,0.0001735476666666667,3.208211391640638e-05,0.00015102859401231966,0.00010867338860509669,-0.6382405633374986,-1.9626240462240596,-3.222814478043378,0.8927187215408748,0.7009474522385007,0.5875860950203078,4.287974358444444,14.838001487184727,33.71798891122813,2883.8900000000003,3233.5798000000004,3223.3233
2024-08-08,2342.79,2724.1,2320.4,2682.5,586502.8754,-8.897e-05,-0.00010764666666666667,0.0001259585714285715,0.00016574433333333332,2.8565371227157126e-05,0.0001631901830030495,0.00011872431955157004,-0.32439199835000365,-1.6726708270915231,-2.8941713288837883,1.833689492790706,0.9509937557298859,0.6846061684347918,29.712255994001453,34.5113169370447,42.18006457390637,2820.374,3216.0196,3224.45055
2024-08-09,2682.5,2707.98,2552.61,2598.78,406739.9611,2.5980000000000002e-05,-5.214333333333333e-05,0.00011917142857142863,0.00016145733333333334,6.769369714637363e-05,0.00016537362797184067,0.00012143208065963517,1.6502262429559231,-0.7960693813737432,-1.7105381817946836,1.7346141099112258,0.9507201766429696,0.687579344333118,33.062034653402364,28.558828941415328,40.149551566163346,2752.331,3197.7336000000005,3225.8734500000005
2024-08-10,2598.79,2644.7,2576.49,2609.92,171012.3619,8.690000000000003e-06,-1.8099999999999996e-05,0.00011104071428571435,0.00015556666666666666,6.198107533764971e-05,0.00016797414926864423,0.0001244782054689752,0.9260182990338964,-0.8409835940690786,-1.7885356876445087,1.3822800747794908,0.9503397145106898,0.6799022611620591,36.3877354293105,29.536678300380146,39.46060084681999,2690.049,3179.562,3227.71005
2024-08-11,2609.92,2720.0,2540.0,2555.38,297098.9145,4.37e-06,1.3013333333333335e-05,8.992428571428578e-05,0.0001484176666666667,1.1435315183437219e-05,0.00016082227948955644,0.0001268550023121043,0.5728426722354313,-0.7934821346456612,-1.747611211472911,1.4155137642326725,0.9491106729888245,0.6786476298010985,42.732121475966125,27.59226052388263,37.08717142211344,2625.2470000000003,3160.7546,3229.31185
2024-08-12,2555.38,2750.0,2510.05,2722.3,483414.2506,0.00014237,5.181000000000001e-05,7.996928571428579e-05,0.00014396866666666666,7.845699968779699e-05,0.0001521131483956346,0.0001245515918510818,1.5008553152222741,0.1872519076503293,-0.47800953786865213,1.3270564613076972,1.0006657635013245,0.6974839541234705,68.54181724626301,32.63608576959,35.359205296956006,2598.516,3146.7824000000005,3231.8301500000002
2024-08-13,2722.3,2738.4,2611.37,2702.44,325668.6964,-2.676e-05,3.999333333333334e-05,5.662928571428578e-05,0.00013656133333333334,9.001669641430074e-05,0.0001403704921031974,0.00012794539979690624,-0.8855293107874629,-0.8942893505642279,-1.918698283431224,0.7094706793216633,0.9911868598597517,0.697266080501594,65.17541319967572,32.993861195771714,35.62510417429975,2578.396,3133.7765999999997,3234.0039500000003
2024-08-14,2702.44,2780.0,2632.2,2661.45,338808.7141,2.5900000000000006e-06,3.940000000000001e-05,3.538571428571435e-05,0.000130519,9.037406320405791e-05,0.00012200985614122088,0.00012990004049133296,-0.3562516951480928,-0.6394778517316305,-1.591883810174501,0.6508192105903621,0.9761983506837173,0.6939813932676584,72.22508962566354,33.10082885182641,35.84868862430359,2575.649,3119.1074,3235.9715
2024-08-15,2661.45,2675.6,2515.71,2569.89,356546.8059,0.00013481,3.6880000000000006e-05,2.64628571428572e-05,0.00012873366666666666,8.607014174503878e-05,0.00010811797391513342,0.00012944478880262306,1.0347778089972013,0.2603659488792947,-0.41389611482404753,0.7346639483844953,0.9653485511368656,0.6959834321545809,37.98775414412007,31.92563808477857,33.62642067714869,2590.679,3103.0764,3237.53645
2024-08-16,2569.9,2630.97,2550.04,2592.73,270684.1373,4.286e-05,6.008666666666667e-05,1.5812142857142918e-05,0.00012349533333333334,6.777241793933767e-05,9.736986409312395e-05,0.00012964053936339337,-0.21283681018308245,-0.34019001468649984,-1.1830802047072222,0.7118254490982296,0.9693934877412661,0.6938150671776026,49.258305749578305,37.29219498446923,32.22232632216462,2603.8190000000004,3085.9221999999995,3238.9121
2024-08-17,2592.72,2629.69,2587.5,2614.51,89348.676,-3.5079999999999996e-05,4.753000000000001e-05,1.7114285714286315e-06,0.00011567133333333335,8.50412235331254e-05,8.840052269745755e-05,0.0001319489309186303,-0.8489592998887067,-0.7892663573270425,-1.7820794111793226,0.3489736385601561,0.9700873080705182,0.6945586113504643,50.548400200637104,40.34540561113387,32.428340695444234,2630.99,3070.6094,3240.2696
2024-08-18,2614.51,2689.16,2594.53,2612.15,174074.0585,-4.0659999999999994e-05,-1.0959999999999988e-05,-1.0214999999999939e-05,0.00010680266666666668,4.6692915951045065e-05,8.1273356193281e-05,0.00013325430688342966,-0.8553415134192981,-0.7489311421358323,-1.7475555628350383,0.3545115766260878,0.9645088841553531,0.6914118522777213,57.74890120378796,47.01286371307164,31.910910593333043,2623.9550000000004,3055.2764,3241.91465
2024-08-19,2612.15,2648.08,2563.58,2636.36,224867.1336,-4.3310000000000004e-05,-3.968333333333332e-05,-7.648571428571367e-06,9.992166666666668e-05,4.201027653428108e-06,7.947339959982146e-05,0.00013555585750537572,-0.7091683392993933,-0.6969140906857404,-1.6937018083115212,0.36271947650588654,0.9687488774386165,0.6919951154988395,30.782647584876855,60.42273702018041,33.81399922616768,2627.713,3039.2404000000006,3243.57505
2024-08-20,2636.36,2695.0,2555.0,2572.82,281315.8751,2.1999999999999993e-06,-2.7256666666666656e-05,2.5464285714286333e-06,9.391333333333334e-05,2.5544608694297743e-05,6.96654997505322e-05,0.00013576626985330263,0.45800732506095887,-0.237791953529246,-1.2879241792999399,0.27506043528051893,0.9703879874438786,0.6934837283303373,25.752020353120315,55.25059103874263,31.820089451623318,2624.003,3021.8527999999997,3244.89385
2024-08-21,2572.81,2663.74,2536.22,2630.71,245286.6218,7.774999999999999e-05,1.2213333333333339e-05,1.4774285714285775e-05,8.969300000000001e-05,6.114802558827677e-05,6.647241182673361e-05,0.00013417312177901267,1.6695323274981029,0.6288832561436818,-0.6695823819764206,0.33144769718396166,0.9810103978626501,0.6967727794053813,44.59145611925117,64.3804005793016,35.39016203219961,2631.536,3006.04,3246.56495
2024-08-22,2630.71,2644.69,2584.2,2622.88,199063.1196,4.608e-05,4.2010000000000006e-05,2.4420714285714347e-05,8.229400000000002e-05,3.793908670502013e-05,5.971469390927408e-05,0.00013005554382645407,0.7070542212902317,0.4080396108744289,-0.9030844776990948,0.3285664285191911,0.9443073041952023,0.6954911570332013,63.21776003968947,45.54529424061724,37.777581173093076,2621.594,2992.5879999999997,3248.2304000000004
2024-08-23,2622.89,2799.13,2621.4,2762.48,401786.4447,0.000125,8.294333333333334e-05,3.149357142857149e-05,7.880499999999999e-05,3.9715483546648647e-05,6.549773203436402e-05,0.00012734122139839907,1.2782883614988112,1.4111802577251602,-0.2599673911312454,0.5443359629500366,0.9700950911567854,0.707986723482815,76.75672267566051,61.288720933321635,38.87191610854565,2627.598,2986.6436,3250.53365
2024-08-24,2762.49,2820.0,2731.26,2768.0,263542.9441,4.700000000000006e-07,5.718333333333334e-05,3.0906428571428636e-05,7.435933333333334e-05,6.300312082225988e-05,6.575421631487834e-05,0.00012768123235654745,-0.9437117672900537,-0.03619338194461129,-1.2122631806634196,0.5501909115944569,0.9106899165270007,0.7070162277434567,75.50091377287637,60.98632269531109,39.4561133542407,2638.2529999999997,2982.368,3252.51045
2024-08-25,2768.01,2792.28,2733.21,2746.13,154527.2352,2.5009999999999996e-05,5.0160000000000014e-05,3.238071428571434e-05,7.115966666666667e-05,6.596455184423666e-05,6.53435754553859e-05,0.00012767486787181986,-0.6166588392303288,0.2214797751056116,-0.9837210526134634,0.46894746751085237,0.775881453477897,0.7070512644571191,70.90432503261056,63.88747324418736,38.51672649017279,2655.877,2975.954,3254.1156
2024-08-26,2746.12,2762.0,2666.66,2680.49,211708.1247,0.00014161,5.569666666666668e-05,3.232642857142863e-05,7.1796e-05,7.540808002690617e-05,6.524541228869875e-05,0.00012798686661068896,1.1860597504350685,1.6617450532112188,-0.03032577396932614,0.547070369263781,0.7848702122442566,0.7056834014883849,56.09715659443675,46.42948641297884,36.1475748417935,2664.653,2970.9438,3255.4203
2024-08-27,2680.49,2699.98,2392.96,2457.33,412660.7197,0.0002196,0.00012874000000000002,4.992357142857149e-05,6.9116e-05,9.793132644874421e-05,7.970401115347405e-05,0.00012381743895889435,1.3075580539670941,2.301952989480999,0.6188704763097042,0.9574869570576962,0.848043393104774,0.7336237746279294,38.927345592553806,34.46291154800612,33.46025050709433,2648.9350000000004,2959.7102,3255.2741499999997
2024-08-28,2457.33,2554.6,2418.8,2528.33,451266.634,-5.4010000000000006e-05,0.0001024,4.5880714285714345e-05,5.792433333333334e-05,0.0001409562914523884,8.362847173100195e-05,0.00011901686810852696,-1.0815099069872731,-1.2340518506857405,-1.5616918443700403,0.8245308835727765,0.617563098287967,0.7382649082781167,40.42497474836649,41.87103077667487,35.96283911693057,2640.553,2948.9438,3255.4145999999996
2024-08-29,2528.33,2595.4,2505.88,2527.61,237002.9632,9.630000000000001e-06,5.840666666666667e-05,3.6939285714285774e-05,4.824533333333333e-05,0.00014317814230302146,8.000230049231683e-05,0.0001101263623652882,-0.5331520829047818,-0.3864906013272783,-1.011356767626909,0.8197718670379349,0.6039016458781759,0.736252984867433,40.96983943426915,47.09599428530974,36.377783242650835,2629.678,2937.475,3255.5166000000004
2024-08-30,2527.6,2552.17,2431.14,2526.0,338379.1941,0.00010004999999999999,1.855666666666667e-05,4.102428571428578e-05,4.158033333333333e-05,7.741695507667877e-05,8.176846831747584e-05,9.994434649559447e-05,0.1545675347003067,0.729383473034625,-0.24837780602123025,0.8303862633147179,0.6033805955390986,0.7361706105611765,19.644690901587197,45.278960847758846,39.780627697467516,2624.996,2926.0036000000005,3254.8466500000004
2024-08-31,2525.99,2533.95,2491.92,2513.01,97946.1147,0.00023024,0.00011330666666666667,5.997571428571434e-05,4.059733333333333e-05,0.00011090084505243378,9.277831416994432e-05,9.784778882961658e-05,1.0277211868368472,2.012827837401121,0.8526129659430393,0.8306644284013507,0.5973009659042409,0.7361670127383125,17.884581475572404,42.72860131234802,41.10307883619394,2613.226,2913.5861999999997,3254.2117500000004
2024-09-01,2513.0,2516.28,2400.0,2425.72,223127.776,0.00013954,0.00015661,7.284714285714292e-05,3.884966666666666e-05,6.675251081427822e-05,9.020706934845361e-05,9.549071817983363e-05,0.49041602161279557,0.9741767776719586,0.1149675489945139,0.43300109450830687,0.539768556558064,0.7356065221646118,15.354339222744429,38.09317000261429,43.63599435164411,2593.5099999999998,2898.5820000000003,3252.4663
2024-09-02,2425.71,2564.83,2423.52,2538.01,262632.8385,8.562e-05,0.0001518,8.205642857142862e-05,3.6292666666666666e-05,7.308533915916626e-05,8.378930100665601e-05,9.306648798435334e-05,-0.3394221734419537,0.29567664702141766,-0.32173664540505964,0.5505506026729452,0.5819392311294157,0.7251006270703304,36.005578910098656,44.353866467578975,53.098637248462104,2571.063,2884.4406,3251.0434000000005
2024-09-03,2538.0,2553.6,2411.12,2425.29,224793.1299,0.00015769,0.00012761666666666666,9.31628571428572e-05,3.733866666666666e-05,3.748527221915086e-05,8.268794902694678e-05,9.428151776068853e-05,0.2644123280990411,1.0344194750168054,0.3219978065633114,0.6786194101090661,0.6077042289651244,0.7304965450415144,45.981134915377595,41.983198026301956,49.09073477907305,2536.792,2863.2786000000006,3249.1608499999998
2024-09-04,2425.28,2490.0,2306.65,2450.71,384179.3854,0.00012778,0.00012369666666666668,9.673642857142863e-05,4.423933333333333e-05,3.620809900207226e-05,8.30508947394922e-05,9.302235667254517e-05,-0.3848423634679546,0.6947185870872629,0.07206109828366405,0.696319685359974,0.5949594318450311,0.727061467478872,39.00691139806455,39.860982808670215,52.856711723796664,2507.25,2843.4102000000003,3247.4847500000005
2024-09-05,2450.71,2466.0,2348.04,2368.81,278549.0969,0.00010114999999999999,0.00012887333333333335,0.00010067000000000006,5.229533333333333e-05,2.8285852176376714e-05,8.176121358046925e-05,8.672066725521709e-05,-0.7300755105539721,0.35154404417003865,-0.1518793273913009,0.7354176428820303,0.6074509073312371,0.7235883095348971,31.714338353778757,36.79099123449252,40.382976375083196,2476.082,2823.0454,3244.9228
2024-09-06,2368.81,2408.83,2150.55,2225.23,643027.111,0.0001254,0.00011811,0.0001006985714285715,5.959e-05,1.4735918702631592e-05,8.177043906872316e-05,8.317055384918928e-05,0.2126982871712958,0.5587397195576307,0.07896066507595359,0.8434814282845542,0.6524038912526583,0.7330976603037985,23.900102396749844,22.183678329901284,38.95325798298463,2452.8720000000003,2799.02,3241.32495
2024-09-07,2225.24,2311.27,2220.98,2273.58,219453.2076,2.3559999999999998e-05,8.337e-05,0.0001023478571428572,6.3341e-05,5.3197205753787284e-05,7.980253120897798e-05,7.865438959402383e-05,-1.6433915847348703,-0.734517914166287,-0.8093377353784236,0.6940196286398596,0.6640380042526655,0.7342601125691608,30.42433161634979,25.488329664628395,40.267827173860375,2427.397,2774.421,3237.6188
2024-09-08,2273.58,2333.58,2240.94,2297.3,192775.6493,0.00010279,8.391666666666667e-05,0.00010790357142857148,6.590133333333334e-05,5.347895318107965e-05,7.664940148363512e-05,7.864643647724547e-05,0.15686014914615437,0.18143304830648205,-0.09696450473076831,0.6858928244162195,0.664595437097908,0.7341570391223653,38.28241906634044,27.789269489960432,42.396709797474195,2404.366,2750.0170000000003,3234.2657999999997
2024-09-09,2297.3,2381.41,2272.8,2359.5,321698.99,2.696e-05,5.110333333333334e-05,9.971428571428577e-05,6.651033333333333e-05,4.479423660856726e-05,7.886382447603126e-05,7.825792049734907e-05,-1.036189785052666,-0.8754033248484617,-0.7476979357322828,0.7436702776736209,0.674515744425804,0.7382455373889474,32.07334953499276,34.061274144647044,38.60867599400411,2387.716,2726.4886000000006,3231.2063
2024-09-10,2359.51,2400.0,2320.41,2388.52,224382.1729,-2.1430000000000003e-05,3.610666666666667e-05,8.24978571428572e-05,6.565033333333333e-05,6.26130835636163e-05,7.696513408214727e-05,7.910156166916327e-05,-1.1983044458898118,-1.3926722963728768,-1.1386292301539993,0.6973219892445393,0.6682566225303944,0.7384100827974802,45.56121586703713,45.767153455218235,40.19980019972993,2375.267,2705.467,3228.5377000000003
2024-09-11,2388.52,2389.32,2277.68,2340.55,282898.3125,2.492e-05,1.0150000000000008e-05,8.813571428571435e-05,6.173533333333334e-05,2.736809638997974e-05,6.863674321147917e-05,7.807332776627648e-05,-0.1438743992396464,-0.7688588604855063,-0.7014753502491532,0.3488868033091171,0.6714197796640442,0.7380362199146224,37.38837752432531,38.11187925744722,40.02536398555742,2366.75,2682.6277999999998,3225.27735
2024-09-12,2340.54,2391.93,2315.39,2361.76,202611.1308,6.222e-05,2.190333333333334e-05,9.189214285714291e-05,6.470133333333334e-05,4.190651301819903e-05,6.537110584706026e-05,7.62646903760555e-05,0.4985885874646995,-0.24915274886024602,-0.3474723167355683,0.3273389478593321,0.6241604673842771,0.7358849530977164,49.06262465088598,39.76575709324589,43.234756830824374,2349.125,2663.1468,3221.5232
2024-09-13,2361.75,2464.82,2337.35,2439.19,253888.616,0.00014366999999999998,7.693666666666668e-05,9.50078571428572e-05,6.940399999999999e-05,6.072747181749089e-05,6.681343003853134e-05,7.665137543356132e-05,1.5662654663131041,0.7258900981565123,0.3967974069270359,0.391348677753256,0.646314524008216,0.7170864955323668,84.5208131653464,45.10151339021641,45.18024635544098,2350.515,2648.421,3217.83945
2024-09-14,2439.19,2440.6,2376.72,2417.79,122931.2302,5.65e-06,7.051333333333334e-05,7.896571428571433e-05,6.509866666666667e-05,6.938274016889351e-05,5.8261107849999456e-05,7.647810553185677e-05,-0.5837211649672572,-1.0669602921733718,-0.8282365539720009,0.38703402343016996,0.646367532519369,0.7169960595432189,75.4833009363745,44.67747344878418,43.82331516407355,2347.223,2631.2846000000004,3213.7166
2024-09-15,2417.8,2430.32,2283.75,2316.1,174364.1946,3.219e-05,6.050333333333335e-05,7.129785714285721e-05,6.4743e-05,7.323669663047515e-05,5.671942811613432e-05,7.660979167403812e-05,-0.39706675967596156,-0.6516258519372798,-0.564734204072945,0.5460838833087698,0.6611237547578328,0.7223510163661718,52.604455280846636,43.969633622993115,41.25028815966975,2341.952,2612.6264,3208.3815999999997
2024-09-16,2316.09,2335.7,2252.39,2295.68,330555.232,-4.8629999999999993e-05,-3.5966666666666452e-06,6.170857142857149e-05,6.429133333333335e-05,4.1195797520434534e-05,6.487409188419761e-05,7.725582913985614e-05,-1.229205928026916,-1.5688834339561253,-1.2567458393936801,0.527510593271556,0.5563264922422326,0.7209728323325456,40.00125336833988,35.17006719453477,39.90864820666609,2348.9970000000003,2593.1367999999998,3203.1595500000003
2024-09-17,2295.67,2393.63,2263.29,2341.8,274206.2588,0.00015895,4.750333333333335e-05,6.179857142857149e-05,7.094499999999999e-05,0.00010463382690767039,6.501820382453321e-05,7.649718799200633e-05,1.1190964606715548,1.1125115899446196,0.6414910879073351,0.5589876713802224,0.5480143040519796,0.720415089355515,43.05258148932273,44.43718934469278,43.08555215010498,2355.8190000000004,2573.6196,3197.7014
2024-09-18,2341.79,2376.14,2277.34,2374.75,292917.6008,0.00010195,7.075666666666668e-05,5.995357142857148e-05,7.578699999999998e-05,0.00010724799360987684,6.334684784908158e-05,7.355657673070121e-05,0.636932623964299,0.25725127654707763,0.1295326222042282,0.47281671937443476,0.5531476315864636,0.7217530928217014,55.323454330244886,44.98918148706662,42.22299194217485,2363.564,2555.5304,3192.46815
2024-09-19,2374.74,2494.95,2372.6,2465.21,326746.032,0.00018384,0.00014824666666666666,6.586000000000006e-05,8.184166666666666e-05,4.1981115198904774e-05,7.088940443772675e-05,7.475642378499089e-05,1.0323796375852694,1.3070412500938193,0.8816836208445892,0.5917773785092608,0.5796391456949886,0.7293174660585952,63.2468563524873,56.28815947388353,45.438449298349646,2374.135,2540.1798,3187.3551500000003
2024-09-20,2465.21,2571.93,2437.31,2561.4,340754.5912,0.00029734,0.00019437666666666668,7.814142857142864e-05,8.916133333333333e-05,9.812022744237516e-05,9.333781061342218e-05,8.446232139887394e-05,1.2535770268035247,2.536376362346918,1.8703255474551865,0.3706049621643374,0.6031893024223467,0.7353248865895049,64.93170099932689,73.37338172499726,44.03266779034016,2391.423,2527.3398,3182.0233499999995
2024-09-21,2561.4,2623.34,2528.97,2612.4,154757.8773,0.00017869,0.00021995666666666672,8.922214285714292e-05,9.358166666666667e-05,6.706538476250828e-05,9.554187210758115e-05,8.559242409605191e-05,-0.07681416090812318,1.0286015484833164,0.8302021781774472,0.21396465684022203,0.5851188843375743,0.7366109576378372,72.17373470352865,73.47114079068018,45.503721854843384,2418.608,2519.7956,3177.3171
2024-09-22,2612.4,2632.57,2524.58,2581.0,214266.3257,0.00020094,0.0002256566666666667,9.623285714285719e-05,9.6113e-05,6.30685407579979e-05,0.0001001060716231609,8.765179924778523e-05,0.12003313910654471,1.1796844693721953,1.0435672072069768,0.3939880459556521,0.5575338668968031,0.730600644378414,85.93911108682866,69.44589148123649,45.25447596049848,2440.532,2513.3428000000004,3171.1291499999998
2024-09-23,2580.99,2702.82,2539.49,2646.97,333282.0149,0.00015845,0.00017936000000000002,0.00010562500000000006,0.00010137899999999999,2.1252922152263962e-05,9.927165671489701e-05,8.644485881879638e-05,-0.8342310574923574,0.6859560063725373,0.6477239062107948,0.39144205990768205,0.5256966193363046,0.7253117013185791,92.41710739195658,69.60298951202563,49.036881242091454,2461.3100000000004,2512.5038,3165.0201999999995
2024-09-24,2646.98,2670.96,2591.56,2653.2,288600.0402,0.0001338,0.0001643966666666667,0.0001167128571428572,0.00010500533333333334,3.3962730063168026e-05,9.242164801590232e-05,8.540634781110551e-05,-0.953726206060985,0.3959780714182284,0.41924991450399834,0.3775862881091735,0.5250418131788044,0.7204974501733825,91.60876536594299,68.6278925734811,56.4293451500686,2484.8509999999997,2517.176,3158.8694
2024-09-25,2653.2,2673.5,2554.05,2579.95,220343.4293,0.00011705,0.00013643333333333333,0.0001232935714285715,0.00010418666666666665,2.08252450968479e-05,8.858320604919077e-05,8.51607301977316e-05,-1.2095331701473617,0.1925185426749069,0.2665469584629399,0.4219156311927759,0.5172844020850185,0.7229580047437616,74.75271411326337,66.26977654529875,51.69190429357933,2511.236,2519.5484,3152.2431
2024-09-26,2580.09,2666.22,2559.2,2632.26,278686.3573,0.00025612,0.00016899000000000002,0.00013714357142857148,0.000105404,7.592014423069976e-05,9.333074401593948e-05,8.710619605022121e-05,1.477754455158081,1.6025666213425307,1.5677014124312185,0.42333674337178634,0.42439896632451307,0.7249326339921047,72.19343696014207,67.63777679234408,53.31781952827722,2544.8940000000002,2525.3376000000003,3146.0120500000003
2024-09-27,2632.25,2728.6,2615.21,2694.43,281826.9792,0.00023595000000000002,0.00020304000000000003,0.00014373500000000006,0.00011506933333333334,7.514930006334088e-05,9.701309195946638e-05,8.486583061769642e-05,0.8946662075058164,1.2440137915820841,1.4037717758779968,0.4276488377117432,0.4255666206062204,0.7266382139294867,69.4300820843963,66.98068018508997,55.14242970100179,2580.157,2525.5762000000004,3139.1602000000003
2024-09-28,2694.43,2704.35,2650.0,2675.21,137230.0342,0.00023393,0.000242,0.00016004071428571436,0.000122546,1.2269918500536509e-05,9.101792828162371e-05,8.513629148765307e-05,0.5958057560270604,1.1142312540089738,1.4207841958927352,0.40142098523321956,0.4306371958578838,0.7264092468453442,60.11270326825929,67.1755317728068,54.93345013008624,2610.203,2527.1048,3132.63645
2024-09-29,2675.21,2683.7,2629.73,2657.62,160554.3146,0.00018953999999999998,0.00021980666666666668,0.00017128000000000005,0.000125529,2.6231153869841066e-05,8.341339294786206e-05,8.588537530955859e-05,-0.3052387355940745,0.5917802094006323,1.042829323577057,0.4081793521240002,0.42573916078832785,0.7259446055293458,62.91029183782422,75.66738816722892,57.36573962306685,2629.444,2528.0588000000002,3125.9006
2024-09-30,2657.62,2663.5,2575.0,2602.23,282475.7961,0.00024781,0.00022376,0.0001924542857142858,0.00012611466666666667,3.0437146712691722e-05,5.661669442761283e-05,8.668026708313702e-05,0.5877977221843285,1.0984140934042583,1.6235424460230918,0.36642844659861695,0.43982871858033323,0.7271371781007792,42.18269499570339,71.88861121013832,52.11628703987007,2633.527,2528.9958,3119.50325
2024-10-01,2602.24,2659.0,2414.0,2447.79,502828.6804,0.00028397000000000003,0.00024044000000000005,0.00020138428571428576,0.000130929,4.764445298258572e-05,6.064208448747983e-05,9.133744272634243e-05,1.3512925899600543,1.3433454840643464,1.9209822258892326,0.5865950382554822,0.5124261015087376,0.7229834286977751,26.355411285267294,56.55416352315918,50.721616420691454,2617.066,2523.5056,3113.03125
2024-10-02,2447.78,2499.0,2352.0,2364.1,317484.735,0.00026859000000000003,0.00026679000000000004,0.00021328714285714294,0.000137028,1.814707689986624e-05,5.578319990110343e-05,9.426942976893572e-05,0.6554282836742048,1.0657349469076796,1.7185097424272575,0.43469771727647716,0.5349699832470016,0.7243552958770759,25.736831456086833,49.38031676569674,47.32233949796107,2595.3759999999997,2516.7388,3107.2363
2024-10-03,2364.09,2403.38,2310.0,2349.8,314635.9263,0.00011163,0.00022139666666666673,0.00020812928571428577,0.00013549266666666666,9.537125842382114e-05,6.173612687063117e-05,9.429638874617362e-05,-1.5406571758688756,-0.5920029025371556,0.23834657767649356,0.4391287778108728,0.5153356644052276,0.7006341902001657,15.282694198597042,42.63167975476003,49.38664360790474,2565.6589999999997,2510.5058000000004,3100.7617500000006
2024-10-04,2349.8,2441.64,2339.15,2414.41,239383.017,0.00012777,0.00016933,0.00019601714285714293,0.00013549233333333332,8.633965253584392e-05,5.948028043341063e-05,9.429641696789593e-05,-0.9803722126721306,-0.5266673256075997,0.36570043563958127,0.628398208094947,0.5287251721994308,0.6545246083178446,15.78780177888018,40.22113708629092,56.43163119592167,2541.78,2507.3962,3095.2315
2024-10-05,2414.41,2428.23,2390.05,2414.66,103740.2316,0.00023367,0.00015769000000000002,0.0001999442857142858,0.0001399096666666667,6.62936286532147e-05,6.0060445413719076e-05,9.57253050348641e-05,0.3554784953764434,0.6181167017006828,1.3651946588703263,0.6483638874481148,0.4923564867934077,0.653112124076794,16.619263586717764,35.892240518178326,54.958526641252725,2525.251,2503.8348,3091.5116
2024-10-06,2414.66,2457.8,2407.0,2440.03,105752.7096,0.00017599,0.00017914333333333336,0.00019816214285714294,0.000141596,5.302037470014269e-05,6.039784397303455e-05,9.590631835642763e-05,-0.1121189839025511,-0.31338734964507525,0.7682055722802055,0.4367079266783666,0.4910225864927314,0.6418947491440419,22.668006531802888,39.85520804839478,55.010707389746166,2506.028,2500.3451999999997,3086.1291
2024-10-07,2440.02,2521.0,2403.0,2422.71,300459.5407,0.00015230000000000002,0.00018732000000000002,0.00019772285714285718,0.00014588733333333336,4.185147428717592e-05,6.073034628945547e-05,9.328714424985711e-05,-0.1669174757451085,-0.699911655971566,0.5011910910756002,0.27230676504004553,0.48676610146416016,0.5459143044354438,25.065281404473737,32.64617575131443,52.29126340275169,2478.8559999999998,2496.5564,3080.7783999999997
2024-10-08,2422.7,2466.66,2401.18,2440.89,201358.3312,0.00024969,0.00019266000000000002,0.00020600071428571436,0.00015078400000000003,5.078995668446778e-05,5.9226687002518986e-05,9.479024762870939e-05,1.181718879431787,0.8350026461506941,1.4664616175165448,0.2458432729635795,0.4844046874278925,0.5411224211655763,48.45789379566456,33.86922761317234,51.913366897221564,2455.424,2492.647,3076.3010999999997
2024-10-09,2440.88,2473.61,2351.42,2370.47,242082.2725,0.0002364,0.00021279666666666668,0.00021452571428571434,0.00015776533333333333,5.281137219712551e-05,5.37772000178135e-05,9.305283748319002e-05,0.6261997019103276,0.553911410164096,1.2826644103877947,0.30289298675482945,0.4727703646178563,0.5453918671868823,51.513423615889465,34.015505295535164,51.07550072600395,2426.709,2488.6,3071.5057999999995
2024-10-10,2370.47,2421.36,2330.66,2386.49,257862.9619,0.00026663,0.0002509066666666667,0.00021527642857142865,0.00016736733333333335,1.5151680875173116e-05,5.4471387070078735e-05,8.868399583226072e-05,1.0200068021841888,1.1498530178493584,1.5342739245984334,0.31547751347320907,0.4392121137123569,0.5435499609762461,58.64636847791359,30.146856875063023,50.892270834583506,2405.1349999999998,2483.7156,3066.16335
2024-10-11,2386.49,2471.45,2381.86,2439.5,235441.2197,0.00025451,0.0002525133333333334,0.00021660214285714293,0.0001750203333333333,1.5213587129374747e-05,5.523376018598952e-05,8.582786134256471e-05,0.4934376454661594,0.8496685680199604,1.3694536917752755,0.36893420852785913,0.44160356980000937,0.522402514487231,56.254674178394694,29.097587773174055,50.011385589413585,2404.3059999999996,2480.048,3060.40875
2024-10-12,2439.49,2490.51,2434.35,2476.4,139637.5062,0.00021795,0.00024636333333333336,0.00021546071428571434,0.00018021133333333332,2.534189679844652e-05,5.5012802351136006e-05,8.34466334410114e-05,-1.4543467843004976,0.18418360035299683,0.9708099009680972,0.3785246075812704,0.44653585562266523,0.5238518750562012,63.013236657768715,34.15831327981671,52.12837813290583,2415.536,2474.3264,3054.8540999999996
2024-10-13,2476.4,2484.92,2436.4,2468.91,120022.8179,0.00013649,0.00020298333333333335,0.00021167142857142864,0.000179972,6.041672726442056e-05,5.8642842157090285e-05,8.356526375355816e-05,-1.6697475442190717,-1.2179609009540155,0.12153205769326494,0.3813249952274384,0.4293244487648063,0.5227213946561018,56.583386523025304,34.71711559946128,55.95671528907927,2427.4469999999997,2468.3446000000004,3049.6927
2024-10-14,2468.92,2654.0,2443.39,2629.79,435900.1619,0.00026559,0.00020667666666666668,0.00021294142857142864,0.00018863666666666667,6.528413691964807e-05,5.966922513799809e-05,7.816901111594946e-05,0.6795575299384724,0.933667657503486,1.4041505543785353,0.48634144464387313,0.5151221980136418,0.5392919156089582,78.53127583341143,51.90626383345415,61.73856218323493,2448.9849999999997,2466.0178,3045.0392000000006
2024-10-15,2629.79,2688.6,2537.36,2607.41,416285.6663,0.00030000000000000003,0.0002340266666666667,0.00021408642857142864,0.0001975636666666667,8.620361380674937e-05,6.126939009966145e-05,7.491073476237266e-05,1.0442742590634255,1.4229563045149314,1.6775857408087187,0.5410169541726239,0.5016618913104867,0.5393095191499075,72.68046853704469,63.50834433484154,59.49020644697577,2468.26,2464.5562,3040.5275500000002
2024-10-16,2607.41,2647.79,2588.67,2611.1,260322.4242,0.00030000000000000003,0.00028853,0.00021633000000000006,0.00020918466666666668,1.9866622763054544e-05,6.393580193622706e-05,6.118580490844045e-05,0.8128605596844656,1.3277597061936315,1.6234518655532626,0.5545740584542362,0.4939715933174372,0.5389223713980275,90.05559809547204,74.17681375023714,58.6250939690656,2485.3669999999997,2467.6316,3036.05485
2024-10-17,2611.1,2648.37,2575.4,2605.8,221624.5434,0.00030000000000000003,0.00030000000000000003,0.0002297850000000001,0.00021388633333333334,0.0,5.9900743895451795e-05,6.259561290579687e-05,0.5585362423915448,1.2193804975707712,1.57593382632187,0.5695193339525533,0.482293221025404,0.5389409823459795,87.85775936453823,75.50715395937642,55.4705557326978,2503.676,2469.181,3030.8574
2024-10-18,2605.79,2675.58,2596.49,2642.17,292444.1153,0.00030000000000000003,0.00030000000000000003,0.00024208714285714293,0.000220488,0.0,5.4807057719074446e-05,6.080110952930795e-05,0.4469231710342283,1.122701111105721,1.5339029584129766,0.5517609125749783,0.4860444531752928,0.5395549232402523,87.11768799655329,74.04662359030434,53.29633106138087,2523.804,2471.4722,3026.54925
2024-10-19,2642.17,2663.49,2631.02,2648.2,105413.7646,0.00030000000000000003,0.00030000000000000003,0.00024682500000000005,0.00022436,0.0,5.6852281701029234e-05,6.207220028539966e-05,0.0,1.0157845109153232,1.4834030026751472,0.15601828350474437,0.4854268726439965,0.5360821266990249,85.47534484157991,74.35956275011657,51.51671778868965,2551.577,2473.9162,3023.39545
2024-10-20,2648.2,2759.0,2635.54,2746.91,256910.7448,0.00030000000000000003,0.00030000000000000003,0.0002556828571428572,0.0002244486666666667,0.0,5.458224964053797e-05,6.218184587784861e-05,0.0,0.9502612168122365,1.4275148937234179,0.30199554405739043,0.5000458485958372,0.5408326101661027,91.69666426666615,77.7618961459944,56.649752703301324,2587.619,2478.5942,3020.57585
2024-10-21,2746.91,2769.48,2655.01,2666.7,310674.7232,0.00030000000000000003,0.00030000000000000003,0.0002662328571428572,0.00022849233333333335,0.0,4.677905899478345e-05,6.304199146177235e-05,0.0,0.9278178888205907,1.377034398183035,0.46111764470572314,0.43677159058624343,0.5459325625128916,57.30341525173091,69.81757338472399,50.78186299751755,2610.339,2483.4138,3017.2723499999997
2024-10-22,2666.71,2671.92,2606.56,2622.81,265747.713,0.00030000000000000003,0.00030000000000000003,0.00026982642857142865,0.00023179433333333333,0.0,4.733953131076773e-05,6.413391354639548e-05,0.0,0.8884558904329035,1.328914519198812,0.4946852133577853,0.41170350159166763,0.5318471558397897,52.80816921941299,64.18368938080485,48.83060512999429,2624.98,2485.1097999999997,3013.7971500000003
2024-10-23,2622.81,2628.2,2450.0,2524.61,352647.7086,0.00030000000000000003,0.00030000000000000003,0.00027436928571428584,0.00023651266666666667,0.0,4.6934978339785576e-05,6.375771725744252e-05,0.0,0.8253855640717007,1.2903265236338737,0.5683522565004487,0.44964360770047573,0.5396751874556561,38.27127010380302,61.51880193685941,47.910657383954174,2630.55,2487.0962,3009.6622500000003
2024-10-24,2524.6,2562.65,2507.31,2535.82,290851.7842,0.00030000000000000003,0.00030000000000000003,0.00027675285714285724,0.00024205266666666667,0.0,4.735715012677364e-05,6.171300382346068e-05,0.0,0.7664317401161184,1.2501444558884183,0.5725643409427269,0.43709946901187186,0.5396298335539599,40.65986866683981,61.240158369208736,46.24232411697774,2621.153,2488.7984,3005.07035
2024-10-25,2535.82,2566.33,2382.59,2440.62,514799.8822,0.00030000000000000003,0.00030000000000000003,0.00028000214285714295,0.000248151,0.0,4.727413558229135e-05,5.785322900112846e-05,0.0,0.6987627945562214,1.2095547264445636,0.34418450660906036,0.4705168971734206,0.5444134635226048,26.75049025258106,50.07926846520664,40.35874098770541,2604.4739999999997,2490.2346,2998.8003999999996
2024-10-26,2440.63,2508.0,2430.12,2482.51,248724.8313,0.00030000000000000003,0.00030000000000000003,0.00028586285714285724,0.0002496136666666667,0.0,4.395937362688725e-05,5.861137911659277e-05,0.0,0.6237472651304995,1.18376444635041,0.4757599224310256,0.4739988411755959,0.5023241168079087,32.34748886658579,50.42940473670589,42.80400914147024,2591.6150000000002,2495.3802,2993.6809999999996
2024-10-27,2482.51,2527.99,2464.13,2507.8,137580.8836,0.00030000000000000003,0.00030000000000000003,0.0002975421428571429,0.0002517486666666667,0.0,9.1964593340968e-06,5.9259470113694626e-05,0.0,0.5650114409822257,1.1648841428209022,0.5170896281865639,0.47414683041855965,0.49794555269102836,19.800954810644782,52.66643812125648,44.43726608438453,2581.815,2500.0646,2988.4918
2024-10-28,2507.8,2589.67,2471.67,2567.48,360605.327,0.00030000000000000003,0.00030000000000000003,0.00030000000000000003,0.00025395100000000004,0.0,0.0,5.979967629650987e-05,0.0,0.507015998206561,1.1339446772270363,0.4652972870294125,0.4827593900112961,0.5013510328288393,36.783354646137745,45.03940769037011,48.713848978010404,2574.346,2505.4682000000003,2983.8165999999997
2024-10-29,2567.49,2681.86,2561.2,2638.8,451915.7025,0.00030000000000000003,0.00030000000000000003,0.00030000000000000003,0.000257633,0.0,0.0,5.909345521549151e-05,0.0,0.4412519035299614,1.0962686860482214,0.5093814063673506,0.47161969872033876,0.5057896213693699,51.984905285542396,52.31835034480092,57.53306883510851,2573.406,2511.0542,2980.8234500000003
2024-10-30,2638.8,2722.3,2599.66,2659.19,460627.126,0.00030000000000000003,0.00030000000000000003,0.00030000000000000003,0.0002593726666666667,0.0,0.0,5.956067181556463e-05,0.0,0.40003749207767125,1.075071297952581,0.1610338366145528,0.47169141307949125,0.5058580854107453,70.7058895930534,53.466245729252485,62.24937941555131,2564.634,2516.4676,2979.08435
2024-10-31,2659.19,2669.0,2503.0,2518.61,403427.2017,0.00030000000000000003,0.00030000000000000003,0.00030000000000000003,0.00025990700000000003,0.0,0.0,5.986010162492779e-05,0.0,0.3479770516099128,1.0409832053126538,0.6317813024670677,0.5293006546896447,0.5163281773852316,48.10608561674111,44.74106421213959,56.342473267639704,2549.8250000000003,2520.0287999999996,2975.90185
2024-11-01,2518.61,2586.8,2467.67,2511.49,430249.1073,0.00030000000000000003,0.00030000000000000003,0.00030000000000000003,0.00026095400000000004,0.0,0.0,6.0290357529454434e-05,0.0,0.2676447364677549,1.0070130003864104,0.627908338333649,0.5260908123101387,0.5040936371576248,59.67455702066295,41.8296403740577,53.81214167898321,2538.693,2523.0234,2972.94935
2024-11-02,2511.49,2523.45,2470.0,2494.23,145961.13,0.00030000000000000003,0.00030000000000000003,0.00030000000000000003,0.0002672330000000001,0.0,0.0,5.3645402486382776e-05,0.0,0.2233165617626251,0.9766766880162481,0.5769607230915211,0.5268766688042602,0.4914949852385676,51.71525582473888,40.50681299703225,53.08336756271856,2535.6549999999997,2524.1241999999997,2969.9993999999992
2024-11-03,2494.23,2496.39,2411.0,2457.73,276009.1197,0.00030000000000000003,0.00030000000000000003,0.00030000000000000003,0.000272974,0.0,0.0,4.701137885729307e-05,0.0,0.0,0.9452592967291366,0.4552790266792797,0.4482422624349374,0.49225946282144506,42.904917103499955,30.688890669600994,50.6800159821875,2527.846,2524.9230000000002,2967.3610000000003
2024-11-04,2457.73,2491.39,2357.59,2398.21,306316.9645,0.00030000000000000003,0.00030000000000000003,0.00030000000000000003,0.000275185,0.0,0.0,4.665758139594376e-05,0.0,0.0,0.9141440689444594,0.392678826467938,0.45688391654246174,0.4887487205432024,26.003005472176127,31.561019160711254,49.088297460527045,2523.6050000000005,2526.5652,2964.03005
2024-11-05,2398.21,2480.0,2380.74,2422.55,331619.2545,0.00030000000000000003,0.00030000000000000003,0.00030000000000000003,0.0002793186666666667,0.0,0.0,4.2909080843634486e-05,0.0,0.0,0.8844251042771237,0.24789504906823456,0.4604195821023565,0.46323921963187414,14.631513525857045,35.8673253351444,49.32064009472657,2517.609,2529.1026,2960.8605000000007
2024-11-06,2422.6,2744.7,2420.3,2721.87,1002141.3618,0.00029511,0.00029837000000000006,0.00029965071428571444,0.00028407899999999996,2.8232428180120554e-06,1.3069074721825798e-06,3.563719902198997e-05,-1.7807116576909472,-4.210026474758289,0.8111072459320051,1.0993885453946044,0.6900736566796679,0.5413859264164678,55.36056376566988,60.842989380087076,61.12941027416788,2539.016,2536.7039999999997,2958.6909
2024-11-07,2721.88,2916.11,2699.49,2895.47,730845.9524,0.00034885,0.00031465333333333335,0.0003031400000000001,0.00028738433333333333,2.9715939045278222e-05,1.32206138574286e-05,3.691332388948073e-05,1.7801190487638947,4.223850671500899,1.3086872238960516,1.1247926283694503,0.7346576722570183,0.5602670680227314,80.507075089764,66.77456367002779,64.65719814765993,2571.815,2547.1184,2957.4299
2024-11-08,2895.47,2981.69,2886.4,2961.75,568864.435,0.00030000000000000003,0.00031465333333333335,0.0003031400000000001,0.0002895043333333333,2.9715939045278222e-05,1.32206138574286e-05,3.569030184919921e-05,-0.3907036466307,-0.19900591134268286,0.7920233100263857,1.031060718823568,0.7385697222573993,0.5593263680323669,83.2629059424097,74.9801071814465,64.92526649699535,2604.11,2557.0492,2956.23765
2024-11-09,2961.75,3157.4,2953.71,3126.21,526719.4212,0.00030000000000000003,0.00031628333333333337,0.0003031400000000001,0.00029061666666666675,2.8203560650078935e-05,1.32206138574286e-05,3.5472153754022645e-05,-0.39070364663069757,-0.19900591134268286,0.7771681649122109,0.7919818266033793,0.7561861042341416,0.5725801615837833,88.34737020938589,77.61096717729984,67.30878850989635,2650.812,2568.3454,2955.7714
2024-11-10,3126.2,3248.52,3069.0,3183.21,865536.7322,0.00046708000000000003,0.0003556933333333334,0.0003150742857142858,0.0002977023333333334,9.646368297624988e-05,4.569521414330436e-05,4.7277374313185294e-05,1.706248804616531,4.069208757731139,2.4954944172945455,0.7546107292092449,0.739715446061864,0.5701235418219132,92.95220953906946,78.2038968738907,68.53764624046678,2717.272,2579.7616,2955.9834499999997
2024-11-11,3183.2,3387.61,3105.0,3371.59,1000093.9664,0.00065084,0.00047264000000000003,0.0003401342857142858,0.000312132,0.0001754860723818514,0.00010033176279908454,7.810661857245271e-05,1.5907068832011901,3.7916770155576716,3.8853215585163636,0.39648122059715024,0.7582337599710811,0.5845265023118718,99.99999999992808,80.31928932853285,68.98041061951511,2803.282,2595.5733999999998,2957.0624
2024-11-12,3371.59,3442.5,3207.67,3243.8,973215.7285,0.00121308,0.0007769999999999999,0.0004053542857142858,0.0003480183333333334,0.0003886724317468458,0.0002529421332033257,0.00017802953949163684,1.6531256203036075,3.9035117587671695,5.8641543367176885,0.73850228789389,0.7588521414692184,0.5908940174984701,88.13276004563238,71.88001793792539,65.44988419679089,2878.239,2607.51,2957.6249
2024-11-13,3243.79,3331.0,3116.69,3187.16,919686.3747,0.0006005699999999999,0.0008214966666666665,0.00042682357142857146,0.0003591843333333334,0.0003400513173527484,0.0002560488267921703,0.00018311373124434166,-0.13268574657406126,0.9625248567688095,1.9923177991874208,0.8150314268085878,0.7691484061080535,0.5925407148207715,77.89006773355567,68.60634766237705,63.63468529871138,2951.182,2618.1892,2957.2828999999997
2024-11-14,3187.16,3240.4,3028.56,3058.82,605780.6662,0.0003058,0.0007064833333333334,0.0004272378571428572,0.00035937766666666667,0.00046282013270096655,0.0002558324430373092,0.0001830521405781014,-0.9952504400661359,-0.3786215376049012,0.1698541311603229,0.8009095117216867,0.7727555409064863,0.5916300304013641,60.35315443212332,69.2033699476756,60.13231820776895,3017.243,2627.7666,2956.25975
2024-11-15,3058.81,3131.06,3014.5,3090.01,519623.6317,0.00036241,0.00042292666666666665,0.00043169571428571435,0.000361458,0.00015642582406157236,0.0002539818391058756,0.0001827083744829503,-0.7340048094461817,-0.1359489346120448,0.4960928823853286,0.7833315250097438,0.7723343357988819,0.5908050491218096,58.507561687395935,70.21920565901617,60.03972488491974,3083.989,2636.9216,2955.62615
2024-11-16,3090.01,3219.97,3072.0,3132.87,423639.1573,0.00039566000000000004,0.0003546233333333334,0.00043852857142857155,0.0003646466666666667,4.5433237099533587e-05,0.00025144035080548494,0.00018243334316633483,-0.48166306554236243,-0.006010456595400349,0.6858191367220479,0.4969773438079049,0.7724175481771901,0.590040489895063,50.526732046764664,71.92800538373275,60.68887644059778,3125.089,2645.6904,2956.22025
2024-11-17,3132.88,3162.11,3034.99,3076.0,449818.9575,0.00039685,0.0003849733333333334,0.0004454464285714287,0.00036787500000000004,1.9549476549059954e-05,0.0002486527071302168,0.0001821065447279524,-0.13808790633821605,-0.022894175283029852,0.6677032038478761,0.4339418815584707,0.7801635344519361,0.5923231198203504,41.51913553873927,70.9357370698032,57.39418423327745,3143.142,2653.7062,2956.7379499999997
2024-11-18,3075.99,3224.94,3050.01,3207.8,640658.4357,0.00071278,0.0005017633333333334,0.0004749307142857144,0.0003816343333333334,0.000182746762579646,0.0002544841305756291,0.0001921201026240981,1.7402185964916461,1.2845908694268342,2.5254873349901654,0.6093773992499263,0.7891717428690218,0.5940067334206239,35.769518149707125,76.13485960725782,61.88227957057198,3167.7470000000003,2664.7098000000005,2957.8459999999995
2024-11-19,3207.81,3221.2,3065.4,3107.44,500112.0194,0.00077045,0.0006266933333333333,0.0005085342857142858,0.000397316,0.00020112788377880554,0.00026059552191424367,0.00020405627176225778,1.233228650926197,1.3701548266286372,2.654731569942774,0.5528196891590562,0.8089353631582986,0.5944146170925826,37.5597562310216,71.07496507449765,60.38467637207279,3165.87,2674.8140000000003,2957.87015
2024-11-20,3107.45,3159.2,3029.41,3069.97,503607.8336,0.00050493,0.00066272,0.0005235214285714287,0.000404147,0.00013965930080022299,0.00025330868996776575,0.00020411629474478515,-0.2905515223397928,0.2076353699963451,1.0838962481035734,0.5598333256984727,0.7656362479233652,0.594137265138648,38.92113672024949,62.76925108574371,61.99827514886802,3154.5460000000003,2687.2575999999995,2957.63385
2024-11-21,3069.97,3386.73,3032.59,3355.81,974923.3035,0.00040146,0.0005589466666666667,0.0005272792857142857,0.000407529,0.00019033327410976036,0.00025089685053252805,0.00020316952970957276,-0.8908659876595597,-0.2577703681370178,0.470962955487332,0.9663490484750962,0.8338233994712324,0.6298456077242139,71.63420212991133,65.60178406804684,66.09534053830342,3152.968,2707.0918000000006,2958.7308499999995
2024-11-22,3355.88,3425.92,3257.54,3327.78,603273.7093,0.00085504,0.0005871433333333333,0.0005669250000000001,0.00042603033333333336,0.0002377035511584566,0.00025602076835077675,0.0002177860786450879,1.0888668234260526,1.4959185893695754,2.822057851718564,0.9396309546318925,0.8345823777837102,0.6284137167709604,67.40043616344836,62.735642262104605,67.88542489871858,3161.366,2726.6514,2960.0567499999997
2024-11-23,3327.78,3497.51,3312.72,3393.91,721024.0009,0.0008466700000000001,0.0007010566666666667,0.0006059728571428572,0.00044425266666666666,0.00025949207354626505,0.00025385766106918194,0.0002294359640800208,0.8179112520970269,1.3063696871384178,2.5780872092771263,0.9014057659406101,0.8243717401385312,0.6296159100219227,68.47416843588402,59.99850601323373,68.19626571252098,3182.041,2746.2413999999994,2961.99785
2024-11-24,3393.91,3450.0,3281.4,3361.2,479098.0921,0.00077996,0.0008272233333333334,0.0006283214285714286,0.00046025133333333333,4.1144637965832015e-05,0.0002544611404776495,0.0002356792712891772,0.48705093834823976,0.9432855549173322,2.1185426277188046,0.8212704033035014,0.8126734960687045,0.6254463718930567,70.89867221612445,56.77071842113231,66.98795276648927,3212.2789999999995,2765.1721999999995,2963.9327999999996
2024-11-25,3361.21,3546.66,3300.01,3414.49,949330.37,0.00072991,0.0007855133333333333,0.0006339692857142857,0.00047458166666666666,5.857776056951711e-05,0.00025587297207386203,0.00023865076212457184,0.03911149035785381,0.6701537121704447,1.7830154713410176,0.7678790523179265,0.8121267351555118,0.6248649772573018,67.11491644991636,51.8188447579346,66.90375550306047,3244.727,2784.6613999999995,2965.8241
2024-11-26,3414.49,3462.49,3252.0,3324.73,672367.1503,0.0005494,0.0006864233333333334,0.0005865635714285715,0.000482895,0.00012127570256791063,0.00019443077315024312,0.0002366954307317859,-1.630134200467916,-0.10372366279955003,0.8795805570621718,0.3688709405884408,0.6979641265943829,0.6276142007842538,68.31414459813594,53.545549334459274,63.589068994275344,3263.913,2802.7018,2967.8977999999997
2024-11-27,3324.74,3684.92,3302.4,3653.28,754573.6485,0.00057669,0.0006186666666666667,0.0005848578571428572,0.000492118,9.730105566406138e-05,0.00019440319066622307,0.00023470539788393745,-0.9284592591255683,-0.03920179088102275,0.9791631668057714,0.8846741050417335,0.7555482457684144,0.6656324877051617,82.98108129495533,66.49165015560921,67.55108598540633,3321.6410000000005,2826.9496000000004,2971.60195
2024-11-28,3653.27,3661.92,3529.76,3578.79,560976.425,0.00042418,0.0005167566666666667,0.0005933135714285715,0.0004962573333333334,8.13265973304026e-05,0.00018360637363694382,0.00023228284731799774,-1.3074769307618088,-0.7285463999444446,0.22853817498579357,0.9453193478730316,0.7659491778944882,0.6680586996614312,66.56710651443386,69.12568506999905,69.16519035388349,3358.7400000000002,2851.1160000000004,2974.84945
2024-11-29,3578.8,3647.98,3534.28,3592.21,425493.2449,0.00035354,0.00045147000000000004,0.00059268,0.0004980420000000001,0.00011405059710500661,0.0001844776809931611,0.0002309246823682819,-1.1894649753616142,-1.0615904860566032,-0.12216416222842175,0.9257764675204679,0.7393915548671944,0.664875174870834,70.08278271428713,68.71673698169604,69.49210013700507,3407.2169999999996,2875.2304,2978.05555
2024-11-30,3592.22,3738.98,3568.4,3703.6,503684.7485,0.00054262,0.0004401133333333334,0.0006031771428571429,0.0005061293333333334,9.554169212098948e-05,0.00017640919548806523,0.0002279794662854781,0.5562638139971255,-0.24820250042685554,0.7721370131739597,0.9378976256128563,0.7448927819820587,0.6463007247672247,72.00721990868463,70.23707370340021,71.09614036060081,3470.5799999999995,2900.5124,2982.1638999999996
2024-12-01,3703.59,3746.8,3659.2,3707.61,429089.2633,0.00040664,0.0004342666666666667,0.0006038764285714287,0.000509684,9.752043956700554e-05,0.00017554569160224085,0.0002254722423561242,-0.5709021971944906,-0.7840393161093995,0.10341277074781496,0.8477830511024881,0.7104489844093259,0.6379882676007976,75.66342178949348,73.26800515741199,72.0527623294887,3505.7599999999998,2925.1366,2985.5392000000006
2024-12-02,3707.61,3760.0,3554.32,3643.42,737130.569,0.00093824,0.0006291666666666667,0.0006199807142857145,0.0005309586666666666,0.0002761655013453721,0.00019551114579537148,0.00023491808933053248,1.7109467426069611,1.869526222894671,2.507595380950573,0.39103073475981126,0.6911016107305035,0.6401034968488555,66.69048278670962,66.88920939169563,71.93421900919799,3537.3239999999996,2948.6268,2989.0327999999995
2024-12-03,3643.43,3670.0,3500.0,3614.51,678400.2032,0.0007545,0.0006997933333333334,0.0006188414285714286,0.0005461086666666667,0.00026998936003728047,0.00019461128245643899,0.0002341640965402279,0.6347618693924023,0.8719981877596661,1.5910213591084474,0.34395373606760204,0.6860297468420944,0.6392341223514512,73.18388376847922,70.81243484177416,70.96247731326636,3559.3839999999996,2968.3212000000003,2991.6452999999997
2024-12-04,3614.51,3887.24,3614.51,3837.8,968744.0399,0.00054473,0.0007458233333333333,0.0006216842857142858,0.0005542663333333332,0.00019689843430901105,0.00019310413909097123,0.00022951131730014103,-0.4427196177087152,-0.2515298692633949,0.6011553859824216,0.6057123275096146,0.6877354474518969,0.6523041928144737,67.75254954772478,77.34417846019028,70.1646157459401,3607.0440000000003,2992.929,2995.2196000000004
2024-12-05,3837.8,3956.0,3677.0,3785.2,946493.276,0.00104311,0.00078078,0.0006675164285714286,0.0005790366666666666,0.0002502271665906929,0.0002120327284463816,0.00024093908072993057,1.154005583280711,2.0212483251482163,2.6850063734858742,0.6085374159852819,0.6960941385661814,0.6544156198099648,70.73180530714625,68.33793144674388,66.81241851053946,3644.1150000000002,3016.4110000000005,2998.7896499999997
2024-12-06,3785.21,4087.73,3777.26,3998.87,803855.1146,0.00066184,0.0007498933333333333,0.0006537164285714287,0.0005912609999999999,0.00026059681163310484,0.00020506160146150086,0.00023527361827791428,-0.6256655696556075,0.11138922872062046,0.9846939901711094,0.7413945695279298,0.7219195477008092,0.6637670852542509,79.12786866450533,74.73772679344398,68.56349160884358,3711.5289999999995,3044.2724,3000.4751
2024-12-07,3998.87,4024.46,3968.0,3996.22,283920.02,0.00077988,0.0008282766666666666,0.0006489457142857144,0.0006056286666666666,0.00019518806631897202,0.00020096324102123153,0.00023311072751144483,0.1248665640317804,0.6281837176825786,1.4462661756101478,0.6858161392708026,0.7114431302399848,0.6641369869849549,74.82691916097808,73.29244429311515,66.52986932046439,3745.8229999999994,3071.3534000000004,3001.5082
2024-12-08,3996.22,4015.58,3923.5,4004.15,251362.1685,0.00063379,0.0006918366666666667,0.000638505,0.0006167550000000001,7.752691167162727e-05,0.0001973984156568777,0.00022587363320578557,-0.5127847373287469,-0.10964098477784492,0.7852212939736691,0.6553942438876785,0.7006955093952241,0.6576641687486655,74.99325736623877,75.34991917351614,65.89391921187328,3788.3589999999995,3098.4724,3002.8403
2024-12-09,4004.15,4006.17,3509.0,3712.0,939642.2001,0.00043693000000000003,0.0006168666666666667,0.0006175778571428571,0.0006213193333333333,0.0001721001889404564,0.0002024287378571501,0.00022057341834929797,-1.230634076851937,-1.0257631425510707,-0.08321433194190463,0.8924175177476457,0.7737580694542708,0.6899030290562959,54.1755966877278,59.870870133520135,56.33596765841957,3800.3379999999997,3117.7742,3002.4822499999996
2024-12-10,3712.0,3780.76,3515.89,3628.25,942206.0337,0.00030000000000000003,0.0004569066666666667,0.0005997635714285715,0.0006157500000000001,0.0001677892768723373,0.00021917164210190953,0.0002266283735621906,-1.369736950957423,-1.5728577790288865,-0.6868582560237715,0.9022709759448168,0.7806530434647573,0.6928746258323812,50.78421076659107,60.11059293798523,57.2749395410192,3792.803,3137.0052,3001.9820999999997
2024-12-11,3628.24,3848.64,3562.34,3831.81,461818.7801,0.00030000000000000003,0.0003456433333333334,0.00058,0.0006040553333333334,7.905657236019431e-05,0.0002334240346862976,0.0002336971197014998,-0.8968840305437518,-1.498783843003801,-0.6965532775050238,0.9001815088331532,0.7241011897954375,0.7026477462522973,49.6502434865472,56.48723483108472,61.55613955199775,3805.2229999999995,3161.1852000000003,3002.3948500000006
2024-12-12,3831.82,3987.41,3796.8,3881.61,572098.6343,0.00030000000000000003,0.00030000000000000003,0.0005711300000000001,0.0005736193333333334,0.0,0.00024200235068788198,0.00020989028884457666,-0.6425730873128563,-1.343590753854793,-0.7179384869349499,0.9183048718824284,0.7213255938313432,0.7023014538149883,55.647854155148806,61.20459994665535,65.17687508985509,3829.042,3188.3251999999998,3002.67055
2024-12-13,3881.6,3968.47,3852.94,3906.8,387765.6873,0.00030000000000000003,0.00030000000000000003,0.0005673057142857144,0.0005636003333333334,0.0,0.0002460938074960667,0.00021565408584411238,-0.44714057740856267,-1.2132866258241854,-0.7219967590388986,0.9225729953792257,0.7193155952978437,0.6883230038144114,43.07775589066638,61.5395901957419,65.09962398363487,3858.2709999999997,3215.7448000000004,3002.7334499999997
2024-12-14,3906.8,3945.0,3825.03,3870.29,265538.9479,0.00030000000000000003,0.00030000000000000003,0.0005499757142857144,0.000563407,0.0,0.0002562970726659629,0.00021589563730637647,0.0,-1.095610679631588,-0.7219967590388984,0.5609574802354431,0.7191847679044164,0.6884408107773512,40.99071384620086,56.46983022948194,63.66442823676277,3861.5200000000004,3244.3382,3002.8614500000003
2024-12-15,3870.3,3974.61,3831.5,3959.09,253833.2141,0.00029404,0.0002980133333333334,0.0005419328571428572,0.0005611279999999999,3.441007605770278e-06,0.0002628247149257907,0.00021843643685883,-1.7821680584724282,-1.0146655104160414,-0.7479663051149052,0.4549297865364626,0.721407227651908,0.6894510810893967,47.11064943055174,59.15804806985956,66.17232854127451,3878.9089999999997,3273.8698000000004,3003.8197499999997
2024-12-16,3959.09,4107.8,3884.0,3986.24,673351.0723,0.00028662,0.0002935533333333334,0.0004953885714285716,0.0005574933333333334,6.703262887803238e-06,0.00024428780569890434,0.00022216012324653348,-1.6066047694953112,-0.9638154392150687,-0.7795584224338576,0.2231722077755816,0.7050531454290034,0.689084227270514,76.63765638345313,62.83047396622055,64.82404021930928,3877.6460000000006,3303.4386,3005.0113999999994
2024-12-17,3986.24,4041.82,3847.96,3893.01,450825.9861,0.00030000000000000003,0.0002935533333333333,0.00046292428571428586,0.000554265,6.703262887803238e-06,0.00023730503896605322,0.0002252571222456888,0.6533165736340893,-0.8314348038894352,-0.7197676990623186,0.33768472495721663,0.6041573282309854,0.6930064047419902,75.25179307177503,59.94443968343194,65.00055375842305,3867.325,3329.9492000000005,3005.665
2024-12-18,3893.01,3907.19,3617.42,3626.8,722505.0618,0.00028046,0.0002890266666666667,0.0004440478571428572,0.0005398543333333333,9.98984150740302e-06,0.0002407824467528403,0.00022857086096125654,-1.3705199405297614,-0.8676617834303715,-0.8047222269797862,0.6835587123145761,0.6759772123228527,0.7187185860081036,32.5342057284623,42.68985587579007,59.77852002480767,3829.59,3349.7092,3004.7199
2024-12-19,3626.8,3720.0,3326.8,3417.01,1078153.4851,0.00020915000000000002,0.00026320333333333337,0.00038447928571428574,0.0005211443333333333,4.7820236650849124e-05,0.0001754804773478185,0.0002319916457723343,-1.752392085703446,-1.1063347338128633,-1.109295723429117,0.7752048078416742,0.7229448549211411,0.731791160000746,18.897279348739772,38.49686638878406,51.10423071921395,3800.0910000000003,3364.8656,3002.9004
2024-12-20,3417.01,3497.84,3101.9,3472.21,1332783.731,0.00030000000000000003,0.00026320333333333337,0.00035863357142857153,0.0005143133333333333,4.7820236650849124e-05,0.0001571794524938362,0.00023547645187683004,0.6526771240411858,-0.6790369692242164,-0.7063068826232606,0.7391433390849237,0.7127914672624287,0.7276012814981523,22.030145837872226,31.737544385233292,52.580646313998976,3784.487,3383.9376,3001.42615
2024-12-21,3472.2,3555.18,3293.11,3338.92,475275.82,0.00026352,0.0002575566666666667,0.0003217507142857144,0.0005097153333333334,4.571762934955457e-05,0.00010142187197460625,0.0002390752871858231,-0.18898714342446207,-0.7848426704117636,-0.8635671044622567,0.6504532246127188,0.7286595301233876,0.7337259968631236,19.589776460203822,29.10095640227354,49.0404782427657,3735.1980000000003,3400.4862,2999.0696000000003
2024-12-22,3338.92,3403.0,3221.1,3281.83,361920.2495,0.0002537,0.0002724066666666667,0.00029460142857142864,0.0004896706666666666,2.439574006549403e-05,4.8569032054627645e-05,0.0002342849621343506,-0.2248439044178712,-0.7561532358842606,-0.9011075770046529,0.663243851198419,0.7285897003866285,0.7280791546676723,9.780749679311498,27.72981772436745,48.62675483667565,3675.2200000000003,3416.2382000000002,2996.1488
2024-12-23,3281.83,3466.99,3216.97,3422.53,488253.41,0.00019758,0.00023826666666666667,0.0002775050000000001,0.00046803433333333336,3.557613994439799e-05,3.4785127845515925e-05,0.00023011379246053442,-1.1300954283487974,-0.9119634873775728,-1.1333300952384209,0.7834752490548705,0.755717892711776,0.7339640566374123,20.502140218297725,40.15588973450032,50.135022570890094,3626.793,3435.5342,2994.19415
2024-12-24,3422.53,3539.65,3358.19,3493.18,315723.6763,0.00020878000000000002,0.00022002,0.0002709892857142858,0.000448995,2.970045117519572e-05,3.85833799341239e-05,0.0002270241266496353,-0.8585951030431694,-0.7813912460532718,-1.0711978963430442,0.6167819548444491,0.7102543351333551,0.726803199524629,28.571275444009714,45.36533143005722,52.84719945096192,3589.082,3457.4336,2993.2684500000005
2024-12-25,3493.17,3547.95,3440.93,3497.0,219846.0452,0.00012258,0.00017631333333333334,0.00025831642857142864,0.0004287506666666667,4.687017530737246e-05,5.427003700967068e-05,0.00022818603967592676,-1.5455336556145665,-1.2835277046054885,-1.4145084631854141,0.6041867375837423,0.7094394250624351,0.7263676487809986,40.32123363255252,36.68673405274937,47.032778419052,3542.8729999999996,3478.9226,2992.3456000000006
2024-12-26,3497.0,3514.94,3304.63,3335.05,310170.1719,0.00026305,0.00019813666666666668,0.00025567714285714294,0.0004192056666666667,7.083724749977001e-05,5.296983530978082e-05,0.00022895297144990764,0.9635305951892326,-0.3599402210458194,-0.8064970102705324,0.6567299914752645,0.6803995047369413,0.7379764785249495,43.41898185317103,30.046437593976194,45.52096732694056,3477.754,3491.1862,2990.48885
2024-12-27,3335.04,3444.16,3306.6,3333.51,342529.6038,0.00023777,0.00020780000000000004,0.00025123214285714294,0.0004079083333333334,7.487727225273549e-05,5.155652807705997e-05,0.00022927570548295718,0.598483615844616,-0.5085709801103773,-0.9073020894757494,0.6322517762625293,0.6804478001748139,0.7365725407598843,37.81280753545188,28.70283001341808,45.22521059271374,3421.804,3499.9469999999997,2988.8171500000003
2024-12-28,3333.51,3428.68,3322.23,3404.0,175963.613,0.00029336,0.00026472666666666665,0.0002507578571428572,0.00040354766666666667,2.783290199284297e-05,5.1101923669714103e-05,0.00023019775724187773,1.045644767402411,0.3422720402799139,-0.6689807066165423,0.5318014110979893,0.691085554038432,0.735491611422101,56.42778128942893,33.104332891241924,44.38555986982434,3399.524,3508.7919999999995,2988.3505
2024-12-29,3404.01,3413.78,3326.17,3356.48,156256.8819,0.00020572,0.00024561666666666663,0.00024444928571428577,0.00039862033333333335,4.434377107715735e-05,5.079837784571724e-05,0.00023287157007276775,-0.2867525213155642,-1.1185876164163202,-1.0309053262738144,0.48394913223321095,0.6218719592780764,0.7368158500445222,57.51505023448114,27.491539857885655,43.525480983717586,3393.471,3513.3974,2987.3323
2024-12-30,3356.48,3437.59,3305.0,3361.84,420794.6476,0.00030000000000000003,0.00026636,0.0002454050000000001,0.000390533,5.262061953274457e-05,5.176938711541513e-05,0.00023190915236952951,1.0193224552302544,0.7955165549145378,-0.6302899898221594,0.4848277090091637,0.6171863767265461,0.7222574489062266,41.60185979567397,26.29172868379088,44.69277744265488,3382.4339999999997,3516.97,2986.7945
2024-12-31,3361.83,3451.0,3315.59,3337.78,303053.1685,0.00028514,0.00026362,0.0002443435714285715,0.000386483,5.069035805762157e-05,5.0705322222093866e-05,0.00023267781243820716,0.5071120718484048,0.5142632652052728,-0.6918912819948511,0.2508734004379995,0.5585282123534532,0.722622017594965,25.312956726130423,27.74932474128667,44.77463698327938,3382.3200000000006,3516.2938,2986.0744
2025-01-01,3337.78,3374.85,3313.88,3360.38,190238.5861,0.00030000000000000003,0.0002950466666666667,0.00024573928571428575,0.0003652083333333334,8.579425000720808e-06,5.202762246584566e-05,0.00020840073686219927,0.5755000068951399,0.8191304034555428,-0.6287926959791864,0.25672796113132823,0.5549362872941054,0.7220461253129286,29.518469656930122,36.73286456979519,40.24582594407104,3390.175,3518.6254,2985.0326
2025-01-02,3360.39,3509.99,3354.5,3455.67,338632.8874,0.00030000000000000003,0.0002950466666666667,0.0002522285714285715,0.00035005833333333336,8.579425000720808e-06,5.277328372124776e-05,0.00019522874263871548,0.5321326576594881,0.8191304034555428,-0.6287926959791862,0.30714019970194983,0.5724344156840824,0.7225166588158182,72.59986509761366,52.17298439669832,43.382798851333774,3393.489,3523.9956,2984.1889
2025-01-03,3455.68,3630.0,3423.44,3609.01,334041.0604,0.00030000000000000003,0.00030000000000000003,0.00025222857142857146,0.00034190066666666666,0.0,5.277328372124776e-05,0.00019189849595882533,0.4465416590974529,0.8191304034555428,-0.6287926959791864,0.39549828964039585,0.609892875996701,0.7243785250459296,82.90259399021156,56.92517971035772,41.9769346646317,3405.072,3534.9994,2984.6766500000003
2025-01-04,3609.0,3671.6,3572.42,3656.88,229266.3133,0.00030000000000000003,0.00030000000000000003,0.0002548342857142858,0.00031713033333333337,0.0,5.425354277182966e-05,0.00013890954686494647,0.4465416590974611,0.8090944337329297,-0.6287926959791862,0.3727177320964521,0.603370215105543,0.7245047218909355,81.92606807378714,67.61980759842326,43.14420326157619,3421.06,3546.3368,2985.54395
2025-01-05,3656.88,3675.25,3593.7,3635.99,155444.1741,0.00030000000000000003,0.00030000000000000003,0.00025814142857142865,0.000305069,0.0,5.5574166779042854e-05,0.0001227113834572606,0.0,0.7879284507394458,-0.6292803756021165,0.3642856475378088,0.6014323584086863,0.6708109086643574,87.83194824162447,70.44614816171874,42.6006913738567,3451.154,3556.3992000000003,2985.92135
2025-01-06,3636.0,3744.83,3610.63,3687.45,329642.3648,0.00030000000000000003,0.00030000000000000003,0.0002654571428571429,0.00028907300000000004,0.0,5.3698246702282355e-05,8.378718399032932e-05,0.0,0.7879284507394458,-0.6246728441459235,0.35039722130103673,0.6000444217479856,0.6558790872549605,89.18196914619996,67.05113021974424,49.45374280736659,3486.548,3568.6282,2986.7932
2025-01-07,3687.44,3700.86,3356.31,3381.31,541543.2874,0.00030000000000000003,0.00030000000000000003,0.0002719728571428572,0.0002779466666666667,0.0,5.179253665100167e-05,5.2903361560137276e-05,0.0,0.7590580545310508,-0.6246728441459235,0.9411207507766028,0.6372513482992336,0.6911578588661897,53.120027523277,44.47462783868673,45.00020247008463,3484.279,3572.0984,2986.1072500000005
2025-01-08,3381.31,3415.1,3208.2,3327.29,584749.9627,0.00029658,0.00029886,0.0002844014285714286,0.00027326833333333333,1.974537923067944e-06,2.9084470309513063e-05,4.377808498218518e-05,-1.7772344496564432,0.616331308950709,-0.6388306228237586,0.7908524757906376,0.5889874305431725,0.6801806361003312,47.73048380676065,42.01387254942559,39.12653666437802,3481.3599999999997,3576.4954,2985.2649499999998
2025-01-09,3327.29,3357.27,3158.0,3219.2,501818.4247,0.00026609,0.00028755666666666665,0.0002846185714285715,0.000272138,1.8669157274581146e-05,2.8923703576298158e-05,4.3500978141935226e-05,-1.7787478754874755,0.02888736132750018,-0.7502490473341685,0.7301435624201027,0.598420250916648,0.683930512725525,34.0612825386233,44.257289301692346,36.073583517249645,3467.096,3579.48,2984.2564
2025-01-10,3219.2,3322.49,3193.97,3267.04,454142.1333,0.00023735,0.0002666733333333333,0.0002845885714285715,0.0002700496666666667,2.961930845484401e-05,2.897620346130771e-05,4.3620936801793256e-05,-1.53474607284933,-0.5342804956987801,-0.8427916300741104,0.7985050052848185,0.58128757211886,0.6697521935361774,23.128663701629407,46.84967345036769,36.676662918029606,3460.022,3577.7045999999996,2983.8279500000003
2025-01-11,3267.05,3320.18,3217.56,3282.83,151679.7487,0.00022224,0.00024189333333333334,0.0002795085714285715,0.00026745766666666667,2.227525607806494e-05,3.324059331531498e-05,4.408768126347964e-05,-1.2163150789379507,-0.7984817840700023,-0.9201390132746621,0.7642629290164248,0.5771333010185553,0.6629956318582696,19.04738261917923,43.94313535339306,37.65933668877755,3452.267,3576.8056,2983.26755
2025-01-12,3282.83,3300.0,3224.49,3267.3,164879.9709,0.00028134000000000004,0.0002469766666666667,0.0002849100000000001,0.00026683566666666663,3.070353454153663e-05,2.5591955466777433e-05,4.3743017072882026e-05,0.6717215018826457,0.3240791450829211,-0.6228937810603329,0.3546138148685017,0.5455201555217138,0.6616145726645861,19.2178603035493,45.39492708714055,35.00613374596408,3433.4300000000003,3574.2734,2982.74685
2025-01-13,3267.3,3339.0,2920.0,3137.51,845907.5669,0.00022745,0.00024367666666666668,0.00027972785714285725,0.00026441733333333335,3.2721262710099626e-05,2.9368095503702708e-05,4.385163166331436e-05,-0.7577120741355958,-0.8524206812636075,-0.8638855942566487,0.45884157181388285,0.5586853520268987,0.6613960841359083,9.396042528047005,39.73515388341314,32.38820526650592,3386.28,3569.7996000000003,2981.1821999999997
2025-01-14,3137.51,3256.67,3125.65,3225.63,374308.4517,0.00020527000000000002,0.00023802000000000003,0.00027402285714285725,0.0002614583333333333,3.9121028872079315e-05,3.537853356713277e-05,4.47692307423204e-05,-1.0321716035827362,-1.875623828118387,-0.9475622339171869,0.49385599903893224,0.5758938054954116,0.6644025251977982,33.048042162064704,45.15245035740621,36.121924439744326,3343.1549999999997,3566.0224000000003,2980.4095999999995
2025-01-15,3225.63,3473.75,3186.36,3451.52,464188.034,0.0001587,0.00019713999999999997,0.00026393000000000006,0.00025719433333333335,3.50886491619491e-05,4.5968013126165286e-05,4.8246833498566795e-05,-1.3658492112576435,-2.4822734271682823,-1.1309608653056937,0.7662251194735691,0.617743896059117,0.683975501148166,59.84311861177104,53.3505874740271,46.29291237325955,3324.708,3568.5582,2980.7732
2025-01-16,3451.51,3460.79,3265.44,3308.05,471282.6787,0.00023586,0.00019994333333333333,0.00025934857142857146,0.00025505633333333335,3.885481222890757e-05,4.528778420060157e-05,4.770261638762207e-05,0.31544016334105573,-0.6914737375672912,-0.7639362035411704,0.8963565790929857,0.6459920327256446,0.6908830556087013,56.66611647128784,44.75870590235851,47.6290364696086,3286.768,3561.6535999999996,2980.1226500000002
2025-01-17,3308.04,3525.72,3307.5,3473.63,518550.1813,0.00030000000000000003,0.00023152,0.0002593485714285715,0.0002557076666666667,7.074990600707618e-05,4.528778420060157e-05,4.819232609412583e-05,1.4523951775391513,0.7799368020134768,-0.4493485164181716,0.9755568042853476,0.6740791389876065,0.6935986850320813,63.172526365400095,45.234709393963065,50.0294828459085,3296.0,3559.5503999999996,2980.2798000000003
2025-01-18,3473.64,3494.39,3227.0,3307.71,634197.1281,0.00030000000000000003,0.00027862,0.0002593485714285715,0.000258736,3.703124626595468e-05,4.528778420060157e-05,4.8019959542647584e-05,0.9791148982532178,0.700805399692806,-0.42352143333672865,1.018764157139677,0.7048355833385206,0.6999283585740481,51.33147811191702,38.6524799646064,49.36066305851819,3294.042,3553.8603999999996,2979.7115999999996
2025-01-19,3307.71,3448.99,3130.48,3215.12,1342301.5217,0.00030000000000000003,0.00030000000000000003,0.0002593485714285715,0.000258736,0.0,4.528778420060157e-05,4.8019959542647584e-05,0.6570188774570455,0.7008053996928048,-0.40788548359757754,1.0450648244233032,0.7145085547220438,0.7029638111346892,47.42030533140206,36.93137005269327,48.65303617069905,3293.6340000000005,3544.0908,2979.3098
2025-01-20,3215.2,3453.69,3142.78,3284.0,1158354.7814,0.00030000000000000003,0.00030000000000000003,0.00025934857142857146,0.00025995200000000003,0.0,4.528778420060157e-05,4.8603622073004445e-05,0.44705774088566747,0.6764808156647077,-0.39938086693525976,0.8186113541947654,0.7209872487950459,0.6693869972248273,57.706349623819875,37.60636500472912,47.119347553896276,3295.3300000000004,3535.6186000000002,2980.4313
2025-01-21,3283.99,3368.0,3204.6,3327.54,548706.0513,0.00030000000000000003,0.00030000000000000003,0.0002593485714285715,0.00026149533333333336,0.0,4.528778420060157e-05,4.913049082993331e-05,0.0,0.6764808156647077,-0.3714402184964324,0.7523438459202415,0.7228009532427814,0.669899367313708,55.62497930162281,48.03047507412385,46.51633310613775,3299.8010000000004,3529.301,2982.1601
2025-01-22,3327.55,3365.99,3222.85,3242.6,349240.7498,0.00030000000000000003,0.00030000000000000003,0.00025959285714285724,0.00026490933333333334,0.0,4.551272694844569e-05,4.8083306439508555e-05,0.0,0.6764808156647077,-0.3425405318598647,0.5688074330257473,0.7186568862977553,0.6710378283466016,36.34366992623353,46.966625357231344,44.82611348378055,3297.3309999999997,3521.8628,2983.03895
2025-01-23,3242.61,3347.97,3185.0,3338.21,605592.7225,0.00030000000000000003,0.00030000000000000003,0.0002620150000000001,0.00026795000000000003,0.0,4.677005744143351e-05,4.728913617306592e-05,0.0,0.6764808156647077,-0.3135837757807058,0.5166387953326408,0.7032238179520061,0.674644514478603,52.103031824343184,54.30107915483595,50.0660490936475,3317.4010000000003,3511.8709999999996,2985.075
2025-01-24,3338.22,3428.0,3275.9,3310.09,451524.2752,0.00030000000000000003,0.00030000000000000003,0.0002664900000000001,0.000273864,0.0,4.722355735465986e-05,3.881748331653234e-05,0.0,0.6764808156647091,-0.2848802083626195,0.4312345778449724,0.6991933569246197,0.6737674777585245,35.89199447890766,51.57834532210549,49.515863631420224,3325.847,3502.3688,2986.5304000000006
2025-01-25,3310.1,3350.68,3268.66,3318.77,208559.0415,0.00022379,0.0002745966666666667,0.00026660071428571437,0.00027255533333333333,4.399986401505286e-05,4.7113523040574916e-05,3.984288018710466e-05,-1.7883296704526688,-1.0267903109181968,-0.6823247804833212,0.39878391411091035,0.6999310447617876,0.6706070310629054,51.30930959362648,51.32457653349267,48.19192763462006,3312.572,3488.7668,2987.7909999999997
2025-01-26,3318.76,3362.0,3230.0,3232.61,272165.469,0.00023237,0.00025205333333333334,0.00026310285714285726,0.00027237533333333337,4.174405626365629e-05,4.7748618897215e-05,4.001726676742192e-05,-0.9833792142207497,-0.7475028573580578,-0.60917233791417,0.4394000233900631,0.7005422240065138,0.6304857227979188,52.10251725041122,48.784759929609045,47.41460278759011,3305.028,3473.4945999999995,2988.4488
2025-01-27,3232.61,3253.91,3020.01,3182.44,753004.7529,6.715e-05,0.00017443666666666668,0.00025165285714285723,0.000264835,9.301196553854694e-05,7.067262492849515e-05,5.458667576143852e-05,-1.6550564004980655,-3.063804216711181,-1.4834150869147007,0.4040711937631474,0.6035451294902916,0.6297006880766637,37.21615225812887,51.6669511081553,46.324342930146244,3275.909,3457.0604,2988.86315
2025-01-28,3182.44,3223.01,3040.03,3077.72,350959.7173,0.0001995,0.00016633999999999998,0.00025124071428571436,0.0002646276666666667,8.74591407458967e-05,7.098007948758561e-05,5.483022050447615e-05,-0.05928082765417787,-0.7959230865891406,-0.7306371617817579,0.2725963264112476,0.6152076237628963,0.6342861586077941,22.75087260031428,44.579152220555734,44.842207977610194,3252.91,3444.3747999999996,2988.5823499999997
2025-01-29,3077.72,3182.52,3054.06,3113.9,409737.2576,0.00025253,0.00017305999999999997,0.0002579428571428572,0.0002630453333333333,9.547639132272712e-05,6.581164748775858e-05,5.445791717448682e-05,0.776462978682066,0.08830283909653143,-0.4149361517373526,0.3641126002757221,0.6040933587359163,0.6298866462417666,34.29108485493606,35.62780956268742,45.137732677826904,3242.788,3434.0878,2988.2722
2025-01-30,3113.9,3283.43,3091.06,3247.39,350639.4823,0.00019342,0.00021515,0.00025491142857142864,0.000259988,3.251445678479381e-05,6.785286172265759e-05,5.573439836738228e-05,0.06123055137148024,-0.8346558888124082,-0.7233307278287763,0.5934919640285442,0.6289864231996553,0.6394843585035478,39.85296746507887,47.39562760817946,45.95230136576649,3239.127,3422.3994000000002,2988.28375
2025-01-31,3247.38,3437.31,3213.8,3300.99,648681.6561,0.00027384,0.00023993,0.0002530428571428572,0.00025911600000000004,4.166430246638061e-05,6.686874093538592e-05,5.528966914783909e-05,0.9518184645557275,0.42486291490645095,-0.23897859125475865,0.5605187577640567,0.6327176019436055,0.6399359284706188,49.03805496821491,41.79935398056381,43.772542740177194,3236.472,3410.7870000000003,2987.37175
2025-02-01,3300.99,3331.98,3101.7,3117.54,354065.2525,0.00021747,0.0002282433333333333,0.0002471478571428572,0.00025636500000000004,4.1278234377737935e-05,6.604340719189545e-05,5.5238456665825945e-05,-0.2845992153272967,-0.4361833594659821,-0.5720088754980266,0.7683962568262667,0.6786900094674061,0.6542932451412898,34.46748074158401,41.11463093263663,39.66250872090995,3223.966,3395.0018,2985.7388
2025-02-02,3117.54,3163.2,2750.71,2869.68,1050805.93,0.00020209,0.0002311333333333333,0.0002401542857142858,0.00025310133333333336,3.777605899698174e-05,6.519475683426793e-05,5.5463421480229537e-05,-0.7533902924784655,-0.6583700865485896,-0.6488870430225687,1.0163095020197581,0.7452293688467521,0.6647340956301362,27.582245172743512,35.90501060873979,36.487835154762024,3177.113,3374.9895999999994,2983.15195
2025-02-03,2869.68,2921.0,2125.01,2879.9,2807979.021,-0.00038541,1.1383333333333311e-05,0.00019119642857142865,0.00023025433333333332,0.0003437191413543112,0.00017747103627643255,0.00012852575458216235,-1.7770138172186332,-3.892483338341424,-4.716848412461544,0.9997973344478823,0.7322379201868733,0.6646658638269571,30.34229129844418,32.682517098885995,35.55051370778612,3134.094,3353.4057999999995,2980.41895
2025-02-04,2879.89,2888.5,2632.6,2731.19,1259594.3919,-0.00017759999999999998,-0.00012030666666666668,0.00015708214285714296,0.00021433433333333332,0.00029791098844008073,0.0001994853376211444,0.00014773281163063778,-0.6987870136463246,-2.116743829545319,-3.0749500025387104,0.8122584742710043,0.6796147902459079,0.6582024972547479,28.701552531597557,26.556910473196083,37.67292640005708,3075.3360000000002,3328.3048,2976.5572500000003
2025-02-05,2731.19,2826.95,2699.13,2788.25,686593.0429,-4.9789999999999996e-05,-0.00020426666666666668,0.0001320971428571429,0.00020267466666666669,0.00016939164511080973,0.00020209637181032919,0.0001543919271101188,-0.04343212558860523,-1.256262945782053,-2.263150246237411,0.837370703227564,0.6782500443013724,0.6614405103119304,30.485744076485403,31.738784434423266,39.79090909086689,3030.9,3306.2095999999997,2972.9110000000005
2025-02-06,2788.25,2857.64,2655.28,2686.64,719459.9571,-3.3430000000000003e-05,-8.694000000000003e-05,0.00010828071428571436,0.00019156033333333336,7.893883138235799e-05,0.00020042743158115215,0.0001590745312734872,0.2575364877748904,-1.0556852209555754,-2.1394280139046185,0.80302215926296,0.6366654577520505,0.6655408165673605,15.062740651193707,23.93782549216138,39.88881800779501,2981.3199999999997,3287.4064000000003,2968.6645999999996
2025-02-07,2686.63,2797.5,2562.51,2622.1,695467.3612,4.147e-05,-1.3916666666666702e-05,8.981428571428579e-05,0.00018305666666666669,4.865875597819125e-05,0.00019318350792462468,0.00016008242444467955,0.9695087947150066,-0.5928881536640163,-1.4942786783122624,0.5725394103382438,0.6182672547231228,0.6442474144653977,8.27094474152588,23.260134478578593,37.8323309007909,2935.7580000000003,3271.5082,2964.5771000000004
2025-02-08,2622.11,2667.3,2588.8,2632.46,379685.1509,0.00014568,5.123999999999996e-05,8.423500000000006e-05,0.000179043,8.995380870208537e-05,0.00019012019852834971,0.00015943697176798829,1.343742997503266,0.0028482520430556857,-0.639167975704162,0.5738838455432719,0.6168405313886303,0.6432524828811166,12.124430008107225,23.36021985356082,37.70469489066975,2887.614,3254.7132,2960.32685
2025-02-09,2632.46,2698.9,2520.02,2627.18,387166.7911,0.00010135,9.616666666666664e-05,7.487642857142864e-05,0.00017450966666666666,5.229800410478763e-05,0.0001854343660625789,0.00015965525939224098,0.7156889546484764,-0.18691058206161887,-0.9624511495660503,0.4393077396107802,0.6020857165387885,0.6255319810622657,19.518326713224283,24.925243321569766,37.85138961636339,2825.593,3240.4783999999995,2956.7837000000004
2025-02-10,2627.18,2693.79,2559.85,2661.19,398173.2716,0.00013381,0.00012694666666666663,7.963785714285722e-05,0.00017156200000000002,2.2948120475197196e-05,0.0001860754240863061,0.00015955994113983082,0.7556081872480976,0.03896607246371857,-0.6815800321007683,0.3960897919902631,0.6018474582469536,0.6255224260556921,24.06006119976084,28.118781955990443,40.61904236709506,2761.6130000000003,3228.0656,2954.2122499999996
2025-02-11,2661.19,2725.04,2558.24,2602.59,484196.1435,2.452e-05,8.655999999999996e-05,6.713928571428578e-05,0.00016300133333333334,5.612605544674519e-05,0.00018326040104658662,0.0001603545059468732,-1.1942392825123946,-0.5106725399653144,-1.4902644554083144,0.3124728724030429,0.6003577341903957,0.6259111060643576,30.600977493448966,29.251421434587,37.585085523861714,2710.118,3211.6668,2950.8521499999997
2025-02-12,2602.59,2795.45,2546.92,2738.27,646295.8959,0.00017908,0.00011246999999999997,6.189285714285722e-05,0.000161389,7.945907814725094e-05,0.00017853517776309129,0.00015992674660065585,1.0603206071920592,0.4266757102841475,-0.26559277345726134,0.5133111931239289,0.63447332606898,0.6417679469303366,43.90606710878186,34.90803313856591,35.257520576388586,2696.977,3196.5686000000005,2948.29845
2025-02-13,2738.27,2757.28,2612.76,2675.87,443769.2853,0.00020567,0.00013642333333333328,6.276785714285721e-05,0.00016140233333333334,9.781883271305224e-05,0.0001792579329508786,0.00015993054780731714,1.083302943146477,0.6286860937464468,-0.045390675435674446,0.5830723197142871,0.6368922884097264,0.6391329402604982,48.54800873612322,25.646423153593986,36.48009375690681,2676.5739999999996,3180.146,2945.327
2025-02-14,2675.87,2791.78,2664.46,2725.95,419895.7862,0.00016314999999999998,0.00018263333333333326,5.486142857142864e-05,0.0001615506666666667,2.1481555654648846e-05,0.00017150560595713123,0.00015993001865972589,0.31174329354567853,0.3926719286332693,-0.3649147493961271,0.5924558267915248,0.6468137311560012,0.6412960961268941,64.56889537317919,25.42270015212455,33.17899984697456,2676.05,3167.9639999999995,2942.3684500000004
2025-02-15,2725.95,2739.0,2662.28,2693.04,202971.4295,9.051e-05,0.00015310999999999995,4.5792857142857205e-05,0.00015670566666666668,5.823278801509204e-05,0.00016549742612120805,0.0001598028304242566,-0.5687544460917203,-0.010915768008146703,-0.9083406216281165,0.6096261887214632,0.6427048509952694,0.6399981454292732,57.992928013403535,29.177294666992864,35.291105314748464,2666.529,3155.1546000000003,2939.4376
2025-02-16,2693.04,2727.31,2651.26,2661.41,191231.5314,0.00013579,0.0001298166666666666,4.105714285714292e-05,0.000151232,3.6686549760697606e-05,0.00016158324496291286,0.00015752140107254178,-0.4329239710387213,0.2512715222814142,-0.5331374707318627,0.5767220910733133,0.642167806171014,0.6193129598658398,54.222693740499984,37.03320922928708,36.35167045432723,2664.0060000000003,3140.3028000000004,2936.5809500000005
2025-02-17,2661.41,2849.7,2637.71,2744.05,639739.8197,0.00019259,0.00013962999999999996,8.234285714285721e-05,0.0001476516666666667,5.1148223820683564e-05,0.00010977029361551843,0.00015522739324733348,0.7582377113492158,0.6101615987594331,-0.08352648349635265,0.4373852377151232,0.653369933865081,0.6101520282701373,59.126756840019866,42.241664858129404,36.780511690486975,2676.201,3128.0542,2934.2842000000005
2025-02-18,2744.05,2756.93,2605.44,2671.99,604863.8737,8.588000000000001e-05,0.0001380866666666666,0.00010116285714285721,0.00014051433333333335,5.3392059646955784e-05,8.044456021465643e-05,0.00015288583109475745,-1.0351221190953763,-0.007253200075142205,-0.8942676091670607,0.45549977192374225,0.6542331565246268,0.6107060730735834,57.42404792460373,46.294719975884604,34.17134689024098,2680.154,3114.2572000000005,2932.6961000000006
2025-02-19,2672.0,2736.7,2656.03,2715.5,326154.0202,0.00015422,0.00014422999999999997,0.00011573500000000007,0.00013565500000000001,5.405188340854284e-05,6.860291928637615e-05,0.00014993010060436777,0.5003995992674417,0.4495940033824301,-0.34305387225754536,0.4468592376803589,0.6252615863892382,0.6064394349278509,46.96586093853671,45.36807120746774,37.013019011056,2688.986,3101.8116000000005,2931.7554000000005
2025-02-20,2715.51,2770.59,2707.18,2738.04,336735.2544,0.00011826999999999999,0.00011945666666666663,0.00012657071428571435,0.00012959733333333333,3.418545060905608e-05,5.356170998363769e-05,0.00014669745036762657,-0.47869022870049743,0.27776597917789125,-0.6073337825699372,0.4332590020419734,0.6198936659324394,0.606111923384993,59.268867221154274,53.63898957850717,34.66034852034892,2696.671,3089.3648,2932.0009999999997
2025-02-21,2738.04,2845.32,2616.72,2663.0,890440.0604,0.00014426,0.00013891666666666664,0.0001339128571428572,0.000124406,1.8561089228385267e-05,4.772615674198316e-05,0.00014317261623164926,0.13054431305378014,0.4878024330621114,-0.3955540762160318,0.5004473409310761,0.5882381891191075,0.5984470600620999,41.26495157208984,52.853196417007574,33.848511623912486,2702.712,3073.5113999999994,2933.21805
2025-02-22,2663.0,2798.07,2653.33,2763.22,444989.6669,5.237e-05,0.00010496666666666661,0.0001272478571428572,0.00011615166666666667,4.736746809091985e-05,5.225682085452448e-05,0.00013979855642988403,-1.3917270061326028,-0.09704147525383973,-1.085236634875182,0.5373860045129369,0.5127196215519322,0.6040080374212404,58.20549995313638,58.10562856424329,36.739341108351496,2705.207,3056.5956,2934.7275
2025-02-23,2763.23,2857.34,2745.41,2819.69,611002.1222,0.00013735,0.00011132666666666663,0.0001298192857142858,0.00011073,5.117473432607411e-05,5.176787100778836e-05,0.00013551088270330496,0.39430850897818526,0.47820436375807623,-0.4273072821814015,0.4577805386538603,0.5210035764287213,0.6068257946468602,67.49027581319119,61.221277935059035,40.002130709278276,2719.589,3039.8518,2937.11195
2025-02-24,2819.7,2839.95,2470.33,2513.52,876876.3707,0.00011133,0.00010034999999999996,0.0001282135714285715,0.00010698133333333333,4.3541019740137105e-05,5.1982758622005965e-05,0.0001338203893987944,-0.03815138803139141,0.06637208349084012,-0.6096285009300506,1.1554826512976517,0.6819494852774738,0.657718898513323,32.94921672752909,43.465640072515725,35.59008030878415,2698.346,3017.4024,2936.2670500000004
2025-02-25,2513.52,2533.49,2313.49,2495.7,1322016.8718,-2.0499999999999956e-06,8.220999999999997e-05,0.00012631571428571434,9.916733333333334e-05,7.412199943344169e-05,5.636045309013368e-05,0.0001330883499637978,-1.4558394333172164,-1.7179642554714265,-1.435329732144896,1.133937407108327,0.6727841421032114,0.6576575415356553,35.823536034184556,45.093052507814996,36.97440625918541,2678.612,2993.5674,2935.7516499999997
2025-02-26,2495.69,2507.5,2253.77,2336.37,863087.2133,0.00011396,7.44133333333333e-05,0.00012166428571428577,0.00010072766666666667,6.623224466484974e-05,5.432112603825152e-05,0.00013297438593598334,0.5525644431624002,-0.04520238820452375,-0.5277521378898647,1.2069479382229664,0.709104531513484,0.6713892019303536,24.299407529905494,31.942272784417327,33.50796889644727,2646.1079999999997,2972.6686,2934.3838999999994
2025-02-27,2336.38,2381.6,2230.57,2307.72,637583.9106,0.00023542,0.00011577666666666662,0.00012378928571428577,0.00010192500000000001,0.00011874542278902474,5.829657945687127e-05,0.0001340517752200602,1.3736009798271744,1.8710869032989677,0.3994168284558191,1.0326530983344029,0.7053168172813841,0.6712792003402446,21.068979427168543,32.94132910742944,29.14115740634351,2602.475,2952.2771999999995,2933.1456000000007
2025-02-28,2307.72,2314.18,2076.26,2237.59,1291539.0557,6.564e-05,0.00013833999999999995,0.00011682428571428577,9.569533333333333e-05,8.747628478628223e-05,5.905232473950976e-05,0.00013112207362324136,-0.4517794195204082,-0.9464347342883479,-0.8714704404202271,0.8557872591968734,0.7111724357356174,0.6737030731270588,21.209003911781636,27.784045418117344,26.56656294895754,2559.0350000000003,2932.6449999999995,2930.7220500000003
2025-03-01,2237.59,2281.14,2142.73,2217.39,446430.7271,2.8630000000000002e-05,0.00010989666666666663,0.00011240428571428577,9.020233333333334e-05,0.0001102701928598308,6.333402448242574e-05,0.00013033635591680668,-0.6422804626030333,-1.4231404752690087,-1.11651956707024,0.4725278081913448,0.710644997675725,0.6737260206110434,8.572035763611012,28.10909325205094,28.626177145179994,2509.2239999999997,2911.652,2928.2968
2025-03-02,2217.4,2550.58,2172.04,2518.11,1266684.7748,0.00015496,8.307666666666664e-05,0.00011377357142857149,8.623966666666667e-05,6.494494001340259e-05,6.408133684946993e-05,0.00012630547064031907,0.43800115933088385,0.5562574015660549,-0.13611112186537724,1.4070786701318792,0.9150090044115805,0.7498979567041144,33.301588004669554,44.714127628135316,41.85648965291363,2487.231,2896.3575999999994,2927.5801
2025-03-03,2518.12,2523.56,2097.91,2149.01,1109565.2003,2.898e-05,7.085666666666663e-05,0.00010208714285714292,7.995666666666667e-05,7.283583344305565e-05,6.351821924315726e-05,0.00012422339052697487,-0.8162897074122036,-1.4355753897516745,-1.0674939435568334,1.9362639482864807,1.130506980795574,0.8356134627363176,31.13204617213958,31.880191965672353,35.48364032139436,2435.832,2873.9918,2925.4757
2025-03-04,2149.02,2221.88,1993.2,2171.51,1257822.3372,-7.866000000000001e-05,3.509333333333329e-05,9.033428571428577e-05,7.059833333333334e-05,0.00011692991804215372,7.98664160394505e-05,0.00012527589079452646,-1.4118777754093488,-2.4545783081285983,-1.8079521925642292,1.9506667490429268,1.1018553697828106,0.8269911208003535,33.30002163540867,34.28535543830196,38.297382969602964,2376.661,2854.6718,2923.3696
2025-03-05,2171.5,2273.51,2155.03,2241.59,687130.7897,0.00016102,3.7113333333333295e-05,9.082000000000006e-05,8.881266666666667e-05,0.0001200468197552304,8.030430594833468e-05,9.19908232279463e-05,1.0152981958502694,0.7701580213902839,0.011279592585359058,1.9691986776618278,1.1157023311799528,0.8312598167795451,44.623204520148825,35.3638424430042,38.631523782542736,2318.851,2834.991,2921.505
2025-03-06,2241.59,2319.99,2176.9,2202.2,596908.3935,2.773e-05,3.669666666666663e-05,8.43528571428572e-05,9.565700000000001e-05,0.0001200913253875765,8.155954440477247e-05,7.807093843816052e-05,-0.30901303679947556,-0.9519688400337438,-0.9673927146208688,1.9743644808479728,1.1093338760151976,0.8315697938398777,44.085997399418396,33.62166986584889,39.65782260056915,2287.719,2810.0046,2919.4552499999995
2025-03-07,2202.21,2258.47,2101.82,2141.6,782387.2606,6.028e-05,8.300999999999997e-05,7.835428571428577e-05,9.9326e-05,6.949133543119694e-05,7.988566220775277e-05,7.344947287898848e-05,0.2380019840258944,-0.48684383523482166,-0.6940352440079628,1.4196625203628541,1.1117769527678083,0.8310134460690085,44.56202766853102,33.92110424450314,39.72465057391784,2252.309,2786.6756,2916.98145
2025-03-08,2141.6,2234.93,2105.06,2203.58,328793.0979,0.00013721,7.50733333333333e-05,8.441428571428578e-05,0.00010501400000000001,5.6219210536475106e-05,8.097341868825537e-05,6.930451757177487e-05,0.7931554681182374,0.5488455497280946,-0.0857031912374001,0.5142814282874562,1.12480992180804,0.8128262876045089,49.25300474914323,32.32499968414339,41.026638881169134,2239.0299999999997,2761.2746,2915.1352500000003
2025-03-09,2203.57,2212.0,1989.66,2020.41,601671.5882,0.00010495,0.00010081333333333328,8.210000000000006e-05,0.00010713,3.863146688056693e-05,7.979857903109665e-05,6.825868872313094e-05,0.12294400166424208,0.1817716175836773,-0.3139038846634908,0.9264772510996551,1.1559080148494474,0.836013156560729,19.156689224345683,26.62705282363423,38.18423994107138,2210.299,2735.5286000000006,2912.08375
2025-03-10,2020.43,2152.4,1810.01,1865.1,1248745.3514,1.7589999999999996e-05,8.65833333333333e-05,7.540428571428577e-05,0.00010286033333333334,6.188890799928882e-05,8.107976260013498e-05,6.975390645259e-05,-1.0205417143410518,-0.9777773676342296,-0.9643423895982302,0.9099554685202539,1.1879801772519374,0.8524620238517965,26.062762423455382,29.203710118127958,35.1968998820726,2173.05,2708.5281999999993,2908.2948499999998
2025-03-11,1865.11,1963.2,1754.28,1923.43,1171427.9995,5.681000000000001e-05,5.9783333333333293e-05,7.960857142857148e-05,0.00010137566666666667,4.3755833135076035e-05,7.823051714762194e-05,7.025933280416437e-05,-0.3999164033915926,-0.378438769428845,-0.635137236086233,1.081001064729513,1.1976685896027306,0.8561492434180874,30.27541901214707,32.11086033670425,37.369916612697544,2143.654,2681.3168,2904.0995999999996
2025-03-12,1923.42,1960.0,1829.72,1908.2,788739.6763,-6.34e-06,2.2686666666666634e-05,7.101571428571434e-05,9.670399999999999e-05,3.188201112453337e-05,8.073393869458116e-05,7.264718385026135e-05,-1.1487213931398579,-1.1406613740333096,-1.0924143017222305,1.092973449090276,1.1930279665680634,0.855468672229136,20.95956516434441,35.290197129257876,33.839522468920094,2082.663,2652.93,2899.8006
2025-03-13,1908.2,1923.09,1821.81,1864.59,569537.2622,7.144e-05,4.063666666666663e-05,5.93028571428572e-05,9.8268e-05,4.1335392018762175e-05,6.550650683222345e-05,7.153613586004957e-05,0.5123837013391505,-0.034658669193775644,-0.46476006382442525,0.9501927822741141,1.1924626087152679,0.8560977104594016,20.806599450020656,34.931138844459554,34.08893003110691,2054.221,2625.3698,2895.3929
2025-03-14,1864.59,1945.64,1861.31,1911.65,375805.7355,0.00015962,7.490666666666662e-05,6.601571428571435e-05,9.761933333333332e-05,8.303429251426494e-05,7.080679408015595e-05,7.086315340061733e-05,1.5647781089994672,1.08337880985889,0.23752179894704004,0.8518705784322674,1.182927023314777,0.856570027783113,29.639271104463106,38.739566635306076,34.010760288998114,2028.235,2596.8386,2891.5487
2025-03-15,1911.64,1957.19,1903.75,1937.17,209545.8675,9.619e-05,0.0001090833333333333,7.084142857142864e-05,9.397000000000001e-05,4.5481937440529995e-05,7.036366947804181e-05,6.786232924847805e-05,0.34205550617858477,0.25961310039126123,-0.24904322474356574,0.4331093206955866,1.178920513397524,0.8535556378517084,24.782765083358896,40.35453669278777,35.11486760583918,1997.7930000000001,2569.3802,2888.9479000000006
2025-03-16,1937.18,1940.87,1860.38,1887.0,324766.6564,-8.365e-05,5.7386666666666644e-05,5.37978571428572e-05,8.574333333333333e-05,0.00012619170825907953,7.700574336007052e-05,7.387926470950645e-05,-1.3892620999728849,-1.8700492091755607,-1.6032251580034103,0.4282929789843999,1.0980371498610872,0.8328793541225582,33.12248564121353,23.748596148219093,34.860315536315,1966.2730000000004,2540.7448,2885.7412500000005
2025-03-17,1887.01,1952.4,1879.98,1926.31,334840.4877,0.00011423,4.225666666666663e-05,5.9887142857142915e-05,8.6534e-05,0.00010941081725928539,7.825279787855304e-05,7.405874679297552e-05,0.46086568208737994,0.5133582947001989,-0.057525633610316936,0.4706413525093866,1.1078875805632025,0.8322322206065512,60.960498513617175,37.2343108705522,33.73769996257509,1944.744,2514.6188,2882.7347499999996
2025-03-18,1926.3,1936.2,1872.31,1931.54,332896.0155,0.00010883,4.646999999999996e-05,7.327928571428578e-05,8.563533333333334e-05,0.00011271956706806223,6.810326124170398e-05,7.36026075593424e-05,0.3166726039009125,0.44957651635450546,-0.07602952940985233,0.39028039568989703,1.0833218119306351,0.8200822991078568,51.793216291353374,35.966502532134456,34.87266026252553,1917.5400000000002,2489.6007999999997,2879.76245
2025-03-19,1931.54,2069.9,1927.58,2056.06,691809.5034,0.00021645,0.0001465033333333333,7.72385714285715e-05,8.643066666666668e-05,6.063573313932987e-05,7.487151135902334e-05,7.491539388479433e-05,1.1611320858138054,1.8590021174807976,0.7969928328184912,0.6145708973004791,1.125882325478822,0.8331057008525068,72.04102319465017,39.79965472872489,36.95934187624447,1921.1050000000002,2469.1675999999998,2877.4776999999995
2025-03-20,2056.05,2067.9,1952.17,1983.79,401518.9282,-1.008e-05,0.00010506666666666664,7.45378571428572e-05,8.3232e-05,0.00011331188037158466,7.743284039718266e-05,7.69604090963022e-05,-0.6761043316834373,-0.9823319254331232,-0.987972304323441,0.7516323277374395,1.1281830725118667,0.8344273914428568,66.37002856502292,38.4109263405315,35.37214958124726,1932.9739999999997,2446.5654,2875.26805
2025-03-21,1983.79,1996.73,1937.1,1965.75,262641.659,0.00014597000000000001,0.00011744666666666664,8.065857142857148e-05,8.2957e-05,0.0001159273291046776,7.957616698262055e-05,7.67123431667438e-05,0.37638946865322315,0.8859818303763112,0.30291522025079654,0.6996796499054955,1.1281865735592422,0.8311981772486199,58.07318092269846,40.22784106690046,36.171875309840715,1937.2059999999997,2420.9326,2872.40675
2025-03-22,1965.74,2006.61,1964.34,1980.69,170782.9574,-1.4319999999999995e-05,4.05233333333333e-05,6.983500000000005e-05,7.853733333333333e-05,9.134409687190935e-05,8.157277626095979e-05,7.840841953965762e-05,-1.0319899366987437,-0.988160488003775,-0.9912269711199557,0.6872812051874796,0.9600901496603647,0.8304071378546697,56.70611439829976,36.93049219541029,33.93722930390008,1944.455,2394.5265999999997,2870.18375
2025-03-23,1980.68,2020.74,1976.81,2005.99,268707.5233,7.269999999999999e-05,6.811666666666664e-05,6.753142857142863e-05,7.6152e-05,8.024323169803524e-05,8.095791241389012e-05,7.742236121784222e-05,-0.09441684701057777,0.05961895439722783,-0.23634804525884467,0.6887849489693567,0.7021735865647113,0.8309074318100705,69.85748139231367,48.9623510447462,33.08090889428422,1958.5949999999998,2372.2956,2867.9601499999994
2025-03-24,2005.99,2104.11,1977.67,2081.2,477912.8154,0.00011235,5.690999999999995e-05,7.430000000000006e-05,7.815133333333332e-05,6.479440793780981e-05,8.042079467017319e-05,7.756137283968051e-05,0.7088942029688338,0.47655726949756305,0.13364710489468223,0.5150790700772951,0.7209797823831333,0.8332618124933845,73.08276951491413,67.57653642174803,40.05575695116568,1975.55,2356.526,2866.5221
2025-03-25,2081.2,2097.7,2037.08,2066.15,328765.3292,7.717000000000001e-05,8.740666666666662e-05,7.575428571428577e-05,7.614533333333333e-05,2.1716874391689852e-05,8.026412281328785e-05,7.675150002948427e-05,-0.026776693551652565,0.055471146342839596,-0.14711326807091085,0.3546490157865446,0.704837736812826,0.8332618687330378,69.4900529926487,62.48731319762105,40.10686565783999,1988.4479999999999,2340.251,2865.7267000000006
2025-03-26,2066.16,2079.21,1981.6,2009.52,428975.3286,1.815e-05,6.922333333333329e-05,7.75035714285715e-05,7.303933333333334e-05,4.7600127450927685e-05,7.858666177754472e-05,7.716285303946265e-05,-0.6927638275892263,-0.7704080308678408,-0.6553406170922029,0.45824063845727153,0.7098751940504019,0.834272250136405,41.61260092261703,58.26616192918191,42.09839236063442,2000.7,2325.8176,2864.4064000000003
2025-03-27,2009.52,2037.38,1987.06,2003.66,360634.8383,0.00015096,8.20933333333333e-05,8.318357142857149e-05,7.813966666666666e-05,6.6541742037194e-05,8.095280235630033e-05,7.708523967493029e-05,1.3086057398676898,1.0097624746571003,0.5750063998172362,0.4603869247297111,0.7020854092709642,0.8331538261141307,54.70786144131978,62.09073046880263,42.56744204231852,2008.4350000000002,2310.1258,2862.9382
2025-03-28,2003.67,2015.93,1860.0,1896.9,626167.5832,2.546e-05,6.485666666666663e-05,7.360071428571433e-05,7.518966666666668e-05,7.46571967953833e-05,7.912865750099407e-05,7.736007771465398e-05,-0.9063405854206765,-0.6391418771215619,-0.5753273099209503,0.6451303451465485,0.7194212373505301,0.8409300662951446,38.51542952451389,48.838235062351934,41.81855731494936,2004.971,2294.331,2860.6252000000004
2025-03-29,1896.9,1913.6,1797.2,1828.08,409769.7555,8.323e-05,8.654999999999996e-05,7.267500000000006e-05,7.011666666666666e-05,6.281583637914175e-05,7.891959284368439e-05,7.12382342291431e-05,0.228674954418126,0.1748359594786,-0.025927361960326967,0.4090829719326226,0.6411572752148089,0.8416126520920318,28.422362356078636,41.95631977104195,40.864312834635214,1982.173,2278.4506,2857.823
2025-03-30,1828.09,1849.01,1767.69,1807.74,327843.4476,-1.88e-05,2.99633333333333e-05,7.730714285714291e-05,6.7302e-05,5.1163856709056145e-05,7.049151792165244e-05,7.306590248673586e-05,-1.0632379317361904,-1.186137864726063,-0.9442848895412925,0.3937980114908439,0.547045239951408,0.8400774119957712,21.570539478546735,43.88690072181551,30.80423492021086,1964.568,2261.9562,2855.1589499999995
2025-03-31,1807.74,1854.22,1776.75,1822.43,497854.9052,4.346e-05,3.5963333333333295e-05,7.225214285714293e-05,6.779633333333333e-05,5.14264546060176e-05,7.01768604399365e-05,7.284507497528722e-05,-0.20901578400326243,-0.333467981620692,-0.33751004962337267,0.49201257337036775,0.5295668643737796,0.8314548412859384,5.098039215673907,41.6717442195133,39.08430932128092,1950.236,2245.8612000000003,2852.4622999999997
2025-04-01,1822.43,1927.9,1817.88,1904.98,452989.0974,5.5389999999999997e-05,2.6683333333333295e-05,6.843500000000006e-05,6.447733333333333e-05,3.983881817203985e-05,6.948419673674993e-05,7.098122213716979e-05,0.4647386329958122,-0.22000161536391058,-0.19542935232894412,0.7403532665094864,0.5654384043030375,0.8396708562299449,27.341487417350947,48.105509429559554,41.43524618076439,1942.6649999999997,2230.737,2849.79125
2025-04-02,1904.98,1957.0,1781.53,1795.22,750840.7823,7.893e-05,5.9259999999999965e-05,5.8612142857142925e-05,6.614233333333333e-05,1.804890301406973e-05,5.52028164245837e-05,7.07051515307251e-05,0.7428595643316632,0.10156251917596319,0.05853426109379606,0.7661990272826703,0.6129668893712897,0.8404536446442905,23.787856548714103,30.994433272065223,36.01291009926937,1921.5880000000002,2214.5896,2846.6784
2025-04-03,1795.21,1845.26,1750.0,1817.23,508075.018,5.1359999999999996e-05,6.189333333333329e-05,6.300071428571434e-05,7.047633333333333e-05,1.4891146139388016e-05,5.164964181335683e-05,6.530158948704489e-05,0.2544942741861682,-0.21474627642283217,-0.1936016330955615,0.7285206552215998,0.6046173022247385,0.8214057716961616,28.063445743958653,36.90483678210632,37.80405127126166,1895.191,2196.1688,2844.1840500000003
2025-04-04,1817.23,1835.68,1758.72,1816.87,572734.4702,8.387999999999999e-05,7.138999999999997e-05,5.856571428571435e-05,6.7905e-05,1.752216596232361e-05,4.6373553921326747e-05,6.309483288036503e-05,1.1961159091455844,0.26565420160241004,0.06995605298223012,0.7207676296009684,0.6005835967194137,0.821142152141588,37.43760399326213,37.960147505898384,39.304229824107516,1870.2629999999997,2178.9887999999996,2841.79
2025-04-05,1816.88,1827.29,1764.39,1806.01,201716.2696,7.337999999999999e-05,6.953999999999995e-05,6.483000000000006e-05,6.942666666666665e-05,1.659659001154227e-05,4.143051866584088e-05,6.264136043203331e-05,0.33148686630133584,-0.0009284081378254594,-0.12827937852534754,0.7181761021116155,0.5918309228328933,0.8132317804893066,45.76505353635479,35.77987626172241,36.44872555228197,1849.9120000000003,2160.59,2839.1110500000004
2025-04-06,1806.02,1817.0,1537.5,1580.76,979847.0958,5.427000000000001e-05,7.050999999999996e-05,6.35135714285715e-05,6.922633333333332e-05,1.5012185051191506e-05,4.145401281623937e-05,6.268121868423926e-05,-0.9575904031653222,-0.2759748145855038,-0.43244501512666833,1.1499089924492958,0.8045582170019632,0.8677085001272247,25.61871616392125,23.885033470449613,35.43230902782709,1807.6219999999998,2138.3444,2835.1411
2025-04-07,1580.77,1639.0,1411.01,1553.04,2168796.0067,-8.2e-05,1.521666666666663e-05,4.963142857142863e-05,6.191933333333334e-05,8.47325689056158e-05,5.437113598747869e-05,6.710387665108088e-05,-1.7525305505161932,-2.1345426447641804,-2.328960896971991,1.132021136183914,0.8031417451749235,0.8651958488590842,21.851162985067603,15.55448308243318,38.70493702033562,1773.236,2116.177,2830.5802499999995
2025-04-08,1553.04,1618.67,1441.3,1473.41,891846.1327,-7.120000000000001e-06,-1.16166666666667e-05,4.361071428571435e-05,5.818366666666667e-05,6.824619574265744e-05,5.573683445292367e-05,6.77421869006768e-05,-0.4567414106563256,-0.9864559179725854,-1.2502482738515737,1.0493731541754896,0.7498822285165688,0.8710693474320051,4.627935827071127,14.346037245536678,33.95879375483348,1737.7690000000002,2090.7641999999996,2825.1403000000005
2025-04-09,1473.41,1689.0,1385.05,1669.51,1968530.9138,-9.825e-05,-6.245666666666671e-05,3.529642857142863e-05,5.432233333333333e-05,4.8606847597282646e-05,6.730765342320359e-05,7.321613307624176e-05,-1.1130347829424398,-2.19857403363506,-2.3574843740910403,1.7883099884911657,0.9569364261790234,0.9317327351222711,38.81444308005059,32.48653047764472,42.46354755386948,1723.946,2070.7146000000002,2820.42585
2025-04-10,1669.51,1669.85,1471.02,1522.25,911855.3934,0.00012964,8.089999999999972e-06,3.377357142857149e-05,5.6750000000000004e-05,0.00011470384082502053,6.4679293512979e-05,7.44976781864152e-05,1.3703085441270295,1.3291613756846576,0.6721505777620723,1.889497496507141,1.0216208727719396,0.9547393145995746,28.53691900227018,28.356007948818274,39.85490925895165,1693.9279999999999,2046.8496000000002,2815.1321000000003
2025-04-11,1522.24,1591.47,1504.63,1566.85,578484.3183,-7.236e-05,-1.3656666666666696e-05,2.6786428571428635e-05,5.4549333333333336e-05,0.00012477188799302964,7.065413065468174e-05,7.734628216696479e-05,-0.4947594563922819,-1.6743433793146063,-1.9124230271060816,1.5996122427015445,1.033758824000795,0.9578301231600581,32.908588772493175,34.28258488494879,39.76708848731489,1660.1149999999998,2023.4258,2809.7315000000003
2025-04-12,1566.85,1669.59,1546.06,1644.18,501867.9033,4.327e-05,3.3516666666666637e-05,2.3932142857142918e-05,5.361033333333333e-05,0.00010135258079271987,6.898598209652145e-05,7.730513894157278e-05,0.48248005847226133,0.04657472378524731,-0.4231235473986916,1.638305614087509,1.0606190139623568,0.9674252744996993,39.85887779013661,41.31285074536795,41.56411777232338,1645.011,2003.0494,2804.6864
2025-04-13,1644.19,1649.75,1562.01,1597.76,580136.6145,0.00018178,5.089666666666664e-05,3.8259285714285775e-05,5.4349e-05,0.0001272415397319,7.946166278963802e-05,7.845040073079201e-05,1.1851626895406127,1.8897102380460473,1.3691456405062685,1.5638514970982713,1.0418844951417405,0.9575136803614759,51.373049462029584,40.319398085772356,41.6540667812487,1623.0639999999999,1979.7402,2799.7754499999996
2025-04-14,1597.76,1691.5,1595.56,1623.77,645930.1419,0.00018684,0.00013729666666666664,4.850071428571435e-05,5.737066666666667e-05,8.146877581837165e-05,8.886670714001705e-05,8.179216250846021e-05,0.8503313708320059,1.73064650849233,1.448043081401809,1.0726095999708545,1.0492283878595776,0.9588298048032544,55.7285170486126,40.93588597078338,41.20277751924062,1603.754,1955.8218,2794.7329999999997
2025-04-15,1623.78,1661.21,1583.12,1588.78,476178.8915,4.7069999999999995e-05,0.00013856333333333332,4.7906428571428636e-05,6.1728e-05,7.927593224519085e-05,8.884490874179638e-05,7.738360832395748e-05,-0.2779038877672641,-0.04351324005959203,-0.3509148075415001,0.629612790721864,1.047809657580573,0.9569961612770858,60.072287894323374,34.91843937799399,40.2028263056157,1582.031,1937.3270000000002,2789.20475
2025-04-16,1588.77,1613.66,1538.07,1577.14,611387.8686,-1.1800000000000002e-05,7.403666666666662e-05,4.142571428571434e-05,5.7527e-05,0.00010202873729172841,8.971271753720058e-05,7.785462071416184e-05,-1.1283396985427012,-0.7060917989656146,-1.0922483814438158,0.5982172378366332,1.0472633189517375,0.9569716134354468,38.104314230452886,38.52427961012236,35.366658518639056,1581.6689999999999,1918.9558000000002,2783.7144
2025-04-17,1577.15,1616.96,1563.2,1583.62,449870.3628,7.872e-05,3.799666666666663e-05,4.3380000000000056e-05,5.6523333333333335e-05,4.593703988444162e-05,9.02422109999046e-05,7.736296941545019e-05,-0.20580259316071048,0.43711818227132043,0.10014100043102656,0.35029302360763526,1.0311280566225356,0.9574784724791503,62.39948276541123,37.5028085378992,37.26068215527448,1584.727,1903.9008,2778.3444
2025-04-18,1583.63,1600.64,1573.54,1588.6,200409.0359,-1.87e-05,1.6073333333333297e-05,3.60528571428572e-05,4.8685000000000006e-05,5.436318729935664e-05,9.086320846604904e-05,7.235083803099557e-05,-0.8995714334902298,-0.7543238888878392,-1.1429855743907629,0.2717741630652626,1.0244700004289662,0.9529040622048937,55.23213856127659,37.84854195273671,37.89284453140758,1596.2459999999999,1889.5184,2773.27625
2025-04-19,1588.6,1631.81,1585.01,1613.27,223096.3899,0.00013647000000000003,6.549666666666664e-05,4.055928571428578e-05,5.357e-05,7.84255993496039e-05,9.4354312156493e-05,7.318885665130518e-05,1.3910454580166292,1.1191225758375605,0.8961589611456221,0.2675284526612456,1.0286841001558464,0.9537654394951556,40.041239770423125,39.88857178824879,38.27841866156194,1590.6219999999998,1877.0320000000002,2769.10365
2025-04-20,1613.26,1619.19,1565.59,1587.36,276052.2306,8.130999999999999e-05,6.635999999999997e-05,4.2490714285714345e-05,5.141466666666667e-05,7.865786101853555e-05,9.493154703535029e-05,7.130169924620703e-05,0.42167964825113663,0.3980421142483783,0.18797415121345915,0.23009353132694302,1.0276636499638057,0.9519469805403246,46.1389961387563,50.43781675369409,36.64989253066055,1597.133,1864.4314,2765.21995
2025-04-21,1587.36,1658.75,1564.07,1579.57,691486.6667,0.00017893,0.00013223666666666663,6.11285714285715e-05,5.785633333333334e-05,4.894749159399423e-05,9.422172980279268e-05,7.384239948666551e-05,1.1787519822937809,1.4530056805465061,1.4524655408171412,0.22402856963254889,1.0017339506292982,0.9510269332724822,31.023527391192488,51.80768863864961,33.284237605488144,1598.405,1845.6606,2761.3688
2025-04-22,1579.57,1778.0,1537.26,1756.26,1103036.9586,4.5270000000000005e-05,0.00010183666666666663,6.487071428571435e-05,5.6942000000000005e-05,6.915386419676303e-05,9.232389585368411e-05,7.382208343546593e-05,-0.5103525685614457,-0.10434391677356185,-0.2813199803174561,0.9376787147010112,1.088597973999833,0.991243704467463,82.43724821793577,67.02131500704823,40.6778131410593,1609.6129999999998,1837.8056,2758.07805
2025-04-23,1756.25,1834.86,1744.95,1795.07,887545.6316,0.00026295,0.0001623833333333333,9.067071428571435e-05,6.1962e-05,0.00010977927734023363,9.36918840146646e-05,8.234798694854079e-05,1.43079306106058,2.0520494178227158,2.419068221716149,0.9191572072308493,1.0916448753428485,0.987804574341193,88.18911435859623,59.32034799120661,43.47894836061659,1629.3439999999998,1830.2767999999999,2754.9801
2025-04-24,1795.08,1802.82,1722.9,1769.65,483465.0385,0.00017849,0.00016223666666666665,9.416000000000006e-05,6.533933333333334e-05,0.00010974640647120949,9.613266826469503e-05,8.502734606492706e-05,0.335469838378805,1.0922076070276825,1.3384722673207132,0.9787805927878213,1.0931943714538164,0.985542265096748,80.56988858561019,72.41998042537902,42.967815608305855,1643.932,1820.838,2751.6282
2025-04-25,1769.64,1827.32,1738.6,1784.6,595610.8894,0.00012785999999999999,0.00018976666666666668,0.00010846142857142865,6.899633333333334e-05,6.82473401191852e-05,8.352001895971169e-05,8.528666243636533e-05,-0.38630956177586495,0.5532611595526775,0.7046269550773054,0.9200093216352413,1.093742408317812,0.9488298908261338,81.1863543786379,70.8536842304982,46.42820793355767,1663.514,1812.486,2748.4376500000003
2025-04-26,1784.6,1841.16,1778.94,1820.88,355068.0442,-1.4410000000000001e-05,9.731333333333329e-05,0.00010434142857142863,6.3484e-05,0.00010001213243074251,8.827079853905761e-05,8.515050126805587e-05,-1.232726914438133,-0.8106334021352213,-1.053745364765833,0.8733005943239371,0.9187332755709631,0.9509564325467559,81.85668252245729,68.3664560117751,49.76615784336516,1687.8880000000001,1806.0716,2745.3376000000003
2025-04-27,1820.87,1857.47,1781.9,1791.29,340332.6435,-4.954e-05,2.1303333333333293e-05,8.78185714285715e-05,6.0984000000000004e-05,9.393759435574715e-05,9.411663581036729e-05,8.737724948904116e-05,-1.1471722598403404,-1.1957110752449225,-1.4320039469894228,0.3506417408991906,0.918072995376014,0.939161615687791,80.94255454721375,70.845091660888,49.46892655358288,1708.655,1797.8257999999998,2742.4417000000003
2025-04-28,1791.29,1827.98,1744.71,1799.88,587269.743,-0.00013252,-6.549000000000004e-05,6.500714285714293e-05,5.379233333333334e-05,6.064894805363208e-05,0.00010619721120693039,9.410303222358153e-05,-1.2025144896933027,-1.8052127014378117,-2.33840469596081,0.2973734897332046,0.8781609516833473,0.9392188872161401,83.34695607405219,69.70836410819942,49.269114834772665,1729.7830000000001,1793.4152000000001,2739.5086500000007
2025-04-29,1799.88,1842.99,1780.47,1797.81,480456.3884,0.00012675,-1.8436666666666717e-05,7.069857142857149e-05,5.8643999999999996e-05,0.00013240391321009046,0.00010729146713917492,9.398331725031621e-05,1.0099759900545757,0.5010337007351654,0.7630237827427313,0.25607133340351146,0.7102632501941475,0.9368458655826799,63.34211033302714,75.25309879888525,46.3352414561031,1748.2369999999999,1792.0694,2736.3002
2025-04-30,1797.81,1816.8,1731.7,1793.61,473523.9877,-0.00012536,-4.371000000000005e-05,6.258714285714292e-05,5.301666666666666e-05,0.00014766609326454061,0.00011778754710386307,9.979806602135864e-05,-0.8195290823206579,-1.6917801191281752,-2.1363862885828606,0.25238812858338244,0.5658558992430184,0.9367519766020022,49.3971924026872,76.63066210637183,49.940660912023475,1768.8619999999999,1789.4730000000002,2732.88625
2025-05-01,1793.62,1873.17,1792.52,1838.11,537198.7291,0.00010653,3.597333333333328e-05,6.457357142857149e-05,5.4721333333333334e-05,0.00014008406559400252,0.0001183138734050551,0.00010027562583243358,0.9743332602377114,0.32817495010098496,0.5439146929514407,0.2835320879936091,0.5630895450628846,0.8806712189865529,74.41860465079102,78.62976712766319,50.75701544475228,1794.716,1788.0711999999999,2729.7322499999996
2025-05-02,1838.1,1871.0,1813.0,1842.2,410667.875,-6.976000000000001e-05,-2.953000000000005e-05,6.092642857142863e-05,4.9764999999999995e-05,0.00012106643919770629,0.00012181355296624938,0.00010268354777897486,-0.4029771075799221,-1.2191641065440622,-1.4545079435492727,0.2088841725633111,0.5335241943326701,0.792440258790362,72.27033714776832,78.58688790668674,50.91587541480692,1803.31,1787.6234,2725.7943
2025-05-03,1842.2,1848.6,1810.0,1833.52,213751.5979,8.558e-05,4.0783333333333286e-05,5.729142857142863e-05,5.090566666666666e-05,9.630470929993384e-05,0.00012013358723693835,0.00010289173337936506,0.5321697174071927,0.22731574223088585,0.2893533225872976,0.22727665776885486,0.5133672743235517,0.7917852664064265,56.21313409320331,75.75601655844406,50.99626987278254,1807.155,1786.0608000000002,2721.9248500000003
2025-05-04,1833.52,1849.95,1803.0,1808.86,238254.3564,7.327000000000001e-05,2.9696666666666622e-05,5.671714285714292e-05,5.0552e-05,8.635163827829117e-05,0.00012002910861238288,0.00010279267038807532,0.5669214005084445,0.17237475310904435,0.16515273381961906,0.2717307052252584,0.518712059885587,0.7874164937035864,59.07635086226509,75.97813848727156,59.66476280852917,1811.0760000000002,1783.4946000000002,2717.9136500000004
2025-05-05,1808.86,1833.55,1781.85,1820.19,342341.0078,3.373e-05,6.41933333333333e-05,4.634571428571435e-05,4.9230333333333335e-05,2.7090497104051156e-05,0.00011481668491148574,0.00010274392632380288,-0.17373666934169965,-0.20147293956617077,-0.30120438983543196,0.2713522179843926,0.5041111218317889,0.7869705169639967,60.20295388282777,77.98818219860141,61.478769754163864,1814.6349999999998,1782.1584,2713.9856
2025-05-06,1820.19,1820.9,1752.0,1817.0,384584.2451,1.4740000000000005e-05,4.057999999999996e-05,4.4165000000000056e-05,4.7912666666666666e-05,2.9860209309571708e-05,0.00011512819328235373,0.00010293037737102383,-0.20763886119618816,-0.3995682173917918,-0.5145415510170694,0.143598727395215,0.5016529380619108,0.7845263669931019,59.53303527032612,61.84662193756205,65.80116442686068,1814.2469999999998,1779.9721999999997,2709.8597499999996
2025-05-07,1817.0,1850.0,1787.01,1811.11,456170.0705,0.00011172999999999999,5.339999999999995e-05,3.3363571428571486e-05,5.437033333333334e-05,5.1399870622515616e-05,9.89845646558458e-05,0.00010054841384858107,1.2195748218166753,0.5201267938316712,0.6315597117352854,0.13520280145157387,0.5034695401136097,0.7805959873720454,58.549931600146664,53.58933046869392,57.892800606271756,1816.229,1777.5636,2705.6743
2025-05-08,1811.11,2226.0,1808.71,2207.39,1473152.686,0.00023281000000000002,0.00011975999999999996,3.724357142857148e-05,6.2368e-05,0.0001092565416806284,0.0001059316574028148,0.00010493516810965322,1.6132851281614458,1.4874200748134176,1.969512512540292,1.7221353888849664,0.9585425944561303,0.8989518701959521,90.65885668972192,86.82820124495775,79.89162681911301,1856.98,1780.5901999999999,2702.9766999999997
2025-05-09,2207.39,2490.77,2184.33,2345.04,1667041.0382,0.00030000000000000003,0.00021484666666666662,4.9539285714285775e-05,7.5643e-05,9.541178770646517e-05,0.00012545079571529974,0.0001090261519449593,1.296416977949002,1.8450509342698098,2.535007183334947,1.6375124966642607,0.9767787204500263,0.8868902099716616,92.7817860058791,89.08228730805472,81.40167380882103,1911.703,1787.8152,2701.3684000000003
2025-05-10,2345.04,2600.0,2317.0,2583.23,979350.1606,0.00028813,0.00027364666666666664,7.114928571428576e-05,8.0926e-05,3.5860134318532254e-05,0.0001389219084158781,0.00011538721899578193,0.8027000382408356,1.546266733647917,2.2590946505346614,1.5889910814185615,1.0175672903210755,0.9138049026126372,95.87121721990341,91.48121143514803,83.53869781046899,1990.6650000000002,1800.1647999999998,2701.1704999999997
2025-05-11,2583.22,2608.13,2435.51,2514.57,831584.3888,0.00019801,0.00026204666666666663,8.883142857142863e-05,8.993833333333333e-05,5.577405519901933e-05,0.00013813075716408296,0.00011354590437602346,-0.36907718481440865,0.8349315878843144,1.283731796376004,1.7032561824620744,1.0339498351003127,0.9166545837050085,90.97295602589013,87.75026618496955,82.23233182610603,2058.311,1810.8424000000002,2701.1202999999996
2025-05-12,2514.58,2624.0,2406.63,2495.47,1068680.9433,0.00022805000000000001,0.00023806333333333332,0.00011458642857142863,9.609766666666667e-05,4.5886857958934373e-05,0.00012683734414941356,0.00011591409975472523,-0.49518091181631674,0.9727762517408399,1.5317674518330313,1.7195910981036298,0.9712322955164656,0.9145502766862326,88.8556435278238,85.91105741915732,80.79602622786567,2123.638,1820.632,2700.9185500000003
2025-05-13,2495.48,2738.5,2415.3,2679.71,1031355.6465,0.00026233,0.0002294633333333333,0.00012427071428571434,9.878266666666667e-05,3.2183283445656676e-05,0.0001328699390939608,0.00011886267457209245,0.166142833046685,1.2314888452754769,1.8151635643488808,1.0179556823628673,0.9979607373156052,0.9278707976770666,91.08103732339332,88.32148506064024,84.86446408810463,2208.257,1832.6022,2702.114
2025-05-14,2679.71,2725.99,2547.26,2609.74,830047.1122,0.00020217,0.00023084999999999997,0.00014766571428571435,9.929366666666667e-05,3.017758108281935e-05,0.00011286401284555739,0.00011928649082349133,-0.8621014341373485,0.7645696573515315,1.1954419948164468,1.115166801510795,1.007328156111008,0.9310158888060466,85.84225690917239,83.54611444956387,81.81420455231557,2288.345,1843.474,2702.7501500000003
2025-05-15,2609.75,2647.03,2476.03,2548.69,768954.0332,0.00025698,0.0002404933333333333,0.00015841214285714292,0.00010629066666666667,3.329660693439205e-05,0.00011577111903555668,0.00012223742696596145,0.9188008597055929,1.0900391859174403,1.6648210113541637,0.8038781053815234,1.0232638060537906,0.9305046321542436,71.91022776872565,78.81555256361793,78.766327059716,2361.1949999999997,1854.2574000000002,2702.9546
2025-05-16,2548.7,2649.31,2529.4,2537.12,605953.6919,0.00024003000000000002,0.00023306,0.00018054000000000008,0.000114685,2.8061890528083127e-05,9.686721085310229e-05,0.0001224948312420932,0.08754985788802351,0.8751657649395383,1.4552669901553823,0.7640298424361716,1.0276158594831415,0.9299633495615248,64.71246055325636,78.0105767214507,78.16237336835732,2433.207,1864.9266,2702.8028000000004
2025-05-17,2537.13,2538.16,2446.42,2475.08,494333.2782,2.999e-05,0.00017566666666666664,0.00017656928571428576,0.00011306066666666667,0.00012644403518293715,0.0001020593733278025,0.0001233085749159826,-1.7351645802192657,-0.6950030670312566,-0.5171329933626766,0.7966116669136144,1.0333828036885104,0.9327702473159414,38.65472169182163,74.79324790148186,75.03238661766936,2499.604,1876.4902,2701.9842
2025-05-18,2475.09,2587.61,2323.21,2497.78,810103.1851,0.00010405,0.00012468999999999997,0.00017876785714285718,0.00011715233333333334,0.00010653031305694571,9.997312571028052e-05,0.0001207966660787521,-0.647260307243436,-0.25779781817331415,0.20203925680330317,0.30036547063945307,1.0326297152856923,0.921338456411503,48.05071168172004,76.6638799869124,76.49373173927398,2528.643,1889.8842000000002,2701.1771500000004
2025-05-19,2497.78,2547.36,2348.38,2528.14,861747.523,0.00010787000000000001,8.063666666666663e-05,0.0001840635714285715,0.000116199,4.390286702875433e-05,9.345012578556815e-05,0.00012075180096748439,-0.41047102716920925,-0.21784224291141888,0.22118691618242625,0.333847119361739,1.0298567363141324,0.9163457262822787,53.6962867421592,77.00264705649762,77.24601464873398,2546.953,1904.2922,2701.2248000000004
2025-05-20,2528.14,2588.63,2442.4,2524.19,676989.1747,0.00015994,0.0001239533333333333,0.0001944350000000001,0.00011881999999999999,3.122384078463431e-05,8.035190943591745e-05,0.00012082173662621196,0.40612807393700034,0.1123599606431041,0.7189397311506156,0.2779595582888566,1.0295816915963318,0.9158623396195446,20.27977373484866,76.95802996217913,74.4874076056858,2541.049,1918.3274,2701.2883
2025-05-21,2524.19,2615.95,2452.2,2550.99,1095890.2902,0.00013648000000000002,0.00013476333333333328,0.00019620285714285724,0.00011740499999999999,2.607741232070621e-05,7.864647876399747e-05,0.00012034110513235773,0.5877527252643328,-0.12926419643748355,0.47220001943707823,0.29446714431802856,1.0293738687930138,0.9159607695832002,36.55421797031356,77.76160172892112,74.2904884317429,2544.691,1931.2475999999997,2701.5721000000003
2025-05-22,2551.0,2692.99,2544.83,2664.82,852555.6669,0.00021141,0.00016927666666666664,0.0001946742857142858,0.000122943,3.83276171101712e-05,7.808622204028923e-05,0.00012072923030196446,1.5316367054770168,0.5288434582738494,1.1606557259539771,0.3250493042142443,1.033630042477734,0.9209033086011297,71.40645161271897,71.78009922760427,77.2185768754652,2561.626,1948.6396,2702.60755
2025-05-23,2664.83,2734.23,2498.3,2526.5,971442.4532,0.00019274,0.00018020999999999996,0.0001870128571428572,0.00012060266666666666,3.900483175211093e-05,7.19804596805413e-05,0.00011858304391009252,0.7436287673544351,0.2667267081138658,0.9620713702284408,0.6741527400332099,1.074581937823993,0.9282768134029653,48.665829145643066,58.634538152532315,70.98394596601456,2546.305,1962.825,2703.2490000000003
2025-05-24,2526.49,2575.85,2515.08,2530.4,257544.2344,0.00016147,0.00018853999999999995,0.00017796571428571435,0.00012003533333333333,2.523352730020966e-05,6.600540499012121e-05,0.0001183370042027116,-0.3696227363574345,-0.1426328035138999,0.6499522015953172,0.666146133832637,1.0685231249771814,0.9279153281901794,58.138645324425674,46.764810346647884,70.44254926806657,2538.371,1977.0955999999999,2703.7882499999996
2025-05-25,2530.41,2554.26,2463.0,2551.22,359890.0299,0.00018278,0.00017899666666666662,0.0001768778571428572,0.000121866,1.5974618409959695e-05,6.577473868362326e-05,0.0001188857576690587,0.20053870896939033,0.02154195155283661,0.824076301800066,0.6690281840853126,1.0681860005688806,0.9246764647259403,57.9057932420837,52.38404995762265,72.00616229290488,2538.624,1991.9997999999998,2702.935
2025-05-26,2551.22,2599.0,2525.86,2563.7,362971.1182,0.00013142999999999998,0.00015855999999999995,0.00016997642857142863,0.00012672733333333336,2.579838560861177e-05,6.505749807279953e-05,0.00011606957232722246,-1.4487326124331439,-0.7988626900694225,0.34315985197230564,0.6642388542024251,1.0663369942895884,0.9245165933180222,55.55451421418653,54.47685786638811,72.0690890598191,2541.282,2011.6585999999998,2701.2761499999997
2025-05-27,2563.7,2712.36,2509.46,2660.81,798430.8862,0.00024026,0.00018482333333333327,0.00016840000000000005,0.00013638733333333331,5.444376578951704e-05,6.287840597899522e-05,0.00011291013341202329,1.4527112865114946,0.6891927695387845,1.3221059908999697,0.627579060506831,1.0654205626004398,0.9160736207839536,66.52954556442293,48.5997925617602,73.63658274709886,2559.855,2033.8139999999999,2699.77145
2025-05-28,2660.81,2689.14,2608.5,2681.6,560095.6833,0.00030000000000000003,0.00022389666666666663,0.0001753878571428572,0.00015080466666666666,8.546800707483197e-05,7.173270160580985e-05,0.00010470556655269545,1.4408541949553921,1.4409818801645988,1.7945969424704622,0.2745858403568228,0.6999334928618494,0.9098289419683363,66.03560466532542,55.74218500275198,74.10200037987812,2578.237,2057.9778,2697.5484
2025-05-29,2681.61,2788.0,2619.05,2631.39,811567.2545,0.00028321,0.00027448999999999996,0.00017726142857142865,0.00015602000000000004,3.0809831223326304e-05,7.432348172860019e-05,0.00010732981213254919,0.7921641971079654,1.2389491716631977,1.57836697047531,0.3802770074654483,0.6708951097810282,0.9109487704522355,45.13575648217092,56.724889409186474,71.4648295865487,2588.562,2077.2153999999996,2694.7893000000004
2025-05-30,2631.39,2649.23,2507.35,2531.34,763045.2564,0.00023176000000000002,0.0002716566666666666,0.00017667071428571434,0.00016792400000000001,3.555677197585862e-05,7.381737063280353e-05,9.402524520131258e-05,-0.08474541213361855,0.571938825763302,1.0805345960792399,0.5499360368538789,0.558160188428674,0.9176706809645343,50.792507204494534,49.5891151045419,67.72643557521292,2589.277,2097.3972,2690.58805
2025-05-31,2531.35,2550.34,2475.33,2528.06,394537.2521,0.00014182,0.0002189299999999999,0.00018465857142857146,0.00016910033333333334,7.156283742285676e-05,6.179563898690626e-05,9.34496615548028e-05,-1.584288282393765,-0.7055159427751462,0.26684290035428976,0.5458482557847831,0.5458956869940083,0.9126137424268032,49.616066154640876,54.109525286882175,67.91510611725519,2586.9839999999995,2116.6214,2687.00935
2025-06-01,2528.06,2547.79,2468.56,2539.21,332021.7088,0.00014836,0.00017397999999999993,0.0001878235714285715,0.00017637099999999998,5.014567977413936e-05,5.839040774845494e-05,8.200974771116988e-05,-0.9848456341191023,-0.5521409993387831,0.3148332566647273,0.37044209042598764,0.5449723040018613,0.8983641122176521,47.96488968707913,53.272253376392726,68.9710168266604,2574.423,2134.522,2683.7696
2025-06-02,2539.2,2615.0,2475.0,2607.41,468889.9737,0.00015552,0.0001485666666666666,0.00019122714285714292,0.00017870233333333333,6.852337801366139e-06,5.4639717370092464e-05,8.031641476416436e-05,-0.5852005691963834,-0.3817272938844557,0.363756583149638,0.4704990613133116,0.4610732441511018,0.8996890465111532,56.230223210355604,55.907823935252765,69.86143769732482,2582.514,2154.715,2681.5125499999995
2025-06-03,2607.42,2655.38,2575.0,2593.36,454383.0439,0.00014727,0.0001503833333333333,0.0001903221428571429,0.000181169,4.481744453225679e-06,5.529874253382298e-05,7.807170648917893e-05,-0.4691416341925783,-0.46302562212772197,0.2806065070504791,0.4493670399844071,0.4476404658638178,0.9000030367958873,37.403354125327084,55.0786355158268,69.4806889351842,2588.8100000000004,2174.1068,2679.0293000000006
2025-06-04,2593.35,2679.88,2583.5,2607.68,502494.8214,0.00019910000000000001,0.0001672966666666666,0.00019479500000000005,0.00018668133333333336,2.7849679232334186e-05,5.309740407240875e-05,7.297430741694705e-05,1.748331358493313,0.3702715036674309,0.722554674181806,0.23524811005630045,0.4355865329300589,0.8995071199760322,35.853173084187745,54.240026327091705,69.90360157306054,2594.4559999999997,2194.4847999999997,2676.40335
2025-06-05,2607.68,2640.86,2391.66,2414.01,808938.0344,0.00017263,0.00017299999999999995,0.00019202500000000005,0.00019194433333333337,2.591698092005576e-05,5.3175438626068665e-05,6.545197753565536e-05,0.3692528765202267,0.011605268128828037,0.46969524276255975,0.7588444193704212,0.549428836346246,0.8553375243058542,23.14439612567648,33.24246676014357,55.744359062666916,2579.487,2211.2222,2673.0934
2025-06-06,2414.02,2531.36,2381.49,2476.1,578843.4974,4.18e-05,0.00013784333333333328,0.0001812435714285715,0.00018961333333333336,8.422236421131922e-05,6.662111303217766e-05,6.952569712641604e-05,-1.688370417571102,-2.1374880038307835,-0.7321205002671805,0.8125627688530079,0.5521445430531783,0.8542263054466844,42.4691896607325,46.25066952320305,53.803470892013095,2561.016,2229.0717999999997,2669.4348999999997
2025-06-07,2476.1,2544.36,2457.0,2524.63,264787.6743,0.00020908,0.00014116999999999995,0.0001846442857142858,0.00018882233333333338,8.796560862070329e-05,6.674913410145898e-05,6.915127917546999e-05,0.8202035035371812,0.5271213405211687,0.7675517831703483,0.7893657113420117,0.5571266600267588,0.8410878679153653,49.58374796719812,49.59748866401195,48.08901411381477,2545.319,2247.7924,2666.5208499999994
2025-06-08,2524.64,2548.63,2490.58,2509.83,266474.7139,0.00024217,0.00016434999999999996,0.00018888642857142865,0.00018689466666666667,0.00010741328549118395,6.848615869221639e-05,6.670808924387882e-05,0.8937867652360924,0.9828640441328623,1.0489162705202455,0.7893184032020847,0.5552560007077031,0.7898224668796556,46.46586152135751,47.08820508481995,49.83979775301845,2533.163,2265.7236,2663.72015
2025-06-09,2509.84,2693.99,2477.73,2680.13,568726.3025,0.00012799,0.00019307999999999996,0.00018864071428571433,0.00018155666666666668,5.8747494414744156e-05,6.871394981696521e-05,6.470501916962625e-05,-0.3943290829374296,-0.9169973507965289,-0.030751305116954352,1.0096514854836072,0.6226218945891109,0.762808121409698,57.02255871438524,56.702550227299106,55.66240233526976,2548.042,2287.579,2660.3417500000005
2025-06-10,2680.13,2827.0,2655.61,2816.4,1138405.4775,0.00030000000000000003,0.00022338666666666665,0.00019290785714285724,0.00018495633333333333,8.752982482184872e-05,7.383052862191414e-05,6.818504859280941e-05,1.146026065222238,1.6976213882578168,1.555565116161889,0.5294601797347589,0.6533044978987483,0.7677710814593313,67.42554454819339,58.57046854162455,54.318499187954025,2576.876,2312.3156,2657.78485
2025-06-11,2816.41,2879.22,2743.75,2771.61,850210.9324,0.00030000000000000003,0.00024266333333333332,0.00019290785714285724,0.00018735466666666665,9.931001980335817e-05,7.383052862191414e-05,7.09619241629913e-05,0.8933609390640078,1.5244050890255452,1.4956365677025012,0.6683750997077417,0.6348702139547784,0.7642275754306678,62.225371019399596,54.83036567163952,55.19670225939238,2600.116,2332.6226,2654.6733499999996
2025-06-12,2771.6,2784.83,2616.24,2642.65,699593.3757,0.00021369,0.00027122999999999996,0.00018794214285714291,0.0001857333333333333,4.983110173385556e-05,6.950069973952475e-05,6.973487557355324e-05,-0.3232106844309579,0.2500167965282337,0.6731992244715719,0.9018777185183352,0.6258077348051182,0.7713775639488777,68.87278370249906,50.55717198100788,52.89047214727498,2603.6400000000003,2349.5742,2651.0806
2025-06-13,2642.66,2645.45,2436.98,2579.19,1202176.2972,-3.580000000000003e-06,0.0001700366666666666,0.00017113214285714292,0.00017887500000000002,0.00015642702526527788,8.485244007900098e-05,7.772274005983295e-05,-1.487795487300663,-2.345646716912544,-1.3260032905625667,0.9426949449805087,0.6360265459905559,0.7753026718945234,58.49022417677036,52.45669339842746,51.254151189673756,2602.223,2365.765,2646.9041
2025-06-14,2579.19,2579.43,2488.72,2530.76,331438.9278,6.974e-05,9.328333333333327e-05,0.00016598357142857148,0.00017263366666666664,0.00011053180371885917,8.885997261093086e-05,7.874562610655968e-05,-0.7720781415002197,-1.312698548861086,-0.6497841367590438,0.6940637519343255,0.6406486109063513,0.7746680912062925,50.504934020798096,50.13248022603071,51.673459083117145,2594.531,2380.6882,2642.9342500000002
2025-06-15,2530.77,2559.51,2492.0,2547.61,299701.6624,0.00017385000000000002,8.000333333333329e-05,0.00016780428571428578,0.00017042766666666668,8.915914553956035e-05,8.873214314086769e-05,7.771267946438842e-05,0.1933222099670281,-0.1277775050992228,0.29654758758532335,0.3710942529535874,0.6409706336634733,0.7737476067222818,53.10150067310747,50.409868061450375,51.502922600756314,2607.891,2395.2228,2637.4059
2025-06-16,2547.62,2680.34,2514.85,2544.17,680429.988,0.00017593,0.00013983999999999994,0.0001692621428571429,0.0001752923333333333,6.071728831239716e-05,8.868244151755349e-05,7.304607519407821e-05,0.5552958389071586,-0.0663721585525457,0.3016218975412891,0.4052631300636291,0.6184109165586025,0.7740340245480116,34.62686567158697,46.706112754630006,50.491461507716004,2614.6980000000003,2410.2804,2632.2327999999998
2025-06-17,2544.17,2618.6,2453.8,2509.95,715930.4081,0.00014652,0.00016543333333333328,0.0001692085714285715,0.000176708,1.6412410954637912e-05,8.869697383243004e-05,7.202212248254778e-05,0.4369954118466566,-0.3428991222441082,-0.003979069794690272,0.2432660645284795,0.6184803840733815,0.7757604565760786,4.953696898416936,45.74495220015297,49.57137353102797,2613.2300000000005,2424.4818,2626.8215
2025-06-18,2509.95,2548.42,2465.78,2525.0,504532.1818,0.0001495,0.00015731666666666662,0.00016566571428571435,0.00017809566666666666,1.6188336336510127e-05,8.840126858767293e-05,7.104448197080694e-05,0.14800052018195237,-0.23380145133545083,0.022825389157900416,0.22076751500267544,0.6155554093704149,0.7755235477447939,10.276730775402896,45.78533123986696,49.21212341673622,2614.7470000000003,2439.0256,2620.9285
2025-06-19,2525.0,2546.91,2485.03,2521.12,252646.059,0.00015078999999999998,0.0001489366666666666,0.00016410571428571437,0.00017779066666666666,2.190030443631214e-06,8.846160007545582e-05,7.114468371020038e-05,-0.5951888625990881,-0.1663976846711173,0.024191141299748677,0.1553357026027738,0.5930501329783765,0.7735980013105469,17.212539793816177,56.76994450544263,45.332657754136655,2598.8460000000005,2453.5758,2614.99605
2025-06-20,2521.13,2569.0,2367.36,2406.49,632027.8235,0.00019698,0.00016575666666666662,0.00017519000000000006,0.00017980733333333333,2.704789147685853e-05,8.13978276028259e-05,7.078989446351429e-05,1.507076889224197,0.41916648107605564,0.470437323089212,0.3983774040707524,0.6252660735630633,0.7845328844694245,13.48837209298334,45.87427839871003,46.041181476827056,2557.855,2464.9434,2608.8114
2025-06-21,2406.49,2448.8,2216.0,2295.73,496783.864,-1.3580000000000002e-05,0.00011139666666666662,0.00015928571428571432,0.00017230766666666666,0.00011066957320485287,9.489962914040705e-05,7.879209826838464e-05,-1.7279786349519126,-2.0307860972869767,-1.5485227879879278,0.477182223371307,0.6525401604937673,0.7553472863364288,10.674965699536628,37.36531837846384,42.76865998180701,2510.267,2474.014,2602.2175
2025-06-22,2295.72,2314.48,2111.89,2227.7,840155.8295,2.1550000000000002e-05,6.831666666666662e-05,0.0001435271428571429,0.00016660133333333335,0.0001128016809863425,9.833298260568327e-05,8.33296681749991e-05,-0.8687963344127102,-1.4437178532448018,-1.1709334821841293,0.4759368153306375,0.644719855381256,0.758803505817522,4.299877146358696,35.29148028814434,40.31261228882927,2468.772,2481.8976,2594.167
2025-06-23,2227.7,2438.68,2188.0,2411.66,744583.8003,1.0179999999999999e-05,6.049999999999946e-06,0.00013511214285714292,0.00016155833333333333,1.7925453969472462e-05,0.00010460569466616588,8.809272579787887e-05,-0.6685998228416243,-1.4094933330417099,-1.2376432573151817,1.0094359201158933,0.7448302752301684,0.7800006305217051,37.51154505866537,36.20017887795104,45.87135036489375,2452.019,2493.9536,2587.2993
2025-06-24,2411.66,2482.04,2376.11,2448.45,516760.6621,3.774e-05,2.315666666666661e-05,0.00011637928571428579,0.0001567236666666667,1.3850069795668615e-05,9.592906726119077e-05,9.082550953690374e-05,-0.15286169775518615,-1.0143148272647484,-0.9548026277908989,1.0307965259834326,0.7482299748194488,0.7803506386818481,44.23185143494474,28.932150014267947,44.03804689598682,2443.788,2506.5188,2579.5472
2025-06-25,2448.46,2468.69,2389.69,2418.49,414894.7387,3.3900000000000014e-06,1.710333333333328e-05,9.519285714285721e-05,0.00015245566666666668,1.819148243945318e-05,8.430572691820168e-05,9.496894071884171e-05,-0.4390937430111454,-1.2310132276748305,-1.2855246493611079,0.9454838478827333,0.6724299974913355,0.7806318652549481,40.28211164024707,29.43197968355676,42.65109237869906,2430.8759999999997,2518.5486,2571.6585499999997
2025-06-26,2418.5,2520.92,2394.32,2415.96,463704.0261,0.00011719999999999999,5.2776666666666605e-05,8.830071428571436e-05,0.0001483536666666667,5.8375979934770166e-05,7.754633418545316e-05,9.369474653077279e-05,1.7159317968579857,-0.14403399005279446,-0.24425027396605786,0.8027139303827873,0.662733953618339,0.7789803163749821,40.38159001933878,34.51549884554663,43.81818703542558,2418.055,2530.6456,2563.7176
2025-06-27,2415.96,2463.54,2382.53,2423.17,381474.766,6.431e-05,6.163333333333328e-05,9.315000000000007e-05,0.00014049733333333335,5.695219428033154e-05,7.336888462261663e-05,9.03627800602901e-05,0.3833061584532492,-0.6094496652742717,-0.8375799720762638,0.6935728068748446,0.6565928450163651,0.7789959197408178,51.89873417713252,38.45561902498915,46.72134625752097,2409.3769999999995,2534.9612,2557.27345
2025-06-28,2423.17,2447.8,2405.81,2435.62,155814.9859,0.00013105000000000001,0.00010418666666666661,9.752928571428576e-05,0.00013542533333333332,3.522168413554836e-05,7.369312664579227e-05,8.62530599050432e-05,1.1264676027924814,0.13130425880205296,-0.15110616359513945,0.19044868379521285,0.657042925416868,0.778845335517476,70.51594168876495,42.564399149587956,47.21361482527388,2400.4389999999994,2536.7728,2551.3103
2025-06-29,2435.62,2525.0,2412.0,2500.09,284291.8057,0.00014995,0.00011510333333333329,9.582214285714292e-05,0.00013269833333333334,4.499193853730094e-05,7.204756924084317e-05,8.437511113995357e-05,0.9550148042180956,0.3191828027653684,-0.003997698167925059,0.2673382174439453,0.5985325589376831,0.7803351176344032,90.36962385492711,46.54339666550502,48.857543367714044,2398.336,2535.11,2544.6517000000003
2025-06-30,2500.09,2524.3,2431.0,2485.47,440455.714,0.00014615,0.0001423833333333333,9.369500000000007e-05,0.00013284266666666665,9.997166265701437e-06,6.990837803316832e-05,8.439495400557817e-05,0.7048931601892677,0.40136910008988314,-0.05347547761769474,0.2347488773389972,0.5488981873234504,0.7793618488885838,71.96333987948354,45.798499770865604,46.323830885289475,2406.234,2534.528,2537.671
2025-07-01,2485.47,2500.8,2386.52,2405.01,351951.0868,8.303e-05,0.00012637666666666663,8.916000000000006e-05,0.000130665,3.7587366672117214e-05,6.825782096635163e-05,8.482253009704095e-05,-0.819824841865083,-0.2505185959091767,-0.8207890474116412,0.4087378021683984,0.5593116290691962,0.7849409493351346,39.74019839382239,42.95515574642841,44.54035815938925,2417.1620000000003,2532.7187999999996,2530.16205
2025-07-02,2405.01,2619.28,2373.0,2570.41,634967.0337,0.00012052,0.00011656666666666661,8.709000000000006e-05,0.00012949833333333335,3.174516078624038e-05,6.670903352503121e-05,8.470950429444468e-05,-0.2093132234340312,0.3531514117634751,-0.39262590316361634,0.7118967023470256,0.610571227008089,0.7993261509491635,71.88166157731663,52.53644640554817,49.00666840787777,2451.433,2530.5328,2523.66265
2025-07-03,2570.41,2635.5,2556.12,2591.25,504943.6592,0.00024218000000000002,0.00014857666666666662,9.36178571428572e-05,0.000132662,8.320194128350636e-05,7.708630240275811e-05,8.713373899769593e-05,1.5938849613188097,1.8795621668931664,0.9960603152149949,0.7098164803821234,0.6028406597509796,0.7978955685479734,73.98276097947247,53.84438280462293,55.20320811649116,2469.392,2530.163,2516.82345
2025-07-04,2591.26,2603.17,2474.24,2508.04,452593.02,0.00010663,0.0001564433333333333,8.716428571428579e-05,0.00012957966666666667,7.457422499325076e-05,7.133473495420442e-05,8.633435395190781e-05,-0.5361165949849952,-0.057766222451196635,-0.6106915527776074,0.7801263423052563,0.613939525326518,0.8035625163667568,59.61264016300435,55.76536579264206,50.92617293966096,2475.3509999999997,2529.35,2509.43245
2025-07-05,2508.04,2529.81,2487.95,2516.41,157198.0958,0.00010905999999999999,0.0001526233333333333,9.592428571428579e-05,0.00012746066666666667,7.756786469501408e-05,6.528520985928769e-05,8.602085155927574e-05,-0.3690070504913108,0.023357957783838475,-0.6140598429693671,0.777085540329074,0.6133687995202899,0.8033825321880419,59.235887234969326,64.17705255031498,49.75595853068074,2485.143,2528.9357999999997,2502.54945
2025-07-06,2516.42,2605.0,2503.5,2570.35,277593.6319,0.00018641,0.00013403333333333328,0.00010770000000000006,0.00013228100000000002,4.537579347343842e-05,6.570496293160658e-05,8.510201299735134e-05,0.561216505945732,1.131075367012345,0.3093954648846547,0.6842568167198243,0.6203809555397387,0.8040131065553345,58.230250210756324,72.41857604571862,51.75595376250817,2500.582,2530.8412,2497.2672000000002
2025-07-07,2570.35,2590.57,2512.0,2542.29,315707.5272,0.00016989000000000001,0.00015511999999999994,0.00011910785714285722,0.00013097466666666668,4.0735369152748086e-05,6.117965023392113e-05,8.417825526954298e-05,0.12397808376419543,0.8650699225121206,0.12219546441519001,0.3924317288318226,0.6193607290978611,0.6446287023296715,56.45271191051262,60.737124163526786,45.64084400133596,2512.4939999999997,2531.7313999999997,2492.8936
2025-07-08,2542.3,2628.21,2523.59,2615.25,370915.7321,0.00016842,0.0001749066666666666,0.00012844214285714293,0.00012851633333333333,9.989255895403727e-06,5.767915210334091e-05,8.186402306442861e-05,0.5434473805494859,0.8225058804968421,0.134464072096375,0.4709165258390388,0.6302962955464857,0.6314207742509913,74.28947733247375,62.940665342465095,43.37332727156909,2530.457,2533.4736,2488.6088
2025-07-09,2615.25,2795.74,2589.78,2768.74,686119.3772,0.00017942,0.00017257666666666664,0.00014101571428571435,0.00013023066666666667,5.971903661637049e-06,4.640696014013721e-05,8.238943855702368e-05,0.5439975268785006,0.9422272706497146,0.3020747324407759,0.49441160489629926,0.6726574038657385,0.6013743015619661,73.56190747724595,72.80243746812944,49.91176995005025,2557.322,2538.3646,2485.7578999999996
2025-07-10,2768.74,3000.0,2755.5,2951.29,951896.07,0.00015995,0.00016926333333333328,0.00014406928571428576,0.00012556233333333334,9.762357980728655e-06,4.612496078199526e-05,7.617139931544254e-05,-1.2518424552534464,0.7162115709725634,0.06037796978849509,0.5745942795716056,0.6764735510910771,0.6166314447347776,80.90047718758518,78.23381116619777,59.185604933175966,2603.904,2546.3706,2484.1052
2025-07-11,2951.29,3040.15,2913.75,2958.22,906839.1689,0.00030000000000000003,0.0002131233333333333,0.00016090428571428577,0.00012556233333333334,7.586459406958955e-05,5.6597539320545085e-05,7.617139931544254e-05,1.776164875002085,2.2979472622061548,1.8085486189071576,0.6267988100335324,0.6271606130110325,0.6160918892742512,94.45783132517062,78.22738063823844,61.67330873601149,2659.2249999999995,2552.2385999999997,2481.78365
2025-07-12,2958.21,2979.78,2903.85,2943.28,348884.8877,0.00021822,0.00022605666666666662,0.00016713071428571432,0.00012571333333333333,7.03531138851971e-05,5.784176950481682e-05,7.635639071022996e-05,0.22639058961207462,1.113454466985325,0.7954139695498449,0.5943451733898016,0.6030366880683393,0.5919581551927683,91.61580907429936,76.71219902329162,62.97232704391426,2696.5119999999997,2560.5742,2479.03415
2025-07-13,2943.29,3020.31,2936.49,2972.03,357333.5016,0.00015763000000000002,0.0002252833333333333,0.00016767928571428579,0.00013108699999999997,7.144733888216913e-05,5.7702544599822565e-05,7.251974105309705e-05,-0.7645534159625726,0.21966670699135624,0.033816299909462604,0.6179087686189529,0.5264271188678933,0.5880760826595209,91.18274278202144,75.80260683188328,63.247393719847004,2734.59,2569.4067999999997,2476.4093
2025-07-14,2972.03,3083.0,2962.81,3013.62,815552.6496,0.00020998000000000002,0.00019527666666666662,0.0001722385714285715,0.00013576166666666667,3.286225849426241e-05,5.8388228905517395e-05,7.294763077065587e-05,0.014227922347583001,0.8977987151505797,0.7195075548756648,0.5196298933047518,0.5262409676899804,0.5851574341396306,97.01921350318653,78.04862505166362,64.31206365648605,2785.148,2578.6548000000003,2474.80215
2025-07-15,3013.61,3144.14,2932.46,3137.89,863583.7377,0.00026134,0.00020964999999999995,0.00018497500000000006,0.00013867800000000002,5.185578752666175e-05,5.685965945268035e-05,7.619923858788738e-05,0.5909050800128441,1.6200623196958883,1.3694886918183358,0.33088868920173564,0.5307368837008789,0.592132424629817,97.29602548311723,87.19070333896069,68.14750592440276,2847.296,2590.1386,2473.82405
2025-07-16,3137.9,3425.0,3101.0,3371.35,1135950.5831,0.00030000000000000003,0.0002571066666666666,0.00019779500000000004,0.00014281366666666666,4.515906258264555e-05,6.127155278566984e-05,8.14750562413719e-05,1.3068955016669737,1.9170995180145585,1.796525632456817,0.5793366147571456,0.5823034007005699,0.6111448547727383,97.63790731858478,88.01834130769804,71.71787673648029,2927.3959999999997,2604.3493999999996,2473.6608
2025-07-17,3371.35,3523.44,3310.77,3476.87,974065.8264,0.00030000000000000003,0.0002871133333333333,0.0002019250000000001,0.00014792966666666665,2.232036140708949e-05,6.624063274849496e-05,8.638645361886939e-05,0.8800185504333244,1.7240407779504137,1.7170135005965186,0.4746088237058377,0.5818832774623716,0.6143514188106192,97.31033737790645,88.90988014470102,73.30927005331063,3020.8540000000003,2620.2548,2474.2627500000003
2025-07-18,3476.88,3673.84,3458.68,3546.92,1163823.3977,0.00030000000000000003,0.00030000000000000003,0.00021573714285714294,0.00015294633333333332,0.0,6.499017268058988e-05,9.074098676557309e-05,0.649019101776725,1.5195091913886911,1.6440875214695985,0.43455785746036985,0.5789950910679635,0.6151775064399083,97.58479097276299,96.17737003046138,78.43156808277968,3114.0209999999997,2638.5654,2475.18815
2025-07-19,3546.92,3608.3,3506.79,3592.01,381791.9213,0.00030000000000000003,0.00030000000000000003,0.00022937571428571435,0.00015792000000000003,0.0,6.0779842649726047e-05,9.46248279732124e-05,0.44695507973762294,1.3534236797805586,1.5804479452075693,0.4403542341705971,0.5785820578116022,0.6151450672948284,99.9999999998921,96.29820936627516,83.41100056691917,3196.348,2659.7788,2476.4593
2025-07-20,3592.0,3824.56,3579.13,3756.69,852356.5533,0.00030000000000000003,0.00030000000000000003,0.00023748928571428577,0.000161354,0.0,6.216886253325957e-05,9.79037451504144e-05,0.0,1.2151789689015144,1.5186175095417622,0.44677202468618354,0.5787404801877519,0.6225195347137854,99.99999999991078,96.62040020738543,87.53872971434777,3276.888,2684.3514,2478.4408500000004
2025-07-21,3756.69,3860.0,3701.01,3762.33,812074.0534,0.00030000000000000003,0.00030000000000000003,0.00024678285714285726,0.00017180666666666668,0.0,6.100019954928819e-05,9.528762590477985e-05,0.0,1.1232724024698053,1.4757634106266275,0.3184022606397738,0.5345456743565833,0.6155778327562932,99.9999999999065,98.80472350219351,86.34291772264913,3357.299,2708.8138,2479.97415
2025-07-22,3762.32,3798.65,3616.54,3746.21,870127.3864,0.00030000000000000003,0.00030000000000000003,0.0002561814285714287,0.00018108833333333336,0.0,5.80636119146018e-05,9.369506714585271e-05,0.0,1.024231685649743,1.4299686875060864,0.3667650054302976,0.5071114451368821,0.59811439751593,97.48345197941141,97.39665403817321,85.31204423243932,3437.5919999999996,2731.5897999999997,2480.6601499999997
2025-07-23,3746.21,3764.2,3527.0,3628.29,800259.4025,0.00030000000000000003,0.00030000000000000003,0.0002647942857142858,0.000190749,0.0,5.464373519080188e-05,9.034696992606998e-05,0.0,0.9585247684774265,1.380771299217217,0.5326907958695776,0.5504597378377889,0.6055260332699244,74.46954401727149,87.12926886150275,81.41489052296112,3503.218,2752.2884000000004,2480.5172
2025-07-24,3628.29,3771.0,3502.85,3706.94,749459.495,0.00030000000000000003,0.00030000000000000003,0.00027479785714285725,0.000199491,0.0,4.6129674443722514e-05,8.768006580939283e-05,0.0,0.8831389529606479,1.3379210857046349,0.5499550070696582,0.5035791983339358,0.6067031002754588,73.09244203542877,85.86004308983384,82.24805659347822,3572.55,2774.2736,2480.8719499999997
2025-07-25,3706.95,3747.0,3573.76,3724.96,764606.7261,0.00030000000000000003,0.00030000000000000003,0.00027479785714285725,0.000209378,0.0,4.6129674443722514e-05,8.129552264887211e-05,0.0,0.8203831226146635,1.2910914641439908,0.3715216325376072,0.5026820181763187,0.6067035236517861,69.95427239296833,86.00732600721295,82.34341225857511,3631.257,2800.4926,2481.0595000000003
2025-07-26,3724.97,3793.0,3697.66,3741.1,407259.7024,0.00030000000000000003,0.00030000000000000003,0.0002806392857142858,0.00021547133333333333,0.0,4.35180698921837e-05,8.099842483494232e-05,0.0,0.738643510613276,1.2669867946135078,0.37450948131305767,0.5068096369279472,0.6017253329383065,67.8692139893868,87.42471151128399,82.37572787592597,3668.232,2825.7926,2482.8584499999997
2025-07-27,3741.11,3879.82,3731.0,3872.1,457352.4605,0.00028201,0.0002940033333333333,0.0002895235714285715,0.000222728,1.0386531343188688e-05,2.5397241402901884e-05,7.662255656898369e-05,-1.7866336847593822,0.3610208124740077,1.0813399072261403,0.4767728697971159,0.4925309582722516,0.6058730217513603,65.04732848302294,88.5254462182734,82.9387276907853,3707.755,2852.742,2485.5825
2025-07-28,3872.11,3941.0,3754.0,3799.0,620994.7463,0.00030000000000000003,0.0002940033333333333,0.0002959535714285715,0.0002283596666666667,1.0386531343188688e-05,1.1055821722251776e-05,7.585696733315413e-05,0.4466584211898203,0.6087067746849227,1.2675003116079973,0.385327084808038,0.5199087058928645,0.6059134441987762,54.06586096011122,82.73344114156026,80.67346986421978,3732.9630000000006,2878.5254000000004,2488.4815
2025-07-29,3799.0,3886.44,3716.04,3793.79,584210.4393,0.00024494,0.00027564999999999995,0.000294782142857143,0.00023152600000000002,2.8075578355749605e-05,1.5125320684942278e-05,7.444048002398703e-05,-1.6905987971285519,-0.5591527739361045,0.6732772259320211,0.36806569521417615,0.49645837619361394,0.5957107632262537,55.4063266974848,80.34888025160792,83.61198509113022,3753.1410000000005,2900.7986,2491.11525
2025-07-30,3793.79,3834.03,3677.65,3810.0,525424.9003,9.111e-05,0.0002120166666666666,0.0002798614285714287,0.00022969133333333337,0.00010826688059302168,5.637266588816593e-05,7.724273842591898e-05,-1.729538568915301,-3.0662334822304462,-0.9599816897072548,0.36806811482464225,0.44849339094584295,0.5954042751313589,76.85395915214792,75.40394973057792,82.33639935085094,3758.472,2920.6705999999995,2493.7511
2025-07-31,3810.0,3878.67,3684.33,3698.39,516088.4503,0.00013982,0.00015862333333333328,0.00026842000000000006,0.00023158433333333336,7.861991626390847e-05,6.718845974626163e-05,7.415886603504609e-05,-0.7833743866363955,-1.884103966478595,-0.4395398872569592,0.4704503965084998,0.48246363149364413,0.6021810389884513,48.84860890399902,62.73923444965974,77.57536812311096,3752.0780000000004,2939.2062,2495.90655
2025-08-01,3698.39,3724.02,3431.75,3488.2,783869.1517,2.223e-05,8.438666666666659e-05,0.0002485792857142858,0.000228308,5.908260685975602e-05,9.314456220670834e-05,8.108286627120015e-05,-1.2172625673076427,-2.752684806626663,-1.6296558873179394,0.47863267982698166,0.5641216606555219,0.6207282886667115,28.990522840981967,47.091859981313085,72.96037405235785,3726.2769999999996,2956.1172,2497.66
2025-08-02,3488.21,3537.69,3368.29,3393.94,494195.7094,0.00014417,0.00010207333333333328,0.0002374485714285715,0.00022504100000000002,6.918055386699622e-05,9.580008550317476e-05,8.246735547869758e-05,0.1926140714694642,-1.2609726562221655,-0.3606760521001086,0.48102777690828585,0.5844848336162651,0.6253283575704327,22.94491723554964,40.64604486417292,69.76107370450816,3702.8420000000006,2972.4122,2498.50155
2025-08-03,3393.94,3521.79,3354.28,3496.74,296347.6758,0.00016251999999999998,0.00010963999999999993,0.0002276285714285715,0.00022690400000000002,7.625327337243288e-05,9.594112336035228e-05,8.030301757542391e-05,0.8914945995371809,-0.9917609427453546,-0.1635266542813958,0.6504852457196877,0.5922059711473141,0.6284467825299208,19.4023280837106,36.96169008992972,70.41216987401029,3681.822,2991.7318,2498.7276500000003
2025-08-04,3496.75,3736.73,3490.73,3720.99,463349.9861,6.443e-05,0.0001237066666666666,0.00021080214285714292,0.00022541633333333333,5.214856693471276e-05,0.00010269201048830334,8.293180873392161e-05,-0.6999201516475533,-1.8273952009160395,-1.151666366353919,0.9408292443224984,0.6220100810895444,0.6095687330923364,44.898172733533755,48.29943725929869,73.90484302741669,3681.425,3015.1994,2500.7923499999997
2025-08-05,3720.99,3722.24,3546.0,3612.0,489070.9589,4.633e-05,9.109333333333326e-05,0.00019268285714285722,0.000220747,6.2515830261978e-05,0.00010798573484339594,8.893027152849933e-05,-0.6720517746124145,-1.7402610565138978,-1.3399871651965365,0.9408208225228255,0.5729561656906024,0.6145379463964692,39.53196439056595,44.87102075127999,69.9236036986061,3668.5150000000003,3036.5559999999996,2501.4842
2025-08-06,3612.01,3698.6,3564.19,3683.31,365309.9205,0.00016858999999999998,9.31166666666666e-05,0.00018329642857142865,0.00022070366666666669,6.598538120935901e-05,0.00010356045136180895,8.89562202466438e-05,0.8932945403271753,-0.4886796274862778,-0.0746846296927356,0.7508330758474357,0.5645752755229794,0.6145565818566909,43.14010028044942,52.18032241184947,68.90193241699167,3649.6359999999995,3060.0232,2503.3622
2025-08-07,3683.31,3927.77,3647.63,3910.31,631678.9872,0.00020512,0.00014001333333333327,0.00017651928571428576,0.000221927,8.3162704581706e-05,9.830701574965153e-05,8.846340311498505e-05,1.08469049468797,-0.08449886181384993,0.3090206775680674,0.7138944913448673,0.6114474448526726,0.6277192248442243,60.200231035769995,57.21124183557071,69.46300280058674,3660.767,3087.7294,2506.83815
2025-08-08,3910.3,4071.0,3880.0,4009.5,723300.0109,0.00024260000000000002,0.00020543666666666656,0.00017241928571428577,0.00022403300000000003,3.7006016177692606e-05,9.385723015993243e-05,8.816812072043959e-05,1.1235184453536815,0.3251817417285,0.6753834934882752,0.7141401381728378,0.6167512964569329,0.6122029604395596,78.09333908163975,59.54025454978786,70.56526706200506,3682.3379999999997,3117.4969999999994,2510.46565
2025-08-09,4009.51,4326.2,4006.63,4260.62,691932.1048,0.00030000000000000003,0.00024923999999999997,0.0001724192857142858,0.00022870133333333334,4.7787245160293625e-05,9.385723015993243e-05,8.836551479537806e-05,1.130181420751228,0.910185799685842,1.2675340683410972,0.7079444782519275,0.6395836381636019,0.617630263144584,89.9516899304271,65.0477338028947,73.59014949099758,3727.4,3154.5795999999996,2515.13105
2025-08-10,4260.63,4332.6,4153.07,4250.57,494843.8105,0.00029916000000000003,0.0002805866666666666,0.00017364428571428576,0.00022867333333333339,3.290009929077904e-05,9.549523175483642e-05,8.83422736832992e-05,0.9694172818353195,0.9024213698168552,1.2592465675025735,0.5216417614435357,0.6403519743522219,0.6154068653103312,87.99891119147746,61.78821272163503,73.04971443398648,3782.618,3193.6763999999994,2520.1709
2025-08-11,4250.58,4366.46,4166.77,4223.22,722664.04,0.00028227,0.00029381,0.0001723778571428572,0.00023080833333333334,1.0002754621087838e-05,9.379303575741236e-05,8.885341396357948e-05,0.39939337683237935,0.7451250597097848,1.0639638471185218,0.619043558514265,0.6410921314744307,0.6009425396999212,81.586395139612,63.60080536562767,71.91939692657243,3856.1200000000003,3233.5868,2524.59595
2025-08-12,4223.22,4639.7,4219.04,4590.52,885288.0652,0.00023659,0.0002726733333333333,0.00017178142857142867,0.00023344033333333334,3.237009782721041e-05,9.332148354000656e-05,8.777390282493515e-05,-1.1608857452478523,0.31500777743314634,0.5714709801415522,0.7506908892515841,0.6968511447037238,0.6236136564782758,96.44932214325421,70.73057768659993,74.19251689570496,3975.778,3277.164,2530.9981
2025-08-13,4590.52,4783.85,4564.33,4749.3,925931.4988,0.00030000000000000003,0.00027295333333333325,0.00018670214285714293,0.000236441,3.271555032921149e-05,9.608931159470922e-05,8.84801096818097e-05,0.5993037935743337,0.980929104533405,1.1977702202890619,0.7469332072209629,0.7022481360101203,0.6222852099095425,96.72157013993139,72.75215579880737,73.5341838738174,4101.034000000001,3323.1809999999996,2538.15075
2025-08-14,4749.31,4788.0,4451.33,4546.84,1265449.0453,0.00030000000000000003,0.0002788633333333333,0.0001981435714285715,0.0002377296666666667,3.660978056944796e-05,9.955161263670884e-05,8.913436794051805e-05,0.5993037935743317,0.980929104533405,1.1620621160858637,0.9167768873886121,0.7415893223091198,0.6363679880561537,78.51198208281752,69.6851581169358,67.688436728113,4183.619,3365.748,2544.7219
2025-08-15,4546.84,4672.67,4368.0,4439.47,880409.2591,0.00026239,0.0002874633333333333,0.00021529785714285722,0.00023647600000000003,2.171414362444603e-05,8.677958472948649e-05,8.84905056508299e-05,-0.5119704240590963,0.6159480072772862,0.752553130811488,0.966812562056475,0.7553877017619943,0.6411917010523116,69.11946497332127,73.17649581182305,64.57552885378884,4266.366,3406.2182000000003,2551.0070499999997
2025-08-16,4439.47,4490.42,4372.54,4421.99,358676.5884,0.00016925000000000002,0.00024387999999999995,0.0002170892857142858,0.0002321176666666667,6.731163123866513e-05,8.544694993558667e-05,8.847378387010228e-05,-1.5543978529490006,-0.32376979215661483,-0.21518851018801433,0.9634551184254494,0.7478995016617798,0.639513421188993,59.05769036468601,76.02065352192845,63.67708127342354,4340.2339999999995,3446.1946,2557.7284
2025-08-17,4422.0,4576.0,4393.98,4472.33,442461.3829,9.335e-05,0.0001749966666666666,0.00021214857142857148,0.00022522933333333337,8.466639553768574e-05,9.068424126155963e-05,9.101452756083029e-05,-1.447313411041478,-1.0392137958659209,-0.9848916062448761,0.57576001539007,0.7390540237515911,0.6394703086255907,61.90875112767611,75.36648656513788,62.25469714295401,4396.436,3486.9288,2564.5205499999997
2025-08-18,4472.34,4481.88,4225.86,4312.99,823188.1269,0.00018782,0.00015013999999999994,0.00022096214285714292,0.00022149,5.005036763112431e-05,8.06658861437758e-05,9.013687098152187e-05,-0.18168762161891777,0.021274385414602758,-0.019417646981450393,0.43476987246352616,0.7623771919124603,0.6488610078616904,54.22220549913178,65.93042280198253,58.958016111556276,4426.785000000001,3523.1868,2569.8485499999997
2025-08-19,4312.99,4355.0,4067.34,4075.59,831222.7951,0.00030000000000000003,0.00019372333333333327,0.00023908142857142865,0.00022149,0.00010345140227828585,6.54834599030712e-05,9.013687098152187e-05,1.2008735907817032,1.134553002281755,1.106661239301435,0.5092322661175378,0.8086330452109599,0.6546449244593605,22.409635971992557,61.66857119840204,54.99842177460696,4408.282,3554.9892,2573.72155
2025-08-20,4075.58,4378.0,4060.0,4336.16,728324.8933,0.00019388,0.00022723333333333326,0.00024088785714285725,0.00021795266666666668,6.309058355526195e-05,6.371422304422997e-05,8.902501004396469e-05,0.0678579595962585,-0.057019223346741324,-0.010595401687085294,0.8752398407476263,0.8311071093660817,0.6523085509353783,30.04077452266654,65.00287257263426,60.29632086197522,4416.841,3593.6121999999996,2579.81465
2025-08-21,4336.16,4340.26,4204.2,4225.3,433836.3992,0.00014755,0.00021380999999999993,0.00023677571428571437,0.000212871,7.815468188157541e-05,6.791930095161645e-05,8.852979051881357e-05,-0.48628994145100524,-0.7094501400049171,-0.538489811871715,0.8934021074892534,0.7917487351249629,0.6507747425545864,32.957725576637685,57.64683605144629,57.4698100699885,4417.049,3626.71,2586.59275
2025-08-22,4225.3,4887.59,4207.39,4832.07,1277976.63526,0.0001905,0.00017730999999999994,0.00023305428571428582,0.000209221,2.5828265524624532e-05,6.899444890871856e-05,8.705874244951629e-05,-0.23635078900739323,-0.2133771624738091,-0.10721783673498615,1.5355868913246482,0.9347526833166506,0.6988567674738285,63.60586653355752,66.02082432539375,63.639566829657085,4441.204,3671.5263999999997,2596.3536000000004
2025-08-23,4832.07,4832.07,4659.7,4778.4,512442.0888,0.00030000000000000003,0.00021268333333333326,0.00023305428571428576,0.00020922100000000002,7.860868802711055e-05,6.899444890871856e-05,8.705874244951629e-05,1.0569489967435275,1.0424782058548994,1.1022045195192953,1.4720417095432043,0.9408880678315076,0.7010374611239968,62.04942695828565,60.9248271961965,62.66241534378209,4444.114,3716.9336,2606.58965
2025-08-24,4778.4,4956.78,4711.0,4780.15,780668.77842,0.00030000000000000003,0.00026349999999999995,0.00023311428571428579,0.00020922100000000002,6.321985447634234e-05,6.905669607304905e-05,8.705874244951629e-05,1.0569489967435275,0.9696726332678549,1.0859780425769785,1.2657181795951846,0.9189400047440329,0.6991079525208757,60.76022819427101,61.21307337891893,61.44582565484112,4467.445000000001,3762.2084000000004,2616.5491500000003
2025-08-25,4780.15,4797.97,4334.13,4376.18,1043917.1659,0.00011231,0.0002374366666666666,0.00022097428571428578,0.00020296466666666667,0.00010836287202424741,7.447706479324855e-05,8.705412076968642e-05,-1.1282850538358093,-1.701504255504428,-1.159001043641948,1.557389977783212,1.0010636483911954,0.7405734805468925,51.8862799180674,52.79321855617704,56.71514333577839,4461.116,3798.325,2624.99685
2025-08-26,4376.17,4633.46,4311.04,4600.63,834750.2767,1.37e-05,0.00014200333333333327,0.0002050535714285715,0.000194021,0.0001454413731829568,9.25198699329798e-05,9.22790842797644e-05,-1.372236033668607,-2.4976976446777193,-2.281224710703796,1.5690450394843347,1.015244311279093,0.7469138161897703,65.7950470505848,50.19478192513505,58.93146536070239,4478.98,3839.4918,2634.8895
2025-08-27,4600.63,4663.93,4481.53,4506.71,606669.3611,5.266e-05,5.955666666666659e-05,0.00018738642857142864,0.00018577633333333334,4.9665441036446e-05,9.652350352331524e-05,9.352477092055199e-05,-0.7561828509226659,-1.7653217761711666,-1.7722949785569433,0.9493231870540616,0.9991654958538722,0.7507900523206478,55.70252576248404,45.206394372295016,57.58191770681324,4482.418,3877.321,2644.26075
2025-08-28,4506.71,4633.97,4430.0,4511.21,485243.4027,0.00010783,5.806333333333326e-05,0.0001736600000000001,0.000181206,4.729705311480521e-05,9.287204953382484e-05,9.388331964508283e-05,-0.08607849488022265,-1.0573504412462127,-1.122806391980213,0.9582157744428071,0.9961422789731955,0.7500619294709531,60.29171436179046,49.23619120298538,59.05661134184182,4502.24,3912.1704,2653.6809000000003
2025-08-29,4511.2,4516.75,4265.0,4360.18,679063.8777,8.205e-05,8.084666666666659e-05,0.0001607785714285715,0.000180904,2.7604677743899507e-05,9.212206407863256e-05,9.41971777379115e-05,0.20270317017108383,-1.1983937412157257,-1.3865629912854933,0.9644005351463532,0.9780186749350066,0.756903193807549,24.719004810919117,48.33147450597939,59.84558338673988,4530.699,3940.3482,2662.17585
2025-08-30,4360.18,4415.61,4257.2,4373.7,340319.1826,7.110999999999999e-05,8.699666666666659e-05,0.0001537685714285715,0.00017861366666666666,1.8853162422906576e-05,9.5113251188497e-05,9.604768914208614e-05,0.16035742709345457,-1.1846645953796335,-1.5024901146189407,0.6114480747719905,0.9779195987206883,0.7496370682365918,27.343977427929374,48.98212125169425,61.26798143313885,4534.453,3968.6577999999995,2671.0313999999994
2025-08-31,4373.7,4498.47,4372.63,4391.83,356586.1861,2.9990000000000003e-05,6.104999999999993e-05,0.00014924285714285724,0.00017887233333333333,2.744929143004151e-05,9.961034812079021e-05,9.562151232071333e-05,-1.3146099078035833,-1.434776926567068,-1.8999204030133783,0.3283045189021911,0.9773260263829742,0.7361967441903078,28.652476031291144,48.279826315850556,60.49867812056915,4551.106,3997.6288,2679.2992
2025-09-01,4391.83,4491.84,4210.61,4314.5,513830.0395,-3.292e-05,2.2726666666666586e-05,0.00013347571428571435,0.00017296933333333335,5.239396180233902e-05,0.00010996627117258323,0.00010301776097060578,-1.5379197307277102,-1.7759297112312245,-2.4113821864710703,0.32009652709429876,0.9085161873048822,0.7391346946907205,44.70903101833771,50.033438594750784,57.20987864280175,4499.349,4024.4782,2687.49235
2025-09-02,4314.5,4416.78,4257.85,4326.5,524605.0512,8.945e-05,2.8839999999999924e-05,0.00011843642857142865,0.00017053366666666667,6.119310500384486e-05,9.932268875562131e-05,0.00010413112249607902,0.8185753802486122,-0.5691629452528474,-1.1325056572982044,0.3253427975471299,0.893689432844818,0.7320686955596678,12.998407256407077,56.172538832022795,58.889115592052455,4454.159,4050.7358000000004,2695.4951
2025-09-03,4326.49,4490.64,4283.23,4450.46,487091.6861,4.874999999999999e-05,3.509333333333326e-05,0.00010807000000000007,0.000170011,6.231759489377676e-05,9.841237437826033e-05,0.00010471974214784815,0.1584230616416611,-0.8753476600837701,-1.5240787140173606,0.3115883156078278,0.8862620015050595,0.7334350008127972,42.977002022548284,53.014463093227235,59.42072055030655,4421.19,4076.9872000000005,2704.2821999999996
2025-09-04,4450.46,4482.05,4265.33,4297.55,471795.7096,-2.228e-05,3.863999999999993e-05,9.593928571428578e-05,0.00016772400000000004,5.654694775150566e-05,0.00010350668261325934,0.00010820517473122645,-0.8840444925427628,-1.426434145609091,-2.1273025227791087,0.4580268927808984,0.8929718375650171,0.7409355213458991,30.536729339707435,51.864121656799014,54.84350297180414,4413.326999999999,4095.5112,2712.4629000000004
2025-09-05,4297.56,4490.0,4256.03,4307.45,624169.8754,-6.13e-05,-1.1610000000000079e-05,7.79535714285715e-05,0.000160061,5.579549533799189e-05,0.00010760715408065682,0.00011600119364276499,-1.0501895369923429,-1.5856978304064386,-2.353019183941583,0.4554908939186356,0.893058671996082,0.7394911986807591,43.53402820348129,30.439807910246785,53.81182786065542,4384.009,4112.1228,2720.2799
2025-09-06,4307.46,4329.3,4236.0,4273.14,191166.0686,5.912e-05,-8.153333333333408e-06,6.074785714285721e-05,0.00015519433333333334,6.144034613627419e-05,8.657432086660564e-05,0.00011710300057060111,0.5834521022881284,-0.4542998901268765,-1.1955937605659184,0.4355299854458132,0.891621306966369,0.7389861074606691,38.267139590174146,30.885690938772427,50.169582437072876,4360.652,4126.647199999999,2728.28565
2025-09-07,4273.15,4336.02,4270.81,4306.19,169620.8372,0.00018219,6.0003333333333254e-05,5.2332857142857206e-05,0.00015318066666666666,0.00012174740339467075,6.442151126978623e-05,0.00011606294953475534,1.5105490759564573,0.6816017505532077,-0.0592716737730522,0.4423668075517431,0.8791116693866607,0.728758163188421,40.34411220847816,32.48458957261339,50.748703700674106,4340.15,4140.930799999999,2736.2391000000002
2025-09-08,4306.19,4384.06,4279.0,4306.37,372882.4355,0.00013701000000000002,0.0001261066666666666,5.4097142857142925e-05,0.00014774766666666666,6.225526671169444e-05,6.649527888717515e-05,0.00011271992886498748,0.7586696703240179,0.37281529297922006,-0.4724378858070738,0.3217270151515565,0.8416347877840819,0.7150238438898263,48.89028418543248,46.32265405233423,51.12753407006762,4334.769,4151.9244,2744.08075
2025-09-09,4306.36,4381.87,4276.76,4310.09,405485.7821,0.00021351,0.00017756999999999994,6.836928571428578e-05,0.00014489266666666665,3.845868952539213e-05,7.766293071434005e-05,0.00010979952697381103,0.9751846468008329,1.1230586783899412,0.2487063343021537,0.10793018046350862,0.7984109523262222,0.7150838564511942,47.70829260108541,30.057930428517537,45.78132004677715,4328.407999999999,4162.8796,2752.3161999999998
2025-09-10,4310.08,4453.57,4285.1,4349.32,506633.9098,0.00024976,0.00020009333333333328,8.244785714285723e-05,0.000143809,5.755993253421756e-05,9.126918075994203e-05,0.0001085502495223931,1.1037506506782042,1.366078838288748,0.5798779204937319,0.1307834528561144,0.7908114291966006,0.7145470249180205,31.496523966256518,38.32019828716967,43.75834862610559,4324.157,4174.9418,2760.2466999999997
2025-09-11,4349.33,4481.09,4338.82,4458.82,441259.6649,0.00019842,0.00022056333333333325,8.89185714285715e-05,0.0001425366666666667,2.638675867444747e-05,9.628080980268768e-05,0.00010764517476677346,0.0540740081068171,0.8709785067295049,0.09691497959657153,0.190716609799223,0.5347525004204637,0.7159431058476301,85.07547087711721,46.63636246893779,48.58541508629062,4338.589,4191.5524,2768.44235
2025-09-12,4458.83,4748.4,4450.71,4712.16,510777.5402,0.00024858,0.00023225333333333327,0.00010081357142857149,0.0001408226666666667,2.9306465725901587e-05,0.0001052373312387831,0.00010543822822842058,0.8464587979530582,1.431121368532345,0.5556706961636074,0.44103790072999866,0.5901283245356352,0.7256969578892679,92.7513574037883,69.97434966166756,54.18604722557843,4377.155000000001,4211.6568,2779.43555
2025-09-13,4712.16,4769.36,4605.0,4666.53,394393.6869,0.00029815,0.00024838333333333324,0.00011703071428571437,0.000140761,4.986529086793066e-05,0.0001171294715238151,0.00010534241891611344,1.461625997560351,1.9262834833521911,1.0045791109655504,0.483267057338442,0.5913536484601724,0.7221377012946767,90.58495821713933,66.03335559950017,53.72175278814883,4398.762,4230.4882,2790.2897
2025-09-14,4666.54,4692.36,4576.89,4604.49,278244.3205,0.00014235,0.00022969333333333326,0.00012505642857142863,0.00013675966666666666,7.959861577529765e-05,0.00011452721588587193,0.00010281257180213512,-1.4368353572955352,0.36507440227977117,-0.41146586292096066,0.5365525548976627,0.4488251739616715,0.704948521246512,79.03784751955587,61.10960192238477,52.00425844253055,4429.456,4247.755999999999,2801.6303
2025-09-15,4604.48,4670.28,4466.0,4523.74,412291.9687,0.00017532,0.00020527333333333325,0.00013993071428571434,0.000136962,8.210549088424988e-05,0.00010560693985530555,0.00010288466459900449,-0.6052892715418848,0.6187529567342069,-0.08652434314055268,0.6003499865924887,0.4020073495791927,0.704193664268828,68.29067164799008,60.89201682413147,53.27415260420609,4451.085000000001,4260.7888,2812.7104
2025-09-16,4523.74,4538.25,4424.0,4501.29,293307.1099,0.00011103,0.00014289999999999992,0.0001414721428571429,0.00013755133333333335,3.214852873788707e-05,0.0001049690135361145,0.00010267666268546307,-1.0913798677897484,-0.05435361050125185,-0.6645437896850559,0.5769213366172677,0.3926629579927207,0.7034692495742623,65.59695891923204,59.00079302132652,57.086873718083325,4473.9,4274.834599999999,2824.0289000000002
2025-09-17,4501.3,4616.77,4412.0,4590.53,476981.4561,0.00012182999999999999,0.00013605999999999994,0.00014669214285714291,0.0001353516666666667,3.442630825416515e-05,0.00010177175058988431,0.00010226865907087759,-0.6315078916662317,0.04776854841034955,-0.5390147795190604,0.2801697906666132,0.4015946570645746,0.7042137655522986,68.19217135523384,57.480373831689754,54.49082133103849,4502.334,4290.7694,2835.8946
2025-09-18,4590.54,4644.47,4553.7,4587.66,290660.377,0.00011412999999999999,0.00011566333333333326,0.00015643571428571433,0.000129156,5.560875231856856e-06,9.022491014673712e-05,9.746744409958024e-05,-0.7051249753118461,-0.04647172469568581,-0.5879454770292901,0.27761261196379255,0.369888961747616,0.6968316963304171,61.579666378984946,68.44990524148025,56.650955170785934,4530.463,4306.3225999999995,2846.2423500000004
2025-09-19,4587.66,4620.72,4435.7,4468.59,331611.1482,5.17e-06,8.037666666666659e-05,0.0001611835714285715,0.00012286566666666666,6.52445747426139e-05,7.89273435710629e-05,9.921996815444535e-05,-1.621242105250718,-1.0883267263287475,-1.5729767120919973,0.33578121024430096,0.3898209692144008,0.700645757864046,21.14441416890223,58.99841408108003,41.87361944531114,4546.313,4321.7266,2857.84025
2025-09-20,4468.59,4508.71,4454.45,4480.42,130781.913,-7.739999999999997e-06,3.718666666666659e-05,0.00015640785714285722,0.00011768933333333334,6.694680301063554e-05,8.71703585981476e-05,0.00010190227762784084,-1.190776492350264,-1.173900996325974,-1.6303966598713775,0.3154563291441808,0.3896477276257977,0.7004160060894631,26.032195750114028,61.87306678876548,43.21100164946322,4559.423000000001,4341.571,2869.3848
2025-09-21,4480.41,4498.16,4443.0,4444.97,149349.8262,5.4949999999999994e-05,1.7459999999999928e-05,0.00014731928571428576,0.000113171,3.310275064117251e-05,9.083174491367919e-05,0.00010156712101548278,-0.04537704072586429,-0.6392731131073398,-1.0064720898892798,0.31907483123113534,0.382760639315464,0.6954839236417816,27.9461372559322,57.92756769098474,42.47895237577013,4558.0380000000005,4362.5916,2880.4017000000003
2025-09-22,4444.98,4455.76,4077.0,4199.08,708243.2348,-2.061e-05,8.866666666666593e-06,0.00013606071428571434,0.000102484,4.042479973166276e-05,0.00010136554720903315,9.803701688645154e-05,-0.8977497040892106,-1.2897427918414963,-1.6564933441751357,0.4691111351387754,0.45668876699568656,0.7096017165383801,19.185649202707964,45.214583277523566,45.722635494093296,4506.73,4376.6384,2890.3860999999997
2025-09-23,4199.09,4229.03,4114.39,4164.26,315227.9057,3.212e-05,2.2153333333333256e-05,0.00012310428571428577,9.355466666666666e-05,3.8753441567749135e-05,0.00010229285926759766,9.140153476159998e-05,0.6318193181728359,-0.7659483204466466,-1.1252089163690946,0.4474587227605984,0.43724320180294923,0.7100273755081944,18.745479162391945,43.671177231287686,38.39793254167218,4456.503,4385.5038,2900.4994
2025-09-24,4164.25,4206.9,4073.74,4152.81,353665.5671,-1.924e-05,-2.5766666666667397e-06,0.00010389000000000006,8.916966666666667e-05,3.0056001619395805e-05,0.00010193563602737425,9.359984595045214e-05,-0.8004552793918519,-1.2649524287765126,-1.5533252799056374,0.4592426383593588,0.41347459484629806,0.7100898952142868,2.564046989462483,41.261017672695964,40.1590567820964,4411.335000000001,4396.32,2910.24555
2025-09-25,4152.81,4161.04,3815.0,3874.36,930327.6951,-6.712000000000001e-05,-1.8080000000000074e-05,8.49228571428572e-05,8.647566666666667e-05,4.963016824484782e-05,0.00010754366722609533,9.695005182842644e-05,-1.3111632061320808,-1.7159584701719313,-1.9131819427507266,0.6019574917688889,0.5037250042985516,0.7265146762967544,1.6052431610926874,27.403965111933715,34.63236890996983,4346.396999999999,4400.1410000000005,2919.5153000000005
2025-09-26,3874.35,4068.3,3867.65,4032.24,575711.0859,0.00016952999999999998,2.7723333333333255e-05,7.927642857142862e-05,9.037133333333333e-05,0.00012511982909732934,0.00010010828088447982,9.788791978346756e-05,1.6508323459217762,0.5050790693185604,0.2955832420006908,0.8451874020145758,0.5391740392466169,0.7314914430072739,21.87632932439338,21.618440166276812,42.112655731339665,4299.492,4402.5796,2930.3510000000006
2025-09-27,4032.24,4039.01,3972.98,4018.38,172693.2638,0.00012779,7.673333333333325e-05,6.71078571428572e-05,9.103666666666666e-05,0.00012631663799098105,7.973830815461383e-05,9.807832406076822e-05,0.8001047126991928,0.13151156377045992,-0.07897196930746994,0.7469380906005306,0.5370605180704363,0.7315507005826298,20.29827719206193,22.207452510586066,41.45553182888167,4242.277,4402.7572,2940.82575
2025-09-28,4018.39,4144.88,3966.0,4142.16,240331.8589,0.00020404,0.0001671199999999999,7.151428571428577e-05,9.5103e-05,3.8182086113917085e-05,8.56979356823565e-05,0.00010019882183728794,1.0126932705415794,0.8245590921935033,0.6248253897004805,0.8187626907652883,0.5561117618637823,0.7350978059959197,32.51936776231882,31.172268873305953,44.28644004955672,4197.727000000001,4400.388000000001,2951.99555
2025-09-29,4142.16,4235.86,4082.25,4215.07,380728.6784,3.864e-05,0.00012348999999999994,6.175142857142863e-05,9.402066666666667e-05,8.278379974373544e-05,8.059608473569158e-05,0.00010064131872157355,-0.5106935289448786,-0.6771015195998209,-0.917476217019911,0.8330294296552114,0.5622004176179275,0.7319432545897355,51.15342999345622,37.34907168322282,47.71998697522386,4172.375,4399.678,2963.74795
2025-09-30,4215.07,4245.0,4092.1,4145.15,391126.6172,8.099999999999999e-07,8.116333333333326e-05,5.387857142857149e-05,9.304800000000001e-05,0.00010808230027781852,8.079518700983075e-05,0.00010141949341291491,-1.2456599929637182,-0.9484246054254382,-1.2644204498932725,0.44795389931056145,0.5640249553199859,0.7176245857880296,48.68795056637952,35.950198040073246,45.949097342228704,4138.848,4398.1166,2974.9154500000004
2025-10-01,4145.15,4355.46,4123.08,4348.03,507026.3822,2.530000000000001e-06,1.3993333333333261e-05,4.5357142857142924e-05,9.422966666666666e-05,2.1361957619680104e-05,7.935552032839847e-05,0.00010009911930724624,-0.8136650355731249,-0.8418837755563143,-1.2107131901361636,0.49292943960121754,0.5930624066302125,0.7219488375926284,60.613474251867544,41.220511780764255,47.78989431705994,4129.1539999999995,4393.2668,2986.9697499999997
2025-10-02,4348.03,4516.74,4332.73,4484.35,526411.1571,8.253e-05,2.8623333333333256e-05,4.310000000000006e-05,9.399899999999999e-05,4.6692463346292886e-05,7.768064386168976e-05,0.00010011848457768572,0.199752663679518,0.04570658834934107,-0.4588715007546407,0.4614478494904922,0.5564286598945097,0.7221804426429133,89.22513021662603,46.58932592055173,54.05959873424348,4157.6810000000005,4387.967799999999,2999.9565000000002
2025-10-03,4484.35,4591.59,4428.0,4512.87,485684.0267,0.00014837999999999999,7.781333333333325e-05,5.332928571428578e-05,9.732e-05,7.30393101921462e-05,8.163046617005402e-05,0.00010021813580795623,1.5098400652261694,0.9867478787763173,0.13619607254494345,0.4671262924295053,0.5566396962856522,0.7074127976230972,87.07477745713304,51.55481895553794,54.42841498005795,4192.5419999999995,4387.2884,3012.8893
2025-10-04,4512.88,4517.93,4440.0,4487.15,199732.7088,0.00011095,0.00011395333333333325,6.180714285714292e-05,0.000101761,3.302757383375737e-05,8.096076033661749e-05,9.765465366135154e-05,0.6369506832529912,0.5387341161123806,-0.2213785493117417,0.5060492729495534,0.55450062233361,0.7029600025704847,85.51018862198336,50.23402997526143,54.6307475927067,4225.976000000001,4388.242,3025.6673499999997
2025-10-05,4487.16,4618.17,4467.05,4514.32,506587.9614,0.00025469,0.00017133999999999994,7.607428571428577e-05,0.00011229399999999999,7.456988735414956e-05,9.588351841319887e-05,9.649487689095885e-05,1.4577958309407344,2.1398199137914125,1.0922424369565313,0.4152699001484163,0.5502666023284946,0.7018542990681509,83.02569927577356,52.42555453732702,54.51500518460797,4289.972,4390.0886,3037.95865
2025-10-06,4514.32,4735.93,4488.25,4684.01,456200.6528,0.00027894,0.0002148599999999999,9.747071428571434e-05,0.00011962133333333333,9.080188158849046e-05,0.00010558073290608763,0.00010057752154201582,1.1887530807637698,2.0494359375453888,1.2900481892180273,0.34651936060821587,0.5718028483286798,0.6926783275905106,85.51391960246603,67.9156476055365,57.63100251369582,4355.148999999999,4394.3222,3051.4597500000004
2025-10-07,4684.02,4755.0,4430.43,4447.7,640685.9319,0.00030000000000000003,0.0002778766666666666,0.00011660500000000007,0.00012354833333333334,2.2673707975166445e-05,0.00011653209803772772,0.00010529405177169404,0.9713576685646217,1.9439340800892069,1.457651349318394,0.6144347876883609,0.6095881748329265,0.7033858166703598,68.30064964124819,59.11464697780972,52.54177179645614,4398.081,4397.0164,3063.8695000000002
2025-10-08,4447.7,4558.0,4410.08,4525.72,399904.3287,8.553e-05,0.00022148999999999994,0.0001240885714285715,0.00012183233333333333,0.00011821472877780585,0.00011033662693753933,0.00010548641362696663,-1.2036795173620731,-0.03312164043338428,-0.45180238098359216,0.6344586674408874,0.6149647175287682,0.6888583770966458,62.66049162801017,61.49941718107713,53.212225394736265,4436.437,4406.019,3076.5946499999995
2025-10-09,4525.72,4531.52,4265.06,4368.09,515978.1829,9.139e-05,0.00015897333333333326,0.00013541071428571435,0.00011776166666666667,0.00012216781668403503,9.646762394025798e-05,0.00010417474570138601,-1.054378496693498,-0.01905173692836802,-0.37323965210765586,0.7079449184878425,0.6234743591679581,0.6946691523874635,41.9605565236227,66.45097660278617,48.37627823567305,4451.739,4406.6576000000005,3088.40515
2025-10-10,4368.09,4393.63,3435.0,3829.72,1493971.0244,-7.099999999999983e-07,5.8736666666666595e-05,0.00012325071428571436,0.00010941266666666666,5.1565633258447537e-05,0.00010238413221890129,0.00010326393258029844,-1.1516975115184265,-0.8958615132666669,-1.195830710283073,1.2633959432130688,0.8353414578507862,0.7670924667868948,22.295220251262833,44.61697942689784,35.66965039685998,4420.196,4398.746,3097.14775
2025-10-11,3829.72,3878.3,3643.33,3746.79,789885.6582,-3.2669999999999984e-05,1.9336666666666603e-05,0.00011178928571428579,0.00010170966666666667,6.441368281153466e-05,0.00011049684997000751,0.00010499997469564616,-0.935059898643438,-1.1206230783165123,-1.4409167896883408,1.0486421740388978,0.8374952627550445,0.7383114674375638,21.30654512757353,43.036760897737,35.24269788394315,4360.072,4377.040400000001,3105.5509500000003
2025-10-12,3746.8,4197.7,3694.74,4152.29,811308.152,-0.00010689,-4.6756666666666733e-05,8.958000000000006e-05,8.986066666666666e-05,5.4473605841228054e-05,0.00012125278826293456,0.00010787217978676603,-1.3676625860271974,-1.6686797161697005,-2.041793642921476,1.6254588492412634,0.9327206780580702,0.7782479685408867,39.150708741630034,50.226937707472,43.46471349947923,4326.866,4364.5182,3116.2648
2025-10-13,4152.29,4292.0,4042.29,4240.85,622813.9247,7.866e-05,-2.0300000000000073e-05,9.243857142857149e-05,8.254433333333332e-05,9.339145196436315e-05,0.00012042842284348416,0.0001004457229546355,0.8871947812289083,-0.07631998419291015,-0.3106794800503139,1.6322462643269184,0.9364791374973647,0.7733332018146643,36.04062192876975,50.573515932944126,45.920824573357514,4299.664,4353.7321999999995,3127.4507499999995
2025-10-14,4240.86,4263.38,3888.74,4125.02,962996.7658,8.647e-05,1.941333333333326e-05,9.855714285714292e-05,8.068166666666668e-05,0.00010945157848722418,0.00011755678735294216,9.981458013469572e-05,1.0100697209553053,-0.05559819774293135,-0.21317873378767785,1.6238345106073167,0.9443811299978659,0.7740798150723814,39.00084535462132,49.561141511666115,44.71660015666812,4263.451,4348.709,3138.5913499999997
2025-10-15,4125.01,4217.6,3926.74,3985.61,626081.6966,8.178e-05,8.230333333333325e-05,0.0001042178571428572,7.756366666666666e-05,3.9312127066007775e-06,0.00011444394867078059,9.820434295763832e-05,0.6901319155050245,-0.17440594968537818,-0.24472975717814707,1.0939533285233602,0.9062554777986549,0.7783695604163979,32.32890337185985,41.873918151706036,41.624019672970526,4210.58,4336.4086,3149.3789999999995
2025-10-16,3985.61,4086.49,3826.04,3894.51,643804.6163,8.84e-06,5.902999999999993e-05,9.89542857142858e-05,7.415733333333335e-05,4.3529025948341345e-05,0.0001171800475083687,9.877413279740485e-05,-0.252767613487729,-0.7874918723946491,-0.9249442733819515,1.0970649211326093,0.8947247846784347,0.7794317117267439,33.80036943283598,36.50103443854196,40.63125968093334,4131.629999999999,4324.1646,3159.81285
2025-10-17,3894.5,3950.45,3674.5,3831.57,830127.0885,0.00011946999999999999,7.002999999999994e-05,9.688928571428578e-05,7.407866666666667e-05,5.6243187143078e-05,0.00011649477376617703,9.873578796840302e-05,1.0979529935680157,0.2633234062056347,0.1413960208335727,0.4166065573311644,0.8968767803483756,0.7755920729023518,50.09378770515675,34.64973548786108,41.25726708275951,4070.017,4310.5718,3169.85855
2025-10-18,3831.58,3927.73,3819.07,3889.21,250710.6121,9.019e-05,7.283333333333327e-05,9.540642857142863e-05,7.328066666666667e-05,5.732093538441786e-05,0.00011643413876899128,9.849737972823257e-05,0.31282983396637964,0.041221881182217195,-0.10901598743329373,0.36668772541929223,0.8884548324544507,0.7644023791591674,57.41014381148391,36.71893740835531,41.986744195470926,4006.3660000000004,4301.1524,3179.7796999999996
2025-10-19,3889.2,4030.94,3827.04,3982.58,408538.2545,0.00011854,0.00010939999999999994,8.568142857142864e-05,7.705966666666668e-05,1.6642845309952614e-05,0.00010744575016522987,9.796748223641068e-05,0.7705802117288848,0.2805556251642473,0.1849264850117167,0.47961905204034444,0.8916484348877777,0.7506745693144716,36.92224705243763,38.526733698677816,43.82964981434565,3967.815,4293.33,3190.7164999999995
2025-10-20,3982.58,4085.3,3908.73,3979.22,511382.3301,0.00013893,0.0001158866666666666,7.568071428571434e-05,8.194866666666666e-05,2.447809292702964e-05,9.371232366738323e-05,9.724676836160643e-05,0.8522866372649475,0.4199687122668514,0.38957171147945213,0.3804340192235035,0.889474203866842,0.7481590015908463,26.79144859395231,33.6169263169421,46.863032696561625,3982.7650000000003,4285.0778,3201.5264500000003
2025-10-21,3979.22,4110.0,3840.24,3873.05,590594.1382,0.00011301,0.00012349333333333326,6.232428571428579e-05,8.3884e-05,1.3651491982352835e-05,6.947208069146839e-05,9.726866414638333e-05,-0.1727558909879554,0.10861511484533876,0.14525417189257905,0.4027018815916718,0.8660831061939311,0.6694781428306442,27.258614776405537,35.781832217430434,45.92791880724319,3995.3910000000005,4276.248799999999,3211.80735
2025-10-22,3873.04,3889.27,3710.0,3805.53,593130.0905,2.093e-05,9.095666666666659e-05,5.771000000000006e-05,8.526866666666667e-05,6.201420912455851e-05,6.995587004564834e-05,9.601747124540488e-05,-1.6537535896692774,-0.7895347249545905,-0.7550796045865412,0.40728028018894774,0.8512990493448456,0.6701087022706562,31.323376892715345,32.08776668504926,45.21884706034358,3960.715,4265.8294,3221.8049499999997
2025-10-23,3805.53,3934.86,3796.54,3856.8,477231.0181,9.887000000000001e-05,7.760333333333326e-05,5.824428571428578e-05,8.749366666666667e-05,4.958714483961113e-05,7.026078649345455e-05,9.551547726118069e-05,0.0179056641962536,0.02052414562735544,0.08998599810961633,0.4018037019075969,0.854137867029271,0.6713764766266774,45.73676713312678,36.57305524769235,49.74211209601793,3922.3100000000004,4253.9562,3233.1851500000002
2025-10-24,3856.8,4026.39,3845.86,3934.88,425926.9383,0.0001338,8.453333333333325e-05,6.785214285714292e-05,9.2595e-05,5.77846366549494e-05,7.07738656870121e-05,9.368775696518072e-05,0.6862307815708328,0.36202677010414896,0.46211188404702286,0.3812778772515636,0.8624251292924262,0.6392074004116746,61.29293194280208,53.64208134761507,48.535842973028025,3903.296,4246.7028,3245.09435
2025-10-25,3934.88,3969.22,3912.4,3953.82,138526.3338,9.240999999999999e-05,0.00010835999999999993,7.678642857142862e-05,9.791266666666666e-05,2.2267197848203043e-05,6.474631413411567e-05,8.870472210470269e-05,0.014194925321247998,0.02762371134625055,0.0023379236160990502,0.3864105954927852,0.8620944822360519,0.6261391134266309,57.71536385555542,57.50277236184904,49.03058987460816,3900.1169999999997,4239.6302000000005,3257.4964
2025-10-26,3953.81,4178.78,3919.03,4158.46,344698.0918,0.00022079,0.00014899999999999994,0.00010019214285714292,9.962133333333335e-05,6.55258429935146e-05,5.101094998262119e-05,9.0605152161206e-05,1.4771639318928127,1.5518331419364964,1.3433698649470915,0.472681174166886,0.8770668058810388,0.6378651505271402,66.59307898402467,50.26170016026877,50.23895247920068,3926.512,4237.3366000000005,3269.94115
2025-10-27,4158.46,4253.72,4095.0,4120.15,487131.2291,0.00027827,0.0001971566666666666,0.00011445000000000007,0.00010463733333333333,9.515716333174143e-05,6.918737123535764e-05,9.621036201031211e-05,1.3920334451986482,2.303971754092083,1.868303883089518,0.4244172806672085,0.8528736007061501,0.6381338676756464,62.473226771380986,44.65257225888944,48.59424428037627,3955.3700000000003,4233.6158000000005,3282.9306500000002
2025-10-28,4120.16,4175.55,3931.33,3979.2,472965.8377,0.00010347,0.00020084333333333327,0.00011566428571428578,0.000101285,8.90907522324494e-05,6.880666198896437e-05,9.436172283400337e-05,-0.772835837533981,0.19968117041082353,0.054641826101312074,0.6096644233190472,0.8570721417821042,0.6383752693387644,58.85011088685996,43.68033284210697,47.59293909457574,3964.3689999999997,4227.072400000001,3294.9924000000005
2025-10-29,3979.19,4036.66,3840.37,3902.99,486452.3127,-2.2519999999999994e-05,0.00011973999999999991,0.00010821428571428579,9.924633333333334e-05,0.00015105360207559083,7.781455002505657e-05,9.640047655063627e-05,-1.3327107326655723,-1.189822782532886,-1.2189547754253045,0.6210991725303379,0.8493219005045156,0.6397673399157604,58.00953320177411,46.21182943597917,43.29855924441008,3956.4100000000008,4218.9304,3306.28645
2025-10-30,3903.0,3948.74,3680.0,3805.09,531455.9923,-0.00012026,-1.3103333333333407e-05,9.89928571428572e-05,9.521066666666666e-05,0.00011216186265101533,9.601727356041533e-05,0.0001029735863330651,-1.2820232553228783,-2.023022920062014,-2.1154289148416416,0.6456968895426628,0.6430502146495755,0.6421877177797618,46.05285254105576,45.92545338552419,39.651925924537935,3938.9970000000003,4208.0458,3317.3231
2025-10-31,3804.95,3906.09,3796.36,3847.99,478636.2995,9.713e-05,-1.5216666666666742e-05,9.739714285714292e-05,9.836400000000001e-05,0.00010887886403405044,9.583624947942881e-05,0.00010147513667274852,0.19945235409483775,0.16659947935828226,0.008334715639301922,0.3361228485143589,0.6372432154884754,0.6418727782010846,42.9910462208113,50.762118708509476,39.91518122577333,3936.4909999999995,4195.8292,3328.4442
2025-11-01,3848.0,3909.39,3831.0,3873.77,152998.1626,0.00023779999999999998,7.155666666666659e-05,0.00010794071428571433,0.00010353966666666667,0.00018039467129974936,0.0001028457807716248,0.00010455273447445712,1.3119565501747492,1.5738070326300277,1.3682449444515157,0.3869387367145258,0.44735820677202315,0.6421208790517924,43.61326971863195,49.26152668828298,40.696496283902945,3943.315,4179.0614000000005,3339.86915
2025-11-02,3873.78,3918.23,3839.12,3906.58,216083.1542,0.00019214999999999998,0.00017569333333333325,0.00011319857142857149,0.00010499866666666668,7.176439669741439e-05,0.00010528208926914764,0.0001055011406289874,0.7757486720915532,0.9678689104986434,0.8911804057136351,0.329919837456881,0.43714536094302353,0.6382245025332369,22.312359846951523,46.1415052190563,40.79778567834368,3948.293,4163.8624,3351.51635
2025-11-03,3906.58,3914.29,3558.82,3603.83,877187.3852,0.00011834000000000001,0.00018276333333333325,0.0001117278571428572,0.00010524499999999999,6.028063564150441e-05,0.00010503852188443998,0.00010552414039056087,0.0964044391746524,0.135278004195004,0.1471550582918092,0.747400608128789,0.5388077437283392,0.6622529237673538,14.109550952301007,35.3846273642186,34.277771308775044,3915.1879999999996,4143.849200000001,3361.6174000000005
2025-11-04,3603.84,3654.54,3057.0,3287.05,1568004.2379,0.00021748999999999998,0.00017599333333333323,0.00011919071428571435,0.00010400499999999999,5.1511736850390324e-05,0.00010878152122941967,0.00010391375501361148,0.7262815038581604,1.117391484589789,1.0987077953224147,0.9986753659303638,0.6419386996758938,0.6975493212753434,11.338017941519169,30.399240052418605,33.49318906493107,3848.511,4119.1154,3370.10965
2025-11-05,3287.05,3480.46,3166.66,3424.29,809591.5132,6.167e-05,0.00013249999999999991,0.00012210071428571433,9.676266666666667e-05,7.88691783906162e-05,0.00010647114556493588,9.874391158647029e-05,-1.4111433004847416,-0.5902301552716648,-0.4675737311261135,1.1318450461281528,0.6735872330318353,0.7064061950462931,24.967578647906734,37.81638288077608,34.59491061260714,3775.094,4097.575400000001,3379.16475
2025-11-06,3424.29,3456.46,3245.45,3315.14,566363.7003,9.976000000000001e-05,0.0001263066666666666,0.00012216428571428577,9.008800000000001e-05,8.123122695949027e-05,0.00010645647277456677,9.099592209124387e-05,-0.5859534183276623,-0.1618604877834615,-0.07127627941638727,1.085603895749229,0.6815792545483064,0.709321843192422,24.677230956866993,33.30724094570729,35.07051080274324,3694.593,4072.0676000000003,3387.80365
2025-11-07,3315.14,3473.0,3194.2,3436.05,683417.3854,0.0002064,0.0001226099999999999,0.00012735000000000006,9.411699999999998e-05,7.502189747007812e-05,0.00010880912383971726,9.34304458296405e-05,0.961957002126354,0.9218305158901864,0.9863602456722335,1.196299244889642,0.7002218438602962,0.7161523548429443,30.297870712229354,35.02254889594538,43.668762765524605,3640.278,4049.0354,3397.08605
2025-11-08,3436.04,3488.0,3355.58,3401.51,291532.2881,0.00022623,0.00017746333333333326,0.00013690857142857146,9.861166666666668e-05,6.8019579779236e-05,0.00011135178260857621,9.648808134660151e-05,0.840733906959406,1.0436020428385981,1.1801069876015078,1.0422901163613398,0.6872481465618604,0.7162248751429622,27.600599518090547,33.57071040589278,44.35920223745843,3590.13,4027.6938,3405.3122999999996
2025-11-09,3401.51,3623.25,3358.66,3583.46,464098.052,0.0001249,0.00018584333333333326,0.00013005928571428578,0.00010279866666666667,5.370171909114075e-05,0.00010871316780084374,9.473900615802591e-05,-0.26878297900638715,-0.0013714625643852542,0.19116171899984807,0.6975514729784303,0.733355461216505,0.7288204703556814,36.57381245219427,32.66171344483365,39.97483265828744,3567.9669999999996,4009.7546,3414.2542500000004
2025-11-10,3583.46,3658.98,3507.3,3567.85,595273.0298,0.00020590999999999999,0.00018567999999999992,0.00012489071428571435,0.00011075133333333333,5.360859912374561e-05,0.0001026772779496055,9.297232431111148e-05,0.5901304248926782,0.7789593741937637,1.0125883864340652,0.6640071256143014,0.7267712917000192,0.7254080267974736,48.03641205872904,33.115048792986556,37.82587932240763,3539.953,3992.2122,3423.2452500000004
2025-11-11,3567.85,3648.27,3405.24,3417.76,660283.2747,3.232e-05,0.00012104333333333325,0.00011980857142857148,0.00011539166666666666,8.685923919390647e-05,0.00010554000334229754,8.48547405492031e-05,-1.5676150698307558,-1.0071627510356027,-0.7241367564830626,0.7263032578237748,0.7437172922759108,0.716407501224984,58.71992955204059,32.93101141902318,37.36277480770439,3494.352,3976.5858000000003,3431.4110500000006
2025-11-12,3417.76,3588.19,3371.65,3414.92,553101.9368,6.718e-05,0.00010180333333333325,0.00012621571428571434,0.000115009,9.182839121613966e-05,9.873843595107037e-05,8.50517569138483e-05,-0.7592637218162017,-0.6272178206671456,-0.33711680109414943,0.6532595101537343,0.7392967180193409,0.7164073129266987,49.238322847007005,34.468735083501514,39.279797125909646,3445.186,3961.599,3439.38125
2025-11-13,3414.91,3565.84,3154.22,3231.54,951989.1347,0.00019288,9.745999999999994e-05,0.00014858285714285723,0.00011855599999999998,8.445434979923235e-05,6.985172520620713e-05,8.60337185542406e-05,0.8981486870068123,0.6183843901844553,0.9884665444541314,0.8050889791017187,0.7578541682437482,0.7267088569928196,43.93605292167535,32.690299565984944,37.963638740280125,3407.957,3943.1736,3446.5825
2025-11-14,3231.55,3256.71,3070.0,3112.4,890446.1491,0.00011153,0.00012386333333333326,0.00014961142857142863,0.00011954766666666667,6.375112417318018e-05,6.913817378787956e-05,8.57662439699155e-05,-0.136921624536656,-0.2130520992751087,0.13826041402565714,0.46326571093927316,0.7637125675555585,0.7303473400794355,26.463529925069395,28.7766089430052,37.204428107270864,3390.4919999999997,3927.9344,3453.1451
2025-11-15,3112.4,3230.0,3110.68,3167.88,338463.4782,0.00014055,0.00014831999999999994,0.00014266500000000007,0.00012393799999999998,4.1227846172347255e-05,6.431322220195268e-05,8.323756390075556e-05,0.5057785255702314,0.12412245244116621,0.4415910887582473,0.588088002310705,0.7240350881163443,0.7327200058243136,33.512117319900824,29.976683100045975,37.156125025336245,3364.851,3910.6472,3459.99545
2025-11-16,3167.87,3249.0,3004.0,3095.29,570633.5809,0.00027779,0.00017662333333333326,0.00014878214285714292,0.0001292153333333333,8.880631133733601e-05,7.288378812860772e-05,8.783629694052642e-05,1.4779083586227586,1.5457277169588082,1.8207694497332694,0.5523563264203267,0.7248718099442306,0.7311143910472667,9.26009380266973,27.494798746129717,34.083285198133154,3342.8660000000004,3892.1854,3466.5038499999996
2025-11-17,3095.29,3223.38,2959.46,3031.44,762500.4289,0.00025992,0.00022608666666666658,0.00015889500000000007,0.000134873,7.461384076257904e-05,7.797915221882718e-05,9.065693085128006e-05,0.8748232711640465,1.2273723310397189,1.5762821230780075,0.514761275108282,0.7197183669321842,0.731797982230833,8.570060398217407,31.695820408656985,33.35931848664805,3302.405,3869.9709999999995,3472.4705
2025-11-18,3031.44,3169.95,2946.56,3123.66,766640.1058,0.00024984,0.00026251666666666655,0.00016120571428571433,0.0001392496666666667,1.4154774224382363e-05,8.029397608539629e-05,9.298084379953021e-05,0.5506077302137118,1.0361651249254764,1.4202509121431532,0.5539285823052112,0.7426273035262237,0.7357219816867819,25.05513146731542,43.89875951272117,36.77778836412099,3274.62,3848.1428,3478.8778
2025-11-19,3123.65,3125.54,2873.64,3025.48,737926.7146,0.00019931000000000001,0.0002363566666666666,0.00017103714285714294,0.0001412623333333333,3.247681070153634e-05,7.544940948215976e-05,9.362494854959346e-05,-0.4697167047240454,0.4579924345099068,0.8835509413364112,0.5268167271613541,0.745556603957729,0.7381574690096598,21.567081362047915,34.66032786377072,36.38413818861232,3218.822,3825.7494,3484.8376000000003
2025-11-20,3025.48,3063.61,2790.01,2834.22,912524.3718,0.00021723,0.00022212666666666662,0.0001794278571428572,0.00014473633333333337,2.561841590230601e-05,7.341749206562863e-05,9.447023441028778e-05,-0.7372079052654849,0.6305094290167,1.0302013432565984,0.6532739230948514,0.7720360632314824,0.7522529064210205,21.32174616004312,32.60108245778295,32.98241292999376,3145.459,3795.4732,3489.9644
2025-11-21,2834.21,2886.73,2623.57,2765.85,1180475.4085,0.00010722,0.00017458666666666663,0.0001723435714285715,0.00014761266666666668,5.902526944744823e-05,7.537369696355535e-05,9.184796260134183e-05,-1.6377187150202852,-0.8149037579009972,-0.0937754831552477,0.6535188560368387,0.7664479707264058,0.743266205298865,23.008022431628433,24.795035727691058,30.482140531631686,3080.268,3761.1032,3494.6926999999996
2025-11-22,2765.86,2799.01,2704.33,2770.12,264691.3089,0.00013711,0.00015385333333333326,0.0001659778571428572,0.00014888733333333332,5.6884131647973785e-05,7.422723397974308e-05,9.141250084030937e-05,-0.7679342021679805,-0.35806084995390847,0.19358275983823325,0.6859044499778918,0.7626376207670567,0.7435523721924773,16.33375088869647,25.701376969408017,30.13992819030085,3015.788,3726.2481999999995,3499.4583
2025-11-23,2770.12,2858.16,2768.29,2802.16,409808.5734,3.501999999999999e-05,9.31166666666666e-05,0.0001595578571428572,0.00014559466666666664,5.248590318689813e-05,8.157649069133996e-05,9.372446895509218e-05,-1.4177939578645402,-1.6166130755648724,-0.8695702633548141,0.5775765562750786,0.7154463050397182,0.7448614641370433,23.36102073826065,16.010336546808162,25.84505788065097,2972.85,3692.5483999999997,3504.4135499999998
2025-11-24,2802.16,2987.0,2763.0,2953.38,715279.7551,0.00012535999999999998,9.916333333333325e-05,0.00015380428571428576,0.00014669299999999999,5.5859565280660756e-05,8.089353494317189e-05,9.327169235160488e-05,0.014879617272294011,-0.37851126180117556,0.03268156395276001,0.8350402948468766,0.67239361071329,0.7419360311815689,43.87822322600115,26.089358953377598,30.023866511865094,2956.9479999999994,3661.3295999999996,3508.1434999999997
2025-11-25,2953.38,2980.82,2857.32,2959.36,427686.4528,8.2e-05,8.079333333333326e-05,0.00015735285714285721,0.00014206666666666666,4.518208642088733e-05,7.610218974191392e-05,9.291104000073121e-05,-0.3780741545989455,-0.9823022995414176,-0.41554354571266877,0.5339288113454455,0.6407833910371293,0.7337263135664882,35.09939780885048,29.909188127801173,31.693376988881923,2936.096,3626.8366000000005,3511.2151
2025-11-26,2959.36,3045.0,2888.69,3026.56,364535.326,5.673e-05,8.802999999999991e-05,0.00015660642857142864,0.00013468199999999998,3.47100835494694e-05,7.709937529498475e-05,9.048459173076994e-05,-0.6987123864560028,-1.2553007989473197,-0.6706233443768005,0.4033114665156945,0.6423510266960063,0.7368736799856165,50.10377829873721,33.88788396750074,34.216601895205045,2929.223,3598.4138000000003,3513.4317500000006
2025-11-27,3026.56,3071.37,2985.78,3015.23,274980.3955,5.101e-05,6.32466666666666e-05,0.0001464728571428572,0.00013293333333333333,1.649076206076166e-05,8.118036030283957e-05,9.160851083532426e-05,-0.5393169030517773,-1.1952678022344585,-0.7063042411199948,0.4249924217790555,0.6162832445842287,0.7316168915488028,76.58705678430834,39.53132713205952,35.31782323239911,2927.602,3568.2039999999997,3515.93505
2025-11-28,3015.23,3099.0,2994.36,3031.15,346616.0275,1.59e-05,4.121333333333326e-05,0.0001396421428571429,0.000134214,2.2107764096461966e-05,8.807702408673759e-05,8.960705743446454e-05,-1.2379906938166587,-1.4599807315644286,-1.0731969778708281,0.4355044018416832,0.6180673993787176,0.7298891997287272,96.06542575334339,45.631297652392284,34.66247070836948,2918.351,3541.4652,3518.6134500000003
2025-11-29,3031.14,3052.64,2961.91,2989.16,217904.1303,2.932e-05,3.207666666666659e-05,0.00013169714285714293,0.0001392,1.7716586390862033e-05,9.287491045059746e-05,7.842264939368927e-05,-0.6908198205112457,-1.1871437729253664,-0.9406799827494771,0.25554374931931373,0.561035641018425,0.729656891664269,83.62810120345569,40.2490124614736,33.49047624376419,2914.719,3524.6539999999995,3520.1607
2025-11-30,2989.17,3053.02,2975.3,2991.26,182722.4253,0.00015642,6.721333333333326e-05,0.0001230278571428572,0.0001411763333333333,7.754609038078339e-05,8.336695639238337e-05,7.807218430368467e-05,1.7076422148877124,0.3519930106604494,0.3969364005469978,0.2559742822356897,0.5622678311709215,0.717547124047453,81.97064989498416,43.851146075843886,32.71924723789954,2930.423,3509.5433999999996,3522.0682999999995
2025-12-01,2991.25,2999.47,2716.04,2799.07,849002.9909,0.00010596,9.723333333333326e-05,0.00011203071428571435,0.00013678166666666666,6.399780100397523e-05,7.348959910335117e-05,7.613223007203714e-05,0.5851648418829712,-0.3116465306822284,-0.15398508932103255,0.5591006978316824,0.597426129687538,0.7264856053922542,27.085622642573895,38.07466102820235,34.144659589688956,2933.745,3482.4790000000003,3523.3202
2025-12-02,2799.07,3033.76,2782.19,2996.07,523707.3586,0.00016648,0.00014295333333333326,0.00010607642857142864,0.00013592600000000003,3.242963048423595e-05,6.426289246369031e-05,7.563108075749144e-05,1.0243457463315426,0.3874395773727158,0.4983262395103934,0.9187573746655696,0.6838347364699199,0.7495016411425199,53.478104333584525,44.08785505763245,43.98314337226715,2956.34,3457.5834000000004,3525.61495
2025-12-03,2996.07,3214.99,2985.58,3188.36,553669.8146,0.0001082,0.00012687999999999992,9.95685714285715e-05,0.000135588,3.431288970650632e-05,5.844486643995707e-05,7.573497057681036e-05,-0.09336057938927027,-0.3004612769835819,-0.13228486849230212,1.0718005194876457,0.7069034286030637,0.768603120977898,62.39238993896683,56.94193460390763,45.230056326245055,2994.96,3438.8502000000003,3529.1813500000003
2025-12-04,3188.39,3240.35,3066.37,3133.26,486698.3987,0.00025933,0.00017800333333333328,0.00010257571428571434,0.00013698266666666668,7.622112327526952e-05,6.560859051563421e-05,7.765608961766691e-05,1.6058658745090588,1.4515434027387868,1.501480661807637,1.0793226132031806,0.6917899988827694,0.7685666940634649,58.47198495522341,64.41851494687543,46.240657450836096,3012.9480000000003,3421.8032000000003,3532.35875
2025-12-05,3133.26,3193.33,2983.08,3021.78,530382.8986,0.0001706,0.0001793766666666666,0.00010710285714285721,0.00014061366666666669,7.594630756885962e-05,6.809333904263803e-05,7.655202916216562e-05,0.13585421959291247,0.3614381971005412,0.5745442532159976,1.1503165794809658,0.7040532193501285,0.7644163671913268,49.4085716088688,61.84740443095002,41.40379563493016,3019.19,3404.3486,3534.82695
2025-12-06,3021.77,3069.0,3012.58,3038.06,159721.2488,8.124e-05,0.00017038999999999995,0.00010311214285714293,0.00013999633333333333,8.90451857205686e-05,6.783613413994465e-05,7.696639640610444e-05,-1.105419740794107,-0.6381327196542034,-0.38731268664353385,0.8960053749998872,0.6983763074565124,0.7568091959271936,53.19007358692497,62.26696699988356,42.40073598589971,3020.34,3388.4784000000004,3537.3962999999994
2025-12-07,3038.06,3150.0,2907.52,3059.85,391129.675,4.19e-05,9.791333333333326e-05,0.0001036035714285715,0.000134513,6.595015188264851e-05,6.732792295428605e-05,7.792622382516451e-05,-1.0616958506768457,-1.0581437580129958,-0.8256712456395338,0.7069523053774449,0.6932642364161568,0.7552413162584173,54.362510017378725,61.909471563046694,38.26612704426466,3024.802,3371.8912,3539.9406
2025-12-08,3059.86,3180.51,3040.87,3124.16,452820.2207,0.00014186,8.833333333333328e-05,0.0001047821428571429,0.00013170066666666664,5.035610125242497e-05,6.788021431207012e-05,7.600070058354633e-05,0.03419406003186909,0.4080249925729461,0.30441145378821466,0.4321036323961193,0.6868460883347071,0.754655509017121,74.69350550694676,58.58225456291507,40.269486685711705,3034.103,3354.7228000000005,3542.2373
2025-12-09,3124.16,3397.85,3090.8,3318.04,603859.9458,0.0001537,0.00011248666666666661,0.00010990357142857149,0.00013266066666666666,6.141583292070785e-05,6.87286356854583e-05,7.60936722609402e-05,0.661065160932003,0.6397488567676949,0.41573301773086546,0.6613651151136776,0.7166737916112786,0.703107308980252,74.57298551424572,65.16155758070167,47.854265647535804,3066.991,3341.4991999999997,3546.195
2025-12-10,3318.04,3447.44,3288.1,3324.14,539585.4535,0.00020891,0.0001681566666666666,0.0001207735714285715,0.00013276066666666666,3.578647835906604e-05,7.164430157242007e-05,7.619515727812456e-05,1.280121693764241,1.5117495873662674,1.0251865859910347,0.4603214908718419,0.6446146712621318,0.701469536562139,64.47733185472525,63.26397803443823,48.04936955824621,3100.279,3330.521,3550.1637
2025-12-11,3324.14,3327.37,3145.28,3237.39,504114.2391,9.674e-05,0.0001531166666666666,0.00012404000000000007,0.000134908,5.608727514636462e-05,6.922041728585904e-05,7.41471480791428e-05,-0.5073994722731257,-0.22445732835751217,-0.3568027244475362,0.6044357594113465,0.6466240970909133,0.6528002366794343,60.40072714188799,59.27847107362051,50.13114768792663,3144.111,3319.1582,3553.5945500000003
2025-12-12,3237.38,3265.5,3045.31,3084.86,435686.4435,2.7329999999999998e-05,0.00011099333333333327,0.00012485642857142863,0.00013357966666666668,9.162528162763985e-05,6.790167830790823e-05,7.574212090501471e-05,-1.4469767936978044,-1.175183789232217,-1.2059735936512463,0.80355909071444,0.6895648952411387,0.6585937497942878,55.82305590421853,52.01343539832146,49.391703847621905,3152.9900000000002,3303.7194,3556.2003499999996
2025-12-13,3084.86,3135.68,3078.6,3114.64,136465.7567,2.0450000000000002e-05,4.8173333333333274e-05,0.0001242228571428572,0.000127832,4.2200407976046496e-05,6.889577763420528e-05,7.76064162117787e-05,-0.997479608227783,-1.2507983541226857,-1.2625873253519204,0.7846606144568964,0.6892896034136592,0.6571734353356854,56.89735922462833,54.74734787142916,48.81054512951891,3145.618,3287.3145999999997,3558.4695
2025-12-14,3114.64,3129.54,3024.44,3063.5,279058.3545,0.00021396999999999999,8.724999999999994e-05,0.00012833357142857149,0.00013124666666666665,0.00010979664111443097,7.258283772638874e-05,7.910362489329312e-05,1.0656514631185818,1.457234015280176,1.079860513857756,0.4402480013748517,0.6608818633601552,0.653651302088753,50.31223801940972,52.635303731104386,49.28289458837473,3138.642,3269.5081999999993,3560.3790000000004
2025-12-15,3063.49,3177.5,2894.57,2964.85,520509.9555,0.0001162,0.00011687333333333328,0.00012906500000000007,0.000130435,9.676175708069936e-05,7.239137504404051e-05,7.912979445622305e-05,0.2703028373731167,0.07117668897002527,-0.1363172026708076,0.41079921430167976,0.6771643274489888,0.6557815266425855,37.12812888834414,56.49058790359328,48.52110955642798,3132.949,3245.636,3562.0463
2025-12-16,2964.85,2981.87,2876.0,2962.3,378293.1159,-2.3000000000000017e-06,0.00010928999999999995,0.00011700928571428577,0.00012109866666666667,0.0001083004584478339,7.939616484286822e-05,7.76540243304046e-05,-0.8624572249957952,-1.4733134486982262,-1.5485390793671714,0.4470814335283367,0.6696576602839239,0.6551756361092539,8.392982456126546,48.44037205687278,46.267717700987404,3125.373,3222.4790000000003,3564.2011
2025-12-17,2962.3,3030.92,2791.02,2833.49,497630.4162,4.156e-05,5.181999999999994e-05,0.00011224928571428578,0.00011381999999999999,5.9912546265464434e-05,8.19223589714566e-05,7.435700106170877e-05,-0.4133774202096264,-0.8772406455214652,-0.998685448122994,0.4239832273065646,0.6948879232789202,0.660748031003865,5.412478871696607,32.589903350786784,45.62128531086947,3102.737,3199.5647999999997,3565.72825
2025-12-18,2833.5,2997.4,2775.19,2828.57,595253.7997,8.710000000000003e-06,1.5989999999999937e-05,9.43478571428572e-05,0.00010578233333333333,2.281827557050873e-05,7.434210880252443e-05,7.21465208701885e-05,-0.7423516921704382,-1.3000324446871259,-1.3511667032308872,0.3661539661319202,0.6939099143938859,0.6568067575869821,6.358085315332687,34.27763501445038,49.85917037635678,3073.178,3178.0764,3567.17505
2025-12-19,2828.56,3020.0,2808.63,2979.5,531702.5439,0.00022264,9.096999999999994e-05,9.806500000000006e-05,0.00010656,0.00011520643341415935,7.956554305919927e-05,7.330584033745601e-05,1.5539202508664665,1.3598209158743118,1.158893468691399,0.7147973831597537,0.7309392136262932,0.6719735114847769,38.71416941594089,47.903651256354415,55.11484153919057,3039.3239999999996,3161.5646,3569.0355
2025-12-20,2979.49,2994.41,2964.17,2977.93,91783.7734,4.8089999999999995e-05,9.31466666666666e-05,9.569714285714292e-05,0.00010092200000000001,0.00011385995184148133,8.059142390224284e-05,7.096767629431768e-05,-0.17130964547587338,-0.8080653744509042,-0.8716581046803151,0.653416001901588,0.7309301606230849,0.6697277361442067,34.414118612709274,46.9744694125391,54.9814702060312,3004.703,3144.1634000000004,3570.9583500000003
2025-12-21,2977.93,3013.4,2944.0,3002.02,162244.8067,6.371e-05,0.00011147999999999994,9.725500000000007e-05,9.947166666666666e-05,9.658366994482547e-05,7.967712573494487e-05,7.127844511842352e-05,-0.15773174793490372,-0.5770548381432004,-0.703436059498761,0.6556861690159238,0.6679081042061424,0.6695859474331042,42.53013219277369,47.09691669755732,54.809228636806054,2981.166,3126.7283999999995,3572.93005
2025-12-22,3002.03,3077.39,2963.43,3009.49,298443.5633,-2.325e-05,2.9516666666666604e-05,8.546142857142864e-05,9.412633333333333e-05,4.635986338790174e-05,8.463241294490357e-05,7.430706818760937e-05,-0.918248609179918,-1.4783157199892936,-1.6620692828379282,0.4325556716973798,0.6016979564365347,0.6683789308753797,56.96759692813922,43.89514145462327,51.45052297407926,2973.629,3108.7866000000004,3575.90745
2025-12-23,3009.48,3035.79,2900.93,2965.02,386465.747,0.00013241999999999998,5.76266666666666e-05,8.394142857142863e-05,9.7373e-05,7.801309142281638e-05,8.349603784768048e-05,7.376133274233455e-05,0.469401195627812,0.3732943934164873,0.12557139694623223,0.4825120416038462,0.5356455245321359,0.6661108684894413,50.3754209682679,27.65017220416489,50.143464022396394,2958.6670000000004,3096.0103999999997,3578.3520499999995
2025-12-24,2965.03,2978.15,2888.7,2947.47,197035.5598,0.00014398999999999998,8.438666666666659e-05,7.930428571428578e-05,9.7994e-05,9.33954240492783e-05,7.761754963271227e-05,7.408280439873054e-05,1.042661922991244,0.6408168458021275,0.24865619701532035,0.16679049840492755,0.5321954752747444,0.6656879998894376,72.70517928266581,26.493678311507452,47.943545661068946,2947.064,3089.2188,3580.46625
2025-12-25,2947.48,2971.46,2891.2,2903.95,188721.2981,0.00018185,0.00015275333333333326,8.538357142857149e-05,0.00010132233333333334,2.585397906210987e-05,8.228117997798153e-05,7.55675723959058e-05,1.014519219076036,1.1236538554447548,0.6958370846985956,0.19638591512340123,0.5141392509175942,0.651427622326421,63.01450276227857,28.004696693792397,47.15419709889112,2940.9739999999997,3078.8119999999994,3582.43685
2025-12-26,2903.9,2994.38,2894.26,2927.99,314830.9989,0.00014952,0.00015845333333333326,9.411142857142862e-05,0.00010441533333333334,2.044989568051568e-05,8.212996781433924e-05,7.557841813514274e-05,0.40526196713786283,0.6488663100147292,0.3565347147076775,0.19752837424250727,0.5150744953861237,0.6523133457239341,34.171224878471335,37.53991326303424,47.37276394598189,2937.543,3071.0690000000004,3583.67615
2025-12-27,2928.0,2960.89,2917.13,2949.05,95040.3956,0.00011652,0.0001492966666666666,0.00010097357142857149,0.000106599,3.2665572600890375e-05,7.94723962340662e-05,7.49257477658398e-05,-1.1690746879110325,0.17591042954627673,-0.03862762215536147,0.2168124396828163,0.5150812643639571,0.6489296164525618,42.074643249015196,36.6625320166063,48.96748783682802,2949.099,3061.3289999999997,3584.3394
2025-12-28,2949.05,2961.23,2924.54,2950.91,128834.139,0.00017877,0.00014826999999999993,9.845928571428577e-05,0.00011202799999999999,3.114381961177393e-05,7.610811717187693e-05,7.402243044948993e-05,0.9125501110961672,0.9517388535333234,0.6765028666585106,0.184166720188244,0.5051590599591308,0.64806730395203,34.02512971167202,40.14943393575353,48.96118139542193,2961.3329999999996,3052.317,3585.2358999999997
2025-12-29,2950.91,3057.78,2910.25,2937.9,485959.1824,0.0001953,0.00016352999999999995,0.00010410928571428577,0.00011756066666666666,4.154233142242504e-05,8.034457881899694e-05,7.383009076916352e-05,0.9795736457441742,1.1107353391029273,0.8769793386459008,0.18084584550410487,0.41812163939847935,0.645975532758374,28.372907981270913,47.226510239649876,53.93747908303164,2957.173,3039.4057999999995,3586.71215
2025-12-30,2937.91,3009.8,2919.44,2973.69,286583.2879,0.00012384,0.00016596999999999996,0.00011311928571428577,0.00011647466666666666,3.741006415405599e-05,7.434230139275533e-05,7.34775563074464e-05,-0.8491693638015317,0.27715378459677886,-0.06542700244926235,0.12572777971688096,0.4241193310473105,0.646112691754904,52.76413951388809,51.09711225399923,49.30137602069148,2956.7490000000003,3027.5226000000002,3588.68465
2025-12-31,2973.69,3028.08,2958.91,2971.64,233729.5887,9.889e-05,0.00013934333333333326,0.00011721428571428577,0.000116239,5.003985444966956e-05,7.162674937738891e-05,7.352376657030072e-05,-1.0440477857292034,-0.05297367324050429,-0.36860591484391964,0.12621709089745936,0.41391777998394247,0.6455939672590454,58.5509092192671,67.60635179544099,42.32295179519474,2953.7110000000002,3018.6002000000003,3590.88905
2026-01-01,2971.65,3010.0,2971.15,3004.19,136088.5207,0.00018239000000000002,0.00013503999999999993,0.00012962000000000005,0.00011676933333333333,4.286190033130605e-05,6.622523060909993e-05,7.395477238255375e-05,0.632081122837308,0.947651731493461,0.7492548664777564,0.14073598602721366,0.3677448380127748,0.6459253529869845,88.44737649538274,70.90913420302105,45.35361753282959,2953.1809999999996,3010.3856,3593.17195
2026-01-02,3004.19,3150.01,2992.49,3125.45,369891.2449,0.00018143,0.00015423666666666662,0.00012667642857142864,0.00011921033333333334,4.7934022711890215e-05,6.258864871364364e-05,7.486511003050406e-05,0.5912395913828573,0.84600719452117,0.719205475788586,0.32961835360841263,0.40522344262064003,0.6258384462458579,93.3825467964436,68.69763509160833,53.705914735613256,2969.2239999999997,3008.2638,3596.0783500000002
2026-01-03,3125.46,3136.71,3076.0,3127.11,134405.2258,0.00011839000000000001,0.00016073666666666661,0.00013169785714285722,0.00011451233333333334,3.6676430215384346e-05,5.8484210910483175e-05,7.003540290367057e-05,-0.5869251123775798,0.06306166292089603,-0.09916441754487912,0.30994177181606,0.39818586298220005,0.5840724972225305,92.7658756841919,69.10702392515822,53.216915084894055,2987.188,3008.558,3599.1641500000005
2026-01-04,3127.11,3167.22,3118.75,3144.7,181576.0686,0.00015041000000000002,0.0001500766666666666,0.00013789071428571437,0.00011383933333333333,3.152132188446473e-05,5.523106211657707e-05,6.957333030112767e-05,0.10995635314901636,0.4887038976779154,0.3142279537286491,0.31558113328340115,0.36830607580700647,0.574885430243372,93.27408333676348,68.58393247864953,53.074520432680416,3011.263,3008.0944,3602.26265
2026-01-05,3144.71,3265.66,3135.02,3224.99,382446.6618,0.00013977,0.00013618999999999993,0.00014953500000000007,0.00011579033333333334,1.630743388797892e-05,3.0121629527340882e-05,6.944819237400928e-05,-0.5332597356800362,0.2594083579246805,0.16113229386215244,0.3040449970020463,0.3797934396814418,0.5732391339232431,99.29599230718938,73.59316838164435,53.61172602022386,3040.9629999999997,3010.6884000000005,3605.782
2026-01-06,3224.99,3308.86,3183.27,3296.84,412503.5066,0.00019161,0.0001605966666666666,0.0001537628571428572,0.00012078066666666667,2.7380148526696464e-05,3.1649764716205684e-05,6.933432970323377e-05,1.1720710202670872,0.9525564545502294,0.8706635525954711,0.30063913018495264,0.3170221157345937,0.568832069202821,99.37356760864911,84.27326061783592,49.167870376077325,3075.7419999999997,3015.9964,3610.23375
2026-01-07,3296.83,3296.84,3125.42,3168.72,321350.1225,0.00018828,0.00017321999999999994,0.00015692642857142864,0.000122328,2.9016359179099872e-05,3.2790721860118775e-05,7.033178108322906e-05,0.9663766362711296,0.8333907691054315,0.8420053660295531,0.4950861598840865,0.37453069087443414,0.5764685297227333,71.73740404118453,68.60338013941637,44.432822775833955,3097.523,3016.8976000000002,3614.5987
2026-01-08,3168.72,3184.39,3054.65,3106.65,343616.1005,0.00014751,0.00017579999999999994,0.0001544735714285715,0.00012212166666666666,2.455636984593843e-05,3.2059154844418984e-05,7.024559797632804e-05,-0.6539440347333377,0.2166727400455238,0.27632338377713506,0.532409271400198,0.3264755738576526,0.5624540935902194,60.610140004882716,66.5280495758429,45.23257340383711,3114.398,3018.5209999999997,3618.99345
2026-01-09,3106.66,3148.41,3058.69,3088.4,274587.4533,0.00015985,0.00016521333333333329,0.00015521142857142866,0.00012048633333333333,2.0907468362858403e-05,3.205525082560237e-05,6.87097493199009e-05,-0.23574916681953315,0.36274401598207096,0.46015389501857423,0.5278130083463651,0.3281019118570317,0.5625000241328292,45.12281810275236,63.20442534681933,50.143099684582104,3125.8689999999997,3023.6045999999997,3622.37715
2026-01-10,3088.4,3104.12,3077.99,3086.72,82341.0546,0.00024236,0.00018323999999999996,0.00016420000000000006,0.00012534033333333334,5.156985262738744e-05,3.7544571870256836e-05,7.203742386989231e-05,1.5387106240993822,1.7380157545759622,1.544923824543384,0.43763587463628595,0.3270172757037797,0.5532253650615179,44.683427668734254,61.70603540620987,48.845135671627425,3137.377,3030.022,3625.5685
2026-01-11,3086.72,3147.27,3084.46,3123.45,149381.2965,0.00022272999999999998,0.00020831333333333328,0.00016734000000000006,0.00013185366666666667,4.310284484049293e-05,4.0572987413920136e-05,7.170301275267691e-05,0.7580892023228573,1.6366378894785838,1.2307373253024172,0.37651778718293294,0.3300400592977738,0.5542284139244377,47.33702599054329,63.84973510982598,52.50964927691371,3149.303,3037.0886000000005,3629.0933
2026-01-12,3123.46,3171.49,3065.55,3095.75,297373.4681,0.00020135000000000002,0.0002221466666666666,0.0001677721428571429,0.0001378836666666667,2.0511222131884468e-05,4.0924394676869016e-05,6.958658102321323e-05,0.16290217980275523,0.9570691238793736,0.9348691878232136,0.22138113006313231,0.3251648654833964,0.5379996376831845,31.345265588851262,62.37864458337279,55.825856298372585,3146.3329999999996,3042.9604000000004,3632.49225
2026-01-13,3095.75,3367.79,3091.96,3325.82,457782.2816,0.0001654,0.00019649333333333324,0.00017074071428571432,0.00013626466666666668,2.8971928367709582e-05,3.8952336843920164e-05,6.830859468983545e-05,-0.9214485066278538,-0.03821522597965498,0.43154402398109526,0.6382115849660407,0.43766954760988175,0.5587860245205772,52.87146763894216,71.16496567961383,63.45413631774613,3166.204,3050.4092,3637.0054999999998
2026-01-14,3325.83,3402.89,3280.48,3354.92,503440.0759,0.00028331,0.00021668666666666662,0.0001839135714285715,0.00014183499999999999,6.043262391575884e-05,4.368125783744788e-05,7.325080673907639e-05,1.364881649905531,2.4707313499016545,1.9409498856586505,0.6089683859099526,0.4274986941375511,0.55757896922652,72.9536489150615,72.31174032494151,70.83636363620514,3187.2259999999997,3058.3203999999996,3641.6020000000003
2026-01-15,3354.92,3384.19,3273.72,3318.69,389993.836,0.00015738,0.00020202999999999996,0.00018212714285714294,0.00014715766666666667,7.050467289485373e-05,4.425599506167451e-05,6.803182960342828e-05,-0.9590524719167687,-0.3315180880089441,0.31603633341911447,0.640930822312254,0.4343512505352539,0.5551016710287311,77.91763218860714,68.22977046128504,69.10709830324234,3196.596,3064.163,3645.695
2026-01-16,3318.7,3326.79,3253.01,3296.28,223921.7876,9.609e-05,0.0001789266666666666,0.00017603142857142864,0.0001489753333333333,9.545169581177604e-05,4.987939760554799e-05,6.580522129648649e-05,-1.231063178569891,-1.6174967400024414,-0.49144050825976565,0.667159868974694,0.4378633376177163,0.5527309447051005,77.07334861415413,61.183633387776574,63.724827562148256,3196.54,3069.784,3649.74905
2026-01-17,3296.28,3330.26,3283.96,3310.56,124325.0303,0.00022467,0.00015937999999999995,0.00018362285714285722,0.000156174,6.431332754577884e-05,4.850040863086107e-05,6.161061880033377e-05,0.551723768255763,1.0657284952440333,1.3156644279531673,0.6405961372894535,0.437347698031365,0.5481299441282649,78.22556239267948,61.81459870926678,64.2545532460425,3210.7239999999997,3075.3722,3654.2768
2026-01-18,3310.56,3368.82,3278.86,3284.03,173354.3026,7.589000000000001e-05,0.0001322166666666666,0.00017830000000000008,0.0001512823333333333,8.070145062726051e-05,5.5943914634330265e-05,6.19761137348307e-05,-1.052524836355668,-1.7513934896936312,-0.747049936432769,0.1629922859247921,0.4392384154767008,0.5423950166593406,70.78328846539264,58.87101908789854,62.06005867294986,3228.4620000000004,3081.2696,3657.8449
2026-01-19,3284.04,3284.58,3165.38,3189.55,442540.5596,5.509e-05,0.00011854999999999994,0.00017225142857142862,0.00015151566666666668,9.24891928822548e-05,6.437291043443684e-05,6.158615930954176e-05,-0.9664327256273738,-1.900161644456608,-1.0067195289431254,0.23170371067259016,0.4622575950276484,0.5218592059465021,60.350915912508874,47.78361475914087,57.166852411908906,3238.577,3085.2354000000005,3660.8364
2026-01-20,3189.56,3200.5,2920.0,2939.88,518166.4787,0.00015944,9.680666666666661e-05,0.00016995357142857146,0.00015470666666666667,5.523007182092401e-05,6.420267614923147e-05,5.931804431708545e-05,0.5366783110315341,-0.13967166750607207,0.4573353359853392,0.6540194872705104,0.5881451248744386,0.5574995570045593,9.17706790775027,31.737813612691397,49.13986588193678,3223.893,3088.0516,3662.9956
2026-01-21,2939.88,3069.07,2866.11,2982.27,577800.2481,2.1949999999999998e-05,7.882666666666661e-05,0.0001580728571428572,0.00015621333333333334,7.17526796248374e-05,7.502761906108847e-05,5.506357988616051e-05,-1.0307003869427296,-2.1449565830184842,-1.4333662713156965,0.7262514217521222,0.5896026981479282,0.5584634056304665,11.660733759937045,39.54396078908987,51.17073958435833,3209.7750000000005,3087.7756,3665.3249
2026-01-22,2982.28,3038.33,2906.02,2952.69,291660.7349,6.867e-05,8.335333333333327e-05,0.00015244142857142863,0.00015408833333333335,6.991119533625873e-05,7.874798271965668e-05,5.7202055912084396e-05,-0.14798564791088506,-1.2699972495557017,-0.7988695323473507,0.691994590105844,0.5624998389265337,0.5585312062231131,11.82250594565798,41.03945989982835,51.655233308330764,3195.469,3083.0622000000003,3667.2365999999997
2026-01-23,2952.7,3019.26,2892.4,2956.41,318415.3317,9.587e-05,6.216333333333327e-05,0.00014787142857142864,0.00015248433333333333,3.738708511431024e-05,8.012933447841554e-05,5.81616043322419e-05,0.30310791144713517,-0.8358520854070013,-0.4105809340291022,0.7144006230622331,0.5625923300663799,0.5432853018521048,13.109736242246342,42.185964455214986,50.97866361785787,3158.5280000000002,3079.5252,3669.3071999999997
2026-01-24,2956.41,2970.41,2943.84,2953.22,92082.9039,6.138e-05,7.53066666666666e-05,0.00013494428571428577,0.00014846866666666663,1.8177569511477097e-05,7.829056134427766e-05,6.0187719032152664e-05,-0.3938245551834934,-1.2257324573790145,-0.8847264188785393,0.7253488404802191,0.5613945312873245,0.5432683327106038,10.256695435520939,42.110675113394755,50.14538633707288,3118.358,3078.1539999999995,3670.9970499999995
2026-01-25,2953.23,2960.29,2787.0,2816.89,380186.5326,0.00014883,0.0001020266666666666,0.00012966571428571434,0.00014844566666666667,4.404888231663076e-05,7.430640874256723e-05,6.0187435261255605e-05,1.478520412433057,0.006332809142945381,0.3141948488175155,0.44555563049500485,0.5762580819373371,0.5525481979532297,8.243349542323728,33.79155739780124,45.727983271412334,3068.1780000000003,3073.7306,3671.2378
2026-01-26,2816.9,2951.21,2812.37,2930.35,485169.3372,-5.763000000000001e-05,5.085999999999993e-05,0.00011116714285714292,0.00014264066666666667,0.00010363124866569652,8.634859523407855e-05,7.08301233857817e-05,-1.595069141463744,-2.3209484263362867,-2.4448112255076775,0.5914461853523696,0.5974493603006474,0.5615305904057021,27.591036414532383,41.982083300959054,49.77382072213239,3031.585,3071.1406,3671.1331
2026-01-27,2930.35,3035.08,2899.77,3026.77,478792.3988,0.00025437,0.00011518999999999993,0.00011752214285714291,0.0001451606666666667,0.0001586969980812837,9.361520661963639e-05,7.345603615640164e-05,1.3415348675888028,1.326296138052266,1.67686165958763,0.6563558815411807,0.5985148779517487,0.567197348914301,60.2201886658304,33.34521435965348,51.53440560564255,3003.206,3069.1928,3671.47585
2026-01-28,3026.77,3045.78,2983.67,3010.78,296607.6549,0.00022757999999999999,0.00014143999999999995,0.00011354142857142863,0.0001462366666666667,0.00017291927220530038,8.697248148846494e-05,7.444557110712335e-05,0.788416328721806,0.9473724780371261,1.2770102976091602,0.6620903920264466,0.5935610521299324,0.5662838722623439,53.57545963019516,30.550029389109298,51.12239045644464,2975.881,3063.0476,3671.8133500000004
2026-01-29,3010.78,3013.5,2754.53,2822.59,561288.5979,7.642e-05,0.0001861233333333333,0.00010775857142857149,0.000144656,9.59455159626742e-05,8.65237908463054e-05,7.543436281819841e-05,-0.42480249139540516,-0.694702652028309,-0.7200784727374324,0.8871915233260435,0.6517990703975018,0.5883067965262918,38.327651175261394,26.071731748691434,45.219140287627354,2939.185,3053.0166,3671.06615
2026-01-30,2822.6,2828.65,2636.01,2707.38,793279.6252,1.0899999999999993e-06,0.00010169666666666661,0.0001009728571428572,0.00014139599999999999,0.00011534128676820106,9.111284156966404e-05,7.948493488138448e-05,-0.7235469871741739,-1.3723643966945342,-1.659374400730596,0.8662619909804811,0.6704201344475855,0.5742819930163467,31.382048176524833,23.92955801102005,38.958583132116125,2915.935,3042.4164,3669.5349499999998
2026-01-31,2707.37,2714.64,2250.0,2451.95,1113097.7132,-0.00014057000000000002,-2.102000000000005e-05,7.488428571428578e-05,0.00013063066666666668,0.00011017170280980489,0.00010430485184630116,9.424204647434507e-05,-1.371593452887361,-2.340442830585437,-3.1353470715209433,0.9762893902911816,0.7717950160425334,0.5982538600415537,22.787531350753014,18.677357926129503,34.27637217270187,2862.903,3029.7582,3666.10525
2026-02-01,2451.96,2475.98,2222.0,2270.15,1026573.9466,-0.0002232,-0.00012089333333333338,5.352071428571434e-05,0.00011714299999999999,0.00011343226804285472,0.00013123587891591463,0.00011367275933495237,-1.1889310426440023,-2.4394039287450426,-3.576805318466761,0.6846779318116973,0.8197653544807065,0.602437340568473,21.715468184153963,16.776768510857153,31.07992921330451,2794.649,3012.8684000000003,3660.5992499999998
2026-02-02,2270.16,2396.62,2157.14,2347.02,1248535.2114,-0.00034431,-0.00023602666666666672,2.499214285714291e-05,0.00010171966666666666,0.00010247384755803257,0.00016888084785426493,0.00014148526548073937,-1.28988982595316,-2.567914801644542,-4.08036148910408,0.9723517510589802,0.7551880627017081,0.6092611303803,18.635136733648366,22.069285595868777,30.977792221823535,2733.71,2998.5388000000003,3654.95
2026-02-03,2347.01,2359.88,2110.0,2233.72,1321099.3867,-0.00018375,-0.00025042000000000006,4.785714285714866e-07,9.058099999999999e-05,8.366943707240819e-05,0.00017272785917813317,0.00015039309586934753,-0.04456031600146047,-1.4049912173798982,-2.448810477230778,0.9599617892198176,0.7574051212073756,0.6143427328860541,8.119012663837083,24.263055077678814,27.37272262894743,2661.7599999999998,2983.9162,3648.384
2026-02-04,2233.72,2295.74,2076.68,2148.26,1264743.43,-6.515e-05,-0.00019773666666666673,-5.742857142857085e-06,8.375033333333334e-05,0.00014010459140708633,0.00017346204951508925,0.0001527175962239817,1.217875590937126,-0.5894381537668539,-1.3889930659710858,0.9615274157810432,0.7601792361125324,0.6194223762311416,7.564009210236264,20.528640587986317,27.878987574428336,2594.897,2967.6353999999997,3641.1652499999996
2026-02-05,2148.25,2173.77,1818.18,1826.83,1952286.6951,-2.798e-05,-9.229333333333335e-05,-1.2646428571428512e-05,7.643066666666667e-05,8.135504676014766e-05,0.0001721913204998781,0.00015263206783166182,1.1089660496690437,-0.31469297574602517,-1.057963837963278,1.3495594680215761,0.9636943222809545,0.7285815788134111,6.687255328399573,17.01839700022039,25.06099224440929,2484.545,2947.5022,3631.5159500000004
2026-02-06,1826.83,2093.94,1747.8,2063.38,2102311.5573,-0.00034287,-0.00014533333333333336,-4.3984999999999946e-05,5.8725666666666666e-05,0.000172078334584416,0.00018993326118361492,0.00016912540345661285,-1.0058200497621226,-1.985715276037174,-3.2741370314465947,2.0116917316599783,1.1545898869678766,0.7934508614425438,24.66242800036413,26.97937235450175,31.592198836258717,2388.206,2932.1983999999998,3623.0212
2026-02-07,2063.37,2121.7,1994.57,2087.08,1142616.4487,0.00011453,-8.544000000000004e-05,-4.0188571428571374e-05,5.7626333333333334e-05,0.00023405112411610507,0.00019271218275556615,0.0001686348708668913,1.2528252265640751,0.7016057510284699,0.18657679598691893,1.9678949113125936,1.1626072820841735,0.7768692465642606,32.44314846356717,27.90616996743138,32.18885190751611,2295.8360000000002,2914.35,3614.72555
2026-02-08,2087.08,2152.03,2064.1,2089.74,482837.2515,-5.779e-05,-9.53766666666667e-05,-5.4947142857142796e-05,5.0371666666666664e-05,0.00023100488768280604,0.0001848754640885997,0.00016876694978134783,0.10877481621807092,-0.27700270074066596,-1.08038989044988,1.9544318971239674,1.1665997814434046,0.7768276062344798,39.51068060510521,30.094115972317013,31.355446133835542,2222.5510000000004,2896.5861999999997,3607.0327999999995
2026-02-09,2089.73,2147.73,2008.62,2105.02,625378.5569,-9.232e-05,-1.1860000000000025e-05,-5.742499999999994e-05,3.9215666666666665e-05,0.00011081021748923634,0.0001851464617227632,0.0001666871856912593,-0.06644736131074547,-0.4156770734459346,-1.2979184094956975,1.9388803979714293,1.1396905072401484,0.7762568743743523,34.844309727167015,26.12293075812707,32.050236798494865,2162.315,2878.6462,3599.0232
2026-02-10,2105.02,2124.71,1989.38,2022.67,574321.6908,-0.00030378,-0.0001512966666666667,-9.72928571428571e-05,2.166533333333333e-05,0.00013317828439106071,0.00017250466644427883,0.00017424536892341938,-0.8889013111387553,-1.4919482180455848,-2.655201377537549,1.1514535729085964,1.134870567978558,0.7737907600889758,36.24956022044308,20.712627317363584,25.054651398704365,2119.3869999999997,2858.9098,3590.5117499999997
2026-02-11,2022.67,2032.31,1903.19,1941.18,529655.8177,-0.0003373,-0.00024446666666666674,-0.00013764142857142851,3.7103333333333295e-06,0.00013282452233434516,0.0001559391236179109,0.0001826415444956082,-1.0815959981693375,-1.4834112431255775,-2.670305779910377,0.49849929949280947,1.1376900895764421,0.7771498051140694,36.43805831343422,19.950329265261985,23.46982435067342,2086.4900000000002,2838.433,3581.5121499999996
2026-02-12,1941.19,2001.42,1897.24,1947.85,427567.1469,-4.413e-05,-0.00022840333333333336,-0.0001462521428571428,-3.274000000000004e-06,0.0001604630600273684,0.00014623616411494025,0.00018023565047094246,0.8675243559809946,0.12369917156709132,-0.7260726412014278,0.46765734600092235,1.138542533183636,0.7773329118205607,63.48562513919225,22.6335877862397,23.98627620649937,2046.5729999999999,2818.4406,3571.8909
2026-02-13,1947.85,2073.68,1924.72,2048.72,425649.7698,-9.266e-05,-0.00015803,-0.00015294857142857137,-1.5806333333333338e-05,0.00015713716905943343,0.0001410236817459521,0.00017252780764335913,0.5996226742339962,-0.1001306680222061,-1.013587545895691,0.7286840039874857,1.1764386591089517,0.7876837977665833,47.65829659436018,29.207126892502558,27.010282681577536,2028.0729999999999,2801.3360000000002,3563.1395
2026-02-14,2048.72,2107.67,2042.37,2086.59,220677.2355,-7.470000000000001e-06,-4.808666666666669e-05,-0.00014344142857142852,-2.1301333333333336e-05,4.273260386807074e-05,0.00014630978976956527,0.00016941884696957353,0.9795072122706492,0.42996119421290546,-0.4582433268467608,0.7500068821830647,1.17876143829239,0.7898988979521547,49.92511996077222,36.62958354676771,27.639400925840135,2021.9060000000002,2784.508,3554.6034999999997
2026-02-15,2086.59,2103.32,1928.88,1966.58,834778.0952,-7.713000000000002e-05,-5.908666666666669e-05,-0.00013300785714285708,-2.7075333333333335e-05,4.537075526531974e-05,0.0001453899143776627,0.00016822763397443863,0.2656403627564824,0.03556924820855459,-0.8927585492465127,0.8510863777375988,1.1664698246051441,0.7951917171694166,36.14747829211029,38.36459666843971,26.726541052910093,2035.8809999999999,2764.8586,3545.3863999999994
2026-02-16,1966.59,2023.51,1937.24,1998.33,351347.9433,-0.00014738000000000002,-7.732666666666669e-05,-0.00011894142857142851,-3.947700000000001e-05,6.995520733544915e-05,0.0001323122224633223,0.0001626503578157152,-1.399864173026565,-0.2833388693623118,-1.3115622477411693,0.7697495361325624,1.1544067551493093,0.7969959996532461,38.428667490885445,36.15639317443316,28.47949877871409,2029.3759999999997,2745.8070000000002,3536.8861000000006
2026-02-17,1998.34,2015.33,1941.66,1991.66,406246.9427,1.4079999999999994e-05,-7.014333333333336e-05,-0.00010481071428571423,-4.153733333333333e-05,8.095642675751953e-05,0.00013538659321559279,0.00016152617876715963,1.1610543683492656,0.9316530809138418,-0.26239919218581176,0.77381979131515,1.1549394491954985,0.7837562610407575,45.976176264417035,39.50085013354447,31.220688890262593,2019.834,2726.8822000000005,3529.4033999999997
2026-02-18,1991.67,2039.05,1923.78,1955.91,393639.0086,-3.528e-05,-5.619333333333336e-05,-0.0001026771428571428,-4.454966666666667e-05,8.273668190920831e-05,0.00013629202338126604,0.00016050143134999222,0.2401595318957377,0.6414432989095158,-0.5693828337539214,0.6049218958986158,1.137956732781716,0.7840977055526348,52.168791778213375,41.28099360857823,29.619539316885252,2006.4509999999998,2706.5266,3522.2132500000002
2026-02-19,1955.9,1987.55,1907.0,1949.08,300257.0733,-0.00021435,-7.851666666666669e-05,-0.00011598928571428565,-5.700933333333334e-05,0.00012019618643428621,0.0001375309428379991,0.00015861726270214213,-1.3523389814304403,-0.6456437170155724,-1.6483743363429861,0.5392946024944304,1.1346004329417758,0.7832419046164879,50.18101545243525,57.752552476275156,29.889590221387166,1990.857,2686.0753999999997,3514.47495
2026-02-20,1949.08,1981.18,1922.97,1968.88,386253.5557,-0.00014987,-0.00013316666666666666,-0.00010220357142857138,-6.273666666666667e-05,9.069601553180883e-05,0.0001218145767838558,0.00015876985094094538,-0.4643117762218385,-0.14586133086319147,-1.2176342373281004,0.2545132986941107,1.0761565510424906,0.784050118026205,34.56780578311361,41.73517579139684,30.338505891266806,1985.4779999999998,2665.3691999999996,3505.7144
2026-02-21,1968.88,1995.56,1955.62,1973.35,179173.8456,0.0001427,-7.384000000000001e-05,-0.00010019142857142851,-6.026900000000001e-05,0.00019028030980638096,0.0001258362552536457,0.00016143557827642024,1.3656649322770351,1.803331642257655,0.592889018274293,0.19742626539703664,1.0351754664889956,0.7841339339682255,24.866832386286333,39.70713341890856,30.50095319206507,1988.6950000000002,2642.3272,3497.5211500000005
2026-02-22,1973.35,1983.13,1935.0,1957.82,155325.6482,1.0499999999999998e-05,1.109999999999981e-06,-9.531357142857136e-05,-6.311466666666667e-05,0.0001465108538641822,0.00012889277688223858,0.00015932701802901138,0.42794039784564936,0.7923495915232691,-0.21216429042415283,0.2029329724025475,1.0191976613826614,0.7841357406891644,46.37417218516174,38.332684755981084,32.041424695067874,1989.6920000000002,2618.9414,3488.8937
2026-02-23,1957.82,1958.33,1837.13,1856.3,547359.4869,-0.00038215,-7.631666666666669e-05,-0.00011601571428571423,-7.789900000000001e-05,0.00027298302297642184,0.00014993321496402134,0.0001677328734327111,-1.2991759918527024,-1.8911663259168539,-2.4666021129418083,0.4748173300280782,1.022190761719309,0.7922440191325197,12.735477777147949,30.91408576069972,27.434691810864948,1970.45,2593.1734,3478.62365
2026-02-24,1856.3,1869.58,1800.0,1851.94,438064.0284,-4.81e-05,-0.0001399166666666667,-9.77528571428571e-05,-8.446333333333334e-05,0.00021181650274080667,0.00014058319909622492,0.00016231986459972183,0.18949438261088627,0.3799693436934821,-0.4742025865483956,0.47644831330294124,1.0136513666930669,0.7913753666265734,12.891745458360631,35.11741836494855,24.324135308409296,1946.985,2565.7124000000003,3467.8358499999995
2026-02-25,1851.95,2148.39,1846.74,2057.48,682979.4378,7.856000000000001e-05,-0.00011723000000000001,-6.804857142857137e-05,-7.992366666666668e-05,0.00023800765470886155,0.0001295785570969892,0.00016497886354657776,0.5785327339268305,1.1678581681741862,0.2798860580370298,1.1139179851681247,0.8621105507261103,0.8383070669619213,64.1837732159058,58.33524453861351,30.759760390057906,1956.075,2540.9251999999997,3456.8201499999996
2026-02-26,2057.48,2083.33,1975.35,2027.68,439783.3566,9.122e-05,4.0559999999999984e-05,-5.838071428571422e-05,-8.536200000000001e-05,7.704229747360494e-05,0.00013637157026437252,0.00015602534852408704,0.7280770867102402,1.1526562020514501,0.3656034372969702,1.1321062888183726,0.6897750968624738,0.8384028384331011,60.31441919048289,55.53782760092991,32.86070971159954,1959.0099999999998,2518.1044,3445.7057
2026-02-27,2027.68,2063.52,1887.0,1929.84,428687.234,-9.290999999999999e-05,2.5623333333333316e-05,-5.839857142857137e-05,-9.604499999999999e-05,0.00010284785964396577,0.00013637642052320606,0.00014439813905929306,-0.11617253259509654,-0.04059654129062058,-0.7064826192439068,1.228344244503581,0.7174042377238277,0.8451245680782351,45.74783252726869,41.718449577760204,33.10870698640393,1952.828,2494.5682,3434.2388
2026-02-28,1929.84,1984.99,1835.36,1964.51,461680.9835,-0.00025463,-8.544000000000001e-05,-7.605285714285708e-05,-0.00010708000000000001,0.00017304596585882148,0.00014500145513478751,0.00014340991929332484,-1.4803161622935976,-1.0981520522329002,-1.604997466114336,1.1064572930209409,0.7231551665358928,0.8460379812218592,49.09659485746972,41.45744115086903,38.28742238706138,1953.688,2472.0904,3421.10875
2026-03-01,1964.51,2054.8,1907.41,1939.71,529196.8464,6.871e-05,-9.294333333333334e-05,-6.563571428571421e-05,-0.000104826,0.00016167000257730498,0.00015006828557047945,0.00014568207038519857,0.6024094579215646,1.0649365352906048,0.2963420998002221,1.121572408149244,0.7226876872179763,0.8460105284123983,48.183659960215586,47.8307202944037,41.41196773114399,1952.7509999999997,2449.1502,3407.0607999999997
2026-03-02,1939.71,2090.0,1920.0,2027.35,577406.3749,-0.00018667,-0.0001241966666666667,-6.84421428571428e-05,-0.00010636266666666666,0.0001704827760606509,0.0001520686281902594,0.0001463138654879188,-0.7319225851870137,-0.7317442081627121,-1.1639938986212122,0.6785924532517558,0.7318601024297072,0.8543392139455163,67.64675539039027,52.1489292377699,41.73812809810924,1958.598,2427.2282,3394.46335
2026-03-03,2027.34,2041.48,1929.56,1982.8,509329.8534,-7.411000000000001e-05,-6.402333333333335e-05,-7.47414285714285e-05,-0.000101393,0.00012798844374921345,0.00015020241890180416,0.00014473197752490525,0.275382148134988,-0.03166304045501522,-0.48316289942920776,0.6935015686829911,0.7156748466030965,0.8472651316414622,62.46665650475625,49.378768756038234,43.27602285266785,1959.5430000000001,2404.9692,3382.18
2026-03-04,1982.81,2199.0,1945.08,2127.28,737644.8152,-8.840000000000003e-06,-8.987333333333335e-05,-7.285285714285708e-05,-9.021066666666666e-05,8.99568742973308e-05,0.00015090134996737121,0.00013812526371158952,0.6287480638149272,0.461804068528169,-0.08632053258183359,0.7383442837034754,0.7745779145144316,0.8686243206408829,57.52511966872168,60.426122190617775,49.45503096289718,1976.489,2380.9984,3370.70645
2026-03-05,2127.28,2163.66,2054.75,2072.86,432157.8126,-3.6309999999999996e-05,-3.975333333333335e-05,-6.013571428571422e-05,-8.529599999999999e-05,3.277095716248447e-05,0.00014546361039602864,0.0001373028520586595,0.1186746015870981,0.22643156021897076,-0.2317482773304226,0.8355006877089789,0.7557966075836295,0.869402832475812,54.62530712522884,57.11853879588697,57.42006309290791,1998.145,2355.3572,3358.7090999999996
2026-03-06,2072.86,2093.33,1955.95,1978.68,411597.7569,-7.864999999999999e-05,-4.1266666666666676e-05,-5.5048571428571364e-05,-8.5746e-05,3.516796032392841e-05,0.00014331349063434075,0.00013725666309054904,-0.025604433563181605,-0.07510447960746808,-0.4638033188069664,0.96229571858609,0.7770096752653106,0.8709832045866626,55.03775219697463,50.519177791830124,47.205542725086,2010.8190000000002,2328.557,3347.03755
2026-03-07,1978.68,1996.04,1948.09,1969.59,184459.82,-8.171e-05,-6.555666666666668e-05,-7.107785714285707e-05,-8.7537e-05,2.5374525283157318e-05,0.0001315625145454187,0.00013682678496473914,-0.803823314831959,-0.09719290652834056,-0.45931348201129163,0.8612342160461177,0.7344736506752141,0.8677456784218287,50.553184075190806,49.801775584583076,46.08598897978597,2002.03,2302.0232,3336.5075500000003
2026-03-08,1969.6,1979.8,1916.14,1937.1,391189.7317,-0.00021063,-0.00012366333333333333,-8.687285714285708e-05,-8.3129e-05,7.533088167110509e-05,0.0001342615540037931,0.0001302913889855618,-1.644903500111223,-1.0559756977228656,-1.1960758500690702,0.8527857566065591,0.7341055161487257,0.864502113032888,49.72046695933424,48.92684745896072,45.0141110065028,1992.9720000000002,2274.554,3324.5122499999998
2026-03-09,1937.11,2053.52,1929.65,1992.98,550825.4883,-0.00014506,-0.0001458,-6.993785714285708e-05,-9.178200000000001e-05,6.44631856179391e-05,0.00010616466775564908,0.00012523352964593807,-0.5075874858770197,-0.49685187759421956,-0.7736588795734884,0.5309899067153385,0.7450926035281388,0.8686773269102331,46.05024247849358,57.430360754038745,46.43484458917979,1999.286,2248.733,3313.35065
2026-03-10,1992.97,2088.19,1991.0,2036.51,463411.8739,0.00012007000000000001,-7.854000000000002e-05,-5.792571428571423e-05,-8.585333333333333e-05,0.00017509798770977455,0.00011771157336172924,0.0001309765723545283,1.6091775514725426,1.4018640861664489,0.8363228924055347,0.5789374628026022,0.7458303011804399,0.8716151220396594,56.18679014896368,59.62394802423222,50.451549755209605,2006.486,2225.6722,3299.3728499999997
2026-03-11,2036.5,2085.58,2007.17,2051.97,350061.256,2.5240000000000002e-05,8.333333333331955e-08,-6.173428571428566e-05,-8.193466666666666e-05,0.00013434330140853725,0.00011375185589113862,0.0001325258914386282,0.6320111509831402,0.6367522097191738,0.28886269898638783,0.3530708004429738,0.7457552862320719,0.8722122978435305,37.656121947135304,49.641663306492326,53.77743833821995,2017.712,2207.9139999999998,3285.7406999999994
2026-03-12,2051.97,2095.0,2017.59,2073.52,400507.8132,-7.422e-05,2.369666666666665e-05,-7.355142857142851e-05,-7.428266666666667e-05,9.71541941109333e-05,0.00010488790821685262,0.00012572792411784422,-0.13098075439410947,-0.13033459256114163,-0.3027945277124501,0.32949597180521545,0.7458226842000407,0.8720363090494607,50.121243294749455,53.01348970512738,54.24173895422967,2022.3290000000002,2189.739,3272.20755
2026-03-13,2073.51,2209.03,2070.12,2092.22,599657.0399,4.3e-05,-1.9933333333333538e-06,-6.384357142857136e-05,-6.1606e-05,6.317731343880573e-05,0.0001091608689825709,0.0001171756691997435,0.4729844309378891,0.8245434778169514,0.462185741934787,0.17502939914643148,0.7463178824245329,0.8728878401733035,78.86120996413209,61.914475228799766,51.554481910730324,2033.271,2172.5296,3260.7877500000004
2026-03-14,2092.21,2106.09,2061.6,2096.16,152500.5822,-3.7879999999999996e-05,-2.3033333333333352e-05,-4.8361428571428515e-05,-6.139766666666666e-05,6.000374766083585e-05,9.439203452842127e-05,0.00011721336226882046,-0.7053091751246343,0.20906443930570298,-0.03610308420589995,0.1376894522507243,0.7447603640489731,0.8508944116214238,83.03837118215543,60.115873430431115,50.350485259006774,2030.159,2155.3246,3248.2653999999998
2026-03-15,2096.16,2202.87,2083.35,2178.3,280825.9377,1.6799999999999975e-06,2.2666666666666474e-06,-5.314928571428566e-05,-5.8253e-05,4.044319143372677e-05,8.957404564545345e-05,0.00011761054773683972,0.2123181873627288,0.45756014212467655,0.2616318979130058,0.273856462294474,0.7130820329688758,0.8575724430733149,99.99999999970979,66.84838641325672,57.97510886094237,2040.703,2139.8262,3236.6233500000003
2026-03-16,2178.29,2386.02,2164.73,2352.97,845892.7756,0.00024684,7.021333333333332e-05,-2.218428571428566e-05,-4.9776e-05,0.00015423677555416075,0.00011199168195170033,0.0001299180148533768,1.6769885043259034,2.2866234496999573,1.877790885991057,0.594500757501237,0.7695330017203115,0.8823526689179724,99.99999999980555,70.47718468569367,62.06012378414352,2078.132,2130.5478,3225.8321499999997
2026-03-17,2352.97,2376.66,2294.15,2317.39,493831.1016,6.062e-05,0.00010304666666666666,-1.2560714285714225e-05,-4.5184333333333334e-05,0.00012796824970805963,0.00011297088286975026,0.0001313443172229982,-0.02034385647149148,0.7625802305716521,0.6453392541385514,0.693495711203358,0.6521657969031046,0.8826613473841651,89.89319395505363,71.28137283573571,60.86338805092653,2112.912,2118.2886,3215.6182
2026-03-18,2317.38,2350.0,2153.21,2203.39,488040.8887,1.4060000000000001e-05,0.00010717333333333332,-1.0924999999999939e-05,-3.9803e-05,0.0001231748421283513,0.00011319446362853201,0.00013031602630288148,-0.38476411106006325,0.4181487828078666,0.3674847807259547,0.9394196974623409,0.6907054873246019,0.8890607780607112,66.80278751820597,55.03619496304135,57.84425595567433,2139.541,2101.821,3204.7666500000005
2026-03-19,2203.39,2233.72,2099.38,2137.81,490791.679,-1.185e-05,2.0943333333333313e-05,-9.177857142857082e-06,-4.0667333333333336e-05,3.6722070112466876e-05,0.00011296103754279379,0.00013003200070148412,-0.6944527523240055,0.16411540475167624,0.20119924838142336,1.0036652708723546,0.6664831585708694,0.890934701762555,56.49905986526849,54.23518825222559,55.76729148449395,2154.024,2084.3616,3193.49655
2026-03-20,2137.82,2176.84,2116.88,2146.22,300156.1778,-0.00012367,-4.048666666666668e-05,-1.2393571428571368e-05,-4.361366666666667e-05,7.319448226024558e-05,0.00011569849700552668,0.00013090419079939554,-1.1881406060244075,-0.9285075870984381,-0.5480657915454598,0.9364722471350382,0.6640400232127397,0.8896105667951119,55.574826560871124,62.300666646960096,55.45721987656769,2164.995,2070.8342,3182.65515
2026-03-21,2146.21,2168.27,2070.78,2084.87,132559.4646,5.558e-05,-2.6646666666666684e-05,-2.587142857142796e-06,-3.4616e-05,9.053643815252121e-05,0.00011518852883782052,0.00012800876259336176,0.7568318708353577,0.7594003884271405,0.7072758872428303,0.38441282752337896,0.6756633736808386,0.8715003352097039,48.95796799137159,57.86057167782975,53.31569245397558,2168.285,2058.384,3171.447
2026-03-22,2084.86,2127.21,2026.0,2053.89,313070.5572,-7.329999999999999e-05,-4.713000000000001e-05,7.22214285714292e-06,-3.206366666666666e-05,9.244615892513935e-05,0.00010109421798716694,0.0001263845515025462,-0.6393578132247745,-0.538184362907748,-0.18096500763599402,0.3849844133397238,0.6543329020843591,0.8703261169800434,37.31985241652333,57.97996638276894,52.83033320558116,2166.322,2050.4228,3159.4641500000002
2026-03-23,2053.9,2198.57,2023.04,2152.03,614508.4369,-1.3500000000000057e-06,-6.356666666666682e-06,1.7487142857142918e-05,-3.6865333333333334e-05,6.458570765537173e-05,9.125997491767856e-05,0.00012218243862560502,0.4276193786356253,0.14574883866427069,0.3314834292922148,0.6087408854553189,0.6739729934657729,0.879975272756468,25.734228576905622,60.274149580656605,58.72993381618257,2172.303,2048.0604,3148.7365499999996
2026-03-24,2152.03,2175.16,2103.02,2156.23,316703.4728,2.3199999999999998e-05,-1.715000000000002e-05,1.0567857142857204e-05,-3.6442e-05,5.0152691852101945e-05,8.64283172237499e-05,0.00012237405828313306,0.6433824418494163,0.375484532422451,0.5157522096143835,0.5444391137843628,0.6046054206321979,0.8800086318404116,28.942141849108197,58.14754321480686,58.983473172592774,2178.31,2044.2446,3137.98045
2026-03-25,2156.22,2199.02,2146.35,2169.02,275641.5255,-1.0100000000000005e-06,6.946666666666645e-06,8.692857142857206e-06,-2.3737333333333334e-05,1.4076826110492399e-05,8.637024883322818e-05,0.00010358838351636856,-0.03443826108297979,0.11493656967204074,0.3535100803912606,0.545439571661966,0.5928900558464619,0.8803831566082713,43.8941197369667,57.99489091966015,53.71586956801407,2177.382,2042.9506,3127.4598499999997
2026-03-26,2169.02,2172.19,2034.54,2060.43,338010.6238,-3.0440000000000007e-05,-2.7500000000000215e-06,1.1820000000000061e-05,-2.3148666666666667e-05,2.6862298859401115e-05,8.389443494882062e-05,0.00010349529943457094,-0.3748328110072794,-0.20721619182341283,0.1687437855582421,0.6789444080226881,0.6008815118977953,0.8816531746064654,38.07557171908199,49.20092299795025,51.03662203643661,2148.1279999999997,2041.194,3116.23105
2026-03-27,2060.43,2077.19,1970.93,1992.75,394873.5248,-0.00023475999999999998,-8.873666666666667e-05,-8.019999999999937e-06,-3.359266666666667e-05,0.00012731316362947617,0.00010590864582995893,0.00010856261860398781,-1.759502788963366,-1.9801615607379643,-1.267569305184211,0.7267557818863861,0.6192928926643145,0.8771080180551751,30.002866598855988,44.270491331073124,52.03002278159544,2115.6639999999998,2044.5123999999998,3104.66295
2026-03-28,1992.76,2047.45,1983.17,1994.74,154831.8055,-0.00013033,-0.00013184333333333335,-1.4623571428571367e-05,-4.097766666666666e-05,0.00010216840623865143,0.00011068804143641788,0.00010730767651565931,-0.5207743888216367,-1.1272819431164163,-0.4987972325296814,0.4909183191811057,0.614437382650034,0.8719198666369748,36.10691494273432,44.14501789624548,50.99649923184658,2094.799,2043.1396000000002,3093.0861999999997
2026-03-29,1994.74,2019.65,1938.82,1984.64,166726.7382,-8.559e-05,-0.0001502266666666667,-2.0857142857142796e-05,-4.073366666666667e-05,7.654952797598593e-05,0.00011214701082668148,0.00010719378081169925,0.11776013790122936,-0.7465190678956913,-0.13319463717641072,0.4718480684980074,0.602743906383833,0.8719226245451263,38.59105736588685,37.80570737720961,51.49556290807985,2079.482,2041.0908000000002,3081.2628000000004
2026-03-30,1984.65,2085.0,1980.28,2026.48,338304.4344,2.7040000000000002e-05,-6.296000000000002e-05,-3.65571428571428e-05,-3.1344666666666665e-05,8.108894437598906e-05,8.351963955385532e-05,9.990024706512075e-05,1.1807489933540156,0.44167333854291796,0.7498872664589813,0.548026536841315,0.6022348916902058,0.8624136095750885,24.604555200383345,25.31191869692023,49.97012998596459,2067.5080000000003,2039.8256,3069.1011
2026-03-31,2026.48,2124.03,2012.64,2105.43,421897.9023,1.043e-05,-1.6040000000000016e-05,-4.01421428571428e-05,-3.3287333333333336e-05,6.0801931712832004e-05,8.003189548581277e-05,9.844352299782795e-05,0.8667348603559771,0.277139889937117,0.6188233080103762,0.5183830705167403,0.6237286564127363,0.8642054223179018,42.11033111750796,34.95884189604179,54.11314071807963,2069.564,2039.8337999999997,3056.06745
2026-04-01,2105.43,2167.85,2082.08,2140.35,399227.3779,8.953e-05,4.2333333333333317e-05,-3.475142857142851e-05,-2.4080666666666665e-05,4.170871651519346e-05,8.626279658533222e-05,9.65004311204401e-05,1.2075128648565066,0.9996617399288924,1.19309858085752,0.32705312975353,0.6259454371561087,0.8320979619958072,45.83369663140615,44.96099245417741,50.47315642751233,2078.21,2042.1873999999998,3043.4365500000004
2026-04-02,2140.35,2159.37,2017.04,2057.17,346872.8323,-0.00029611,-6.538333333333334e-05,-5.505571428571422e-05,-3.1480666666666665e-05,0.00020369167516947175,0.00011050535738590268,0.00010826402704157264,-1.626355217448838,-2.3402410937004454,-1.7460392183029725,0.5710416741294727,0.6489490001879294,0.816269367429951,49.4884830225487,43.730563502828055,49.44358150510427,2068.7239999999997,2044.5072,3030.69995
2026-04-03,2057.18,2081.76,2040.66,2053.83,136266.6393,-3.3089999999999997e-05,-7.989000000000001e-05,-4.858571428571422e-05,-3.2289e-05,0.000197033581909309,0.00010881783010815661,0.00010817965183606994,0.049145839994013264,-0.07304035354575521,0.22272517658210686,0.5655782214984943,0.6488389029005679,0.8115518645470883,62.00849323669627,42.75997178895093,52.84859787566393,2058.484,2046.6268,3018.3504000000003
2026-04-04,2053.83,2084.0,2044.63,2065.52,86504.4406,5.6200000000000004e-05,-9.1e-05,-4.85414285714285e-05,-2.9205333333333333e-05,0.00018315501658434713,0.00010886360003777158,0.00010937299984322754,0.592105901820797,0.6665711405194537,0.8983526425899091,0.5457912132124353,0.6252304731781952,0.8030409987879747,63.404287553805084,48.355682455399155,53.62912073350371,2048.134,2046.9628,3006.1715500000005
2026-04-05,2065.51,2123.49,2021.5,2110.17,157353.3199,-1.2749999999999998e-05,3.453333333333318e-06,-4.4216428571428513e-05,-2.7008666666666664e-05,4.679836571233096e-05,0.00010900700228792322,0.00010900686190778322,0.1742947049174401,0.22407227279320646,0.3451173735355238,0.4613955452374329,0.526047966630411,0.799305238181175,71.02187091787616,54.673952762056054,56.48770832852901,2053.1079999999997,2047.4344,2993.76975
2026-04-06,2110.17,2174.79,2087.5,2107.16,356054.2894,0.0001059,4.9783333333333315e-05,-3.655571428571423e-05,-2.0755e-05,5.958469462323961e-05,0.00011580774683228559,0.00011112149451432643,0.9117152849121456,1.3640793823508741,1.2494485966736613,0.42896994138339567,0.5244156084229943,0.6887117218317327,65.53091553073887,45.5743396522916,54.45681363965114,2064.549,2050.246,2981.36725
2026-04-07,2107.16,2273.87,2060.24,2240.01,460094.8093,-5.877e-05,1.1459999999999977e-05,-4.2410714285714224e-05,-1.5692999999999997e-05,8.496261118875572e-05,0.00011462025585948502,0.00010548991110933839,-1.0352273150437858,-0.2227071198882153,-0.0764862262034406,0.5038617243096625,0.5535006965468644,0.6380695100585071,71.45453386031751,56.59083042248148,57.425489680823794,2089.076,2055.0796,2970.22435
2026-04-08,2240.01,2270.55,2179.78,2190.0,404717.6321,0.00022545,9.085999999999997e-05,-2.623499999999994e-05,-3.342666666666666e-06,0.00014270565265612668,0.00013506796880145567,0.00011134812182527852,1.4681170538658954,2.1388961024601265,2.1723838641866937,0.5977169799569367,0.5461871619273223,0.640262712013556,57.55179022285679,51.55915576683683,54.91269406251736,2109.612,2059.0463999999997,2958.7722500000004
2026-04-09,2190.0,2246.0,2157.31,2190.2,275317.9503,3.744e-05,6.803999999999998e-05,-2.138642857142851e-05,-6.0969999999999985e-06,0.0001445597526976691,0.00013611966825650477,0.00010919117556706773,-0.19809987762132825,0.4670315501786736,0.6612734801574129,0.6056753198856263,0.546065936249656,0.6402639675496498,77.06612410964809,61.49607554776475,54.21690230422427,2125.9839999999995,2063.7322,2947.4983999999995
2026-04-10,2190.17,2257.99,2176.1,2245.05,272899.0858,1.085e-05,9.124666666666665e-05,-3.842857142857082e-06,-6.576666666666666e-06,0.00011698144311532664,0.00012155193979583008,0.00010908031882066103,-0.4949248966914353,0.2578599828128814,0.43663984872763445,0.6112011303826794,0.5375088765214068,0.6428018480241587,82.16376236272106,72.87066246038285,55.38274057313875,2139.946,2069.6516,2937.72825
2026-04-11,2245.06,2329.93,2229.0,2284.99,214785.4039,-0.00017522,-4.231000000000002e-05,-7.049285714285653e-06,-9.943333333333332e-06,0.00011586871061685331,0.00012566761840200675,0.00011273739438158078,-1.2477671639560848,-1.2750936048892134,-1.084221317573234,0.5933103072276209,0.5337848311798681,0.6357359815280522,83.71171392565932,74.61706783352079,56.48619498075873,2154.41,2075.9738,2928.3319
2026-04-12,2285.0,2288.57,2175.0,2191.65,258156.8821,-7.820000000000003e-06,-5.739666666666669e-05,-1.494285714285653e-06,-1.1637333333333333e-05,0.00010246411876040091,0.00012363111754882288,0.00011229537798491826,-0.18189405509262568,0.13613256062216259,0.24711676138706645,0.5298641698632296,0.5358078224107502,0.6359830593776519,60.88722608219502,65.3849012291102,50.45506295880145,2167.858,2080.3398,2918.5261000000005
2026-04-13,2191.64,2394.71,2175.68,2369.46,453870.8292,5.0560000000000004e-05,-4.416000000000003e-05,1.8571428571434735e-07,-8.689333333333332e-06,0.00011719470465858134,0.0001242071537462939,0.00011274267545388396,0.7372540742180821,0.6122840487087918,0.731108064073519,0.8276422395288213,0.6290421834069972,0.6630288694563568,73.8888888887947,71.20458985570185,50.56089580049828,2199.421,2088.5726,2911.0015999999996
2026-04-14,2369.46,2415.5,2302.9,2322.44,460107.3841,0.00023490000000000002,9.254666666666665e-05,1.6219285714285776e-05,-9.15333333333331e-07,0.00012669021167140102,0.00013921295703755508,0.00012120538328014164,1.4469929353724476,1.851915461067055,2.169795839631477,0.8787122275023475,0.6378049986448364,0.6547209379353767,58.898460608326886,63.96802306858878,50.170445723911364,2225.113,2097.8954,2902.4526
2026-04-15,2322.44,2385.61,2308.5,2359.95,268190.6377,3.711e-05,0.00010752333333333333,1.2475000000000063e-05,-7.906333333333331e-06,0.0001105162297282362,0.00013778715524314045,0.00011213117341579575,0.06277342995305712,0.33499102091153277,0.5398477269070535,0.8700517291857889,0.5897819883783307,0.6543936094332253,68.85525994619525,64.08775981512737,55.57184750722063,2250.091,2108.0556,2894.16045
2026-04-16,2359.94,2369.59,2285.1,2348.17,328960.9377,-0.0001065,5.516999999999998e-05,2.601857142857149e-05,-1.3476999999999996e-05,0.0001714150305545326,0.00011203407921472749,0.0001127588951196966,-1.1913998478152987,-0.8484962001184781,-0.6303571770314566,0.8733784940271165,0.5645497831141271,0.6363952418769814,67.08707409400338,70.5508474574876,57.78465273242808,2274.192,2113.8694,2885.1905000000006
2026-04-17,2348.16,2464.91,2317.43,2419.0,491731.3615,3.502e-05,-1.1456666666666683e-05,3.088357142857149e-05,-1.2778333333333333e-05,8.231657447528535e-05,0.00011074124418293374,0.00011300007827530003,-0.12505295195417143,0.23027479572935297,0.5037727744047361,0.7214175638302074,0.5708029602640471,0.6390267446517538,68.18685569694976,73.54446865839282,59.648824935858194,2292.091,2121.6958,2876.2101500000003
2026-04-18,2419.0,2427.64,2339.92,2350.32,221741.3888,-0.00018466,-8.538000000000003e-05,1.3679285714285775e-05,-1.8538666666666666e-05,0.00011135244227232934,0.00012437579114331197,0.00011727487830270204,-1.16948496974542,-1.4767483813166271,-1.2577621727753385,0.46632340668911854,0.5911911388365136,0.6437036936643672,56.44318204225204,67.10551604832077,59.34110791264076,2308.123,2130.1054,2867.236
2026-04-19,2350.33,2355.3,2252.72,2263.27,256086.8276,-0.00044791,-0.00019918333333333337,-1.7403571428571364e-05,-2.9346666666666665e-05,0.00024179235230533378,0.00017539878341859291,0.0001400309416628429,-1.5739746412436093,-2.6413330700520996,-3.056839434986125,0.5475553011728215,0.6198778162265607,0.64943596824787,57.15227290876407,58.74977139712618,57.0883041964062,2315.43,2136.0806,2856.8122000000003
2026-04-20,2263.28,2346.78,2259.67,2313.85,301000.0659,-1.525e-05,-0.00021594,-2.6057142857142797e-05,-3.170766666666667e-05,0.00021801948926647232,0.0001717990818650306,0.00013914396188424626,0.6776916801187889,0.04653932053952467,0.1351095904769723,0.5709824598049626,0.6072427645614583,0.6510571304048257,42.55455884313885,61.20331725287476,55.66049615906487,2322.31,2143.5634,2845.9597
2026-04-21,2313.84,2338.75,2284.19,2327.14,226645.977,-0.00011778,-0.00019364666666666668,-3.0272142857142796e-05,-3.319033333333333e-05,0.00022608733319968768,0.00017338002795896674,0.00013983768880464193,0.1496979703040473,-0.5279749702187337,-0.644327904896382,0.576502011701447,0.6049872879600394,0.6508450563013107,50.69174614377872,55.426023490045196,55.94068697980727,2326.525,2149.5592,2835.0310499999996
2026-04-22,2327.15,2423.75,2312.95,2374.07,379707.1259,0.00015669000000000002,7.886666666666648e-06,-3.518357142857137e-05,-2.7922333333333332e-05,0.0001386900293220282,0.00016641273109614015,0.00014399365126527855,1.247729124355424,1.0922016064354678,1.4272158307619764,0.5321689115713516,0.574883874307679,0.6522201789868673,52.02211147380307,61.50710793802767,56.96212846567695,2344.767,2157.3846,2824.46565
2026-04-23,2374.08,2382.0,2285.42,2330.26,356645.6923,1.9910000000000004e-05,1.960666666666665e-05,-3.643571428571422e-05,-2.8032e-05,0.00013723525142376848,0.00016588938166575844,0.00014395462106820523,0.4430109770587068,0.18119150224909333,0.39343874007914365,0.49420031024978667,0.5843860592772642,0.653871711257315,47.65065456349307,58.30309928614261,59.583188310970215,2340.847,2161.4442,2813.54535
2026-04-24,2330.27,2337.5,2300.22,2314.99,183887.6181,-0.0002277,-1.703333333333335e-05,-5.347499999999994e-05,-3.558833333333333e-05,0.00019483974295134255,0.00017276753989770404,0.00014836920763076984,-1.3161300595979522,-1.286515107817576,-1.559166862955508,0.3320064696336255,0.5869804601353791,0.6390424948076955,34.028438929935135,54.3503682323894,61.88709034825124,2340.102,2166.2868,2801.70025
2026-04-25,2314.98,2323.21,2300.55,2319.5,68139.2191,-0.00010959,-0.00010579333333333336,-4.8787142857142794e-05,-3.8226666666666664e-05,0.00012384865374054707,0.00017007950201770492,0.00014897698834875556,-0.36507111175964685,-0.5136855598495391,-0.6192619839124923,0.27423781382615425,0.5828615178620526,0.6388794291359357,44.10572215410467,52.24554599748425,61.957818460187134,2336.057,2173.1032,2791.05925
2026-04-26,2319.49,2380.0,2306.72,2369.44,154591.6219,-5.904e-05,-0.00013211000000000003,-5.2445714285714225e-05,-3.236933333333333e-05,8.655582995970171e-05,0.00016968090036727064,0.00014436648070538524,-0.10500800360079811,-0.15134989920712538,-0.2057563547083261,0.3283395243508407,0.5863271337176452,0.5878913619005588,73.66379886750956,62.26121019008404,63.764683998784825,2338.184,2181.1002,2780.2778500000004
2026-04-27,2369.45,2404.37,2266.09,2303.67,300363.8586,-0.00022093999999999998,-0.00012985666666666667,-7.183857142857137e-05,-3.5389666666666664e-05,8.283088695254996e-05,0.00017249434545278238,0.00014740253044855664,-0.9545878782286145,-1.0874763723532719,-1.429267538188154,0.3648640913350362,0.5474103379079124,0.5912508363762169,47.87491649952613,44.63350571795931,59.74847191046887,2326.651,2188.4316,2769.9557499999996
2026-04-28,2303.66,2310.88,2258.24,2289.42,187932.2201,-0.00027757,-0.00018585,-0.00010844357142857136,-4.1788999999999996e-05,0.0001134121743906412,0.0001559792379974355,0.0001536902807899846,-1.0845520457968123,-1.319599581414377,-1.7986519971091068,0.34031435564563733,0.5380196825948622,0.5773680263561586,42.15735196261854,47.15442950695275,56.77924259942154,2320.561,2194.3603999999996,2762.25425
2026-04-29,2289.42,2346.95,2220.36,2252.9,355078.1015,0.0001229,-0.00012520333333333332,-0.00010231571428571422,-3.859366666666667e-05,0.00021672145079190032,0.00016363469914670322,0.00015614748782817944,1.4864139124517757,1.149859115152988,1.214169714434648,0.3573244837870843,0.5436546871122081,0.5779858654980765,23.6667101316271,40.75896479678002,54.1421011179429,2319.524,2198.6882,2754.7848
2026-04-30,2252.9,2279.0,2231.64,2257.51,167194.2776,-0.00018445,-0.00011304000000000002,-0.00010788357142857137,-4.508966666666666e-05,0.000209567641347639,0.00016510756636470666,0.0001580794115470178,-0.3800015759717861,-0.6753054204172649,-1.1113546535931402,0.35750998094412406,0.5335008659890697,0.5767633769985244,30.942526326705902,42.07572896989915,57.82553670185157,2313.8900000000003,2202.799,2745.3109000000004
2026-05-01,2257.51,2325.28,2257.21,2295.63,191082.555,-8.008e-05,-4.721000000000001e-05,-0.00011610499999999993,-5.0743333333333326e-05,0.0001562892616273176,0.00016023826767323698,0.00015611963368834317,0.30407894989131656,-0.06770517894213919,-0.3297733987632894,0.32727239018562043,0.5329584950487204,0.5684104962920004,45.47070933917363,38.56266107938743,59.195175004817585,2310.7390000000005,2207.2412,2735.5848000000005
2026-05-02,2295.63,2343.6,2292.91,2316.97,85588.4724,-4.6439999999999996e-05,-0.00010365666666666668,-0.0001062321428571428,-4.242099999999999e-05,7.196238207109255e-05,0.00015994728204478306,0.00014908487992783647,0.30887933682213053,0.15234107517919435,-0.07338758253546575,0.24552585691831424,0.4993237096771807,0.5653823157754357,49.45131207965896,46.61070346945005,59.49247623565156,2305.029,2211.7362000000003,2726.54455
2026-05-03,2316.97,2356.92,2297.59,2322.65,151074.4342,0.00010639,-6.710000000000009e-06,-6.663928571428566e-05,-3.777166666666666e-05,9.93811848390419e-05,0.0001356179096105669,0.0001515405827534603,0.9434141197886442,1.0638398824142843,1.0830479669933077,0.23266240015653747,0.3675973883358095,0.5392548117890945,37.441623275397454,57.230529443085764,58.264488525738514,2304.268,2216.266,2718.2297500000004
2026-05-04,2322.65,2398.93,2309.24,2347.16,453020.7985,0.00012744,6.246333333333334e-05,-5.64471428571428e-05,-3.539699999999999e-05,9.489851228204056e-05,0.00014482626724290573,0.0001536079815443583,1.0880034213411576,1.2952522897870642,1.2078753495595385,0.11714001922988015,0.36027991047135677,0.5352815225812013,64.99344963079706,54.33103627596914,59.181331292910706,2307.485,2219.6432,2710.4930000000004
2026-05-05,2347.17,2399.5,2344.93,2360.77,286636.7312,-0.00010887,4.165333333333332e-05,-5.5810714285714224e-05,-3.8601e-05,0.00013078123349068385,0.00014455533566312378,0.00015412090803023108,-0.9910954154058823,-0.18246977179279045,-0.5741349132066065,0.10268527569507244,0.3544289493420887,0.5212822576089566,74.70738970806637,54.36900771669365,55.08351855580737,2311.612,2219.7992,2703.1389999999997
2026-05-06,2360.76,2423.74,2338.0,2350.84,420667.3161,-0.00016602,-4.915000000000001e-05,-7.886142857142851e-05,-4.7665000000000005e-05,0.00015557812089112068,0.00013335955532993947,0.00015332349777735836,-1.1423692144210287,-0.5323457596332216,-0.9876539746540024,0.1130440572501134,0.35423017582199795,0.5212482608793787,91.57045840353068,46.661109034796546,57.00717970151993,2309.752,2220.4682000000003,2695.4471500000004
2026-05-07,2350.84,2352.3,2280.1,2291.06,469521.9378,-0.00022897,-0.00016795333333333336,-9.663857142857136e-05,-5.333833333333333e-05,6.007333712510421e-05,0.0001357470599685563,0.00015685676914993139,-1.0807658283206938,-0.851630286173835,-1.452355629220626,0.27112441009970434,0.34412781425271294,0.523848357349313,59.69821356280395,44.613016710470355,54.177227771853886,2308.491,2222.2216,2686.9895500000002
2026-05-08,2291.06,2321.22,2265.61,2307.06,421035.1582,-7.175000000000001e-05,-0.00015558,-8.549928571428565e-05,-6.324500000000001e-05,7.912823326735531e-05,0.00013046060622414182,0.00014776368927187523,0.13231885220002215,0.1283151520270161,-0.2887193103198101,0.2808222831882427,0.32545676165402704,0.5200087175498198,53.78853165371124,48.91241736821881,52.653606182635,2310.255,2225.6066,2678.62875
2026-05-09,2307.07,2338.37,2300.0,2326.44,230431.157,0.00019273,-3.599666666666667e-05,-6.390499999999994e-05,-5.806866666666666e-05,0.0002131113514887121,0.00014975939563435166,0.0001540007866915073,1.6635476735281043,1.7804223300443722,1.6661096341571917,0.2731012749709749,0.2819700401524412,0.518011000413102,53.18020014751015,50.91450558699326,51.80554950547107,2317.609,2229.2110000000002,2670.8957
2026-05-10,2326.43,2382.53,2311.83,2371.27,398122.8623,0.00024982,0.0001236,-4.1843571428571364e-05,-5.0103e-05,0.00017156932680409631,0.00017167684538139382,0.0001635714670158524,1.1854403395957374,1.8793978776865614,1.992764327483875,0.32534773327378264,0.2779778637994611,0.5195240632555674,62.92810040393504,50.24443672676423,58.16944712267099,2328.9849999999997,2234.9390000000003,2663.7244
2026-05-11,2371.26,2374.92,2304.0,2339.87,236962.0552,0.00012813,0.00019022666666666669,-1.6909999999999938e-05,-3.999133333333333e-05,6.088361054786098e-05,0.00016899251977072456,0.00016494079233914588,0.3718681618152462,1.0052074807091087,1.0865978898341337,0.3469940834728642,0.2839080692613273,0.5205575670374982,48.130097983718834,55.32415578280544,48.44742006219171,2333.4089999999997,2240.6586,2656.13975
2026-05-12,2339.88,2340.85,2256.27,2274.96,252981.1082,8.61e-05,0.00015468333333333334,9.066428571428633e-06,-3.6860666666666664e-05,8.502863772485063e-05,0.00015304114814232984,0.00016645683729511637,-0.2521547854394792,0.7841299910339335,0.7806373454436959,0.3627322337997632,0.29399348567995387,0.5255099101253364,32.575234536722576,48.14909630826017,47.554644527169664,2329.208,2243.1172,2647.8401499999995
2026-05-13,2274.97,2323.36,2234.13,2258.65,258455.7299,6.914e-05,9.445666666666667e-05,5.2264285714286334e-06,-3.6241333333333335e-05,3.0369893535282203e-05,0.00015062051727677254,0.0001668274705472375,-1.0076738815967683,0.6553176628487496,0.6457582502327164,0.352958028489548,0.28560986505526714,0.5259346739779922,31.752503859616695,50.776166949944425,44.66628756752696,2322.808,2245.1656,2639.3642999999997
2026-05-14,2258.66,2319.33,2238.64,2283.25,256680.8359,0.00015413999999999998,0.00010312666666666667,2.9411428571428634e-05,-3.893333333333333e-05,4.4985336870410395e-05,0.0001448963364115596,0.00016290686639774954,0.23405009068972388,1.0801447472109973,1.2117161170219237,0.36152514956550874,0.2893952245658066,0.5182079562853172,48.204019684340984,53.296618852267876,46.627322222548365,2316.417,2247.4502,2629.9882500000003
2026-05-15,2283.26,2300.29,2205.11,2224.66,288536.5507,1.092e-05,7.806666666666666e-05,3.591142857142863e-05,-3.980633333333333e-05,7.202607953612709e-05,0.00014161062214922956,0.00016255510141619905,-1.4218192777197602,0.13304410487018234,0.2494880120273775,0.301987603837354,0.30849299248129897,0.4856103914074471,34.155064994908415,41.363448292506334,39.77373184580998,2302.8059999999996,2250.7348,2620.5108
2026-05-16,2224.65,2231.51,2162.55,2180.77,199288.5761,0.00018069,0.00011525000000000001,5.213500000000007e-05,-3.023333333333333e-05,9.132243590712458e-05,0.0001444327379120352,0.0001668906297721389,1.1826813273635408,1.1085472550133484,1.431711403503678,0.30830765255655707,0.29856164927317375,0.48660151144709163,24.40164481770958,34.28775783293804,40.839195599664635,2285.799,2254.4952,2611.51865
2026-05-17,2180.77,2198.14,2091.48,2131.0,175116.8149,0.00017357,0.00012172666666666666,5.693357142857149e-05,-2.5614999999999998e-05,9.602740043000309e-05,0.0001474582317188355,0.00017063369901531525,0.7503433351934536,0.9699944771488022,1.3420190017970315,0.2897824527860103,0.2914406509853441,0.4739216276956634,8.498289978215524,29.932357437452808,42.55345501208254,2269.793,2257.2203999999997,2602.6587
2026-05-18,2131.0,2157.24,2077.23,2130.08,381878.3932,7.736e-05,0.00014387333333333336,5.335642857142864e-05,-1.6880999999999996e-05,5.771214112597089e-05,0.00014621849575770425,0.0001689092772068656,-0.5733641324033788,0.2697070107918862,0.6593949475495792,0.3075218726101765,0.29160533169234165,0.46804767983927936,9.498436233033502,26.088297497275917,39.0413491238693,2252.0950000000003,2260.1292,2594.28365
2026-05-19,2130.08,2146.95,2094.47,2111.93,186945.075,0.00019275,0.00014789333333333334,7.490071428571435e-05,4.474333333333336e-06,6.183188039631292e-05,0.0001426542341286534,0.00015220875222201453,0.8256862031170097,1.0470785876016588,1.4052757143820596,0.20543630676324412,0.28716067984661187,0.46840248825796466,11.591198228298907,22.86131832650173,37.24046340091748,2230.6440000000002,2261.8382,2585.60335
2026-05-20,2111.93,2149.0,2103.29,2129.44,189088.294,0.00013864,0.00013625,9.666214285714292e-05,9.604000000000002e-06,5.773211497953897e-05,0.0001252514596370292,0.00015410247326438667,-0.29936842293767907,0.5931697294147692,1.0179157994566659,0.2507242427372448,0.29055940565689997,0.4632492577730069,19.73012228827342,26.246674105148173,34.97192564276405,2206.4610000000002,2262.3184,2576.8817
2026-05-21,2129.44,2157.5,2105.15,2133.76,232889.1117,0.00012236000000000001,0.00015125,0.00012175714285714292,1.7608666666666666e-05,3.685033378424932e-05,8.308963042109485e-05,0.0001534931860945801,-0.41164481199683495,0.4064110476214793,0.8804630724639654,0.2307888623755171,0.27795289307934046,0.4616652353878776,11.302096815905358,30.84417165949837,37.313085922232816,2185.85,2262.1866,2568.0176
2026-05-22,2133.77,2141.39,2057.79,2065.85,221783.2548,0.00013962,0.00013354,0.00013685500000000004,1.703966666666667e-05,9.694555173432687e-06,6.166495086661719e-05,0.0001529906490827977,0.13226448223260392,0.47506818374388204,0.9733024004538464,0.301926585154664,0.29699259391367105,0.4539893696785798,10.781844223798501,23.922679409212137,34.938214881510646,2164.939,2262.3602,2560.3277000000003
2026-05-23,2065.86,2149.95,2009.3,2117.68,350546.2289,0.00016546,0.00014247999999999998,0.00013490714285714292,2.1891333333333335e-05,2.1691869444809466e-05,6.017696498065854e-05,0.0001553741001523583,0.4955974600006837,0.6467872130021994,1.1188591434620525,0.40514702069451913,0.3229974445252619,0.45827948261493023,35.00784183249607,28.91057501911247,38.45925112638934,2150.842,2263.6372,2554.4808500000004
2026-05-24,2117.69,2132.14,2063.0,2099.85,197748.7605,0.00020254,0.0001692066666666667,0.00013153000000000006,3.623266666666666e-05,3.162688307980693e-05,5.426859114269564e-05,0.00015134570050583988,1.5567126334271961,0.8871498688386805,1.3221291235200046,0.40497802766198854,0.31603023058924606,0.458444359823674,41.27304308831238,20.998418600612496,33.9962244884714,2132.502,2264.3238,2547.85865
2026-05-25,2099.86,2141.98,2092.26,2113.01,166428.5979,0.00014116,0.00016972000000000002,0.00013246071428571433,4.4591e-05,3.091094951648104e-05,5.431750638098395e-05,0.00014993214026741108,-0.42054153891085716,0.3479726485304688,0.8961652284928704,0.4010655058960268,0.31635766627444917,0.4406088421686765,45.5246185305865,24.776517678375242,37.92771572562093,2121.3370000000004,2264.3806,2541.848
2026-05-26,2113.01,2140.49,2055.06,2073.77,282553.3096,0.00010659,0.00015009666666666668,0.00013392428571428578,5.0112000000000004e-05,4.8595253197652235e-05,5.3237551049573355e-05,0.0001490313323316475,-1.2498685532179274,-0.04608605458255865,0.6458304540153533,0.4228424813784972,0.3212374489770589,0.4350985070067141,40.9915014162952,26.27644270443892,36.76425458773347,2110.637,2263.7128,2535.0366
2026-05-27,2073.77,2097.4,2016.0,2024.84,267963.1573,0.0001652,0.00013765,0.00014078571428571436,6.298333333333332e-05,2.9462231755430483e-05,5.035805392985421e-05,0.0001412878849854878,0.2547311199856422,0.4696839183267584,0.9993024920658227,0.37797594744329044,0.3191393962532743,0.4392861148294905,28.49683414184716,24.399430636079842,36.21260851679275,2100.0209999999997,2259.4094,2528.15325
2026-05-28,2024.83,2030.0,1967.0,2009.9,363834.9211,7.947999999999999e-05,0.00011708999999999999,0.0001354528571428572,7.4885e-05,4.381400575170981e-05,5.273229873301582e-05,0.00012580112986031658,-1.2325849177349493,-1.060034286352312,0.4162944173776766,0.2222190285173996,0.31363374970346286,0.439498360855954,25.602741884581178,19.423253316568264,35.21537157107369,2088.0029999999997,2255.8073999999997,2520.2854500000003
2026-05-29,2009.89,2046.59,1976.48,2014.54,283145.695,0.00022188,0.00015552,0.00015052142857142862,7.818433333333334e-05,7.169181822223896e-05,4.3792686403272e-05,0.00012837543616908768,1.4376976618937967,1.4116419779114484,1.3167155296066935,0.24848938135377518,0.30900429885286285,0.43647670989901477,36.53775515545169,23.26989619368881,32.517321590612084,2078.264,2252.2942000000003,2512.5189
2026-05-30,2014.54,2032.0,2002.0,2022.44,97977.5349,0.00017087,0.00015741,0.00014982000000000008,9.002833333333335e-05,7.214789463324997e-05,4.3348698498757734e-05,0.0001193853158267457,0.39179049238560154,0.659513932087462,0.9592602835440747,0.2365391667043185,0.29045275492722683,0.42591882798645075,17.525913802426032,27.82803528906615,31.369944463309423,2067.564,2247.842,2505.5423
2026-05-31,2022.44,2038.0,1993.75,2007.01,163735.4958,0.00018313999999999998,0.0001919633333333333,0.0001505035714285715,9.880233333333334e-05,2.6625052738794645e-05,4.382486449265918e-05,0.00011607907538672958,0.36425800246236595,0.8257942814504349,1.0208632576481576,0.21147983211246996,0.28944559703688144,0.4240705882525363,17.81752634489426,30.789253509209246,30.277923570912037,2054.889,2242.2824,2498.50275
