Date,Open,High,Low,Close,Volume,funding_rate,funding_mean_3,funding_mean_14,funding_mean_30,funding_vol_3,funding_vol_14,funding_vol_30,funding_z_5,funding_z_20,funding_z_60,price_vol_5,price_vol_20,price_vol_60,rsi_7,rsi_14,rsi_28,sma_10,sma_50,sma_200
2020-09-13,3.3386,3.47,2.9838,3.2603,2024779.41,0.0001,,,,,,,,,,,,,,,,,,
2020-09-14,3.2656,3.5393,3.0752,3.2641,3351649.61,0.00030000000000000003,,,,,,,,,,,,,,,,,,
2020-09-15,3.264,3.3249,2.8955,2.9295,1698391.09,0.00030000000000000003,0.00023333333333333336,,,0.00011547005383792516,,,,,,,,,,,,,,
2020-09-16,2.9288,2.9293,2.4282,2.5327,4886766.99,0.00030000000000000003,0.00030000000000000003,,,0.0,,,,,,,,,,,,,,
2020-09-17,2.5376,2.9389,2.36,2.8829,4635747.31,0.00030000000000000003,0.00030000000000000003,,,0.0,,,0.4471636010895029,,,,,,,,,,,
2020-09-18,2.883,3.16,2.726,3.1144,4169446.23,0.00030000000000000003,0.00030000000000000003,,,0.0,,,0.0,,,2.244360558576775,,,,,,,,
2020-09-19,3.1084,3.2545,2.9564,3.031,1586219.86,0.0001864,0.0002621333333333334,,,6.558699057994148e-05,,,-1.788502338618929,,,2.245513657449855,,,41.812468735793246,,,,,
2020-09-20,3.0216,3.0319,2.7,2.8628,1456628.58,-0.00053218,-1.5259999999999996e-05,,,0.0004512548667881601,,,-1.7722877900941254,,,2.0887614381482256,,,37.328657936799445,,,,,
2020-09-21,2.8628,3.0397,2.4689,2.7672,3567879.31,0.00030000000000000003,-1.5259999999999996e-05,,,0.0004512548667881601,,,0.5213473668526282,,,1.549762956835684,,,35.03583688217485,,,,,
2020-09-22,2.7571,3.0107,2.65,2.9082,3416786.33,0.00015721000000000002,-2.498999999999999e-05,,,0.00044500395290379176,,,0.2143205386952708,,,1.1127948198956696,,,49.2738801155712,,,2.95531,,
2020-09-23,2.9184,3.09,2.7001,2.8548,2762150.96,0.00030000000000000003,0.0002524033333333334,,,8.243984493758676e-05,,,0.62277216594819,,,0.7670757942044432,,,64.33722064894857,,,2.91476,,
2020-09-24,2.855,3.2571,2.7804,3.1433,2983701.04,0.00011083000000000001,0.0001893466666666667,,,9.85946054981375e-05,,,0.1263353275968238,,,1.216957142379318,,,62.26450636436968,,,2.90268,,
2020-09-25,3.1409,3.2766,2.9003,3.1937,2447843.22,-0.00019395,7.229333333333335e-05,,,0.00024921969551649283,,,-1.6249004713077562,,,1.006206917125591,,,54.503123182109974,,,2.9291,,
2020-09-26,3.185,3.25,3.03,3.1287,1357018.72,-0.00024892,-0.00011067999999999999,0.00011995642857142859,,0.000193792247780968,0.00026210434324482724,,-1.1590611276641618,,,0.9428623874692593,,,55.66639596454414,47.091584129275,,2.9887,,
2020-09-27,3.1292,3.1857,2.9819,3.1578,983815.86,0.00030000000000000003,-4.762333333333332e-05,0.00013424214285714286,,0.0003023026821471047,0.00026634899220552934,,0.9354840573455058,,,0.9070931211549957,,,70.40110643253001,47.763473677997446,,3.0161900000000004,,
2020-09-28,3.1557,3.2109,2.908,2.9599,1306134.15,0.00030000000000000003,0.0001170266666666667,0.00013424214285714288,,0.00031691910976356947,0.00026634899220552934,,0.9354840573455058,,,1.1285290460265218,,,61.674542538262244,43.88075311335974,,3.00074,,
2020-09-29,2.9549,3.027,2.8735,2.9505,950875.56,0.00030000000000000003,0.00030000000000000003,0.00013424214285714286,,0.0,0.00026634899220552934,,0.7285862751886929,,,0.6160447321827692,,,53.04886833338012,50.48602107448601,,2.99269,,
2020-09-30,2.9447,2.9838,2.8228,2.8967,722757.83,0.00030000000000000003,0.00030000000000000003,0.00013424214285714288,,0.0,0.00026634899220552934,,0.4471953786511295,,,0.5353251454668867,,,53.018297021880414,60.014306105414306,,2.99608,,
2020-10-01,2.8967,2.9889,2.65,2.8669,1373061.59,0.00030000000000000003,0.00030000000000000003,0.00013424214285714286,,0.0,0.00026634899220552934,,0.0,,,0.5406093061419027,,,18.259072088237644,49.465597816131044,,3.00605,,
2020-10-02,2.8667,2.8873,2.42,2.6232,2788493.11,0.00030000000000000003,0.00030000000000000003,0.00013424214285714288,,0.0,0.00026634899220552934,,0.0,0.5414742793769122,,0.7183875956098059,,,4.628598690567813,33.72647757274248,,2.97755,,
2020-10-03,2.6231,2.6708,2.5356,2.5439,547025.23,0.00030000000000000003,0.00030000000000000003,0.0001423564285714286,,0.0,0.00026976865526444474,,0.0,0.49648578153632844,,0.6550268832344236,1.270416888623055,,4.5256609593033374,33.81835090868002,,2.94646,,
2020-10-04,2.542,2.5898,2.42,2.5202,765399.21,0.00030000000000000003,0.00030000000000000003,0.00020179785714285716,,0.0,0.0001894247952731789,,0.0,0.4964857815363286,,0.6334624447299916,1.2690519739723984,,0.0,37.409966152892885,,2.8841500000000004,,
2020-10-05,2.5181,2.683,2.4561,2.6522,912587.17,0.00030000000000000003,0.00030000000000000003,0.00020179785714285716,,0.0,0.0001894247952731789,,0.0,0.4964857815363286,,0.9590484963701158,1.220907203232089,,23.08903268119238,45.88403717663734,,2.8299999999999996,,
2020-10-06,2.6486,2.6604,2.13,2.174,1784025.33,0.00030000000000000003,0.00030000000000000003,0.00021199714285714285,,0.0,0.00019067935584392707,,0.0,0.4964857815363286,,1.8061339371738274,1.3528299099629015,,12.686208545045332,28.831737953889743,,2.7345300000000003,,
2020-10-07,2.1721,2.4083,2.081,2.3005,2087951.2,0.00030000000000000003,0.00030000000000000003,0.00021199714285714287,,0.0,0.00019067935584392707,,0.0,0.49648578153632844,,1.9789626451477913,1.2421211374507393,,23.2213438589158,34.664969817666716,,2.6488,,
2020-10-08,2.3001,2.4569,2.0123,2.3638,2759189.94,0.00030000000000000003,0.00030000000000000003,0.00022550928571428574,,0.0,0.00018965872948188106,,0.0,0.4964857815363286,,2.0282056741481287,1.1909161204303127,,28.063137682354423,25.365021151942983,,2.58919,,
2020-10-09,2.3686,2.63,2.303,2.5314,1878523.79,0.00030000000000000003,0.00030000000000000003,0.0002607914285714286,,0.0,0.00014670504091056805,,0.0,0.46929328065140513,,2.1521745991701167,1.2394173595183111,,45.71268444610603,30.512563971801583,,2.5472799999999998,,
2020-10-10,2.5274,2.6056,2.3873,2.3999,1278940.27,0.00058019,0.00039339666666666665,0.00032001357142857147,,0.0001617677719242412,7.488392737144226e-05,,1.78871163312215,1.8538583715760788,,2.114641029556992,1.2367250852114473,,43.5874598944503,29.36346129736731,39.32029191447873,2.4976,,
2020-10-11,2.3988,2.4607,2.3401,2.4227,898764.08,0.00090989,0.0005966933333333334,0.00036357714285714286,,0.0003052797455340483,0.00017406530712653497,,1.5983131860014907,2.7100480743864117,,0.9170816394919105,1.2336719972243726,,45.65469290314797,29.110542744669075,39.66181187088297,2.4531799999999997,,
2020-10-12,2.4228,2.7044,2.4132,2.5836,2155387.01,0.00042458,0.00063822,0.00037247571428571433,0.00024980166666666666,0.00024780447877308424,0.00017374920394789577,0.0002447587692639616,-0.3072592949126696,0.5776106786906287,,0.9459010089763247,1.2479789555991854,,47.019464691594,39.076923045162445,41.91440314694035,2.44922,,
2020-10-13,2.5826,2.5867,2.336,2.4062,1951031.1,0.00037596,0.0005701433333333333,0.0003779014285714286,0.00025900033333333333,0.0002952318143990131,0.00017249336445909327,0.00024411951005509622,-0.5879123753113844,0.3528760940659867,,1.2366426471131684,1.2780630337001542,,63.65882347698686,35.60433745049137,43.5409414890729,2.4354500000000003,,
2020-10-14,2.4061,2.4424,2.2331,2.3107,1125385.85,0.00048415000000000003,0.00042823,0.000391055,0.0002651386666666667,5.4187276181775517e-05,0.0001731160985159515,0.0002474780900191777,-0.3331419399399928,0.7345921554285316,,1.0510249476189706,1.1933237928362026,,50.62271057944336,34.83593828342289,47.03968419785815,2.4145,,
2020-10-15,2.3108,2.3485,2.1932,2.2682,754909.09,0.00030000000000000003,0.0003867033333333334,0.00039105499999999996,0.0002651386666666667,9.254388166342148e-05,0.0001731160985159515,0.0002474780900191777,-0.8307146000253544,-0.1790382386743233,,0.9849655852885902,1.1850157515220314,,44.011525894753134,34.6084631351474,41.070339023505355,2.3761,,
2020-10-16,2.2648,2.269,2.1071,2.1398,1546650.13,0.00030000000000000003,0.0003613833333333334,0.000391055,0.0002651386666666667,0.00010631905207126975,0.0001731160985159515,0.0002474780900191777,-0.9615289172009963,-0.4264330162755282,,1.0240243466049705,1.1980066136411476,,24.202898528403125,36.78946214937405,35.40493587542417,2.3726800000000003,,
2020-10-17,2.1374,2.2462,2.1107,2.2053,482249.55,0.00030000000000000003,0.00030000000000000003,0.000391055,0.0002651386666666667,0.0,0.0001731160985159515,0.0002474780900191777,-0.6433243074972776,-0.4264330162755282,,0.7604186024861125,1.2107296998125296,,35.95959592327311,40.67628590321247,37.56812908994827,2.3631599999999997,,
2020-10-18,2.2031,2.2595,2.1763,2.215,478921.26,0.00030000000000000003,0.00030000000000000003,0.000391055,0.0002651386666666667,0.0,0.0001731160985159515,0.0002474780900191777,-0.4471592985361607,-0.4264330162755282,,0.6712563225342719,1.1953430835098464,,34.72569491938816,41.53069149842215,39.75777886689799,2.34828,,
2020-10-19,2.2137,2.2148,2.05,2.0592,909217.19,0.00030000000000000003,0.00030000000000000003,0.000391055,0.00026892533333333337,0.0,0.0001731160985159515,0.0002471005739500351,0.0,-0.4264330162755282,,0.8179864842140134,1.2195573212906836,,11.144042667752146,33.75876421600445,39.01508095660578,2.30106,,
2020-10-20,2.0552,2.108,1.8401,1.885,1933167.04,0.00030000000000000003,0.00030000000000000003,0.000391055,0.00029666466666666667,0.0,0.0001731160985159515,0.00019536119308521374,0.0,-0.4264330162755282,,0.9838193008174327,1.2561213603268284,,11.197141143779007,40.50341741804365,34.28650405553098,2.2495700000000003,,
2020-10-21,1.8873,2.11,1.8415,1.8887,3222724.75,0.00030000000000000003,0.00030000000000000003,0.000391055,0.00029666466666666667,0.0,0.0001731160985159515,0.00019536119308521374,0.0,-0.4264330162755282,,0.9995138894426056,1.2593127732955807,,13.608140721756257,35.28024017058026,34.933408160128025,2.19617,,
2020-10-22,1.8868,2.09,1.8481,1.9582,1624778.09,0.00055786,0.0003859533333333334,0.0004094735714285715,0.0003100196666666667,0.00014887554041323695,0.00017636999320079462,0.00019915672172997296,1.7886992725154327,1.17139761700157,,1.0304620155443174,1.2427958852602938,,24.456163452341244,35.56583626349311,30.163034352898634,2.13363,,
2020-10-23,1.9566,1.9902,1.85,1.959,1559992.35,0.00064808,0.00050198,0.0004343364285714285,0.0003216223333333334,0.00018064288638083693,0.00018411475729961053,0.00020847428796531164,1.3426247998263527,1.5407673395171917,,1.0210558745820126,1.242169120128343,,31.135225330144678,26.885801940203407,28.983829759606905,2.08891,,
2020-10-24,1.9652,1.973,1.88,1.9142,748093.83,0.0015489000000000002,0.00091828,0.0005035300000000001,0.000369558,0.0005479927922883656,0.00035023369736396115,0.0003024740828270564,1.7059629285023752,3.5857690999223792,,0.8854240085779812,1.2427738849194563,,18.255179906698757,28.910117203235615,29.184519904803537,2.04926,,
2020-10-25,1.9175,1.9244,1.76,1.7926,1365865.99,0.00106334,0.0010867733333333335,0.0005144907142857143,0.0004114676666666667,0.0004508669525850537,0.00036597648315503476,0.0003087419492367465,0.4895088399470868,1.7195595706231122,,0.7178686236392329,1.2257418052802278,,12.973352017739586,24.802047480826317,27.320752184032784,2.0017,,
2020-10-26,1.7925,1.8685,1.6121,1.6799,2021871.84,0.00030000000000000003,0.0009707466666666668,0.0005055921428571429,0.0004297650000000001,0.0006295775937351433,0.00036982511114514176,0.0002834878543618574,-1.0693373949309686,-0.5885570348173437,,0.8338685537849965,0.95267458073199,,14.033756856014364,12.411612996109909,28.116665499990887,1.9557100000000003,,
2020-10-27,1.6771,1.75,1.5906,1.711,2591150.26,0.00030000000000000003,0.0005544466666666667,0.0005001664285714287,0.00042976500000000003,0.0004407145544832089,0.00037242133566096143,0.0002834878543618574,-0.880626138130008,-0.5885570348173437,,0.7245800948688977,0.9122896235671148,,27.355543937665615,17.077097912570622,28.9651426938525,1.90628,,
2020-10-28,1.7084,1.7255,1.4508,1.518,3354618.28,0.00030000000000000003,0.00030000000000000003,0.0004870128571428572,0.00042976500000000003,0.0,0.00037626272626427423,0.0002834878543618574,-0.6972355741482905,-0.5885570348173437,,0.988616396385778,0.9945268560455846,,17.680906691583914,15.633399790265528,27.65840217875757,1.83658,,
2020-10-29,1.5166,1.5754,1.4148,1.4327,1233628.05,0.00030000000000000003,0.00030000000000000003,0.0004870128571428572,0.00042976500000000003,0.0,0.00037626272626427423,0.0002834878543618574,-0.44720049556142916,-0.5885570348173433,,0.942731982985238,0.9167198149444679,,5.413202097761385,15.073990451380652,27.169691156932473,1.77393,,
2020-10-30,1.4328,1.4726,1.3163,1.4381,1401628.09,0.00019727000000000001,0.0002657566666666667,0.000479675,0.0004263406666666667,5.931119315385163e-05,0.0003811602333917204,0.0002857210317525595,-1.7884650965397608,-0.8267413817399781,,1.0690924680959413,0.9193979995476771,,6.145815786660933,17.305004170881546,29.586247258469186,1.72924,,
2020-10-31,1.4383,1.558,1.4266,1.5497,851989.58,-0.0009315,-0.0001447433333333333,0.00039171071428571426,0.00038529066666666663,0.0006832846424685205,0.000536332586460538,0.00037804738658399497,-1.782766099452801,-2.950626943875641,,1.4266137430438302,1.0054912898436676,,22.415619773435864,20.711222275736517,33.063032336430496,1.6953400000000003,,
2020-11-01,1.5497,1.6463,1.5137,1.608,960664.24,-0.0012978999999999998,-0.0006773766666666667,0.000277575,0.00033202733333333336,0.0007793056740672007,0.0007018371724240274,0.0004872661883436901,-1.3165440962413693,-2.737819995655033,,1.4755992311828598,0.9662139463771436,,34.549715393061945,24.010960752170476,34.64102906216499,1.66032,2.435206,
2020-11-02,1.6076,1.6432,1.4621,1.4738,867738.07,0.00030000000000000003,-0.0006431333333333332,0.000277575,0.00033202733333333336,0.0008370708472604538,0.0007018371724240274,0.0004872661883436901,0.7632976113893598,0.011144230983346378,,1.2718962052024252,0.9835773973568741,,33.34949099475742,24.463444395176396,30.1736321137068,1.6118000000000001,2.399476,
2020-11-03,1.4729,1.484,1.4062,1.4118,983164.88,0.00030000000000000003,-0.00023263333333333326,0.000277575,0.00033202733333333336,0.0009225479951381031,0.0007018371724240274,0.0004872661883436901,0.7632976113893598,0.02703461309897036,,1.2219120127077907,0.984408662569147,,26.97753151910699,27.117988357867333,35.08765061111073,1.56156,2.36243,
2020-11-04,1.4123,1.4144,1.2733,1.3912,2560523.86,0.00030000000000000003,0.00030000000000000003,0.00027757500000000007,0.00033202733333333336,0.0,0.0007018371724240274,0.0004872661883436901,0.7202909990389578,0.02703461309897036,,1.2228535902657338,0.9850048300690727,,36.71973182718095,26.329812506554646,31.440584525438368,1.52142,2.331664,
2020-11-05,1.3895,1.4928,1.3,1.4007,1598492.56,0.00030000000000000003,0.00030000000000000003,0.00025915642857142864,0.00033202733333333336,0.0,0.0006972845243305484,0.0004872661883436901,0.44720733737362706,0.02703461309897036,,0.907443245916251,0.9812911447481539,,46.01593617477302,21.86900794165244,29.901080978453592,1.4935,2.309024,
2020-11-06,1.403,1.9482,1.3946,1.9,3846546.9,6.620000000000001e-05,0.00022206666666666668,0.00021759357142857148,0.000324234,0.00013498449293653406,0.0006896186374155496,0.0004896599154275871,-1.7886833119623646,-0.3542577556835826,,2.9764604768541503,1.697728735738502,,75.79006135895807,48.019336600492096,38.42572220721806,1.5124,2.289366,
2020-11-07,1.9069,2.4975,1.8276,2.0215,8862610.63,-0.00115273,-0.0002621766666666667,2.462000000000003e-05,0.00027580966666666666,0.0007800509852780995,0.0006660172635669672,0.0005590548069886587,-1.7657046634163835,-2.037361067384461,,2.683790158575513,1.7230860586868084,,76.05478235781052,53.42570712291936,43.03797463920138,1.56275,2.267508,
2020-11-08,2.0264,2.2825,1.9608,2.1558,4800345.92,0.00030028,-0.00026208333333333335,-2.988428571428569e-05,0.00027581900000000006,0.0007801518924115572,0.0006026854069491402,0.0005590552271056393,0.5342748800132583,0.15105001183413902,,2.4421297836073674,1.718232601201695,,77.90910937993033,61.50240683677263,45.282952130786384,1.63506,2.250004,
2020-11-09,2.1515,2.1991,1.9456,2.0299,3050443.52,0.00047346,-0.00012633000000000002,-1.7494285714285695e-05,0.00027226133333333336,0.0008930960464026254,0.0006117043501148662,0.0005573886222793185,0.7222512395905601,0.3973212420475511,,2.6343101351819866,1.6936793047672782,,78.57363060836343,60.992462257921204,40.091621591118226,1.69424,2.233346,
2020-11-10,2.0383,2.3257,2.008,2.2661,2119423.36,0.00056412,0.00044595333333333334,1.3714285714285892e-06,0.0002607356666666667,0.00013405353010395845,0.0006261517694353607,0.0005472314692168793,0.7353622861917049,0.5100896544821183,,2.534212203283389,1.753461333124417,,87.23088986223165,65.44432692024813,47.54460368988576,1.76588,2.223324,
2020-11-11,2.2665,2.3,1.9673,2.0,1863686.19,0.00055643,0.0005313366666666666,1.968785714285716e-05,0.0002651306666666667,5.0269925734307424e-05,0.0006391745043434911,0.0005491189444224977,0.5552444475761225,0.49876303027105345,0.7091615215187063,1.8814755483076118,1.8386776096963446,,71.8552555641164,62.88632227139298,44.861914957627455,1.8050799999999998,2.20516,
2020-11-12,2.0,2.06,1.825,1.9089,1522310.89,0.00030000000000000003,0.0004735166666666667,1.968785714285716e-05,0.0002625986666666667,0.00015031902485491597,0.0006391745043434911,0.0005487652986523997,-1.0556646539043635,0.14403748707214054,0.0930911744715138,1.8373184069210489,1.849937469418612,1.4592977122426594,67.23412910535548,62.69189760779923,44.15220854671847,1.8485899999999997,2.186242,
2020-11-13,1.9089,2.0808,1.8997,2.0141,1595684.08,0.00030000000000000003,0.00038547666666666663,2.7025714285714302e-05,0.00025646033333333334,0.00014804992952829446,0.000641953645159887,0.000547229408159921,-1.0546472558285376,0.2703367223903228,0.0930911744715138,1.7989978097163624,1.8615666458748998,1.4672606923640241,55.28094044367615,64.57637408117881,47.93860076282328,1.90882,2.163658,
2020-11-14,2.0222,2.0374,1.869,1.9182,1191847.42,0.00030000000000000003,0.00030000000000000003,0.00011499000000000002,0.00025646033333333334,0.0,0.0005820899792194437,0.000547229408159921,-0.7301127592864153,0.36010352760015407,0.0930911744715138,1.7745543364480358,1.85107535518015,1.4494008013929343,45.10287282490564,59.400030568256696,45.338226179018925,1.9615200000000002,2.1381479999999997,
2020-11-15,1.9204,2.218,1.9133,2.0407,3348186.49,0.00044228,0.00034742666666666666,0.00023928857142857144,0.000261203,8.21453963002979e-05,0.00042056119784909297,0.0005482353883088339,0.537171491607536,0.604156000256255,0.4247085101182297,1.5004274836498752,1.840421147198125,1.4167206620035813,44.48173359752881,60.687645069919135,47.269822332522324,2.02552,2.116388,
2020-11-16,2.039,2.37,1.9858,2.2626,3192029.56,0.00030000000000000003,0.00034742666666666666,0.00023928857142857144,0.000261203,8.21453963002979e-05,0.00042056119784909297,0.0005482353883088339,-0.4471433225968797,0.3447615031797172,0.08733031812384065,1.3123588429898363,1.883275057482628,1.402855860065475,60.21599785569304,68.67424237871973,53.1213553039286,2.0617799999999997,2.098484,
2020-11-17,2.2665,2.33,2.125,2.1998,2311120.85,0.0010395200000000002,0.0005939333333333333,0.0002921114285714286,0.00028585366666666667,0.00039239203321848014,0.00047206202959189353,0.0005663659616542776,1.755498471901362,1.5226243094489291,1.7626135292259915,1.2275403610573257,1.7971037507790557,1.3890958947888192,46.56654579741423,68.64823925780598,55.0019066499284,2.0796099999999997,2.083282,
2020-11-18,2.1962,2.2173,2.0001,2.1153,2054379.16,0.00164955,0.0009963566666666669,0.0003885078571428572,0.00033083866666666666,0.0006758095927355074,0.0005954596623059505,0.0006187055379259425,1.5308284414823916,2.1247906414758617,2.8830764626145284,1.306734846117028,1.783583115108422,1.390555238093045,57.35425431796405,66.63297648123941,53.51034819995384,2.0755600000000003,2.0665780000000002,
2020-11-19,2.1122,2.1848,2.0136,2.085,1391861.95,-0.00078885,0.0006334066666666668,0.00031073285714285716,0.00029454366666666667,0.0012689147605861209,0.0006738575115811101,0.0006516380318830668,-1.4475009152620353,-1.3422553798024897,-2.273695058856517,1.1943008883238182,1.788349294126408,1.3848262019140798,62.17673898005294,65.56996582853336,51.98845811517762,2.0810699999999995,2.050344,
2020-11-20,2.0841,2.2387,2.0521,2.1033,1589414.51,0.00045095,0.00043721666666666673,0.00033821500000000005,0.0002995753333333333,0.0012192580093373726,0.0006709569555923036,0.0006522641006457923,-0.08713593489255057,0.3245907126001744,0.3201444569994249,1.0926329939005306,1.770667769350197,1.383359429630586,57.010374033468615,55.921934122755204,52.250538024797564,2.06479,2.035072,
2020-11-21,2.0999,2.51,2.0351,2.3822,2963489.5,0.00121282,0.00029163999999999997,0.0005071828571428571,0.00032140733333333333,0.0010102996853904287,0.0005543323822321846,0.0006718736287732385,0.5301816276854084,1.436324659254484,1.825817911468155,1.2667375456550805,1.8297952687093382,1.4134977913089544,78.32031243307591,59.62431288570679,56.802325535160904,2.1030100000000003,2.030252,
2020-11-22,2.3825,2.4201,2.04,2.1514,2448127.25,-0.00028640999999999996,0.00045912,0.00046527642857142865,0.0002902576666666667,0.0007496483908473354,0.0005920688511106581,0.0006778421351596669,-0.7251995021149737,-1.0116820565290738,-1.1907557062656409,1.587237630362691,1.8473453846773449,1.43385811852195,55.96765494428317,49.888347508199516,55.054660161683465,2.12726,2.022402,
2020-11-23,2.161,2.3635,2.112,2.2786,2094160.76,-0.00062429,0.00010070666666666668,0.00038686571428571436,0.00021781800000000002,0.000977822976429442,0.0006597263120032812,0.0006544126241795136,-0.7418472993853573,-1.4055460431020506,-1.7957068732008268,1.6088881741083834,1.8324646967236908,1.4200719967219932,50.96061475063348,56.306740336344554,58.3999775055364,2.15371,2.01757,
2020-11-24,2.2786,2.4731,2.1338,2.2823,3534792.04,0.00050371,-0.00013566333333333335,0.00038255071428571435,0.0001991636666666667,0.000578912271534585,0.0006586745037102258,0.0006372302094841356,0.3496211205029584,0.32109660284652664,0.39065483351727726,1.5879231321301486,1.8271732233071913,1.4191852290040343,55.33152379639128,50.4657313301219,58.07765173695178,2.19012,2.010172,
2020-11-25,2.2795,2.49,2.1703,2.2661,3597681.61,0.00120802,0.00036247999999999993,0.00042909285714285713,0.00022943100000000002,0.0009242831918302957,0.0006939805176098088,0.0006632196195173652,0.9548684500111688,1.274931305190635,1.7034500391349279,1.6021601889981816,1.830766616765752,1.4186956807723532,60.68897073648668,58.93372719901482,61.13409728496041,2.21266,2.0120139999999997,
2020-11-26,2.2653,2.3101,1.7212,1.9111,6803274.72,-0.005419439999999999,-0.0012359033333333332,2.0561428571428636e-05,3.8783000000000045e-05,0.003640123270582101,0.0017122413804981206,0.001225734282976169,-1.7212181469166787,-3.762507836422024,-6.255455673939848,1.7367968404457987,1.5316615357809666,1.4752904964219828,41.55907190652234,50.062742373894686,56.59098419528966,2.1775100000000003,2.004226,
2020-11-27,1.9117,2.04,1.7694,1.861,1802241.32,-0.00696982,-0.0037270799999999994,-0.0004987114285714284,-0.0002035443333333333,0.004343653824097864,0.002528686851153737,0.0017700664027826426,-1.2757933205189054,-3.157321571307271,-5.462140729193001,1.6234510914803313,1.5096990966290436,1.4692637538548459,38.591204419423825,45.492020455986804,55.75546417808995,2.14363,1.99417,
2020-11-28,1.8644,1.94,1.8016,1.8868,1381390.77,-0.00348758,-0.00529228,-0.0007692528571428571,-0.00032979699999999995,0.001744599124039676,0.002636956893738948,0.0018654208947879239,-0.18207614977987321,-1.3647756703403562,-2.5687077437357533,1.4442424580480795,1.480832167533286,1.4701831190134051,19.374381783429698,49.03562649345831,54.697472157087894,2.12078,1.981278,
2020-11-29,1.8858,1.947,1.85,1.9153,862711.64,-0.0038100399999999998,-0.004755813333333333,-0.0010729899999999998,-0.00046337399999999996,0.0019241528663111302,0.0027299341867186807,0.0019670831337315242,-0.037174213319728804,-1.345884922886713,-2.589821234575827,1.4815249651983844,1.4633651213647116,1.4709512931250481,30.53586146516882,45.91264663345651,54.31807319447753,2.10381,1.971586,
2020-11-30,1.9184,2.0182,1.9034,1.9665,1094620.01,-0.00222382,-0.003173813333333333,-0.001253262857142857,-0.0005064513333333333,0.0008383678267522786,0.002715586925312771,0.0019916846452961634,1.1723203205257255,-0.6138973831106252,-1.4511408352209283,1.564510740690395,1.3805712064399964,1.4732058272131272,20.58435435549663,39.140321239054906,57.088596621918086,2.0901300000000003,1.962462,
2020-12-01,1.9641,2.1404,1.9168,1.9738,2102911.64,-0.0031659699999999997,-0.0030666099999999996,-0.001553655,-0.0005687203333333333,0.0007977642379174472,0.0026747488705635095,0.0020457504293677916,0.4255016063949011,-0.9184639103724546,-1.9754444125757495,0.38463369513546186,1.2750063312883322,1.4587352659982182,21.119640489077412,41.35953505283426,58.21493300502783,2.04929,1.950266,
2020-12-02,1.9702,2.2098,1.9333,2.1209,2203748.48,-0.00249702,-0.002628936666666667,-0.0018498385714285713,-0.0006619543333333335,0.00048472998755321394,0.002517735996225599,0.002068404657457268,0.8115442424075661,-0.5816034250997786,-1.483608178579367,0.5120034562828679,1.2933127347444549,1.4693449248526589,39.08270672577759,50.204319855307894,60.28586728065168,2.04624,1.9445599999999998,
2020-12-03,2.119,2.2279,2.074,2.0967,3182362.33,0.00030000000000000003,-0.0017876633333333333,-0.0017720635714285715,-0.0006619543333333332,0.0018386481910994661,0.0025693212652479827,0.002068404657457268,1.6451530453129741,0.5773022047497388,0.295800574017348,0.6047227515841441,1.2763247414075483,1.469410570610196,77.76780354746418,50.42879126980847,59.770340791915054,2.02805,1.94028,
2020-12-04,2.0967,2.1123,1.836,1.8535,1424943.39,-0.00125726,-0.0011514266666666666,-0.0018940785714285713,-0.000713863,0.0014015101644060024,0.002495120762731373,0.0020629643417934733,0.38046781380851924,-0.03599759519578296,-0.6762171709546643,1.3840599856855702,1.3695648315044118,1.4924245486479615,49.28882982267744,42.14069968600744,49.29666934748142,1.98517,1.931986,
2020-12-05,1.8507,1.983,1.82,1.9795,1087998.4,-0.0005188899999999999,-0.0004920500000000001,-0.002017772142857143,-0.0007411593333333333,0.0007789768713511382,0.002368986841981118,0.002054486914581289,0.6425125132210459,0.2959313697740296,-0.1994257779466822,1.5052101967753322,1.3731069201972446,1.4219263822695822,57.386454119250175,35.98134091041295,49.36559720312257,1.9565099999999997,1.92878,
2020-12-06,1.9795,1.9907,1.7956,1.8505,1125736.37,0.00030000000000000003,-0.0004920500000000001,-0.0019758857142857145,-0.0007333659999999999,0.0007789768713511382,0.0024068359818065466,0.002058095366296143,0.8770354767631617,0.641951064747343,0.3201265798203308,1.6135816918817008,1.3153099430635442,1.4234464916610137,45.549450505653,38.72611460905465,45.381100751288365,1.9504499999999996,1.9216840000000002,
2020-12-07,1.8515,1.899,1.8088,1.8272,962743.7,0.00030000000000000003,2.7036666666666634e-05,-0.0019098649999999997,-0.0006849416666666666,0.00047278636193670136,0.0024588770934146405,0.002064966988214186,0.6777808793867782,0.6664691956178727,0.32012657982033077,1.3480717646600682,1.3128791338933075,1.4215077969546683,40.05142118549351,31.659353125042188,46.8350872400655,1.94707,1.9139279999999999,
2020-12-08,1.8301,1.8301,1.6211,1.6631,2296665.59,0.00030000000000000003,0.00030000000000000003,-0.0019244157142857142,-0.0006849509999999999,0.0,0.0024440538549766804,0.0020649623822378907,0.6777808793867782,0.7168380568318727,0.32012657982033077,1.4280007397442445,1.3571315041560268,1.4265608381416799,31.87069667136248,27.74263117265299,40.368027565960496,1.9247,1.9060059999999999,
2020-12-09,1.66,1.6777,1.5,1.6592,2093499.32,0.0001221,0.00024069999999999994,-0.0020019814285714287,-0.0006966629999999999,0.00010271061288887605,0.002352511474713639,0.0020591538244111923,0.06047869847232659,0.6126743901957281,0.21247215430778685,1.1867851502872497,1.3577018057668289,1.421849023319818,17.654476653554553,27.990135606595928,44.058577362843785,1.8990899999999997,1.90149,
2020-12-10,1.6599,1.6664,1.5395,1.5683,1061425.89,-0.0007948199999999999,-0.00012424000000000004,-0.0016716514285714283,-0.000741961,0.0005875119188578288,0.0021518614125587503,0.0020453633305472256,-1.765236940476214,0.24221575199132891,-0.353411678637251,0.7332986666249725,1.3675685708602774,1.4266346173723297,16.14556636173515,34.622285978403724,44.061650002310955,1.8592699999999998,1.8950820000000002,
2020-12-11,1.5739,1.5774,1.4328,1.4389,1429080.75,-0.0005354099999999999,-0.00040270999999999997,-0.0012120507142857142,-0.0007783556666666666,0.00047264419926622145,0.0015307060448818749,0.0020311278541595163,-0.8117362681150042,0.4091696760997365,-0.1780136798825826,0.7965321469572265,1.246383278882347,1.4282020681234864,18.901890169169945,32.32264004920705,40.05532499579706,1.80578,1.8846960000000001,
2020-12-12,1.4368,1.5382,1.4366,1.4912,1423640.73,-0.0037013,-0.0016771766666666664,-0.0012273164285714286,-0.0009117323333333332,0.001757734291192312,0.0015560022452455976,0.0020884411197889686,-1.717644609997774,-0.9470183736010939,-2.0772564302967433,1.0665884390896214,1.2221066540281658,1.4240998243968712,8.821049070374883,33.79219924015972,42.50456392395282,1.74281,1.87534,
2020-12-13,1.4909,1.7,1.4578,1.5701,1749534.43,-0.00301263,-0.002416446666666667,-0.0011703585714285714,-0.0010221533333333334,0.0016650197591119868,0.0014661913919238676,0.0021096305842236815,-0.855159073983973,-0.5807053285105632,-1.5856980028989922,1.1248519094772165,1.2153380739279316,1.4291844200664867,24.17096533360413,36.4180043665524,41.61080999839194,1.6901499999999998,1.868458,
2020-12-14,1.5651,1.6253,1.5224,1.5946,1503571.44,-0.00054022,-0.00241805,-0.0010501014285714285,-0.0010501606666666668,0.0016623028376021034,0.0014419845374923522,0.0020970121012771925,0.7738643178122998,0.5625495943823918,-0.08656965147984752,1.1481789245421834,1.2212018341412176,1.4298646069197192,28.62132349258286,35.05345225538555,37.19030447797313,1.66426,1.8644979999999998,
2020-12-15,1.594,1.8039,1.5875,1.7586,3562068.86,-0.00181186,-0.0017882366666666667,-0.0009533792857142856,-0.0011252986666666666,0.0012363742752230567,0.0013302271689016377,0.002082022955202767,0.0757286348403243,0.052790544949851075,-0.8294705696771503,1.3009755824004388,1.3176520865592343,1.4462450799647084,58.77918727496703,42.31867500053816,41.85557110049635,1.6421700000000001,1.866072,
2020-12-16,1.7577,1.7919,1.6025,1.7829,3098111.32,-0.00015194,-0.0008346733333333333,-0.0007858735714285713,-0.001140363333333333,0.0008682515048840049,0.001267044415010516,0.0020729698042702143,1.1047264564781822,0.7789395705769154,0.17315871157617896,0.6586488863498795,1.113221572390536,1.4444630054454077,60.96048193749364,36.776212792263934,43.724512867229784,1.6354099999999998,1.8675099999999998,
2020-12-17,1.78,1.8064,1.6382,1.68,2528060.41,0.00030000000000000003,-0.0005545999999999999,-0.0007858735714285714,-0.001165014,0.0011120204456753508,0.001267044415010516,0.002050428348831968,0.9929421246755895,1.0478645812055263,0.44522554082547255,1.104187925650445,1.1349760028429663,1.4508611124368889,59.69113301790075,34.64288343148816,42.55788308740828,1.6206900000000002,1.87075,
2020-12-18,1.6769,1.7077,1.6307,1.7014,1127224.49,0.00030000000000000003,0.00014935333333333334,-0.0006746407142857142,-0.001209999,0.00026092768065757034,0.0012906145797163355,0.002000751772506679,0.779300478929489,0.9564288168435675,0.44522554082547255,1.064394425395437,1.1346308668593679,1.4412510731624995,78.02690571296426,43.298969018751826,42.6232516723523,1.62452,1.876124,
2020-12-19,1.6987,1.7677,1.6595,1.6707,1332107.96,0.00030000000000000003,0.00030000000000000003,-0.0006161485714285714,-0.001173704,0.0,0.001316513037709593,0.0020184530837655743,0.5603297364804878,0.8861423469382551,0.44522554082547255,1.1042473860097404,1.1321586560156855,1.42589521838881,70.09178408537218,35.14813385031994,35.63148749958876,1.62567,1.8807760000000002,
2020-12-20,1.6706,1.6889,1.521,1.5635,1368277.59,0.00030000000000000003,0.00030000000000000003,-0.0006161485714285714,-0.0011787356666666665,0.0,0.001316513037709593,0.0020144476099121004,0.4471914697636731,0.8002316414365886,0.44522554082547255,0.7303968708485551,1.1490487340605253,1.4346358987202703,49.30526308523433,35.90096281169055,37.503719718994,1.62519,1.881052,
2020-12-21,1.5605,1.62,1.49,1.5331,1265977.95,0.00047015,0.0003567166666666667,-0.0006039949999999999,-0.0012034913333333335,9.823614830264358e-05,0.0013263696541007076,0.001988439660008498,1.7886193262018535,0.8543448591642644,0.5488177073339893,0.6228888261195538,1.1474535623533877,1.4317795072693817,43.60573917545431,35.65225870825138,33.47373083851632,1.63461,1.879554,
2020-12-22,1.5354,1.5799,1.47,1.49,2035459.3,0.00030000000000000003,0.0003567166666666667,-0.0006039949999999999,-0.0011839443333333333,9.823614830264358e-05,0.0013263696541007076,0.0020006107828096815,-0.4471548315504616,0.6411646332251381,0.45071568668337275,0.5409941097239022,1.0837909180277017,1.4329954661387867,12.694444419760828,40.424825692449645,32.73780988641515,1.63449,1.879878,
2020-12-23,1.49,1.5126,1.0301,1.198,4351555.9,0.00015573,0.0003086266666666667,-0.0006015928571428571,-0.0011579436666666668,0.00015738741574007433,0.0013278154793519292,0.002013164389634634,-1.3415264090810155,0.5262370021923173,0.38199303196092105,1.623744690194975,1.3801755996648162,1.526295008332589,3.409271941394806,30.654362380103933,29.225502749511264,1.59728,1.875602,
2020-12-24,1.1987,1.3888,1.1652,1.3612,1784967.07,-0.00117491,-0.00023972666666666664,-0.0006287421428571427,-0.0012138976666666668,0.0008130986154417796,0.001335931192356268,0.0019885652805576174,-1.7640826282514226,-0.6182094669978931,-0.40999468821711266,2.361025306522453,1.4613653928151566,1.5552051839519285,26.83139532153784,41.80969701927266,38.44213707695237,1.57394,1.875002,
2020-12-25,1.3641,1.4599,1.3417,1.4464,1391332.89,-0.0028923300000000002,-0.0013038366666666666,-0.0007970935714285714,-0.0013505759999999998,0.0015281145261181637,0.0014654898421903807,0.0019570243534995533,-1.590255768427238,-1.8026262169320733,-1.4103570483634364,2.4829215817474175,1.4561169294576477,1.5559199433926203,33.04070228368117,50.30735179868019,41.41259315826211,1.5427199999999999,1.875916,
2020-12-26,1.4488,1.4497,1.3118,1.3258,912192.33,-0.00518384,-0.0030836933333333334,-0.0009029892857142857,-0.0013427226666666667,0.0020113042734090083,0.0017225142809476738,0.0019405366630925675,-1.4854899970733833,-2.6615489069533202,-2.584509832520921,2.5586728757176984,1.4718757785393823,1.568852522639452,29.511702482287987,43.581185919734814,38.81935582402177,1.49701,1.8644319999999999,
2020-12-27,1.324,1.417,1.2616,1.3037,2170898.45,-0.00336432,-0.003813496666666667,-0.00092811,-0.0012225393333333333,0.0012099893712067635,0.0017578494523488289,0.0016732593019405495,-0.4242617056603537,-1.3743077322780386,-1.4867138895371124,2.5608519309220585,1.4717658508621692,1.5423194886058011,32.831086408958825,39.18480021528197,37.77973141552779,1.45938,1.850076,
2020-12-28,1.3041,1.5223,1.2867,1.5172,2158620.57,-0.00075127,-0.00309981,-0.000943185,-0.001131329,0.0022280918644212145,0.001755170016251987,0.0016192400289585618,1.075820105940613,0.1987675812435626,-0.011643940380079043,1.9033258141270888,1.5934882500402983,1.5818977614228342,49.15398527784636,47.275798911596425,41.56940739430542,1.44096,1.837304,
2020-12-29,1.5187,1.735,1.4388,1.6704,4870104.61,-0.00256472,-0.00222677,-0.0009969607142857142,-0.0010898183333333334,0.0013389044878183067,0.0017949154069137562,0.001563193382084788,0.24270270987046233,-0.8034117256999944,-0.9991543176504665,1.7978629272593214,1.6507340915529007,1.59924596745556,58.59211274431847,46.871896676393355,44.60257591799359,1.44093,1.830114,
2020-12-30,1.6734,1.6903,1.5235,1.535,2171296.28,-0.0031265800000000003,-0.0021475233333333333,-0.001209435,-0.0011199103333333336,0.0012413960661422025,0.001861999771109422,0.0015941585759924354,-0.08056971273073742,-1.0383952294779735,-1.2745208283966731,2.0611190195747384,1.6735630191624176,1.602978666568855,68.86475587975221,41.85022022579375,39.533388077211235,1.43808,1.815492,
2020-12-31,1.5337,1.5523,1.42,1.5073,2169627.35,-0.00344607,-0.00304579,-0.0014770114285714286,-0.001129247,0.00044619471500680514,0.0018972316470051314,0.0016073210613318776,-0.7126636807136233,-1.1064536528992617,-1.407052608718644,1.8305459471559562,1.6319003929190465,1.6008538806344543,59.64101881780558,44.02711484980428,39.48401366309049,1.4355,1.805638,
2021-01-01,1.5088,1.86,1.499,1.8421,4421991.45,-0.00450371,-0.00369212,-0.0018201335714285714,-0.0011961366666666667,0.0007207823604251187,0.001983551949006968,0.0017049918552284648,-1.175316240846904,-1.6234762533288902,-1.8828790070874155,2.2618456168210215,1.8359523261913686,1.6613130242811016,69.64161615333155,53.99920409550401,49.80304072582981,1.47071,1.804302,
2021-01-02,1.8421,2.0,1.7116,1.7999,5253819.62,-0.00118438,-0.0030447200000000003,-0.0019261607142857142,-0.0012456160000000002,0.001695670746076609,0.0018993936283394168,0.0016814524378984028,1.4592943603901396,0.13526020491355295,-0.12188643804981424,2.1712568149930993,1.8316514464607292,1.6585852077006824,75.51943152883668,53.64848069857231,46.80449785387069,1.5309000000000001,1.8000180000000001,
2021-01-03,1.7998,2.38,1.7973,2.1779,8318341.13,-0.0031090299999999996,-0.002932373333333333,-0.0021696628571428573,-0.0013073416666666668,0.0016667014116611698,0.0018083850026407058,0.0017155381295214495,-0.029236959232490915,-0.8483099548535991,-1.1016888325114695,2.536585913972327,1.9932446700992767,1.7203929536718297,84.02085923193135,65.04849608549628,55.351072125070935,1.6125700000000003,1.8052120000000003,
2021-01-04,2.1789,2.4989,1.86,2.4909,7800814.8,-0.00533106,-0.0032081566666666665,-0.0025840349999999997,-0.0014677473333333335,0.002075116461221716,0.0018215650981072045,0.0018583067468827326,-1.1557964137552048,-1.785478962178178,-2.138489756037187,2.105929034575824,2.0278709354033775,1.7485883522382448,85.16939965352988,70.60671252200973,59.90922387418381,1.7170200000000002,1.814216,
2021-01-05,2.4911,2.5093,2.0621,2.1636,6702006.99,-0.01435035,-0.007596813333333333,-0.0036304885714285714,-0.001956092333333333,0.0059533223884847145,0.0034854962344436527,0.0029701266120796977,-1.7014098111178653,-3.4696423490425787,-4.988088012660394,2.8475134215855578,2.1378255353694375,1.6241027807477044,65.82392194168588,62.91312012572719,57.125366544246745,1.8008,1.812236,
2021-01-06,2.1636,2.189,1.9017,1.9414,8451529.47,-0.0225,-0.01406047,-0.005248755,-0.0027160923333333334,0.00858813996111498,0.005967816861574127,0.004754170946478024,-1.4770823743714938,-3.3874066609514255,-5.509070067378506,2.8004397305164663,2.1780452830702175,1.6395602557085716,62.351081908797866,64.64308222088707,53.78243615950277,1.86457,1.807068,
2021-01-07,1.9404,2.65,1.9214,2.3635,30861006.24,-0.015,-0.017283450000000002,-0.006236261428571428,-0.0032260923333333334,0.004529327401226372,0.006372000627312801,0.005217532363172225,-0.37341094627955357,-1.7598262069409196,-3.1527984840349443,3.1656321575448314,2.3239295644251463,1.7033205327769954,70.98940966381026,67.91548990273418,59.789245576272926,1.9491999999999998,1.8120319999999999,
2021-01-08,2.3655,3.8,2.175,3.2214,29866396.67,-0.00010134000000000003,-0.012533780000000001,-0.006036905,-0.0032335403333333336,0.011401169820031629,0.0065264554973487,0.005212745308622123,1.2912174393811733,0.7066897253113144,0.4510150477325117,3.743468569637979,2.6317700895623806,1.857697929360381,76.91107033447624,74.8599439482342,68.60608334020229,2.1043000000000003,1.83476,
2021-01-09,3.212,3.6998,2.93,3.3829,9881188.65,0.0022335600000000003,-0.00428926,-0.005507090714285715,-0.0031325943333333334,0.009348951974055702,0.006891874282328612,0.00529034521482078,1.1508877559988075,1.0609954800957622,1.0037521001021856,3.6977313733079455,2.5941471685415767,1.8429127608671139,79.51155851765172,78.48458829934962,69.30581915905205,2.2890900000000003,1.860352,
2021-01-10,3.3734,3.7517,3.1556,3.449,5819813.51,0.00599783,0.0027100166666666667,-0.004838365714285714,-0.0029148196666666667,0.003077373374914606,0.007539557909676457,0.0055299851285872765,0.9695682543232431,1.5442264810558601,1.8377739161033497,3.104519658162466,2.582658120253006,1.813297981257537,76.81532422523492,79.3482721521553,69.22541692544128,2.48326,1.881688,
2021-01-11,3.4455,3.5282,2.5795,3.1016,8755693.07,0.00121715,0.003149513333333333,-0.004697764285714286,-0.0027508713333333334,0.0025185220263546056,0.007639332893135987,0.005578559882390074,0.29060340968025444,0.7940347218564079,0.7126074368129904,3.091523705656796,2.6431390261697643,1.8304804505189176,62.699105824957634,70.90899490623084,64.46423768946522,2.60921,1.9006920000000003,
2021-01-12,3.1016,3.88,3.058,3.6354,7075911.68,0.00015925,0.0024580766666666663,-0.004503195,-0.002645142,0.003110816347541801,0.007731966615330201,0.005603430317281579,-0.7052516273226251,0.6313970454537237,0.46598591169872555,2.991535875969586,2.4267916847587268,1.8647245919432611,78.18460357919218,73.56454163596912,66.81961568198041,2.7927600000000004,1.9278279999999999,
2021-01-13,3.6354,3.637,3.2633,3.5242,5123655.8,0.00069191,0.0006894366666666666,-0.004230445714285714,-0.002604071,0.0005289543369075629,0.007850700886448795,0.005623868845381939,-0.5869193811981444,0.6930554647106923,0.5885099393416426,1.8769438803171852,2.430823063791965,1.8617879167608349,81.65599997713632,73.99401715150256,65.36594832724015,2.92739,1.952666,
2021-01-14,3.5243,3.5955,3.1814,3.2921,6422109.73,0.00150239,0.0007845166666666667,-0.0038769842857142855,-0.0024935960000000003,0.0006763418225522647,0.00799873368648651,0.0056723114695465164,-0.17576351597023607,0.7705617119272369,0.7716224304854664,1.965165476062926,2.479266600215393,1.867036892475241,70.09956707832481,70.51682911101628,63.90868459286934,3.00751,1.973186,
2021-01-15,3.2921,3.4489,2.9618,3.2475,4812542.83,0.0011985700000000001,0.0011309566666666668,-0.003469678571428571,-0.0024485789999999998,0.00040944856787308176,0.008108791632415785,0.005696842276751974,0.46038729203631823,0.6696753134513916,0.6958801281115002,1.9473203918563977,2.4256020076003364,1.8523443599654783,50.871918196291624,67.3104399432836,63.2860702625761,3.1159000000000003,1.999914,
2021-01-16,3.2479,3.7081,3.2463,3.4247,8562549.63,0.00344779,0.0020495833333333334,-0.0031388092857142853,-0.0023436526666666666,0.0012203741476011826,0.008301430190450933,0.005777627900855537,1.6336194935281307,0.9296656304259896,1.1989078267370803,1.7052976459030906,2.409829554066766,1.8539153634373748,51.38190952395708,69.3686820291064,64.70243081623356,3.26423,2.0311879999999998,
2021-01-17,3.4251,3.9876,3.3,3.8268,8531899.81,0.00227823,0.002308196666666667,-0.002754005,-0.0022777116666666667,0.0011249093976553454,0.008426830085510985,0.0058199745056901515,0.4228911660442246,0.7296094837130594,0.9250084722715483,1.3648013984884715,2.3824363284072128,1.8675437727620556,60.21964940372552,69.54367663924117,68.07776479007369,3.4105599999999994,2.0699880000000004,
2021-01-18,3.8243,4.17,3.6167,3.7868,6226924.77,0.0034127100000000002,0.0030462433333333337,-0.00212945,-0.0021739546666666664,0.0006653502925026091,0.008544342459810648,0.005894779484677147,0.9981544405282303,0.832652764546404,1.156726843072006,1.3185143501958483,2.3830781218650445,1.8672531111169008,72.23231664467059,66.42250662958016,67.97352257910106,3.4671,2.107418,
2021-01-19,3.7873,4.0498,3.6,3.6287,4768719.77,0.0025364,0.0027424466666666667,-0.0009232535714285714,-0.0020994079999999997,0.0005946449690641546,0.00785016544063353,0.005941103471299377,-0.04129679455616914,0.6620233690555938,0.9441205763601448,1.1841553087046865,2.3471650917967612,1.871754415818757,49.712520351155256,69.39861766884039,66.74915808804172,3.49168,2.1406620000000003,
2021-01-20,3.6288,3.7413,3.34,3.7166,4801640.28,-0.00014720999999999997,0.0019339666666666668,0.0006733742857142857,-0.0021199866666666662,0.0018548455575689623,0.004807713647975933,0.005932959799564099,-1.6727233054918826,0.26708933710080074,0.34333637321982263,1.130593504197609,2.3329072672745865,1.8496918316519362,58.423817827586106,74.3712245732785,70.37570380605592,3.5184400000000005,2.175518,
2021-01-21,3.7199,3.7411,2.9717,2.9899,4385838.62,-3.0249999999999997e-05,0.0007863133333333334,0.001742642142857143,-0.0021309950000000005,0.0015167473144968222,0.0017390799933615564,0.005928619586615274,-1.0205250810018063,0.252667546940138,0.36875929808423524,2.3099620688407154,2.4770744571057994,1.9129005513186466,40.767444684994985,57.93594484338157,62.07535696350614,3.5072700000000006,2.192898,
2021-01-22,2.9893,3.4992,2.5295,3.3352,6481502.65,-0.00073001,-0.0003024899999999998,0.0016977371428571427,-0.0021605196666666664,0.00037483319383426486,0.0017974917984853141,0.005919036712306978,-0.9444164820412291,0.15250538151960383,0.2105985324192587,2.3005891034382286,2.492978284608715,1.9258441445935912,52.26345943499487,51.6569597925685,63.48372356114301,3.47725,2.217668,
2021-01-23,3.3302,3.6,3.3056,3.5079,2269454.7,0.00030000000000000003,-0.00015341999999999984,0.0015596257142857142,-0.002111356,0.0005259356298065332,0.0018271923439979784,0.005933612875924925,-0.06816805822789249,0.2712312708552466,0.44497200027397943,2.398627331386878,2.390186223495426,1.9288706630266519,52.15231786190675,51.81411817237323,65.4625075915456,3.47562,2.250756,
2021-01-24,3.5018,3.79,3.4781,3.6278,2457759.67,0.00034037,-2.9879999999999853e-05,0.0011555214285714284,-0.002003599333333333,0.0006066662566024206,0.001327372696731616,0.0059482764414489075,0.9111712309825909,0.23892490646174733,0.458250813748751,2.4077658362134216,2.3389607013588285,1.929620309637263,43.971888991408996,52.555015697748786,66.24358738793077,3.5091900000000003,2.283722,
2021-01-25,3.6287,3.9928,3.4398,3.7038,6791542.33,0.00142934,0.0006899033333333335,0.001170677857142857,-0.0017831599999999998,0.0006406889824503952,0.0013293404979982078,0.005948894776722583,1.4948202057081503,0.3091941385173559,0.6812067005411216,2.4050092544564854,2.2261992416285112,1.877283014099717,47.53942841617598,59.32891309856845,65.58206485040337,3.5548200000000003,2.320788,
2021-01-26,3.7036,4.097,3.6478,4.041,6618303.9,0.00030000000000000003,0.0006899033333333335,0.0011807314285714287,-0.001661016,0.0006406889824503952,0.001321612612145635,0.005952927523232523,-0.03657590498227804,-0.06299850025880432,0.4012471791309648,0.7080824626194522,2.153513572953527,1.8841303786103454,61.049472025119464,56.6908610757614,66.4615854416293,3.6164499999999995,2.3650640000000003,
2021-01-27,4.0418,4.0422,3.5114,3.675,2491757.82,0.00030000000000000003,0.0006764466666666669,0.0011527378571428572,-0.0016259736666666665,0.0006520247530066039,0.001336826010059637,0.0059615554086534074,-0.46708262627252,-0.6261071086960948,0.38694706418827474,1.3108538797202738,2.096732699790499,1.9028133911950662,49.029760222818894,52.294722724081616,64.39913871883763,3.6012700000000004,2.4053020000000003,
2021-01-28,3.664,3.96,3.6,3.81,2055425.01,0.00052246,0.00037415333333333344,0.0010827428571428572,-0.0015230676666666667,0.00012843734088389052,0.0013427512660173513,0.005971429035399449,-0.11553080697004793,-0.5155852623864547,0.42207808168609456,1.2852093735708534,1.6550405238427948,1.90378976323716,76.41904513015052,58.12086427654868,65.27333746564008,3.6035899999999996,2.448318,
2021-01-29,3.8092,3.912,3.6,3.8293,2992168.86,0.00192694,0.0009164666666666668,0.0011347692857142857,-0.0013546169999999998,0.0008821362598449977,0.001361563324053323,0.005995863543406633,1.3913092494179344,0.3728620235707983,0.7271869715272697,1.2736737383055454,1.6449843504259511,1.9034825640878656,70.14925369129394,59.19580195900799,63.756437921786834,3.62365,2.493538,
2021-01-30,3.8301,4.3179,3.7667,4.228,3944655.04,0.0020098900000000003,0.0014864300000000004,0.0010320621428571428,-0.0011727516666666664,0.000835852137821029,0.0012205988363042763,0.006012958681396362,1.1361634446059699,0.747059564482278,0.7243604904845823,1.4872010207771404,1.6917931194893545,1.9156753660640435,74.79512426667819,61.8659339754166,66.01796997284046,3.6747900000000002,2.54932,
2021-01-31,4.228,4.805,4.154,4.2525,5438870.48,0.00330473,0.0024138533333333337,0.0011053835714285715,-0.0009124703333333332,0.0007726358146198706,0.001327375089407121,0.006032768731610136,1.3778539861788885,1.6274627475467613,0.9912494302088306,1.3395173905850573,1.6094867301827713,1.9099707626754625,73.02277581549644,57.07777738173482,64.35550386390497,3.80105,2.6045460000000005,
2021-02-01,4.2568,4.617,4.1075,4.6148,2097052.47,0.00085779,0.00205747,0.0009228892857142858,-0.0008443979999999999,0.0012241636872575418,0.001149458373853755,0.006041110682327123,-0.7897753385849828,-0.3322994411212833,0.43235422209966173,0.8264306515285831,1.5084520344531016,1.9168353422589894,77.7236761689552,62.43392597086511,64.59705018750645,3.9290099999999994,2.66544,
2021-02-02,4.6148,5.4026,4.4632,5.2331,5278922.61,0.00276465,0.002309056666666667,0.0009391928571428572,-0.0006486086666666666,0.001285516551792824,0.001175429663022963,0.006060335132098709,0.6374799992961038,1.0820597531604905,0.8451662580006891,1.0558937050458757,1.5700705692027788,1.9055498913470281,80.97811961089096,71.16734389687205,70.28455872949118,4.1015299999999995,2.7382099999999996,
2021-02-03,5.243,5.783,5.0513,5.7311,3977458.72,0.00379248,0.00247164,0.001220599285714286,-0.0003444906666666665,0.0014891247409468346,0.0013534450591075053,0.0060461600261870006,1.0814486958675962,1.6529634031833536,1.0509940461952365,0.8588385989096976,1.5458422579094688,1.9105071209596078,99.99999996595497,73.98271384947836,74.16314921031167,4.31186,2.8176599999999996,
2021-02-04,5.7339,6.5426,5.5676,6.4085,5609382.39,0.004271769999999999,0.003609633333333333,0.0015278864285714286,0.0002762466666666668,0.000770017760336281,0.001525088628499525,0.005488897265588198,0.9638478743467452,1.726162067560267,1.1314211526917273,0.8898743623706095,1.573917976016053,1.912219803406758,99.99999997306138,91.18199775269724,74.9777700674384,4.58233,2.910172,
2021-02-05,6.4181,7.1438,6.4086,6.7005,4235525.49,0.00639162,0.004818623333333333,0.0020365742857142858,0.0012393006666666666,0.0013831733842990528,0.0018640683482381453,0.00354540981119875,1.3668731039242765,2.5288284501495872,1.5461488566400035,0.5948726210719852,1.5723405705778648,1.9112499843959476,99.99999997561994,91.06728818307319,73.0976059638212,4.84828,3.010582,
2021-02-06,6.7001,6.8181,5.7,6.1225,5040208.25,0.00457952,0.00508097,0.0023422542857142853,0.0018919513333333334,0.001145438816567677,0.0019077671094792938,0.001849432190797157,0.16533685603752205,1.391140221453823,1.1257245124806472,1.6735420293230037,1.616290018332091,1.9098160600354737,81.05228649180901,79.03433569256694,67.23495807792622,5.09303,3.099004,
2021-02-07,6.1219,6.8807,5.75,6.6976,5111066.89,0.00089317,0.003954770000000001,0.0023817400000000002,0.0019251016666666668,0.0028019586939317938,0.0018684620648873414,0.001821168333758119,-1.5548392190096838,-0.46714168992565763,0.33177946133917346,1.5623894257194841,1.6324571661223424,1.9161400336470757,83.9493487937673,80.9592964392789,69.20702864041012,5.3817900000000005,3.199542,
2021-02-08,6.6931,8.078,6.4554,7.855,6719151.08,0.00320262,0.00289177,0.002508402857142857,0.001957403666666667,0.0018627304884228342,0.0018590139207093634,0.001835366851134863,-0.32917805192972266,0.7234063045861231,0.8080890368952267,1.817424752630959,1.6904285034729831,1.9344926954487887,86.85228150202525,84.36879054872891,75.64747267537737,5.7843599999999995,3.3253719999999998,
2021-02-09,7.8651,8.4945,7.55,7.8005,4803489.37,0.00800924,0.00403501,0.003059062857142857,0.0020244506666666664,0.003630326141726108,0.002254297124646882,0.0020159142010442665,1.2286007817572742,2.5074497848175463,1.7540717735085491,1.810277383351547,1.7007046168845017,1.9156573132465673,83.49598161505918,82.65439066868475,73.69900424394228,6.141610000000001,3.45072,
2021-02-10,7.8005,9.09,7.26,9.09,4419421.79,0.00689853,0.006036796666666667,0.0035303864285714283,0.00221383,0.0025165129066693236,0.0023218553457579386,0.0021962536357012646,0.7650887000426444,1.7554141824753664,1.4649861057388986,2.0589199096941484,1.3315455870646165,1.9401936587152069,86.32107094434897,90.53143710677485,77.92450177424907,6.625360000000001,3.6027199999999997,
2021-02-11,9.0897,9.7425,8.72,9.2004,5694878.77,0.0044304,0.0064460566666666675,0.0038095250000000002,0.002356201666666667,0.0018318223233799963,0.0021618137941294695,0.0021969113411239847,-0.08982295111167306,0.6763566561631791,0.9306501083905258,1.47657283458735,1.3209611789620128,1.9399396194039265,84.40927800559874,90.49643896284294,80.00934567669708,7.083919999999999,3.762768,
2021-02-12,9.2058,9.93,9.0353,9.2,2867258.84,0.0037539799999999996,0.005027636666666667,0.003940027857142857,0.0024582706666666666,0.0016551638597532552,0.0020934923062274455,0.002188035955045516,-0.7209087678588179,0.32785964926294703,0.774497392632034,1.6225877351143057,1.3386634155530444,1.9410098035062235,83.19124636596447,90.46334662447845,80.37020783630071,7.48061,3.919544,
2021-02-13,9.2007,9.5117,8.658,8.7441,3487478.68,0.00590627,0.004696883333333333,0.004218340714285714,0.002605066666666667,0.0011006125958907135,0.0020760816242567067,0.002267963224644575,0.06112889120206578,1.1425734876959357,1.1712208086329794,1.476245795198187,1.4033841899224775,1.9431108386363607,85.97935878892578,83.73395877956473,76.38957789634563,7.781910000000001,4.065498,
2021-02-14,8.7448,9.23,8.5293,8.7158,2889949.04,0.00761264,0.00575763,0.0045260485714285715,0.002818869,0.0019336195686070097,0.0022428090077190005,0.002427516633311171,1.1660435664604123,1.6432467559500799,1.4593870784155034,1.4700415520088452,1.4147076065236281,1.944263606837464,82.58945870759183,83.32064201319164,75.18856646087214,8.012640000000001,4.213298,
2021-02-15,8.7234,9.38,7.7,8.8516,3424896.19,0.00086418,0.004794363333333333,0.004526505,0.002732748666666667,0.003508942920515137,0.002242005571209538,0.002450158610299696,-1.4468767569897145,-1.139713564500835,0.1315532099907068,0.5088100846894242,1.4046476850693632,1.9325333739899897,74.01677267601129,82.73682582045564,75.83923431092485,8.227749999999999,4.364256,
2021-02-16,8.866,9.0,7.9601,8.3002,2257217.69,0.0031655800000000003,0.0038808000000000002,0.0045551428571428566,0.002762327,0.003430609687679432,0.002220224500011821,0.0024498384792909955,-0.4219467477534442,-0.2588963632493178,0.5726709792827399,0.6651909644104652,1.353635776589256,1.9455216792825427,59.71536336205594,73.94637808536329,72.91321278370819,8.445519999999998,4.499916,
2021-02-17,8.3035,8.45,7.5182,8.2357,3331645.44,0.00252231,0.0021840233333333334,0.004464416428571429,0.002732647,0.0011874084771607931,0.0022789619026673817,0.002447079411260455,-0.5503144583253996,-0.6125855533701452,0.438669269631604,0.6463573624320686,1.3694237389962365,1.9442138388022132,18.281725690356268,70.97444141302981,72.21670515685494,8.59933,4.631222,
2021-02-18,8.2412,9.32,8.23,8.9771,2479859.19,0.00342682,0.0030382366666666665,0.004404062857142858,0.002762327666666667,0.00046550706593274005,0.002295583947017966,0.002450015247771949,-0.036643572896568576,-0.2369664901740023,0.6034743550458148,1.0349871644821307,1.3751654622158234,1.9354993167792793,44.35455325324964,71.28227221360237,79.39166631756896,8.71154,4.780064,
2021-02-19,8.988,11.85,8.5257,11.4912,7106323.06,0.00266789,0.0028723399999999997,0.004138082142857143,0.0028561643333333336,0.0004856793560570347,0.002263075612796335,0.0023878573294897256,0.13849323603377356,-0.6152956119961637,0.447599400760893,2.2914940314380967,1.6157745627822186,2.0043753512766194,75.50652356662633,79.01098500483057,83.00955154343316,9.080609999999998,4.979742,
2021-02-20,11.4845,11.8327,9.754,9.9869,4731324.37,0.00549735,0.0038640199999999997,0.0042036414285714285,0.0030404176666666673,0.0014645200076816875,0.002289981784048667,0.0023706540015052758,1.7033089054620818,0.6675210843598777,0.9733795287662482,2.855593215793884,1.8023220318071653,2.044364000714303,61.21701143672121,71.04105411091611,73.67086571240732,9.1703,5.142638000000001,
2021-02-21,9.9849,11.6707,9.8101,11.0753,3694265.15,0.00287296,0.0036793999999999993,0.004345055,0.0031605166666666667,0.0015777262367407,0.0021250110992823232,0.00226182117373914,-0.42883818058464984,-0.6469478730679512,0.4572393458319943,2.738754668199588,1.8136959934872992,1.9530661598151657,67.87527083023795,72.5740746365517,75.41097711827061,9.35779,5.328146,
2021-02-22,11.0738,14.8,9.1,14.4191,14711670.8,0.00161343,0.003327913333333333,0.0042315414285714285,0.003204297666666667,0.0019815260642326426,0.0022305563468780145,0.0022168059805941077,-1.1166558618689546,-1.2087798886568946,0.20569913707539547,3.104946530263315,2.0180309507444196,2.01986556044869,78.38273228164358,77.62040612750734,79.8944308235341,9.8797,5.572969999999999,
2021-02-23,14.4176,15.8888,11.47,15.2244,24306320.76,-0.0009445800000000001,0.0011806033333333333,0.003591982857142857,0.003161466,0.0019452267491049267,0.002344792843637965,0.0022854012065742467,-1.4115524242737707,-2.043177194022596,-0.29461655707978335,3.140833372012359,2.0100592758689046,2.0195098287887263,84.40835635183706,79.38180234209565,80.4061990089648,10.52773,5.82764,
2021-02-24,15.2389,18.2052,14.7917,17.1691,10777544.75,0.00051868,0.00039584333333333326,0.0031362792857142856,0.0031311106666666666,0.0012834213746986327,0.0022715516765163097,0.0023150565312929803,-0.5690128469978176,-1.2825375312011822,-0.030357397955832737,2.7875482211559217,2.0154831175166064,2.003968361146073,87.40328252711588,80.39838358059421,83.78812840923011,11.373059999999999,6.12775,
2021-02-25,17.1745,17.69,13.6579,13.8442,9520373.92,0.00058425,5.2783333333333306e-05,0.0028615542857142857,0.0031405856666666667,0.0008643639686112155,0.002334701146108801,0.0023036233373351306,-0.24305482052552232,-1.1353284949152755,-0.030568587271287934,3.3462662905228813,2.3110777288531366,2.0979756441935677,66.75364014686397,64.06939259721162,71.66409022131478,11.87232,6.365806,
2021-02-26,13.8565,15.5083,13.1,13.5962,8029513.17,0.00030000000000000003,0.0004676433333333334,0.0026148414285714285,0.0031405856666666667,0.00014883907965761983,0.0024142808798762946,0.0023036233373351306,-0.12519468864621447,-1.1288309274870238,-0.08993857222846502,3.3808254715386297,2.255096103589579,2.0834964761016406,58.5852488669095,63.122358329848645,70.88077716545021,12.40192,6.59046,
2021-02-27,13.5864,14.8359,13.01,13.1916,6232463.19,0.00033802,0.0004074233333333334,0.0022171092857142857,0.003134437666666667,0.00015431180328583986,0.002285565406271629,0.00231108567039715,0.2843986015779955,-1.090755638451728,-0.09230933823392264,2.405080903797456,2.2623488041641395,2.084435383063876,64.35836088380056,63.31626694879231,69.15855888917959,12.89751,6.789864,
2021-02-28,13.1853,13.7739,11.417,13.0887,7231344.75,0.00030000000000000003,0.0003126733333333334,0.0016947778571428569,0.0030802063333333334,2.1950857234477306e-05,0.001724338325031364,0.0023589897563568232,-0.8089334069870906,-1.018774286470407,-0.11165564150276819,2.2908586223815943,2.1959472653354752,2.0658534629077137,59.89463544633226,63.034678457368884,68.82317352917121,13.308670000000001,6.98398,
2021-03-01,13.08,15.5469,13.0102,14.9855,5511248.26,0.00060709,0.0004150366666666667,0.0016764142857142855,0.0030334463333333336,0.00016740592054442901,0.0017351990697798414,0.0023945720218292573,1.1616685931199298,-0.8353769714255127,-0.06453808412700242,2.3832560294166267,2.239212577285714,2.0757440570091448,53.245027037621284,66.5467140671933,70.73634032503821,13.658100000000001,7.21471,
2021-03-02,14.9989,15.25,13.3544,13.9438,4128426.11,0.00096648,0.0006245233333333334,0.001519335714285714,0.002955504666666666,0.00033358183168950644,0.0016889429154615923,0.002423319095766897,1.603168335474907,-0.6147550413455384,-0.011101304112358774,1.504224155693162,2.213092374381905,2.0526517389935313,42.856664729572984,64.83175123304821,67.1271554616506,14.053790000000001,7.431554,
2021-03-03,13.9546,14.738,13.7018,14.0742,3277327.93,0.0019477399999999999,0.00117377,0.0014782949999999997,0.002991836333333333,0.0006939470179343585,0.001669566002633616,0.002398831402693434,1.6449805987395558,-0.1266273157036496,0.17654900460376213,1.489943101744343,2.21334746089236,2.048639785445453,28.355223585547023,65.29099641766629,66.64498700471209,14.35368,7.6403300000000005,
2021-03-04,14.0936,14.2737,12.736,13.0508,2764372.37,0.00124355,0.0013859233333333332,0.0013223471428571428,0.002941133,0.0005058857790384315,0.0015727178226116823,0.002419782958996384,0.3643210260578571,-0.39353712497343,0.019773747603502142,1.6359713755292573,2.250453569585023,2.028036337198991,41.816906632024455,60.51369668127169,63.0713282019923,14.216849999999999,7.830862,
2021-03-05,13.0649,13.0992,12.1251,12.5382,2069391.25,0.00047676,0.0012226833333333334,0.0011658378571428568,0.002830609,0.0007357119704295438,0.0015371386351779024,0.0024550230943661947,-0.9747988438128856,-0.6727084253821145,-0.1580961405696008,1.6690474385908416,2.24464408010534,2.0180563999665386,39.652609336562705,53.013504641187495,61.38907855817198,13.94823,8.015784,
2021-03-06,12.5507,13.31,11.9,13.0421,3061674.23,0.00133487,0.0010183933333333334,0.0008685178571428571,0.002732712333333333,0.00047128530258573045,0.0009091552823631902,0.0024541294603047602,0.2621890182835422,-0.12184500789824265,-0.038604262923544984,0.9683583648546249,2.244277001472618,1.973818348763642,48.5657271074705,59.33090633158658,63.538960015578176,13.53553,8.211676,
2021-03-07,13.0443,14.014,12.7049,13.8174,2999418.25,0.00205782,0.0012898166666666668,0.0008102935714285714,0.0025882523333333337,0.0007914922823586605,0.0007890848445909842,0.0023569530625330683,1.0167275652831056,0.3271771893307751,0.04705277860954004,1.057789651651155,2.249842021241554,1.944109649857415,56.19211093636504,58.53795233107157,63.82238512037839,13.53285,8.41953,
2021-03-08,13.8174,13.906,12.996,13.6028,2116684.52,0.0022577200000000004,0.0018834700000000002,0.0008563142857142857,0.002510859,0.00048550125900967937,0.0008555195476228619,0.002327245058390371,1.1020793329899534,0.5063887968644633,0.026723501778172322,1.055321093503691,2.2233119082791086,1.903401725344645,33.54672885516487,46.84316773282127,61.58279527594,13.533510000000001,8.61505,
2021-03-09,13.608,14.9921,13.1985,14.839,2594490.9,0.00413851,0.002818016666666667,0.001219392142857143,0.002619037,0.001147940322940748,0.0010812709440011785,0.002324882444034608,1.534064514866265,1.6430369829015559,0.8888394936388723,1.0021479685515147,2.233543336617864,1.7753140329873287,60.18105721905954,48.557634725450555,63.538961656648425,13.698249999999998,8.836094000000001,
2021-03-10,14.85,15.2118,14.0525,14.2048,1943926.1,0.00355574,0.0033173233333333337,0.001436325,0.0026308076666666665,0.0009627952203004048,0.001224983353285633,0.0023288295114849695,0.7727125884688915,1.2533946014005017,0.5989588503137141,1.0239940441593973,2.2390462392039807,1.7824200324929085,51.33259866210915,37.69948960099761,60.09306106320652,13.80986,9.047616,
2021-03-11,14.2011,16.3222,13.67,16.031,4125742.57,0.00192836,0.0032075366666666667,0.001532332857142857,0.002428111666666667,0.0011454802166049425,0.0012055836862917223,0.0020977269160969937,-0.8628668513554326,0.2279608275631682,-0.1453374420220083,1.3224491203440771,2.0540264814119427,1.7983527903104308,76.12835348881468,60.363195199936634,62.624011230304305,13.91441,9.293904,
2021-03-12,16.0519,16.5,14.0803,14.5597,3678388.38,0.00209599,0.0025266966666666665,0.001660617857142857,0.002268027,0.0008951103790222249,0.0011590209013591399,0.001920579473729574,-0.7070796790724777,0.5576730879621196,-0.07085167411541404,1.737033717538265,1.9972086914539977,1.7940258840903405,65.17255354554833,54.091607844699105,59.39477438426408,13.975999999999999,9.525300000000001,
2021-03-13,14.5532,15.4072,13.8439,15.3033,2632320.37,0.00266394,0.0022294299999999997,0.0018267549999999998,0.002209145,0.0003855180401744905,0.0011209285771026517,0.001878618506969762,-0.22383457129611986,1.037990897149645,0.18800685359889918,1.7372636280476401,1.9664745900433722,1.7639160324735028,66.3821833183894,58.71659607514153,61.38252014147036,14.09891,9.764662,
2021-03-14,15.2902,15.376,14.3399,14.4605,1750244.94,0.0036961,0.0028186766666666667,0.0020693335714285716,0.0022072156666666665,0.0008112000863124395,0.001132522717962708,0.0018770062891167974,1.1162017028952336,1.6583123629216459,0.6732349349661503,1.6916074979750326,1.6406864183730623,1.769970769602298,54.61407108177334,55.33649730977429,59.69500895574842,14.23988,9.983713999999999,
2021-03-15,14.461,14.8214,13.6179,14.1577,2020949.93,0.00295508,0.00310504,0.0022370471428571426,0.0021088426666666664,0.0005321696793316713,0.0010715373884171353,0.0017494571212964037,0.404754334727582,1.0247868858996627,0.29556450555904146,1.6553828558146637,1.6243944115051494,1.7586793061625143,53.93150160295985,46.32382981926873,58.904615337770466,14.40183,10.194312,
2021-03-16,14.1586,14.2933,13.1389,13.6392,2501657.49,0.0021636900000000002,0.00293829,0.002322562142857143,0.001927211,0.0007663429585374783,0.0010082414952181154,0.0014078465780424548,-0.8431405271348665,0.31981357032876945,-0.10373436076379733,1.0277675685346,1.5303512902673315,1.76280359752441,40.536959329214774,48.581381912105854,58.969732397715305,14.46154,10.39302,
2021-03-17,13.6379,14.2685,13.0326,14.2018,1703006.56,0.00272945,0.002616073333333333,0.0023783985714285714,0.001989386666666667,0.0004076950262553017,0.0010075324029823216,0.0014004495058209025,-0.20097082706170966,0.7125817269087494,0.18293098627293242,0.9082384574393134,1.2383822477888895,1.7617792351009345,49.97606815230492,50.57127506529372,59.85829149492542,14.499979999999999,10.596236000000001,
2021-03-18,14.1987,14.75,13.957,14.204,1576671.71,0.0042828499999999995,0.003058663333333333,0.002595491428571428,0.0020266290000000003,0.0010972674425741916,0.0010697168461711764,0.0014468925000516966,1.3432379248053539,1.7796938311538046,0.9307129441337212,0.7130119010255412,1.2353549065787528,1.748963021603888,29.44326926940677,55.68257972188714,58.8531204106765,14.5601,10.806816,
2021-03-19,14.2153,14.4883,13.8554,14.1552,1461762.29,0.00086487,0.002625723333333333,0.0026232135714285712,0.001971381,0.0017113492443488298,0.0010141723463199441,0.0014589066923162562,-1.395746103402559,-1.040654336207507,-0.7311655367421155,0.5565547249558342,1.2271347202661476,1.7482407517567393,43.30586170512229,58.349685006538316,54.92334076933537,14.49172,11.013720000000001,
2021-03-20,14.1588,14.9793,14.09,14.1894,1393209.56,0.00049906,0.00188226,0.002563512857142857,0.001873789,0.002087002276016963,0.0011153955113454871,0.001456111423598289,-1.057824321994763,-1.3711355578237479,-0.8882847015002252,0.5269138078718628,1.2260934583161824,1.7414559006068902,25.90942514030162,56.22632497816018,58.212916306894506,14.49018,11.220922,
2021-03-21,14.1788,14.3636,13.638,14.3372,1191850.82,0.00032711999999999997,0.0005636833333333333,0.0024398914285714284,0.0017957633333333333,0.0002746377560229652,0.0012620242910855958,0.0014746887727487628,-0.8248464784783219,-1.4790699267917182,-0.9803140641822308,0.3391753772705907,1.0760606130215284,1.7417193943184923,46.18714822664912,53.02709123503483,56.618014041554346,14.3208,11.423106,
2021-03-22,14.3372,16.59,14.1697,14.7964,5102991.54,0.00012786999999999998,0.00031801666666666665,0.0022877592857142855,0.0016167806666666667,0.00018576236710736628,0.0014058506064381512,0.0013285405888337919,-0.6302985103322944,-1.5391357155618606,-1.0809155997170765,0.26721902664301717,1.0371957113272032,1.6343639279435715,68.00879713099525,56.758470728453766,50.86697763540396,14.344470000000001,11.633984,
2021-03-23,14.7962,15.227,14.0146,14.1552,2004427.43,0.00027387,0.00024295333333333334,0.002011713571428571,0.0015301443333333334,0.00010316017077017946,0.0013938618626657185,0.0013285437931958373,-0.511955358639525,-1.2928303356603674,-1.0283080521300982,0.5300763133824578,1.0560140584179862,1.6302174362220194,63.60759491322505,45.84841051264204,47.524472798231635,14.229659999999999,11.824792,
2021-03-24,14.1433,15.3719,13.5842,13.5973,2317339.72,0.00030000000000000003,0.00023391333333333333,0.0017791607142857142,0.0014863633333333335,9.276090573799219e-05,0.0013880222703237962,0.0013472148153526725,-0.042053186017085756,-1.1976516880838224,-1.0153366778740311,0.6309917574354286,1.0174259299495736,1.6364693477952952,34.018928766555675,46.27716291444056,41.16267331159727,14.14334,11.992075999999999,
2021-03-25,13.5844,13.7329,12.47,12.9787,2292323.1,0.00030000000000000003,0.00029129000000000004,0.0016628492857142854,0.0015278493333333333,1.5086162533886065e-05,0.0014417439976504077,0.001287619894991856,0.4312701140326319,-1.1821256343782673,-1.014656309431866,0.692672371012746,1.022952217964058,1.6450508671956865,25.569246712964656,28.04574551690081,47.52746781091188,14.02544,12.137028,
2021-03-26,12.9789,14.7921,12.3043,14.7664,2972281.77,0.00051536,0.0003717866666666666,0.0015499471428571427,0.0015277386666666666,0.00012433815397267016,0.0014668857404060425,0.0012877097601441728,1.5311006673540104,-0.9744208369209528,-0.895574668278511,1.4556186787464767,1.150150086221913,1.6663951663631063,57.19634530211523,51.422006346813966,53.07268143322112,14.13816,12.304186,
2021-03-27,14.7751,16.8,14.7173,16.4589,4053893.7,0.0005879500000000001,0.00046777,0.0014016621428571427,0.001527862,0.00014975782684052696,0.0014504487189045906,0.0012876164531503303,1.3249334816577252,-0.8532290972082173,-0.864049914616255,1.7063230139523717,1.2126012187830046,1.672305204515677,69.21709088241089,57.03193456335255,58.0357011021943,14.36387,12.499354,
2021-03-28,16.4516,19.38,16.3049,18.0645,7200727.49,0.00149863,0.0008673133333333332,0.0012446999999999998,0.0015678163333333332,0.000547939665687133,0.0012934586135688203,0.001266627979818263,1.7279885471192655,-0.19292861757560056,-0.4264089404559974,1.6262374730433458,1.258666828671761,1.6541911762091674,75.31204584558404,70.06770901843124,61.395344568585195,14.74992,12.738194,
2021-03-29,18.0645,19.0,17.6439,18.9504,3064381.78,0.00239053,0.0014923699999999998,0.0012043750000000002,0.0016362333333333335,0.0009013063046489736,0.0012438840711178672,0.0012532726664502233,1.5229911706964405,0.5276981668700469,0.002607690251135871,1.334383795198903,1.2258750022708327,1.6548679232587116,76.6644414135023,75.05934515303386,59.521076561152114,15.22944,12.98325,
2021-03-30,18.9504,20.87,18.9105,19.0685,3808354.1,0.00299927,0.002296143333333333,0.0012640592857142857,0.001726209,0.0007547593885029289,0.0013116551601021198,0.0012509246198721975,1.2796699273335488,1.0334702431267015,0.2991348746456899,0.9465795763982788,1.200428681704994,1.654776371597139,83.80881603310264,79.6284775535095,62.877360141116164,15.71735,13.207519999999999,
2021-03-31,19.0645,19.8154,18.0,19.3861,2784733.45,0.00202127,0.0024703566666666667,0.001213475,0.0017733483333333335,0.0004938625542935135,0.0012635689901760827,0.0012338268180133057,0.13309955033659515,0.27494551308610593,-0.19177485071672978,0.8662795062498152,1.1017549930287807,1.6449621779750412,91.19555934189626,79.06877641094319,63.223352393191774,16.22224,13.439231999999999,5.301178
2021-04-01,19.3818,20.3583,18.7433,19.0443,2230609.34,0.00292389,0.002648143333333333,0.0011164064285714287,0.001838595333333333,0.0005441949725358661,0.0010424981086100276,0.0012414191597792884,0.8853789636215881,0.9194880075833443,0.26470800064017197,0.8176675044234639,1.0036670709467859,1.6477241572991776,94.93569607265232,76.14428155142629,65.44421939201061,16.64703,13.638318000000002,5.380098
2021-04-02,19.0443,19.8003,18.345,19.7501,1773300.55,0.0030322500000000002,0.002659136666666667,0.0012712192857142859,0.0018747456666666667,0.0005550593533427863,0.0011569215686764041,0.0012603532329817143,0.800801681505886,0.9752639385862051,0.3022689545760254,0.4919891444090052,0.9959283475581584,1.6418424198162997,93.96890934558287,78.21745225294744,68.40061437311402,17.20652,13.849312,5.462528
2021-04-03,19.7513,23.8476,19.7228,22.5,6266319.5,0.0040037399999999996,0.00331996,0.0015215535714285715,0.001966752,0.0005946442539030984,0.0013414451345161395,0.0013123612810145668,1.4350422801278815,1.6569624370531844,0.7782111619928371,1.0912246482445658,1.0636914463880713,1.643648535822812,94.91724536909572,82.90127952460396,71.64982670796371,18.096790000000002,14.115312000000001,5.5603805
2021-04-04,22.4672,25.5309,21.9867,23.7755,5274539.83,0.0010693,0.002701763333333333,0.0015745664285714285,0.0019865033333333333,0.0014948747793823104,0.0013047750259931729,0.0012934864981029763,-1.3864990460066857,-0.4291116992037244,-0.6724876890461438,1.0556455383058463,1.0539687551797827,1.6370379210476151,94.65486503201791,84.30287919010097,72.28450840741004,19.176470000000002,14.41594,5.6665944999999995
2021-04-05,23.7755,24.78,22.7664,22.9717,2821214.21,0.00233432,0.0024691199999999996,0.00173217,0.0020198183333333336,0.0014718569252478242,0.0012486374981308434,0.0012889873873572542,-0.3138561704784974,0.5050456710339049,-0.021222855379068355,1.2490339740652596,1.0506743175963125,1.628086335110076,81.85188117904215,78.9865195391698,70.42730122154356,19.997,14.701058,5.7670385
2021-04-06,22.9876,25.3,21.7554,25.0548,3326493.23,0.00337338,0.002259,0.0019535635714285717,0.0020636703333333337,0.0011538851712367144,0.0012449579111860432,0.0013124885704579037,0.544291475311092,1.2214708801120056,0.5484505535274528,1.1710000369536469,1.081091141052934,1.6351422397786228,86.1600724783676,85.0609246053677,71.48053760428671,20.85659,15.025122000000001,5.8767405
2021-04-07,25.0548,27.5203,22.9078,26.5385,7815658.63,0.00030000000000000003,0.0020025666666666666,0.0019535635714285717,0.001998413,0.001563317421937502,0.0012449579111860432,0.0013506228877796073,-1.2410350897032076,-0.9349316977363893,-1.0265445838458525,1.1543877489100811,1.0800953469029853,1.6128817058626201,87.86903298937816,89.28814299527592,75.03928342908435,21.703989999999997,15.389888000000001,5.994278
2021-04-08,26.537,27.9951,25.6431,26.9384,4209553.61,0.0005865,0.0014199599999999998,0.0019740278571428573,0.0018800126666666667,0.0016977655417636408,0.001217743496858513,0.001311674467433429,-0.7332689658145193,-0.6935967432033043,-0.8715074900913429,0.8965497180145519,1.0715682062605227,1.6046679443067362,91.54046117388694,92.95054426954009,73.50489603636633,22.502789999999997,15.763942000000002,6.114656
2021-04-09,26.9261,29.0,26.7097,27.6172,3037133.3,0.00047232000000000003,0.00045294000000000004,0.0019709535714285712,0.001777232,0.0001442298540524678,0.0012217569998641397,0.0012965581483812367,-0.6872534738031848,-0.7811999674761184,-0.9030397370912544,0.8746312155969235,1.0638511113900766,1.5679103224971587,91.51635407305122,92.43428872477823,79.13332945610765,23.357660000000003,16.136744,6.238905999999999
2021-04-10,27.6194,28.2948,25.9017,26.8021,2705997.06,0.00185278,0.0009705333333333335,0.0020612985714285716,0.0017747126666666669,0.0007661779517405374,0.0011566519061289092,0.0012963277755550062,0.4110101803255131,0.2431351601035391,-0.14127043157769362,0.8451876918122112,1.0940655835961828,1.5714652404153888,78.52889294884939,86.25478456313132,75.57403007768167,24.099259999999997,16.442962,6.358375499999999
2021-04-11,26.7993,28.649,25.5131,27.8517,2517685.81,0.00195047,0.00142519,0.0020935728571428573,0.001769862,0.0008266539552315639,0.0011459987734281794,0.0012953560420538846,1.146480889079095,0.25724196165809066,-0.0416650517003153,0.6253793927290414,1.094490797588892,1.5367649983987899,77.86573693539702,85.69729949666805,79.51137594773354,24.979999999999997,16.800258,6.48336
2021-04-12,27.8598,29.9295,26.8049,28.5424,2842013.26,0.00265265,0.0021519666666666667,0.0021122957142857145,0.0017694856666666666,0.0004363469768811466,0.0011533412172647559,0.0012950889455399862,1.2209826731382798,0.7547540590203149,0.4107287902590416,0.5015211946135452,1.0409572389901909,1.5367409325785086,88.68058158534677,85.4906981130073,81.16796164745037,25.859229999999997,17.1496,6.6103555
2021-04-13,28.5266,28.8162,26.2616,27.4507,2275774.43,0.0033370500000000003,0.0026467233333333333,0.002136422857142857,0.0017575173333333335,0.0006933089990280758,0.0011766215500087721,0.001278219718965113,1.2028890778268364,1.2062913855448671,0.8423707219935818,0.6783257439073308,1.0392853770472332,1.5426989558397415,69.29221353595224,78.93007523224254,79.20065286406947,26.354300000000002,17.410232,6.731640500000001
2021-04-14,27.4571,27.5613,24.7,26.4067,3623963.28,0.00291916,0.0029696199999999996,0.0022005578571428572,0.0017563199999999998,0.00034497898298298767,0.001194201652036127,0.0012770755679960375,0.5935312173855334,0.7706244121707726,0.6452738288058821,0.7145728696431883,1.0279974507884606,1.5396457701203956,48.857846019931294,73.07373761931565,75.28915447082721,26.61742,17.633878,6.848030500000001
2021-04-15,26.4182,28.2,25.4479,27.7816,2146653.64,0.00302285,0.00309302,0.0022076264285714286,0.0017849586666666667,0.00021760258431364145,0.0011990953028115472,0.0012960188497983475,0.47140339681297366,0.7785399333134244,0.8684527974922586,0.8227659495031402,0.9419687292470991,1.5407056435496396,56.250741305987496,76.88979164080597,76.61919586351098,27.09841,17.846128,6.971149499999999
2021-04-16,27.7946,28.2571,24.8547,25.2996,2673912.32,0.0031557399999999998,0.0030325833333333333,0.0022164471428571426,0.0017991683333333335,0.00011858995502701382,0.001206061936401839,0.0013090033199585982,0.5380783377447539,0.8160093277005304,0.9362270851571719,1.093815318160472,1.0175940954342984,1.5656688292392684,36.443612537960874,65.39586188020917,69.94587744407521,27.12289,18.075236,7.082848
2021-04-17,25.2926,26.7914,24.8181,24.85,2442737.39,0.00282988,0.003002823333333333,0.0021325999999999997,0.0017507360000000001,0.00016385049720189885,0.0011091600922666276,0.001238944520888086,-1.1157662147777976,0.4487157933040655,0.7009686899546462,0.9946512386847449,0.9772802874926166,1.5548142956217648,38.07149403890621,57.47341372306627,68.80043735212185,26.95404,18.300312,7.1923455
2021-04-18,24.8517,32.99,21.1,32.3358,11699397.05,0.00025915,0.00208159,0.002074732142857143,0.0017305453333333334,0.0015866668995412943,0.0011872850672416653,0.0012586577769407067,-1.780016121805485,-1.7430860706846676,-1.1736200054190824,2.652949298532276,1.4375163268389186,1.6664713330484193,65.33686305583015,69.51492519857013,75.21518632080128,27.493779999999997,18.683196,7.339541
2021-04-19,32.3324,36.095,29.8066,31.4711,12075270.9,0.0007470600000000001,0.0012786966666666667,0.0019613564285714284,0.0017388120000000002,0.0013653356152365339,0.0012353998583056575,0.001251082286296751,-0.9068735162131879,-1.1842228970221864,-0.7859909644384112,2.625976723101893,1.4536026975610912,1.6632311661970727,59.89913943756519,69.32243925064331,73.09803160491822,27.87917,19.050844,7.482561999999999
2021-04-20,31.5303,32.8,28.81,31.7028,7036100.92,0.00114499,0.0007170666666666668,0.0018021857142857145,0.0017660743333333334,0.0004436809962499295,0.0011818732093959582,0.0012279567125041547,-0.3737842591000578,-0.7951891464146037,-0.4726384437738678,2.6285443163374267,1.4551668471511747,1.563837053904398,65.25942566439515,66.50266603980182,74.5861121950109,28.36924,19.38519,7.627959999999999
2021-04-21,31.6939,35.1801,30.1101,32.5534,6573327.09,0.00049116,0.0007944033333333334,0.0018158400000000002,0.001778184,0.00032947603954358985,0.0011641547620550178,0.0012129437935711395,-0.5889789534286104,-1.2041820511130943,-0.9544726132672524,2.309189938204848,1.442633661669687,1.513395109207268,72.36904354292736,65.41562654906778,76.3435032334753,28.839410000000004,19.757382,7.7780075
2021-04-22,32.5965,41.1587,31.4586,38.9,14017530.86,0.00030000000000000003,0.0006453833333333334,0.0017953757142857142,0.001779055,0.00044310343310939327,0.001189665857494407,0.0012118351901223836,-0.7880230873195816,-1.220761511659999,-1.0691822628619454,2.3859094355174113,1.5811183724426454,1.5497278950617712,79.71086526343875,73.49484203588601,81.0757024596285,29.875170000000004,20.253898,7.9599065
2021-04-23,38.8718,41.74,31.4936,37.3893,14705148.48,0.00042517,0.00040544333333333333,0.001792007857142857,0.0017832273333333337,9.709476007145181e-05,0.0011937591421876457,0.0012067721260451488,-0.5866961981152157,-1.038365732272996,-0.9473495104028121,1.6700557238010258,1.548291930006674,1.4317277822751941,84.07526620749772,68.586829578243,77.30275623003672,30.86903,20.740668,8.133592
2021-04-24,37.3018,43.6397,34.5861,40.8401,9722785.06,0.00030000000000000003,0.00034172333333333337,0.001681095,0.0017832273333333335,7.226693319446576e-05,0.0012580804208839468,0.0012067721260451488,-0.6592445185150423,-1.0820006152720147,-1.0897280723898186,1.6058182627803217,1.5668841599184535,1.439791549702784,88.54726650907227,74.26754807166604,78.22682226037244,32.31237,21.306706,8.3269225
2021-04-25,40.8525,48.644,40.572,47.405,11964753.801,0.00030619999999999996,0.00034379,0.0015636471428571428,0.0017762553333333336,7.054529254316001e-05,0.0013068052610112127,0.0012149263333243896,-0.6575553480049157,-0.9765720532738793,-1.0787846659882072,1.6990130493022966,1.6236574503987398,1.45434015827076,88.0151362229258,78.3885570561681,80.46951749682091,34.274710000000006,21.993964000000002,8.552445
2021-04-26,47.395,48.499,43.267,43.878,11079170.602,0.00030000000000000003,0.00030206666666666667,0.0013956007142857144,0.001766657,3.579571669032974e-06,0.001307262033685223,0.0012257275147301461,-0.47460524356365025,-0.8955347304964875,-1.0759425101881035,2.1669523683599046,1.6759734438125913,1.3544799926249729,77.59259506125642,70.5708920161288,74.54064313487501,36.13255,22.595176000000002,8.760016
2021-04-27,43.884,46.606,42.5,43.147,7101848.718,0.00125221,0.00061947,0.0012466835714285715,0.001758443,0.0005479776826659982,0.0011818176832295013,0.0012284083256299126,1.7739313411889528,-0.1398376289270919,-0.33117732710418446,1.804751604693828,1.6809024234042462,1.3542662596239445,74.8986145415276,71.26046003581905,73.42207297859039,37.96225,23.186059999999998,8.963094
2021-04-28,43.147,46.962,40.516,44.833,7855066.319,0.001079,0.0008770700000000001,0.0011152435714285715,0.0017147253333333334,0.0005072058405617931,0.001079390113362502,0.001228475298379737,0.9047558846965392,-0.31307149278148816,-0.4845403607219678,1.685939603240554,1.6813722001925278,1.3493234807612513,75.77906537124551,74.53156993355724,74.11127976457111,39.211969999999994,23.78594,9.1752595
2021-04-29,44.831,46.233,40.906,42.484,5805381.221,0.00070538,0.0010121966666666667,0.0009497100000000001,0.0016382623333333333,0.00027946873927744964,0.0009319741657776319,0.0012171011418224006,-0.05318653040074488,-0.6524748558790878,-0.7977988122268664,1.722993340327052,1.7151735890778117,1.3599982084705065,59.04164606187225,69.07896102566518,71.3956065385243,40.31326,24.351523999999998,9.375566
2021-04-30,42.452,44.313,41.21,42.786,3302673.311,0.0009887300000000002,0.00092437,0.0007949235714285715,0.0016038443333333333,0.0001949477706976785,0.0006844996181783109,0.0012204914204014983,0.33176666212381145,-0.36680783206241224,-0.5737827243296246,0.8845010469780333,1.7010517566141705,1.3289250260255614,64.49891728709028,74.05255512721529,71.18317697171372,41.42158,24.886624,9.576578000000001
2021-05-01,42.786,49.88,42.001,49.67,5804048.045,0.0019555799999999997,0.0012165633333333333,0.0007324735714285714,0.0015715673333333334,0.0006555005956010453,0.0004994221352046857,0.0011969548026235857,1.621335703246375,0.4780954590269649,0.20591825456888904,1.4761944354087921,1.7836727534389591,1.3485969379683949,70.02798960034207,79.00562816442738,73.21936445078529,43.13324,25.58883,9.812897
2021-05-02,49.646,49.99,45.904,46.897,3794411.245,0.0016476400000000001,0.0015306499999999997,0.0008316514285714285,0.0015254136666666667,0.0004939278547520771,0.0005348097450762853,0.0011649568817786015,0.7278666521942101,0.26107731695543723,-0.04312125293473888,1.6150350064952697,1.8215316066723546,1.3622123966350232,48.60837168343053,69.12324017396583,69.26640746151642,43.93294,26.220704,10.035828500000001
2021-05-03,46.926,49.0,44.774,45.912,3686007.369,0.00143114,0.00167812,0.0008805142857142857,0.0014396603333333333,0.00026354525455789886,0.0005572655601404694,0.001066783574342088,0.1702210502842955,0.16704925940451507,-0.2238960330601403,1.6222876089200442,1.8111210382625789,1.3451315440509195,56.473583702130384,68.90551236515037,69.0578690325581,44.78521,26.849734,10.254047499999999
2021-05-04,45.935,47.81,42.26,42.636,4180557.381,0.00171654,0.0015984400000000002,0.0009213392857142857,0.0014612350000000002,0.0001489253840014806,0.0005976068827152773,0.001065579334513903,0.4628151853799581,0.5490381976243613,-0.00608517409020287,1.6963724292172704,1.8412474908031293,1.3572169806995509,48.60038345472363,63.25667004339448,64.32188312283556,44.964800000000004,27.419300000000003,10.4565285
2021-05-05,42.636,46.0,42.305,44.98,2772821.523,0.0015749800000000001,0.00157422,0.000998755,0.0014359236666666665,0.00014270151786154432,0.0006077087541014432,0.0010530704011913882,-0.4654538567351885,0.5302449997616372,-0.12703713661919014,1.7575726552102091,1.8420577290552265,1.3588853545243904,50.388621581173155,64.54083781674801,64.81504391642099,44.7223,28.046116,10.670402
2021-05-06,44.965,44.98,42.55,43.496,2337263.012,0.00368126,0.00232426,0.0012402735714285714,0.0014461863333333333,0.0011773260204378318,0.0009068952330180532,0.001073897178705163,1.7774711040355566,2.7735865825405868,1.5673511017473396,0.9406715370503674,1.7853610779278473,1.3621128555014477,52.80363474972504,56.068544445129696,63.07388129190239,44.6841,28.631999999999998,10.876807
2021-05-07,43.496,46.243,41.42,43.182,3259646.399,0.00296295,0.0027397299999999997,0.0014215435714285715,0.0015349513333333335,0.0010707353715554457,0.0009819589288184377,0.0010858788196115201,0.6926203423987478,1.9486808914289937,0.9668599232078464,0.8864141891566819,1.7807619057012327,1.3609426445970356,51.096345512969684,57.898267551994984,62.361178172021354,44.687599999999996,29.21156,11.082421
2021-05-08,43.154,46.65,42.275,45.612,2539093.011,0.0022962,0.0029801366666666663,0.0015641292857142858,0.0015919413333333333,0.0006926899284913197,0.0009510196016378634,0.0010792295354165357,-0.17042394371738612,1.1075781560735425,0.4669686115972047,1.0684718193203087,1.4409461914454544,1.3533188252881136,35.08746141227684,56.69272564356788,64.56476592986914,44.7655,29.840695999999998,11.301055999999999
2021-05-09,45.632,47.15,42.6,44.33,3095018.717,0.00144252,0.00223389,0.001645295,0.0016242813333333336,0.0007621277768852039,0.0008813394605393747,0.0010588665679044438,-1.005091985399912,0.15426304239985383,-0.2195590094224846,0.8299515915209046,1.441787657001124,1.349503906064464,39.40569541662533,44.93693812154932,62.71361932398542,44.9501,30.443507999999998,11.513262499999998
2021-05-10,44.33,45.89,39.0,42.854,2869549.017,0.0024267,0.00205514,0.0017972021428571427,0.0016434120000000001,0.0005345418700157967,0.0008121947662132992,0.001068279933187469,-0.1629181197166341,1.1115330646395558,0.6083996061435472,0.71903299259982,1.4578168483220646,1.3310231907911017,37.870855146239116,48.1918350025615,60.90972846624465,44.956900000000005,31.013844,11.717741499999999
2021-05-11,42.868,45.18,39.7,44.538,2758407.694,0.00057151,0.0014802433333333334,0.0017485807142857141,0.0015974466666666665,0.000928170119877452,0.0008659273634617099,0.0010841609401469037,-1.4566170248634762,-0.8366548311718022,-0.9365690364058568,0.7631668221202168,1.4605396248144908,1.3016423826428196,58.63446522234935,52.37623423850057,62.909072225529016,44.44369999999999,31.608676,11.9306365
2021-05-12,44.579,49.243,42.18,43.709,7592760.128,0.0008101499999999999,0.0012694533333333332,0.0017293771428571428,0.00153603,0.0010092829870919878,0.0008846965397453257,0.0010744680341901942,-0.830809491228777,-0.6283873336427114,-0.7106754819036826,0.7857411132655551,1.2695871071454548,1.3024741491888916,43.30982208334386,48.021962548668505,63.114101770445515,44.1249,32.199752000000004,12.139610499999998
2021-05-13,43.394,45.501,37.43,41.049,7162647.061,0.00042113000000000003,0.00060093,0.0017090735714285713,0.0014388326666666667,0.00019617158917641122,0.0009128195004288507,0.0010371691322817842,-0.8688462506631977,-1.0468349072495147,-1.0101757216357992,0.7096123703547406,1.2892318061022563,1.304722353407459,38.53864168365552,47.502001877711145,59.86373922853539,43.638600000000004,32.748786,12.3358925
2021-05-14,41.051,44.897,39.901,42.7,3421838.277,0.00034439,0.0005252233333333333,0.0016630492857142856,0.001353007,0.00024971916412909267,0.0009665928991802052,0.0010167787004475366,-0.6604118731367462,-1.1351432354998892,-1.0411843464531865,0.865110526747697,1.2444863513342663,1.3022033676967506,47.993672990876156,49.85700984072228,63.09829213974992,43.644999999999996,33.343212,12.540993
2021-05-15,42.697,45.5,39.305,43.486,3357108.617,0.00107989,0.0006151366666666667,0.0016005,0.0012882416666666666,0.0004043130006978899,0.0009745077880021857,0.0009674301123081517,1.4436251450164905,-0.39660540174908765,-0.39330993557226684,0.8341716293969614,1.0597337950001942,1.2946874400517927,39.747299380032466,37.1026945836346,63.95771044148365,43.4956,33.917604000000004,12.749868
2021-05-16,43.462,52.6,41.602,46.85,13162867.429,0.00116796,0.00086408,0.0015662371428571428,0.0012219823333333335,0.0004522138358122143,0.000981132941673733,0.0009008983700295735,1.0789423853493514,-0.36189212418588457,-0.29754693531838855,1.011964420666805,1.0573019153641365,1.300839758963963,60.12048192433059,49.90433543375266,61.58596356510624,43.831,34.525426,12.976528
2021-05-17,46.85,51.985,43.01,46.708,13839076.478,0.0014032699999999999,0.00121704,0.0015642464285714286,0.001174428666666667,0.00016718340497786562,0.0009814563594091766,0.0008492716574389986,1.0997380704590825,-0.09602703144037829,-0.05429256517668398,0.9793221318608254,1.0539104779150699,1.3011630047579834,67.33537243188783,51.67776747018173,62.30483102975478,44.1836,35.098296,13.202904499999999
2021-05-18,46.747,58.38,46.051,55.977,12538546.698,0.00079571,0.0011223133333333332,0.0014984728571428572,0.0011923139999999999,0.0003063413162361995,0.001001123378352292,0.0008348591525256523,-0.4001027921899273,-0.7817033779467505,-0.6090002068744709,1.3835431126004574,1.2925701608107778,1.359004055162328,80.58392599024604,72.44825845191224,67.10616814577969,45.2201,35.838828,13.475598999999999
2021-05-19,55.969,57.691,26.5,34.988,22259967.849,-0.00502794,-0.0009429866666666667,0.0010268357142857142,0.0009998140000000001,0.0035506921987175045,0.0020096546461546515,0.0014092591050780922,-1.783267249656774,-3.678390233907638,-4.660244536122111,4.791199432548529,2.422536892812143,1.8231788152645307,38.77923882485922,39.66914805509643,51.33637062088328,44.285900000000005,36.157218,13.6427905
2021-05-20,34.987,53.0,32.0,44.42,17869805.908,0.00031177,-0.00130682,0.0007861578571428572,0.0009720400000000001,0.00323165592563627,0.00186377702555519,0.0014145001816750003,0.2160814180345243,-0.4935315340888788,-0.7700965982216836,5.370257374767486,2.6451840658447976,1.90470265063205,53.69359892977483,50.82048731847786,52.930701646627405,44.442499999999995,36.657896,13.856850499999998
2021-05-21,44.367,47.7,33.673,38.925,13740700.641,0.00030000000000000003,-0.0014720566666666665,0.0005959471428571429,0.000965668,0.0030794909227717087,0.0017573810545171507,0.0014171691825909515,0.28569096695510715,-0.4520086759095192,-0.7821604968090847,5.4134805883269985,2.616998982563974,1.940363242988686,46.185096104607595,46.53840524215463,50.78224566556142,43.8812,37.05551,14.0441065
2021-05-22,38.925,40.0,31.134,31.222,10122098.005,0.00030000000000000003,0.00030392333333333337,0.00045336142857142856,0.0009656679999999999,6.795412668150191e-06,0.0016884481165662902,0.0014171691825909515,0.3937067078153686,-0.41173453470531457,-0.7826785825525169,5.60427514312573,2.759985437264558,2.0212959792483827,39.12650281896322,39.22291123610868,45.30420781054885,42.63250000000001,37.28494800000001,14.1931575
2021-05-23,31.222,32.4,19.117,24.536,25787150.864,0.00030000000000000003,0.00030000000000000003,0.00037175285714285717,0.0009614956666666667,0.0,0.0016644007277669636,0.0014189984303864412,0.4459764579442917,-0.37766464157011725,-0.7826785825525169,4.925671753934684,2.9165606369808983,2.11269699731797,31.316565074319755,36.28578554927805,38.847980649071275,40.9812,37.325668,14.308881500000002
2021-05-24,24.53,32.19,24.496,31.416,15414302.323,0.00030000000000000003,0.00030000000000000003,0.0002198457142857143,0.0009614956666666668,0.0,0.0015559381776709686,0.0014189984303864412,-0.44636558932322445,-0.3369888800205075,-0.7826785825525172,4.678606646459018,3.1404251290448433,2.187096710660376,38.49429680640826,42.62730436947688,44.11536935833327,39.8528,37.478478,14.458958
2021-05-25,31.42,33.195,25.915,29.973,10300933.608,0.00030000000000000003,0.00030000000000000003,0.0002004521428571429,0.000961289,0.0,0.001552906910792579,0.001419097608398035,0.0,-0.3001762519874405,-0.7786024387897501,3.778871045490969,3.127463423954992,2.173234755254966,27.822883263637237,40.58244642945317,43.820709580642244,38.5015,37.618504,14.599323
2021-05-26,29.985,37.25,28.858,35.43,10601343.234,0.00030000000000000003,0.00030000000000000003,0.00016401285714285718,0.0009612890000000002,0.0,0.0015434563399642418,0.001419097608398035,0.0,-0.2183544519224504,-0.773260984529402,4.231349186412352,3.2271826698483146,2.19413934351287,50.51280861250791,44.949180667143395,45.74019878654266,37.3595,37.826008,14.766365500000001
2021-05-27,35.427,35.594,30.976,33.747,5698854.676,0.00030000000000000003,0.00030000000000000003,0.00015536071428571432,0.0009295486666666667,0.0,0.0015422431814054965,0.0014230097691906203,0.0,-0.14186259586794905,-0.7550672655343774,3.7060006857377927,3.2312892874018746,2.189894564520662,34.90253769699177,45.49147937683764,46.01788465102276,36.0634,37.970178000000004,14.924321500000001
2021-05-28,33.761,34.551,28.0,28.989,6370726.751,0.00030000000000000003,0.00030000000000000003,0.00015219000000000002,0.0009035820000000001,0.0,0.0015418702455085526,0.0014272896316092605,0.0,-0.07676274022602829,-0.730120727727236,3.1852286090180564,3.269311116925495,2.2239558906808723,35.64576711860873,41.84713451474561,43.95711244734905,33.364599999999996,38.01119,15.059117
2021-05-29,28.993,30.066,25.7,27.388,3911549.6,0.00030000000000000003,0.00030000000000000003,9.648357142857146e-05,0.0008900693333333333,0.0,0.0015197040633299751,0.0014311445204690176,0.0,-0.03647127686942406,-0.7037160533836916,2.2425875347109465,3.27251757354779,2.229534300238681,43.2755717682653,40.51965795791939,39.7672581642295,32.6046,38.006606,15.1847265
2021-05-30,27.407,29.781,25.586,28.588,3964240.919,0.00030000000000000003,0.00030000000000000003,3.448642857142861e-05,0.0008671116666666668,0.0,0.001490045220814076,0.001435026141451381,0.0,0.04357607442871448,-0.6818332234571257,2.301738380178489,3.2845102601924676,2.2312487915900925,58.80027799317348,38.963958519005175,41.468551670353,31.021400000000007,38.042324,15.3176665
2021-05-31,28.573,33.014,27.489,32.75,5173286.471,0.00030000000000000003,0.00030000000000000003,-4.431857142857137e-05,0.0008119256666666667,0.0,0.0014404336334208872,0.0014235117850696871,0.0,0.054212343019607125,-0.6561634821445121,2.087762349687117,3.34379463520333,2.253008854297913,53.28506698003844,41.955785056608754,44.04326574834068,30.4039,38.14029000000001,15.471872000000001
2021-06-01,32.759,33.285,29.852,30.938,4046865.202,0.00030000000000000003,0.00030000000000000003,-7.972642857142851e-05,0.0007670043333333334,0.0,0.0014241972888592172,0.001417480765792223,0.0,0.07446622904933203,-0.6305658672848697,2.1007885190689035,3.3485071614947666,2.2577493031166185,52.33396217111044,34.21268331990899,44.63473251518146,30.375500000000006,38.188202000000004,15.6164915
2021-06-02,30.931,35.129,30.402,33.994,4549289.133,0.00030000000000000003,0.00030000000000000003,0.0003008407142857143,0.0007292996666666667,0.0,3.1456648155373083e-06,0.0014142460831481462,0.0,0.0792532334389874,-0.6069066850950494,1.6704393982127688,3.374577678930924,2.247312422223048,46.07049036601087,49.19013166358907,44.993985125711,31.3213,38.319067999999994,15.7768705
2021-06-03,33.994,41.523,33.736,39.602,7862225.094,0.00030000000000000003,0.00030000000000000003,0.00030000000000000003,0.0006820816666666668,0.0,0.0,0.001403756488235275,0.0,0.08100502999103708,-0.5951627656741091,1.6138346463698368,3.440134544304748,2.273007510587112,63.188719194295075,45.813638258304266,48.289885112820045,32.1399,38.582974,15.964677
2021-06-04,39.599,39.737,34.187,37.338,8825815.938,0.00030000000000000003,0.00030000000000000003,0.00030000000000000003,0.0006395823333333334,0.0,0.0,0.0013950648141652568,0.0,0.11300186813675064,-0.5721004454112338,1.9833123857808825,3.446424150267583,2.2766637245955463,71.18712886109573,48.53902380520401,47.4767275165115,32.876400000000004,38.774102,16.140054
2021-06-05,37.356,42.787,36.982,39.633,8654823.195,0.00030000000000000003,0.00030000000000000003,0.00030000000000000003,0.0005268736666666667,0.0,0.0,0.0012720115086078852,0.0,0.15002743865151727,-0.5466864358303157,1.7915641124275339,3.4401995135245733,2.271836538894332,80.0166691152615,58.59932522069238,47.41542531462938,33.2967,39.06077,16.32722
2021-06-06,39.663,43.4,38.912,42.205,6151664.294,0.00030000000000000003,0.00030000000000000003,0.00030000000000000003,0.00043810866666666674,0.0,0.0,0.0011861704835446853,0.0,0.20044474748294766,-0.5466864358303157,1.476091509151222,3.453657938250492,2.272600852557165,81.27612659943529,69.72382844549992,49.09154646461985,34.1425,39.407869999999996,16.5276685
2021-06-07,42.2,44.2,37.8,38.235,8050031.335,0.00030000000000000003,0.00030000000000000003,0.00030000000000000003,0.0003715686666666667,0.0,0.0,0.0011331487335456366,0.0,0.22308447289825462,-0.5419821645275292,1.9410025400242825,3.369865945473095,2.2876302161787025,62.710293365903645,58.14092308967319,48.066571228917404,35.0671,39.525854,16.7084185
2021-06-08,38.2,42.596,33.6,41.245,16902544.675,0.00030000000000000003,0.00030000000000000003,0.00030000000000000003,0.00033348466666666674,0.0,0.0,0.001114967590401813,0.0,-0.2227603964641095,-0.5391080428169855,1.5446682593168308,2.7087701316576114,2.293687710286613,72.62788144672496,62.97182839053212,48.63674374975216,36.4528,39.721332,16.904127
2021-06-09,41.245,44.0,39.291,42.032,10764252.936,-6.665e-05,0.0001777833333333334,0.00027381071428571427,0.0002503730000000001,0.0002116854761983726,9.799133434713344e-05,0.0010442413505446094,-1.788745292786647,-4.2480110150837,-0.8037141635930699,1.369894689012363,2.5045827726964034,2.292023927191031,69.59914171224426,58.5125586651731,49.30550378814713,37.797200000000004,39.927916,17.102376
2021-06-10,42.032,43.097,39.459,41.105,5155108.071,0.00030000000000000003,0.0001777833333333334,0.00027381071428571427,0.00024132266666666675,0.0002116854761983726,9.799133434713344e-05,0.0010425372987255715,0.44718632319666135,0.22357952710966952,-0.4928248537444489,1.3523919053760716,2.438765354728206,2.2918497308393544,54.748815163455035,59.6759770637119,50.02352901514205,38.63269999999999,40.098948,17.297144
2021-06-11,41.091,41.376,35.074,36.157,4760990.078,0.00030000000000000003,0.0001777833333333334,0.0002738107142857143,0.00022431766666666675,0.0002116854761983726,9.799133434713344e-05,0.0010370854377622387,0.44718632319666135,0.22357952710966952,-0.4684952536916721,1.599062526975414,2.3046969837934617,2.3152726673287205,46.809660163554646,59.37925258863365,47.3249985679972,39.1546,40.044088,17.466536
2021-06-12,36.131,37.64,34.1,36.476,5196242.998,0.00030000000000000003,0.00030000000000000003,0.00027381071428571427,0.00022028000000000008,0.0,9.799133434713344e-05,0.0010365284165274745,0.44718632319666135,0.22357952710966952,-0.4421625215311426,1.4386236812091826,2.0167258182517775,2.3127883957196813,40.45242847466782,62.30435959687988,47.123087529286686,39.4028,40.025822,17.6375045
2021-06-13,36.492,39.442,34.72,38.706,4063329.112,0.00030000000000000003,0.00030000000000000003,0.00027381071428571427,0.0002188003333333334,0.0,9.799133434713344e-05,0.0010363768102799678,0.44718632319666135,0.22357952710966952,-0.4161734935274979,1.3541673079708578,1.7522364182866637,2.3140288377600213,39.194614290196036,63.32718650978246,46.626290409695656,39.313199999999995,39.983140000000006,17.819703999999998
2021-06-14,38.713,40.561,36.627,39.694,4590144.279,0.00030000000000000003,0.00030000000000000003,0.00027381071428571427,0.00019280400000000006,0.0,9.799133434713344e-05,0.0010237367924308181,0.0,0.22357952710966952,-0.3893299387739792,1.368588865593744,1.7338107911051333,2.3118541822491028,55.52274963745433,59.981026847468144,47.11462515523661,39.5488,39.82892,18.0086185
2021-06-15,39.7,41.741,39.154,39.536,3725999.561,0.00030000000000000003,0.00030000000000000003,0.0002738107142857143,0.0001638720000000001,0.0,9.799133434713344e-05,0.0010073612426820479,0.0,0.22357952710966952,-0.3613538512242393,1.3642718760341777,1.591604145194366,2.2985137547219865,41.74954137016275,62.97537123964248,42.68853450393098,39.5391,39.74208,18.196993499999998
2021-06-16,39.513,41.75,37.455,39.728,5055331.868,0.00030000000000000003,0.00030000000000000003,0.00027381071428571427,0.00012709633333333342,0.0,9.799133434713344e-05,0.0009803302305099021,0.0,0.22357952710966952,-0.33356171887388136,0.4775201547092514,1.5729372132680477,2.2976447677511356,38.199139517850945,59.47204968669021,52.586319785376475,39.291399999999996,39.6737,18.3861995
2021-06-17,39.73,41.264,38.211,39.265,3274621.978,0.00030000000000000003,0.00030000000000000003,0.00027381071428571427,0.00011057266666666676,0.0,9.799133434713344e-05,0.0009728208886529569,0.0,0.22357952710966952,-0.334286938830451,0.5443778804952397,1.403645565434027,2.206782890541164,40.105399007520596,49.32929984201485,46.882069022327286,39.3944,39.56234,18.572948
2021-06-18,39.259,39.502,34.898,36.82,3777138.806,0.00030000000000000003,0.00030000000000000003,0.00027381071428571427,0.0002881706666666668,0.0,9.799133434713344e-05,6.704932862075764e-05,0.0,0.22357952710966952,-0.32692145686799867,0.6369832686947835,1.4113580668396934,2.21184619366004,54.878587190814585,48.976446408924794,48.678046144211685,38.951899999999995,39.44906,18.7472155
2021-06-19,36.802,37.318,34.901,35.19,2216638.028,0.00025286000000000004,0.0002842866666666667,0.00027044357142857144,0.00028620700000000013,2.7216291689549808e-05,9.783197822376713e-05,6.719682787814581e-05,-1.7880062481463863,-0.32210287405502547,-0.35789611978644625,0.5618492801757895,1.4278117298310908,2.2149564089955645,42.067604240137264,40.98380615863559,52.69770477336623,38.2677,39.29714,18.9132965
2021-06-20,35.195,35.949,31.3,35.257,3938821.53,-9.124e-05,0.00015387333333333338,0.00024249785714285714,0.0002731656666666668,0.00021357891874745512,0.0001368413426157823,9.615373759234275e-05,-1.7759480276405586,-3.0157549039360028,-0.6734188419144214,0.5829362837528709,1.3115172758911189,2.214087628308517,20.982668683377412,34.30468961561279,58.009712362160215,37.682900000000004,39.00888,19.078977
2021-06-21,35.248,35.499,25.925,26.59,8213916.627,-0.00016749,-1.9566666666666385e-06,0.0002091057142857143,0.00025758266666666676,0.00022394679241581841,0.0001737826324292929,0.00012516101833188182,-1.2503715322396731,-2.6928623750585134,-0.7354217018400047,2.213161629934405,1.7804862954027085,2.276856838318865,1.9013360739002394,28.29935522195896,46.48824077118746,36.7262,38.60274,19.201443499999996
2021-06-22,26.597,28.813,20.187,26.958,15788825.956,-0.00070956,-0.0003227633333333333,0.00013699428571428574,0.00022393066666666678,0.000337138341980465,0.0002981338564809581,0.00021606872543214963,-1.5430823865614116,-3.4673766526433676,-1.2138543961979564,2.294381739576839,1.7244340469147799,2.275836599285292,4.532967032737616,20.4679813126357,47.77119032284461,35.7744,38.22366,19.326966
2021-06-23,26.957,32.9,25.626,30.837,11966311.253,-0.0006158100000000001,-0.0004976199999999999,9.776857142857144e-05,0.00019340366666666675,0.0002897181877273249,0.0003572535683378105,0.00026426906619608266,-0.8817903313464588,-2.4192462275758357,-1.1012625429076373,2.922863839503845,1.6924816891982166,2.290397193865983,24.624693189266665,29.482057107830556,46.523562268119925,34.9875,37.98768,19.4712535
2021-06-24,30.835,33.0,28.481,31.141,7214092.912,-0.00047767,-0.0006010133333333333,4.2220714285714295e-05,0.00016748133333333343,0.00011665097099184329,0.00038292653984129104,0.0002903104229154061,-0.23966700849715936,-1.7086887294956612,-0.9546477439134886,2.9438082285367093,1.6817385921118182,2.2580933723014947,26.601382487406624,31.311426211875016,47.98546691196105,34.1322,37.710899999999995,19.617706000000002
2021-06-25,31.144,32.989,27.949,28.641,7293143.176,7.128e-05,-0.00034073333333333334,2.5883571428571432e-05,0.00015985733333333344,0.0003634376219289044,0.0003758972040865675,0.0002897129284360246,1.387935279268185,-0.05514712487358664,-0.4477027521108959,2.9646554035901946,1.6806903987507174,2.2593750062069704,26.517370082195683,34.47748863906368,49.72125212041877,33.0427,37.4138,19.751775
2021-06-26,28.619,30.181,26.659,29.698,6492984.234,-0.00024036,-0.00021558333333333333,-1.2713571428571428e-05,0.0001418453333333334,0.0002753124371206938,0.0003733190711320114,0.0002973952918456219,0.48971341815608216,-0.892893378037343,-0.7094573880177698,1.4869597051083046,1.6603313225658842,2.2617537652616955,33.695523095618896,36.41574474703456,51.86657616365711,32.039699999999996,37.14412,19.8919495
2021-06-27,29.691,31.95,29.186,31.897,5851211.914,9.233e-05,-2.5583333333333333e-05,-2.754714285714286e-05,0.00013492300000000006,0.00018629959214484085,0.0003639459555912079,0.00029600070697898267,1.0258186189222924,0.11924107594418182,-0.39060268930617775,1.5381564016397504,1.6596219620323769,2.267254668874425,41.14577843212807,36.33663763491305,52.63132782818252,31.3029,36.86982,20.0431385
2021-06-28,31.883,34.34,30.961,33.001,4996728.013,0.00030000000000000003,5.065666666666667e-05,-2.754714285714286e-05,0.00013492300000000006,0.0002725797726048895,0.0003639459555912079,0.00029600070697898267,1.143506109294121,0.7391555654693646,-0.19440362318476367,1.120262951711937,1.6279006133176792,2.2660670213656746,78.09131539263308,36.631646224931714,50.20979955966185,30.921000000000003,36.64324,20.200302
2021-06-29,33.018,35.837,32.665,33.97,4476285.792,0.00015186,0.00018139666666666668,-3.812857142857143e-05,0.00012998500000000008,0.0001069393203332242,0.00035575151450796934,0.0002943831111716364,0.38869289117455724,0.2647439492344373,-0.31741445312160155,1.1263196287597423,1.6320202037224882,2.267381706549338,79.18747918286454,39.23154310265732,52.57053716516553,30.799,36.46556,20.3629575
2021-06-30,33.974,36.0,31.555,35.51,5361423.665,0.00030000000000000003,0.00025062,-3.812857142857143e-05,0.00012998500000000008,8.552866887773888e-05,0.00035575151450796934,0.0002943831111716364,0.8087588684791578,0.7076481687667864,-0.15894267540792456,0.32169216225890296,1.6476328917641216,2.238160425180074,74.1548640492186,42.24404236322662,51.3191785564968,30.8243,36.285,20.533051500000003
2021-07-01,35.51,35.567,32.17,33.271,4488924.899,0.00028824,0.00024670000000000003,-3.896857142857143e-05,0.00012959300000000009,8.23440562517899e-05,0.00035490458697983785,0.0002941566556029386,0.6319478555427599,0.6751102588196795,-0.15034151404700466,0.9892233851644366,1.5792638978936355,2.239341166625615,59.1747070949843,39.654101075134086,44.14782495935343,31.492399999999996,36.07624,20.691556000000002
2021-07-02,33.27,34.217,31.367,34.0,4324198.276,0.00030000000000000003,0.00029608000000000005,-3.896857142857143e-05,0.00012959300000000009,6.789639165481221e-06,0.00035490458697983785,0.0002941566556029386,0.490906606568829,0.7103149726062483,-0.12247483152789589,0.8467375628380173,1.5822506830635275,2.240003267873389,77.2389956232523,44.82606780923395,46.82433974938907,32.196600000000004,35.93526,20.853583
2021-07-03,34.001,35.406,33.217,34.498,3063406.141,0.00030000000000000003,0.00029608000000000005,-3.5601428571428576e-05,0.00012959300000000009,6.789639165481221e-06,0.00035809555088973336,0.0002941566556029386,0.490906606568829,0.7103149726062483,-0.10143322881912638,0.817980871544561,1.5594731734335403,2.233763102042478,75.86764388304513,48.67534456094389,44.941783720604484,32.5627,35.77122,21.01728
2021-07-04,34.497,35.531,33.533,34.28,2972213.418,0.00030000000000000003,0.00030000000000000003,-7.655714285714291e-06,0.00012959300000000009,0.0,0.0003685335485555931,0.0002941566556029386,0.44636486959906646,0.7103149726062483,-0.08195473551746758,0.7941965722914497,1.5532525734919664,2.22917982903546,66.32862819700838,48.140535188329466,41.81386220189901,32.876599999999996,35.5871,21.1797655
2021-07-05,34.278,34.49,32.37,32.908,3008984.082,0.00030000000000000003,0.00030000000000000003,2.573642857142857e-05,0.00012959300000000009,0.0,0.00037407478068935746,0.0002941566556029386,0.44636486959906646,0.7103149726062483,-0.030131592412729592,0.7067100693226891,1.55969595828428,2.22984012156215,49.385327160004024,66.64734400857367,44.185386510277496,33.30329999999999,35.30826,21.335905500000003
2021-07-06,32.908,35.041,32.883,34.226,3289698.061,0.00030000000000000003,0.00030000000000000003,9.784785714285714e-05,0.00012959300000000009,0.0,0.0003138929380237751,0.0002941566556029386,0.0,0.7103149726062483,0.018544830559565184,0.586663190389874,1.5725209850721418,2.232454947092356,51.6173869047091,68.23747866628865,42.044656010025506,33.756099999999996,35.05862,21.498528500000003
2021-07-07,34.221,38.1,33.82,36.673,4609258.553,0.00030000000000000003,0.00030000000000000003,0.00016326285714285714,0.00012959300000000009,0.0,0.00024059610836509452,0.0002941566556029386,0.0,0.7103149726062483,0.059555647567495235,0.8040719996817746,1.6058191347294073,2.235056668849038,56.592223099465556,65.77809018643403,44.14636810216036,34.2337,34.67254,21.67354
2021-07-08,36.667,36.934,32.654,33.142,4495022.54,0.00030000000000000003,0.00030000000000000003,0.00021881071428571432,0.00012959300000000009,0.0,0.00015621202369085795,0.0002941566556029386,0.0,0.7103149726062483,0.08400570921350584,1.2797182464866264,1.6401178597744244,2.2472295492027183,49.36220705680278,54.606141518509816,41.77018954263305,34.2478,34.635619999999996,21.831432499999995
2021-07-09,33.134,34.46,31.976,33.315,2810263.602,0.00022573,0.0002752433333333333,0.00022984285714285717,0.0001393390000000001,4.28798044926861e-05,0.00015033480657559195,0.00029226803211351366,-1.7883159686789283,0.49316112702005444,0.040500637175349366,1.284893490753488,1.630607339742152,2.246174623567826,46.41623940227147,62.050118588900176,46.741124664460266,34.1823,34.413520000000005,21.990342000000002
2021-07-10,33.315,34.215,31.025,31.693,2838074.586,0.00030000000000000003,0.0002752433333333334,0.00026844,0.00013933900000000007,4.28798044926861e-05,6.608976913716819e-05,0.00029226803211351366,0.44707899216973046,0.6532951083028209,0.14414228539415755,1.3096111748160646,1.6427535452442756,2.2463574376045194,36.869207000673306,54.997745374167216,44.6745496219946,33.8006,34.26888,22.141357000000003
2021-07-11,31.716,32.568,31.3,32.182,1944815.804,0.00030000000000000003,0.0002752433333333333,0.0002832735714285714,0.00013933900000000007,4.28798044926861e-05,4.268215473012574e-05,0.00029226803211351366,0.44707899216973046,0.5869856001468987,0.15618064675761067,1.2459464342750515,1.0723631553385513,2.246699998420356,40.421840757095026,50.78086470101961,42.443126532019626,33.691700000000004,34.28808,22.296277
2021-07-12,32.173,32.696,30.011,30.77,2251239.269,0.00030000000000000003,0.00030000000000000003,0.0002832735714285714,0.0001393390000000001,0.0,4.268215473012574e-05,0.00029226803211351366,0.44707899216973046,0.5280801694881464,0.15895131543740665,0.8989053535063826,1.0969034303482534,2.2442869951333195,40.27474526672194,43.98879128837721,39.76370726975594,33.368700000000004,34.412760000000006,22.443320999999997
2021-07-13,30.77,31.096,28.81,29.136,1837132.436,0.00030000000000000003,0.00030000000000000003,0.000293855,0.0001393390000000001,0.0,1.9856555108025394e-05,0.00029226803211351366,0.44707899216973046,0.4779864522932892,0.15995979303971875,0.6353619912659456,0.9627649299011123,2.244799847314892,27.493809690551316,37.42586619225905,38.46136776932295,32.832499999999996,34.36716,22.581768999999998
2021-07-14,29.154,31.5,27.363,31.365,3434185.178,0.00030000000000000003,0.00030000000000000003,0.00029385500000000004,0.00013933900000000007,0.0,1.9856555108025394e-05,0.00029226803211351366,0.0,0.451439694500553,0.17931163902195174,1.0647009411627146,1.0161237726895642,2.252718999527219,26.068530205748573,39.591180751573106,41.122646113514136,32.541,34.395,22.731965
2021-07-15,31.365,31.485,27.975,28.545,3643011.529,0.00030000000000000003,0.00030000000000000003,0.00029469500000000004,0.00013933900000000007,0.0,1.9849492436554115e-05,0.00029226803211351366,0.0,0.3816951714444414,0.20176330766701175,1.2581073972080035,1.0336897483043548,2.2541075222526845,27.85432122367297,38.46867069813311,39.162959965433544,32.1047,34.2573,22.8681715
2021-07-16,28.562,29.478,26.196,26.271,2923575.792,0.00030000000000000003,0.00030000000000000003,0.00029469500000000004,0.0001393390000000001,0.0,1.9849492436554115e-05,0.00029226803211351366,0.0,0.38993582691056805,0.23253693403556244,1.2800019620445593,1.0776116078297082,2.261580694780045,21.778846152624595,32.46358397034763,39.29882935117294,31.309200000000004,34.107780000000005,22.991940500000002
2021-07-17,26.269,27.836,25.979,26.802,2122389.101,0.00030000000000000003,0.00030000000000000003,0.00029469500000000004,0.0001393390000000001,0.0,1.9849492436554115e-05,0.00029226803211351366,0.0,0.32361215405833804,0.24574263046557765,1.3765940269588515,1.0277472039617448,2.211947881112024,28.52752655896309,32.56456728384275,41.296949572201044,30.3221,34.06404,23.117598500000003
2021-07-18,26.789,27.756,26.233,26.673,1727601.788,0.00030000000000000003,0.00030000000000000003,0.00029469500000000004,0.00013933900000000007,0.0,1.9849492436554115e-05,0.00029226803211351366,0.0,0.32361215405833804,0.38634915818321414,1.3531273967221114,1.009966096481036,1.8907611134536595,25.024934262624214,32.69641963305695,41.10503191339024,29.6752,34.04974,23.2432885
2021-07-19,26.679,26.71,23.975,24.509,3131177.977,0.00030000000000000003,0.00030000000000000003,0.00029469500000000004,0.00014091033333333343,0.0,1.9849492436554115e-05,0.00029302514556664997,0.0,0.25777677647135916,0.38737097429047884,1.0101589549412155,1.040504098686883,1.7994320063665874,23.427552837925532,31.559302681061638,47.507724732735596,28.794600000000003,33.96816,23.358297000000004
2021-07-20,24.524,24.982,22.1,23.474,3555428.542,-2.273999999999999e-05,0.00019242000000000003,0.0002716421428571429,0.00014319366666666673,0.00018633402587825578,8.700963148966227e-05,0.00029141625567611604,-1.7887304518143399,-4.136266863603561,-1.0267081896921026,0.890237413598332,1.0091764255134437,1.7752972931482278,24.682525485845304,26.096042684013568,45.893059219905204,27.972699999999996,33.782639999999994,23.4664565
2021-07-21,23.484,27.461,22.8,26.7,4561993.007,-1.9300000000000035e-06,9.177666666666669e-05,0.0002500757142857143,0.0001487123333333334,0.0001806266354481887,0.00011298222635669856,0.00028686188287411167,-1.0336072122781903,-2.7704482142969526,-0.9066301914630349,1.5395141260355387,1.1719917630086734,1.725481697563466,30.84818129389984,28.57020069448629,45.04705121456476,27.424500000000002,33.69788,23.590957
2021-07-22,26.706,28.17,25.91,27.699,2643783.144,0.00030000000000000003,9.177666666666669e-05,0.0002500757142857143,0.00018236433333333345,0.0001806266354481887,0.00011298222635669856,0.00023771072701023763,0.7295796710590262,0.36264051922795015,0.4281766679361392,1.562593297636523,1.1817815571549541,1.6209203677988893,45.91620003551444,36.876115153993986,45.94658250203376,27.117399999999996,33.57198,23.718562499999997
2021-07-23,27.7,28.713,26.385,28.516,3040520.321,0.00030000000000000003,0.00019935666666666668,0.00025538071428571433,0.00021289133333333342,0.0001743193667764192,0.00011349364715962386,0.00018452962140930076,0.7295796710590262,0.36264051922795015,0.4281766679361392,1.566840655142627,1.1892420295510704,1.501729976928419,62.61094258579623,38.77741920142704,49.846719800378395,27.0554,33.35026,23.848688000000003
2021-07-24,28.53,29.548,28.013,28.616,2678108.81,0.00030000000000000003,0.00030000000000000003,0.00025538071428571433,0.00023881366666666677,0.0,0.00011349364715962386,0.00013104858244919183,0.7295796710590262,0.3626405192279507,0.4281766679361392,1.202611350851682,1.1904901675119866,1.4974434581079532,60.70838252154713,42.25288282092985,48.64131799346537,26.7805,33.17582,23.980950000000004
2021-07-25,28.626,28.898,26.5,28.248,2350991.534,0.00030000000000000003,0.00030000000000000003,0.0002553807142857143,0.00024643766666666676,0.0,0.00011349364715962386,0.00012757292364009128,0.4471804776936543,0.3626405192279507,0.4281766679361392,1.0508286577590322,1.1821026199331557,1.4370901176565118,59.04236995736256,40.034451309350075,45.19704108967405,26.750799999999998,32.948119999999996,24.112482999999997
2021-07-26,28.247,31.115,27.83,28.184,6221691.897,0.00030000000000000003,0.00030000000000000003,0.00025538071428571433,0.0002644496666666668,0.0,0.00011349364715962386,8.869449026473936e-05,0.0,0.36264051922795015,0.4281766679361392,0.40460929283676156,1.1636145609861348,1.4326732772536632,77.80299590642124,42.96900489069296,43.48120280072138,26.9421,32.667699999999996,24.2415855
2021-07-27,28.183,28.95,26.893,28.103,3008374.757,0.00030000000000000003,0.00030000000000000003,0.00025538071428571433,0.0002713720000000001,0.0,0.00011349364715962386,8.269923718108554e-05,0.0,0.36264051922795015,0.4281766679361392,0.3015148185078141,1.1093871124129775,1.3831000446634496,90.92838195160925,46.93235136510631,41.864721702841976,27.0722,32.46506,24.3659935
2021-07-28,28.119,28.76,27.354,27.875,2329901.559,0.00030000000000000003,0.00030000000000000003,0.00025538071428571433,0.0002713720000000001,0.0,0.00011349364715962386,8.269923718108554e-05,0.0,0.36264051922795015,0.4281766679361392,0.11938511781442702,1.0365295902387746,1.3760365388743199,72.11140381991797,38.23806955692011,39.01344000606563,27.1924,32.19766,24.488454
2021-07-29,27.891,31.888,27.319,31.235,3692050.445,0.00030000000000000003,0.00030000000000000003,0.0002553807142857143,0.0002763100000000001,0.0,0.00011349364715962386,7.968487071382039e-05,0.0,0.3246592655861944,0.4281766679361392,1.031756902817547,1.1608084382418495,1.4005191304616156,85.23316060987182,58.74739853783517,47.16181554220884,27.865,31.98172,24.627383999999996
2021-07-30,31.238,33.084,29.91,32.354,4970660.009,0.00030000000000000003,0.00030000000000000003,0.00025538071428571433,0.0002763100000000001,0.0,0.00011349364715962386,7.968487071382039e-05,0.0,0.3246592655861944,0.4281766679361392,0.9829085312592097,1.1519558576635105,1.362214625475081,86.07142856010339,71.38738484635803,47.730156099794684,28.753000000000004,31.806699999999996,24.773646
2021-07-31,32.354,37.004,31.653,36.744,4320145.537,0.00030000000000000003,0.00030000000000000003,0.00025538071428571433,0.0002767020000000001,0.0,0.00011349364715962386,7.977445820597956e-05,0.0,0.3246592655861944,0.4281766679361392,1.2228305588787671,1.271626070126146,1.3902181499673079,92.28928199119642,77.494469020548,52.79701120428813,29.7574,31.81844,24.939188999999995
2021-08-01,36.742,36.822,33.165,34.165,3490975.158,0.00030000000000000003,0.00030000000000000003,0.00025538071428571433,0.0002767020000000001,0.0,0.00011349364715962386,7.977445820597956e-05,0.0,0.3246592655861944,0.4281766679361392,1.6016488843168377,1.298636834740064,1.3833372720017167,75.02749343942818,68.24646857790819,49.86474088730866,30.404000000000003,31.77222,25.092392999999998
2021-08-02,34.178,35.95,33.0,33.167,3105881.294,0.00030000000000000003,0.00030000000000000003,0.0002553807142857143,0.0002767020000000001,0.0,0.00011349364715962386,7.977445820597956e-05,0.0,0.3246592655861938,0.4281766679361392,1.6686134543248379,1.2808346661356889,1.3310060526330647,69.53351626431412,72.35591819348801,50.30733084602936,30.869099999999996,31.66144,25.2417675
2021-08-03,33.177,35.9,32.327,34.105,3490191.638,0.00030000000000000003,0.00030000000000000003,0.0002784335714285715,0.0002767020000000001,0.0,8.069418677054896e-05,7.977445820597956e-05,0.0,0.3246592655861938,0.4281766679361392,1.443513960038442,1.2491889318944753,1.3256494028942212,72.04672347557796,77.58862302856573,49.85511410926086,31.418,31.54966,25.396054999999997
2021-08-04,34.094,36.658,33.236,35.76,2847838.669,0.00030000000000000003,0.00030000000000000003,0.00030000000000000003,0.0002767020000000001,0.0,0.0,7.977445820597956e-05,0.0,0.3246592655861938,0.4281766679361392,1.4607398577628739,1.1794331298745813,1.3224902554321616,76.21517387769462,75.59900541897386,48.88563407452997,32.169200000000004,31.47414,25.5577315
2021-08-05,35.757,38.267,35.5,37.353,4059371.083,0.00030194,0.0003006466666666667,0.00030013857142857143,0.00027676666666666676,1.1200595210610237e-06,5.184867985313255e-07,7.979477894646397e-05,1.7684708344406683,0.34369457196453995,0.43658285823486703,1.0038525656132975,1.1067790530795234,1.3175075889516588,73.0485232028983,76.39147074319584,55.39498295654018,33.0861,31.426640000000003,25.725362500000003
2021-08-06,37.354,40.4,35.611,39.525,3951317.574,0.00030000000000000003,0.0003006466666666667,0.00030013857142857143,0.00027676666666666676,1.1200595210610237e-06,5.184867985313255e-07,7.979477894646397e-05,-0.4421177086102288,0.3235362278346841,0.42800682223206943,0.6582622120962531,1.119227979769041,1.3025514012127675,75.02966840820099,78.01985237418032,57.568371272822326,34.2283,31.43184,25.9040535
2021-08-07,39.502,40.5,37.502,39.469,3561767.701,0.00089507,0.0004990033333333333,0.0003426435714285715,0.0002966023333333334,0.00034300516648197687,0.00015900010399640612,0.00013829062472727456,1.7887781847374535,3.507393447783863,2.8069950497609604,0.43427746709269593,1.1179039334367429,1.2888139535521401,63.63727354173297,77.68481199383916,59.85301570786648,35.387699999999995,31.48482,26.083254999999998
2021-08-08,39.454,39.549,36.896,37.65,2030535.723,0.00078715,0.0006607399999999999,0.00037744000000000005,0.00031531633333333343,0.0003170357902508701,0.00019757566040533496,0.00016397143585312581,0.9056368703620149,2.296426423484145,2.2289688507871976,0.8334160568276698,1.0608600314397643,1.2928856839692815,68.87661141282487,72.33041990778726,56.7026231880665,36.0292,31.53402,26.252921999999998
2021-08-09,37.653,39.999,36.351,38.646,2128198.741,0.00032233,0.0006681833333333333,0.00037903499999999995,0.00031606066666666676,0.0003043395763507056,0.00019699167939278263,0.0001639501923931038,-0.6754529172183816,-0.0967075077004862,0.3765871638687599,0.7876731119871411,1.0203107325165468,1.2936582295151635,79.6836060184442,73.79457787011862,59.75380194760711,36.6584,31.601799999999997,26.431202499999998
2021-08-10,38.646,41.678,38.183,40.64,2603195.665,0.0005606,0.0005566933333333333,0.00039764928571428575,0.00032474733333333344,0.00023243462442873718,0.0002012160755721823,0.00016986689486754813,-0.04639408742826537,1.113395585070555,1.289558635156236,0.8112811816268481,0.9167030503826469,1.2595332396657724,81.7695673254994,76.23132610341366,64.1208818142206,37.048,31.882800000000003,26.6177265
2021-08-11,40.639,43.729,40.605,41.621,2512250.555,0.00089157,0.0005915,0.0004399042857142857,0.0003444663333333334,0.00028587523834707054,0.0002379024228774854,0.00019877195678294753,0.8105940288830832,2.3789940068889166,2.4193251837023344,0.7068799602148411,0.9141053620155636,1.2605870244924156,80.49110393753577,77.88235293675314,62.98688142186185,37.7936,32.17606,26.808292
2021-08-12,41.619,43.401,39.316,41.102,2413664.412,0.00056762,0.0006732633333333334,0.00045902,0.0003533870000000001,0.00018909169900692866,0.00023654413535156534,0.00020267447899404077,-0.26279617970907715,0.7461969926158782,1.1823193174932907,0.7297906455417018,0.9237274930055265,1.2528738802846797,71.95736206508485,72.62139483233206,66.88449643169889,38.58710000000001,32.38136,26.995663
2021-08-13,41.105,44.911,40.668,44.83,2281339.99,0.00033008,0.0005964233333333333,0.0004611685714285715,0.00035438966666666673,0.0002818509872846424,0.0002351209505063763,0.000202475564544971,-0.8792232391145839,-0.39637719975914465,0.30611327410201766,0.7009113690827667,0.9657419203466673,1.2693464801096919,76.28059050298259,75.54672781940512,74.01589067503701,39.6596,32.65514,27.201293999999997
2021-08-14,44.859,44.874,42.727,44.14,1548818.722,0.00051189,0.00046986333333333337,0.0004763035714285715,0.0003614526666666668,0.00012422154979442547,0.00023072704444884393,0.00020420120343006667,-0.2982114515151771,0.42520036753924023,0.9546493014050719,0.8273884034984744,0.9676100430948511,1.2700023408027654,71.77216369439351,67.84921323993683,72.3439352491736,40.4976,32.96512,27.401789000000004
2021-08-15,44.124,54.8,43.361,53.531,6264283.565,0.00089641,0.0005794600000000001,0.0005189042857142857,0.00038133300000000014,0.00028914822479135944,0.00024993130864649026,0.0002258922463316243,1.0343214110201127,1.918948170447862,2.2217849228548507,1.6691496277847646,1.2029272962707738,1.3546327397659184,93.39308158558525,85.1725390439796,77.9421556342439,42.1154,33.44178,27.651069000000003
2021-08-16,53.515,69.132,52.269,62.016,15014364.928,0.00177088,0.0010597266666666667,0.0006239671428571429,0.0004303623333333334,0.000645188503643178,0.0004092246717020607,0.0003389589256032072,1.6705488788504628,3.3515742371600323,4.289819480530027,1.7867380434579263,1.286956329824377,1.398474627470368,95.31177291504892,91.19284918389152,84.48539011352202,44.36450000000001,34.044160000000005,27.942099
2021-08-17,62.042,75.155,58.822,64.123,14953825.95,0.00192727,0.00153152,0.0007402007142857143,0.0004846046666666668,0.000555551970656198,0.000524884092633259,0.0004342005236319821,1.155468169813087,2.742557568060825,3.976961947530486,1.603874478468301,1.2694795333037476,1.388118282495459,95.3322265523828,91.47736693395046,86.65175914301075,46.8299,34.666599999999995,28.243567500000005
2021-08-18,64.135,80.5,59.722,72.663,15022132.453,0.00030000000000000003,0.0013327166666666666,0.0007402007142857143,0.0004846046666666668,0.0008977707074934672,0.000524884092633259,0.0004342005236319821,-1.0631797704167103,-0.64064450101453,-0.031415206007891695,1.6322202083462434,1.2825682573157737,1.4101146260928905,96.38673042237086,92.839729745537,87.81904651791443,50.3312,35.44046,28.585742500000002
2021-08-19,72.659,75.436,68.24,72.764,7819221.598,0.00073361,0.00098696,0.0007710342857142858,0.0005098163333333334,0.0008426989854627754,0.0005096155485448521,0.00042559933189993,-0.5619128891078702,0.21799264754126674,1.0023596413176346,1.5294568777434112,1.2942011066112074,1.41013811621615,97.91174868141947,92.58279419587734,87.63633933679564,53.742999999999995,36.18554,28.9283
2021-08-20,72.8,80.0,70.873,78.643,5705076.722,0.0012541700000000002,0.0007625933333333334,0.0008391892857142856,0.0005516863333333335,0.00047774482983421875,0.0005055628591285251,0.0004351969079701397,0.08300290104887106,1.179328960711037,2.1619283358845154,1.1637869906029343,1.2468752893360078,1.2109099577166256,98.03938282986311,93.18994832552077,88.60020636909826,57.5433,37.092980000000004,29.298441000000004
2021-08-21,78.684,82.0,72.6,73.801,5131799.362,0.00134884,0.0011122066666666667,0.0008716014285714286,0.0005866476666666668,0.0003312735715889859,0.0005236435221063517,0.0004559164028610999,0.3800118044927579,1.2318356198719471,2.3285703145378975,1.3767421234053223,1.2316514005716306,1.227511080614577,87.69348074567581,84.28263300611128,82.42647797237389,60.761300000000006,37.889,29.641280499999997
2021-08-22,73.852,77.6,71.244,72.775,2862187.053,0.00057172,0.0010582433333333333,0.0008562135714285714,0.0005957050000000001,0.00042399211977738873,0.0005294492652763223,0.0004527132043864534,-0.601606347694357,-0.3480214902761299,0.4256087355444368,1.4392674984473024,1.2167420916661031,1.1936265597316977,81.05874757725175,85.63891312486264,81.655315575939,63.9286,38.654540000000004,29.9765
2021-08-23,72.751,76.81,71.545,75.623,4150780.595,0.00091108,0.0009438799999999999,0.0008982671428571429,0.0006160743333333334,0.0003895969116920607,0.000506673497924344,0.0004526969287136486,-0.1588331497733687,0.2831876628468914,1.268499392877765,1.0211655723146909,1.2156782068618361,1.1950402201806472,76.84567730522072,86.15908157241942,82.44135949899697,67.00789999999999,39.4814,30.322572499999996
2021-08-24,75.647,79.45,68.5,70.527,6792636.137,0.0013532799999999999,0.00094536,0.0009548871428571427,0.0006511836666666667,0.00039190604384213226,0.0005103144200230929,0.0004679260927825785,0.7795104186170891,1.0818728676302387,2.280654355249108,1.2239402608611172,1.3016407360724587,1.1884185068272572,61.30170831417085,77.55425663141305,77.14962242139998,69.6466,40.233779999999996,30.641704999999998
2021-08-25,70.519,72.83,66.03,71.973,5069064.804,0.00030000000000000003,0.0008547866666666666,0.0009126321428571429,0.0006511836666666667,0.000528891665781685,0.000539611100247603,0.0004679260927825785,-1.2765495144090324,-1.0819851828708988,-0.4081332914788335,0.9269278829229299,1.3021344444159133,1.187307272721106,48.375553252007585,77.74507294400448,77.78771991458126,71.4908,40.98872,30.9709575
2021-08-26,71.982,78.3,66.2,74.92,6563670.747,0.00030000000000000003,0.0006510933333333333,0.0008935164285714287,0.0006511836666666667,0.0006081114915320444,0.0005572260161468309,0.0004679260927825785,-0.8620757514459552,-1.081985182870899,-0.41969467530753685,0.88140943612333,1.2982740921922589,1.1805539043633495,54.47600066275814,79.59948184519415,77.67150186587091,72.7812,41.753659999999996,31.312069499999996
2021-08-27,74.92,88.92,72.55,87.98,8785637.093,0.00030000000000000003,0.00030000000000000003,0.0008913678571428572,0.0006511836666666667,0.0,0.0005596185062395751,0.0004679260927825785,-0.6907763385063307,-0.9931207933613188,-0.41969467530753685,1.569165382597171,1.398971646027641,1.2338258078535647,64.93203262288654,82.46411267092826,80.60544037781487,75.16690000000001,42.85042000000001,31.7126945
2021-08-28,87.98,97.82,85.59,96.22,5774371.258,0.00029474000000000004,0.0002982466666666667,0.0008758571428571428,0.0006510083333333334,3.036862415635363e-06,0.0005737756561775406,0.0004680631853314596,-0.45556324544058874,-0.931228327159303,-0.44131420264873944,1.6301247852448906,1.3564139994071829,1.2466357331931004,82.3385165722056,85.18538536213302,81.39370394371237,77.52260000000001,44.10852,32.154792
2021-08-29,96.17,97.82,90.3,94.23,4171861.65,0.00034102000000000004,0.00031192000000000004,0.0008361864285714285,0.0006523756666666667,2.533820040961913e-05,0.0005911810980194509,0.00046706128399247706,1.7751177371277425,-0.8442006949608448,-0.3224099262349439,1.3341001602675093,1.3848339134672019,1.2482824537421007,80.11059028107678,80.55159367464724,81.90297119911057,79.6692,45.35925999999999,32.580492
2021-08-30,94.23,116.84,93.58,110.25,11109542.615,0.0004077,0.00034782,0.0007388164285714287,0.0006559656666666667,5.678618141764461e-05,0.0005349803654859528,0.0004646671769808171,1.6476743255726152,-0.6929880015139601,-0.15353937389717895,1.4848636821626247,1.4659808401374788,1.2785488830646934,85.47921063833613,82.52812171083139,85.30767046016489,82.8299,46.92062,33.08574
2021-08-31,110.26,130.11,103.06,108.27,16509565.592,0.00100829,0.00058567,0.000673175,0.0006795753333333333,0.00036751503901200446,0.0004224946830024891,0.00046395044194122713,1.7689437178667127,0.4567261236237611,1.3679280740331297,1.712498797133901,1.4910603914031995,1.2819834564551624,91.30967755918138,79.82300884804766,83.64987613329988,86.27680000000001,48.47062,33.581089999999996
2021-09-01,108.27,119.72,105.89,110.71,8028303.79,0.00141959,0.0009451933333333335,0.0007531457142857143,0.0007168950000000002,0.0005088872517889642,0.00045139648295745816,0.00047720493365189853,1.4570180919082052,1.1304298857376465,2.2763675955173914,1.4602424981243118,1.4712704424322676,1.2819477409743694,91.49474044895675,78.01074872842207,83.76551997337913,90.0703,50.1021,34.0909195
2021-09-02,110.71,131.96,109.18,128.23,9206853.472,0.00263709,0.0016883233333333334,0.0008891085714285715,0.000794798,0.0008470009228645011,0.0006758997451244747,0.0005853172728523387,1.5741442370492298,2.5875630666487073,4.291346359708354,1.681945990497219,1.5220382240022907,1.318101860491675,93.51836734586999,82.49935547243186,85.80287283225321,95.33099999999999,52.03939999999999,34.6884905
2021-09-03,128.2,148.99,128.12,146.4,11927061.37,0.00162174,0.0018928066666666667,0.0009153635714285715,0.0008388560000000001,0.0006524449523395169,0.0006979505417854195,0.0005964280971410545,0.24616788898825515,0.9511076980171318,2.0933322045521368,1.5342130855546678,1.5262452675479576,1.3362061889534615,94.01748040889373,84.70268885922066,87.3921531565471,102.9183,54.396499999999996,35.3762325
2021-09-04,146.36,150.6,135.73,138.88,6134062.526,0.00181219,0.0020236733333333333,0.00094846,0.0008891976666666668,0.0005397015896153291,0.0007303221134856476,0.0006130517095571207,0.18644653949365717,1.1259556488949845,2.3097059883771807,1.7112092432229282,1.4750772329070152,1.3492794628544198,82.495429615208,82.44120315329134,83.05436408822908,109.60900000000001,56.648680000000006,36.0291315
2021-09-05,138.88,144.99,134.74,142.0,4619885.42,0.00267368,0.00203587,0.0010986000000000001,0.0009683203333333334,0.0005605078034246978,0.0008527186301741876,0.0006835140181014967,1.0951398642414933,2.075207576370878,3.4456287503405076,1.604274744844279,1.4082815564482638,1.344399467087261,85.77205331645887,83.80225983068523,84.39898203910758,116.31700000000001,58.95264,36.697953
2021-09-06,141.98,166.13,136.92,164.22,8435542.353,0.00199473,0.0021601999999999997,0.0011760035714285715,0.001004975666666667,0.00045395649097680965,0.0008830316945057168,0.0007084804955321841,-0.31783644890453555,1.182815059693376,2.1696077558693148,1.7210380987094267,1.4756679582797687,1.3415047297289933,86.98095107495014,86.37912769160516,86.31405436528814,123.94099999999999,61.703579999999995,37.4741675
2021-09-07,164.19,195.48,128.01,173.46,24376489.011,0.00030000000000000003,0.0016561366666666669,0.0011007692857142857,0.0009887373333333335,0.0012225274105856756,0.0009111867668086122,0.0007191476259502453,-1.5909036428607097,-1.0066207272997314,-0.5690246682969717,1.5612217466931246,1.434256397314385,1.342164039173326,90.62694752507242,90.87465154410407,86.86454320249564,131.665,64.68260000000001,38.2840115
2021-09-08,173.49,198.0,146.5,191.02,16666845.8,0.0009054099999999999,0.0010667133333333333,0.001144012857142857,0.0010081733333333334,0.0008588023737934841,0.0008842272124936412,0.0007083136334612762,-0.674793789698821,-0.23652811820950326,0.3938391705126034,1.4344661512063344,1.438106223066774,1.3384767224741023,92.11326691070289,91.90998894485784,87.97153386582121,141.344,68.03352,39.189177
2021-09-09,191.02,216.0,180.7,187.9,16349677.82,0.0005082800000000001,0.0005712299999999999,0.0011588900000000003,0.0010064293333333335,0.0003075749402990999,0.0008705811884730029,0.0007095170311432191,-0.7541783755841334,-0.6946972707519204,-0.2552624644657529,1.20522433384492,1.4572113025391606,1.342912898249568,86.85608400171958,89.72573839574109,86.82359551567228,149.10899999999998,71.25752,40.0733005
2021-09-10,187.89,197.41,167.82,179.6,9055410.7,0.00062168,0.0006784566666666667,0.0011818671428571429,0.000997433,0.0002045623416793206,0.0008501747394635807,0.0007127273858488631,-0.36590619761909354,-0.5013357399289787,-0.08018848918265915,1.5015009766643583,1.4331924132002265,1.343019406813296,73.3539673599979,83.3309080317472,83.04838693742687,156.24200000000002,74.29554,40.899204999999995
2021-09-11,179.6,193.51,175.14,179.04,6794663.25,0.00034182,0.0004905933333333334,0.0011852300000000002,0.0009899063333333334,0.00014076582871325348,0.0008464808803511094,0.0007185910337333348,-0.7937680598350656,-0.835127649778229,-0.5371605116879387,1.0943474922655905,1.425400234779983,1.329042522675639,81.31628197041606,81.91276202131104,83.10137018455947,163.075,77.30602,41.718283
2021-09-12,179.05,181.75,170.15,174.29,3661211.64,0.00064583,0.0005364433333333333,0.001207002142857143,0.0010004313333333336,0.0001689807297691916,0.0008267877562003059,0.0007108643015989795,0.19949159029764854,-0.4320613979075821,-0.051594441349333414,1.0611168561579332,1.458129773755393,1.3318528831901322,74.55513307905414,80.20676124273852,80.3221059915285,167.68099999999998,80.2195,42.5038875
2021-09-13,174.31,175.0,150.3,169.53,8423839.46,0.00050508,0.0004975766666666668,0.001213957857142857,0.0010002043333333334,0.00015214383008630005,0.0008199271708293821,0.0007110267555598333,-0.16133034819094366,-0.5542239120274832,-0.2878676307277472,0.29642861356980377,1.4064796120120096,1.3037196031957135,55.498032718184945,74.44334487791339,77.5109773686194,169.994,83.04513999999999,43.2823165
2021-09-14,169.54,171.83,142.6,158.88,7981396.52,0.00030000000000000003,0.0004836366666666667,0.0011633657142857145,0.000980324,0.0001739093431455857,0.000854707918591659,0.0007222777281704201,-1.1585801286542332,-0.8114532144672552,-0.6237788544915139,0.43996747904330663,1.4790799310179492,1.294756806209801,35.331991951212615,69.4758716224331,73.23101816565716,171.99399999999997,85.65906,44.00873549999999
2021-09-15,158.72,166.5,153.69,158.79,6107319.6,0.00080472,0.0005366,0.0011194464285714284,0.0009481186666666668,0.00025383203580319646,0.0008563250798940107,0.0007071948190963862,1.3548439950879974,-0.2137107690225723,0.1897285100579687,0.4941682522721479,1.4889807210899355,1.2967316564110165,0.0,68.84307885172926,72.02792910201448,173.673,88.27279999999999,44.73672750000001
2021-09-16,158.77,163.5,147.35,152.29,4739595.73,0.00146951,0.0008580766666666668,0.0010360478571428571,0.0009328600000000001,0.0005865778809615354,0.0007470316820608993,0.000690070901759494,1.6261636902618548,0.5667314514285353,1.237687245936582,0.4489862117732973,1.4168269529933455,1.3059858754431168,0.0,60.32086478994123,69.69498845832393,172.48000000000002,90.76109999999998,45.432734
2021-09-17,152.3,153.55,134.0,147.58,7629925.55,0.0011995,0.00115791,0.0010058878571428571,0.0009628433333333335,0.0003343407425067857,0.0007298935064807307,0.000681108445865909,0.7131342094483254,0.16365288859286634,0.7729813748028634,0.4456012187122515,1.4091883878572584,1.2837497150643484,0.0,50.57225994111736,67.17200149364513,169.892,93.088,46.0957065
2021-09-18,147.59,171.47,144.1,169.22,8229799.94,0.00030000000000000003,0.00098967,0.0008978742857142857,0.0009483896666666668,0.0006123396783648684,0.0007130916641446012,0.0006906743043226655,-0.9785528258672096,-1.0216369191221555,-0.7031461163668223,1.5303452927987033,1.4776958583147828,1.2970540106753303,40.75329566801267,62.941477562803975,71.93308293743,167.71200000000002,95.82531999999999,46.872087500000006
2021-09-19,169.22,170.96,150.6,152.76,4945800.1,0.00032745,0.0006089833333333334,0.0007302864285714286,0.0009174990000000001,0.0005115865770652391,0.0005105950263340042,0.0006972195098777189,-0.9487344775843133,-0.9750574000982635,-0.6729264267278207,1.698613551333809,1.4622724539894758,1.3165027675495948,33.38990896430529,54.12071078373338,67.16733130926278,164.198,98.14564,47.5655165
2021-09-20,152.78,153.43,130.26,132.77,10153368.71,0.00040317,0.00034354000000000003,0.0006166035714285714,0.0008859766666666668,5.343386847306939e-05,0.00036336559003944595,0.0006984220105713761,-0.6096139303255657,-0.8202867371982806,-0.5516306760830954,2.0307118704305305,1.6037417524184239,1.3809225224678574,27.03648175888398,37.74643497192516,61.42487574851563,159.51500000000001,100.11774000000001,48.1641125
2021-09-21,132.77,144.64,116.0,124.29,9608867.72,0.00030000000000000003,0.00034354000000000003,0.0006166035714285715,0.0008769193333333334,5.343386847306939e-05,0.00036336559003944595,0.0007043744151149263,-0.5283102794452238,-0.8683040511963264,-0.7224638594682455,2.047700508410465,1.6350045652038048,1.399450363721021,27.789906253763277,30.728227639389985,60.60485318475127,154.04,101.9402,48.722871500000004
2021-09-22,124.3,151.36,122.1,148.02,7460596.34,0.00030000000000000003,0.00033439,0.0005733600000000001,0.0008565500000000001,5.956522727227166e-05,0.0003623744083763964,0.0007121453226646175,-0.5845593923937729,-0.812849311096034,-0.7224638594682458,2.764431491104533,1.6846961035268528,1.4464632963913202,44.69510393033902,33.924031702949804,63.788270532084674,151.41299999999998,104.2185,49.397761
2021-09-23,148.02,152.5,142.92,149.91,5188932.77,0.00030000000000000003,0.00030000000000000003,0.0005584828571428572,0.0008214406666666666,0.0,0.0003694579632469476,0.0007127751763399351,-0.5845593923937729,-0.7314996994653833,-0.7224638594682455,2.3834014647249915,1.588454579936368,1.4434201412512038,48.77192982420908,35.6652328122411,63.648938880353036,149.451,106.5015,50.078224
2021-09-24,149.9,151.2,128.15,139.13,6710404.45,0.00030000000000000003,0.00030000000000000003,0.0005355057142857143,0.0008214406666666667,0.0,0.0003751838161942162,0.0007127751763399351,-0.4471166891073975,-0.6544930305778276,-0.7224638594682455,2.311223301066735,1.605394198897171,1.463641611594063,45.89686316371634,35.01000074043252,59.38773262795475,147.476,108.53703999999999,50.70586
2021-09-25,139.11,144.18,133.54,136.06,3212733.31,0.00030000000000000003,0.00030000000000000003,0.0005325185714285715,0.0008214406666666666,0.0,0.0003770065812903711,0.0007127751763399351,0.0,-0.6583020974126332,-0.7224638594682455,1.9341066754292455,1.6048744103283952,1.4668454234823407,30.355450236715058,34.37090909055914,57.45341614846641,145.203,110.46774,51.311965
2021-09-26,136.05,140.81,124.8,135.64,4342156.13,0.00030000000000000003,0.00030000000000000003,0.0005078164285714286,0.0008214406666666667,0.0,0.00038032619345072034,0.0007127751763399351,0.0,-0.6607389673925046,-0.7224638594682458,1.793241770792487,1.46165087193426,1.4661642225982967,37.47805734309194,35.48847337951727,57.792916556280545,143.53799999999998,112.39116,51.919140999999996
2021-09-27,135.7,148.92,133.72,136.35,5195624.27,0.00030000000000000003,0.00030000000000000003,0.0004931678571428571,0.0008216160000000001,0.0,0.0003843676350574536,0.0007126417817195414,0.0,-0.6607389673925046,-0.7224638594682455,0.6697603703619505,1.4348654311238478,1.450479775807953,53.647106763701025,37.15148698844476,55.21207764136675,142.41500000000002,114.36516,52.52073600000001
2021-09-28,136.34,139.4,128.17,132.2,3899945.58,0.00030000000000000003,0.00030000000000000003,0.0004931678571428571,0.0008202486666666668,0.0,0.0003843676350574536,0.0007136343507549648,0.0,-0.5867041675002578,-0.7224638594682455,0.596406079609223,1.3505893445883541,1.456631944803975,58.837988825895245,39.12086119674792,54.737675707173764,138.713,116.23624,53.1089375
2021-09-29,132.22,140.17,131.12,135.25,3685498.28,0.00030000000000000003,0.00030000000000000003,0.00045711642857142854,0.0008166586666666669,0.0,0.0003764871467538681,0.0007160480922142499,0.0,-0.5501439028200866,-0.7224638594682455,0.410902160995869,1.3620446862792712,1.4331880887166752,23.473203156774773,40.62748845312249,54.84673724066372,136.962,118.12844,53.708670999999995
2021-09-30,135.24,142.95,134.02,141.37,3361454.58,0.00030000000000000003,0.00030000000000000003,0.00037358000000000004,0.0007930490000000001,0.0,0.000239342299421346,0.0007211703218325458,0.0,-0.5002971416160835,-0.7224638594682455,0.5384978970041728,1.379270173658168,1.4143975595580291,34.91166077652166,45.63897763527242,52.71757114432657,137.822,120.12341999999998,54.343218500000006
2021-10-01,141.38,164.95,138.25,161.56,6742166.88,0.00030000000000000003,0.00030000000000000003,0.00030933,0.0007557293333333335,0.0,2.798195407464862e-05,0.0007165836892141802,0.0,-0.4925266744938005,-0.7224638594682458,1.1764139397207916,1.5130907583959547,1.4334610193864326,79.74012198207852,54.96872334321185,53.10936089856137,141.549,122.53258,55.08023
2021-10-02,161.62,175.0,156.06,168.98,5059987.02,0.00030000000000000003,0.00030000000000000003,0.00030933,0.0006778263333333333,0.0,2.798195407464862e-05,0.0006263572372414175,0.0,-0.4415876943715149,-0.7224638594682455,1.1328836626580185,1.5243055579168265,1.4341853050773692,89.13456966090357,49.905108334098784,56.17613263231576,143.645,125.01557999999999,55.856934
2021-10-03,169.0,177.79,165.58,172.98,4233767.25,0.00030000000000000003,0.00030000000000000003,0.00030736928571428577,0.0006337683333333334,0.0,2.757334232791609e-05,0.0006037504844808891,0.0,-0.40892630437714567,-0.7224638594682455,0.8758416004436035,1.5230961724636336,1.4332620960474811,90.9070990345391,58.86842105190863,56.333824009822806,145.952,127.59238,56.650825
2021-10-04,172.99,173.34,162.0,167.13,4312499.92,0.00030000000000000003,0.00030000000000000003,0.00030000000000000003,0.0005833620000000001,0.0,0.0,0.0005637749765238534,0.0,-0.40892630437714567,-0.7223819696458418,1.1529735883500916,1.503203833626152,1.4403247819143028,80.30720756092526,67.20408571906583,50.63762653866609,148.752,129.86436,57.415455
2021-10-05,167.13,170.18,159.68,164.62,3378441.71,0.00031849,0.00030616333333333335,0.0003013207142857143,0.0005048556666666668,1.0675206477207158e-05,4.941660361908063e-06,0.0004039996161032804,1.7866936642155986,-0.2890145817260199,-0.6925311487745105,1.251373470520726,1.5050671658711485,1.4414573660801673,82.98738298620086,71.47726062306882,48.00415424846739,151.608,131.91644,58.16777899999999
2021-10-06,164.64,165.42,150.1,153.87,4499161.76,0.00083939,0.00048595999999999996,0.00033984857142857147,0.0004663443333333334,0.000306218947323636,0.00014386230894940238,0.0002983257310122808,1.7877780679343072,2.019459071192383,0.1718751456108318,0.8576611755967982,1.5232940929766787,1.4577382760513964,66.37931034401012,53.61512791898329,41.3463778238259,153.43099999999998,133.71138000000002,58.866182
2021-10-07,153.9,161.42,150.34,154.26,3251376.58,0.00121544,0.0007911066666666666,0.0004052371428571429,0.0004968590000000001,0.0004504201214791874,0.0002737581552681375,0.0003262370909518833,1.4890388325987367,3.6187898168054304,0.7790840256480678,0.6663214295138918,1.5165116464553423,1.448124646620911,62.61005673950642,52.73894975350919,42.06304265705087,155.222,135.34332,59.565796
2021-10-08,154.26,168.97,152.39,158.86,3735085.38,0.0005301,0.0008616433333333332,0.0004216728571428572,0.0004843486666666668,0.0003432115048090975,0.00027386126154645103,0.00031709806691231806,-0.28506074086680266,0.5956977509228912,-0.3574014366054796,0.7014915349490314,1.3981340049671895,1.4481835856721292,46.199324323413876,63.47125494894362,45.0196907111418,157.888,137.06524,60.286114000000005
2021-10-09,158.88,161.54,154.18,156.84,1833309.02,0.00068988,0.0008118066666666666,0.00044952142857142854,0.0004904020000000001,0.00035856981598194465,0.00028028461685213036,0.00031929639630350125,-0.08506082731436164,1.1619344102941027,-0.09685396330378804,0.6765078160174347,1.32662098426691,1.4493362901255666,29.84727755574727,64.39456913147475,44.70621899978454,160.047,138.62918,60.999537999999994
2021-10-10,156.8,158.5,145.55,147.55,2037895.69,0.00111827,0.0007794166666666666,0.0005079692857142857,0.0005069550000000001,0.00030413582201596373,0.00032796750893163883,0.00033862397668279706,0.8349619658910424,2.332669711960499,0.6040987694734831,0.7949523246075297,1.2015155984605674,1.4639070101426759,14.092064388312238,57.34731647032344,43.75875268358453,160.665,140.10416,61.6693015
2021-10-11,147.56,154.0,140.24,144.77,2211323.14,0.0005121699999999999,0.0007734399999999999,0.0005231242857142857,0.0005126333333333335,0.00031157022916189015,0.0003224743180880658,0.0003371845935586649,-0.9066656693495585,0.19530881584927287,-0.3943489013559533,0.6322214613721258,1.1641568139658123,1.4649139166811975,15.429808286617202,55.064966312835786,44.16698077589678,158.98600000000002,141.54406,62.328258000000005
2021-10-12,144.79,153.5,137.61,152.32,3377483.32,0.00030000000000000003,0.00064348,0.0005231242857142857,0.0005011056666666668,0.00042464477542999876,0.0003224743180880658,0.0003383833279976576,-1.0783639262205398,-0.5448921640685629,-0.7430062818292616,0.8365695702474565,0.9164938380734114,1.4575795384002912,33.54735152425137,61.627369393362486,48.43167256318443,157.32,143.078,63.016026000000004
2021-10-13,152.35,155.56,144.28,148.04,2760546.0,0.00030000000000000003,0.0003707233333333333,0.0005231242857142857,0.0004942696666666668,0.00012249640661394988,0.0003224743180880658,0.0003403659688759135,-0.8348022251294931,-0.5448921640685629,-0.7347299249795609,0.7792926149624928,0.9236393822594694,1.4599088796597877,40.56939501687483,57.2877492868353,47.4804293810859,154.826,144.62825999999998,63.6739315
2021-10-14,148.05,155.65,147.27,150.02,2654600.61,0.00052334,0.00037444666666666665,0.0005390771428571429,0.0005017143333333334,0.0001289454091207985,0.0003160475383285019,0.0003384071450770272,-0.08172994450532828,0.19673457771660005,-0.35739884828173357,0.8143722878036861,0.8626771941754104,1.3941782664899125,43.47692307598668,55.17282621603586,49.45644365624981,153.115,146.1892,64.333709
2021-10-15,150.01,165.75,146.68,163.18,5388612.07,0.00044479999999999997,0.00042271333333333334,0.00054942,0.0004897170000000001,0.00011329631297323681,0.0003099319103882536,0.0003336408975194362,0.2609291910096678,-0.10568095994240936,-0.4607354346867193,0.9051110941907818,0.9188011914041316,1.3662133890144557,55.260594251371586,51.057717418758415,53.59016846106023,152.971,147.9544,65.054857
2021-10-16,163.15,164.8,156.36,157.54,1985241.59,0.0006851100000000001,0.0005510833333333333,0.0005769278571428572,0.00046357033333333344,0.00012253364204710616,0.0003031068797071646,0.00028075304295316193,1.4423638329499133,0.6769743631670878,-0.022854433741675746,0.9765832431658249,0.937013186611102,1.3713079382904987,50.78334825345682,42.352941175677884,47.09828083011092,153.33800000000002,149.3456,65.7472145
2021-10-17,157.54,167.65,153.13,160.12,3070422.13,0.00095578,0.0006952300000000001,0.0006237692857142856,0.0004554463333333334,0.0002556402763650391,0.00030765632460372195,0.00026159614591015327,1.489499248396478,1.447126708346174,0.4312195546124548,0.909318480509498,0.937684870768981,1.3432624306959968,66.55254147888893,41.237394384604364,51.96392357697994,153.924,150.6236,66.450884
2021-10-18,160.11,162.98,154.91,157.12,2240606.17,0.00051949,0.0007201266666666666,0.0006394471428571429,0.0004627626666666667,0.00022024274388348565,0.0002952297500494744,0.00026016413451739295,-0.5198492182268181,-0.06212021352330847,-0.3250637368773877,0.875343335982315,0.9294785669040606,1.345295680929418,66.16915422764286,42.90372890883221,57.145372380069205,153.75,151.88139999999999,67.1412625
2021-10-19,157.12,159.45,153.06,155.78,1821550.17,0.00081538,0.00076355,0.0006749392857142857,0.0004790270000000001,0.00022271507066202968,0.0002833034606881841,0.00026658566195435923,0.6268236588567283,0.8618003746019328,0.20614844685246292,0.8919505791572871,0.9299507674676011,1.3363583985245793,55.409631018174274,43.62745097951156,59.644716691166884,153.644,152.792,67.821412
2021-10-20,155.77,176.87,155.0,176.72,3884374.7,0.00052403,0.0006196333333333333,0.0006524135714285714,0.0004830556666666668,0.00016953678371765726,0.00028175506639650566,0.0002663128585689849,-0.9320171835650994,-0.17675493684376692,-0.285533411625607,1.2295684015581574,1.0507601552030308,1.352344069286348,79.48190789359296,64.362036453927,58.94303876252623,156.561,154.161,68.592512
2021-10-21,176.72,194.21,176.7,190.5,7853710.77,0.0012748899999999999,0.0008714333333333333,0.00065666,0.0005155520000000001,0.0003785553685173742,0.0002911836086627054,0.0003004918671502392,1.439177405378666,2.0487289854146358,1.0205991760798163,1.1707775377832534,0.9443596174515149,1.3585436038761036,83.48775645171338,69.49644932109645,61.77545691805645,161.13400000000001,155.7568,69.4261345
2021-10-22,190.46,215.1,187.96,196.29,8364239.42,0.00082194,0.00087362,0.0006775057142857142,0.0005329500000000001,0.00037808835171159616,0.000291871817616348,0.00030268315824100183,0.09981487989829134,0.553907992847255,0.22451136551152368,1.153276281571692,0.9353196110721841,1.357843473021287,81.19464857627968,69.8820779762261,67.0769598459141,165.531,157.118,70.292726
2021-10-23,196.29,205.78,191.86,197.75,3274703.05,0.00121375,0.0011035266666666666,0.000714925,0.0005634083333333333,0.0002457698375173865,0.0003252526855266488,0.0003236796718775684,0.9097671133881832,1.5994875757224525,0.9242521701471285,1.0459808219436277,0.9325866209638405,1.3409602265775247,91.12292902303567,71.86063909265144,68.60935143172182,170.502,158.145,71.15620200000001
2021-10-24,197.75,204.86,185.22,202.14,3573960.26,0.00196497,0.0013335533333333333,0.0007754035714285714,0.0006189073333333334,0.000580856285352341,0.0004577519591456029,0.00040856664315149454,1.4804369747146182,2.8405969022556685,2.127909578601336,0.9263622533162137,0.9158056737128555,1.3409903416529587,91.43984220781049,80.78267734168155,69.59109120790211,175.714,159.4102,72.0342095
2021-10-25,202.15,218.93,198.0,209.7,4914479.29,0.0009156500000000001,0.00136479,0.0008042235714285714,0.0006394290000000001,0.0005407198228287793,0.00045257621400848395,0.0004074561331950528,-0.7179819928981696,0.2657498680349619,0.3177553724295063,0.48366933822430674,0.9157914854105789,1.3406559122682833,97.57509952826089,84.7405029414806,70.77079911537544,180.36599999999999,160.7642,72.94801749999999
2021-10-26,209.73,214.2,196.36,199.85,3168707.16,0.00154268,0.0014744333333333332,0.0008929864285714286,0.0006808516666666668,0.0005279785234584061,0.0004676866672102735,0.00043405742975406074,0.5335242850274349,1.6023489727331688,1.3430074508802092,0.6504911931142706,0.8866438020699489,1.300677025418287,84.55386545304708,74.81984334094258,68.55763427776397,184.597,161.4768,73.80918150000001
2021-10-27,199.87,205.49,176.94,184.49,5003626.21,0.0009608100000000001,0.0011397133333333335,0.0009401871428571429,0.0007028786666666667,0.00034970910373240534,0.00043547295873704744,0.00043081889674346125,-0.8180067196126878,0.3036540798277504,0.3383248666761158,0.9469298716544626,0.9714814697949355,1.3066965348658985,56.67640487988189,67.0598146579249,62.65289341054873,187.03400000000002,161.6974,74.597621
2021-10-28,184.45,201.38,181.64,195.42,3503774.6,0.00030000000000000003,0.0009344966666666667,0.0009242342857142857,0.0007028786666666667,0.0006217577415950079,0.0004555463497099448,0.00043081889674346125,-1.3105899365633442,-1.1797008353006468,-0.785744497891576,1.1231790068108913,0.9901416564060768,1.3092293185472357,54.44524755984618,69.60614959321602,63.553839208696765,190.86399999999998,161.7854,75.4354625
2021-10-29,195.37,205.22,194.45,200.41,2484214.02,0.00030000000000000003,0.0005202700000000001,0.0009138914285714285,0.0007028786666666667,0.0003815188313831911,0.00046872213853373486,0.00043081889674346125,-0.9648156410361413,-1.099362135037917,-0.7810097428137044,1.1299411606793714,0.9863746684289652,1.258385927077244,53.77704437041358,67.29857819817659,60.54617514431007,195.327,162.0356,76.29480050000001
2021-10-30,200.36,200.62,187.3,195.7,1609573.37,0.00030269,0.0003008966666666667,0.0008865757142857144,0.0007029683333333335,1.5530722235289333e-06,0.0004935652033725728,0.00043073242512694105,-0.6760097516377859,-0.9896727954342067,-0.7539077459619996,1.058101283165824,0.9451404059469648,1.2592444804917262,48.22633673587543,67.88526434106637,57.36169274762722,197.225,162.3576,77.136047
2021-10-31,195.69,205.0,185.31,202.49,2375757.35,0.00047856,0.00036041666666666665,0.0008524885714285714,0.0007089203333333334,0.00010232396802964026,0.0005047700507215973,0.00042618172718059187,0.03550495378399105,-0.6031664974599181,-0.4337769101398719,1.0480957813563743,0.9365645067420271,1.2603029238431442,50.29074597050669,69.10451798992924,58.00727193703576,198.424,162.82659999999998,78.0164635
2021-11-01,202.53,211.66,197.7,203.9,3150076.28,0.00078439,0.0005218800000000001,0.0008714099999999999,0.0007250666666666668,0.0002437543626276169,0.0004962198282864206,0.0004192749810403973,1.665487189847938,0.006626711149094875,0.15679864698449772,0.5829471685972192,0.9245947763646739,1.2126612153375893,44.63360473665354,71.3998170164688,60.2235444577177,199.185,163.4188,78.8970555
2021-11-02,203.91,222.22,200.97,220.82,2876704.542,0.0011066700000000001,0.0007898733333333334,0.0008922164285714286,0.0007519556666666668,0.0003140908996346857,0.0004997838560449669,0.0004169347366996067,1.4729060524535353,0.647760254531491,0.7990806234794853,0.7263296035964576,0.9431184915946655,1.185742694773312,67.1575846825886,76.04099935853253,64.4666392082964,201.49200000000002,164.44459999999998,79.8746575
2021-11-03,220.81,247.0,215.69,243.37,5253716.352,0.0009901200000000001,0.0009603933333333335,0.0009255085714285715,0.0007749596666666668,0.0001631835029447656,0.0004887737768500404,0.0004101213222473842,0.7611181071405331,0.33298763313053714,0.6241130857535695,0.9572825957270861,0.9982257324031408,1.196764092726332,93.10395314692279,76.34595620122631,71.71908367209855,205.615,166.13440000000003,80.9672575
2021-11-04,243.37,250.5,234.0,247.07,3552648.58,0.00030000000000000003,0.0007989300000000001,0.0008558735714285714,0.0007743433333333334,0.0004359980897893852,0.0005043659072631,0.0004108442192509744,-1.2728721281445348,-1.212218607967585,-0.7967718461919813,0.7631664460402351,0.9615396452360123,1.1964190578124605,92.28753888874076,74.29774074302881,72.16622880247401,209.352,167.9,82.04092849999999
2021-11-05,247.06,248.84,230.34,236.06,2233800.23,0.00059814,0.00062942,0.0008398878571428571,0.0007663016666666668,0.000346121701717755,0.0005090490450177722,0.0004118868565774503,-0.49176683748912814,-0.5280800245815253,-0.04694593098819026,1.1081496356566227,0.974116688500511,1.1539376667831893,76.56878819416309,66.34876264003216,67.89024842329397,212.973,169.57539999999997,83.063873
2021-11-06,236.04,259.9,234.79,258.44,3046062.46,0.00030000000000000003,0.00039938,0.0007746200000000001,0.0007357870000000001,0.00017213120925618636,0.0005159583752590797,0.00041137491715355254,-0.9496908840070604,-1.0882486557315434,-0.8167011894614388,1.173154662645732,1.0190127651075918,1.1666086897741463,87.01038225506245,71.2872676246945,71.51448415974826,220.368,171.7926,84.197559
2021-11-07,258.41,258.66,245.65,249.68,1923092.87,0.00030000000000000003,0.00039938,0.0006556935714285715,0.0007281170000000001,0.00017213120925618636,0.000399142510805861,0.00041744248630612224,-0.6500112052489401,-1.0426888465920015,-0.7901865696248566,1.286441143428957,1.0336559983745468,1.1488261688371748,77.20511933524682,66.17887285534543,71.67536822360589,225.794,173.4018,85.283192
2021-11-08,249.62,253.3,240.68,248.26,2301351.76,0.0015409999999999998,0.0007136666666666666,0.0007003614285714285,0.0007564876666666668,0.000716491684064321,0.00046071422431926193,0.0004429002578434617,1.7364374564904117,1.4331616805624923,2.262036725263546,1.0311601097129535,1.0320398840335325,1.1479192510999312,75.57067097010723,63.6951271481093,72.09153396148291,230.579,175.3118,86.329992
2021-11-09,248.27,253.22,237.62,239.04,2217088.06,0.0010317899999999999,0.0009575966666666667,0.0006638692857142858,0.000753605,0.0006238178724862924,0.0004058277017587937,0.0004407405264712183,0.521580102013009,0.36396387865426744,0.9815835700230773,1.0772707711686087,0.9528990444558161,1.1460916120272475,61.52580971605431,63.9814484474522,68.38066977451689,234.913,177.43719999999996,87.3382455
2021-11-10,239.06,248.0,217.5,233.09,3092477.23,0.00118346,0.0012520833333333333,0.0006797728571428572,0.0007759813333333334,0.0002614489958544899,0.00042238420334732204,0.0004450795198825029,0.5642811280733334,0.6843231907329359,1.304218167994588,1.022674798230097,0.9276055704231121,1.1483239578941684,41.76809737301028,68.58650757154642,67.89998737134268,237.973,179.6132,88.299495
2021-11-11,233.06,246.5,229.4,233.37,1997993.9,0.00045837000000000004,0.0008912066666666666,0.000691085,0.0007812603333333334,0.0003824416716746816,0.0004134572525713334,0.0004401512391211387,-0.8621012243361617,-0.7412435554019569,-0.44148388804179267,0.332059215720256,0.9239075273723737,1.1456764604794285,38.393764825027525,65.80064951209826,67.66863102476164,240.92,181.3202,89.22932
2021-11-12,233.34,239.09,220.83,228.48,2114721.23,0.00030000000000000003,0.0006472766666666667,0.000691085,0.0007812603333333335,0.00047105168446076866,0.0004134572525713334,0.0004401512391211387,-1.169220204028433,-0.9578242419256294,-0.8117950687633545,0.2983395425859651,0.9326749023743159,1.1446434943598733,42.835538751796115,61.696808066619084,64.34534270571103,241.68599999999998,182.8916,90.15233
2021-11-13,228.46,241.97,224.79,241.59,1458387.39,0.00042258,0.00039365,0.0006996485714285714,0.0007779016666666668,8.305403602472935e-05,0.0004059677202563021,0.0004425650370914266,-0.6431379090676278,-0.6652845728666542,-0.5238401589661186,0.7072773335913874,0.9539038630432908,1.1377596872507507,30.689892275464544,67.87132954205919,67.87765346411683,241.50799999999998,184.94079999999997,91.144545
2021-11-14,241.58,242.0,230.4,238.64,1075144.87,0.00030000000000000003,0.00034085999999999996,0.0006868942857142857,0.0007730750000000001,7.077159599724735e-05,0.00041612578419573655,0.0004470896280948471,-0.6283400080361871,-0.8681540437638224,-0.7958646054835381,0.6299230740423193,0.9494260400176822,1.1386077397277927,35.40454785762074,64.51224407795809,66.6751613991391,240.66499999999996,186.99239999999998,92.11358
2021-11-15,238.63,246.36,234.49,238.2,1921128.24,0.00030613,0.0003429033333333333,0.0006527328571428572,0.0007604423333333333,6.907005598181394e-05,0.0004269954665302102,0.0004549458927562,-0.6667318146350554,-0.7925085724561832,-0.757872786043578,0.5749836534049332,0.9184026902969202,1.1323077662886964,36.34636264860364,63.87765010447136,67.40810717885287,240.879,189.0436,93.09216
2021-11-16,238.18,238.21,213.81,219.04,2557623.67,0.00030000000000000003,0.0003020433333333333,0.0005951135714285714,0.000738583,3.5391571498521586e-06,0.00041529493313337317,0.0004609515128749583,-0.47486470469705205,-0.7287730460216658,-0.7461288791082746,0.9525895208330661,0.9257344470444767,1.1506828767725228,28.62334330867816,49.292640279216265,62.616673314019444,236.939,190.6974,93.97343000000001
2021-11-17,219.09,222.44,209.53,218.94,2094790.54,0.00030000000000000003,0.0003020433333333333,0.0005458192857142857,0.0007312666666666668,3.5391571498521586e-06,0.00040564776576319317,0.00046626025227394563,-0.47486470469705205,-0.7287730460216658,-0.7461288791082746,0.9521639027661177,0.8995821394006481,1.103396728071743,32.71439042211337,38.18322530663194,59.183851039042395,233.865,192.43219999999997,94.81978000000001
2021-11-18,218.9,222.78,186.5,195.01,3077799.94,0.00030000000000000003,0.00030000000000000003,0.0005458192857142857,0.0007140873333333335,0.0,0.00040564776576319317,0.00047250696264843875,-0.44558820472078847,-0.7287730460216658,-0.7443612144956624,1.0202932202472466,1.0325182339580405,1.111880113254794,20.300402601204553,28.940129449510394,50.93954418506465,228.54000000000002,193.62739999999997,95.560345
2021-11-19,195.19,219.59,188.99,215.25,2712585.78,0.00030000000000000003,0.00030000000000000003,0.0005245235714285715,0.0007066196666666667,0.0,0.0004104867643440376,0.0004773596782842031,-0.44558820472078847,-0.7282287944410603,-0.7380629809671655,1.6000351167335625,1.111110514094882,1.0756359166828569,41.72400850707862,42.166679213588544,53.72553642949606,226.161,195.105,96.407035
2021-11-20,215.25,221.17,205.84,217.63,1560552.25,0.00030000000000000003,0.00030000000000000003,0.0005245235714285715,0.0006741233333333335,0.0,0.0004104867643440376,0.000470473849259202,0.0,-0.6968122297019068,-0.7380629809671655,1.6174601129435158,1.1037462080916476,1.0594851197055337,32.68786127134564,31.915270760926333,53.89223901577688,224.61499999999995,196.22639999999998,97.28200499999998
2021-11-21,217.64,240.0,210.53,230.51,1888280.05,0.00035517999999999997,0.0003183933333333333,0.000528465,0.0006585646666666668,3.185818785384966e-05,0.0004084248270113117,0.0004731273999874022,1.788129775385457,-0.5005469163200595,-0.6031809848333515,1.5419169925432425,1.1275558243810624,0.9829603857622489,44.86288386160238,41.80418982421098,55.37575321122124,224.329,197.45699999999997,98.20965499999998
2021-11-22,230.56,231.99,211.6,215.59,2456703.81,0.00030000000000000003,0.00031839333333333336,0.0004398221428571428,0.0006281063333333334,3.185818785384966e-05,0.00028896423194090627,0.0004655046622121556,-0.4470324438463665,-0.5671956518417863,-0.7415295411247631,1.6820477750366907,1.1176849197522065,0.999767072089721,37.923298792580425,37.477960904158934,51.085794343756085,223.04000000000002,198.30919999999998,99.07012499999999
2021-11-23,215.58,226.08,210.91,221.75,1654017.24,0.00030000000000000003,0.0003183933333333333,0.0003875514285714286,0.0005726073333333335,3.185818785384966e-05,0.0002347465666450468,0.0003944524034215614,-0.44703244384636864,-0.49429474598065315,-0.7415295411247631,1.1756663426035032,1.0368587597509473,0.9804077592613384,51.680932886289845,43.21375304136511,54.09284592901451,221.05599999999998,199.4016,99.96296499999998
2021-11-24,221.76,222.47,200.14,205.7,1878172.55,0.00030000000000000003,0.00030000000000000003,0.0003244471428571429,0.0005520856666666669,0.0,5.1755373920582826e-05,0.00039199712267312843,-0.4470324438463665,-0.4942947459806534,-0.7415295411247631,1.1274853753619003,1.0748019068502865,0.9989144850734666,43.14415907176677,40.039275583271106,53.953696453972064,217.762,200.2232,100.763405
2021-11-25,205.76,216.35,201.93,209.97,1764837.19,0.00060662,0.0004022066666666667,0.0003350364285714286,0.0005208836666666667,0.00017702713953891442,8.545730896467269e-05,0.00034484781738477945,1.7596697919826265,0.37122851850811106,0.01449119240975348,1.1458023715674561,1.0688629954528526,0.9991547447481979,59.72691807487895,41.730279897805886,52.78128225657458,214.939,201.3452,101.591605
2021-11-26,209.94,210.53,182.7,192.42,2776105.44,0.00076275,0.0005564566666666667,0.00036809,0.0005142816666666668,0.0002354180550283445,0.00014178916612618285,0.000337962304050591,1.418023662426851,0.7406699745426205,0.38980816817062464,1.0651163655572908,1.0299567885979706,1.02602448924867,34.61797601368774,38.30284157224846,48.54266224004699,212.277,202.1084,102.339435
2021-11-27,192.37,199.39,190.61,192.74,1028955.27,0.00030000000000000003,0.0005564566666666666,0.0003593342857142857,0.0005142816666666668,0.0002354180550283445,0.00014195015152746528,0.000337962304050591,-0.7064225547866113,-0.5558583082260606,-0.7802244245931347,1.0451771989284762,1.028225830010534,1.021963796697095,32.75121275089501,32.72019808952382,49.451323496187214,209.657,202.78599999999997,103.080445
2021-11-28,192.74,202.1,180.93,200.69,1560980.85,0.00030000000000000003,0.00045425,0.0003593342857142857,0.0005142816666666668,0.00026716883706749255,0.00014195015152746528,0.000337962304050591,-0.7064225547866115,-0.5221150777648735,-0.7802244245931347,1.102902982385703,1.0530426780926871,1.0246449470503691,27.819101457609747,37.034506320110374,49.667774085865375,210.225,203.66299999999998,103.86534999999999
2021-11-29,200.71,212.75,199.63,204.09,1458763.57,0.00030000000000000003,0.00030000000000000003,0.00035889642857142855,0.000514192,0.0,0.00014213622098895834,0.0003380207302293992,-0.7064225547866113,-0.45018351815013674,-0.7802244245931347,0.9527148845754774,1.0517924422023912,1.0206289059963338,39.67684021494123,38.57745629861357,50.03481256132472,209.109,204.7938,104.68055499999998
2021-11-30,204.1,218.28,199.55,208.53,2176734.39,0.00030000000000000003,0.00030000000000000003,0.00035889642857142866,0.0005082400000000001,0.0,0.00014213622098895834,0.00034023461439787613,-0.44719198660383735,-0.45019961149070487,-0.7802244245931341,0.9548165491642356,1.0559602742105052,0.9703014042474619,37.754723971351844,46.09554944598757,47.640259590133276,208.19899999999998,206.06900000000002,105.50970500000001
2021-12-01,208.52,232.63,207.89,229.81,2589478.23,0.00030000000000000003,0.00030000000000000003,0.00035889642857142866,0.0004920936666666667,0.0,0.00014213622098895834,0.0003381650354535815,0.0,-0.39201570927538143,-0.7802244245931347,0.7095581185028007,1.1437180109769123,0.9921647472014241,70.35973653015957,53.48911857177322,47.38365362301198,208.129,207.61880000000002,106.44132499999999
2021-12-02,229.81,243.12,220.0,233.6,3042712.67,0.00030000000000000003,0.00030000000000000003,0.00035889642857142855,0.00046520466666666674,0.0,0.00014213622098895834,0.00031914851707296675,0.0,-0.392015709275381,-0.7802244245931347,0.6545577550978853,1.1420907627819865,0.9915145627719135,70.11748680318266,64.22620364159907,47.40192107343778,209.93,209.33,107.375075
2021-12-03,233.59,239.37,204.68,211.65,2867134.41,0.00030000000000000003,0.00030000000000000003,0.00035889642857142855,0.0004422006666666667,0.0,0.00014213622098895834,0.00030454592863442585,0.0,-0.34412248723976835,-0.7802244245931347,1.3382528679247077,1.189655912972167,1.0195940604445342,65.23047679319404,48.68938400998861,45.48247399738183,208.92,210.56259999999997,108.19978499999999
2021-12-04,211.65,212.62,169.0,200.67,4895759.09,9.462000000000001e-05,0.00023154000000000002,0.0003442264285714286,0.00043535466666666674,0.00011857619828616025,0.00015835585192880913,0.00031011030938096285,-1.7886596422767085,-1.785068130741813,-1.277736546076031,1.438928386438387,1.2061792872338137,1.028309081177886,55.3733568228925,44.189392900768354,38.8375777713462,208.417,211.31240000000003,108.92325000000001
2021-12-05,200.68,204.51,181.44,196.43,2482292.26,0.00030000000000000003,0.00023154000000000002,0.000340285,0.0004254166666666667,0.00011857619828616025,0.00015874846919912628,0.00030949027176880526,0.4471649105691765,-0.23340699283554042,-0.7396038046928051,1.4176968964154268,1.206939749831338,1.0148507646748823,46.960616437887104,37.58922068424891,39.52802359838474,207.06300000000002,212.0902,109.73046000000001
2021-12-06,196.49,197.71,176.17,193.56,2815245.83,0.00030000000000000003,0.00023154000000000002,0.000340285,0.00042541666666666677,0.00011857619828616025,0.00015874846919912628,0.00030949027176880526,0.4471649105691759,-0.23340699283554042,-0.713283233798979,0.8339382145392804,1.1605152306016495,1.0159038460404588,42.42990654162903,41.20558882189471,39.30387172424697,207.177,212.75900000000001,110.47616
2021-12-07,193.57,204.1,187.26,190.19,1939707.91,0.00017126,0.0002570866666666667,0.00033108928571428574,0.00042112533333333343,7.432807365546245e-05,0.00016487214330474724,0.000312170180485511,-0.6487412630556143,-1.1165571514101091,-1.01631053623547,0.6823814515714625,1.1611944728880863,1.0151835151082356,36.609228971588394,37.114159725200395,40.22413448023764,206.92200000000003,213.4204,111.232485
2021-12-08,190.24,196.27,183.5,194.61,1670677.66,0.00030000000000000003,0.0002570866666666667,0.00033108928571428574,0.0003797586666666668,7.432807365546245e-05,0.00016487214330474724,0.00023008787451352068,0.7001661309262283,-0.17864666722107564,-0.6734084569699268,0.5177641569764977,1.0583822952241668,1.0155737066979185,15.90468810516984,44.99684200971763,42.2519329892143,206.314,214.19699999999997,112.04942499999999
2021-12-09,194.61,196.6,178.64,181.11,1664934.25,0.00030000000000000003,0.0002570866666666667,0.0003091878571428571,0.0003553656666666668,7.432807365546245e-05,0.00014457115906537336,0.0001946383473696032,0.44713593305662674,-0.17864666722107564,-0.6475864603108368,0.6460477022286233,1.001744549977604,1.0201817434089862,7.206913419125328,37.98100949480949,40.009176416180985,204.016,214.2848,112.83229499999999
2021-12-10,181.08,184.6,167.0,167.39,1862906.9,0.00030000000000000003,0.00030000000000000003,0.00027613428571428576,0.0003259170000000001,0.0,6.249979664133923e-05,0.00011595880880275653,0.4471359330566258,-0.17864666722107564,-0.6364185792666344,0.8166583135842518,1.0406080698505111,1.0387891276869985,8.323917137366749,39.23255613821797,38.70251877017286,199.902,213.8226,113.51216499999998
2021-12-11,167.39,173.8,161.33,172.15,1541656.11,0.00030000000000000003,0.00030000000000000003,0.00027613428571428576,0.0003206380000000001,0.0,6.249979664133923e-05,0.00011329527690183996,0.4471359330566258,-0.15865532771069263,-0.6364185792666344,0.967066267017354,1.0093423961989287,1.0337249701470037,19.58191126250631,41.46846772140503,36.749103121506394,194.13600000000002,213.33980000000003,114.22305
2021-12-12,172.15,176.85,167.64,172.8,976615.96,0.00030000000000000003,0.00030000000000000003,0.00027613428571428576,0.0003206380000000001,0.0,6.249979664133923e-05,0.00011329527690183996,0.0,-0.15865532771069263,-0.6364185792666344,0.9956562296259376,0.9838022786173858,1.0308870471428224,22.707322706955594,37.69956778642694,37.324811334881765,188.056,212.84080000000003,114.9099
2021-12-13,172.83,172.83,148.04,155.21,2470231.82,0.00030000000000000003,0.00030000000000000003,0.00027613428571428576,0.0003165520000000001,0.0,6.249979664133923e-05,0.00011169102502758612,0.0,-0.15865532771069263,-0.6248913758806374,1.1084728778113255,1.0482278608331939,1.0654967231540287,16.94535424906293,30.84038883628743,35.01282190162158,182.412,211.90219999999997,115.51721500000002
2021-12-14,155.2,163.35,149.6,161.26,2151408.98,7.487000000000002e-05,0.00022495666666666667,0.00026005357142857145,0.0003090476666666668,0.00012997886610265611,8.185278000132316e-05,0.00012008882300862943,-1.7886767245290034,-1.5935438712107166,-1.16515154516785,1.2563861475440226,1.0410515392388733,1.0491395563263892,26.16576042151401,31.702407679458204,39.04686078211506,178.471,210.9334,116.17857
2021-12-15,161.25,182.64,156.81,178.52,3328550.89,0.00030000000000000003,0.00022495666666666667,0.00026005357142857145,0.0003088433333333335,0.00012997886610265611,8.185278000132316e-05,0.00012009917336795826,0.44716918113225,0.03699690109207254,-0.5853624780638541,1.4580761205403985,1.1427679854762474,1.0748983124520481,39.05888752852794,29.508589692039067,42.805781004841755,176.68,210.5068,116.93423000000001
2021-12-16,178.53,189.0,174.37,176.86,2482901.38,0.00027386,0.00021624333333333334,0.00025818642857142855,0.0003079720000000001,0.0001231285484091009,8.11667333907779e-05,0.00012026026148484181,0.24500680822620569,0.044727743082870655,-0.6260996741843978,1.4575797300204978,1.0861400030313302,1.074665542990966,46.55535743179464,26.938709152676708,46.491397641097336,175.01,210.35420000000002,117.67559000000001
2021-12-17,176.89,182.5,167.88,175.51,2308612.94,0.00030000000000000003,0.00029128666666666667,0.0002581864285714286,0.0003079720000000001,1.5091936036555649e-05,8.11667333907779e-05,0.00012026026148484181,0.51059849633407,0.41832838350025364,-0.5498608998619979,1.4620114959083788,1.0859010468043153,1.0736910327966445,58.23195458149305,32.3569615305087,41.712545878725415,173.542,209.95600000000002,118.38939
2021-12-18,175.48,184.24,170.96,182.78,1218448.99,0.00030000000000000003,0.00029128666666666667,0.0002728564285714286,0.0003079720000000001,1.5091936036555649e-05,6.65790308414832e-05,0.00012026026148484181,0.51059849633407,0.41832838350025364,-0.5295849480580059,0.8675513516149476,1.0860352597042928,1.077579995335977,60.25467875666258,40.938101508891585,42.87758021614529,172.35899999999998,209.6034,119.14859999999999
2021-12-19,182.78,189.43,177.99,179.93,1217882.6,0.00030000000000000003,0.00030000000000000003,0.0002728564285714286,0.0003079720000000001,0.0,6.65790308414832e-05,0.00012026026148484181,0.446831367082259,0.41832838350025287,-0.5190104321193713,0.9542648667506582,1.0825621846826008,1.0329092037028935,56.59818619212255,41.522811343422404,39.22086778573942,172.241,209.28799999999998,119.87827999999999
2021-12-20,179.9,181.18,168.49,173.9,1448185.8,0.00030000000000000003,0.00030000000000000003,0.0002728564285714286,0.0003079720000000001,0.0,6.65790308414832e-05,0.00012026026148484181,0.44683136708225435,0.41832838350025364,-0.49328585225555643,0.5288265273861559,1.081172770410653,1.01901320049898,72.00376736401216,40.21695859816578,40.76551632430717,172.892,208.7162,120.54977000000001
2021-12-21,173.9,182.54,170.27,179.63,1302766.6,0.00030000000000000003,0.00030000000000000003,0.00028205214285714287,0.0003061326666666668,0.0,6.00365647787125e-05,0.00011993487419347563,0.0,0.41832838350025364,-0.4729010709913298,0.6129717144169521,0.990515872331665,1.019504659287475,71.79122182561674,44.865810967883974,40.6524633816519,173.64,208.23080000000002,121.26123000000001
2021-12-22,179.62,187.55,177.05,178.4,1379639.45,0.00030000000000000003,0.00030000000000000003,0.0002820521428571429,0.00030613266666666683,0.0,6.00365647787125e-05,0.00011993487419347563,0.0,0.41832838350025364,-0.44673389724951656,0.6117387501487481,0.9825361708646287,1.019342851651802,49.770290963444126,41.86653286443941,43.51482326053858,174.2,207.38240000000002,121.95506499999999
2021-12-23,178.38,193.5,175.64,190.03,1726907.3,0.00030000000000000003,0.00030000000000000003,0.00028205214285714287,0.00030613266666666683,0.0,6.00365647787125e-05,0.00011993487419347563,0.0,0.41832838350025364,-0.4372264419445878,0.7517318945752477,0.9558226639564401,1.0302674969280619,68.2460515364984,54.56125997058308,45.42324641880653,177.682,206.31560000000002,122.69418999999999
2021-12-24,190.08,197.55,184.14,190.36,1657463.56,0.00030000000000000003,0.00030000000000000003,0.00028205214285714287,0.0003061326666666668,0.0,6.00365647787125e-05,0.00011993487419347563,0.0,0.3360451372816274,-0.4124562075600139,0.7158950430286019,0.9314594549882655,1.0259422664028364,71.1719418292039,63.609432396148215,49.48659156545428,180.592,205.1814,123.454815
2021-12-25,190.37,195.0,189.08,193.1,1047151.86,0.00030000000000000003,0.00030000000000000003,0.00028205214285714287,0.0002959120000000001,0.0,6.00365647787125e-05,0.00010566015114828481,0.0,0.3360451372816274,-0.3911146543060868,0.5318811431016486,0.9301453698635183,1.0199731400071617,66.89587426172801,62.7170086185771,50.088652481578755,182.05,204.3222,124.21409
2021-12-26,193.03,200.59,190.22,197.81,1539530.03,0.00030000000000000003,0.00030000000000000003,0.0002820521428571429,0.00028048700000000016,0.0,6.00365647787125e-05,5.83387945183204e-05,0.0,0.3360451372816274,-0.3636475727014869,0.5201248834847139,0.9338056152484118,1.0019946624792324,77.59259259091623,64.46835589389963,49.279279278588675,184.145,203.1096,124.99297999999999
2021-12-27,197.85,204.75,194.71,195.67,1218499.7,0.00030000000000000003,0.00030000000000000003,0.00028205214285714287,0.0002804870000000001,0.0,6.00365647787125e-05,5.83387945183204e-05,0.0,0.24936341341617688,-0.36364757270148645,0.5392807939209302,0.9316746363733021,0.9923368979528383,88.17958610797172,78.50098619174553,47.87952049897218,186.161,202.02939999999998,125.765805
2021-12-28,195.68,195.68,176.2,177.32,1997243.2,0.00030000000000000003,0.00030000000000000003,0.0002981328571428572,0.0002804870000000001,0.0,6.986208862803153e-06,5.83387945183204e-05,0.0,0.24936341341617688,-0.3636475727014869,0.9381355315437743,1.018147110784682,1.0194335859317467,47.19183077964905,59.6421709884306,42.6547422917419,185.615,200.61059999999998,126.47162
2021-12-29,177.28,180.62,170.01,170.63,1540603.75,0.00030000000000000003,0.00030000000000000003,0.0002981328571428572,0.0002804870000000001,0.0,6.986208862803153e-06,5.83387945183204e-05,0.0,0.24936341341617688,-0.36345797189351997,0.9400773002397381,0.9852145878830787,1.02200939916741,41.661300707680546,44.57433640403789,35.044981299413095,184.685,199.2424,127.14238999999999
2021-12-30,170.65,175.74,168.17,172.52,1022709.31,0.00030000000000000003,0.00030000000000000003,0.00030000000000000003,0.0002804870000000001,0.0,0.0,5.83387945183204e-05,0.0,0.24936341341617688,-0.3522481606078545,0.9289262739748109,0.9253625677526378,1.01850344582818,26.24151967385704,47.02495201445249,34.415186772319046,184.547,198.03100000000003,127.81146000000001
2021-12-31,172.53,177.65,167.67,169.99,1026603.34,0.00030000000000000003,0.00030000000000000003,0.00030000000000000003,0.0002804870000000001,0.0,0.0,5.83387945183204e-05,0.0,0.24936341341617688,-0.3278587399571937,0.8014695321788686,0.9198407466906845,1.0186441079104218,23.918053776779956,46.27630868773898,38.200974282842644,183.58300000000003,196.7634,128.46294
2022-01-01,170.01,179.2,169.93,179.06,634599.39,0.00030000000000000003,0.00030000000000000003,0.00030000000000000003,0.0002804870000000001,0.0,0.0,5.83387945183204e-05,0.0,0.24936341341617688,-0.29636325541231817,1.0741311211723892,0.9469312999337745,1.0069346884098902,34.530630233050445,47.55005268616215,43.81263242213437,183.649,195.775,129.16056
2022-01-02,179.06,179.53,174.31,176.35,620087.38,0.00030000000000000003,0.00030000000000000003,0.00030000000000000003,0.0002804870000000001,0.0,0.0,5.83387945183204e-05,0.0,0.24936341341617688,-0.2641916587829096,0.6581708732792921,0.8156561941377196,0.9750376782514316,25.265099123612615,47.63789918096208,44.199884459134836,182.281,194.4702,129.84367
2022-01-03,176.34,176.49,166.59,170.15,1031316.43,0.00030000000000000003,0.00030000000000000003,0.00030000000000000003,0.0002873330000000001,0.0,0.0,4.6656195741007674e-05,0.0,0.22322489572928045,-0.2641916587829094,0.6446045500052443,0.8214062384407254,0.9765080434602715,23.102866778748506,47.53127057186908,43.36564076335417,180.26,193.1004,130.498095
2022-01-04,170.14,173.93,166.47,167.72,1041332.63,0.00030000000000000003,0.00030000000000000003,0.00030000000000000003,0.0002873330000000001,0.0,0.0,4.6656195741007674e-05,0.0,0.22322489572928045,-0.2448708338983667,0.6394818233630993,0.6921588179847386,0.9717467553378526,34.771573603288715,41.80316586292465,43.597925807042714,177.722,191.69079999999997,131.152595
2022-01-05,167.74,171.32,144.92,154.52,1659848.17,0.00030000000000000003,0.00030000000000000003,0.00030000000000000003,0.0002873330000000001,0.0,0.0,4.6656195741007674e-05,0.0,0.0,-0.2448708338983667,0.9222534907178873,0.7698816595955079,0.9591008550444874,28.81935314172567,35.889860552466956,39.12194063000195,173.393,190.40040000000002,131.749245
2022-01-06,154.48,154.8,145.98,150.26,1575071.3,0.00030000000000000003,0.00030000000000000003,0.00030000000000000003,0.0002916243333333334,0.0,0.0,4.1215272837216664e-05,0.0,0.0,-0.2448708338983667,0.5294238804759933,0.7752057972049755,0.9581445992695162,22.450495049115943,24.258899675935766,41.187225046475895,168.852,189.0268,132.32425999999998
2022-01-07,150.28,150.72,133.08,136.45,2719397.3,0.00030000000000000003,0.00030000000000000003,0.00030000000000000003,0.0002916243333333334,0.0,0.0,4.1215272837216664e-05,0.0,0.0,-0.21018742789833708,0.6837763858127844,0.8300286707536229,0.9823410426696387,17.55030959728549,20.290973216924854,41.16605755987172,164.76500000000001,187.8556,132.87356
2022-01-08,136.43,148.11,133.0,142.14,2695415.51,0.00030000000000000003,0.00030000000000000003,0.00030000000000000003,0.0002916243333333335,0.0,0.0,4.1215272837216664e-05,0.0,0.0,-0.16412917379324435,1.0551582481306834,0.8631111763496031,0.9876909923382232,11.780538302106692,22.801024764817242,41.47685316605432,161.916,186.3934,133.44947
2022-01-09,142.1,145.71,137.83,140.82,1435153.15,0.00030000000000000003,0.00030000000000000003,0.00030000000000000003,0.0002916243333333335,0.0,0.0,4.1215272837216664e-05,0.0,0.0,-0.09966046960662324,1.065428824346287,0.857283656291723,0.9868218099845003,12.12960989110016,18.440580351912544,40.95178813878075,158.74599999999998,184.8572,133.999385
2022-01-10,140.82,143.86,130.0,135.86,1894512.51,0.00030000000000000003,0.00030000000000000003,0.00030000000000000003,0.0002916243333333334,0.0,0.0,4.1215272837216664e-05,0.0,0.0,-0.07146767245746058,0.9459107520860522,0.8410071471928063,0.9888225229350096,12.45894460239279,17.882074964826174,44.103845449914736,155.333,182.9642,134.52298000000002
2022-01-11,135.84,143.5,133.58,140.2,1328579.57,0.00030000000000000003,0.00030000000000000003,0.00030000000000000003,0.0002916243333333334,0.0,0.0,4.1215272837216664e-05,0.0,0.0,-0.07146767245746058,1.0622143383579434,0.8628601576847343,0.993326666387451,21.080285834074033,26.536030340870397,43.515211232160105,151.447,181.4564,135.08077500000002
2022-01-12,140.19,153.39,138.22,151.51,1946788.76,0.00030000000000000003,0.00030000000000000003,0.00030000000000000003,0.0002916243333333334,0.0,0.0,4.1215272837216664e-05,0.0,0.0,-0.048427847457242386,0.8467536143621041,0.8888271107487338,1.0034047499774783,46.706062595038404,38.58098423251297,41.366745508432984,148.96300000000002,180.0516,135.68983500000002
2022-01-13,151.5,157.8,145.41,146.14,1984121.59,0.00030000000000000003,0.00030000000000000003,0.00030000000000000003,0.00029912866666666676,0.0,0.0,4.7724892165482195e-06,0.0,0.0,-0.048427847457242386,0.9324672353665853,0.892826645461868,1.0057808231998109,45.59829059760856,34.873853210449255,40.408392655719084,146.56199999999998,178.8604,136.26104999999998
2022-01-14,146.13,150.56,141.84,146.17,1428145.3,0.00030000000000000003,0.00030000000000000003,0.00030000000000000003,0.00029912866666666676,0.0,0.0,4.7724892165482195e-06,0.0,0.0,-0.04721692623621042,0.9220832469420616,0.8864946869826489,1.0058733542589684,64.71835251225613,35.93860684710371,40.763128068793996,144.40699999999998,177.58440000000002,136.826895
2022-01-15,146.18,149.49,143.9,147.64,865014.75,0.00030000000000000003,0.00030000000000000003,0.00030000000000000003,0.00030000000000000003,0.0,0.0,0.0,0.0,0.0,-0.04721692623621106,0.8007734752812009,0.8768758516666807,0.9886567793522595,59.54861110966376,29.623865109708504,38.5178408044187,143.719,176.68880000000001,137.395245
2022-01-16,147.61,151.96,146.09,147.98,964270.14,0.00030000000000000003,0.00030000000000000003,0.00030000000000000003,0.00030000000000000003,0.0,0.0,0.0,0.0,0.0,-0.04721692623621042,0.7902200616148721,0.8797605074763121,0.9887856958136679,62.86843996966184,31.018332663676887,39.38608730243649,143.49099999999999,175.7936,137.957595
2022-01-17,147.98,148.29,137.02,139.8,1297654.14,0.00030000000000000003,0.00030000000000000003,0.00030000000000000003,0.00030000000000000003,0.0,0.0,0.0,0.0,0.0,-0.04721692623621106,0.5526567856015573,0.8188272721098374,0.9587587897915769,56.34664948326539,30.217703036862133,38.831390016319084,143.82599999999996,174.57580000000002,138.49024
2022-01-18,139.81,142.77,134.39,141.22,1254337.17,0.00030000000000000003,0.00030000000000000003,0.00030000000000000003,0.00030000000000000003,0.0,0.0,0.0,0.0,0.0,-0.04721692623621042,0.5409261638967902,0.8148260724869334,0.9233793105023956,51.813655759734395,32.49669748949147,37.0542635651921,143.73399999999998,173.3184,139.02634
2022-01-19,141.32,142.7,132.77,135.25,1175171.39,0.00030000000000000003,0.00030000000000000003,0.00030000000000000003,0.00030000000000000003,0.0,0.0,0.0,0.0,0.0,-0.04721692623621106,0.6117372279129543,0.8215401839472574,0.9265045809798658,14.310798946004468,35.92814371184021,35.90698281990632,143.177,171.8528,139.5301
2022-01-20,135.23,143.83,126.01,127.54,1464593.98,0.00030000000000000003,0.00030000000000000003,0.00030000000000000003,0.00030000000000000003,0.0,0.0,0.0,0.0,0.0,-0.036438107004497323,0.6313541761974882,0.8452978934293005,0.9200444248978455,12.977707006007762,34.20467185695374,29.05409934918984,142.34499999999997,169.80739999999997,139.99640000000002
2022-01-21,127.54,128.73,106.11,112.27,4523020.69,0.00024765000000000003,0.00028255000000000006,0.0002962607142857143,0.0002982550000000001,3.0224286592047925e-05,1.3991126013722074e-05,9.557758627875883e-06,-1.788090620448122,-4.244902838107728,-0.64583281026861,0.9386104157441043,0.919239270610958,0.9547825880315236,8.002973240693692,33.52412101326064,26.208031198139153,139.552,167.3808,140.39321
2022-01-22,112.24,114.89,87.73,94.54,6455608.98,0.00017091,0.00023952,0.00028704000000000007,0.0002939520000000001,6.492788076010731e-05,3.62186609358903e-05,2.5125479223203554e-05,-1.6389115103703809,-3.924417827832271,-1.4991060017209783,1.3714807293401632,1.1153735883686524,1.028799294156033,3.1084422465175408,22.137672675825414,22.484645449118034,133.855,165.0386,140.69477999999998
2022-01-23,94.57,104.82,93.25,99.78,3561751.04,-0.0005143600000000001,-3.193333333333335e-05,0.0002288714285714286,0.00026680666666666677,0.00041955199133520386,0.00021692911440079733,0.00014965858142916845,-1.768043732502719,-4.188575237465926,-5.891763196648189,1.6516820134326167,1.1726435393613215,1.0307685829749502,10.825747724194102,27.03156480817276,22.71335522984134,129.219,163.0208,141.010315
2022-01-24,99.74,99.83,80.83,91.93,6990036.71,-0.00014539000000000002,-0.00016294666666666672,0.00019705785714285715,0.00025196033333333345,0.0003429721863844595,0.00023738965459857021,0.00016730366002719275,-0.4606301760680487,-1.8458999996007355,-2.984591750845526,1.6284478369574644,1.1943423529648927,1.0416510863250397,10.884131393894094,26.184538652969096,22.013596632882056,123.795,160.9308,141.30425499999998
2022-01-25,91.94,99.95,87.41,94.67,3482711.32,-0.00025163,-0.00030379333333333333,0.00015765571428571432,0.00023357266666666676,0.00018993545017541598,0.000263349479668647,0.00019054161920117307,-0.4895677639304054,-1.9833329239780897,-3.589539017091997,1.8750223457014554,1.196093550364912,1.0303917541427114,12.765957446665539,24.881385854189176,25.652506922336485,118.498,158.953,141.61103
2022-01-26,94.65,104.43,89.19,92.12,4501340.69,-0.00045305,-0.0002833566666666667,0.00010386642857142859,0.00020847100000000008,0.00015626453511061842,0.0003055615111084312,0.00022750615273754032,-0.784499796506779,-2.2885647006571763,-4.136475661941663,1.733987417457195,1.1960605903773847,1.0305237371494704,13.504823150965422,13.729082691838016,26.293858324333442,112.912,156.9916,141.913165
2022-01-27,92.11,94.6,85.71,89.51,3530017.76,-0.00053153,-0.00041207,4.4471428571428585e-05,0.00018075333333333342,0.0001443797866739169,0.0003430242648034463,0.0002637389178757804,-0.8873920751494613,-2.11809026176069,-3.889571129524451,1.0226368817717357,1.1519890527275933,1.0227221886613047,14.780514909976901,14.208064719758667,25.04359328921818,107.883,154.8896,142.19980500000003
2022-01-28,89.51,93.55,87.21,91.34,2647317.17,-0.00042509000000000004,-0.00046989,-7.3207142857142784e-06,0.00015658366666666676,5.5182040556746046e-05,0.0003559702365143113,0.0002848163038180285,-0.402955780801362,-1.554774977091176,-3.0189253197310926,0.8541805206290751,1.1339215263260936,1.0233865190083722,24.1923551167217,16.11667284609362,26.25445323305648,102.89500000000001,153.0942,142.502655
2022-01-29,91.35,98.93,90.5,96.13,2050891.76,2.6470000000000002e-05,-0.00031005000000000003,-2.6858571428571422e-05,0.0001474660000000001,0.0002962543690817144,0.00034514702793171875,0.0002844448220487299,1.5886479291746176,-0.1379509479823778,-0.8747811059330383,0.6793140522680761,1.1756412425697707,1.0321977319322222,52.87939152346918,19.423008428977866,24.29802268599741,98.98299999999999,151.66899999999998,142.837625
2022-01-30,96.15,97.6,91.38,93.29,1258037.51,-0.00025005000000000003,-0.00021622333333333335,-6.614785714285714e-05,0.0001291310000000001,0.00022767255199812069,0.0003362703740508141,0.0002919036230457412,0.34409827692238865,-0.8979639572151482,-2.046853341244877,0.7051997904549884,1.174299693864546,0.9952941006379885,37.128123759381594,18.47111726016533,24.27845906064671,95.558,150.0918,143.14725
2022-01-31,93.26,101.4,89.18,99.49,2414101.55,-0.00041663000000000003,-0.00021340333333333332,-0.0001173357142857143,0.00010524333333333342,0.0002238116085759113,0.00033074527302194703,0.00030640092422805267,-0.44618849471728694,-1.2608190482450568,-2.584127669747043,0.8383877722612433,1.2092303353973637,1.011559137954681,66.04414261263875,26.218289085112588,28.1184194222796,94.28,148.6256,143.50197500000002
2022-02-01,99.5,113.66,99.02,110.02,4190507.65,-0.00010863,-0.0002584366666666667,-0.00014652357142857145,9.162233333333343e-05,0.00015417117802409572,0.00030835560392324275,0.0003065272648578804,0.6435744163058904,-0.29078430630016,-1.2350626418890474,0.939357022678557,1.2472812053692943,1.0279161259397498,74.48165869052195,33.37950138454366,32.98537390839607,95.828,147.7218,143.92072
2022-02-02,109.99,112.35,96.99,101.88,4863358.1,-0.00011401,-0.00021309,-0.0001760957142857143,7.782200000000011e-05,0.00017629133501112187,0.000280865693299335,0.00030614172329278874,0.3488490496328422,-0.25026979883463646,-1.228322973576746,1.394028170675607,1.271822656369375,1.0355512951942794,63.21061180172583,32.62522128453945,33.99999999942126,96.038,146.5342,144.29611
2022-02-03,101.91,103.13,94.0,101.77,3886563.56,-7.559e-05,-9.941000000000001e-05,-0.0002029235714285714,6.530233333333343e-05,2.0803374726287994e-05,0.0002478942057723074,0.0003044174653977399,0.8279202393641671,-0.07522101553345639,-1.035703628261716,1.3650490876613146,1.2714802139429193,1.035540496496328,67.79907084647331,35.429153001813845,34.87995010852718,97.022,144.9992,144.671595
2022-02-04,101.83,112.81,100.28,112.62,4186388.28,-0.00026375,-0.0001511166666666667,-0.00023945214285714286,4.651066666666676e-05,9.941692478313866e-05,0.0002113823702778315,0.00030682065103734016,-0.4747427885639941,-0.6018933212645599,-1.7283490382399813,1.459431454036212,1.3665210589078218,1.071838361245952,74.48228255747499,50.20830853386155,42.42963339399706,98.817,143.71439999999998,145.11215
2022-02-05,112.63,118.6,110.22,113.75,2649019.14,0.00025279,-2.8850000000000007e-05,-0.0002336035714285714,4.49370000000001e-05,0.0002614227679449547,0.00022434501964629938,0.0003055943036135053,1.6532200480172372,1.1106632142518937,0.3388134891181775,1.4425477229262358,1.368624399787026,1.0726340923547852,72.1356783906911,64.24862779869534,40.71190211271351,100.97999999999999,142.4792,145.56353
2022-02-06,113.74,116.06,111.09,115.28,1561795.12,0.00023195,7.366333333333332e-05,-0.0001802957142857143,4.266866666666677e-05,0.0002923942450414061,0.00024058114107665805,0.00030388353268897113,0.9949106606860125,1.0677095602294286,0.26028377674182857,1.20883677247644,1.358380415456382,1.0711463622753525,78.56586126123678,62.1664050221816,41.655776266880316,103.55699999999999,141.1292,146.00643
2022-02-07,115.26,121.93,112.69,117.55,2730695.8,5.5610000000000005e-05,0.00018011666666666666,-0.0001659385714285714,3.4522333333333435e-05,0.00010832824623953204,0.00024868547051234144,0.0002999981621976088,0.0710698557426662,0.5380666866691525,-0.4319939822601642,0.7893609990558171,1.3615929381986187,1.0614796778026823,76.12847222068027,72.0406056417609,43.91087462505519,106.178,139.8816,146.455685
2022-02-08,117.57,120.36,109.66,113.45,2811497.5,-0.0004081,-4.018000000000001e-05,-0.00017711500000000001,1.0919000000000097e-05,0.0003306021683232004,0.00025623432529167694,0.0003061828752880277,-1.284366552839653,-0.9883823908760083,-2.1618096499669455,0.9466343803642621,1.3582931071989384,1.0487170920112083,56.096693919684775,65.78681909730832,41.089867429784476,107.91000000000001,138.6726,146.880355
2022-02-09,113.44,117.08,109.4,113.93,2114411.38,-1.4840000000000014e-05,-0.00012244333333333334,-0.00014581428571428572,4.24333333333428e-07,0.00024988116982545115,0.00024651496262010757,0.00030128930999132086,-0.1436111563472594,0.5169962417112037,-0.6213936393468473,0.41746318808925503,1.3403589853178188,1.0455070256114556,79.4333170466242,68.99494861354133,36.50919011988638,109.974,137.3586,147.306925
2022-02-10,113.96,115.38,105.68,106.17,2781581.77,-0.00026019,-0.00022771000000000003,-0.00012643285714285715,-1.8248666666666575e-05,0.000198631743938384,0.00022344357113934855,0.00029943602298357266,-0.7101248671694995,-0.3506105354449373,-1.5073583708106721,0.7313780938995313,1.260550323731634,1.0568290106801184,57.82361308533156,63.31521738988745,35.89327309874709,110.64200000000001,135.914,147.696535
2022-02-11,106.18,108.14,95.14,96.53,2537227.68,-0.00017976,-0.00015159666666666669,-0.00010890928571428572,-3.424066666666657e-05,0.00012507611935671918,0.0002072531006899367,0.00029462585268182854,-0.09799818150366282,0.05454327060195064,-1.1616656793680524,0.925824329077568,1.0945653635897186,1.0501655280053417,20.104050538310176,53.68765098656868,33.59333685818309,109.293,134.04399999999998,148.038265
2022-02-12,96.53,99.79,92.8,95.96,1803930.67,-0.0001195,-0.00018648333333333336,-0.00011933571428571427,-4.82239999999999e-05,7.058556108253757e-05,0.00020355734159855293,0.0002880980269785864,0.5188310465420559,0.2442302635889482,-0.9161460328306785,0.8056957679633342,1.0685489952870855,1.0437876327350815,16.242884250042877,49.87150415616296,32.81686394406246,108.701,132.15599999999998,148.37755
2022-02-13,95.98,97.36,91.35,92.85,1216083.38,-0.0006487999999999999,-0.00031602,-0.00014781785714285714,-7.985066666666658e-05,0.00028976665301584426,0.0002466002118090622,0.0003003697673837194,-1.6629905679603407,-1.866485685078487,-2.6668887989508625,0.8074613188545812,1.0173660773169804,1.0079503432856907,9.846043680383389,49.668774464475504,32.00130590865423,107.809,130.151,148.702425
2022-02-14,92.85,97.99,90.72,96.37,1792721.3,-0.0001053,-0.0002912,-0.00012557999999999997,-9.336066666666657e-05,0.0003097720613612603,0.00023422148065450495,0.0002916849655190919,0.7017562358222884,0.3514035202258364,-0.7322759282243002,0.9990558100746635,1.0221801109576147,1.0149095867715898,13.708019190898057,47.55255726284008,35.376119603346666,106.184,128.1222,149.0281
2022-02-15,96.39,105.77,96.38,105.52,2362223.45,-7.579e-05,-0.00027663,-0.0001232342857142857,-0.0001058869999999999,0.00032264623304790693,0.0002345684801343013,0.00028212202652274265,0.6265403957880648,0.4070361585467076,-0.6072767297103701,1.343670049147504,1.082207180820506,1.044938155384374,38.416593630531935,46.39191789504572,38.57380617009341,105.36099999999999,126.3192,149.39393
2022-02-16,105.52,105.6,98.27,101.86,2123159.11,0.00028325000000000003,3.40533333333333e-05,-9.485857142857143e-05,-0.00010644533333333325,0.0002163144563669619,0.0002585704315850877,0.00028130645294254306,1.2506753707211744,1.7244342644272566,0.6555982404788433,1.0199729644587423,1.0866979710904638,1.0396431929569632,33.86794974542347,49.98272287370463,39.152751607370355,104.019,124.81,149.71950999999999
2022-02-17,101.85,102.82,92.33,93.52,2001081.3,0.00020798000000000002,0.00013848,-7.46035714285714e-05,-0.00010951266666666658,0.000189341273630447,0.00027100367543935085,0.00027719341677423954,0.7515412992010254,1.2744001389509247,0.397569713115849,1.3204655124195699,1.1527097079398325,1.0562046809335024,33.35088181038837,43.760399333515885,38.99314093367943,101.61600000000001,123.2678,150.016285
2022-02-18,93.55,96.37,89.31,89.86,2010076.65,5.6699999999999915e-06,0.00016563333333333334,-5.535928571428571e-05,-0.00011932366666666657,0.00014355345427168533,0.0002660597932641212,0.0002672289648311002,-0.33135458122446326,0.4402001626434971,-0.29970466178687216,1.3351290438842562,1.1425123629550207,1.057094600582788,39.58138081762865,30.685675491463684,42.16049814511964,99.257,121.61460000000001,150.29975000000002
2022-02-19,89.86,92.75,88.6,91.27,1285578.14,5.584e-05,8.982999999999996e-05,-6.942714285714286e-05,-0.00012746233333333325,0.00010535095680628787,0.0002534197204222469,0.0002575609138220303,-0.26833431303603383,0.5859770326998149,-0.1082146967257702,1.2821647953051982,1.1386941418823722,1.0536239770323437,42.86149162770158,31.01351351278008,48.70863280833754,96.991,120.04019999999998,150.585575
2022-02-20,91.27,94.5,85.56,90.72,2559473.54,0.00011064000000000001,5.73833333333333e-05,-7.809214285714286e-05,-0.00013202933333333325,5.2502015516873397e-05,0.0002442295662873145,0.0002518311448095344,-0.1953992199007273,0.7336609094355898,0.09837835610568556,0.7305345664062454,1.1000327892854254,1.053647372369418,46.48398811381516,28.907591892125197,46.28444881783467,95.446,118.2734,150.86037499999998
2022-02-21,90.7,96.14,82.62,82.96,4063082.8,-7.717999999999999e-05,2.976666666666664e-05,-8.757714285714286e-05,-0.00014029899999999993,9.658650078211918e-05,0.00024119735128753076,0.00024553484389780564,-1.2811413658954243,-0.08781466083902839,-0.5518168190466913,0.8930960818618078,1.0492229431989486,1.0541762149987697,30.582102518928238,22.853555171370346,46.31864072781997,94.089,116.40559999999999,151.08841
2022-02-22,82.95,87.56,81.06,86.38,2835554.36,-0.00072483,-0.0002304566666666667,-0.00011020071428571428,-0.0001473146666666666,0.0004383181865190368,0.00028453482248598586,0.00025921710367861334,-1.7518831882983672,-2.3214293376944863,-2.650185193418646,0.9665977569650315,1.0339737297407037,1.061988153135388,16.770833332925704,28.52609868253313,46.616602725242615,93.131,114.73020000000001,151.322685
2022-02-23,86.39,93.4,84.38,84.59,3193694.1,-0.00026541,-0.0003558066666666667,-0.00012809857142857142,-0.00015131533333333322,0.00033315356614230994,0.00028595217972608375,0.0002601110069225976,-0.25273147511014143,-0.6072013240128191,-1.0621250447662736,0.9366637631150312,1.0348079302968671,1.0599053497780837,17.935388042608437,27.199253962728022,46.90759753485551,92.30499999999999,113.0676,151.54829
2022-02-24,84.58,93.9,75.35,89.36,7497540.08,0.00023882,-0.00025047333333333335,-9.245499999999998e-05,-0.0001349669999999999,0.00048199860853879783,0.00029902238559755055,0.0002688544566931741,1.0148243113365025,1.093331195850069,0.6391855972403243,1.090099052580362,0.955468324139019,1.069374206404942,41.09589040972744,36.299918499579135,49.93947219643426,91.604,111.76440000000001,151.80684
2022-02-25,89.35,95.0,86.86,92.71,3691896.58,0.00020940000000000002,6.0936666666666635e-05,-6.465785714285713e-05,-0.00011288533333333324,0.0002830070568613687,0.00030822865813393083,0.0002690329221839575,0.8423568883821482,1.0061211206245262,0.5470268458001598,1.143743133333985,0.9737830899010376,1.0764698708511964,56.18221257963871,46.53105702751282,50.54612134145316,90.323,110.6134,152.07716
2022-02-26,92.73,95.49,89.23,90.23,2279602.17,-0.00010957,0.0001128833333333333,-6.394857142857142e-05,-9.881999999999991e-05,0.00019321101995831762,0.0003081041495702488,0.0002571592361781176,0.05253804823153927,-0.06779984097538037,-0.5116270590028329,0.7248635229609517,0.9702942662317364,1.0553729340013827,47.8441127680974,44.97103738699387,47.60396361165294,89.16,109.68900000000002,152.32511
2022-02-27,90.25,92.19,84.08,85.63,2593533.97,-8.537999999999999e-05,4.816666666666653e-06,-2.3704285714285705e-05,-8.749633333333324e-05,0.00017758672313361316,0.0002586651901802361,0.0002496671624173451,-0.38000122759189825,0.047271596465080896,-0.40973906632651125,0.8681882603869394,0.9736551384392929,1.0581345794772181,40.96556620416485,43.82483749467405,46.93305573245185,88.371,108.55879999999999,152.545155
2022-02-28,85.61,103.0,84.17,99.68,4212075.57,-2.053999999999999e-05,-7.183000000000001e-05,-1.764999999999999e-05,-8.906333333333324e-05,4.603571548267781e-05,0.00025759820215567273,0.0002490740250349586,-0.4049467846270001,0.22353260823552284,-0.17112414248961005,1.5263234950899087,1.2031436729985632,1.1312312504218418,74.2600116061526,52.398898390007844,50.07157387071348,89.353,107.736,152.838045
2022-03-01,99.67,102.03,94.21,98.66,3665336.76,0.00030000000000000003,6.469333333333332e-05,9.192142857142871e-06,-7.072833333333324e-05,0.0002063443164551278,0.0002703378360546965,0.0002569359662758032,1.3067299244551334,1.326089146534701,0.9316233907547664,1.5419373714430626,1.202262928323526,1.1311471964991484,69.15159076580143,44.364114359807594,45.390358706970524,90.092,106.99199999999999,153.107195
2022-03-02,98.65,106.43,96.76,100.68,4306326.64,0.00030000000000000003,0.00019315333333333332,1.0388571428571444e-05,-4.6840666666666565e-05,0.00018506385528604054,0.0002716777719979883,0.00025698111749942467,1.0816622178285216,1.1918796570780088,0.9316233907547664,1.5317387254982087,1.17256728952223,1.1232352007780817,74.91483431240505,49.00371496000329,49.48761741982438,91.08800000000001,106.2016,153.389895
2022-03-03,100.69,101.7,94.0,95.62,2595560.67,0.00030000000000000003,0.00030000000000000003,1.6961428571428585e-05,-3.321966666666657e-05,0.0,0.000277868553037262,0.00026431786799468006,0.7251785731216349,1.0782570543022005,0.9316233907547664,1.6076252649141307,1.120069115227762,1.1279274427898238,59.607120931807096,51.87701108200522,47.480540760893525,92.354,105.0838,153.60034
2022-03-04,95.63,95.94,87.0,88.32,2854970.19,0.00022142,0.00027380666666666667,3.237214285714287e-05,-2.2038666666666568e-05,4.536818415290266e-05,0.0002831271901508861,0.00026785340586341706,0.008961914011158395,0.7382881890549499,0.6682418838924545,1.7187450414813252,1.169834538944079,1.1391268022003724,43.99124007580636,48.707620005569126,39.746835442098806,92.548,103.92739999999999,153.73185999999998
2022-03-05,88.33,91.22,86.0,89.63,1495553.5,3.571e-05,0.00018570999999999998,3.093428571428573e-05,-1.8328666666666568e-05,0.00013571552637778515,0.0002830499456256264,0.000267856897212591,-1.7080041640831063,-0.018271344998719723,0.042530039967745875,0.8239676390938317,1.1650065147039192,1.1408415660433429,49.151583709434206,48.62138533846554,39.838220423731485,93.05199999999999,102.7966,153.859395
2022-03-06,89.61,89.96,84.09,84.57,1828270.57,0.00019910000000000001,0.00015207666666666663,3.725285714285716e-05,-2.9003333333332356e-06,0.0001013925363788331,0.00028593871022752784,0.00026656013064897373,-0.1122572845879841,0.5799643595222347,0.6198093654083823,0.8661107795861488,1.1748712190423098,1.1330776816954562,48.52037967521038,45.19456164926906,37.43556173713428,92.57300000000001,101.5352,153.91893
2022-03-07,84.58,86.71,79.92,81.66,3230989.34,-9.031e-05,4.8166666666666634e-05,3.6315000000000014e-05,-1.4336999999999904e-05,0.00014510655889150604,0.000286364129112388,0.0002625415420153196,-1.4176069019785273,-0.5845995268363101,-0.3718078165841912,0.6766249242337624,1.0950313765871182,1.1339014296374026,13.492706644674058,48.90091308643115,35.392755391948725,91.468,100.20880000000001,153.96341
2022-03-08,81.65,85.04,81.3,82.32,2604534.79,0.00022814,0.00011230999999999997,0.00010438428571428571,-1.44639999999999e-05,0.0001760737876573344,0.0001878306356888713,0.0002624191896972629,0.7751204948136032,0.7169184837077041,0.7563883219568766,0.7822084128576727,1.0935910241501317,1.113841566628955,16.4062499995278,46.399432421692815,36.965078300783,90.67699999999999,99.0592,153.981795
2022-03-09,82.32,89.92,81.9,88.06,3355218.73,0.00014978000000000002,9.586999999999996e-05,0.0001340407142857143,-1.1324999999999903e-05,0.00016592864942498707,0.00015483103065369526,0.0002638456464226682,0.34492836282026035,0.4125637143574594,0.49164555095273454,0.927432047558156,1.087719243073301,1.12299538447076,27.496433665504725,52.87584949322019,39.62460896678472,90.92,97.99600000000001,154.05309
2022-03-10,88.06,88.57,80.63,82.87,2828491.21,0.00013119,0.0001697033333333333,0.00012635285714285717,6.65133333333343e-06,5.14541546751358e-05,0.0001518720130407303,0.0002540707813912696,0.06057095641195983,0.3101464944349365,0.43879002079724133,1.0319863299919183,1.104798268043641,1.1305127109045185,27.369542065347602,44.65843621296261,40.45864045771267,89.239,96.9484,154.103565
2022-03-11,82.86,84.29,80.07,80.67,2528334.85,1.979e-05,0.00010025333333333328,0.00011280928571428574,7.805666666666764e-06,7.030048387695173e-05,0.00015235010956364534,0.0002540484388605055,-0.5465904162196535,-0.13792486139282084,0.05672461323770262,0.945760979362289,1.105210078784232,1.1294041851432843,33.42002600678832,39.899328858123184,43.083900225705264,87.44,96.01100000000001,154.1288
2022-03-12,80.67,82.75,80.57,81.38,1362268.13,0.00027313,0.00014136999999999996,0.000140145,2.5583000000000097e-05,0.00012697642773365367,0.00014345356615398766,0.0002533072270113816,1.1558891513460223,0.8481172795808696,0.9767789743332075,0.9110743260367474,1.107051811024287,1.1257977485462793,31.642189585129074,42.348262146649006,43.6498257829075,85.51,95.39320000000002,154.183065
2022-03-13,81.4,83.34,77.65,78.73,2009434.97,0.0002332,0.0001753733333333333,0.00016290071428571426,3.934833333333343e-05,0.00013621024716713767,0.0001295181084139654,0.0002529840205813975,0.7293268800030451,0.6243242413473613,0.8393688798576183,0.9423796580329361,1.0496293239021102,1.1060226888841607,35.443668991784136,43.826055832831855,43.82543291829009,83.821,95.07700000000001,154.21685000000002
2022-03-14,78.72,82.29,78.0,81.22,2079919.39,0.00030000000000000003,0.00026877666666666667,0.0001857964285714286,5.333166666666677e-05,3.361210545817876e-05,0.00012275082688779416,0.0002554824385230165,0.9402125093243898,1.0173459878218063,1.0824678308821194,0.6920542661535266,1.0430640206448418,1.1089800425227438,48.87983706546763,29.174187724710208,43.31480010483381,83.111,94.7058,154.24835
2022-03-15,81.23,85.99,78.72,82.84,2123603.37,0.00030000000000000003,0.0002777333333333333,0.00018579642857142857,8.495833333333342e-05,3.8566997981844967e-05,0.00012275082688779416,0.00022211491460552262,0.6333647941581978,0.9892019558260616,1.0824678308821194,0.5450982390687034,1.0441629519996325,1.1111154254732514,51.262135920588214,32.39091718509914,39.279636981376605,82.43199999999999,94.52400000000002,154.22265
2022-03-16,82.84,87.98,81.53,87.77,2638790.33,0.00030000000000000003,0.00030000000000000003,0.00018579642857142857,9.846833333333342e-05,0.0,0.00012275082688779416,0.00022246930089777047,0.6395900219234262,0.9519819339521085,1.0824678308821194,0.6373075706820966,1.047270184130713,1.1224946558023332,49.26730671882328,36.504286011894074,43.41896310021884,82.75200000000001,94.38600000000001,154.1804
2022-03-17,87.77,91.0,86.58,87.8,2616451.8,0.00030000000000000003,0.00030000000000000003,0.00018579642857142857,0.00011099466666666678,0.0,0.00012275082688779416,0.00022289837490677375,0.4470639450085826,0.9030267886101937,1.0824678308821194,0.6509977484440653,1.0335484602824887,1.1223866574752792,66.84894052995254,40.86448597997171,47.1035041509835,83.366,94.29960000000001,154.14825
2022-03-18,87.8,92.28,84.41,89.8,2935949.01,0.00030000000000000003,0.00030000000000000003,0.00019140928571428575,0.0001115530000000001,0.0,0.0001262516748076916,0.00022336522161833835,0.0,0.8323546270490927,1.0824678308821194,0.39928933485616436,1.032795649362456,1.118383713081167,81.63548163152153,51.97333333139301,49.969097649980284,84.114,94.3054,154.046
2022-03-19,89.81,94.55,89.25,92.31,2058348.96,0.00030000000000000003,0.00030000000000000003,0.0002102871428571429,0.00011462033333333343,0.0,0.000120822106002544,0.00022535799061572352,0.0,0.7675093533231866,1.0824678308821194,0.3965082173126259,1.0115676776423572,1.1208988135620161,83.6722119495644,53.46253229780756,50.52963943632631,84.539,94.3248,153.9662
2022-03-20,92.31,92.55,87.82,88.62,1500458.29,0.00030000000000000003,0.00030000000000000003,0.00021749428571428571,0.00012443133333333344,0.0,0.00012309152340455787,0.00022685315530979883,0.0,0.6959448656999355,1.0824678308821194,0.6995953855353039,0.7771399286766811,1.120436224117577,78.63346843919842,55.42459147930368,48.963679430151025,85.114,94.1746,153.85575
2022-03-21,88.62,91.28,86.74,88.59,1985082.57,0.00020551,0.00026850333333333333,0.00023862428571428572,0.00012942033333333345,5.4553826935713086e-05,8.598714972988828e-05,0.00022693843489129,-1.7884311569613456,-0.08666779473142747,0.7483249619622466,0.5156958591659229,0.7772185288231227,1.1130146578366666,74.88183659335469,60.058055149954114,53.00779997704433,85.906,94.08059999999999,153.65755
2022-03-22,88.58,93.98,88.0,90.43,2611345.56,0.00030000000000000003,0.00026850333333333333,0.00024375714285714288,0.00013573233333333344,5.4553826935713086e-05,8.744557863017966e-05,0.00022902191019535435,0.44710778924033445,0.7470123359997798,1.0873341028112211,0.5386777069035132,0.7774030433972209,1.0722302335397729,75.24950099449937,61.38085882441952,52.20084773235342,86.811,93.8994,153.37769999999998
2022-03-23,90.44,96.36,89.19,94.89,2854825.2,0.00030000000000000003,0.00026850333333333333,0.0002544871428571429,0.00014830500000000008,5.4553826935713086e-05,8.418257397127081e-05,0.0002272769896987824,0.44710778924033445,0.7470123359997798,1.0722561783457605,0.6448204381340439,0.7802667504015567,0.9930093623547882,74.45054944697011,59.94177583452931,55.439374734313155,88.42699999999999,93.5968,153.15775
2022-03-24,94.88,103.7,93.26,102.32,4777008.51,0.00030000000000000003,0.00030000000000000003,0.00026654500000000003,0.0001824660000000001,0.0,7.694199750954067e-05,0.0001579641489792774,0.44710778924033445,0.7025939654953937,1.0456772922927597,0.8526863052478338,0.7590106059846975,1.0015786106976066,83.06010928696985,76.57830007905959,56.65707828067968,90.537,93.6056,152.95935
2022-03-25,102.32,104.86,96.95,98.6,3360440.57,0.00030000000000000003,0.00030000000000000003,0.00028656,0.0002013130000000001,0.0,2.9850559329711826e-05,0.00013470178377715473,0.44710778924033445,0.6271788667986289,1.0123411153496176,0.8282345411485922,0.7812405139975895,0.9847165299054654,68.58108107905377,73.52400944363859,53.01402108127685,92.11299999999999,93.5422,152.63125
2022-03-26,98.6,103.4,97.63,101.73,1906343.44,0.00030000000000000003,0.00030000000000000003,0.00028847928571428574,0.00020335233333333344,0.0,2.9784384257415005e-05,0.00013574826201165203,0.0,0.5764885309898893,0.9791680699789439,0.7961308398201108,0.734971681044852,0.98506071987168,69.38271604738404,75.1048605944943,55.845872304225615,93.50899999999999,93.32440000000001,152.2726
2022-03-27,101.73,107.46,98.77,107.04,2351080.64,0.00028569,0.00029523,0.00029222857142857146,0.00020589533333333342,8.261882351989168e-06,2.5248921943909168e-05,0.0001365775061181745,-1.7860634960965915,0.384348469546974,0.9002751946793139,0.8134105609367346,0.7271802173901506,0.9899281760695614,85.5324074050975,82.77379022653662,60.80549106520384,95.433,93.1902,151.8527
2022-03-28,107.04,113.87,105.22,105.75,4146023.22,0.00023885,0.0002748466666666666,0.0002878607142857143,0.00021750933333333344,3.1984590560638183e-05,2.8835591112791833e-05,0.0001229620243852071,-1.738540596930605,-0.2361866520139569,0.7020186629683483,0.876477590643651,0.7351655678999625,0.987529179237357,81.56732891622158,79.20933555344384,53.51639439057066,97.028,92.99959999999999,151.44195
2022-03-29,105.75,115.7,105.49,111.62,3727259.92,0.00030000000000000003,0.0002748466666666666,0.0002878607142857143,0.00023035533333333341,3.1984590560638183e-05,2.8835591112791833e-05,0.00010963612136743289,0.5696742083650306,0.4918770803455308,0.9162097499565105,0.7694791748508275,0.7179969488316775,0.9947137083223707,83.94745273762372,81.1202422120768,57.10838086704801,98.959,92.881,151.10205
2022-03-30,111.62,125.26,107.11,120.82,5250424.16,0.00030000000000000003,0.00027961666666666664,0.0002878607142857143,0.00024104000000000012,3.530496896092127e-05,2.8835591112791833e-05,9.949169821538795e-05,0.5696742083650306,0.4143832626820529,0.8920067621678378,0.650918073923597,0.6946856505383929,1.0054140268269731,86.06397774519485,82.7162938009146,60.23998372820142,102.179,93.02839999999998,150.81095
2022-03-31,120.82,129.5,119.95,122.77,5143974.9,0.00030000000000000003,0.00030000000000000003,0.0002878607142857143,0.00024104000000000012,0.0,2.8835591112791833e-05,9.949169821538795e-05,0.5696742083650306,0.47562104287315465,0.8626212812857241,0.6832132476030062,0.6638911438692282,1.0022440281533693,83.55759763510041,83.34922753925827,64.25496166985283,105.59700000000001,93.2052,150.55335
2022-04-01,122.79,138.4,117.39,134.52,5505077.63,0.00030000000000000003,0.00030000000000000003,0.0002878607142857143,0.00024104000000000012,0.0,2.8835591112791833e-05,9.949169821538795e-05,0.44705012299510605,0.4278726655460572,0.8396059428452709,0.8275606511320043,0.7256272284816453,1.0143737317140038,96.64935064759338,85.96011579092402,73.17415730131535,110.006,93.7722,150.3783
2022-04-02,134.53,143.51,131.47,132.49,4193984.2,0.00030000000000000003,0.00030000000000000003,0.0002878607142857143,0.0002410400000000001,0.0,2.8835591112791833e-05,9.949169821538795e-05,0.0,0.34633784510664173,0.811888186393726,0.847386522905015,0.7016645254351764,0.9867068489235261,91.12299465070089,82.56077795598728,71.34462151195454,113.766,94.49140000000001,150.24634999999998
2022-04-03,132.48,141.11,130.52,136.9,2964507.05,0.00030000000000000003,0.00030000000000000003,0.0002878607142857143,0.00024365933333333342,0.0,2.8835591112791833e-05,9.999049133867504e-05,0.0,0.34633784510664173,0.7846759952974085,0.846412096221934,0.7019229002013685,0.9686234210030011,90.90410958729771,88.67350208067697,76.23057643896296,117.224,95.31020000000001,150.1369
2022-04-04,136.9,138.29,125.82,132.14,3456901.43,0.00030000000000000003,0.00030000000000000003,0.00029461,0.0002524690000000001,0.0,1.649561526787903e-05,9.239120182580327e-05,0.0,0.3463378451066395,0.7588571656305408,0.9340876408920143,0.7494282631230397,0.9736224865721261,83.01225919294195,82.42740133856441,74.84251968297677,120.578,96.096,150.03615
2022-04-05,132.14,136.63,126.07,126.87,2833885.54,0.00030000000000000003,0.00030000000000000003,0.00029461,0.00025583233333333343,0.0,1.649561526787903e-05,9.221778505561406e-05,0.0,0.3463378451066395,0.7324716369759052,1.0615859735806898,0.7799416482520826,0.9488244192079219,69.36753873384411,75.81467837764039,70.97260144808659,123.09199999999998,96.706,149.9326
2022-04-06,126.88,127.4,112.1,112.95,4266870.2,0.00030000000000000003,0.00030000000000000003,0.00029461,0.00026884266666666673,0.0,1.649561526787903e-05,6.53050352355403e-05,0.0,0.3463378451066395,0.7276009944874742,1.0292748835845686,0.9681040969750552,0.9923039495262324,41.07507371220794,61.28185906939287,60.87944750266227,123.68299999999999,96.85459999999999,149.65125
2022-04-07,112.94,120.0,110.88,118.48,3326346.75,0.00018001,0.0002600033333333333,0.00028603928571428576,0.0002672383333333335,6.92762588000523e-05,3.465553246176911e-05,6.69109032443684e-05,-1.788521083014667,-3.0267890653841754,0.2261360022255875,1.2554894285773988,0.9790438973353046,0.9988117924010022,45.500314662642126,60.34041463930795,65.51904471207658,124.95599999999999,97.18700000000001,149.47985
2022-04-08,118.47,122.42,108.1,109.92,3328966.49,0.00016274,0.00021424999999999995,0.00027623500000000005,0.00026767033333333345,7.476202311333597e-05,4.7454555710503184e-05,6.616407064790805e-05,-1.2132924226436435,-2.6263149368734755,0.14586123938837245,1.157700740145471,1.047122194039155,1.0147296456661627,22.347122301806593,56.82092070282539,62.077793375391714,124.78600000000002,97.515,149.3656
2022-04-09,109.92,113.69,108.28,112.96,1376896.77,-0.00017074,5.733666666666663e-05,0.00024261071428571427,0.0002576060000000001,0.00019770884561226386,0.0001279028273858151,0.00010128329302262031,-1.6854678787751878,-3.8922373025761665,-1.3182269640136175,1.3131329149463957,1.0254299271599296,1.0133833502855996,28.533743679490556,56.77403788057082,62.79371252490826,124.0,97.97699999999999,149.30895
2022-04-10,112.97,116.09,109.71,111.07,1560720.04,-1.602e-05,-8.006666666666705e-06,0.00022106,0.00025641233333333345,0.00016688435436952944,0.00014443542283394214,0.00010434737257507761,-0.5799251837268637,-2.083326467690909,-0.6446910749649155,1.3134589855437535,1.031707000018771,1.0141657279237424,19.944147079032774,52.53554800461117,63.18278167147471,122.83,98.373,149.1242
2022-04-11,111.06,111.94,98.1,99.67,3332133.13,0.0002877,3.364666666666663e-05,0.00022454928571428572,0.0002568980000000001,0.00023322069319280878,0.00014548450662757947,0.00010446170924936597,1.0964534540878448,0.3555525916555085,0.651671502223987,1.26498756095359,1.1496225860180518,1.0343869992978414,17.27474299512008,46.60638535314524,57.01147677920778,119.345,98.552,148.87300000000002
2022-04-12,99.64,109.36,98.31,103.22,3527634.19,-5.8979999999999994e-05,7.089999999999998e-05,0.00019890785714285716,0.0002471586666666668,0.00018897902105789548,0.0001618750532487158,0.00011931223736212705,-0.5463756154955892,-2.020367143472916,-0.9095338561838715,1.2008523030240805,1.141459178984309,1.010657700781454,25.30799749388774,45.18679807399425,57.632958800289344,116.41799999999998,98.9572,148.69344999999998
2022-04-13,103.21,106.04,100.09,104.94,2204306.4,1.424e-05,8.098666666666664e-05,0.00017849642857142858,0.00023763333333333344,0.00018272409182517157,0.00016610834127189019,0.00012615860694275226,0.017674341589066386,-1.3380472589737478,-0.5956608099920101,1.1231789358195294,1.097809492618211,1.0112069215475465,38.778369290357375,40.04763098450656,56.58914728560558,113.22200000000001,99.3284,148.53785
2022-04-14,104.92,107.72,98.77,100.77,2711073.76,0.00011051,2.1923333333333297e-05,0.00016496142857142857,0.00023131700000000012,8.500582470239537e-05,0.00016313987461714785,0.00012766303812956784,0.31177525926430044,-0.6192422615846648,-0.24526212062651676,1.0699981323054095,1.1002645103658593,1.0129807798073458,24.206233614420483,36.5853658530339,54.82407200659445,110.085,99.65199999999999,148.36350000000002
2022-04-15,100.77,102.91,99.55,101.31,1384490.37,8.888e-05,7.120999999999996e-05,0.00014988142857142857,0.00022427966666666675,5.050890911513043e-05,0.0001594122187603532,0.00012955133591671227,0.0031575733250201435,-0.6937380464643604,-0.3789092974612525,1.0977789179537991,1.0921574990994447,1.009046309748851,33.63740022715521,26.543297075333214,54.32804391853712,107.529,99.891,148.1883
2022-04-16,101.38,103.5,100.71,102.06,1006216.36,6.347e-05,8.761999999999996e-05,0.0001329864285714286,0.00021639533333333343,2.3545298893841388e-05,0.0001547440806675239,0.00013195926868262456,0.29331460045939056,-0.7860951680619609,-0.5296461733943619,0.5329547008034385,1.0686238739390839,0.9837454639384702,27.31057452043642,28.111063155814193,53.7154180310159,106.44000000000001,100.07799999999999,148.0376
2022-04-17,102.06,105.44,99.62,100.15,1509800.04,0.00026873,0.00014035999999999996,0.00013075285714285716,0.0002153530000000001,0.00011189530687209254,0.00015235521169181947,0.00013139841919346083,1.6594990002785481,0.5850453797968661,0.5567741886606354,0.44547715965387497,1.0701989389340092,0.980988662022219,27.287853576576495,22.5787195936187,54.45414509655821,104.607,100.2764,147.8621
2022-04-18,100.15,102.65,94.62,102.33,2751434.83,-9.857e-05,7.787666666666663e-05,0.00010228357142857144,0.00020206733333333343,0.00018407331836345475,0.00015550285951397076,0.00014224651496686522,-1.4141846577342396,-1.6392488376199907,-1.3382332511713328,0.47000280654571547,1.045829689578827,0.9587790388599784,58.9743589715734,26.86636659882643,55.221158229559045,103.848,100.61040000000001,147.6669
2022-04-19,102.37,109.0,101.02,108.51,2675360.43,0.00027619,0.00014878333333333328,0.00010058285714285713,0.00020127366666666677,0.00021424674217670849,0.0001532885606865411,0.00014174680254209712,0.9971590580578122,0.7341669388002249,0.5918113033011169,0.5443163474302459,1.0175817290536266,0.9632437242291702,65.15759312059541,35.9504132223702,56.65097115833856,103.40299999999999,100.787,147.40165
2022-04-20,108.51,110.9,104.25,105.59,2768156.81,0.00030000000000000003,0.00015920666666666662,0.00010058285714285713,0.00020442333333333345,0.00022355835129409256,0.0001532885606865411,0.00014288937791007755,0.7933449105837524,0.8851447662071911,0.6938709211433106,0.6559492741011709,1.0169102984608287,0.965618667765736,51.742627343902434,43.22782480565846,53.98124720828138,102.85499999999999,100.92560000000002,147.0847
2022-04-21,105.58,110.0,99.86,101.78,2671646.36,0.00030000000000000003,0.0002920633333333333,0.00010915357142857143,0.00020442333333333345,1.3746709909336904e-05,0.00016122037061623795,0.00014288937791007755,0.5254593299634407,0.8851447662071913,0.6752495138992856,0.7613501608209616,0.9201526152342913,0.9702444088675874,52.76107162181889,34.13150893105693,49.793514835275154,103.066,100.94760000000001,146.7287
2022-04-22,101.78,103.55,99.19,100.55,1777613.85,0.00024562,0.0002818733333333333,0.00011507357142857143,0.0002026106666666668,3.1396307638503826e-05,0.00016482088971441852,0.0001419771167315037,0.23963122452124827,0.5650117407716247,0.3695246295601063,0.7486147721437489,0.9201644909439928,0.9435967932075989,47.99789251667024,39.655553101004244,50.760115380508864,102.799,101.04620000000001,146.3958
2022-04-23,100.55,102.9,98.31,100.63,1081628.14,9.622000000000001e-05,0.00021394666666666666,0.00013414214285714285,0.00019581800000000008,0.0001055176389677684,0.00014324066559346589,0.00014203176316435326,-1.7263296488335875,-0.33635578955466944,-0.6232484444360357,0.716475303971253,0.8990037993009374,0.9389842675265033,46.095030036468216,35.43586109025253,49.560773038342354,102.36800000000001,101.2924,146.07585
2022-04-24,100.63,102.31,98.55,99.23,1064136.15,1.8630000000000003e-05,0.00012015666666666663,0.00013661714285714287,0.00018643900000000008,0.00011537260521169373,0.00014072372685119554,0.000144188616853026,-1.3561370419625784,-0.7622160063153441,-1.2648435586945683,0.27700446825530234,0.8944954755157872,0.9380671030723259,47.415730335213986,35.8508604194505,46.780974362121945,102.21400000000001,101.48440000000001,145.80265
2022-04-25,99.22,101.59,94.32,100.99,2317293.8,-8.149000000000001e-05,1.1119999999999966e-05,0.00011024642857142858,0.00017372266666666674,8.909271070071445e-05,0.0001447677362380281,0.00015051166227999604,-1.250599457025239,-1.2837827121364573,-1.8897100310789907,0.3830063003435706,0.8961275346276424,0.9297036997096293,46.144994244401516,52.04968943873075,48.04565610006136,102.182,101.81279999999998,145.53629999999998
2022-04-26,100.98,101.98,94.61,95.7,1897735.14,4.035000000000001e-05,-7.503333333333367e-06,0.00011734142857142858,0.00016554466666666678,6.498815071483981e-05,0.00013811735455242477,0.00015088294708908486,-0.19559589470984548,-0.4155097808955461,-1.008557242740036,0.504550947798188,0.7891765403457806,0.9355840671269189,11.158277743613596,38.92162639792309,43.43234323332004,101.54599999999999,102.09359999999998,145.2205
2022-04-27,95.7,100.79,94.89,98.36,1833742.63,7.429999999999995e-06,-1.1236666666666703e-05,0.000116855,0.00015783066666666677,6.302840417886824e-05,0.00013851979923735816,0.0001529080916180945,-0.1364985754251793,-0.5800894220051424,-1.2798667299370383,0.6083248558781963,0.7658064065664014,0.9352837751248276,27.726432531151616,40.56766054883042,40.20582591912981,101.36699999999999,102.4144,144.9281
2022-04-28,98.35,100.55,96.33,98.24,1849394.04,-0.00018994000000000001,-4.7386666666666705e-05,9.539428571428571e-05,0.00014149933333333344,0.00012454726505762851,0.00016102450686456945,0.00016302914841834795,-1.5623638115795604,-1.667968077839058,-2.594819603167346,0.6069948812055058,0.7068249550397683,0.925552672977501,35.885167462111625,45.89685371183082,39.12966409545721,100.958,102.618,144.68155000000002
2022-04-29,98.23,98.68,92.35,93.96,1736234.87,0.00016546,-5.683333333333372e-06,0.00010086428571428573,0.00013701466666666675,0.00017806251608166922,0.00016208342328346062,0.00016034713194281833,1.3282303054846631,0.49353424652181566,-0.16558515100906065,0.6984164164999916,0.7092007423260561,0.8530591795993016,28.864656830006027,39.369395427968826,30.751708427428767,99.503,102.8398,144.4275
2022-04-30,93.96,94.95,81.91,84.63,1829537.27,0.00013908,3.819999999999996e-05,0.000106265,0.00013165066666666675,0.0001980148246975486,0.00016200124157877833,0.00015737082834287324,0.7575127222474171,0.26784273406105,-0.33352197443410025,0.9705186657244835,0.8180366979320639,0.8903094961789195,17.793880836857625,29.803012745267097,28.759098170774664,97.40700000000001,102.919,144.08905000000001
2022-05-01,84.63,93.12,84.15,89.68,2353897.93,-0.00053313,-7.619666666666671e-05,4.898928571428572e-05,0.00010387966666666676,0.0003959356379935197,0.00022831847108348638,0.00019552376469867484,-1.5620698053509998,-2.9932238597433303,-4.18377365722518,1.2154342588698233,0.7541205041114952,0.9010756181920344,33.23973323891654,38.69086195605601,29.161518092836246,96.19699999999999,103.085,143.79725
2022-05-02,89.67,90.89,85.1,87.5,1915805.97,-0.00017058999999999998,-0.00018821333333333338,4.3845e-05,8.819333333333343e-05,0.00033645134482319537,0.0002326688044855991,0.00019810701700973262,-0.18462283342609226,-1.1032826870741126,-1.9321312432161162,1.136303997510149,0.7357274498227032,0.8943167655009641,26.668972673169563,33.98142147229264,29.84104046167309,94.892,103.2604,143.48465
2022-05-03,87.49,88.81,84.66,85.86,1562366.45,6.051e-05,-0.0002144033333333334,2.843928571428572e-05,8.021033333333342e-05,0.0002992353898410698,0.00022304240064179416,0.00019406164766119362,0.43936048192955124,0.02539185630195413,-0.5834344010268852,1.114636900994703,0.7283321005053432,0.8739165953811002,30.52256531981925,22.87425149623894,30.85255392579711,93.41499999999999,103.3532,143.09805
2022-05-04,85.86,93.06,85.47,92.77,2246070.16,-1.329e-05,-4.112333333333336e-05,6.061428571428573e-06,6.976733333333343e-05,0.00011803738108470166,0.00020897335405616472,0.0001902177424722865,0.33909767598894813,-0.3082956186426157,-0.9991433036416281,1.3914851120040426,0.8037979228894842,0.8941004676738815,40.52863436027211,35.98600786947134,39.91806554644513,92.76899999999999,103.55179999999999,142.7742
2022-05-05,92.77,95.25,81.32,84.52,3311421.92,0.00012612,5.777999999999996e-05,-6.358571428571429e-06,6.397133333333342e-05,6.974508369771069e-05,0.00019484960716710585,0.00018555244920249965,0.8826235948824209,0.3695279762287555,-0.19354466687635127,1.3163112467105156,0.8872503315040208,0.9123099375580411,31.77470775711366,32.801913111878775,33.48249027146157,91.12199999999999,103.4868,142.3962
2022-05-06,84.52,84.84,79.98,81.68,2607225.81,-0.00019271000000000002,-2.662666666666671e-05,-3.766785714285714e-05,4.7547666666666753e-05,0.00015983285717691132,0.00018627371457400374,0.00018574596123481718,-1.1024831353782325,-1.0981301516105522,-1.9768582867936204,1.171937499414337,0.8902171174195361,0.9121137344948627,33.038674032510315,31.78219733453379,35.45529460136717,89.72,103.3644,142.019
2022-05-07,81.67,82.33,77.03,78.86,1906773.25,-7.167999999999999e-05,-4.609000000000004e-05,-4.9660714285714285e-05,3.915800000000009e-05,0.00016094806087679905,0.0001823542462209854,0.000185240074691501,-0.43523606099177004,-0.45454811127360933,-1.2513346171115205,1.180212072589888,0.8956232010051142,0.915968047513671,40.28292354233083,30.0385109106537,32.39727441574733,87.77000000000001,103.1456,141.6344
2022-05-08,78.86,79.41,73.69,75.38,2736836.4,4.191e-05,-7.416000000000004e-05,-4.799785714285715e-05,3.5130333333333426e-05,0.00011732965908073762,0.0001831293757126085,0.00018376813283238578,0.5314491001500135,0.06755693089061683,-0.6073210154533585,1.197538507560112,0.8930208788927123,0.9061949500395444,24.573257467382575,28.934817169395714,31.874047739063002,85.48400000000001,102.807,141.1277
2022-05-09,75.39,77.21,61.7,62.16,5846036.682,-0.00031800999999999997,-0.00011592666666666671,-6.489214285714285e-05,3.022133333333342e-05,0.00018399436739567846,0.00019685249933654267,0.00019127103221258285,-1.320957653828314,-1.5242964400263437,-2.4287121566695644,1.2898108263515347,1.1123590683151732,1.0111188398004338,17.64555669018509,21.477890406492307,31.29550214333672,82.304,102.27780000000001,140.486
2022-05-10,62.16,74.03,60.13,66.9,7855041.331,-0.00015046,-0.0001421866666666667,-7.852142857142858e-05,2.5740000000000086e-05,0.0001801025753101165,0.0001956069705324115,0.00019394797009362333,-0.09124721962755367,-0.6405851319641165,-1.5080460136084477,1.814771375006634,1.1936859981656964,1.0277187411840056,27.56743965879562,28.672985781396008,32.10132071663824,80.53099999999999,101.844,139.83905
2022-05-11,66.9,68.44,43.17,50.9,11626123.021,-0.00205368,-0.0008407166666666667,-0.0002257435714285714,-5.2305999999999916e-05,0.001053792335630386,0.0005607570318034553,0.00042196125779505954,-1.768573729830983,-3.938316463086287,-6.297830861592137,2.63053069517469,1.6040669698341767,1.2242722105313324,9.230769230643418,20.652980459696835,26.654570588606944,76.65299999999999,101.0534,139.10479999999998
2022-05-12,50.9,54.29,37.37,44.64,13635820.465,-0.00390411,-0.0020360833333333338,-0.0004910414285714286,-0.00018047699999999993,0.001876886867297376,0.0011310841014222145,0.0008201556442746132,-1.5539711847147886,-3.691186964546623,-6.3529621392576106,2.559517846093465,1.6519397115946994,1.2602050053417666,9.602917341841149,19.19540229854171,26.18178732009413,72.36699999999999,100.04839999999999,138.3173
2022-05-13,44.64,56.99,43.83,48.92,8718594.5,-0.00187517,-0.002610986666666667,-0.0006368007142857143,-0.00024345733333333322,0.001123428867990032,0.0011707638264001545,0.0008753733612655356,-0.14079723471918704,-1.4068757609790594,-2.8119318478441087,3.1029367058759134,1.738848467849654,1.2808862063823232,17.755905511566368,24.114942528347584,28.452743274823817,68.673,98.98039999999999,137.5134
2022-05-14,48.93,53.91,45.81,52.43,5099487.21,-0.0007398,-0.0021730266666666665,-0.0006995778571428572,-0.00027180099999999995,0.0016030450366204187,0.0011493271469207055,0.0008772810541917463,0.6964375629983034,-0.25151731752667933,-1.0718590153621235,3.091275249011414,1.7946642340831227,1.2934013075083972,24.33482229526055,30.167528947496507,30.04101986580781,64.639,98.057,136.7763
2022-05-15,52.43,59.31,49.63,58.83,3885558.77,-0.00020423000000000001,-0.0009397333333333335,-0.000676085,-0.00028157133333333326,0.0008532233729999112,0.001156331247063143,0.0008747541658038863,1.0861708446699898,0.2852242413068523,-0.2619109901013258,3.240511332817345,1.8921316408772624,1.3188429126792118,34.79139863950829,31.309826729142927,33.9621176828513,62.07000000000001,97.199,136.14800000000002
2022-05-16,58.83,58.83,51.89,53.79,5418221.63,-0.000389,-0.00044434333333333347,-0.0006916857142857143,-0.0002966536666666666,0.0002720403823577299,0.0011504450857199274,0.0008724976782993779,0.6748097151360557,0.12416138755129691,-0.5202582148218191,2.1590015017875093,1.9079578192897797,1.3344367583134111,40.94743672877649,30.26115470145959,31.56895504185607,59.28099999999999,96.134,135.43985
2022-05-17,53.8,58.22,53.04,57.02,4346066.59,-0.00033729,-0.0003101733333333335,-0.0007201000000000001,-0.00031685433333333325,9.532299530196454e-05,0.0011352500695441458,0.0008659470473086863,0.545786384473122,0.19431059348995336,-0.42758084913116473,1.536985788890414,1.9298890049721273,1.3424249603962572,38.95348837148328,33.42147620088768,30.0007768190476,57.096999999999994,95.1594,134.72289999999998
2022-05-18,57.01,57.85,49.38,49.93,4470848.03,-0.00017920000000000002,-0.00030183000000000016,-0.0007319507142857143,-0.0003195419999999999,0.00010930264726897022,0.0011281479597141195,0.0008653711249352573,0.8484426424397641,0.3526909687919571,-0.1801327875957916,2.0717152387550355,1.9770464153595786,1.374337857806518,48.64562971141994,25.424506654020263,29.059443189756465,54.552,93.92559999999999,133.99405
2022-05-19,49.93,54.09,48.2,52.2,4794335.94,-9.301e-05,-0.00020316666666666682,-0.0007476028571428572,-0.00033184866666666657,0.00012389100222912527,0.0011167901007484164,0.0008592102396597007,1.222517424335259,0.4559544939189009,-0.04155717046982873,2.0103521235857786,2.004165605702192,1.3786922917565072,61.879321180285494,30.09361911749039,31.12819731967754,53.556,92.55320000000002,133.2426
2022-05-20,52.2,53.62,47.81,49.43,4811635.67,-4.659e-05,-0.00010626666666666683,-0.0007371657142857144,-0.0003434016666666666,6.729158515992929e-05,0.0011230401577292395,0.0008527270747677374,1.0853342107557369,0.5154922112752494,0.03437529882577826,1.596746993423964,1.9793433304252461,1.383100490423836,50.841306498330944,30.1195906788045,30.767494356010914,51.809000000000005,91.0864,132.47025
2022-05-21,49.42,51.21,48.43,50.31,1969104.94,-0.00014334,-9.431333333333347e-05,-0.0007422842857142857,-0.0003581796666666666,4.8388166253081714e-05,0.0011199327072003613,0.0008449988317579424,0.14883334015309063,0.3952562990021631,-0.10002676789939977,1.5223420691215053,1.9534699733078154,1.3827248246763102,46.17052023004627,31.969180244477002,31.181750186332778,51.75,89.40220000000001,131.6177
2022-05-22,50.3,53.2,49.69,52.48,2723718.45,5.183e-05,-4.6033333333333474e-05,-0.0007415757142857143,-0.00036463933333333326,9.758619079221876e-05,0.0011204700347670958,0.0008409549131992818,1.4853256048988406,0.5788441954629847,0.20042140500756486,1.4580633494058197,1.9770170679499754,1.3812685790938277,36.46055436991376,35.29411764642421,32.61694058086319,52.534000000000006,87.80199999999999,130.66325
2022-05-23,52.48,54.68,48.61,49.17,4201654.88,0.00021451,4.099999999999986e-05,-0.0007035385714285714,-0.00036069633333333324,0.00017917065133553816,0.0011447312994750296,0.0008434638357167085,1.5400507044944263,0.7313507601079148,0.4485070475566412,1.012815681986726,1.9838861053948087,1.3710581358002336,39.36464088270925,40.44150110291954,30.951330686026594,52.559000000000005,86.0474,129.67375
2022-05-24,49.17,50.85,47.1,49.67,3645448.65,-0.00038731,-4.032333333333347e-05,-0.0007204564285714286,-0.0003742276666666666,0.0003113133561756309,0.001137656982666273,0.0008404192905378538,-1.4464045412422941,0.14678919400028395,-0.4436952761615381,0.9022236518242924,1.9355269221618374,1.3707097141822975,30.64770931956538,36.4777899850719,32.462089460558616,52.283,84.398,128.7418
2022-05-25,49.67,50.55,47.57,47.98,3294918.76,0.00011083999999999999,-2.0653333333333473e-05,-0.0005658478571428572,-0.00036781666666666656,0.00032173700538379947,0.001088553721102368,0.0008434574822280169,0.5943211219545876,0.6513352292579304,0.3150568956725264,0.825190222859904,1.9156173762686404,1.367646130181853,42.82560706181177,47.044534411622216,30.661753415585352,51.198,82.8202,127.68950000000001
2022-05-26,47.97,48.66,41.69,43.44,7025986.74,-0.00023295,-0.00016980666666666682,-0.00030362214285714286,-0.0003769266666666666,0.0002550071881993461,0.0005120467184240997,0.0008403672110425246,-0.7322806582757603,0.3059659570825728,-0.19336289934698375,1.0848657187685626,1.9395713766071392,1.3747543953087784,22.383354349579534,48.74161073682386,29.655479654863115,50.163,81.43,126.6583
2022-05-27,43.44,43.95,39.93,41.17,7547814.8,-0.00014971,-9.060666666666682e-05,-0.00018037500000000003,-0.00038216466666666653,0.00017935382358158917,0.0002401541507112345,0.0008383762775406858,-0.24537713268467715,0.3948477045693838,-0.05717808446885486,0.7715559496148044,1.9418406901367513,1.3780262469913132,23.111979165613377,41.51521786603632,30.10477123626825,48.577999999999996,79.88380000000001,125.62285
2022-05-28,41.18,45.08,40.33,44.25,4317517.06,-2.546e-05,-0.00013604000000000017,-0.00012935071428571434,-0.0003766819999999999,0.00010441827761461591,0.00018067306803954872,0.0008402125102139271,0.5835894826409413,0.5252608541087219,0.14077116656990674,1.247112676744575,1.9911878693654994,1.3844109635689004,32.74487471395662,40.95932802702602,34.029425723024204,48.01,78.5704,124.64890000000001
2022-05-29,44.24,45.67,41.79,44.98,4628871.1,9.425e-05,-2.6973333333333487e-05,-0.00010803071428571432,-0.00037905566666666664,0.00012198704043190443,0.0001885945235546977,0.0008387273770819515,0.897727547756017,0.620104160266623,0.32977111403037185,1.2624184908351002,1.851403335184671,1.3663990604285938,26.73697270355359,32.49936820708872,31.69533169460486,47.288,77.2108,123.70835000000001
2022-05-30,44.98,48.39,44.27,47.22,5476313.14,0.00028839,0.00011905999999999987,-5.964571428571432e-05,-0.00037407866666666655,0.00015838910221350485,0.00019764240321712046,0.0008423432180315021,1.4267017961000672,0.7828324955926986,0.6275893840622874,1.3692174438532192,1.831191573362192,1.3735367064318684,43.52159468236111,41.0660864819828,33.51342501560383,47.06699999999999,75.9338,122.7776
2022-05-31,47.22,48.24,44.56,45.77,4479536.73,0.00030000000000000003,0.00022754666666666653,-1.4125000000000023e-05,-0.0003463076666666666,0.00011558416428443898,0.00020211602694983967,0.0008506117206708547,1.0129186538769097,0.7167147458303749,0.645378059829524,1.0083168850340685,1.4291324647930372,1.3473066746539235,37.81249999834571,33.92397827815108,33.565630892071965,46.613,74.8558,121.86404999999999
2022-06-01,45.78,46.12,39.51,40.11,4778696.94,0.00030000000000000003,0.0002961299999999999,2.0103571428571403e-05,-0.00033062133333333323,6.703036625146933e-06,0.0002123284786727462,0.0008582685808819895,0.7258870613672223,0.9809848932403479,0.645378059829524,1.543136930356967,1.43043995455967,1.3763102941668537,30.295443163685192,35.36948748362582,28.189198143812717,45.376,73.5936,120.85664999999999
2022-06-02,40.11,41.65,38.13,40.85,5153870.27,-0.00015353,0.0001488233333333332,1.578071428571426e-05,-0.00033775599999999993,0.00026184566758557045,0.00021540235962079924,0.0008557911094484583,-1.6060490271668642,-0.2527205552014544,-0.03806900311709288,1.35372827970673,1.367964414002863,1.373346155434385,41.99134198952419,32.28223540289743,30.712834554491707,44.544,72.31179999999999,119.8677
2022-06-03,40.86,41.54,37.63,38.28,4437324.64,7.017e-05,7.22133333333332e-05,2.412071428571426e-05,-0.00033497399999999993,0.00022677190441792815,0.00021506181667545402,0.0008570170303285064,-0.4512764580563389,0.5266945805440499,0.3127146757612749,1.3547392172677595,1.3402915305772942,1.3773101770197165,41.22647237226117,32.485076969981804,30.786258189426235,43.405,71.062,118.8681
2022-06-04,38.28,39.5,35.71,39.0,3736176.79,-0.00012377,-6.904333333333347e-05,2.5518571428571404e-05,-0.0003433036666666666,0.00012147706998991849,0.00021395035753673852,0.0008535884793500811,-0.9212634924914299,-0.37809407100007364,0.024609338518760966,1.2077585318226522,1.2169389177615035,1.379739095995365,31.396172925444546,32.14398484227971,32.01912666826368,42.507000000000005,69.8158,117.96789999999999
2022-06-05,39.02,40.22,37.85,38.52,3618511.38,-0.00022666,-9.342000000000013e-05,5.626428571428547e-06,-0.0003444353333333332,0.00015072443099910013,0.0002240250327910283,0.0008534044265570193,-0.9381190255377739,-0.9354995696361862,-0.12155974702284325,1.228304464477025,1.1768660471890058,1.3583877466658254,26.695526694178454,26.717811873335393,32.90986646798825,42.015,68.545,117.0658
2022-06-06,38.53,44.87,38.33,42.39,6823258.3,0.00015040000000000002,-6.667666666666679e-05,1.0471428571428337e-06,-0.0003370326666666666,0.0001949058681346858,0.00022004671911027697,0.0008568083697912598,1.2983010537488051,0.8079335776889112,0.4653925868966347,1.114449850385035,1.2322390616959997,1.3777444645145127,34.40929631865161,38.899803534562544,39.963448064657356,42.137,67.3898,116.3027
2022-06-07,42.39,42.8,37.12,39.31,7677286.83,-2.5600000000000026e-05,-3.395333333333347e-05,2.6883571428571402e-05,-0.0003392829999999999,0.00018866874286255038,0.0001901438255073243,0.0008558669276001053,0.036598786285485504,-0.12528569242152954,0.1969714372655522,1.3264874549419607,1.1482758202574264,1.3778597807573603,31.133177568820486,34.359903380190104,35.75338221522142,41.643,66.12939999999999,115.42300000000002
2022-06-08,39.32,40.96,38.28,38.83,3988154.3,-3.937000000000001e-05,2.8476666666666526e-05,1.6154285714285687e-05,-0.0003299949999999999,0.00010581293698473003,0.00018927797521974145,0.0008576158812571461,0.0979300231664785,-0.21143746930720467,0.1720737917659114,1.1879785064551924,1.119955486994125,1.373417543649585,44.63986599403283,35.662801628018556,42.57778870840957,41.028,64.7358,114.529
2022-06-09,38.83,41.97,38.44,39.96,4587327.75,5.310000000000002e-06,-1.9886666666666813e-05,3.317285714285712e-05,-0.0003248026666666666,2.288137306489713e-05,0.0001753567316348554,0.000859210399562744,0.24128551316858884,0.007342092986534867,0.24105617453262917,1.2031699374296145,1.1196623069181448,1.3781957025269456,46.39091646127545,43.89473683994904,46.92832764332634,40.30200000000001,63.423199999999994,113.57625
2022-06-10,39.96,40.9,36.8,37.17,4364643.34,4.439e-05,3.4433333333331946e-06,4.7037142857142826e-05,-0.00025486699999999993,4.1911188641396624e-05,0.00016727186767138727,0.0007967517953417698,0.2281074351292695,0.16454093736865066,0.30919184054251453,1.3781124162527496,1.1418098560218304,1.3662778037425074,45.577689240485704,43.10820123844413,42.13415450370899,39.442,62.13099999999999,112.68415
2022-06-11,37.17,37.93,33.17,33.93,4638154.317,-0.00050842,-0.0001529066666666668,1.2539999999999973e-05,-0.00014167733333333326,0.0003085030133294269,0.0002236677604772566,0.0004056730001974301,-1.7708463235206697,-2.22676990303053,-0.541197024780188,0.9698968300485842,1.1552368110665354,1.3723279567139524,33.178500330243864,32.31665524176685,37.570545550857325,38.824,60.79860000000001,111.74505
2022-06-12,33.94,34.5,30.56,30.61,6810748.104,-0.00084194,-0.0004353233333333335,-5.433071428571431e-05,-0.00010723633333333325,0.0004476634441556958,0.0003175883068343361,0.0002768251291722864,-1.4675334792860264,-2.747036881589029,-1.0297498761375512,1.0730423681737036,1.193175864818329,1.3850281972309715,27.917364599690544,27.384324833543033,30.22147462735323,37.8,59.398199999999996,110.8696
2022-06-13,30.6,31.11,26.05,28.6,13336972.466,-0.0008148,-0.0007217200000000002,-0.00013313000000000002,-0.00010973633333333325,0.00018522098261268812,0.0003600358728707938,0.0002830044755401154,-0.9117802886874509,-2.261803143491112,-0.9579572794676947,0.9970639389379687,1.1972554397490405,1.389114441917914,7.040498442060553,20.48192770993421,31.561996778094368,36.832,57.9856,109.96275
2022-06-14,28.59,32.32,25.86,29.59,11437619.27,-0.0005583000000000001,-0.0007383466666666668,-0.00019443714285714286,-0.00012153866666666657,0.0001565143652619248,0.00035362777019450195,0.0002942410412280673,-0.063006291369164,-1.3065777245294856,-0.5470982312560501,1.0410775068436893,1.2251177766366999,1.394270922794152,15.186246417576626,23.97039896931922,29.241713333103107,35.891,56.5576,109.1486
2022-06-15,29.59,34.86,26.79,34.76,12673444.09,-0.00020855,-0.0005272166666666668,-0.0002307621428571429,-0.00011552366666666657,0.00030431791901454114,0.000323792645404617,0.0002904043507140808,1.4621474493781759,-0.2622326184228414,-0.0037800450346373734,2.130111045001104,1.4092245769879346,1.4630919586478965,39.08847184839882,41.25531219163918,38.17614964759324,35.515,55.3388,108.35870000000001
2022-06-16,34.75,36.0,29.52,30.12,10418712.66,-0.00018318000000000002,-0.00031667666666666686,-0.00023288000000000003,-0.00011038666666666658,0.00020963607903540474,0.0003233452864853543,0.00028769663921582506,1.0660945623578875,-0.18095520320308178,0.04696448195870322,2.3398054242352644,1.5095881763762715,1.4953948828883712,27.79783393413996,34.44476659761604,33.403487671474295,34.288,53.974,107.50585000000001
2022-06-17,30.12,32.19,29.26,30.71,6274370.5,-0.00052762,-0.00030645000000000016,-0.00027557928571428575,-0.00012200066666666658,0.00019195842232109798,0.0003196976245541911,0.0002974380932393726,-0.26129403808858437,-1.1021341671242395,-0.47263105355596996,2.1909337867263123,1.466886363160319,1.4950370646979902,33.817635269355094,38.35742848189171,35.45228473579009,33.428000000000004,52.623400000000004,106.63895000000001
2022-06-18,30.72,32.06,27.15,32.02,9330644.34,-0.00025097,-0.0003205900000000001,-0.000284665,-0.0001272659999999999,0.00018246900202501564,0.0003168461504542551,0.00029830406138470417,0.5206089881830464,-0.2520026190695081,-0.0331488800374073,2.0750463197021416,1.48234380382868,1.4901148756685145,44.703272322169035,39.45619335180548,35.880809014968875,32.747,51.3846,105.7564
2022-06-19,32.01,35.4,28.68,34.19,9253122.78,-0.00020243,-0.0003270066666666668,-0.00028293428571428577,-0.00013246066666666655,0.00017542324541901103,0.00031725327903290614,0.0002982076082649722,0.5021253526510912,-0.039255513378040535,0.05527891510157524,2.108150164375536,1.4984573948220674,1.5049647797389858,60.60426540033039,43.77694739691612,35.880809014968875,32.17,50.3758,104.7783
2022-06-20,34.19,36.9,31.73,35.24,8218146.8,0.00019257,-8.694333333333344e-05,-0.0002799221428571429,-0.0001212636666666666,0.0002432792850477324,0.00032185090435402633,0.000304034420765509,1.50544211902269,1.2291528046199927,0.6745682075712063,1.5934887091171488,1.509552143941356,1.5090861065576993,70.85427135366848,38.81764153724289,38.85778275301868,31.976999999999997,49.287,103.78649999999999
2022-06-21,35.25,39.19,34.2,36.42,7429098.76,-0.00014649,-5.211666666666677e-05,-0.0002885571428571429,-0.00012787433333333326,0.00021374282334931258,0.00031607260113967,0.00030229209808283446,0.15701874150169182,0.24168335576831887,0.15642318466556795,0.3317612616576736,1.4218147521794493,1.514196400685998,71.19801365302058,45.19454605709104,39.51574616061648,32.226000000000006,48.2654,102.91035
2022-06-22,36.42,36.87,33.65,34.12,6494707.01,-0.0002855,-7.980666666666676e-05,-0.0003061378571428572,-0.00014454133333333325,0.0002459120400332927,0.0003078851599386168,0.0002964921361256593,-0.7638010634919846,-0.2093856582929373,-0.05168137318533324,0.9591836305356645,1.440383577719685,1.518168624024072,47.583081568481255,42.6152398852411,39.137931032765096,32.577000000000005,47.230599999999995,102.0776
2022-06-23,34.13,38.65,33.91,38.15,7002610.45,-1.1239999999999994e-05,-0.00014774333333333344,-0.0003073200000000001,-0.0001320056666666666,0.00013713429561322923,0.00030662655138681766,0.00029381194716069064,0.42412079599226676,0.7483884175703084,0.38029464206541863,1.24117769552593,1.5047089508622589,1.5514915525350306,81.78939033592613,47.39867777906415,45.820824772818796,33.532,46.1382,101.2862
2022-06-24,38.15,42.92,37.67,41.91,6583046.23,-9.929999999999995e-06,-0.00010222333333333344,-0.00031120000000000003,-0.00013603133333333324,0.0001587236007446152,0.0003021446511192745,0.0002911854853422671,0.23703505919007398,0.725116207071452,0.38024341193558275,1.3258740126445614,1.5563595330457434,1.57300264517217,85.44303797089808,56.62751677630652,50.571163937301634,34.764,45.285999999999994,100.52795
2022-06-25,41.91,42.64,39.73,42.22,4294211.07,9.402e-05,2.4283333333333227e-05,-0.0002681685714285715,-0.00012513233333333326,6.039727670462112e-05,0.0003145413925031018,0.00029354241668097677,1.1294354305718322,0.9965372342858541,0.5417861521939398,1.3564176770642744,1.554749651894003,1.5708194274354446,84.45945945546472,62.6256472711643,48.36316722890797,35.51,44.4968,99.7881
2022-06-26,42.22,42.49,39.14,39.39,4024143.84,0.00018406,8.938333333333322e-05,-0.00019488285714285716,-0.00011400666666666658,9.707808214696984e-05,0.0002890671501020482,0.0002988558518212497,1.0765492456476489,1.2803756316575705,0.6768190944804636,1.6321697916502933,1.5285812427235745,1.5733097799244333,66.81759378740153,63.57452071462572,45.64030572254262,36.437,43.7074,99.012
2022-06-27,39.39,41.25,37.9,38.52,4172937.4,-0.0001953,2.759333333333322e-05,-0.0001506328571428572,-0.00011966799999999991,0.0001982117023117821,0.00022779337119509818,0.00029872928338961247,-1.4650262681291484,0.05947267097613549,0.08281293804588852,1.471339303059713,1.497200813717671,1.573006688619157,60.73298429041146,65.89743589447897,43.06662416129126,37.218,42.9702,98.29905000000001
2022-06-28,38.5,39.9,35.02,35.35,5581335.85,-0.00022212,-7.778666666666678e-05,-0.00012662000000000006,-0.00013021366666666657,0.00022716202528885794,0.0001971748402969864,0.00029649303805842576,-1.0839255763209619,0.0006780300087832941,0.051108591783148166,1.3648988123324854,1.5402338951845702,1.580994903955952,46.902142441642646,58.62792090826606,41.91746819551088,37.551,42.434,97.63885
2022-06-29,35.34,36.12,33.1,34.05,5755278.44,6.91e-06,-0.00013683666666666677,-0.00011123000000000004,-0.00013959633333333324,0.00012520845112585813,0.0001986908568992868,0.00028709414316179416,0.1876063753523486,0.7690013592471219,0.41533125163965123,0.7096363197830223,1.5386180533938065,1.5664077252719837,49.7848801453688,48.79701795769855,44.95840266013505,37.537,41.777,96.94835
2022-06-30,34.06,34.2,30.92,33.76,5337105.46,-9.782000000000001e-05,-0.00010434333333333346,-0.00010513285714285719,-0.00015285699999999992,0.00011465426565695684,0.00019761993621898844,0.0002750230919100826,-0.19883130300253374,0.4490035288174604,0.23925751027489628,0.6164147999455485,1.511234178565863,1.5557506835585457,32.48204309475361,57.23370428934311,44.05699915970897,37.388999999999996,41.434200000000004,96.25315
2022-07-01,33.76,35.4,31.82,32.84,6155756.76,-0.00024136,-0.0001107566666666668,-8.468571428571434e-05,-0.00017090233333333325,0.0001246395452227587,0.00016217430293993625,0.00026172357280788066,-0.8822466235316547,-0.08881404152893299,0.014824203377991589,0.5650946765615095,1.4651186391038102,1.5558685172115685,3.1991744063736576,54.17810905940176,45.31034482539881,37.031,41.1982,95.64129999999999
2022-07-02,32.85,34.14,31.87,33.36,2740500.19,-0.00017569,-0.00017162333333333346,-7.930857142857147e-05,-0.0001716409999999999,7.185635833617507e-05,0.0001574149548098607,0.0002617041224340079,-0.2913973767976548,0.02860520980629707,0.1248181588661033,0.7228166108596256,1.3933886862212577,1.5578555481604115,5.252525252153831,52.712550604299686,45.121107264250185,36.955,40.887,95.0018
2022-07-03,33.36,33.77,32.14,33.39,2394572.39,-5.825e-05,-0.00015843333333333346,-6.901000000000005e-05,-0.00017592166666666659,9.276670972572353e-05,0.0001534056495800113,0.00025864485164665856,0.5640558555607476,0.44365617045136646,0.31166448185730194,0.4094536801661848,1.3553612424396753,1.540887466455804,7.746478872475677,48.22695035161713,45.527462944595,36.479,40.5062,94.27615
2022-07-04,33.4,36.94,32.45,36.71,4064615.13,-0.00014056,-0.00012483333333333346,-9.280500000000006e-05,-0.00017648133333333325,6.027880583867158e-05,0.00013436497109619225,0.00025854625902016454,0.03078993425777935,-0.09799033661938189,0.18913654983097572,0.9031139217762654,1.4020539754037633,1.5531325825935187,40.52356020645376,52.96012887337316,44.99999999778169,35.958999999999996,40.0638,93.57539999999999
2022-07-05,36.71,36.99,33.03,35.4,6098472.04,-0.00015629,-0.00011836666666666677,-9.350500000000005e-05,-0.0001741356666666666,5.2653285114380034e-05,0.00013469129860246742,0.00025839448592496217,-0.028152325285980273,-0.20754517986855284,0.16322161739865798,0.9958005544297238,1.2398823580639253,1.55331604609029,50.3250975246778,47.95673076654088,46.44739232909227,35.277,39.696,92.87485000000001
2022-07-06,35.41,37.65,34.8,37.04,5298552.9,8.423e-05,-7.087333333333347e-05,-6.709571428571434e-05,-0.00017634133333333324,0.00013455348837297253,0.00013032682052992333,0.0002557980797254996,1.6242340778726323,1.106805415941644,0.5393215201629943,0.9411835328159623,1.0684476292540457,1.5591794163681016,68.61768368019524,56.00823044944809,48.407189889027585,35.042,39.2964,92.14615000000002
2022-07-07,37.04,39.29,36.39,38.46,4091777.28,1.2950000000000003e-05,-1.9703333333333454e-05,-6.536785714285719e-05,-0.00017505633333333325,0.0001235400652959803,0.00013128117230865798,0.0002566767585287754,0.6332438743236674,0.6496915615323421,0.4274713923071523,0.9420415069528365,1.0742352627876202,1.5618528073709241,75.65502182827967,50.714615026694304,48.672096314867524,35.036,39.067,91.43880000000001
2022-07-08,38.46,39.72,36.46,38.12,5277992.76,2.1930000000000002e-05,3.9703333333333215e-05,-6.30921428571429e-05,-0.00017301299999999994,3.882174820038893e-05,0.00013258575054993427,0.00025803457205079506,0.5382290620125928,0.6353075896750496,0.4320542177385815,0.9713875135666785,1.0683666754491823,1.493946331410451,80.76923076264116,39.62780514200991,50.879141215205216,35.313,38.7854,90.7599
2022-07-09,38.12,38.95,37.77,38.06,2088073.86,0.00021249000000000002,8.245666666666656e-05,-5.463000000000005e-05,-0.00016610699999999992,0.00011270164565495004,0.00014644125579900053,0.00026563236562962106,1.3300113722943108,1.7293551073276345,0.720514112355927,0.6483771188968941,1.0377945342676267,1.479977070957182,78.94088669270214,38.457269697345176,54.06096361550894,35.714,38.558,90.05205
2022-07-10,38.06,38.14,36.26,36.71,2181587.6,0.00025998000000000004,0.00016479999999999989,-4.9207142857142895e-05,-0.0001589206666666666,0.0001259869147967346,0.00015698612650254807,0.00027429834621714357,1.26078643559753,1.9423133718829757,0.7876304806190986,0.6470131335334729,1.045914097216909,1.3258904175945514,67.58474575770028,41.89842804965793,56.23977086420886,36.009,38.286,89.34360000000001
2022-07-11,36.71,36.73,33.24,33.42,2927967.37,0.00026141,0.00024462666666666654,-1.658500000000004e-05,-0.00013325966666666658,2.784035260789783e-05,0.00017110981596395663,0.0002764754386482383,0.8542059108392104,1.6910015384882633,1.1587910762862137,0.9311457394673183,1.112190169577729,1.3070409703730137,32.51859723456292,36.55063290869352,54.804625196302766,36.06699999999999,37.9048,88.56054999999998
2022-07-12,33.42,34.61,32.6,32.68,3202970.4,-2.7759999999999995e-05,0.00016454333333333323,-2.7021428571428986e-06,-0.00010612033333333325,0.00016654110673744484,0.00016072034260109243,0.00024236816106880404,-1.2550526443583683,-0.11412718603161223,0.30592759014419546,0.7018832729083374,1.081739240531929,1.2850911316942122,34.61538461264358,41.923774951077235,53.09557202667466,35.998999999999995,37.575,87.77215
2022-07-13,32.69,35.08,31.82,34.94,4798032.13,-0.00031146,-2.593666666666677e-05,-2.5442857142857184e-05,-8.934233333333324e-05,0.0002864393524523737,0.0001805552186335596,0.00020636592121565052,-1.5687272441271225,-1.6828100070226462,-0.8622200035151943,1.1131118014241508,1.0054778827111137,1.2842178368060126,38.90063424659298,52.544311030671125,50.191489358712,36.153999999999996,37.28040000000001,86.98135
2022-07-14,34.94,37.31,33.58,37.15,5214767.02,0.00011604000000000001,-7.439333333333343e-05,-1.0167142857142895e-05,-6.686433333333324e-05,0.00021753175247153167,0.00018299107050210082,0.00018956599296144852,0.2355026113021082,0.7777193644230369,0.851360141950229,1.307600205758451,0.9523480211904303,1.2592136737903086,43.60975609458274,58.73261205140518,57.88647071657881,36.198,37.0638,86.17805
2022-07-15,37.14,39.1,36.49,37.36,4440629.04,0.00022787,1.0816666666666559e-05,2.3349285714285675e-05,-5.231699999999992e-05,0.00028464570018416714,0.00018034137391511904,0.00019498606995599775,0.7492190488312193,1.33087923531231,1.2607408147474566,1.2644244491441077,0.9519084089794095,1.2426904181258631,46.24505928533878,62.08556149267808,57.524326767117714,36.394000000000005,36.9422,85.3865
2022-07-16,37.36,40.41,36.35,39.58,3945225.2,0.00022573,0.0001898799999999999,5.2022142857142813e-05,-3.8686666666666575e-05,6.395626708931179e-05,0.0001781595229078021,0.00019975665252970615,0.7964206980662313,1.2887875221587137,1.2097262567901772,0.7626739580683808,0.9444600817885536,1.242501758221949,56.18892507823026,65.24509803473808,58.38137471921357,36.648,36.9104,84.6978
2022-07-17,39.59,41.09,38.29,38.62,3795951.41,0.00030000000000000003,0.00025119999999999987,7.761142857142854e-05,-1.1099333333333243e-05,4.2275582787215274e-05,0.00018662927327711608,0.0001866214970418725,0.7673033427146582,1.5023074878808047,1.451918867696598,0.7773040547956991,0.9455261116011715,1.2022520851769158,58.031959626524596,62.25972807842645,55.04670767477487,36.664,36.797799999999995,84.03775
2022-07-18,38.61,44.07,38.55,43.52,6300282.95,0.00024956,0.00025842999999999987,0.00010547714285714283,5.585000000000091e-06,3.7921180097652684e-05,0.0001805744849268076,0.0001868111948899091,0.38226710319612867,1.1223204347683315,1.2139081624527346,1.0616919014311073,0.9924323047420197,1.2348456406995838,87.40740740287515,64.86250545216902,58.67197318466105,37.204,36.7686,83.39274999999999
2022-07-19,43.52,47.36,42.54,44.87,7876651.82,0.00030000000000000003,0.00028318666666666664,0.0001380692857142857,2.233266666666676e-05,2.9121547577896052e-05,0.00017059590487751312,0.0001900135816730441,1.0600643091719957,1.2550090263690732,1.3660972625552568,1.048109987016119,0.9717348935026824,1.2307190002565767,93.196314665823,70.63180827455841,58.81861823910056,37.885000000000005,36.721599999999995,82.76715
2022-07-20,44.87,46.3,41.24,42.04,6380441.74,0.00030000000000000003,0.00028318666666666653,0.00015348142857142855,2.591366666666676e-05,2.9121547577896052e-05,0.000175046351086105,0.00019429655319287676,0.7088395893874617,1.1308608099292035,1.3187770338188274,1.370871114132176,1.02533963112345,1.239612974215669,74.1825613043646,60.35625517462722,58.17506192892465,38.41799999999999,36.647,82.08205
2022-07-21,42.03,44.24,39.64,43.11,6134099.29,0.00030000000000000003,0.00030000000000000003,0.00017398499999999998,4.0796666666666763e-05,0.0,0.0001741283753993567,0.0001977056807711506,0.4470154280199282,1.0389600300695057,1.2859613887453878,1.3243459198555845,1.0118718344324553,1.2364680384047757,72.00886262552392,59.77301386785698,55.452946346629986,39.387,36.707,81.41585
2022-07-22,43.1,44.33,40.03,40.54,4495729.55,0.00030000000000000003,0.00030000000000000003,0.0001938471428571428,6.0313333333333426e-05,0.0,0.0001712858554682932,0.00019323278752505062,0.4470154280199282,0.9478525179721986,1.2728957214539491,1.4607741807854857,1.061293088914958,1.2353609218408177,59.999999997358486,54.650269020887386,48.45337547672907,40.173,36.7008,80.7678
2022-07-23,40.54,41.91,38.6,39.97,3421971.49,0.00023201,0.0002773366666666666,0.0001952414285714285,6.842166666666675e-05,3.9254044802182235e-05,0.00017152855935590963,0.00019522011527365715,-1.7882662536626475,0.5139699625417501,0.9873788442998874,0.8723470988259959,1.0656456376544334,1.2351909916052588,51.368421050108225,53.59969845175124,47.474747471763656,40.676,36.7346,80.12904999999999
2022-07-24,39.97,42.1,39.47,40.93,3327219.47,0.00014416,0.00022538999999999987,0.00018696857142857137,7.35580000000001e-05,7.813062587743029e-05,0.0001709580862198234,0.00019511462260546103,-1.6161339428310808,-0.04993210318227708,0.6556640433381975,0.839774497953052,0.9967480489003375,1.2345167509961872,58.105263155040454,58.07192042535192,51.80412370794162,41.053999999999995,36.773199999999996,79.5611
2022-07-25,40.93,41.09,36.56,36.65,4237919.99,8.342000000000001e-05,0.00015319666666666656,0.00017425499999999998,7.320466666666676e-05,7.470604415529657e-05,0.00017161328753240767,0.00019508588585599577,-1.3354966124963368,-0.5248846531434522,0.4103181743331673,1.1143094128735336,1.1012311133180224,1.2401603962448868,24.798239177009606,55.952819753839506,47.97136037894728,40.983,36.7358,78.99305
2022-07-26,36.66,36.84,34.67,36.25,4496178.57,0.00014481999999999999,0.00012413333333333322,0.00018658214285714283,7.189666666666677e-05,3.526032520175398e-05,0.00016191011434068197,0.00019444750271636917,-0.42383526388348264,-0.14863498123999241,0.6213078873687871,0.9951933142968622,1.0845899288063963,1.2337872495890672,16.009463721513683,56.662933927610005,51.03878116013599,40.65,36.613,78.49205
2022-07-27,36.26,40.55,35.68,40.23,5860676.17,6.028e-05,9.617333333333323e-05,0.00021313499999999996,8.041600000000008e-05,4.368911229738778e-05,8.719077348411234e-05,0.00018782315830916617,-1.0886106783964464,-0.7244346170026085,0.299068933455912,1.4775127806110318,1.16452739671486,1.2481592919435678,43.456254516961714,59.277446507085635,56.717391300895464,40.81099999999999,36.6314,77.9825
2022-07-28,40.23,44.15,39.03,42.91,6754342.15,0.00030000000000000003,0.00016836666666666654,0.00022627499999999998,9.78200000000001e-05,0.00012158229202204141,8.527325198346034e-05,0.00018295003561361557,1.6408101845323868,0.7741557362844099,1.1712089715434528,1.5663382723713,1.1928943947645825,1.2580470666855492,49.35233160398013,59.937888195862215,59.454432730595734,40.75,36.712999999999994,77.49295000000001
2022-07-29,42.92,44.42,41.13,41.91,4949319.15,0.00030000000000000003,0.00022009333333333325,0.00023142714285714281,0.00010758966666666675,0.00013840240653013362,8.752628839627632e-05,0.0001857324255478127,1.0556780183665306,0.7344936125490579,1.1695128648081357,1.5920019309845246,1.1992371402011626,1.2531049410892232,54.93871665187764,57.64192139466917,59.35630286432437,40.45399999999999,36.751999999999995,77.0232
2022-07-30,41.92,46.65,41.41,43.84,5388479.3,0.00030000000000000003,0.00030000000000000003,0.00023673214285714283,0.00012085033333333343,0.0,8.938544109450323e-05,0.00018476011753327146,0.7038452177204229,0.7154499882104093,1.1695128648081357,1.015311530561809,1.1961232486465057,1.2562125849603183,62.70518712778112,57.22523744640043,60.505212506627615,40.634,36.8854,76.54140000000001
2022-07-31,43.84,45.21,42.22,42.35,3287571.37,0.00030000000000000003,0.00030000000000000003,0.00023673214285714283,0.00013889566666666677,0.0,8.938544109450323e-05,0.00017430472580852232,0.4471718840571753,0.697496317702704,1.1695128648081357,1.1283333707014802,1.1228136670559057,1.2155476359104675,54.505076139711065,56.21459513233255,58.726139459204646,40.558,37.0538,75.9956
2022-08-01,42.34,43.26,40.57,41.65,3302835.44,0.0002122,0.0002707333333333332,0.00023406357142857138,0.00015182533333333345,5.069135363483407e-05,8.953057763918515e-05,0.00016426178443489488,-1.7883989171608703,0.05473591589398071,0.8190743207371268,0.853065820499785,1.119723132309551,1.215513384232766,70.52545155588112,46.377373108681574,55.06978653213884,40.669,37.27459999999999,75.47315
2022-08-02,41.65,42.45,39.5,39.79,3598240.96,7.9e-05,0.0001970666666666666,0.0002182778571428571,0.00015640033333333344,0.00011127449543059108,9.624203145258536e-05,0.00016006680132394944,-1.6449286213795986,-1.65825671726283,0.32726938520602883,0.6757288111112573,1.1172513501071129,1.2100200299556567,62.97653958621087,40.34954407080208,54.45504363400702,40.650999999999996,37.498400000000004,74.94125
2022-08-03,39.78,40.99,37.43,38.54,8391441.54,-0.00022570999999999998,2.18299999999999e-05,0.00018072714285714283,0.00015356200000000007,0.00022448295859597283,0.00014964542571475802,0.00016615335966174534,-1.6307051695082835,-3.283931272057182,-0.7869341435176809,0.6889076993108694,1.100224524319986,1.2117933174467892,42.25481209628064,42.92643492077215,51.53436988248166,40.412,37.677400000000006,74.39575
2022-08-04,38.54,39.85,37.96,38.83,4151096.9,-9.22e-05,-7.963666666666677e-05,0.00015271285714285712,0.00015569833333333341,0.00015274299994872341,0.0001618153750148523,0.00016240169546596068,-0.6814124733298116,-1.9182710900663895,-0.30619441596021557,0.39273550291973464,1.100376589367482,1.2115485184978632,26.056338026028286,41.06844740995426,50.387434552019165,40.629999999999995,37.7588,73.85
2022-08-05,38.83,41.33,38.71,40.55,3510687.91,0.00022368,-3.141000000000011e-05,0.00014726142857142852,0.00016034666666666676,0.00023078000584973095,0.00015770507590759868,0.00016228121444242488,0.9422584567356624,0.22463828451441478,0.8520560857886558,0.6714861654045525,1.088014527026867,1.192717633370248,42.640692637462294,50.02163565253005,52.473030731794736,41.059999999999995,37.9674,73.35375
2022-08-06,40.55,40.89,39.85,40.07,1600652.0,0.00030000000000000003,0.00014382666666666656,0.0001521178571428571,0.0001699150000000001,0.00020793659161709183,0.00016151640660544598,0.00016175239382651944,1.1165881174469785,0.7422986569332709,1.101135314859728,0.6675444595297122,1.0835940800843964,1.1783104875246462,25.802310652366913,50.21720242961321,52.02825428565733,41.044,38.1546,72.848
2022-08-07,40.07,41.57,39.21,40.6,1745897.7,0.00024806000000000003,0.00025724666666666657,0.00015953928571428572,0.00017745266666666676,3.898053018279705e-05,0.00016349750073194668,0.00015987644567692767,0.6709497708966461,0.39059342431186633,0.888704456095124,0.5392577651177933,0.9487157654105134,1.1782966229487948,37.18887261697917,49.26958831035957,53.99138107631488,40.813,38.3262,72.37474999999999
2022-08-08,40.6,43.71,40.55,42.18,3823749.6,0.00030000000000000003,0.00028268666666666657,0.00017500928571428568,0.00018036966666666677,2.998757298168136e-05,0.00016596876436725353,0.000161329479326854,0.6329542135018533,0.7429646762443063,1.0486305628619572,0.43543151403573205,0.9545137053338841,1.1799207067044997,53.437094677379264,63.90145801460724,59.31518502411564,40.84,38.486,71.94795
2022-08-09,42.17,42.76,39.73,40.33,2832475.74,0.00030000000000000003,0.00028268666666666657,0.0001860935714285714,0.00018170366666666677,2.998757298168136e-05,0.00016895252540313928,0.00016217370964454692,0.7090575843770679,0.7429646762443063,1.0241497836676288,0.7003260380572364,0.9328561043674841,1.1712664572488058,53.50649350162927,59.559512648388775,57.9472262588354,40.489,38.587799999999994,71.58825
2022-08-10,40.34,42.87,39.15,42.47,4467794.94,0.00026131,0.00028710333333333324,0.00020045285714285712,0.00018170033333333343,2.233768191490822e-05,0.0001659532452890469,0.00016217201587930197,-0.8138270640889661,0.4978793203357594,0.8615785328840485,0.7416997157520832,0.9543998797614067,1.154311092627959,72.87543654819409,55.743589739587634,57.84211622241287,40.501,38.708800000000004,71.3279
2022-08-11,42.47,45.32,42.34,42.77,5808859.44,0.00030000000000000003,0.00028710333333333324,0.00020045285714285712,0.00019262566666666678,2.233768191490822e-05,0.0001659532452890469,0.0001585748394983983,0.7173424121608826,0.76263121741707,1.0154482706766172,0.709335044523428,0.9147203529445269,1.1228545982847609,72.90697673825179,49.59112149127177,56.09544468205928,40.613,38.8818,71.04285
2022-08-12,42.78,45.49,42.12,45.48,3376989.68,0.00030000000000000003,0.00028710333333333324,0.00020045285714285712,0.00021300766666666678,2.233768191490822e-05,0.0001659532452890469,0.0001278735261938652,0.44695528011108226,0.7301580823524543,1.042274452468679,0.8211534369776862,0.9445121875265748,1.115780004529281,75.70385818008418,59.47955389892345,58.35390946165862,41.182,39.028400000000005,70.8106
2022-08-13,45.49,48.38,45.27,46.6,4706648.94,0.00030000000000000003,0.00030000000000000003,0.00020045285714285712,0.00021913966666666678,0.0,0.0001659532452890469,0.00012747338022266086,0.44695528011108543,0.6709415515072115,1.0386885254883576,0.8057141507593317,0.9447242134869356,1.114621337760789,81.91593352323156,57.65815759818416,57.389473680827564,41.988,39.1222,70.57025
2022-08-14,46.59,48.06,44.46,44.87,3476179.16,0.00025903,0.00028634333333333326,0.00019752642857142854,0.00022017833333333342,2.3654040528662902e-05,0.00016441691549727144,0.00012767375887006598,-1.1463930213147582,0.3427012601795369,0.820139023703929,0.75484038933962,0.8139294013422423,1.0513617600065457,68.67891513140196,56.900328582712994,56.47400041106013,42.592,39.1752,70.334
2022-08-15,44.86,47.24,42.75,43.72,4145114.74,0.00030000000000000003,0.0002863433333333332,0.0002037978571428571,0.0002226540000000001,2.3654040528662902e-05,0.00016667861175963884,0.0001285024999246525,0.44696964764185015,0.565921872818668,0.9795313628533089,0.7613735940032277,0.8238500552676322,0.9873894727016018,56.999999996372715,55.53180117168655,50.22461814598767,42.909,39.2618,70.10505
2022-08-16,43.72,44.31,42.53,43.08,3604735.73,0.00022382,0.00026094999999999986,0.00021414214285714285,0.00022011466666666676,3.812627571634267e-05,0.0001627861260001,0.00012767137117944392,-1.5323910214355727,-0.004462624335401725,0.6062955465581098,0.780651734822661,0.7096842425442584,0.988159279054074,64.0449438156454,59.40537449495897,47.957087419897746,43.21,39.353,69.86375
2022-08-17,43.08,44.75,40.18,40.54,4207333.0,9.287e-05,0.00020556333333333324,0.00023689785714285712,0.00021489166666666676,0.00010476492081480586,0.00011041136585708982,0.00012961550264031462,-1.6606443185785231,-0.835922170119398,-0.09084413843483904,0.6013773725581884,0.7043395029407838,0.997287892975252,40.52993130241699,55.324813627398576,48.27665440865867,43.20399999999999,39.4568,69.5858
2022-08-18,40.54,41.67,39.31,39.52,2839363.98,-0.00021239000000000002,3.476666666666655e-05,0.00022831285714285712,0.0001978120000000001,0.00022383428922605775,0.00013895241412511467,0.00015014704529108766,-1.6594717734445428,-2.332860388557957,-1.684153649734773,0.3355210799378797,0.7054612664157793,0.9877121280504497,35.105407880424025,51.768323932728066,45.870715432978194,42.938,39.5662,69.31694999999999
2022-08-19,39.51,39.59,35.25,35.81,6209609.03,-0.0007160000000000001,-0.0002785066666666668,0.0001611928571428571,0.00016394533333333343,0.0004084681498395413,0.00028818197259658496,0.00022314224408368175,-1.5771604409588387,-3.2448322176616666,-3.7060747395319016,0.6602961696625906,0.7806518009709306,1.015958589780636,9.403862300035073,38.9767441835085,44.698498091792075,42.486000000000004,39.6072,68.99855000000001
2022-08-20,35.82,37.27,34.21,35.28,3873077.48,-0.00018931,-0.00037256666666666676,0.00012624214285714282,0.0001476350000000001,0.0002976457834966574,0.0002995019118001862,0.00023061230495848356,-0.08042007342145893,-1.1210318956069225,-1.2906323414598357,0.6953606948057932,0.7732992802056182,1.0132909531950471,0.0,38.88631090234613,44.73861341428611,41.767,39.656000000000006,68.62485
2022-08-21,35.28,37.09,34.51,36.47,3184917.72,-0.00045259,-0.00045263333333333346,7.619571428571425e-05,0.00012254866666666677,0.00026334500267394473,0.0003341188372585082,0.00025328559963874096,-0.5161870993808947,-1.795300907028351,-2.4119141001160096,0.9472897300941676,0.7930313759355294,1.0034376196326742,11.03896103824421,40.702386309906196,45.02232142575753,41.137,39.718199999999996,68.29780000000001
2022-08-22,36.48,36.56,33.73,35.41,3740448.14,-0.00044997,-0.0003639566666666668,2.262642857142853e-05,9.981600000000012e-05,0.0001512541230292217,0.00035494818795481404,0.00027296247504636424,-0.2137214894833954,-1.5761786307397185,-2.26482540083458,0.901139015109578,0.7806374568866106,0.9669780094155492,11.13189897027199,34.393729827194505,48.50889850563192,40.13,39.7586,67.96600000000001
2022-08-23,35.42,36.11,34.24,35.68,2736678.36,6.431000000000001e-05,-0.00027941666666666675,5.791428571428529e-06,9.715433333333344e-05,0.00029767890777369156,0.0003462636157357656,0.00027290446871768275,1.3923676913446417,-0.011903021274766681,-0.08936356890445327,0.9494443211553907,0.7734883239995994,0.9373600376848238,14.14728682074582,38.43858776460399,49.31242460463028,39.038,39.738,67.5813
2022-08-24,35.69,36.4,34.31,34.89,2588768.41,-1.2699999999999992e-05,-0.00013278666666666678,-1.3780714285714327e-05,9.395033333333342e-05,0.00027737444949622935,0.00033836366647698243,0.0002736345408535802,0.8128436018962591,-0.27239623313381045,-0.40821854404789015,0.48861398163668024,0.7755966884261046,0.9382591615568698,17.036172694057726,29.79744136238186,43.02143230213122,38.04,39.727799999999995,67.187
2022-08-25,34.9,36.49,34.87,35.27,2472099.5,-0.000242,-6.346333333333343e-05,-5.2495000000000045e-05,8.105633333333343e-05,0.0001593397032548244,0.00033061855585109743,0.00028019003667439343,-0.09735527474843447,-0.9188475027044191,-1.3316342972897761,0.49145096424774126,0.7483438768162398,0.9239947921152378,23.203026479666846,30.0955413990375,39.37708564765697,37.19500000000001,39.6924,66.78695
2022-08-26,35.26,35.79,31.36,31.72,5268727.97,-0.00051361,-0.0002561033333333334,-0.00011061000000000004,6.192666666666678e-05,0.0002507526371413423,0.000335364733272694,0.00030051136363081697,-1.10332736937173,-1.5609201627896763,-2.351956523417928,0.9014849560215636,0.8600776679411426,0.9579519734910253,23.680823678690288,15.040650405434135,36.769670212854976,36.059,39.5576,66.3578
2022-08-27,31.72,32.25,30.86,31.53,3025394.15,-0.0011067199999999998,-0.0006207766666666667,-0.00021109,1.50360000000001e-05,0.0004422088764750678,0.0004061442421489653,0.0003649279282325849,-1.5733954146734643,-2.545169165389348,-4.021450045514008,0.9198608231044492,0.8533241266194583,0.9353128631653905,24.764468369133922,9.813333332600621,33.26081044076339,35.158,39.4258,65.9482
2022-08-28,31.53,32.21,30.19,30.44,2245087.33,-0.00093328,-0.0008512033333333333,-0.00029625500000000004,-2.6073333333333228e-05,0.0003049545907726992,0.000424571584174506,0.00039954279160000984,-0.810417632893695,-1.8219632146295603,-3.080659974770597,0.8597796326983413,0.8265225892600054,0.9347919066391515,8.867667120572051,10.16013252268229,33.6266153397263,34.25,39.273399999999995,65.53075
2022-08-29,30.43,32.64,30.0,32.42,3758900.71,-0.0007524000000000001,-0.0009308000000000002,-0.00037142642857142857,-6.115333333333323e-05,0.00017717301826184476,0.00040352592288488473,0.0004157961720174399,-0.1253008719176735,-1.2704545549967403,-2.356584104247863,1.1907447774636328,0.8815912824588381,0.9481968327205536,31.878787876083067,20.168954591962176,37.74236387501518,33.911,39.1876,65.16199999999999
2022-08-30,32.42,33.16,30.64,31.47,3466845.37,-6.139e-05,-0.0005823566666666669,-0.0003917985714285715,-7.319966666666657e-05,0.0004601457317343511,0.00037752484922506176,0.0004101691049368557,1.5049626813035613,0.2895073881758367,-0.2853463896790417,1.1615068122268888,0.838041864874371,0.948582373309576,26.427771554479364,19.844155842712638,38.677191069453016,33.53,39.1486,64.83670000000001
2022-08-31,31.47,32.95,31.18,31.5,2705795.29,6.858999999999999e-05,-0.0002484000000000002,-0.0003935328571428572,-7.798666666666655e-05,0.0004412886811374208,0.0003751755545265093,0.0004075530861747503,1.1828607574615424,0.6226140824242095,0.09622023134249308,0.7473479800204968,0.83536784069323,0.9476999029035061,29.253365970565824,22.998805254946348,40.09009008692984,33.033,39.125,64.51440000000001
2022-09-01,31.49,31.79,30.44,31.61,2304167.56,-9.203999999999999e-05,-2.8280000000000143e-05,-0.00038493642857142856,-8.368799999999991e-05,8.52801459895658e-05,0.0003809792731411708,0.0004064761752393738,0.5762954369781526,0.30859034346709974,-0.3898564818356393,0.7463987053673593,0.767001595715449,0.9477527115130696,26.835443035596853,25.015792796271512,39.78494623340697,32.653000000000006,39.0584,64.20819999999999
2022-09-02,31.61,32.38,30.76,31.23,2327194.21,0.0002278,6.811666666666653e-05,-0.00031752214285714293,-6.85709999999999e-05,0.00015992052536598886,0.0004008745175848537,0.0004094345286834814,0.934005412750907,1.0924340961681516,0.5625146565008081,0.6675692508766673,0.7436416440227445,0.9171506642187385,44.82029597645367,31.679999996451855,36.29411764406991,32.208,38.94,63.8825
2022-09-03,31.23,31.29,30.8,31.12,773414.2,-0.00033162999999999997,-6.529000000000013e-05,-0.0003276878571428572,-7.65519999999999e-05,0.0002806726796465984,0.0003991740336317134,0.00041223500085968174,-1.4184751409618217,-0.19355315550212984,-1.1181396694259587,0.2565568954141888,0.7422878986470902,0.9132669794389345,45.59139784259914,32.78145694984322,36.69342848341537,31.831,38.8152,63.5105
2022-09-04,31.11,32.2,31.02,32.16,1302960.75,0.00015345000000000002,1.6539999999999876e-05,-0.00028439928571428574,-7.88929999999999e-05,0.00030380708072722917,0.00041704798700949197,0.00041066768341448926,0.6653837405975036,1.0663962624700114,0.33926110018789457,0.3251103764346227,0.7725505792813886,0.9097847933363806,68.69565216345931,31.93629505073673,37.63913297875249,31.52,38.666799999999995,63.162
2022-09-05,32.17,32.5,31.15,32.18,1545295.72,0.00020075,7.523333333333205e-06,-0.00023791928571428576,-8.220133333333323e-05,0.0002946660145543333,0.0004331270916248933,0.00040790052834696817,0.7063653311978353,1.1953939465176844,0.4713223138912157,0.3254371221466477,0.7755665536415655,0.9042876392744578,45.45454544249307,35.16988061990472,34.65316144576339,31.566000000000003,38.538000000000004,62.8553
2022-09-06,32.17,33.9,30.44,30.88,4663061.68,0.00029084,0.0002150133333333332,-0.00022173857142857145,-8.077533333333324e-05,6.979674085035899e-05,0.00044921867480970826,0.00040916772859340647,0.7278560777657997,1.36039860226311,0.7252150513034334,0.5082593163687076,0.7574999152219316,0.9091042617247076,40.13377925481817,29.865771808572816,35.24820480491118,31.500999999999998,38.2852,62.5604
2022-09-07,30.88,32.94,30.31,32.69,2516005.51,-0.00025632,7.842333333333322e-05,-0.00023914000000000002,-9.931933333333323e-05,0.00029337497581309445,0.0004451988186970165,0.00040388793046938065,-0.9414844708776264,-0.002774847824972587,-0.883577292021684,0.716173940874262,0.8125508794805789,0.9212580072140452,62.47379454009817,41.499227197983075,34.57413248905971,31.726,38.041599999999995,62.2675
2022-09-08,32.7,33.98,31.97,33.61,3062370.54,0.00030000000000000003,0.00011150666666666653,-0.0002004257142857143,-9.931933333333323e-05,0.000318580160922386,0.00046791735491041777,0.00040388793046938065,0.7093492060911852,1.252979279736362,0.7692521659596059,0.7155625502885592,0.7204636734875242,0.9203236360398452,67.92114694488444,43.84272996577299,35.829207917688066,31.845000000000006,37.873000000000005,61.98195
2022-09-09,33.62,35.96,33.59,34.67,3748304.0,0.00030000000000000003,0.00011455999999999988,-0.0001423107142857143,-9.802966666666658e-05,0.0003211915017555726,0.0004764746354450735,0.00040513900840015383,0.5531350670754926,1.1479080148680296,0.7662820812208888,0.7116610439980746,0.7327264709724893,0.8939144043647621,77.4760383299947,63.42129207563333,32.37691554970151,32.165,37.70419999999999,61.740500000000004
2022-09-10,34.68,35.41,34.27,35.03,1977630.96,0.00030000000000000003,0.00030000000000000003,-4.183071428571431e-05,-9.802966666666658e-05,0.0,0.0003995739354798102,0.00040513900840015383,0.4563791538771189,1.0381396907123357,0.7467292141179294,0.6984361708296754,0.7187003825658145,0.8923470547215065,80.03072195760038,65.68100357598983,30.658642591579934,32.518,37.593999999999994,61.48375
2022-09-11,35.04,36.0,34.04,34.99,1999936.19,0.00024804,0.00028267999999999983,4.254928571428569e-05,-9.976166666666657e-05,2.999911998706056e-05,0.00031197074681557846,0.0004034864212395521,0.28559953440569186,0.8302670413896718,0.5695935226051049,0.42337179370935973,0.7080001887114263,0.8769982084930408,75.68058075263589,72.50247278916879,32.494684617612165,32.856,37.4944,61.23575000000001
2022-09-12,34.99,38.39,34.4,37.44,5186842.63,0.00022135,0.00025646333333333317,0.00011210285714285713,-0.00010238333333333325,3.999587520397187e-05,0.00021439220847021414,0.00040104753307867937,-1.4195681617202076,0.7413943398499021,0.4841001037252309,0.5001550605373869,0.7655417852353051,0.8798775563077819,83.12342568536695,73.72400755168113,39.363143627702684,33.477000000000004,37.4246,60.97615
2022-09-13,37.44,39.01,32.93,33.0,6401715.44,0.00012219,0.00019719333333333318,0.00012521571428571426,-0.00010694466666666657,6.631149246799059e-05,0.0002084977344172626,0.0003975582369634164,-1.584559411637084,0.49391032300668,0.19514482477595,1.4013161068144544,0.9390326007324582,0.9332655097703922,59.56678699984687,55.437100207703494,34.87394957690134,33.665000000000006,37.3516,60.67759999999999
2022-09-14,33.0,34.35,32.67,34.12,3170484.22,-0.00046221,-3.955666666666682e-05,8.730142857142856e-05,-0.00013235166666666657,0.00036937116364618277,0.0002611902583545741,0.000395001878101879,-1.7502511125475757,-0.8107695454437751,-1.4842000823675188,1.4067023338384854,0.9501850777329974,0.9255153904196098,56.88161693553251,58.641160944452665,39.937304071729635,33.861000000000004,37.309,60.39705
2022-09-15,34.12,34.84,32.42,33.07,3696318.23,-8.829999999999997e-06,-0.00011628333333333348,9.324499999999998e-05,-0.00014010666666666654,0.00030666024217908657,0.0002577189737723945,0.0003900204757076903,-0.11359901113871645,0.16160020462535138,-0.1435194512028385,1.4150582081074459,0.8395298107014895,0.9266517350916098,47.43346007288941,54.53416148594114,39.89978076693643,33.95,37.1658,60.13425
2022-09-16,33.08,33.26,31.5,32.25,2180222.56,0.00021308999999999998,-8.59833333333335e-05,9.219428571428568e-05,-0.00013609933333333322,0.0003441976178495947,0.0002571575725776988,0.00039310221401258716,0.691132246744287,0.6244862192635193,0.5109961823301125,1.413841807162647,0.8469987087747048,0.8760899419131188,38.22957198183259,53.083434094660404,43.87052341174801,34.087,36.952600000000004,59.7971
2022-09-17,32.25,33.89,32.23,33.68,1414903.11,0.00010611,0.0001034566666666665,0.00012346142857142854,-0.00012548266666666656,0.00011098379040802956,0.00022643898236887627,0.0003952657271265854,0.4196235076869252,0.23042096685804914,0.2067489294478986,1.2921688404433895,0.8487947721066655,0.8798759579632317,44.052863433406415,57.16685329899029,47.32798930753111,34.186,36.788000000000004,59.4722
2022-09-18,33.69,33.99,30.86,31.1,2299068.39,0.00016838,0.0001625266666666665,0.0001245278571428571,-9.600333333333323e-05,5.3729658786677106e-05,0.0002266261590297597,0.0003824777870163289,0.6040662316085313,0.3727650574620519,0.39884583029416826,0.9672096019450581,0.8799690137185256,0.8867557303212932,35.99712022856744,47.26804123370233,41.429939351547915,33.934999999999995,36.5332,59.124300000000005
2022-09-19,31.1,33.08,30.5,32.62,3503472.34,-0.00011341,5.369333333333316e-05,0.00010208785714285711,-9.347333333333324e-05,0.0001480271300584255,0.0002339341238362703,0.0003820901365162116,-1.3969828233190336,-0.8733053572030943,-0.4185171319535762,1.0338799286708829,0.8952753338059173,0.8932331242225139,31.40432098595808,51.05263157552757,45.61182761473063,33.730000000000004,36.3386,58.80929999999999
2022-09-20,32.63,32.88,31.29,31.41,2558791.65,0.00016459,7.31866666666665e-05,9.306999999999997e-05,-7.290066666666657e-05,0.00016160856423263524,0.00022846779066034508,0.00037868775990646593,0.439404597581173,0.34155488666971806,0.4181188265502511,1.0481486459640605,0.9111408531140693,0.8857961809286884,41.82939362494546,51.27342623393643,43.47693247412968,33.368,36.1338,58.52475
2022-09-21,31.42,33.48,30.01,30.65,4545539.08,-2.6929999999999998e-05,8.083333333333165e-06,0.00010945499999999996,-5.8799333333333236e-05,0.00014226893593941915,0.0002088680077409674,0.00037197954882541126,-0.6937073368866274,-0.5279459432314292,-0.14236211437522664,1.0473688793719333,0.9168225564707281,0.8868772175607518,31.483457841831537,44.83805667698516,43.516819568139226,32.934,35.951,58.229850000000006
2022-09-22,30.65,32.87,30.59,32.43,2975325.9,-0.00022279,-2.8376666666666835e-05,7.21128571428571e-05,-6.836933333333322e-05,0.00019369405187907803,0.00021868368879512576,0.0003723959813751439,-1.2593699735250217,-1.259374530448245,-0.7095305667546818,1.1122759067485086,0.9479033352017225,0.8969179471498212,46.83168316507107,47.13870028777914,45.83577712233606,32.433,35.828799999999994,57.96915
2022-09-23,32.43,33.98,31.2,33.66,3481076.73,9.836000000000001e-05,-5.045333333333348e-05,5.770999999999997e-05,-6.466733333333324e-05,0.0001618621049947616,0.00020894338489719206,0.0003735188077795363,0.756433979215639,0.040386339028382526,0.2504002477547058,0.8342342319473717,0.959351888926455,0.8616296920287908,56.70789723694618,47.57094756774413,53.05223410482863,32.498999999999995,35.7254,57.72915
2022-09-24,33.67,34.79,33.14,33.38,3102314.35,0.00030000000000000003,5.852333333333318e-05,5.7709999999999974e-05,-4.660066666666657e-05,0.0002636618403055967,0.00020894338489719206,0.0003777298774478534,1.1960817292157577,0.9392970432469392,0.8416861729477847,0.7739844800772866,0.9515873904418436,0.8614741158232176,48.39743589381644,46.01641718665268,52.9024160606173,32.425,35.582,57.484449999999995
2022-09-25,33.39,34.05,31.87,32.34,1838509.33,0.00030000000000000003,0.00023278666666666652,6.142142857142854e-05,-1.9480333333333232e-05,0.00011641690827939007,0.00021300622680881683,0.0003722107708189903,0.9408411393665154,0.9012259446234201,0.8250284047740448,0.7444710289967627,0.9623228373919733,0.8227921842211109,57.92838874161769,43.896821738302364,52.98554367855564,32.352,35.4274,57.20585
2022-09-26,32.33,33.95,31.87,33.88,3284142.93,0.00019359,0.00026452999999999985,5.94385714285714e-05,2.3863333333333427e-05,6.143584214445362e-05,0.0002115270165998585,0.00031209158417463365,0.2761949764294509,0.4455241594061653,0.5172146076867818,0.7275324573690864,0.962672974497939,0.814740494877653,58.03571428053257,41.44230768951831,52.326322493737614,32.515,35.293,56.9609
2022-09-27,33.89,35.41,32.08,32.69,4411114.63,0.00029514,0.0002629099999999998,7.179214285714284e-05,6.481066666666676e-05,6.008204141004399e-05,0.0002203404176121688,0.00025809652675630283,0.6410581792746451,0.8367100164510748,0.819234686987781,0.732947215662665,0.9472210461089644,0.8171063740616114,58.18414321729808,49.116809112890955,51.92915875567989,32.416000000000004,35.103199999999994,56.721000000000004
2022-09-28,32.68,33.81,31.65,33.22,3091106.5,-0.00024004,8.289666666666652e-05,8.766142857142854e-05,8.188933333333344e-05,0.0002842431505477901,0.00018391135255277385,0.00021561067453153333,-1.7546215469957704,-1.5744002371597248,-0.7447975083602892,0.6575442665709123,0.9419489482003888,0.8094158707107834,66.93017127182463,47.34669810929921,52.67745952218254,32.628,34.961,56.480199999999996
2022-09-29,33.23,34.42,32.65,33.93,2735381.21,0.00019328,8.279333333333316e-05,0.00010209785714285712,9.037833333333342e-05,0.000284182838562313,0.0001836868055718681,0.00021478681859449103,0.20100026247549144,0.47855617726259997,0.5514288331815865,0.6819759461598583,0.9364937549661722,0.8083262762683289,61.50306747805949,52.587244279565454,53.54523226925652,32.759,34.7902,56.2562
2022-09-30,33.94,35.22,32.62,33.25,4264290.42,0.00018882000000000003,4.735333333333317e-05,0.00010036428571428569,9.43860000000001e-05,0.0002488999175036707,0.0001826704374934664,0.00021548678928382325,0.29902546136758884,0.49396142816911565,0.539642447051741,0.6339493875084706,0.938444940529224,0.8087295574361515,46.56616414864386,53.03398057801896,53.05875226685147,32.943,34.5998,56.01635
2022-10-01,33.25,33.25,32.34,32.44,1458835.24,-3.666e-05,0.00011514666666666652,9.016642857142855e-05,9.62320000000001e-05,0.00013148734134255395,0.0001862746209067261,0.00021406720693629375,-0.5400318453959434,-0.5351157574048588,-0.12829995622813925,0.4894338023664955,0.9431069902221876,0.8036323922974908,42.76923076462482,46.09079444738164,51.95729536935111,33.122,34.339,55.76435000000001
2022-10-02,32.44,33.0,31.9,32.06,1472849.24,-0.00018086,-9.566666666666818e-06,6.522071428571426e-05,8.261000000000009e-05,0.00018632327319295018,0.00019800990031439318,0.00021836550937075064,-0.8197677684713442,-1.1185114393056435,-0.5622696529328653,0.4038194510849942,0.8868562024720577,0.8007417049386947,47.60273972032158,53.513909218527125,49.8487598263891,33.084999999999994,34.0482,55.4858
2022-10-03,32.06,33.27,31.73,32.89,1890470.2,0.00016021,-1.910333333333349e-05,8.476499999999998e-05,9.900466666666675e-05,0.00017121145882602264,0.0001924476538118373,0.00020419605220493546,0.5701378798246726,0.5044891228254952,0.44544104843282484,0.45185430045431013,0.7183716620718864,0.8034508128097501,40.35087718747648,51.040863525716496,51.04812518030899,33.008,33.8086,55.21125
2022-10-04,32.9,34.4,32.84,34.09,1949740.88,9.017000000000001e-05,2.3173333333333178e-05,7.944928571428568e-05,9.689533333333343e-05,0.00018013495283629539,0.0001910962063167916,0.00020394092135970715,0.2994838835710481,0.047222618474631835,0.24340781868243944,0.5309991937118477,0.7206508351631424,0.8009950783948795,63.61867703413759,60.339506166321364,54.75273911302021,33.079,33.616,54.9327
2022-10-05,34.1,34.37,33.18,34.04,1777550.81,0.00010684,0.00011907333333333319,8.90042857142857e-05,9.376500000000009e-05,3.6587446389892275e-05,0.00018869723558830902,0.0002030104649714389,0.5747700779833462,0.11185821463743799,0.30481598663244164,0.48486996627668777,0.7069710405390369,0.8006819482415574,58.798283252970215,63.83673468658193,52.10871602168371,33.249,33.4352,54.64135
2022-10-06,34.04,34.5,33.23,33.36,1799751.22,0.00013003,0.00010901333333333318,0.00011420571428571427,8.840466666666677e-05,2.0018677112470694e-05,0.00016605427100399982,0.0001997238453073558,0.498560164491177,0.27693981067507767,0.38197920012064435,0.4610231046635995,0.7037201706955384,0.8008166900669056,43.844492433975994,54.17040358064228,49.606547052599986,33.197,33.291599999999995,54.365050000000004
2022-10-07,33.35,33.76,32.43,32.98,1963117.82,-6.328999999999999e-05,5.7859999999999836e-05,0.0001026592857142857,9.483900000000009e-05,0.00010555773728154946,0.00017272687058624074,0.0001911609697096497,-1.7046665402667547,-0.8140439065952708,-0.18599917207344452,0.459906186565602,0.6798959508874882,0.7942529941840745,46.88221708249014,46.69902911986616,47.28208426721164,33.226,33.1608,54.086999999999996
2022-10-08,32.98,33.08,32.35,32.58,785559.59,0.00019920000000000002,8.864666666666652e-05,9.545928571428568e-05,9.147900000000009e-05,0.000136050304054543,0.00016583133824941797,0.00018829493265744445,1.1042679861065348,0.7147233225729707,0.6213365602343186,0.4224455690003063,0.5843379389307662,0.7879474145145412,51.78571427646684,46.161228400707685,46.064889170286484,33.16199999999999,33.0962,53.79774999999999
2022-10-09,32.57,33.14,32.44,32.92,883235.74,-9.865000000000001e-05,1.2419999999999839e-05,6.69842857142857e-05,7.819066666666677e-05,0.00016271957073444224,0.00016219418038092181,0.000187134941482522,-1.1883309065939602,-1.0340140858176374,-0.27280100338566804,0.22470396870012518,0.5493403568943236,0.7765284027589882,61.08247421578405,52.98353908701882,46.706967860936054,33.061,33.049,53.487899999999996
2022-10-10,32.92,33.46,31.88,31.96,1554680.4,0.00030000000000000003,0.0001335166666666665,7.458499999999996e-05,7.819066666666674e-05,0.00020728285224140729,0.00017084606254886298,0.000187134941482522,1.2093814821703708,1.2211359390913037,0.9528442933239929,0.28271214773464076,0.5393924975731947,0.7784894144679289,38.40399001823375,39.49671771823902,40.84836338963343,32.932,32.958800000000004,53.1361
2022-10-11,31.95,31.96,30.42,30.8,1923666.97,0.00021173,0.00013769333333333317,6.862714285714284e-05,7.698033333333344e-05,0.00020938368282493513,0.00016387523403387953,0.00018611315743073982,0.5698528529710054,0.6532490060179208,0.6885825020094123,0.351714185386501,0.553121014178553,0.7643565032878079,8.564231736525272,39.62678374802665,45.873968487305056,32.768,32.8666,52.7971
2022-10-12,30.8,31.55,30.67,31.16,1048211.96,6.852e-05,0.00019341666666666653,9.066714285714285e-05,7.188600000000009e-05,0.00011682157862883202,0.0001378516884987866,0.00018410599676682454,-0.43604300996367923,-0.2638170895555648,0.2604523113515451,0.4261242223654825,0.49579021215870395,0.7618246895897923,16.355140184241023,38.47874719755368,44.28571428092664,32.678000000000004,32.776199999999996,52.444250000000004
2022-10-13,31.15,31.21,27.87,30.49,4402648.71,-0.00016203,3.940666666666651e-05,6.528785714285713e-05,6.241200000000009e-05,0.00018857312648766836,0.00014970460088391615,0.00018868410251178668,-1.14742332567317,-1.514338184818643,-0.4365817065393561,0.4355399350432576,0.4694658368271164,0.7587851137365197,16.393442620263414,30.67415729854565,44.94514106089944,32.438,32.6882,52.061499999999995
2022-10-14,30.48,31.98,29.62,30.0,2384103.67,7.680999999999999e-05,-5.566666666666829e-06,5.728714285714284e-05,8.037933333333343e-05,0.00013556460464787516,0.00014552966583260981,0.00016057475788085288,-0.1267406098430405,-0.059628312658541086,0.32365497629829726,0.3557883718092129,0.47175181308820824,0.7576122398209565,15.981735157263245,31.343283577051622,45.53394203543092,32.029,32.5828,51.68275
2022-10-15,30.0,30.2,29.42,29.59,1009243.59,-0.00012307,-6.943000000000017e-05,5.111499999999998e-05,7.657133333333342e-05,0.00012813693300528972,0.00015152932840005942,0.000164079630935119,-0.8882343178406116,-1.155520253664026,-0.2888036623580507,0.3362246834027881,0.4585883290717057,0.7575479513441271,15.945330293585073,32.85198555403218,41.53909805062848,31.583999999999996,32.5402,51.272600000000004
2022-10-16,29.59,30.53,29.56,30.17,934949.4,-0.00016503999999999998,-7.043333333333349e-05,5.224499999999998e-05,6.39670000000001e-05,0.00012923165105087627,0.00014971446992136263,0.00016771427332485845,-0.8451511228104854,-1.2654852221851633,-0.407925868972737,0.35107768331223804,0.4130791781957846,0.7476039159664678,20.302375806865754,38.89541714988796,47.90257103589864,31.265000000000004,32.513000000000005,50.81935000000001
2022-10-17,30.16,31.29,29.84,31.21,1694429.96,-4.332e-05,-0.00011047666666666683,3.770714285714283e-05,5.8986000000000096e-05,6.182947220651263e-05,0.00014829928950645818,0.00016863594781001433,0.3918442646527995,-0.4665128799393145,-0.03194069877541438,0.47274511442000794,0.4230801731454921,0.7518336179461151,42.03821655426184,40.3669724705833,46.7496542124989,31.088,32.528400000000005,50.361549999999994
2022-10-18,31.22,31.48,29.73,30.15,1966281.14,0.00021271000000000001,1.4499999999998455e-06,4.645999999999998e-05,6.046366666666676e-05,0.00019281345985174708,0.00015509448832141243,0.00016981764254800935,1.4341255979749357,1.0634424421195396,0.758593304380025,0.5357937622951089,0.43588376021521524,0.7177845948134806,42.95010845334812,27.039627035214977,47.07520890752968,30.845000000000006,32.483,49.8397
2022-10-19,30.14,30.26,28.61,28.86,1713727.76,0.00023131,0.0001335666666666665,5.5350714285714266e-05,7.195433333333344e-05,0.00015347038682864223,0.00016222563936896584,0.00016930876455879522,1.1140898473570948,1.158622892012766,0.7945779526706359,0.6422718780818449,0.44945462017648513,0.7242656849365676,29.24187725262287,23.625254579116586,45.944721335358174,30.439,32.4308,49.321549999999995
2022-10-20,28.86,29.47,27.98,28.01,2379315.87,0.00028450000000000003,0.00024283999999999984,6.63842857142857e-05,7.595133333333343e-05,3.7257974985209185e-05,0.00017261586934415676,0.0001729473996521068,0.9176449582172279,1.4225587905238877,0.9389397565380652,0.6702387181670528,0.45630562652541384,0.7212898437158912,28.321678318212406,23.223223219968745,39.545884573759295,30.044,32.361,48.7771
2022-10-21,28.01,28.28,26.84,28.1,3208878.96,0.00014846,0.00022142333333333318,8.15092857142857e-05,8.179766666666677e-05,6.855676504424678e-05,0.00016963068079999495,0.00017231295085479682,-0.14375877947049512,0.5037774385311099,0.46264852625387626,0.6152468942639859,0.4529499604001504,0.7187559830375273,32.14285713862783,24.845360821156376,36.09999999494601,29.774,32.2908,48.2569
2022-10-22,28.1,28.22,27.48,28.01,1333382.63,-0.00026942,5.451333333333317e-05,4.803642857142855e-05,8.024333333333344e-05,0.0002886629933561523,0.00018967250952857547,0.00017533893897115098,-1.746077536579994,-2.0164419634226425,-0.9235361820067685,0.3915312310908503,0.45275760931343884,0.7181849900417612,34.199999995212025,25.665601700113783,36.446239267942985,29.458999999999996,32.2264,47.7626
2022-10-23,28.01,29.44,27.73,29.28,2150824.0,0.00012812,2.386666666666497e-06,6.42342857142857e-05,8.123533333333343e-05,0.0002356110713301364,0.0001858259883585689,0.0001755290526838242,0.10771681163537729,0.3937726586349989,0.40138013001661244,0.6493798120410902,0.4845074691773913,0.7264463264135057,42.17926185772838,32.364341080880806,42.36526945515855,29.338,32.1896,47.344249999999995
2022-10-24,29.28,29.5,28.16,28.3,2525864.52,0.00016791,8.869999999999834e-06,5.4799285714285694e-05,7.683233333333343e-05,0.00024182597896008035,0.0001760296709894947,0.00017146186144107776,0.3603039542273385,0.6056757219712081,0.5137261919325268,0.6013310327217087,0.4604820161187684,0.7296150301787103,24.156305503213247,32.30174080800556,35.67761806468701,29.168,32.1124,46.89335
2022-10-25,28.31,32.31,28.05,30.86,4389638.87,9.168999999999998e-05,0.00012923999999999984,4.622499999999998e-05,6.988866666666676e-05,3.812234121876328e-05,0.0001706386655502136,0.0001662514128066846,0.2099133371725132,0.1525860203278912,0.2297836494006428,0.8944368040985998,0.6165320185015717,0.7169589082368282,54.97896212643966,50.25553662092352,45.61151078524162,29.294999999999998,32.086,46.49804999999999
2022-10-26,30.87,32.17,30.63,31.29,3909684.74,0.00020893000000000002,0.00015617666666666648,5.62542857142857e-05,7.04000000000001e-05,5.9494182348636716e-05,0.0001760891038307042,0.00016666806410675148,0.746306185317989,0.821300663426885,0.6493557404029772,0.8814155343237203,0.6174670628767358,0.7176790703763035,69.37799042287647,50.55038102703044,45.349397584242006,29.407,32.0942,46.0897
2022-10-27,31.29,32.36,30.41,30.58,3608322.35,0.00025306,0.00018455999999999985,8.590357142857139e-05,6.899733333333343e-05,8.33995917256144e-05,0.00017139095661477917,0.00016487891565362508,1.3016473204577166,0.9794594324304243,0.8668900547958998,0.9457293617638584,0.6223527296008348,0.7146109401850137,70.96247960037947,50.37974682949099,41.92771083771578,29.344,32.052,45.687250000000006
2022-10-28,30.6,32.54,30.11,32.07,3017472.57,6.987e-05,0.00017728666666666653,8.540785714285712e-05,7.932766666666676e-05,9.560658676750564e-05,0.00017142931313732698,0.0001542123326317837,-1.1439531014990783,-0.05780094506906318,-0.05777681933311808,0.9544446518653221,0.6581693366709414,0.7071725219751528,76.36122177244981,58.054474701846196,47.26345082874129,29.536,32.0212,45.349250000000005
2022-10-29,32.06,33.84,31.85,32.87,3316674.09,0.00030000000000000003,0.00020764333333333313,0.00011562714285714285,8.288500000000008e-05,0.00012160164239570217,0.0001691258111324149,0.00015811315986470755,1.147191148951238,1.1806383177455844,1.1407988975404906,0.7764130122107213,0.6655944076474055,0.705828283972698,79.49029125538308,62.38670694204369,50.99767980775899,29.937,31.9852,44.9975
2022-10-30,32.87,33.54,31.93,32.94,1962511.76,0.00027022,0.00021336333333333318,0.00014671714285714282,8.559833333333345e-05,0.00012515775898174337,0.00015277904933031302,0.0001606715090741034,0.5509772475805983,1.0244477633203348,0.9560645571876465,0.500241294161153,0.6522290892455642,0.7058365694800791,75.9943181742619,60.879811462275576,52.0715630816478,30.429999999999996,31.9434,44.6375
2022-10-31,32.93,34.39,32.2,32.56,3082485.07,0.00025671,0.0002756433333333332,0.00016814785714285713,9.537733333333343e-05,2.2148711775889624e-05,0.00014491194903101174,0.00016189693594535545,0.29255615296891924,0.9203200936631084,0.855067266417943,0.5420433783387136,0.632172489138303,0.706454954612634,83.07453415246088,55.592377789740745,49.20634919972209,30.875999999999998,31.8948,44.29645000000001
2022-11-01,32.57,33.39,32.15,32.2,2015730.52,-0.00017825,0.00011622666666666651,0.00014022214285714282,9.546433333333342e-05,0.000255113720590119,0.00017098830419641728,0.00016174400210979857,-1.5982196661891948,-1.4708970563555366,-1.4020765748410264,0.4871115215991406,0.633524546087778,0.7063514345755701,65.80188678158936,59.014951619822284,45.26315788838412,31.295000000000005,31.79,43.95089999999999
2022-11-02,32.2,32.95,30.24,30.8,3423829.13,2.141e-05,3.328999999999984e-05,0.0001252292857142857,9.083766666666676e-05,0.00021772322154515564,0.00017158835559664916,0.00016181326039352948,-0.5440527593317975,-0.44003981168500333,-0.4023247121030145,0.4794639458671761,0.6566377594906838,0.714957992929815,45.29750479237846,58.4494773447884,42.39436619161013,31.446999999999996,31.746,43.5946
2022-11-03,30.81,32.25,30.61,30.85,2302866.46,-0.00016448000000000002,-0.00010710666666666683,9.315928571428569e-05,8.234933333333344e-05,0.00011151144978582193,0.00018121785662836176,0.00016839480672088285,-0.9439473219931847,-1.3729221414828319,-1.3692505375890498,0.3620946932497276,0.6523263909169561,0.7101610587847484,52.96703295888423,63.295880141515525,43.92839863942915,31.701999999999998,31.6806,43.2481
2022-11-04,30.86,34.2,30.66,33.74,4106770.6,0.00010972000000000001,-1.1116666666666832e-05,9.039214285714282e-05,8.244533333333342e-05,0.00013996391689765893,0.00018060320710917713,0.0001684100702561071,0.5444498678081824,0.07434201137829798,0.11682113935089854,0.9619308832348686,0.7484248094228353,0.7442317887183456,64.03361343784482,70.91988129827243,51.639344256057385,31.990000000000002,31.694000000000003,42.905150000000006
2022-11-05,33.73,38.79,33.66,36.9,7466083.52,0.00030000000000000003,8.174666666666652e-05,0.00013106499999999995,8.81110000000001e-05,0.0002335001030692143,0.00015574596593117477,0.00017286623693297683,1.4125861712220729,1.063739463038619,1.1433234044247618,1.170120760834227,0.827330553863179,0.7680540794460713,74.24789409723546,76.85800603579449,58.32690824351136,32.551,31.787,42.5471
2022-11-06,36.9,37.06,32.31,32.62,4722074.05,0.00030000000000000003,0.0002365733333333332,0.00014334214285714283,0.00010022066666666678,0.00010985820922139543,0.00016213921905751833,0.0001746103746361123,0.9472222454843418,0.9624398556031828,1.1152616842190097,1.7399775293849191,0.9957266449587747,0.8167837405481684,48.722044725710425,58.53783230664861,49.49799196323311,32.755,31.7658,42.182249999999996
2022-11-07,32.61,33.13,28.0,29.62,9810937.64,0.00029319000000000003,0.0002977299999999999,0.00015229071428571428,0.00010335366666666677,3.931755332908051e-06,0.00016698419231787916,0.00017727054032013067,0.6189229604848141,0.8836690208947028,1.0791283351379177,1.9161801074678795,1.0718730550917215,0.8475286462308205,40.29062086999976,53.05838739229464,46.33458646210097,32.510000000000005,31.7362,41.82145
2022-11-08,29.62,31.72,19.8,24.38,28156844.019,-0.00219023,-0.0005323466666666668,-1.0703571428571459e-05,3.363433333333344e-05,0.0014357731207378626,0.0006489209561987842,0.00045429815065379706,-1.783878392405335,-4.036635814837483,-6.506624166337659,2.4793009758118316,1.346581142348866,0.967309273893196,30.46953046846508,36.644682602996596,41.083333330137954,31.661,31.571400000000004,41.440599999999996
2022-11-09,24.38,24.38,12.37,14.08,34965021.076,-0.05,-0.017299013333333335,-0.003597055714285715,-0.0016430323333333332,0.02834709403897044,0.013371292136277926,0.009144326483146647,-1.7867539035450142,-4.243506320861018,-7.606102797216412,4.471179380925082,2.675682866295551,1.651304752826785,21.09266943240786,24.787576910791017,31.41053547914781,29.775000000000006,31.224800000000002,41.00785
2022-11-10,14.08,18.87,13.14,17.66,31278279.25,-0.17166137,-0.07461720000000001,-0.015876657857142856,-0.0073721356666666665,0.0873763224512505,0.04677609385837356,0.03234675208744071,-1.7124526758972927,-4.074100244515005,-7.308996381023313,5.288799029541543,2.8969330413657834,1.7554938860292257,29.676425269005435,32.540540539309276,36.867963150394466,28.285000000000004,30.965,40.6
2022-11-11,17.65,18.31,15.1,16.45,16952323.15,-0.03584739,-0.08583625333333333,-0.01844217642857143,-0.008569332666666667,0.07466282261332098,0.04681915323920832,0.032724311894706044,0.22789824882789744,-0.5789084056800676,-1.3530836210890496,5.329274997241392,2.9023991872283803,1.7501589231330255,21.904452388191956,28.7309368180767,36.33245914662637,26.71,30.645400000000006,40.1773
2022-11-12,16.46,16.53,14.47,14.58,6958266.14,-0.0177,-0.07506958666666667,-0.01972789071428572,-0.009153931666666667,0.08414161512942472,0.046511015421413636,0.03272559409043053,0.560381979487385,-0.09963506051593972,-0.5619113353551558,5.3165125545424035,2.910501569018228,1.7480008204000477,12.14382632264244,25.80047631553002,35.29296492065804,25.088,30.2638,39.771699999999996
2022-11-13,14.58,14.74,13.02,13.18,7632404.82,-0.00869353,-0.02074697333333333,-0.020368158571428572,-0.009446276333333333,0.013830982000401481,0.04627564794470561,0.032679431559458745,0.7265612470262526,0.13942339093797332,-0.17132210675025444,5.291626143881023,2.924142553055235,1.7570354623700082,13.458646616187181,24.744376277233073,33.61620057677675,23.321,29.8598,39.3458
2022-11-14,13.18,15.01,12.07,14.0,12412181.95,-0.01439738,-0.01359697,-0.021414879285714287,-0.009922086666666666,0.004556272335066894,0.04593774127826847,0.032642901510349036,0.5113970448833659,0.013348629749535225,-0.40430077037755885,2.780921544467508,2.904710019298912,1.7665703340262238,18.018018017501532,26.541961576411552,33.333333331525594,21.347,29.493000000000002,38.9246
2022-11-15,14.0,15.1,13.82,14.32,7666656.34,-0.00506481,-0.00938524,-0.02176391928571429,-0.010085412333333333,0.004704578912537829,0.04578227209476233,0.03260463499426875,0.9431278204984375,0.25788281175362027,-0.0023089687399523223,1.5150412387885905,2.908041327751456,1.7686865817216253,24.20512820425931,27.378542509151572,34.446846136835305,19.089,29.101799999999997,38.526399999999995
2022-11-16,14.32,14.64,13.64,14.27,4117412.48,-0.0077782,-0.009080129999999999,-0.022321034285714286,-0.010343241666666668,0.004800571007171501,0.045543612393626656,0.032553028251285844,0.5701389836636311,0.199617339530444,-0.11256697800374155,1.5066615612077758,2.9113000707308063,1.7631242122957078,51.027027023165516,28.34686926801976,35.307150048361336,17.253999999999998,28.733400000000003,38.1746
2022-11-17,14.27,14.5,12.93,13.65,6589277.99,-0.00768396,-0.006842323333333333,-0.022858140000000002,-0.010606464000000001,0.0015400927024139797,0.04530593481105386,0.03249660718896991,0.3015142818142229,0.21261579153385837,-0.10299035283091094,1.1877833655277172,2.8857000583612686,1.7571679006245546,18.12400635728349,27.800722766161044,35.47146903886441,15.657000000000002,28.342000000000002,37.79445
2022-11-18,13.65,13.89,13.0,13.27,2949495.18,-0.00323504,-0.0062324,-0.023097051428571432,-0.010722009000000001,0.002596217541269495,0.04518415722827703,0.03246288857913256,1.03837651608946,0.33182382595618987,0.08931044767280756,0.7950364271288061,2.870795982711159,1.7507118130446155,20.879120876444077,21.749930995571347,35.08348420643263,14.545999999999998,27.928800000000003,37.4233
2022-11-19,13.28,13.28,12.58,12.84,2920148.22,-0.00235907,-0.0044260233333333334,-0.023286985000000003,-0.010810128,0.002855248562424755,0.04508371840604676,0.032435558112355586,1.1514908929511445,0.3582001584051674,0.1285829150083308,0.512832496331665,2.86355384109672,1.7503611821774137,28.358208950285885,14.089552238217166,34.845154843205464,14.422,27.520599999999998,37.0582
2022-11-20,12.84,13.58,12.1,12.27,4790066.03,-0.00197901,-0.002524373333333333,-0.023449771428571433,-0.010881043666666668,0.0006441247815668203,0.04499602939270237,0.03241309047759961,0.9099331033662598,0.3713003503167082,0.14625872188106387,0.3247042812723712,2.8591404761249692,1.751829138465843,35.73667710814556,15.84424303383075,32.765957444949436,13.883000000000001,27.117199999999997,36.655699999999996
2022-11-21,12.26,12.29,11.27,11.83,4921177.259,-0.00242879,-0.002255623333333333,-0.023644198571428573,-0.010953022666666666,0.0002420773052735144,0.04489130360398203,0.03239110307863512,0.4690941944904748,0.36304663096956136,0.12863506837311905,0.14105330358844187,2.854765865224076,1.743272366573151,11.38790035303505,17.333822988458778,33.12845728144315,13.421000000000001,26.7126,36.292249999999996
2022-11-22,11.83,12.5,10.94,12.44,5495351.55,-0.00163166,-0.0020131533333333333,-0.023604300714285716,-0.011011682,0.0003996603365715318,0.04491208130387147,0.03237193124985514,1.15819465815043,0.38608463189242853,0.1640027539940547,0.7449980873160548,2.886848675148997,1.7460701392882287,19.67741935039541,23.58407079499922,30.345710625587543,13.206999999999999,26.303600000000003,35.94605
2022-11-23,12.43,14.5,12.4,14.36,7872882.42,-0.0015057999999999998,-0.0018554166666666667,-0.02014042928571429,-0.011067472333333333,0.0005005276410234102,0.044588605590699354,0.032353436736377014,1.1427126376183363,0.39135466841342115,0.17072134835651465,1.551003755188938,2.9928918211080227,1.7901318326179207,50.90543258840366,50.984528827610525,32.4922440518929,13.325,25.909000000000002,35.62355
2022-11-24,14.36,14.96,13.84,14.59,4725295.69,-0.00455619,-0.00256455,-0.008204345,-0.011222401666666668,0.0017259584589714705,0.009346164400071542,0.032309255101756314,-1.7134973026076707,0.31935468931912253,0.04367358530557617,1.4647274258641445,2.9486934413902106,1.7910814183703567,60.262008724414095,35.878564852784734,33.29851681443,13.384,25.52,35.3196
2022-11-25,14.6,14.61,13.91,14.03,2819515.28,-0.00149173,-0.0025179066666666666,-0.005750369285714285,-0.011279090333333333,0.0017652191652677307,0.005054880085993696,0.03228999269067094,0.6357837611492659,0.40142970184245863,0.17612492763367435,1.4377416680694495,2.889139184720859,1.7858455853243949,57.98319326878398,38.160469662091515,30.783979546523327,13.355,25.1334,35.07895
2022-11-26,14.03,14.98,13.97,14.17,2911827.78,-0.0010576499999999998,-0.002368523333333333,-0.00456163,-0.011322780666666667,0.0019069662936005171,0.00383925162703709,0.032274734057914665,0.6985895597145612,0.41477057106705834,0.19572328609469553,1.2991491292195436,2.878794196387819,1.7860671076861718,64.87695748424744,47.58539457401419,29.796888502950935,13.344999999999999,24.7572,34.8153
2022-11-27,14.17,14.45,14.05,14.12,2063327.08,-0.00223857,-0.0015959833333333334,-0.004100561428571428,-0.011399728666666668,0.0005973228438026152,0.0036895478219086545,0.03224937746586904,-0.04899573381347688,0.3879849582240666,0.14660554337869539,1.326619289481496,2.8721883083878756,1.7846824317081162,73.4177215059766,56.58263304212665,29.658452224750462,13.392,24.387999999999998,34.6314
2022-11-28,14.11,14.17,12.78,13.32,4718682.44,-0.00838202,-0.0038927466666666666,-0.0036708928571428574,-0.011689129333333333,0.00393240693566022,0.002582302555711977,0.032179645737261654,-1.600543876688595,0.23707491909335004,-0.11054554278279834,0.6166244355645993,2.7861972369342123,1.7856924746408307,67.28538281969843,45.2247190922311,29.391602397551495,13.397,23.996000000000002,34.4748
2022-11-29,13.33,13.96,13.14,13.34,2605636.41,-0.00140554,-0.0040087099999999995,-0.0034095164285714284,-0.011744988000000001,0.00381023162186963,0.0026153407779500905,0.03215961858630129,0.48912324500101434,0.3614588233954552,0.1896923222156803,0.5604707785519689,1.5234482115653618,1.7861467216699352,62.09677418186351,42.815249258073116,29.65041001115621,13.447,23.6236,34.296899999999994
2022-11-30,13.35,14.32,13.21,14.16,3599962.88,-0.00230822,-0.004031926666666667,-0.0030188035714285716,-0.011830485666666668,0.00379423138489584,0.0023023459969296134,0.03213000719101594,0.25563189232288247,0.5181032257987594,0.15266236630324637,0.8024542472130564,1.1658658979785,1.7954717965201679,46.183206094531215,49.275362309751586,31.818181816234897,13.636,23.290800000000004,34.10555
2022-12-01,14.17,14.19,13.4,13.51,2567835.92,-0.00118273,-0.0016321633333333332,-0.0025544300000000003,-0.011863968333333334,0.000595987027063886,0.001911480385367685,0.03211796681243941,0.6418709934806396,0.7913056510652938,0.20168433925534918,0.8924483112373449,1.1465214158799009,1.7973241676508016,32.23684209784021,49.08136482037875,31.298533216401296,13.803999999999998,22.937800000000003,33.87895
2022-12-02,13.51,13.84,13.33,13.71,2865008.71,-0.0027346500000000004,-0.0020751999999999997,-0.0025186878571428575,-0.011955837,0.0008017715771310084,0.0019024318181015223,0.03208672462213835,0.15785803761679643,0.3880051315721482,0.1372375736995895,0.9168979877829093,1.03562067297716,1.796029058208727,44.02985073476836,52.95698923734681,27.066636132910773,13.931000000000001,22.602199999999996,33.67855
2022-12-03,13.71,13.77,13.2,13.29,1958859.38,-0.00038283999999999996,-0.0014334066666666669,-0.0023775285714285714,-0.011963115666666666,0.0011957765938620964,0.0019866402579028033,0.0320839822441377,1.3074701141746647,0.9576814233463159,0.23852558259350756,0.7964733790727195,0.9481051020624239,1.7919882351065828,35.13513512682616,53.028263785432095,21.158074760340995,13.824000000000002,22.268,33.4599
2022-12-04,13.29,13.75,13.27,13.71,1778118.75,-0.00019403999999999998,-0.0011038433333333336,-0.0022500307142857144,-0.011973240999999999,0.0014154713518925123,0.002069723859802836,0.03208008851133862,1.0295440999291998,1.1368818851602465,0.24685764322548737,0.8419813539787552,0.9204144839235792,1.7953876758035716,43.84384383462745,59.89010987859257,24.494200160005846,13.735999999999999,21.9504,33.2788
2022-12-05,13.71,14.17,13.58,13.82,3962489.89,0.00013394,-0.00014764666666666664,-0.0020669785714285713,-0.011978776333333333,0.0002614950250546922,0.002163883392851513,0.032077912024604395,0.8758685469156836,1.1447591415085787,0.26093208821455965,0.6268307727168815,0.915306177690614,1.7962444145885461,59.46969695392848,64.31654674963406,26.887068458885793,13.715,21.6234,33.0869
2022-12-06,13.82,14.38,13.81,14.3,3280084.71,0.00017885,3.9583333333333345e-05,-0.0019376564285714284,-0.011982814666666668,0.00020356601737112737,0.0022445008366246103,0.03207632051543704,0.6403246777412746,1.102665986648939,0.26267456180856813,0.4996360138603759,0.9279836154951809,1.800268263151892,65.48387095295524,63.63636362330045,32.86879673378543,13.728,21.2852,32.91125
2022-12-07,14.3,14.34,13.39,13.49,2647330.66,0.00012660999999999998,0.00014646666666666666,-0.0018210557142857144,-0.011988367333333335,2.828325349628811e-05,0.0023101040238671386,0.03207413650660241,0.6208918308035717,1.057729127760666,0.26048796908613864,0.7709466628833013,0.9425700320770853,1.8035838924845393,39.15857604290908,42.38178632936349,48.51981936097063,13.665000000000001,20.952,32.72715
2022-12-08,13.49,13.77,13.27,13.69,2218371.02,-0.00021310000000000003,3.078666666666666e-05,-0.001510835,-0.011922463000000001,0.00021282101406661582,0.0022037170234077068,0.03209698657614882,-1.1382179281072515,0.8010809815823756,0.24599449134214763,0.7172970478894677,0.936208578648419,1.8039884482385833,53.4090908949294,42.07746477836119,38.00604228964248,13.702000000000002,20.648600000000002,32.5332
2022-12-09,13.69,14.02,13.51,13.59,2597941.96,-5.2130000000000004e-05,-4.6206666666666686e-05,-0.0014080064285714286,-0.010257534000000002,0.00016993244371910738,0.0022379973296009262,0.03134024964972642,-0.5291662051327419,0.811196057674965,0.25317230340786007,0.6676241856697227,0.9243977569179267,1.8036810927310658,47.637795262462014,45.78544060074721,40.738341961524135,13.727,20.3602,32.3553
2022-12-10,13.58,13.73,13.54,13.58,950118.11,-0.00021599,-0.00016040666666666668,-0.0013478878571428574,-0.0045426880000000005,9.378147700028453e-05,0.00225933568788271,0.007320204871322077,-0.9784511975584277,0.6762083756413424,0.2464643622081793,0.6601163693087488,0.8989566582837122,1.8030716813990912,56.80751171842008,44.20432218823457,46.318114865265784,13.669,20.0698,32.17485
2022-12-11,13.58,13.8,13.39,13.42,1210234.56,-0.00015448,-0.00014086666666666666,-0.0011990242857142857,-0.0033529243333333333,8.277389098232395e-05,0.0022647878710366745,0.004358038375757011,-0.36591137138468854,0.6459244636561574,0.24927464608590433,0.5236224059550564,0.8830690805751447,1.8019657112502105,42.2459892889988,43.26923075758137,50.97244731420398,13.66,19.778,32.00205
2022-12-12,13.42,13.5,12.82,13.31,2644017.08,-0.00059453,-0.00032166666666666666,-0.000642775,-0.002782742,0.00023829953635784773,0.0009248132231528985,0.0034381198669616577,-1.6932161921094424,0.4014511123607777,0.2307105216312214,0.20105706429875495,0.8622272613793399,1.801916736025163,36.36363635002431,49.88913523950227,47.03353395256287,13.62,19.4586,31.851399999999998
2022-12-13,13.31,14.15,12.76,13.89,3963954.49,8.366000000000001e-05,-0.0002217833333333333,-0.0005364035714285714,-0.002490169,0.00034406790467632814,0.0009159325849777081,0.0032879626602622574,1.061548562573927,0.6865383762013724,0.2598216204905839,0.4314251284362204,0.6212576159690687,1.807273637969456,39.59390861537271,55.42406310106634,48.19175776829799,13.680000000000001,19.1704,31.715
2022-12-14,13.9,14.96,13.81,14.12,5084591.13,0.00030000000000000003,-7.028999999999997e-05,-0.00035010214285714287,-0.0020002563333333333,0.0004667134368057297,0.0007835051847369354,0.002437587783206669,1.2363869944563377,0.7142376338264583,0.2687853814773844,0.42774006415797367,0.6215511831169985,1.8087106245069593,72.66187046700483,49.55357141308593,49.37862467785749,13.720999999999998,18.8356,31.56435
2022-12-15,14.12,14.52,13.86,14.04,2711381.25,0.00030000000000000003,0.00022788666666666673,-0.00024419285714285713,-0.0018214293333333332,0.00012490395721645553,0.0007622221380772425,0.002401533338986198,0.8341086112258761,0.66083168728258,0.2684291632770861,0.4385406057836367,0.5987890746212767,1.8070443781196805,63.77952752390106,56.77749358580856,51.6912402302918,13.743,18.4906,31.409649999999996
2022-12-16,14.05,14.17,12.0,12.25,4522833.23,0.00016068,0.00025356000000000006,-3.7383571428571424e-05,-0.0015568,8.043643947238828e-05,0.000265378939792668,0.0021463544801699035,0.2975495565557912,0.5542551650200223,0.2622928392908646,1.3210630132459495,0.8328395427234316,1.8285314461990303,27.36486485839343,36.72727271792396,46.0587326020893,13.538,18.124000000000002,31.2348
2022-12-17,12.25,12.6,11.92,12.51,2465880.45,-0.00087348,-0.00013759999999999996,-7.242928571428572e-05,-0.001329784,0.0006410866138011463,0.00033718974645450335,0.0018097155207088165,-1.7568215173493733,-0.0015202380907219767,0.21872185760675192,1.364189407298367,0.841510765395269,1.8300999324369795,33.33333332606436,42.69662920228928,48.70790915141878,13.440000000000001,17.7328,31.0685
2022-12-18,12.5,12.6,12.25,12.38,1358593.49,-0.00109235,-0.0006017166666666666,-0.0001365942857142857,-0.001258361,0.0006692626743128462,0.0004337554311726196,0.001773855870616394,-1.2445642497564977,-0.6842522469722004,0.2103207689920144,1.2382890966531745,0.8085902943805865,1.828670127415314,33.64779873473161,36.83168315810605,50.44606649300495,13.309000000000001,17.323,30.929850000000002
2022-12-19,12.38,12.59,11.66,11.94,2385052.59,-0.0010162399999999999,-0.0009940233333333333,-0.00021874999999999998,-0.0012136,0.000111113475458235,0.000484526968876294,0.0017620259764046407,-0.7562186192846743,-0.6308552253488822,0.214569143710588,1.1647876018826138,0.8199205858383797,1.8290721007050617,30.484330478250953,32.52788103242767,50.44606649300495,13.144,16.903,30.785299999999996
2022-12-20,11.94,12.49,11.84,12.26,1699256.37,-0.00074002,-0.0009495366666666666,-0.00028438357142857143,-0.0011723003333333334,0.0001853944665528208,0.0004887417848620047,0.0017579826445586544,-0.0547765992865882,-0.4570622399438185,0.2271053233454799,1.2631064152740021,0.7805208460639323,1.8313380499263627,24.923076917708855,30.45977010677322,49.25249168289809,13.012,16.497,30.6552
2022-12-21,12.26,12.29,11.9,12.14,1549774.66,-0.00076454,-0.0008402666666666665,-0.0003480371428571429,-0.0011168253333333335,0.00015288972538531843,0.0004891279932755975,0.0017431616570608207,0.8610260759824137,-0.5325909975782758,0.22642581372177248,0.490794053340835,0.7600062962045624,1.831173315918057,18.47133757550003,35.09933773749688,39.16015623929215,12.884,16.0958,30.5209
2022-12-22,12.14,12.19,11.67,11.82,1805407.09,-0.00065681,-0.0007204566666666667,-0.0003797307142857143,-0.0010843303333333335,5.646663818920429e-05,0.0004940624695539495,0.0017423195591421913,1.0427726269285147,-0.8262224799295123,0.23164900021337662,0.4565981858528132,0.7596160987267734,1.8255614507876512,17.15976331005568,29.892473109279678,36.59244916723536,12.735000000000001,15.716199999999999,30.3874
2022-12-23,11.81,12.11,11.72,11.78,1647382.32,-6.889000000000001e-05,-0.0004967466666666666,-0.0003809278571428571,-0.0010364333333333334,0.00037442947750995276,0.0004932272114292508,0.001750067039615259,1.6530672151757415,0.43794493295815634,0.25709195645831884,0.4618190919926081,0.7521982599794375,1.825161141630846,35.582822070608586,30.283224391634732,38.53211008074517,12.524000000000001,15.334799999999998,30.23435
2022-12-24,11.79,11.79,11.07,11.45,2286878.14,-0.00276907,-0.0011649233333333334,-0.0005632907142857143,-0.0009768626666666667,0.0014199920343890733,0.0008025431453382686,0.0016539001715652547,-1.7189163272600638,-3.2980673200788653,0.1431748490812852,0.42478276079400795,0.7385923698557408,1.8076675595837353,18.823529404013854,28.309572293353668,36.39999998980801,12.257,14.889000000000001,30.09505
2022-12-25,11.45,11.56,11.24,11.38,916417.64,-0.00161977,-0.00148591,-0.0006679542857142857,-0.0009811306666666667,0.0013550578890937119,0.0008398095616604786,0.001655439128544862,-0.423320580083792,-1.4997502068531996,0.19395149162370853,0.22547793274735212,0.7348028353131042,1.8062629786376785,19.51219511362285,28.838174265482678,36.3273452992299,11.991000000000001,14.378599999999999,29.9578
2022-12-26,11.39,11.49,11.06,11.32,1613225.82,-0.00088032,-0.0017563866666666667,-0.0006883678571428572,-0.0009752196666666668,0.0009517574406478034,0.0008413594939339183,0.0016554730746486583,0.3068032647083196,-0.4605368746276147,0.22660814944185828,0.23780994591747137,0.7084280730528028,1.8064197293922164,25.396825382716074,29.140461207380156,39.22413791919962,11.898,13.9526,29.8146
2022-12-27,11.33,11.44,10.71,11.09,3052197.59,-0.0003071,-0.00093573,-0.0007162792857142857,-0.0009108373333333333,0.000658086873668721,0.0008199881270849059,0.0016421508100407137,0.7509446408014654,0.34410350108637683,0.25155074966303753,0.21208718727510034,0.6784077706783533,1.7992560743362924,0.0,18.32579184939904,38.1454162163533,11.756,13.581999999999999,29.6842
2022-12-28,11.1,11.12,9.39,9.76,7362205.181,-0.00102126,-0.0007362266666666667,-0.0008106549999999999,-0.0006654786666666667,0.0003782569139201448,0.0007684370583573622,0.0008426296210931461,0.31891507456681295,-0.5755243585841835,0.22183280440095,0.9805864121216763,0.8345580229722833,1.8162510222786428,0.0,10.507246374146717,27.99999999216,11.494000000000002,13.289599999999998,29.56335
2022-12-29,9.76,10.89,8.0,9.64,12093989.53,-0.0007444299999999999,-0.0006909299999999999,-0.0008852571428571429,-0.0006434416666666667,0.00036007334516047646,0.000699964623835521,0.0008311746844663383,0.3571414778305344,-0.15318434466724823,0.2345150759118719,1.0036416650440427,0.8337230952074097,1.8154984101127813,0.0,10.431654673632323,29.56705384553456,11.264,13.200800000000001,29.4585
2022-12-30,9.64,10.26,9.0,9.9,12587079.51,-0.00734818,-0.0030379566666666664,-0.0014216042857142857,-0.0008114403333333333,0.0037353283121605973,0.0018190738961082714,0.0014547189796885144,-1.7815691058390817,-3.8326112373524985,-0.04423182920631665,1.1200838875167487,0.8520650765476393,1.819097717388478,10.833333330173616,20.843672449334704,30.010493170616016,11.028,13.0456,29.365
2022-12-31,9.91,10.2,9.66,9.97,3621434.65,-0.00559667,-0.004563093333333333,-0.0017589749999999999,-0.0009585716666666667,0.003421050870716282,0.002122311066440037,0.0016966615298044587,-0.8011744777593267,-2.2370098038054205,0.03509736514705974,1.1473904871605913,0.8575554321007909,1.8201879819093922,15.420560742619458,16.92708332716201,31.917211319240934,10.811,12.916000000000002,29.2669
2023-01-01,9.97,10.09,9.69,9.99,2287512.63,-0.00229626,-0.00508037,-0.0018449685714285716,-0.0009439586666666666,0.002565228681637434,0.002117607742705496,0.001682667214550426,0.37715181808046144,-0.48802386048123547,0.17903025592264346,1.1720036872625355,0.8601855013987943,1.8198609165520416,16.746411477644727,17.9624664811937,28.815489740241063,10.628,12.824199999999998,29.14305
2023-01-02,9.99,12.0,9.81,11.28,7628264.93,-0.00215677,-0.0033499,-0.001926435,-0.0010030896666666665,0.0019470094862879378,0.0021051754422693253,0.001693403658928635,0.5376669974833196,-0.36282307269546027,0.18653585468385792,1.023250030687076,1.012807385042969,1.8518811916448763,49.397590351030615,42.79475981224614,37.248995973464126,10.578,12.786200000000001,29.04885
2023-01-03,11.28,13.91,11.0,13.37,14986491.36,-0.01279568,-0.00574957,-0.0027875535714285715,-0.0014231443333333335,0.006102508825400858,0.003551429624991902,0.002730909349163778,-1.5436436147628432,-3.404769378287419,-0.26292813428009465,1.4489359847787089,1.270596337490622,1.890668718532887,72.00772199799124,58.74015746736438,45.98098529570036,10.77,12.773600000000002,28.96215
2023-01-04,13.37,14.24,12.83,13.43,12612735.49,-0.01422725,-0.009726566666666667,-0.0037491757142857143,-0.0019018506666666666,0.006594597360508748,0.00462262422460973,0.0035763780947518425,-1.1836330132091988,-2.7861776011306514,-0.31419728931585733,1.5139188913762291,1.2708839816256938,1.8730152544793497,96.93094627420675,60.25437200566674,49.722735661809274,10.975,12.755799999999999,28.869199999999996
2023-01-05,13.43,13.89,12.95,13.43,5834353.76,-0.0025117900000000003,-0.009844906666666667,-0.003881674285714286,-0.0019915386666666665,0.00639087616852564,0.004553233228920818,0.003556079401715068,0.6967456290138485,0.1148705583162892,0.19306944014355473,1.537836416514654,1.1187439034583933,1.8542611865984995,99.99999998153034,63.484087087290156,48.775894525746466,11.186,12.739,28.7654
2023-01-06,13.43,13.6,12.69,13.5,5404648.48,-0.00388916,-0.006876066666666667,-0.004154550714285715,-0.0021253976666666665,0.006403452922402786,0.004419671039560464,0.0035491727381031985,0.547348475685149,-0.1909933090120107,0.13675072027623783,1.527126820101582,1.1163267802562595,1.8434781553434478,99.99999998055556,64.33333331832222,49.57507080842208,11.427,12.736,28.6567
2023-01-07,13.51,13.51,13.01,13.1,1904950.91,-0.00120637,-0.0025357733333333334,-0.004042929285714285,-0.002158506666666667,0.001341555793185103,0.004476719086916247,0.0035353243519522133,0.9365717277454182,0.48143510343302537,0.2518171272685861,1.5215394251754404,1.1242642849367073,1.7870094862690729,89.82188293565513,63.59143326375157,47.81420763808016,11.761,12.7326,28.540100000000002
2023-01-08,13.1,14.89,12.85,14.45,6295596.12,-0.00097178,-0.0020224366666666666,-0.003996644285714285,-0.0021891616666666665,0.0016208794277886556,0.004506947150064196,0.003520385635127912,0.6493597682957696,0.5393968566101821,0.23359359410900743,0.9244208935896353,1.1797125253140601,1.1949800567168218,92.39543725006143,70.8843537279948,54.231717325238385,12.241999999999999,12.764800000000001,28.441750000000003
2023-01-09,14.46,17.5,14.28,16.25,19481959.57,-2.749999999999999e-05,-0.0007352166666666667,-0.0039357285714285714,-0.0021828786666666664,0.000624023458876668,0.004557783900965989,0.0035241948262750137,1.1279292820134756,0.7617835220874681,0.573184479549624,1.2479944122811975,1.2656101617892168,1.0932004562338669,93.06759097657758,77.1177117592998,60.606060593816956,12.877,12.8444,28.33225
2023-01-10,16.25,16.73,15.57,16.2,8489417.77,4.6530000000000003e-05,-0.00031758333333333335,-0.003910469285714286,-0.002176178333333333,0.0005677588125501664,0.004580364687545533,0.00352837288401459,0.7861933443036517,0.7646518622591257,0.7070559330278579,1.256830286612377,1.2634845323477402,1.0791989166702707,87.93565681995844,78.67564532994994,58.66466615421897,13.5,12.9318,28.203699999999998
2023-01-11,16.2,16.67,15.28,16.36,6661616.67,-0.00016618,-4.905e-05,-0.003849392142857143,-0.0021619,0.00010798003470561264,0.004627315011778727,0.0035358528541334045,0.5146864006096644,0.7032135331407312,0.6642492711897382,1.2465524820393932,1.250202348535891,1.0362598965042291,88.25065272538498,92.63565889797287,58.446455492937396,14.137,13.0102,28.074399999999997
2023-01-12,16.37,17.0,15.54,16.59,9608670.96,-0.00024772,-0.00012245666666666668,-0.0038139128571428567,-0.0021729460000000003,0.0001519195939579985,0.004654775911627474,0.003529107006867596,0.0629167701508421,0.6864960678572163,0.6155311336124037,1.069988096345349,1.2471591473727288,1.003944041409091,88.91625614230506,94.26751590675482,59.507829965203435,14.668000000000001,13.0548,27.9604
2023-01-13,16.59,18.65,16.29,18.29,10929884.4,-0.00061915,-0.00034435,-0.0033332678571428576,-0.0022035843333333333,0.00024145076702102928,0.004608949447200321,0.003510840112537923,-1.603638068652971,0.5636574583208357,0.49454053802390163,1.0677064628197381,1.2746066628174675,1.0209478656362554,92.09138838937363,95.15608179405612,72.67267265739613,15.16,13.128799999999998,27.859249999999996
2023-01-14,18.29,24.75,18.2,24.24,25997232.06,0.00047702,-0.00012995,-0.002899432857142857,-0.0021976836666666665,0.0005574939433707153,0.004665023044562389,0.0035153388570668288,1.4359525305037129,0.7935991095879509,0.8314061502616917,2.28379547700838,1.676103346357382,1.2283019286564902,99.5551601361487,97.03361897588351,80.85218304963776,16.241,13.333,27.803700000000003
2023-01-15,24.23,25.0,21.98,22.89,11258028.55,0.00072789,0.00019525333333333334,-0.002683422142857143,-0.0021787766666666666,0.0007163613133247382,0.004764065207318913,0.0035299554992578607,1.253793438149287,0.8237346949991488,0.8909665398437131,2.5004623945868416,1.7160506675324,1.2387519243152518,87.54448398031307,89.09090908334987,75.97627285157026,17.187,13.507399999999997,27.7479
2023-01-16,22.9,25.0,22.3,23.58,10043368.28,0.0007160300000000001,0.0006403133333333334,-0.0024782221428571428,-0.0021257930000000004,0.00014154045156179374,0.004849595849351587,0.0035620067821037823,0.8270516135443611,0.8017120799388927,0.8636236268236197,2.4629363066485794,1.6980332455077942,1.2328695473120799,86.17966435732224,88.67924527521063,78.41796873927879,18.195,13.6966,27.697
2023-01-17,23.58,23.95,22.7,22.86,6056942.68,0.00032293,0.00058895,-0.0015411785714285716,-0.002078617,0.00023045638458282354,0.0038714472175100448,0.003585460821650102,-0.003632216551758468,0.6872728281335058,0.7024701236492129,2.5882727115755593,1.5617567350462207,1.233408756607352,80.83333332809416,82.65657260043227,75.38314175234326,19.171,13.8874,27.647100000000002
2023-01-18,22.86,23.65,20.34,20.79,11341710.32,0.00030000000000000003,0.00044632000000000005,-0.0005035178571428571,-0.0020347423333333336,0.00023385692056254173,0.0013075084904276676,0.003606898439128084,-1.0123565426867132,0.665051489585505,0.6764128695322831,2.8686147815563876,1.6545788960511896,1.2557364171271634,67.42722265560982,72.2490931015025,68.94437143263056,19.805,14.036399999999999,27.58425
2023-01-19,20.78,21.88,20.41,21.4,6113345.07,0.00030000000000000003,0.00030764333333333334,-0.0003026757142857143,-0.002000075,1.3238641483804456e-05,0.001185563089231728,0.0036247256033029923,-0.7631652806330369,0.5912866319488447,0.6606501349966712,1.0406144850476833,1.6542919866802024,1.2495342962882996,68.37280366326502,73.23615159752008,70.71799307102032,20.32,14.181199999999999,27.524299999999997
2023-01-20,21.4,25.82,20.93,25.51,9652433.39,0.00030000000000000003,0.00030000000000000003,-3.4499999999999793e-06,-0.0019645903333333336,0.0,0.0005895971240399234,0.0036424056975477154,-0.4777300362319097,0.5269053838815487,0.6429026082559465,1.9153533336920583,1.7468806397787475,1.3095942880281977,73.29032257733529,78.33883906985963,75.24825302645478,21.250999999999998,14.4212,27.4683
2023-01-21,25.51,26.6,24.24,24.57,12782858.69,0.00050268,0.00036756,0.00011862500000000002,-0.0019259406666666669,0.00011701735253798786,0.0004898697444250574,0.0036628553884103894,1.7773946394260567,0.5377343070165732,0.6983208064091094,1.9748873268069695,1.7743924229602634,1.3119603520825474,51.57292659331735,76.39208467064202,73.59712229474562,22.071999999999996,14.638399999999999,27.41415
2023-01-22,24.56,25.45,23.5,24.21,6496779.26,0.00030000000000000003,0.00036756,0.00020946642857142857,-0.0019136443333333333,0.00011701735253798786,0.00037703542774889957,0.00366991692555771,-0.44716426211198523,0.4576841571677597,0.6153428702653454,1.950153587364556,1.7569780261855097,1.2707381884419249,56.94736841685651,73.52941175974247,72.83730864350501,22.834,14.8568,27.35
2023-01-23,24.21,24.93,23.7,24.33,6100483.98,0.00030000000000000003,0.00036756,0.00023285928571428573,-0.001811342,0.00011701735253798786,0.0003713184780339431,0.0036879810013138114,-0.44716426211198523,0.38494555717425755,0.5913557875702337,1.6100051506619621,1.6578150301374555,1.2706421101604222,54.199328103254246,71.19622245017447,73.10834812771924,23.438,15.069199999999999,27.27935
2023-01-24,24.32,25.24,22.25,22.78,6121565.88,0.00033079,0.0003102633333333334,0.00025316357142857144,-0.0017463233333333335,1.7776614647804818e-05,0.00036810392381994724,0.0037086112233802827,-0.18027211640249347,0.5046066748495263,0.5897308824496259,1.8141524947888787,1.7050867547201827,1.2785159476125671,49.590163930869565,66.00194552079753,69.833729209517,23.292,15.248400000000002,27.202650000000002
2023-01-25,22.77,25.43,22.24,24.52,8332368.29,0.00021239000000000002,0.00028106,0.0002802042857142857,-0.0017098996666666667,6.14303076258372e-05,0.00034830171862169755,0.003722748866757178,-1.0954921062891807,0.31893109331534486,0.5398501055810717,1.0059472674828132,1.7121569981291187,1.2886923157203494,69.77730646353722,68.42818427751584,74.69879517372301,23.455,15.4528,27.13495
2023-01-26,24.53,25.23,23.73,24.33,5450404.1,0.00030000000000000003,0.00028106,0.00031932714285714284,-0.001689663,6.14303076258372e-05,0.00031345992027881575,0.0037322752546062902,0.2544025707771404,0.3991916542679113,0.5545657988191531,0.9569019063115167,1.7166744993460024,1.2889930219146526,66.25971142659469,67.51131221291784,74.52420700471893,23.53,15.669599999999997,27.07305
2023-01-27,24.33,24.96,23.27,24.43,4729055.76,0.00030000000000000003,0.0002707966666666667,0.00038498071428571433,-0.001645621,5.058165703433359e-05,0.0001609183480676689,0.003748196274524804,0.2544025707771392,0.3137530824790518,0.5315370497829219,0.9474074467183603,1.7000348462306327,1.2779495789889381,39.19999999451198,64.97560975166022,74.387378307879,23.687,15.884400000000001,27.0281
2023-01-28,24.43,25.24,23.7,24.0,3377884.1,0.00033046,0.0003101533333333333,0.00037451214285714286,-0.0016097913333333333,1.7586089057449628e-05,0.00015922849958124156,0.00376221927356055,0.7364582368379987,0.3017907092109591,0.5308389033189068,0.9603205385464211,1.6843882009884634,1.279633799139455,43.652561240410506,49.198931904614255,73.26699833482098,24.008000000000003,16.0926,26.984700000000004
2023-01-29,24.0,26.8,23.73,26.07,7785906.2,0.00030000000000000003,0.0003101533333333334,0.0003439485714285714,-0.0013548520000000001,1.7586089057449628e-05,0.00012316236905350465,0.0036162606832381957,0.2563259335293634,0.15617665311849765,0.5036070832982328,0.9069989306864497,1.6542420865496017,1.2864450280211341,64.9999999926613,60.12738852967017,74.96894409285984,24.475,16.342399999999998,26.94035
2023-01-30,26.07,26.31,23.11,23.96,7532450.12,0.00070275,0.00044440333333333333,0.000343,-0.0011448713333333332,0.00022425254296959128,0.00012008903030345165,0.0035436239398193505,1.7837915081801408,1.302789303852325,0.6365799220437367,1.1404598511937392,1.7148371926549986,1.2999661849151487,47.741147737067315,51.10981307993262,69.20048454894726,24.32,16.5532,26.8744
2023-01-31,23.97,24.47,23.49,23.92,4062387.09,0.00030000000000000003,0.00043425,0.00034136214285714284,-0.0010583293333333332,0.00023252782090536103,0.00012053933817689742,0.00354623705352591,-0.4889191790519185,-0.025752420727588127,0.47270921923565606,1.1401103422944816,1.7167944363116718,1.30019208187692,58.53293412560284,53.223844277706,67.0326121992996,24.255,16.765400000000003,26.807199999999998
2023-02-01,23.93,25.22,22.48,25.0,7304888.31,0.00030000000000000003,0.00043425,0.00034136214285714284,-0.000976437,0.00023252782090536103,0.00012053933817689742,0.0035483624975475125,-0.4889191790519182,-0.12867255379144626,0.46789319446486644,1.213191670430062,1.719938400289952,1.298980874713882,53.986710957177635,63.62459546349034,68.08377617409708,24.334,16.9876,26.734299999999998
2023-02-02,25.0,26.15,24.05,24.32,7246590.58,0.00046236,0.00035412000000000003,0.00035295928571428575,-0.0005345023333333334,9.373858967896049e-05,0.0001240140373824858,0.0027646279305201626,0.2794192856560082,0.46577450328116976,0.5219704198156391,1.232460303652505,1.695142836206886,1.3012914017178603,49.92319507911734,59.40721648948647,66.66666666095297,24.333,17.191599999999998,26.662799999999997
2023-02-03,24.32,25.07,24.01,24.69,4759274.31,0.00023579,0.00033271666666666663,0.00034837285714285713,-5.240099999999999e-05,0.00011677446822116192,0.00012726795477852626,0.0009787610215152042,-0.870879456323713,-0.8889007559600575,0.4391804487540324,0.929743192478708,1.196514767568353,1.301356724675366,51.917404124433325,46.51952461246796,66.9699726967693,24.524,17.404600000000002,26.56865
2023-02-04,24.69,24.95,24.17,24.34,2034159.41,0.00030000000000000003,0.00033271666666666663,0.0003338957142857143,4.132533333333335e-05,0.00011677446822116192,0.00011966547337433932,0.0008628995711046237,-0.23229643146396536,-0.40846802252066655,0.4615478973571574,0.5314961528288695,1.1701205993748915,1.3012036702289225,52.537313427346845,48.972296687349306,67.0716889371871,24.506,17.6464,26.466000000000005
2023-02-05,24.34,24.46,23.02,23.47,4822304.59,-0.00017960999999999997,0.00011872666666666668,0.0002996378571428572,0.00016497700000000002,0.00026035419341417977,0.00018234930976343634,0.00044468818406823054,-1.67676115930275,-3.114552491524901,0.2899793785287791,0.6332924296341762,1.1752835083814426,1.2953143203769624,26.363636360280992,46.83760683200233,63.902589390292015,24.419999999999998,17.8656,26.37315
2023-02-06,23.46,23.72,22.45,22.66,3592829.38,0.00015932,9.32366666666667e-05,0.00028958928571428576,0.00021050000000000002,0.0002465394354425873,0.00018616408330840531,0.00036160318085919383,-0.15258310971484515,-0.8909819205819657,0.41016982730863366,0.40742041082648284,1.1774810199038366,1.2998329794955885,34.52380951805554,43.260694103263525,60.19077900894963,24.243000000000002,18.071199999999997,26.270899999999997
2023-02-07,22.65,23.96,22.54,23.82,4900023.85,1.7749999999999998e-05,-8.466666666666529e-07,0.00026722928571428574,0.00024348433333333338,0.0001702285617290923,0.00019917935112370215,0.00028759865045447286,-0.464214244879085,-1.5640730041634896,0.35845844528571624,0.7017218396189441,1.1151530435899262,1.3032131850455178,49.06015036948455,54.333333326994435,61.701474196168185,24.225,18.3088,26.1873
2023-02-08,23.82,24.24,22.8,23.22,3970029.14,0.00018969,0.00012225333333333336,0.00026560785714285713,0.000250724,9.176760990865967e-05,0.00019975168585514147,0.00028324264404345676,0.49944800524875294,-0.5355861927247997,0.41787102197245674,0.6856441310917067,1.1186528110184244,1.30582981986392,31.611570243361967,44.01473295933512,60.393939388815056,23.94,18.528,26.10355
2023-02-09,23.21,23.35,20.0,20.48,6398790.64,1.0910000000000016e-05,7.278333333333335e-05,0.00024495857142857143,0.00024953666666666666,0.00010130189005320154,0.0002105721591944088,0.000284201163510673,-0.1954902339605745,-1.3950650044537547,0.35212078059893664,1.1894708210493812,0.9599155809465529,1.3465166441188257,22.173913041228744,35.6450410104472,55.47733032511021,23.592,18.6948,26.0013
2023-02-10,20.48,21.2,19.68,20.11,5523024.53,-0.00020233,-5.766666666666572e-07,0.00020907785714285716,0.00024833166666666666,0.00019626226771428935,0.00024106204005570366,0.0002860948911567501,-1.527628822454631,-2.1354543075177705,0.2725529836480095,1.1969769236655088,0.9531707516970542,1.3474441628502734,16.811594201193017,34.210526312288394,52.662375653965626,23.211000000000002,18.860599999999998,25.918599999999998
2023-02-11,20.1,20.92,20.1,20.81,1859852.98,-0.00057645,-0.0002559566666666667,0.00014429857142857143,0.000237374,0.00029732945856132534,0.0003161077227247979,0.00031096367143053203,-1.576936379364421,-2.8176857914924867,0.14152147027558612,1.3154138997770306,0.9712788158715678,1.3462184824313879,25.655172411316045,38.566308239857136,44.07189767979948,22.792,19.0412,25.8414
2023-02-12,20.81,22.59,20.62,21.49,4625241.81,-0.00114292,-0.0006405666666666667,4.123285714285715e-05,0.00021991500000000005,0.0004735616086935195,0.00046268333880292135,0.00036984094470214694,-1.5072462031132967,-3.1386228228961506,-0.0547358426201593,1.239442187747486,0.9848723446230013,1.3474771764727334,35.97733710691442,31.7675159200259,47.5230007030055,22.509,19.242,25.7477
2023-02-13,21.49,21.61,19.73,20.77,6685330.04,-0.00033055,-0.0006833066666666667,-3.2574285714285717e-05,0.00019299600000000002,0.00041659334443603,0.00043032536687888357,0.0003797393464187261,0.2658648119209401,-1.0116474906778308,0.2437162292635648,1.244697611696795,0.9568917371551047,1.350946211301021,36.44189382704313,35.720680389435174,45.03358076613312,22.116999999999997,19.4298,25.637000000000004
2023-02-14,20.77,22.37,20.66,21.84,7639521.83,-0.00041838,-0.0006306166666666667,-8.388714285714285e-05,0.00015478700000000003,0.0004458357951403112,0.0004304485354099709,0.0003817260417271254,0.31578781180689774,-1.1118202722328998,0.21559886447202364,0.7016370027362107,0.9248596717851169,1.306496615157818,35.610465112655916,41.47540983130609,48.21927373830258,21.867,19.6402,25.536650000000005
2023-02-15,21.84,23.99,21.45,23.86,5587903.97,0.00011030999999999999,-0.00021287333333333333,-9.743642857142858e-05,0.00013459633333333336,0.0002833092434573362,0.00042030119869440266,0.00036674161555955674,1.2828385030241956,0.15910124731744948,0.4011135155598404,0.8472862431593676,1.008480198917068,1.3206445970262748,53.85542168220496,45.66210045175594,55.36901013798415,21.906,19.8956,25.436750000000004
2023-02-16,23.86,24.2,22.2,22.24,6832612.63,0.00030000000000000003,-2.6899999999999984e-06,-0.00010903357142857145,0.00013383200000000002,0.0003722824278622645,0.00040565152061566097,0.0003663592659980896,1.0650937897316008,0.6105247100898227,0.46065751950401956,1.2309037040094997,1.0505101898328724,1.334770358945573,62.25626740340118,42.61363635939921,51.41891891405496,21.863999999999997,20.1452,25.336199999999998
2023-02-17,22.24,23.54,21.99,23.14,4539817.75,0.00030000000000000003,0.00023677,-0.00010444714285714285,0.00013383200000000002,0.00010951757253978765,0.00041018773402465546,0.0003663592659980896,0.8918574135287991,0.6156745267135046,0.45191876875175013,1.243029123239124,1.065335363196488,1.331723997434109,69.64980544114724,44.69541409564862,45.50966274621344,21.796,20.4152,25.243650000000002
2023-02-18,23.14,23.94,22.92,23.45,2647511.0,0.00030000000000000003,0.00030000000000000003,-0.00010444714285714285,0.00013383200000000002,0.0,0.00041018773402465546,0.0003663592659980896,0.5837605747922607,0.6156745267135046,0.44491557359449824,1.1341898667386494,0.9986787955280813,1.3311769864819287,68.03278687874004,46.945778993430054,47.82608695132325,21.819,20.6862,25.16195
2023-02-19,23.46,25.64,23.2,24.84,8316165.25,0.00034645,0.00031548333333333335,-6.687142857142858e-05,0.00013538033333333334,2.681791991069044e-05,0.00042654185482799393,0.0003671829822569338,0.8140287436567788,0.81282098898198,0.4541989222613123,1.1511565706127649,0.9663049590214474,1.3350889884756676,70.85927770241577,54.53943008108978,51.175811864752056,22.255000000000003,20.983599999999996,25.093450000000004
2023-02-20,24.83,27.12,24.11,26.26,10266239.07,0.0004907,0.00037904999999999997,-4.320142857142858e-05,0.00013498100000000003,9.94419051255506e-05,0.000448679513166681,0.00036677603650556016,1.7347695284392823,1.126482485095236,0.4982333692737285,1.013810659283611,0.9929466395278547,1.3357833161577566,81.44329896254177,61.46496814738529,53.435386253128556,22.869999999999997,21.308999999999997,25.030600000000003
2023-02-21,26.26,26.61,24.5,24.98,6724448.02,0.00036004,0.0003990633333333333,-1.8752142857142866e-05,0.00013698233333333336,7.965005353627283e-05,0.00046140194383119366,0.0003678696963250278,0.007696666237905318,0.7925731650735565,0.44826428318358086,0.8519776829662378,1.0024054374980766,1.3442985189746133,67.56152124750636,53.66624525441638,53.95398992986803,23.287,21.583,24.95275
2023-02-22,24.98,25.24,23.21,24.16,7174305.66,0.00030000000000000003,0.00038357999999999996,-1.0872857142857151e-05,0.00013698233333333336,9.750498035997307e-05,0.0004661527016791197,0.0003678696963250278,-0.7599243319744557,0.677553573497795,0.4093598744291212,0.9467358680826486,1.005767070873428,1.3452891154322095,51.937984491426796,52.93017455897118,49.33085501345255,23.554,21.7988,24.873199999999997
2023-02-23,24.16,24.69,23.6,23.91,4390966.09,0.00030000000000000003,0.0003200133333333334,9.776428571428567e-06,0.000135956,3.4664110090062106e-05,0.0004735363177617274,0.00036735292801605565,-0.7599243319744557,0.6662139595507423,0.397571655070643,0.9576490140254569,1.0041504429104118,1.3456949908067055,63.10832024424242,62.65682656179191,49.22106824414618,23.868000000000002,22.0084,24.789749999999998
2023-02-24,23.91,24.13,22.46,23.07,4868888.31,0.00030000000000000003,0.00030000000000000003,4.565714285714285e-05,0.00013887633333333334,0.0,0.00047525644901347296,0.0003683284453101783,-0.6058682467903588,0.6662139595507423,0.3899852602732179,0.7989863090013802,1.0135111528395195,1.3502611655797372,49.44532487565583,60.55634806813274,47.54512634898461,23.991,22.2012,24.694200000000002
2023-02-25,23.07,23.33,21.41,22.37,4541250.05,0.00016781,0.0002559366666666667,9.881857142857143e-05,0.00013447,7.631993205146248e-05,0.0004406840049427843,0.00036712317359000496,-1.6635682557930853,0.2963281888559797,0.33939958173188217,0.2713499030785197,1.0102167369015849,1.3520247570791812,41.94029850308088,55.56348073624902,47.086163742157986,23.842000000000002,22.378599999999995,24.604400000000002
2023-02-26,22.37,23.53,22.21,23.25,2817875.05,-0.0001388,0.00010967000000000001,0.00017054142857142855,0.00011984333333333335,0.00022510343110449346,0.00027275808514581456,0.0003690370247607524,-1.7058997581194917,-0.4306206369533551,0.22396489379092513,0.5972574764347333,1.0134196160545268,1.3074000320884613,37.1567043576721,56.18846694242871,44.73487676903444,23.943,22.581599999999998,24.5083
2023-02-27,23.25,23.41,22.32,22.68,3670697.58,0.00024164,9.021666666666666e-05,0.00021141214285714285,0.00011688266666666668,0.00020174040851636527,0.00023167238509877732,0.0003676427015930181,0.3685387719127603,0.485247041121892,0.3542109657719059,0.5765047218229696,0.9946349107653681,1.309340355297668,16.479400746903437,56.78749111019883,47.46434230852218,23.897,22.746199999999998,24.40785
2023-02-28,22.68,22.75,21.75,21.89,2291715.21,0.00024109,0.00011464333333333333,0.0002585171428571429,0.000114919,0.00021948853735069735,0.0001443594658311264,0.00036678723275674225,0.4505624423971877,0.4762048252975122,0.3244483346711568,0.606568225971796,0.9999553898703353,1.3146557573343396,18.144329894288433,50.18129078533331,46.09465178418372,23.741,22.859,24.2899
2023-03-01,21.88,22.91,21.65,22.51,2445602.61,0.00025877,0.00024716666666666664,0.00026912142857142855,0.00010011966666666668,1.0052543376697552e-05,0.00013794533877349314,0.00035086251197209933,0.6250142194674136,0.4861411766324394,0.30344407262992157,0.6734686026834619,0.8406982102361241,1.315057523902568,32.25806451127299,44.552058106346024,45.12338424887013,23.508,22.9852,24.16945
2023-03-02,22.5,22.65,21.67,22.0,2231193.36,0.00011899000000000001,0.00020628333333333332,0.00025619214285714287,9.4086e-05,7.611333738802206e-05,0.00014321085692234643,0.0003488573641306374,-0.15098102560942134,0.10545766330151449,0.2343584307686276,0.6486875452686236,0.8433902043449261,1.3178473766331276,30.54989816265072,48.936170206692324,45.42586750287096,23.082,23.098000000000003,24.055100000000003
2023-03-03,22.0,22.02,20.34,21.42,3635280.89,0.00014419,0.00017398333333333332,0.0002450628571428571,8.889233333333334e-05,7.450063173117958e-05,0.00014557917266391434,0.0003468400687265935,-0.8820829202626803,0.08500408686409774,0.22997376426949076,0.48218877849244196,0.8423046855959764,1.2929614879300249,32.25806451127299,42.15328466614831,43.60578802807603,22.726000000000003,23.194599999999994,23.9436
2023-03-04,21.42,21.62,20.2,20.98,1754082.61,0.00020592,0.00015636666666666668,0.00023834285714285716,8.034433333333335e-05,4.4725939099653506e-05,0.000145018486268695,0.0003404190264017818,0.20028593195792507,0.11407084655332231,0.2189791859691059,0.47692818725989006,0.8355471723903826,1.2317210283015478,34.168564914825055,38.863841293560924,43.45284489003633,22.408,23.248399999999997,23.833099999999998
2023-03-05,20.98,21.72,20.84,20.97,1733301.96,0.00030000000000000003,0.00021670333333333332,0.000235025,8.248466666666667e-05,7.8462725088683e-05,0.00014287031024402564,0.0003416297712923064,1.2447917428529383,0.45436098687847354,0.39036289892880394,0.43580551271728973,0.8223745231091693,1.2318570745624506,17.61363636013367,30.072090623882502,44.959677414278744,22.114,23.182999999999996,23.73525
2023-03-06,20.98,21.19,20.47,20.63,2216419.88,0.00011418000000000001,0.0002067,0.0002081307142857143,7.629066666666666e-05,9.291245554289005e-05,0.00012541089514771757,0.0003392261387539634,-0.8005957007765692,-0.9539121750270412,0.08515006209389366,0.1948354176055643,0.7936781031274244,1.2331258845344313,18.84498479842206,17.381228270644996,45.8281956379647,21.869999999999997,23.137800000000002,23.6408
2023-03-07,20.62,20.95,19.71,20.25,3104831.99,-0.00029228,4.063333333333334e-05,0.00016153642857142858,7.253500000000001e-05,0.0003029120891089574,0.0001757188907823974,0.00034276225083702805,-1.699319501949643,-2.9270065200729176,-1.036945864807159,0.18709619268426958,0.6808150652312854,1.2347542619880179,21.52777777254535,19.40491590851657,42.42038216056148,21.657999999999998,23.071199999999997,23.563000000000002
2023-03-08,20.25,20.39,18.1,18.41,5826803.53,-0.00036839,-0.00018216333333333332,0.00011379428571428571,5.494466666666666e-05,0.0002594469337424641,0.0002203392768040272,0.0003515823090937828,-1.1905902522919385,-2.551740652943514,-1.3835336502929376,0.7105031503789792,0.731031383008225,1.2570493928859194,0.0,17.142857140114273,40.29850745813491,21.174,22.9822,23.47865
2023-03-09,18.41,18.78,16.69,17.33,7832548.96,-0.00010049,-0.00025372,8.518785714285715e-05,5.1003333333333333e-05,0.00013804983772188053,0.00022030237231615622,0.00035267470364217445,-0.11165380889088905,-1.1838412600829902,-0.7428473329680872,0.7421686479027437,0.7269132542645771,1.2457135674366662,0.0,15.65762003946547,43.19066147337078,20.639000000000003,22.913,23.38295
2023-03-10,17.34,18.36,16.0,18.17,9520202.65,-0.00029436,-0.00025441333333333337,4.273357142857142e-05,3.486833333333333e-05,0.0001383452371004182,0.00023264531407791634,0.0003571552181081135,-0.5411987365744236,-1.7624442375237959,-1.2948310210053398,1.0232527877656226,0.7653927671384175,1.2175869914064454,17.038539551333315,24.42588726156619,45.889830503030026,20.267,22.848399999999998,23.296750000000003
2023-03-11,18.17,18.89,16.94,18.07,6593106.41,-0.00091462,-0.00043649000000000004,-3.4582857142857154e-05,4.017333333333335e-06,0.0004252677002724857,0.00034203037135449886,0.0003970423503947991,-1.69315255053203,-2.9644558463594533,-2.8607362058862056,1.0392041570345654,0.6985411419336744,1.217663034180403,18.30065359198035,26.057906454734862,44.04347825550776,19.823,22.6996,23.2087
2023-03-12,18.07,20.53,17.71,20.2,6555846.63,-0.00026112,-0.0004900333333333333,-4.332000000000001e-05,2.0576666666666694e-06,0.0003680782559842204,0.00034643139080875403,0.0003982392101685206,0.4081723251629795,-0.9076721297590077,-1.0568634825461583,1.5816671851940176,0.8356177920704105,1.2472235931556195,44.26229507734969,35.09286412031966,47.36196318476019,19.643,22.6122,23.13525
2023-03-13,20.19,21.47,18.87,20.4,10652102.31,0.00030000000000000003,-0.0002919133333333333,-3.9151428571428575e-05,3.127266666666667e-05,0.0006078952279203821,0.00035045183515892606,0.00038630578444631355,1.2640897302303493,0.8340294741745519,0.45655021954512415,1.2207843463572168,0.8239326143304023,1.2470518554380474,48.249619477355445,38.438133868781605,49.22691182039969,19.541,22.535999999999998,23.0609
2023-03-14,20.4,22.12,19.75,20.86,9812864.39,0.00030000000000000003,0.00011296000000000006,-3.494357142857144e-05,7.937000000000001e-05,0.0003239627830399896,0.00035440686118460034,0.000319040477964631,0.9387055489128107,0.8340294741745519,0.42995853016017554,0.8758886699300342,0.8280707983045861,1.2255461168663837,54.58646615966757,44.596012585263956,47.898799308142515,19.529,22.466600000000003,23.0066
2023-03-15,20.86,21.46,18.7,19.24,7661168.72,0.00038064,0.00032688000000000004,-2.623857142857143e-05,0.00010307633333333335,4.655752565377993e-05,0.00036355467970511634,0.0003139123241373339,0.7592527078876349,1.0584668163023805,0.6676499050347189,1.3140103244719743,0.8857381845362907,1.0236821726752092,56.454121300230476,34.47293446835117,39.92146596370942,19.356,22.395799999999998,22.94515
2023-03-16,19.25,19.9,18.88,19.67,4381882.68,-0.00017658,0.00016802000000000006,-4.735071428571429e-05,0.00011113633333333335,0.0003011437736281659,0.00036305404957672806,0.0003029754467867775,-0.943615423910387,-0.5809925859244204,-0.9040538817228707,1.3026170158287071,0.8889807598424992,1.016742603443561,70.24221452436512,38.85167463594333,44.08651633118076,19.259999999999998,22.2988,22.891299999999998
2023-03-17,19.67,21.69,19.42,21.6,5853746.15,-9.08e-05,3.775333333333338e-05,-6.41357142857143e-05,0.00010443266666666667,0.0003000300013804508,0.00035892605258688024,0.0003052110035981199,-0.9111566937150091,-0.27700734380177505,-0.6280554289495262,1.1885420102012054,0.9816236325818996,1.0411932222415816,74.96360989046948,50.76271185838409,46.61687169901023,19.395000000000003,22.2442,22.8372
2023-03-18,21.6,22.94,21.05,21.2,7417972.25,0.00047580999999999996,6.947666666666669e-05,-4.485785714285716e-05,0.00011029300000000001,0.00035449913318420307,0.0003811088306735466,0.000310733458318968,1.0181704716937179,1.3246888659629632,1.0496492147369005,1.220902859794923,0.9667947572728194,1.0394724087180185,71.82705717569328,50.93537414359612,45.07658642773679,19.674,22.1796,22.78585
2023-03-19,21.2,22.43,21.19,21.86,4290990.03,0.00030000000000000003,0.0002283366666666667,-4.485785714285715e-05,0.00011029300000000001,0.00029002318532893485,0.0003811088306735466,0.000310733458318968,0.4174759971756958,0.7895403169819261,0.5279809953349416,1.2320650065702785,0.9735464913569081,1.0153369114833986,64.56140350084331,53.58581788275421,43.26401446106966,20.127,22.136800000000004,22.737650000000002
2023-03-20,21.86,23.91,21.35,22.13,10056429.13,0.00030000000000000003,0.0003586033333333333,-3.158500000000001e-05,0.000110293,0.0001015039508016007,0.00039020101032278013,0.000310733458318968,0.49277721495769655,0.7759258712499366,0.5279809953349417,0.7861197296168022,0.9631870077455507,1.013316961886217,64.99133448085026,56.077795779699436,40.15259894552087,20.523000000000003,22.057999999999996,22.690250000000002
2023-03-21,22.13,23.33,21.51,22.53,6547867.38,0.00030000000000000003,0.00030000000000000003,1.072071428571428e-05,0.00010874466666666668,0.0,0.0003918662125190955,0.0003096299169455633,0.20591931809446373,0.7664278012846115,0.5279809953349417,0.7897882700608011,0.9586561943339693,0.9145421122294691,64.62346759277821,59.22330096416564,43.902439018271444,20.969,22.029399999999995,22.64675
2023-03-22,22.52,23.09,20.93,21.42,8602292.98,0.00026109,0.00028703,5.5683571428571435e-05,0.00010109100000000001,2.2464698862989357e-05,0.00038098307017820656,0.0003026214059073624,-0.7828460366538137,0.6263845218656557,0.4285383887649666,0.6263541312863179,0.9784084833934723,0.918209305086755,70.96153845198594,62.94067067170103,43.27772325215027,21.091,21.979400000000002,22.598250000000004
2023-03-23,21.41,22.95,21.08,22.16,5049411.36,2.940000000000001e-05,0.00019683000000000005,6.496142857142857e-05,9.006966666666668e-05,0.00014629798595678023,0.0003784605291645208,0.0002988629408685743,-1.7703365755966294,-0.026105063027376127,-0.252520227501427,0.6566430428944173,0.9825009223278878,0.9219710187119882,72.5952812974924,71.39061115146617,45.807379006791535,21.267,21.922600000000003,22.548250000000003
2023-03-24,22.16,22.27,20.26,20.66,4995998.21,0.00030000000000000003,0.00019683000000000005,0.00010741571428571428,9.006966666666668e-05,0.00014629798595678023,0.0003682514765266532,0.0002988629408685743,0.5251002630719153,0.7369752838736084,0.5597372620010591,0.8782403851073433,1.0258097439290303,0.9371877323710404,40.7480314904481,60.41841003476269,44.403158377876046,21.247,21.849399999999996,22.490650000000002
2023-03-25,20.66,20.98,20.09,20.41,2338133.56,-0.00016976,5.321333333333338e-05,0.00016062000000000002,7.4411e-05,0.00023578363074724316,0.00024108067283506836,0.0002997894411017625,-1.5051629353138536,-0.5471456719279831,-0.8234818730038063,0.8424871636402665,1.0269624044094638,0.9240902833050039,41.98782960864271,59.669421480699405,45.351043637239904,21.363999999999997,21.7638,22.438299999999998
2023-03-26,20.4,21.14,20.29,20.94,1848599.09,-0.00016843,-1.272999999999996e-05,0.0001672407142857143,5.879666666666667e-05,0.0002708329409341171,0.00022960738755918128,0.0002998335568786037,-0.9704358241482759,-0.5000238827977908,-0.7968046637545039,0.8730358987384772,1.0308414556055623,0.9072857253845239,40.416666660772584,53.523809516673026,44.4283646828558,21.491000000000003,21.6958,22.379550000000005
2023-03-27,20.94,20.99,19.33,19.91,3556384.38,0.00015901,-5.972666666666664e-05,0.00015717000000000001,5.850333333333334e-05,0.00018943267729818727,0.00022640620883541306,0.00029972751516621943,0.6277243612156455,0.3827417813033766,0.18692573119016195,0.8727225641569235,1.0510974674916738,0.9148529319804196,30.035971219240096,47.837599287998884,43.46389805938185,21.322,21.624599999999997,22.31105
2023-03-28,19.91,20.88,19.6,20.45,3316462.41,-0.00011222,-4.054666666666664e-05,0.0001277257142857143,5.9389333333333344e-05,0.000175091514438473,0.0002331077776369319,0.0002991629251879762,-0.5297142594262781,-0.4623878402189872,-0.6034607882778208,0.8375950162173758,0.9663864245343494,0.917696039458299,31.754385961012602,48.20333040600485,46.56160457830122,21.247,21.5804,22.23995
2023-03-29,20.45,21.56,20.43,21.1,3377523.28,2.173000000000001e-05,2.2840000000000032e-05,0.00010208928571428572,5.205900000000001e-05,0.0001356184069181644,0.00022265501996150962,0.00029723125355968,0.5316998353019324,-0.07666440836803345,-0.18837214203681724,0.6724794007606362,0.9251455167697022,0.9207728903732977,46.946564879224695,58.908045969111946,46.63805435714895,21.171,21.526000000000003,22.1703
2023-03-30,21.1,21.67,20.16,20.55,4349577.78,5.877000000000001e-05,-1.0573333333333302e-05,0.00011889999999999999,4.598166666666668e-05,8.995567813293484e-05,0.00020842669639097513,0.00029508914046751057,0.5070212875896379,-0.018389064514915933,-0.06532649917276666,0.7138707617521229,0.921367329107644,0.8975904751917257,34.05940593587296,54.16666665948547,46.54926224986493,21.012999999999998,21.472600000000003,22.0981
2023-03-31,20.55,21.49,20.04,21.16,3228391.27,-0.0001739,-3.11333333333333e-05,0.00011296428571428571,3.155933333333334e-05,0.00012501892348103713,0.0002159071084326602,0.0002949038057894396,-1.2299331125250155,-1.1950016182032126,-0.7417704845334032,0.7256574992415646,0.9248714726222491,0.878145091651208,56.00961537519069,47.619047611832606,49.382129270994774,20.875999999999998,21.486200000000004,22.0167
2023-04-01,21.15,21.34,20.74,21.08,1824463.55,0.00030000000000000003,6.162333333333338e-05,0.00010040642857142858,3.759300000000001e-05,0.00023696288449533988,0.00019750832159904922,0.00029858306194003426,1.530280238986957,0.7812523219792731,0.7245086752228315,0.4880823381775832,0.7995774586325619,0.878154644255831,58.3959899646924,49.327354252347725,50.24177949029608,20.842000000000002,21.5056,21.9571
2023-04-02,21.07,21.3,20.23,20.52,1822345.58,0.00020611000000000002,0.0001107366666666667,9.369999999999999e-05,3.965700000000001e-05,0.0002509329731787929,0.0001917189383105317,0.0002995577635533296,0.6786856486328523,0.37693721711885597,0.44011061354786696,0.5461888718652604,0.8081456513131658,0.8724688615888803,44.77611939518822,42.4036281111831,48.940178985537806,20.678,21.4998,21.8891
2023-04-03,20.52,20.99,19.94,20.45,3984085.57,-4.6649999999999996e-05,0.0001531533333333334,6.893928571428571e-05,3.123800000000001e-05,0.00017928988267146092,0.00018530330601949016,0.00029827029420200125,-0.6074422863353902,-0.7206701808162587,-0.3218484616823154,0.4386254610980131,0.802138581362882,0.8703408272563862,58.823529398308324,40.25522041109544,49.57061068040087,20.657000000000004,21.479,21.826
2023-04-04,20.45,21.26,20.28,20.92,2514863.89,0.00020298,0.00012081333333333337,6.200928571428572e-05,2.8004000000000005e-05,0.000145035944608046,0.00017765364069593985,0.00029577125498211145,0.5290429383754107,0.5060953398531663,0.46457227619591773,0.433483119207583,0.7221102188545037,0.8715178749278861,57.85953175902957,40.73647870459943,51.59144892425387,20.708000000000002,21.482,21.76935
2023-04-05,20.91,21.34,20.58,20.97,2603072.26,0.00030000000000000003,0.00015211000000000003,6.478857142857143e-05,3.4198000000000014e-05,0.00017883616327525303,0.00018127516609613522,0.00029955961785865635,0.7573350490605074,0.887917055478879,0.7696631405315078,0.3386374339583745,0.7176103822006431,0.8711247816431295,47.28033471418562,47.05111401495783,56.645898226448146,20.711,21.4646,21.7058
2023-04-06,20.96,20.99,20.43,20.62,1674280.5,0.00019040000000000002,0.00023112666666666673,7.628857142857144e-05,5.028733333333334e-05,5.99767965828577e-05,0.00018394466056636066,0.00029433666835455797,0.15363294326264454,0.27711809571749807,0.40695877830162663,0.36306693638648363,0.5949556901766545,0.8677424138262978,51.59817349948918,39.36464087636597,58.877495943612686,20.782,21.3998,21.6534
2023-04-07,20.62,20.78,20.22,20.44,1220862.47,-6.960000000000001e-05,0.00014026666666666672,4.988857142857143e-05,6.024700000000001e-05,0.0001898316446969446,0.00017570572600479996,0.0002845743688174169,-1.1267067636405421,-0.9866282848775048,-0.4010751048437107,0.28510854930896007,0.5912085879334635,0.8639752410231221,29.54545453370352,48.141891880506996,56.35142696375019,20.781,21.3638,21.5925
2023-04-08,20.44,20.74,19.85,20.04,1608993.48,0.00022836000000000002,0.00011638666666666672,7.832571428571428e-05,7.120866666666668e-05,0.00016218360129294348,0.0001695305029356042,0.0002845029194301317,0.4116314354072399,0.6874389869270844,0.5261984665788153,0.32963027795550753,0.577059521833068,0.8552589381510312,24.999999991586535,46.9522240418891,55.421023656842095,20.675,21.301800000000004,21.53565
2023-04-09,20.04,20.44,19.87,20.28,1051608.84,8.441e-05,8.105666666666671e-05,9.638571428571428e-05,8.383433333333336e-05,0.00014900830187728002,0.0001539755310562698,0.00027599769021733234,-0.43315738197353226,-0.061973682305696526,0.07894435898963442,0.2536565536854774,0.5768564930322463,0.8541119099134414,43.181818164643644,44.29065742871853,50.24570023705847,20.648,21.238400000000002,21.483800000000002
2023-04-10,20.29,20.95,20.08,20.89,1615129.64,0.00026116,0.00019131000000000006,0.00010368214285714286,0.000123027,9.401950592834751e-05,0.00015949281826745497,0.000203208607597278,0.9105817388352995,0.9882010735407188,0.6206883826063045,0.40163914537664147,0.5876260920354749,0.7995313623933936,59.565217373175834,59.14179102932864,51.467944868537444,20.621000000000002,21.1594,21.4261
2023-04-11,20.89,23.68,20.82,22.98,8297859.99,0.00030000000000000003,0.00021519000000000006,0.0001331264285714286,0.000141731,0.00011491167344969405,0.00015454222980525718,0.00019215418956796418,0.9127472070977057,1.1895886064011059,0.7175117503011095,0.8666627494725299,0.6867872174927363,0.8316541889984375,76.275510190461,68.30680172277431,55.786026192347116,20.811,21.0938,21.3727
2023-04-12,22.99,24.48,22.29,23.8,10374263.08,0.00030000000000000003,0.00028705333333333343,0.00015300285714285714,0.000141731,2.242428434394475e-05,0.00015698836827946494,0.00019215418956796418,0.7306839850076032,1.0789686338475986,0.6941122599365674,0.8048916390019141,0.6877373171741599,0.8318578430075714,80.17057568099801,69.06779659651201,63.0136986200663,21.139000000000003,21.0702,21.3248
2023-04-13,23.81,25.3,23.63,24.43,6063385.78,0.00019787,0.0002659566666666667,0.00016293857142857143,0.00013832666666666667,5.896478294998947e-05,0.00015495425934557123,0.00019014772577309998,-0.33930329193281933,0.5454520978049644,0.3396600388710668,0.6173689616198196,0.6079757941508876,0.8306487237987291,88.32997986683478,77.09497205196466,63.431151231512,21.537,21.075599999999998,21.285249999999998
2023-04-14,24.43,25.49,23.73,24.71,6432126.81,0.00030000000000000003,0.0002659566666666667,0.00019678857142857144,0.00013563866666666669,5.896478294998947e-05,0.00012447575895031685,0.00018715053186689406,0.6316959471967638,1.0442473982122729,0.7035449200188302,0.6194645583175321,0.6009649934557086,0.8259423155840622,92.11045363619773,75.98828695367736,59.67641567099602,21.916,21.0916,21.239399999999996
2023-04-15,24.72,24.8,23.81,24.05,2861426.92,0.00030000000000000003,0.0002659566666666667,0.00019678857142857144,0.0001515246666666667,5.896478294998947e-05,0.00012447575895031685,0.0001798176785413281,0.44711570262273076,0.9685499982154241,0.6805174153934965,0.8489613633048027,0.6158764925418267,0.8205223981058406,87.61726077648554,70.04048581672652,58.72627065741374,22.224,21.1112,21.196199999999997
2023-04-16,24.05,25.49,23.81,25.34,3471417.67,0.00045575,0.0003519166666666668,0.00021462,0.000169743,8.992230439848694e-05,0.0001424908860755975,0.00018209244594598144,1.570236976036011,1.7200710991523382,1.2678235021460522,0.5726137308136611,0.5877323486928738,0.8014487990682033,89.65517240395633,79.60687959318801,60.25943395231565,22.696,21.170600000000004,21.156799999999997
2023-04-17,25.34,26.0,24.28,24.58,5631537.5,0.00078717,0.0005143066666666667,0.00027417857142857143,0.0001801216666666667,0.0002488077865106401,0.00019091638233315628,0.00020727124469406503,1.64033376632227,2.792087819092304,2.4295001738618645,0.6751025562474198,0.6106116711479038,0.7853755213293175,78.25421132392373,73.38618345382325,57.020057297440914,23.11,21.197200000000002,21.11005
2023-04-18,24.57,25.44,24.0,24.82,3477504.6,0.00030000000000000003,0.0005143066666666667,0.0002811085714285714,0.0001801216666666667,0.0002488077865106401,0.0001898912657612525,0.00020727124469406503,-0.6079428658216229,0.3744189078561783,0.5858110293732683,0.6453629707065767,0.6025183620853999,0.7798643742752764,69.65811964770069,72.67441859282043,56.62232503420806,23.588,21.24,21.067899999999998
2023-04-19,24.82,24.98,21.71,22.66,6650547.99,0.00014426,0.0004104766666666668,0.0002699842857142857,0.00017493033333333335,0.00033539102168712057,0.00019323185669289144,0.00020611232654949984,-1.0370530477884887,-0.42117349608209126,0.006256628489663046,1.0142876031717802,0.7245885494735081,0.8116420419032919,40.53156145708104,57.88982258813766,53.380588868622375,23.826,21.255399999999998,21.019000000000002
2023-04-20,22.66,23.18,21.59,22.2,5486212.56,0.00030000000000000003,0.00024808666666666676,0.0002778128571428572,0.00017493033333333335,8.991653089582829e-05,0.00019197564526535134,0.00020611232654949984,-0.3991148480279297,0.271620573823862,0.6015785668301491,1.0100706716066483,0.7236270215167261,0.7997937081358126,30.940170936468704,57.301293892770616,50.110741963437974,23.957,21.249200000000002,20.969700000000003
2023-04-21,22.19,22.41,21.0,21.25,4194496.37,0.00016425,0.00020283666666666674,0.00029451642857142855,0.00017170233333333335,8.47374476152261e-05,0.00016811285767679012,0.00020547375244355144,-0.6701887661882516,-0.45809520242684953,0.10757591650800284,0.7050613269957082,0.7498368106641087,0.7931366978984489,23.466257666192277,53.494391710535616,51.68475156226628,23.784,21.2342,20.9115
2023-04-22,21.26,21.99,21.05,21.79,1831214.09,-3.2409999999999996e-05,0.00014394666666666677,0.00027589000000000004,0.00016964200000000004,0.000167132495429066,0.00018913815276139578,0.0002072520510024644,-1.5128882321365442,-1.4177434046656048,-0.6286247617237195,0.8777997740477703,0.7463405600928671,0.7875335258010361,32.34374999646239,57.45950553448906,53.87640448590708,23.583,21.241600000000002,20.85
2023-04-23,21.79,22.25,20.91,21.47,2754139.65,0.00012169,8.451000000000008e-05,0.0002785528571428571,0.00016369833333333336,0.0001034676432273251,0.00018647868698091195,0.00020593733040985375,-0.150642484512665,-0.675695336120009,-0.020197479013297617,0.8143309791873711,0.749795210950368,0.7843208363185797,14.36464088212611,55.03810329576177,51.50653779737245,23.287,21.251400000000004,20.78715
2023-04-24,21.47,22.02,21.0,21.38,3120614.16,0.0001968,9.536000000000008e-05,0.0002739557142857143,0.000175917,0.00011685143428737353,0.00018772956308575037,0.00019611025430355236,0.3848738902996858,-0.25135855091531745,0.27947109237084444,0.47986123549874726,0.744603391069333,0.7840573873078366,16.386554619438968,52.1700619953022,54.414414405263635,22.954,21.2596,20.727249999999998
2023-04-25,21.39,21.97,20.73,21.93,3314599.54,-2.8359999999999996e-05,9.671000000000008e-05,0.0002505014285714286,0.000180586,0.00011463968202597342,0.0002040298040372724,0.00018917406443010097,-1.0427635353582925,-1.3546959270088539,-0.5782439926496371,0.5565276997809918,0.7518298045010791,0.782207967529869,21.499013803737796,44.6153846089783,54.44177670153439,22.741999999999997,21.2856,20.671999999999997
2023-04-26,21.94,22.97,20.36,21.28,6657868.13,0.00017204,0.00011349333333333341,0.00024136142857142859,0.00018102033333333332,0.0001234708084056657,0.00020450740535046683,0.00018913777353119426,0.7853718707576318,-0.27830275760658474,0.2041715910122012,0.4695581056063445,0.7603735252096537,0.7820382979684982,30.617977522069495,36.847599159542106,50.540216077940414,22.336,21.3062,20.615499999999997
2023-04-27,21.28,22.52,21.18,22.33,4703115.03,-4.907e-05,3.153666666666674e-05,0.00022372285714285714,0.00018312533333333334,0.00012211926968481911,0.00021870349905322805,0.00018608846260849304,-1.1524801682239063,-1.4771970512455057,-0.6685449604391954,0.6031552588170311,0.7840249188614773,0.7853749434324805,51.566265051543034,39.49999999446999,55.18648017747539,22.111,21.3846,20.56255
2023-04-28,22.34,23.5,22.16,23.34,4422324.38,0.00030000000000000003,0.0001409900000000001,0.00022372285714285714,0.000192401,0.0001765942895311556,0.00021870349905322805,0.00018469627032501103,1.2008322160565983,0.38205061869389706,0.6961780453615606,0.6372227320871466,0.7937115582977929,0.7906909038099285,74.82185271915077,43.61602981723555,56.207289284887224,21.963,21.5048,20.519450000000003
2023-04-29,23.34,23.89,22.9,23.19,3194699.55,0.00026328,0.0001714033333333334,0.00022110000000000003,0.00019921800000000003,0.00019181620793964492,0.00021793720340959106,0.00018336331935833703,0.8106641275210693,0.13936259932509007,0.5505159131632169,0.6441989808857933,0.7956788346090459,0.7857575107450396,68.32460731732276,45.79256359450983,55.98411797182329,22.016,21.6052,20.481399999999997
2023-04-30,23.18,23.99,22.69,22.74,3110943.4,0.00022542,0.0002629000000000001,0.00020464785714285715,0.0002125286666666667,3.72914520367094e-05,0.00020729479900441134,0.00016929828676687632,0.31274592827932735,-0.05735305038107406,0.4049556565920924,0.6983393704184453,0.7962178726756353,0.784408727189175,66.07594935537895,36.14072494130095,56.335616429352754,22.07,21.698599999999995,20.4393
2023-05-01,22.73,22.88,21.54,21.96,3758634.21,0.00021535,0.00023468333333333342,0.00016380357142857144,0.000209707,2.5272083973056913e-05,0.00012280429944595364,0.0001684936567768608,0.17607224014515083,-0.08947807576677029,0.35881878279507123,0.7226228893400164,0.6983073511916688,0.7871433446296905,56.24999999151403,36.06382978186284,54.14152495054327,22.141,21.733800000000002,20.39665
2023-05-02,21.95,22.38,21.75,22.25,2566813.09,-1.4500000000000014e-06,0.00014644000000000007,0.00014227142857142858,0.00020278833333333334,0.00012817542781287392,0.0001235127083967011,0.0001728514970194202,-1.714995577859386,-1.1530110436392789,-0.4790898804599286,0.5865471314375045,0.6818709831941117,0.7849170461303213,53.65296802795502,36.402116396723486,53.68421051798804,22.187,21.770799999999998,20.3579
2023-05-03,22.25,22.3,21.23,22.24,4181975.28,9.056e-05,0.00010148666666666673,0.00013843571428571427,0.000207362,0.00010881224208860558,0.00012427766626908773,0.0001677641740244547,-0.6156791743905635,-0.631263527547908,-0.11233591905885196,0.3509773179496497,0.6691207651722967,0.7830895619013958,62.83422458717003,47.123287662195516,53.52581898112869,22.264000000000003,21.798399999999997,20.32115
2023-05-04,22.24,22.49,21.61,21.74,2529635.56,0.00019773000000000002,9.561333333333341e-05,0.0001311307142857143,0.000207187,9.968610850238696e-05,0.00011683318478885259,0.00016777164069745046,0.5313618277937171,-0.04430063454390568,0.31430886690700777,0.3647221316183606,0.6692402057743837,0.7852662980094256,40.75235108823616,46.86648500468486,53.08370043234391,22.299999999999997,21.8484,20.279
2023-05-05,21.74,23.07,21.56,22.82,3636404.07,0.00023223000000000002,0.00017350666666666675,0.00013598642857142856,0.000204928,7.387607615693289e-05,0.00011969319655215653,0.00016693300180912123,0.8562452863243616,0.15598497314776225,0.4411687901828347,0.6231673467522988,0.7014717663717034,0.7928535631560115,42.024539868276946,60.508701461216575,56.24344175459172,22.389000000000003,21.9114,20.23705
2023-05-06,22.82,23.23,21.56,21.91,2849745.66,0.00022441,0.00021812333333333343,0.00015433071428571426,0.0002060616666666667,1.8088784601024064e-05,0.00011128417825299552,0.0001669464208117522,0.7474250286973483,0.18508794564798142,0.38507622278607617,0.6545362162685683,0.6736174180986227,0.7982059829412048,34.079601984115484,50.76530611338375,54.777720993695574,22.452,21.917599999999997,20.19585
2023-05-07,21.91,22.78,21.63,21.66,2954384.97,7.777000000000001e-05,0.00017813666666666674,0.0001511935714285714,0.000210974,8.700798198064742e-05,0.00011288269326754483,0.00016060312853236514,-1.1627363798940686,-0.6873785949862851,-0.2396252044335197,0.6415940056205538,0.6659075747684293,0.7613953270917003,35.86387433897784,51.222651213421926,53.52400407814774,22.384999999999998,21.926800000000004,20.15985
2023-05-08,21.65,21.81,20.0,20.62,5254424.55,4.8530000000000005e-05,0.0001169033333333334,0.00014060285714285713,0.00020497966666666669,9.424439998402224e-05,0.00011520620612143742,0.00016326574498859897,-1.2443949100323495,-0.8565086471257853,-0.37369935038836993,0.7357648008858934,0.6859168695042291,0.7561092236794148,33.578431366788024,45.64220182753452,49.32533732443224,22.113,21.901999999999997,20.1229
2023-05-09,20.63,21.0,20.4,20.65,2375473.6,-0.00030642,-6.003999999999992e-05,0.00012074142857142854,0.000191952,0.00021387162667129493,0.0001613167996309776,0.00018707516216724383,-1.6540026818795246,-2.8591286242604066,-1.8509758906133502,0.7419334304561063,0.5796511181222089,0.747851370284815,29.057591617711935,42.195121944015455,43.50974929683413,21.858999999999998,21.872400000000003,20.085649999999998
2023-05-10,20.66,21.31,19.74,20.91,5057170.3,-1.5070000000000001e-05,-9.098666666666659e-05,0.00010737642857142856,0.00018274433333333333,0.00018926140871387639,0.00016446016667859208,0.00019032108080400948,-0.10703042163017519,-0.8213438786473479,-0.8503499832548455,0.5090224033606544,0.5794545152889518,0.7480324342633774,33.66093365514433,47.63124198890092,41.69062679029708,21.676000000000002,21.84,20.050150000000002
2023-05-11,20.92,20.93,19.69,20.17,3721715.1,0.00012843,-6.435333333333326e-05,0.00012005499999999999,0.00017702533333333335,0.00022157451529532758,0.00015819419053320416,0.0001892509050462377,0.8249964505637496,0.17430660555693103,-0.16294460091057772,0.49085378492257425,0.5699042885061626,0.7021158924373349,31.786542918271365,35.599999993354686,37.82857142251886,21.497,21.815,20.004599999999996
2023-05-12,20.17,20.95,19.8,20.9,3076452.18,0.00010196,7.177333333333341e-05,0.00010590928571428572,0.00017042400000000002,7.636418419881877e-05,0.0001494801334067205,0.0001882648496077575,0.6299516194107979,-0.055172006275518534,-0.2860867769697349,0.667784143455393,0.5813077300939569,0.7071956372077015,25.757575753022593,33.10249306837346,39.38718662338249,21.362000000000002,21.7898,19.9676
2023-05-13,20.91,21.29,20.77,20.84,1835421.61,0.00018198,0.00013745666666666674,0.00010010214285714285,0.00016989433333333334,4.076653809617821e-05,0.00014438866480804248,0.0001882073138079922,0.8389430637165776,0.48424104657077377,0.14804194610906565,0.49697306856075646,0.57852495243576,0.7050965234945532,32.79742764535101,33.52033659930875,40.749279532328636,21.222,21.793400000000002,19.9175
2023-05-14,20.83,21.28,20.62,20.93,1553375.08,0.00020938,0.00016444000000000007,9.895642857142856e-05,0.00016687366666666667,5.581668921579086e-05,0.00014337788487107835,0.00018676886847520839,1.0087934995046415,0.6696947202268816,0.312415683340401,0.49722125407936785,0.5789008584000752,0.675362259390024,37.62711863513928,36.63220087868757,36.34674921970458,21.141000000000002,21.803800000000003,19.8657
2023-05-15,20.93,21.52,20.6,20.99,2858317.83,0.00015832,0.00018322666666666673,9.488285714285713e-05,0.000162151,2.5552818403150393e-05,0.0001405998376943041,0.00018507008308011263,0.05430171955300209,0.25470738251834063,0.008188802083744652,0.4865545987116236,0.5669931580944596,0.6733783207496387,59.39086292305906,41.983471064664954,38.381877015697775,20.958,21.8048,19.81775
2023-05-16,20.98,21.13,20.43,20.67,2722401.44,0.00026067,0.00020945666666666673,0.00011360571428571428,0.00015564833333333333,5.117504302238343e-05,0.00014419159495743095,0.0001776779549162861,1.3262535100901651,0.9359906886182818,0.5488168311135758,0.3593466726879833,0.5564667701466353,0.6331951447362443,50.44247786048249,37.006578938847156,36.638763676587985,20.834,21.82,19.76075
2023-05-17,20.68,21.23,20.42,21.06,2614414.01,0.00022746000000000002,0.0002154833333333334,0.0001233842857142857,0.00013699133333333336,5.221552478279262e-05,0.00014712078128917408,0.00013279605893141747,0.5012995855552246,0.6266172170610621,0.3960954427087623,0.23569838595167128,0.5189638999590243,0.6333492488178035,53.13807529824407,40.86687305615886,44.18604650263655,20.774,21.832200000000004,19.701700000000002
2023-05-18,21.06,21.09,20.07,20.34,2624370.52,0.0002295,0.00023921000000000004,0.0001256535714285714,0.00013464133333333333,1.861287444237614e-05,0.00014859339982012664,0.00013041437377991024,0.33004752314963404,0.6839101171219699,0.4163363261620646,0.3943567106912296,0.48998769438434014,0.6342490536768431,53.5864978744681,39.520958075549494,43.36661910688826,20.746,21.816999999999997,19.6387
2023-05-19,20.35,20.59,20.21,20.36,1214543.49,2.7699999999999996e-05,0.00016155333333333342,0.0001110442857142857,0.00013075600000000002,0.0001159248745021779,0.0001473583570057863,0.00013184635955863894,-1.6387602420784249,-0.7357299770410569,-0.7234179069537878,0.3882785814007318,0.4911401891292797,0.6333755673413701,33.73493974481049,28.113878996555187,46.60045835519623,20.717000000000002,21.8132,19.5777
2023-05-20,20.35,20.37,20.08,20.28,856718.98,0.00015127,0.00013615666666666674,0.00010581999999999997,0.00012579833333333334,0.00010174536661857008,0.00014429471139888172,0.00012800328016187405,-0.29886015879574673,0.222755720212553,0.00526836763249251,0.37911788020588016,0.4876672101039392,0.6315460697244483,33.33333331944438,32.98538621165348,44.022169428086926,20.654,21.7956,19.5181
2023-05-21,20.28,20.39,19.33,19.61,1976334.78,0.00029479,0.0001579200000000001,0.00012132142857142856,0.00013014966666666667,0.00013366912094800573,0.00015247478151165562,0.00013152579161174353,1.0638338408390626,1.246338480808505,0.8348219223554874,0.44296388765437333,0.48619429881580156,0.6248034824865897,20.79646017054965,30.326295577263494,42.835130961483934,20.598,21.766199999999998,19.462149999999998
2023-05-22,19.61,20.03,19.28,19.53,2054927.32,0.00020809000000000002,0.0002180500000000001,0.0001327185714285714,0.00013816633333333335,7.22765438784184e-05,0.00015257858801320703,0.00012857213511512254,0.25685813991719275,0.5379436066735218,0.31551788758196303,0.3355850083760381,0.47892968584465007,0.6184694147473109,17.98245613482986,37.17647057598887,42.86815727679022,20.461,21.746399999999998,19.40555
2023-05-23,19.52,20.18,19.42,20.02,2466255.33,0.00029997,0.0002676166666666668,0.00017603214285714285,0.000144109,5.161662647189633e-05,9.261515519180744e-05,0.0001318623266225582,0.9171058224066375,1.1129032425293863,0.8505296344195633,0.3968128799411876,0.49686441331857084,0.5978760473049376,36.734693867055306,43.31210189795393,42.60263360811095,20.378999999999998,21.737799999999996,19.336949999999998
2023-05-24,20.02,20.07,18.66,19.22,2780601.57,0.00026235,0.00025680333333333343,0.00019584785714285712,0.000146294,4.619045061849824e-05,7.693245720242169e-05,0.00013330078616022832,0.3018690504453392,0.8041241937881551,0.6065254024658684,0.5031113013362797,0.5147154289420524,0.6054396056797188,17.832167827803275,33.90476189572057,42.11332311501397,20.208000000000002,21.7038,19.248549999999998
2023-05-25,19.22,19.58,18.77,19.25,1692742.89,0.00021553000000000002,0.00025928333333333345,0.00020206928571428568,0.00015442366666666666,4.2303448184985745e-05,7.454589267061965e-05,0.0001296694401710298,-0.9433552291887595,0.4761047679075189,0.29765650579687264,0.5127743599729966,0.45453357533209776,0.6017875907988025,24.884792618700743,39.867841397397534,37.20930231692805,20.034,21.6694,19.1817
2023-05-26,19.25,19.56,19.08,19.35,1034272.52,0.00030000000000000003,0.00025929333333333344,0.000216215,0.000158689,4.231787599041066e-05,7.28588255252347e-05,0.0001323458230242626,0.9670641736329423,1.033099746268236,0.8021645579687925,0.45686944743949964,0.43390686976914183,0.5892551742247494,27.55555554698276,30.179028122186523,32.075471690043884,19.901999999999997,21.644000000000002,19.13035
2023-05-27,19.35,20.54,19.33,20.43,1565995.03,0.00030000000000000003,0.00027184333333333345,0.00022464500000000002,0.00017032466666666666,4.876877718724366e-05,7.537715035326073e-05,0.0001287459974287492,0.6545832039527771,0.9386790891881142,0.7763574015445128,0.6652681909835885,0.5039425828748844,0.6009358128516338,52.30769229642601,45.841784976840046,38.55721392139631,19.839,21.643799999999995,19.110599999999998
2023-05-28,20.42,21.19,20.29,20.81,2874459.57,0.00030000000000000003,0.00030000000000000003,0.00023111785714285716,0.00017032466666666666,0.0,7.781688457557498e-05,0.0001287459974287492,0.6543364112269525,0.8497374476415684,0.7497033546609535,0.6536427754684982,0.46601742372336263,0.5976189088614609,70.2702702536523,48.85057469954198,41.951626345499186,19.886000000000003,21.659199999999995,19.14425
2023-05-29,20.81,20.98,20.26,20.57,2222352.38,0.00030000000000000003,0.00030000000000000003,0.00024123785714285715,0.0001715486666666667,0.0,7.682772828048868e-05,0.00012983019102735447,0.4470952417692979,1.0037354147302064,0.7247687423255089,0.48063960369604064,0.4688101007312097,0.5947140440939074,66.66666665170939,46.11111109915639,43.930130993624054,19.907,21.665,19.1588
2023-05-30,20.57,21.4,20.46,21.25,3192653.91,0.00030000000000000003,0.00030000000000000003,0.00024404714285714284,0.0001740346666666667,0.0,7.829794666510323e-05,0.00013159927354948085,0.0,0.9829226320869939,0.703982422549695,0.48280160742370987,0.4866827293676248,0.5957627899781714,68.5800604084574,55.034722208845714,45.77702701620137,20.003999999999998,21.672200000000004,19.1828
2023-05-31,21.25,21.33,20.37,20.81,2050625.96,0.00030000000000000003,0.00030000000000000003,0.0002492285714285714,0.00017685633333333332,0.0,7.950670893866146e-05,0.00013341071526961804,0.0,0.8906738387979339,0.703982422549695,0.5935831575874443,0.46866063177494804,0.5979444602698729,76.94915252411377,47.848536993633736,44.17277912602413,20.124000000000002,21.628800000000002,19.21395
2023-06-01,20.82,20.98,20.41,20.49,1732297.47,0.00030000000000000003,0.00030000000000000003,0.00025426428571428576,0.00018690466666666667,0.0,8.03887772174744e-05,0.00013084556487335362,0.0,0.8144756706040995,0.6908432029536746,0.4488817799621192,0.44781046836071486,0.5954455058799617,69.13580245419904,51.3863216133196,44.8304383684429,20.220000000000002,21.562600000000003,19.2505
2023-06-02,20.49,21.37,20.3,21.26,2068166.11,0.00030000000000000003,0.00030000000000000003,0.0002737142857142857,0.000193886,0.0,4.761606591571618e-05,0.0001311148986427838,0.0,0.735450726553797,0.6649802142962525,0.535247074832441,0.4759345567156466,0.6022847308517526,74.42455241634343,57.305194792170916,43.37860779953648,20.344,21.499200000000002,19.2868
2023-06-03,21.26,21.35,20.95,21.19,1130915.88,0.00030000000000000003,0.00030000000000000003,0.00028433785714285714,0.000197295,0.0,3.233604612339226e-05,0.00013254005887188466,0.0,0.6690750276312986,0.6517619468010392,0.5171681559772378,0.4760272232100658,0.5997988014862907,63.103448260630216,57.39837397067354,46.70932357122613,20.541,21.428800000000003,19.32115
2023-06-04,21.19,22.3,21.03,21.82,2800007.16,0.00030000000000000003,0.00030000000000000003,0.00028471000000000003,0.00019955399999999998,0.0,3.2495177145006576e-05,0.0001337282266308487,0.0,0.593511216984774,0.6517619468010392,0.5025666235079252,0.491564507612099,0.6040593078773332,66.03174601707232,68.08510636737822,50.706713768376424,20.798,21.3842,19.3589
2023-06-05,21.83,22.06,19.03,20.0,6215040.24,0.00030000000000000003,0.00030000000000000003,0.000291275,0.00020207366666666668,0.0,2.3998310100615674e-05,0.0001349195208280674,0.0,0.5602119869383436,0.6373744074170874,0.9427740163265947,0.6190513649231638,0.6404130841302247,43.97463001463378,52.9936305637973,47.43801651794822,20.863,21.277399999999997,19.390649999999997
2023-06-06,20.01,20.7,19.23,20.38,4383534.14,-2.492e-05,0.0001916933333333334,0.00026806857142857145,0.00019865066666666667,0.00018759264945179455,8.764047359759501e-05,0.00013940987092195194,-1.7887312832894442,-2.885516158434728,-1.5393495301989997,0.9630536446536712,0.6191334221581231,0.6418256433297436,40.18058690110013,52.32558138588425,48.915662639601294,20.857999999999997,21.1934,19.426199999999998
2023-06-07,20.38,20.53,18.5,18.64,3842270.95,0.00028161,0.00018556333333333343,0.0002694442857142857,0.00020642000000000002,0.00018251567940411105,8.769495026807775e-05,0.00013723292701011184,0.3503672454318704,0.3246857087025146,0.5076233582316398,1.102231524215608,0.7118992645551457,0.6769460670919856,31.06457242203402,46.658986167589575,41.852117723102225,20.641,21.0698,19.4552
2023-06-08,18.64,19.11,18.23,18.89,2669714.01,-0.00013098,4.190333333333341e-05,0.00024469357142857144,0.000212268,0.00021425836139659274,0.00013835065380606178,0.00011684964295418844,-1.3324831564241475,-3.1620800749696985,-2.149137042250811,1.1423062926226897,0.7156218499658829,0.6771249879886747,35.865724377189764,47.97752808234062,45.23809522867062,20.473000000000003,20.9944,19.488300000000002
2023-06-09,18.88,19.37,17.11,17.4,4755455.49,5.01e-05,6.691000000000008e-05,0.0002268435714285714,0.00021444033333333333,0.0002068080247355457,0.0001465445288880701,0.00011302054370987316,-0.23722828320680237,-1.5094752608795334,-0.9517723196352171,1.071624255845715,0.790165558318809,0.7013572330403499,19.749216298773575,40.524781335594284,37.676056330599074,20.088,20.898399999999995,19.51615
2023-06-10,17.4,17.43,12.8,15.61,17211734.83,-0.00059945,-0.00022677666666666657,0.00016259714285714284,0.0001901776666666667,0.00033520374644142805,0.0002629421754618062,0.00018641768481611235,-1.5827056167136344,-3.541268247060056,-4.201618716628047,1.1601021302211236,0.8953322423580673,0.7046884047433826,15.555555554211239,28.09090908733387,33.58443188361352,19.568,20.7856,19.532
2023-06-11,15.61,16.18,15.11,15.55,6064017.28,-0.00076533,-0.0004382266666666666,8.650214285714287e-05,0.000161268,0.000430959677497074,0.00035733033523463345,0.00025514934927965525,-1.2113110434045822,-2.9372813061809753,-4.187605093124068,1.0489978588741553,0.8953699971939225,0.6970030934087854,8.366533863764062,25.37453183187975,33.08176100046359,19.073999999999998,20.6608,19.537950000000002
2023-06-12,15.55,15.69,14.74,15.19,5195357.99,-5.803e-05,-0.0004742699999999999,6.092857142857142e-05,0.00015326766666666668,0.0003698930207439049,0.00035366832460342955,0.0002582218365024191,0.6758102428081213,-0.5942198563956673,-0.9795889371824757,0.9972370587744779,0.8815306448254387,0.6930964068562505,10.378912684140815,25.09259258933986,32.09876542655081,18.467,20.5352,19.54095
2023-06-13,15.19,16.0,14.76,15.04,4814274.27,-1.509e-05,-0.0002794833333333333,3.8422142857142856e-05,0.00014578533333333335,0.0004213029771178604,0.0003472517169947745,0.00025978725640772766,0.6977477509056954,-0.411569200126803,-0.7632905087719449,0.8965168009292884,0.8732077839966211,0.691413390629897,4.2808219172951,19.766309637032833,32.43917653831379,17.852,20.4084,19.546000000000003
2023-06-14,15.03,15.37,14.06,14.48,3978891.53,-0.00020024,-9.111999999999993e-05,2.6907142857142787e-06,0.00013383333333333335,9.690893506291135e-05,0.0003439869371047051,0.00026732932315158027,0.3789195939445461,-0.9214455020329426,-1.5246017622547223,0.8070272092954898,0.8774933263743095,0.6937580120714011,5.364806866146907,19.538017321717703,29.69135801955953,17.118000000000002,20.2594,19.54755
2023-06-15,14.49,15.08,14.18,14.77,4700648.85,-4.872999999999999e-05,-8.801999999999992e-05,-2.2218571428571436e-05,0.00012352,9.863016118321706e-05,0.00033326079311523786,0.0002682340028856116,0.5367934027443579,-0.39158635471833675,-0.8326525389830219,0.4145255515740908,0.8859115883845352,0.6806935102280729,6.170212765038471,22.393822390796203,32.33988585348436,16.595000000000002,20.1292,19.550800000000002
2023-06-16,14.78,15.47,14.38,15.31,2809890.09,6.007e-05,-6.29666666666666e-05,-3.935642857142858e-05,0.00011794033333333335,0.00013073766109411315,0.00032137332067135873,0.0002677378624901975,1.1863885247257369,-0.007677871641964498,-0.32130173505725107,0.5827155799207867,0.8620137612809377,0.6873983146043742,22.13333332920179,20.631786769113063,34.49969305729901,16.088,19.988799999999998,19.56075
2023-06-17,15.32,16.12,15.16,15.64,2500321.4,8.339e-05,3.157666666666674e-05,-5.4828571428571444e-05,0.00011307000000000001,7.051826804703475e-05,0.0003087447321707404,0.00026696634743476373,0.9581480827942557,0.1041451435399035,-0.19398721469183372,0.5655547050953194,0.86422033065431,0.6898298801789388,50.65502181857709,23.29162656086541,35.973397817368465,15.788,19.8348,19.57225
2023-06-18,15.65,15.84,15.28,15.45,1603688.44,-8.488e-05,1.9526666666666735e-05,-8.232000000000001e-05,0.00010931733333333336,9.116753604411046e-05,0.0002913657360128388,0.00026899132017811416,-0.4066008433865395,-0.38998263752436263,-0.9743536496798111,0.5717085762352988,0.8641873214737777,0.6575493397599812,47.93388428365546,17.989949746212474,37.0485678640264,15.443999999999999,19.68,19.5787
2023-06-19,15.45,16.14,15.34,16.1,1890318.27,-0.00020276,-6.808333333333326e-05,-0.00011823142857142859,9.751633333333334e-05,0.0001438125572693828,0.00027088235865001996,0.00027479069823850674,-1.4153858672334798,-0.7044001069003121,-1.4760200785231365,0.3979744503572078,0.8739729616452597,0.6669011112688257,66.78966787942704,27.790432797391063,39.68731207990834,15.314000000000002,19.5472,19.59165
2023-06-20,16.1,16.69,15.73,16.64,3005581.72,-0.00015182000000000002,-0.0001464866666666666,-0.0001272957142857143,8.262933333333336e-05,5.9120697969190775e-05,0.0002696401006659409,0.0002758304659102545,-0.7298640362401506,-0.46763635202677356,-1.1977038584090032,0.40952594662692937,0.8957004471072031,0.666433019569371,75.80645159578566,29.082774044662656,39.86810550889505,15.416999999999998,19.4408,19.606299999999997
2023-06-21,16.65,17.4,16.54,17.23,4146918.99,9.748e-05,-8.569999999999993e-05,-0.00014044785714285719,7.894233333333335e-05,0.00016067017518826338,0.00025207961578493747,0.0002748330700972786,1.0935397181749071,0.4334044824081901,-0.05155157588850901,0.40675315906243764,0.9166128434208166,0.6694993849102856,93.92971243905721,40.9499358077882,43.95871280369858,15.585000000000003,19.3404,19.625999999999998
2023-06-22,17.23,17.75,16.57,16.62,3547312.43,5.954e-05,1.733333333333407e-06,-0.00012683928571428574,7.092800000000001e-05,0.00013432732606716798,0.0002577098133534639,0.0002716526440205368,0.8868417301796983,0.3540147265205261,-0.22325355120212054,0.655622133560502,0.8997809711037577,0.6736747337499108,76.81159418731359,36.07361962570515,42.287390022380954,15.728000000000003,19.228,19.640549999999998
2023-06-23,16.62,17.53,16.16,17.13,4851596.52,0.00018533000000000002,0.00011411666666666675,-0.00011718000000000003,6.836066666666668e-05,6.452414298809732e-05,0.00026721101566277967,0.0002701409153733488,1.12449314730862,0.8534478113203212,0.3630898650545965,0.6103477244510442,0.9174545899010079,0.6790253545805667,76.60818711882285,48.11715480232023,43.642611676849974,15.937000000000001,19.135800000000003,19.6571
2023-06-24,17.14,17.53,16.37,16.64,2908701.89,4.425e-05,9.637333333333344e-05,-7.120142857142859e-05,6.265133333333334e-05,7.741713265388682e-05,0.0002307348353482463,0.00026872957356624446,-0.021843273381579764,0.39104038523309165,-0.30004907997040847,0.6848367116108985,0.9023954338644217,0.677866052794694,63.966480434419964,58.77342417678318,38.767042080109796,16.153,19.0122,19.668799999999997
2023-06-25,16.64,17.38,16.57,16.96,2723041.25,-3.309000000000001e-05,6.549666666666676e-05,-1.8898571428571447e-05,5.154833333333335e-05,0.00011074921998981027,0.00011550594335736264,0.00026544599052146775,-1.3009596515939856,0.16323021476860203,-0.6432441124426583,0.6450105190169686,0.8485323023640872,0.6772700249982817,70.35040429939484,61.500815646639296,38.54848303938515,16.372,18.9132,19.68615
2023-06-26,16.96,17.12,15.89,16.27,3056592.4,1.6879999999999994e-05,9.346666666666743e-06,-1.3547857142857162e-05,4.211100000000001e-05,3.9216479040765564e-05,0.00011528863905121277,0.00026130886780992914,-0.46460177592987445,0.359744048378225,-0.417023188274515,0.6397807366437089,0.8507210427176451,0.6708126409625194,52.266666656910196,58.35913311428749,37.54345306459318,16.468,18.805400000000002,19.69905
2023-06-27,16.27,16.93,16.13,16.63,2951107.45,0.00017114000000000002,5.1643333333333415e-05,-2.4571428571430175e-07,3.781566666666668e-05,0.00010646051018265992,0.00012539754694349315,0.00025796121449670053,0.9744272512538997,1.0482885153162755,0.3150392533580964,0.6280463227389366,0.7849497258744736,0.6628236684183408,49.85994396781455,61.919040466763626,36.36363635762584,16.567,18.7256,19.71425
2023-06-28,16.63,16.65,15.6,15.97,4040252.29,0.00013657,0.00010819666666666676,2.381214285714284e-05,3.2368000000000006e-05,8.094949924705398e-05,0.00011603612853352959,0.0002539275717327817,0.8189849577879814,0.8299656581016155,0.16332909735287496,0.6091021418219652,0.7935121354973771,0.6683741572617784,32.69230768602068,61.00443130200795,35.89743589157851,16.619000000000003,18.631999999999998,19.7262
2023-06-29,15.98,18.28,15.87,17.99,7948251.73,0.00021700000000000002,0.00017490333333333342,4.2792857142857125e-05,2.960133333333334e-05,4.034684905100689e-05,0.00012466953889742202,0.0002513501194284214,1.0906620976659855,1.0984610120421492,0.5437389159763224,1.251910314293791,0.8935939592583767,0.7353864496290282,63.56435642683266,68.94117645923322,43.372216324419824,16.808,18.5736,19.74905
2023-06-30,18.0,20.03,17.01,18.86,11454016.49,0.00024827,0.0002006133333333334,5.623571428571427e-05,2.7877000000000004e-05,5.7624774432037225e-05,0.00013628161790735086,0.0002496025074923163,1.0066784995263363,1.1838772792025922,0.687656604946538,1.2817846182366088,0.7626741884120487,0.7418409673099873,65.98890941844877,70.10192524369845,43.67088606950007,17.03,18.5474,19.7768
2023-07-01,18.85,19.0,17.9,18.7,3515091.93,0.00022201000000000002,0.00022909333333333339,6.613714285714284e-05,2.527733333333334e-05,1.6795339482768378e-05,0.00014326308625302547,0.0002470637839746127,0.5159120796014992,1.3473979482611214,0.5460595856379419,1.1594507976055772,0.7644977184951269,0.7409351650536306,70.27559054149745,67.66743647866808,43.464566922745355,17.177,18.503400000000003,19.80085
2023-07-02,18.7,19.74,18.53,19.45,4872775.08,0.00030000000000000003,0.0002567600000000001,9.362857142857143e-05,2.527733333333334e-05,3.968211303605723e-05,0.00014887289673289335,0.0002470637839746127,1.2687325366741435,1.665440034194445,0.8908876422061189,1.1608505186766354,0.7600039340821121,0.7482062118196253,72.59528129749242,71.69197395874527,43.818466347277415,17.459999999999997,18.4756,19.8275
2023-07-03,19.46,19.66,18.87,19.26,3065186.84,0.00030000000000000003,0.0002740033333333334,0.00012953999999999998,2.527733333333334e-05,4.5027547438637e-05,0.0001315028409725063,0.0002470637839746127,1.047303539425762,1.4711880294467035,0.8783115901746028,1.007044542670218,0.759943610457326,0.7466927201572612,79.84031935012217,68.0365296694919,47.890535910256936,17.673,18.4422,19.8536
2023-07-04,19.25,19.94,19.06,19.13,3096292.18,0.00026327,0.00028775666666666676,0.00015918928571428568,2.4053000000000005e-05,2.1206075269551097e-05,0.000107853927100421,0.0002457429188825887,-0.1017824002509825,1.146914810365836,0.7038633627856817,0.5434480561944278,0.7314315994520229,0.7359325248109512,76.150627603911,64.91017962983543,46.385193746103035,17.922,18.405,19.887999999999998
2023-07-05,19.14,19.53,18.32,19.0,2415908.51,0.00024304,0.0002687700000000001,0.00016958642857142856,2.215433333333334e-05,2.88755587825706e-05,0.00010846183409254666,0.0002437493267579575,-0.654194202592722,0.9135262678638644,0.607907302480166,0.404908216229835,0.7361427426911142,0.7298994943844004,85.64705880942284,61.21673002716054,51.1479591745399,18.125999999999998,18.371599999999997,19.920450000000002
2023-07-06,18.99,21.0,18.82,19.61,9598016.99,0.00019471,0.0002336733333333334,0.00017924142857142855,2.9475333333333336e-05,3.522668347064711e-05,0.00010382956225000056,0.0002455781249780122,-1.4865399619292545,0.5361887062357843,0.3740851333362054,0.45633681183518515,0.7337479232811068,0.7342961747733151,78.5211267412096,68.94803547572532,52.24438901831146,18.46,18.3426,19.956599999999998
2023-07-07,19.61,21.9,19.26,21.5,9794096.48,-4.002999999999998e-05,0.00013257333333333344,0.0001631442857142857,1.8754000000000007e-05,0.00015141955035049908,0.000119151729556761,0.00024117246226808687,-1.7166273501129732,-0.9850920531622452,-0.705440762244821,0.8352575707063393,0.8086291348436662,0.7598872355063114,84.19689117644099,73.57065802556647,62.46958636405628,18.946999999999996,18.3658,20.004399999999997
2023-07-08,21.51,22.5,21.32,21.81,6473021.26,5.6120000000000005e-05,7.026666666666674e-05,0.00016399214285714282,2.499066666666667e-05,0.00011800768207346135,0.0001182796663146729,0.0002395807837987997,-0.6685713640937206,-0.4149073585601827,-0.2985269678954928,0.7801729389564717,0.7987791698685238,0.7606283387830259,88.77805484734549,78.43784377229781,70.72192512045312,19.531,18.3948,20.05215
2023-07-09,21.82,22.38,20.99,21.32,3867361.76,-2.9599999999999988e-06,4.376666666666747e-06,0.0001661442857142857,2.3222000000000006e-05,4.849304721663867e-05,0.0001146358233486768,0.00023958487968935382,-0.7536228822726033,-1.0103877174809524,-0.5819884653153304,0.848142047747814,0.8085537678138809,0.7622665688227606,74.93333331934582,73.54211661955088,68.74593890887013,19.864,18.415599999999998,20.098049999999997
2023-07-10,21.32,21.81,20.47,21.3,5671089.94,0.00014654000000000002,6.656666666666675e-05,0.00017540571428571427,4.808833333333333e-05,7.529549872569645e-05,0.00010660549131937036,0.00020956139716196508,0.7659115803243662,0.047602212152700614,0.13094947682870492,0.8314374339838088,0.8062670343040255,0.7568069507824702,78.49162009638432,79.27823048766132,70.29900330918026,20.107999999999997,18.4494,20.14545
2023-07-11,21.3,22.37,21.2,22.07,4616810.71,-0.00013437,3.070000000000082e-06,0.00015358357142857142,6.912033333333334e-05,0.00014055204621428284,0.00013502632623972317,0.00014761724783742453,-1.3268480115160972,-2.097020520971388,-1.1781248318986985,0.8358523376670577,0.8066309233076367,0.7567954427359075,84.83412320867686,80.22222220974324,72.43139756204162,20.445,18.5002,20.1969
2023-07-12,22.06,22.8,21.74,21.94,6086113.95,2.9029999999999998e-05,1.3733333333333412e-05,0.00014590214285714286,7.202233333333334e-05,0.00014107834003969065,0.00013906707950471972,0.00014587690646495518,0.09941919609314559,-0.7807114517794912,-0.3945320119193937,0.42031865609246155,0.7817665554692361,0.7569261816995065,84.83412320867686,85.24203068248659,74.47506560311483,20.694000000000003,18.538600000000002,20.24935
2023-07-13,21.93,26.82,21.42,26.01,16102139.02,-0.00012766999999999998,-7.766999999999991e-05,0.00012128285714285713,6.826966666666667e-05,9.246561520385196e-05,0.00015509718210891533,0.00014959578611917134,-0.935473957652092,-1.7359500407004196,-1.0978149250819287,1.4972683293745521,1.0278288706351466,0.8645066315415193,91.66666665831167,88.11787071070678,79.5478443626323,21.369,18.674400000000002,20.3225
2023-07-14,26.01,32.13,25.23,26.67,19571913.81,0.00057435,0.00015857000000000005,0.0001445742857142857,9.408933333333333e-05,0.000368501667289325,0.00019498836240081676,0.0001674358636451968,1.6378101141282946,2.5393284809565517,2.0732196651575663,1.379560024536897,1.0030529279430191,0.8661178941756879,90.07751937006915,87.87584867865898,79.67607104372556,22.123,18.8228,20.39925
2023-07-15,26.67,29.12,26.45,27.46,11042658.65,0.00030000000000000003,0.0002488933333333334,0.000150145,0.00010571366666666668,0.0003537893986941104,0.00019845410280076227,0.00016927394360395122,0.5624992477034585,0.8488620117875895,0.8329487996055011,1.310752225929426,1.0031072332319535,0.8669294335633301,90.76479075562264,90.03656305977597,80.15306121303938,22.969,18.985,20.4811
2023-07-16,27.47,28.7,26.46,27.42,6708916.61,0.00030000000000000003,0.00039145000000000006,0.00015014499999999997,0.00011371133333333334,0.00015839604633638492,0.00019845410280076227,0.00017267682854393726,0.3121490536667709,0.7673068515882269,0.8244828925792116,1.3860102347464698,0.9666861452493989,0.8663467436083102,97.0679012240822,88.95405668381864,80.77120821459337,23.75,19.124799999999997,20.5694
2023-07-17,27.41,28.49,25.55,26.8,8662837.64,0.00030000000000000003,0.00030000000000000003,0.000150145,0.00012093166666666667,0.0,0.00019845410280076227,0.00017586450642996274,0.12180913379175196,0.7188077404440174,0.8163281128983165,1.4473103908616956,0.9890813887229487,0.8635065284427077,88.84180790082073,85.36585364732531,77.54891862939564,24.279999999999998,19.244600000000002,20.6552
2023-07-18,26.8,27.09,24.76,25.54,6327315.88,0.00029171000000000004,0.0002972366666666668,0.00015217642857142855,0.0001334846666666667,4.786233209662976e-06,0.00019984186281067919,0.0001740987508881668,-0.4972590693108889,0.6197875096802115,0.7569940476572539,0.6233121176388883,0.9991457984453374,0.8732295305607682,72.91941875151339,77.18405427412574,72.09533266127772,24.653000000000002,19.343999999999998,20.733400000000003
2023-07-19,25.54,26.99,25.35,26.31,4966905.24,0.00030000000000000003,0.0002972366666666668,0.00015624499999999998,0.00015024333333333334,4.786233209662976e-06,0.0002023975306819423,0.0001645518647809528,0.44601058481839184,0.6369810160299222,0.7788386830318322,0.6437598983622032,0.9031542286229451,0.8753302051718186,76.61388549894886,79.40466612138644,72.34251967507092,25.151999999999997,19.4452,20.815099999999997
2023-07-20,26.31,27.38,25.03,25.38,4977278.58,0.00027165,0.00028778666666666675,0.00016174071428571427,0.00016435900000000004,1.4576523191003217e-05,0.00020455539085891734,0.00015567006775905063,-1.7094276154255612,0.467467623269222,0.6559779756524765,0.5873563753786396,0.92294998567436,0.8759911626378253,43.78698224247515,72.62745097241738,71.22093022289638,25.560000000000002,19.5366,20.892049999999998
2023-07-21,25.38,26.0,25.06,25.5,3295444.38,9.076e-05,0.0002208033333333334,0.00017108285714285712,0.000164135,0.000113509391806766,0.00019749640403262536,0.00015577442098543904,-1.7738509734859995,-0.5195310787214855,-0.13641948091946013,0.6032253462161473,0.9182326599018051,0.8757388212668088,37.086092709501024,68.21493623902542,70.66666665689549,25.903000000000002,19.6368,20.96315
2023-07-22,25.51,25.97,24.0,24.52,2382898.21,0.00022099,0.00019446666666666674,0.00018285928571428568,0.00016951666666666668,9.331620131758208e-05,0.00019501389881094192,0.00015482224999186715,-0.16259056017589227,0.24035569946672647,0.4482787026246273,0.638900298020642,0.9401104779283652,0.8807482301052664,18.8559322005934,61.63090128014736,68.99710703022218,26.161,19.702,21.018900000000002
2023-07-23,24.52,25.26,24.15,24.76,2341589.79,0.00024831,0.00018668666666666676,0.00020080714285714287,0.000171616,8.419049606899806e-05,0.00018803451002319746,0.00015546970605645284,0.2705174219072099,0.41451185465497253,0.5712203314514457,0.5761596838712957,0.935258711995741,0.8738653069539128,22.96747967152905,65.08771929025238,68.87705710586371,26.036,19.7734,21.07555
2023-07-24,24.76,24.83,22.89,23.37,4042066.22,0.00024329,0.0002375300000000001,0.00020771785714285713,0.0001782506666666667,1.4542310511317146e-05,0.00018766417616944425,0.0001540878114855497,0.39424694138591454,0.3924350913004911,0.5462585457442674,0.5633441758466949,0.9798307786465383,0.8871372886732501,19.859402458013818,58.104933431374555,66.61985017853299,25.706,19.8044,21.125249999999998
2023-07-25,23.36,23.6,22.73,23.27,2522195.44,5.3349999999999996e-05,0.00018165000000000008,0.00022112642857142857,0.000181132,0.00011113940613036833,0.00016689937906308046,0.00015077212681407164,-1.2799985457870138,-0.6439765661865959,-0.2814734316648727,0.5653500051900028,0.9790551539828644,0.8873160200296019,24.94481235817632,54.958677679591545,65.73459714767503,25.287,19.8698,21.1741
2023-07-26,23.28,25.68,23.17,25.17,6033716.58,0.00013752,0.00014472000000000006,0.00022887571428571426,0.00018515333333333337,9.517447606902385e-05,0.00015965552160650116,0.00014782013136704973,-0.5141605014484724,-0.14555412340344545,0.10735790996444348,1.0070320911326276,1.0184974164862843,0.8978928923210251,39.929328616969904,61.643835610216186,70.59086838864573,25.062,19.9656,21.234450000000002
2023-07-27,25.18,25.65,24.66,25.1,4207657.06,0.00013521,0.0001086933333333334,0.00024765285714285713,0.0001839556666666667,4.794264728139977e-05,0.00012651567153629226,0.00014808290743454624,-0.3436670290365484,-0.21698872973828093,0.10997522572616775,0.9315582786210563,0.9548124345669006,0.897231772586449,47.08333332646704,45.39007091554751,67.43501715601678,24.892000000000003,20.0948,21.2877
2023-07-28,25.1,25.56,24.54,24.82,2736684.18,0.00030000000000000003,0.00019091000000000008,0.00022805642857142856,0.00018940333333333336,9.448177123133538e-05,8.713990382903853e-05,0.00014928085662473014,1.292721373549207,0.690553621345844,0.8550241115092054,0.9383468570030203,0.9576612438981585,0.89719349813589,43.14516128423356,40.25289778120611,65.050505041306,24.82,20.2134,21.330550000000002
2023-07-29,24.82,25.39,24.75,25.17,1768964.07,0.00028555000000000003,0.0002402533333333334,0.0002270242857142857,0.00019168833333333335,9.125665470715402e-05,8.630377286198565e-05,0.00015023939738065676,0.969194703438125,0.5332870240467249,0.7915031849543688,0.7024355975424622,0.9489711393488541,0.894599022823266,57.50577366275889,37.348066292564965,66.18309153650262,24.706,20.3688,21.3754
2023-07-30,25.17,25.21,23.47,24.25,2774658.63,0.00029213000000000004,0.0002925600000000001,0.00022646214285714284,0.00019315033333333333,7.23459017527774e-06,8.58161320792797e-05,0.00015102036164540793,0.7238600542900911,0.5263970687653275,0.8222901750051012,0.8292647811456653,0.9682331710592221,0.8981753022471731,44.91017963444368,34.03826787032695,61.90476189616402,24.593,20.541600000000003,21.41485
2023-07-31,24.25,24.79,23.52,23.73,3167365.08,0.00011376999999999999,0.00023048333333333342,0.00021316,0.00018954233333333333,0.00010113024141344333,8.79474298351516e-05,0.00015159896805601192,-1.2058300181904424,-0.7154025747761875,0.02898065185207264,0.3689721823970116,0.9661180598064919,0.8990723432218415,54.34782607776726,34.38453712633387,60.90775987454652,24.416,20.7052,21.45055
2023-08-01,23.72,24.07,22.84,24.05,3598080.21,0.00024913,0.00021834333333333342,0.0002101185714285714,0.00018784666666666667,9.3080269275191e-05,8.573034188724224e-05,0.00015060209066687595,0.01306713794439484,0.14499453748611685,0.6515811932286718,0.4264028501641625,0.9659779442557558,0.8953637759315847,58.94495411897673,41.61979751875506,61.89555124887294,24.369000000000003,20.882400000000004,21.47935
2023-08-02,24.06,24.29,22.82,23.15,3308680.67,6.234e-05,0.00014174666666666674,0.00019314285714285714,0.0001799246666666667,9.64865090483986e-05,8.998776689324629e-05,0.00015074979411706455,-1.3090159868746745,-1.4920115975144064,-0.185202987733957,0.4978511724925491,0.6323219930383978,0.9007602688426865,19.940476186321945,32.4833702832066,59.6736596658701,24.208,21.0446,21.4739
2023-08-03,23.14,23.38,22.44,22.65,2981853.02,4.4449999999999996e-05,0.00011864000000000008,0.00017691428571428572,0.00017263066666666667,0.00011336111809176361,9.508313744086373e-05,0.00015186772602178178,-0.9638021908370983,-1.7424881094967943,-0.24955231704364259,0.3986395937656138,0.6199367992797629,0.8998175540451137,17.678100260587186,34.10942956370745,57.12277412558838,24.136,21.208000000000002,21.4727
2023-08-04,22.65,23.57,22.48,22.8,3225053.92,8.626e-05,6.435000000000009e-05,0.00017659285714285712,0.00016740466666666668,2.097734718733668e-05,9.540385070265712e-05,0.00015205868485598055,-0.3062721369647633,-1.1773247911210878,-0.03974984801871336,0.41242095825956265,0.601006299063391,0.8725752190848252,22.40437158041452,34.33874709419095,53.31632652299563,24.089000000000002,21.3686,21.4688
2023-08-05,22.8,22.94,22.23,22.65,1781301.39,0.00016512,9.86100000000001e-05,0.00017260214285714283,0.00016641833333333337,6.127564030686245e-05,9.456873382549042e-05,0.00015197140366595083,0.5138482285901723,-0.30947635181511457,0.3139919219449069,0.4012111390857046,0.6001182929732578,0.8718289546451277,13.583815026153601,37.99743259907621,52.16049381964766,23.837,21.5154,21.467750000000002
2023-08-06,22.66,23.48,22.58,23.2,2662470.7,0.00016502000000000002,0.0001388000000000001,0.00016665285714285714,0.00017325333333333338,4.550100213197013e-05,9.202528234367673e-05,0.00014689234184444137,1.056811583816537,-0.24778286902030203,0.32438199574649534,0.4616197595790729,0.6133901919022173,0.8429630276707384,33.009708730386166,40.37037036339278,54.820512812641155,23.647,21.6666,21.4798
2023-08-07,23.2,23.67,22.27,23.12,3303008.9,0.00027203000000000004,0.00020072333333333344,0.00016870571428571427,0.00018045033333333337,6.175340499392023e-05,9.41621249730718e-05,0.00014624331997874747,1.4367541033562254,0.9363338221783208,0.7992530788242166,0.32410027822806386,0.5851456652568847,0.8427873390681844,38.490566027568555,48.15905742747826,54.65235173041786,23.477,21.82,21.4884
2023-08-08,23.11,24.79,23.02,24.22,4652753.86,0.0002721,0.00023638333333333346,0.00018433071428571425,0.000189619,6.180246943562182e-05,9.166412094110663e-05,0.00014293289094308867,1.002699205397116,0.969781792726155,0.778435785735888,0.4204022174225554,0.608184101181398,0.8214783312244378,52.47813410007731,56.09756096552802,55.40472598516172,23.381999999999998,21.982400000000002,21.48195
2023-08-09,24.22,24.99,24.1,24.38,3857674.95,0.00016402,0.0002360500000000001,0.0001862235714285714,0.00019020166666666667,6.237981961345877e-05,9.08934986721979e-05,0.00014278677757215767,-0.7420563297197179,-0.1842452858718397,0.23410041717399124,0.42042630620733584,0.5923422974732527,0.7700445676673775,72.86245351263803,43.471074370105846,56.12449798407887,23.395,22.137199999999996,21.480999999999998
2023-08-10,24.39,24.89,24.13,24.62,2556841.66,0.00030000000000000003,0.00024537333333333344,0.00019799428571428573,0.00020468066666666667,7.182183601343276e-05,9.438226713040408e-05,0.00013020852183613492,1.0052583738560967,1.2388556873726213,1.0590138700882723,0.3695036286897809,0.5938458334743083,0.7695431203585686,90.53497939778828,46.141479089292915,45.68054691560563,23.484,22.285,21.48305
2023-08-11,24.63,24.93,24.34,24.62,2415119.74,0.00025018,0.00023806666666666677,0.00019443571428571428,0.00021205233333333336,6.87945472282569e-05,9.112335491087585e-05,0.00012611711909745203,-0.02852342153335383,0.6528659778932723,0.7089850888143235,0.382799472721809,0.5694892736556627,0.7658500872459764,89.91228067414973,48.3164983051106,43.35709655726508,23.541,22.445,21.484499999999997
2023-08-12,24.63,25.24,24.4,24.91,1814019.36,0.00030000000000000003,0.0002833933333333335,0.00019546785714285713,0.00022630800000000002,2.876359032419507e-05,9.230890715653184e-05,0.00010946375742480199,0.7608536757201321,1.1513579729986458,1.0016847671036664,0.34767958215298433,0.5701847429960852,0.7645670063778403,96.69421484806372,47.78911563488013,41.46014734654465,23.717000000000002,22.6006,21.49515
2023-08-13,24.91,24.95,24.21,24.23,2013530.94,0.00022619,0.0002587900000000001,0.0001907578571428571,0.00021470266666666666,3.765073830625743e-05,8.860536935702478e-05,8.755557423397389e-05,-0.3847469312348031,0.3561753210640382,0.49251116184440136,0.3084241713216698,0.5239093428497358,0.7611277251018195,70.19607841210308,49.822695023093665,39.75594090486086,23.875,22.7524,21.4937
2023-08-14,24.22,25.3,24.06,25.18,2935003.9,0.00020226,0.0002428166666666668,0.0001970785714285714,0.00021144466666666667,5.094714347576886e-05,8.580285917835403e-05,8.607817753081851e-05,-1.219742165643224,0.012898759302683978,0.30455368390474163,0.455095313196059,0.5457274102474301,0.7642116192526818,80.11695904792927,61.94398680614141,44.90566036945058,24.113,22.916800000000002,21.497949999999996
2023-08-15,25.19,25.42,23.74,23.9,3856498.57,0.00027225000000000003,0.0002335666666666668,0.00019873000000000002,0.00021051966666666666,3.557332467370931e-05,8.709451532228879e-05,8.523875181406758e-05,0.5775041957509752,0.7570631897379766,0.767106069731489,0.6705770319821927,0.48493926001641674,0.7757388108800135,45.555555546697526,48.933143660240894,44.84924622326772,24.238000000000003,23.0694,21.4953
2023-08-16,23.91,24.03,22.36,22.82,4333224.4,0.00025907,0.0002445266666666668,0.00021278214285714285,0.00020915533333333336,3.7192491558653e-05,7.88792237565323e-05,8.407678390527725e-05,0.18516979853467008,0.5358859606075044,0.6541883978221545,0.7454328162808551,0.5195745573199607,0.7860789458792443,32.743362826787546,47.71151177991733,39.24830560012969,24.2,23.193199999999997,21.4894
2023-08-17,22.82,23.43,20.0,21.66,6294552.09,0.00013088,0.00022073333333333346,0.00021895571428571424,0.00020379433333333336,7.809381683809488e-05,6.721022365726377e-05,8.375823322449653e-05,-1.5583513118551204,-0.8970626962207069,-0.2696680844088751,0.7348603380959859,0.557425410842505,0.7979858183546095,22.79411764412575,43.71029224127137,38.69987848673393,24.054,23.307,21.467349999999996
2023-08-18,21.67,22.2,20.9,21.34,3890112.81,-0.00023562,5.144333333333345e-05,0.0001959642857142857,0.00018594033333333335,0.0002567336889236629,0.0001359734788995986,0.00011412550168546057,-1.7242138686068207,-3.267900917938036,-2.851970962946267,0.7433897619064906,0.550320998681492,0.7944993706567122,21.52777777516154,40.9203980028248,37.51500599609593,23.766,23.373999999999995,21.45425
2023-08-19,21.34,22.18,21.29,21.9,1694233.32,-0.00018771,-9.748333333333321e-05,0.00017076214285714284,0.00017062833333333335,0.00019921395791550617,0.00017045566669859983,0.00013169308339832435,-0.9659455379081725,-2.3160610699503743,-2.4839641572798645,0.6463839469275571,0.5525395233050194,0.793129141705567,25.041459366910587,45.56213016996603,41.93349752971591,23.518,23.4348,21.44415
2023-08-20,21.89,22.04,21.57,21.77,1053613.37,-0.00016722,-0.0001968499999999999,0.0001470307142857143,0.00016202900000000003,3.510405525055083e-05,0.0001929589778808676,0.00014485344173444518,-0.575751835623159,-1.8736519335471529,-2.2146111224431095,0.6075596976140402,0.5475359894279646,0.7898746369166614,27.55474452202766,41.09589040379399,40.73155609956303,23.232999999999997,23.496199999999998,21.427999999999997
2023-08-21,21.78,21.79,20.3,21.2,2646392.48,-0.00011525999999999999,-0.0001567299999999999,0.00011936714285714285,0.0001508206666666667,3.734676284541017e-05,0.00020124400529545426,0.0001529183978696707,-0.0019017757989004483,-1.3851232114423948,-1.8017812872575703,0.5461783857554822,0.5492980168331315,0.7872425290911519,10.980392155355602,38.73239435983269,42.913128666220985,22.891,23.5312,21.412399999999998
2023-08-22,21.2,21.26,19.35,20.59,3635900.71,8.768e-05,-6.493333333333324e-05,0.0001061942857142857,0.00014546633333333337,0.00013469626026122293,0.00019645636758339042,0.00015219764406552375,1.6799956049281253,-0.21473403616435416,-0.4628065001469998,0.4240875501313573,0.5406001470216178,0.7886640167980458,12.641083519447221,27.397260269195996,41.52970922147389,22.458999999999996,23.557799999999997,21.3919
2023-08-23,20.59,21.82,20.33,21.74,3704350.5,-0.00012464000000000003,-5.0739999999999904e-05,8.557571428571428e-05,0.00013320200000000004,0.00011996694709387633,0.00020488744642491372,0.00015872716868643112,-0.2112753705883964,-1.337754149164082,-1.7885307730134314,0.6853548589418916,0.5927973641526152,0.7944645196699929,37.99999999408886,35.36585365304741,38.619774379022196,22.21,23.61,21.378899999999998
2023-08-24,21.74,22.02,20.67,21.06,2719332.54,-0.00017553,-7.08299999999999e-05,5.16092857142857e-05,0.00012557266666666668,0.00013961200913612743,0.00020601934526095578,0.00016793143227209688,-0.711457873875184,-1.4552539283583483,-2.04662125755047,0.6921063604363599,0.6045938024615787,0.7985689823895621,42.5373134254288,31.183932342108065,37.1173469321474,21.798,23.6512,21.36685
2023-08-25,21.05,21.06,20.09,20.42,2321828.3,-0.00032477,-0.00020831333333333325,1.0541428571428557e-05,0.00011016300000000001,0.00010401473178529928,0.00022020806450707248,0.0001869325949186064,-1.312357352984459,-1.8919817880949878,-2.7576440048019077,0.7181949708907606,0.6154083310512093,0.7952631743715766,39.40092165263119,29.207920788030577,36.284289270474076,21.45,23.667399999999997,21.35565
2023-08-26,20.42,20.44,20.19,20.29,743690.27,-0.0005691299999999999,-0.0003564766666666666,-5.153928571428573e-05,8.6685e-05,0.00019870637767413677,0.0002524750073057951,0.0002241955111494328,-1.4242063644685492,-2.383450937892639,-3.6188205460840512,0.7035326509187751,0.6012632983765147,0.794339272685774,29.411764700616814,26.76056337651258,34.57648545532146,21.197,23.643199999999997,21.338
2023-08-27,20.28,20.92,20.24,20.79,1103526.81,-0.00046310000000000004,-0.00045233333333333323,-0.00010077428571428573,6.124833333333335e-05,0.000122535273404773,0.00026120705805825054,0.00024176040619002223,-0.701372377725318,-1.7105001050985715,-2.8096207085472558,0.7104070995135898,0.6157011618881053,0.7882908186325122,38.55140186285373,32.37704917568361,38.766233759185354,21.11,23.622799999999998,21.32585
2023-08-28,20.79,20.8,20.03,20.56,1622343.78,-2.8349999999999998e-05,-0.00035352666666666654,-0.00011724642857142857,5.078500000000001e-05,0.0002865580022061441,0.000247541062842476,0.00023848855313866955,1.3084656427478407,-0.06909819772976591,-0.712294824773675,0.4373903133370103,0.5701045876529306,0.734672157085506,41.87817258139219,24.446902651081217,39.510258099892205,21.032,23.6076,21.326249999999995
2023-08-29,20.57,22.05,20.12,21.79,5271801.95,-0.0003146,-0.00026868333333333324,-0.00015916428571428575,3.0560666666666674e-05,0.00022098222966648558,0.00022519000202099544,0.00024299957349215932,0.12475744096657826,-1.0342476660523467,-1.9679411336674024,0.6654847118587455,0.63459202767282,0.7392691358926489,63.157894727146804,38.264738592483795,42.94631709611425,21.020999999999997,23.617400000000004,21.33465
2023-08-30,21.79,21.99,20.6,20.82,2462706.77,0.00020957000000000001,-4.445999999999989e-05,-0.00016270000000000002,3.375400000000001e-05,0.0002624560845075315,0.00021840453274212023,0.00024475389579775017,1.3821252473581531,0.9311995243828374,0.45208583077974956,0.7480015581103665,0.6525485550768936,0.7482374116876114,39.49771688866476,38.738738732631276,42.75947792916554,20.926,23.592399999999998,21.3347
2023-08-31,20.82,21.07,19.43,19.74,3342646.88,-0.00022774,-0.00011092333333333323,-0.0001883157142857143,1.785833333333334e-05,0.000280932638595735,0.00020171604122414064,0.00024576704275515194,-0.24023576560878088,-0.6353680858352257,-1.5059955931840847,0.8987659954731066,0.6785623214030854,0.7543292787717646,36.1924686139467,39.090909084690075,41.27174564393756,20.779999999999998,23.5484,21.32595
2023-09-01,19.74,19.93,19.02,19.33,2517375.38,-0.00017735,-6.517333333333322e-05,-0.00018415357142857142,9.868666666666674e-06,0.00023926494191243126,0.00020126555747060243,0.00024815556656952156,-0.3388378491606681,-0.36923870178694834,-1.2324583629277874,0.8431636734229062,0.6718417569998267,0.755753277130057,38.02197801612846,38.69516309851819,39.75191966265177,20.653999999999996,23.414799999999996,21.31875
2023-09-02,19.33,19.69,19.13,19.5,1419243.59,-0.00013141000000000002,-0.00017883333333333323,-0.0001801321428571429,4.0066666666666735e-06,4.818212768616551e-05,0.00020175090311982897,0.0002493845716741422,-0.015462903610371347,-0.1160554546109473,-0.9912264619615407,0.8673248216955901,0.6742428385130047,0.7558552046124989,41.39433550566972,35.88235293526644,40.7079645950453,20.43,23.2714,21.30705
2023-09-03,19.5,19.67,19.23,19.57,1032117.62,-7.56e-05,-0.0001281199999999999,-0.00017358785714285716,-1.3886666666666595e-06,5.095472200914816e-05,0.00020367870773988538,0.00024929456299061474,0.028584469037373814,0.1882943447743675,-0.7153498878769927,0.5345805082141711,0.6408729527174846,0.7556828903749391,35.33653845559243,36.966824638417826,38.979963563500675,20.281,23.1136,21.2856
2023-09-04,19.57,20.05,19.15,19.52,2206040.45,-3.382999999999999e-05,-8.027999999999989e-05,-0.00016777142857142858,-8.020333333333325e-06,4.895805240230342e-05,0.00020661403924325614,0.00024735103694907974,1.2308347362400687,0.48133351815821945,-0.5097539561691373,0.4816733699632807,0.6166149578735984,0.7516696295908422,36.93467336033814,39.393939386975816,39.05109488385991,20.190999999999995,22.9556,21.272
2023-09-05,19.52,20.6,19.03,20.26,4197171.75,-0.00015254,-8.732333333333322e-05,-0.00018493,-1.860566666666666e-05,6.021705263760793e-05,0.0001933144962111764,0.0002464838966240135,-0.6558520416307155,0.006894161252621573,-1.0297238431088573,0.4036839090574832,0.6256985416475668,0.7216879798034879,28.080229220728953,47.950310550667034,37.68656715761678,20.188,22.8248,21.257600000000004
2023-09-06,20.26,20.39,19.14,19.64,3429947.48,2.302e-05,-5.444999999999989e-05,-0.00017438285714285718,-2.6905999999999996e-05,8.957799224712022e-05,0.00020074234444176017,0.00024047881596694836,1.3562660288474193,1.027198630012312,-0.240692701080966,0.46757558707411706,0.60180024939658,0.7244122379959271,31.210191075844904,36.03723403584415,35.67110035671833,20.073,22.706799999999998,21.23855
2023-09-07,19.63,20.0,19.32,19.92,2375627.15,-2.4659999999999998e-05,-5.139333333333322e-05,-0.0001636064285714286,-3.6797999999999996e-05,9.078178081728887e-05,0.00020468684022773365,0.00023376503628548694,0.4257987982705828,0.6931766002098178,-0.45227439907697065,0.4756559173238507,0.6053171625371362,0.7235159294448457,53.846153830046084,41.994382014214615,35.82629673701365,20.009,22.579,21.21395
2023-09-08,19.92,20.28,19.37,19.61,1972054.86,-0.00043625,-0.00014596333333333322,-0.00017156928571428575,-5.680699999999999e-05,0.00025252347856855603,0.000213420901269481,0.00024154387780499055,-1.6768764804036145,-1.4480309058220746,-2.1600439811049705,0.5057038623852038,0.5925218821520433,0.7244051347996022,56.249999982421876,44.03534608812231,35.16873889292643,19.791,22.4636,21.1807
2023-09-09,19.6,19.61,19.38,19.44,646379.52,-0.00048634000000000004,-0.0003157499999999999,-0.00016565571428571433,-8.301833333333333e-05,0.00025333237672086223,0.00020242125738416213,0.00024414073423234577,-1.1571220552625943,-1.5199658635305906,-2.2588227125990876,0.5116884688525327,0.5926770949209803,0.7186616518734259,48.660714270507846,43.777452406839195,33.6911150808387,19.653,22.342399999999998,21.153
2023-09-10,19.43,19.44,17.78,18.24,5630975.71,-0.00110387,-0.0006754866666666666,-0.00021142500000000003,-0.00012815333333333334,0.00037183526221755235,0.0003156327111277326,0.00029934055075620143,-1.5385162667680377,-3.0300476756065735,-4.018759915245254,0.5521937814641864,0.6374308324784203,0.7345179503067598,30.26706230825316,33.0677290775173,32.6778484620302,19.503,22.2168,21.123399999999997
2023-09-11,18.23,18.46,17.33,17.72,4755172.77,-0.00065799,-0.0007493999999999999,-0.0002563992857142857,-0.00016008633333333333,0.0003187517314385398,0.0003319752473027998,0.0003031648189666718,-0.2972068268828847,-1.336646760072082,-2.316198983252337,0.5489005047871529,0.6372537759223476,0.5948756132410714,26.562499995157907,31.841432219363455,27.87663107484849,19.342,22.076,21.09245
2023-09-12,17.72,18.8,17.57,17.92,4818249.11,-0.00017032,-0.0006440599999999999,-0.00024609357142857147,-0.00017330333333333332,0.00046693086671911147,0.0003322688617684117,0.0002942561027336415,1.159657981210681,0.32559401919724956,-0.6567062897773075,0.532289700578576,0.5809878644297992,0.5913180650474027,14.545454542369228,21.502209126641745,31.051964506530723,19.184000000000005,21.967000000000002,21.0667
2023-09-13,17.91,18.56,17.69,18.4,4063710.36,-0.0003864,-0.0004049033333333332,-0.00028866285714285715,-0.00019292533333333333,0.00024436097730279983,0.0003065842011178202,0.00028790711213764694,0.4973756214922755,-0.37308504011200105,-1.3494846851435578,0.6744814790584438,0.5915436755666158,0.5903229081941054,30.37974682871335,30.793650786807788,35.441370217441644,19.067,21.869599999999995,21.04685
2023-09-14,18.4,19.33,18.38,18.85,4397747.38,-0.00055771,-0.0003714766666666665,-0.00031223214285714285,-0.0002205906666666667,0.00019412568719357422,0.0003141310302584036,0.0002814704794715109,0.05032993769574472,-0.8956050367362115,-1.8446046920632075,0.7469758436927622,0.595153683650315,0.5950859911424341,33.93393392680069,42.151675474601035,40.29025569365497,19.0,21.7432,21.02485
2023-09-15,18.85,19.5,18.55,19.14,2087888.26,-0.00034166999999999997,-0.0004285933333333331,-0.0003239692857142858,-0.00024061533333333333,0.00011403301464216796,0.0003117645440297265,0.00026717548960753423,0.42594078713202377,-0.22050230613569838,-1.0864813408584904,0.42871329376511824,0.6006494794538864,0.5959285187021266,42.90030210573108,48.28828827610748,42.38227145992588,18.887999999999998,21.623999999999995,21.007150000000003
2023-09-16,19.15,19.46,18.86,19.12,1416418.73,-0.00018214000000000001,-0.0003605066666666665,-0.0003275928571428572,-0.00025104933333333336,0.0001884922312149144,0.0003096418956292873,0.0002581261424056705,0.9089173276036412,0.2769602747051196,-0.5319288106616359,0.21064058482362316,0.5881760336599754,0.5863723944640243,44.93670885080516,46.48148146943075,39.99999999194245,18.836000000000002,21.51,20.993299999999998
2023-09-17,19.12,19.14,18.63,18.81,1073239.72,-0.00034065,-0.0002881533333333332,-0.000346525,-0.00025455033333333335,9.181165627725253e-05,0.00030103251425973236,0.00025862144892738783,0.15686366728688395,-0.2172965444943525,-1.0291061806274484,0.3462731349095862,0.5897800382515291,0.5805682981187669,62.55506606000504,43.26241133677883,39.48863635578351,18.725,21.382799999999996,20.974800000000002
2023-09-18,18.81,20.15,18.58,19.64,3731851.86,-0.00052766,-0.00035014999999999986,-0.0003817985714285715,-0.000265882,0.00017295578942331705,0.00029031548459741295,0.0002630022696438762,-0.8931653341517364,-0.8179204686859578,-1.59153760844178,0.4376475991122379,0.5621728351614319,0.5877192356572036,87.2093023019199,50.93457942814511,44.56066944736613,18.728,21.290599999999998,20.963
2023-09-19,19.65,20.42,19.58,20.03,3110481.29,-6.741e-05,-0.0003119066666666665,-0.0003757178571428572,-0.00026255500000000004,0.00023146738437277464,0.000296316239310131,0.0002649177164359214,1.2807791986975017,0.8635432509550043,-0.05695227111842104,0.42881609197719406,0.5408867939783149,0.590284072249698,88.08664257701776,48.10543656221621,48.01699715761703,18.787,21.216600000000003,20.95605
2023-09-20,20.02,20.54,19.8,20.29,2588399.2,-0.00032153,-0.00030553333333333313,-0.00040032857142857143,-0.00026943066666666667,0.00023054161365873495,0.0002741290966737838,0.00026363666794072414,-0.1933150517609977,-0.05112297038254337,-0.8713566600242981,0.427717239769096,0.49189253771939906,0.5850442542799592,87.05882350551322,55.69176881296522,44.52003022489373,18.992,21.141399999999997,20.952599999999997
2023-09-21,20.29,20.29,19.29,19.46,2959370.24,2.7340000000000006e-05,-0.00012053333333333319,-0.0003966142857142857,-0.000271442,0.0001803999324511019,0.00027990222055524334,0.0002610355983318192,1.2204343522815226,1.155435845673472,0.3026543064478376,0.6312593628432865,0.5173879610442483,0.5917745883094271,60.40955629956085,46.32587858388877,44.02092674714063,19.166,21.067600000000002,20.945049999999995
2023-09-22,19.45,19.81,19.15,19.43,1857771.33,6.823e-05,-7.531999999999985e-05,-0.00036058000000000005,-0.000265013,0.00021420205670120453,0.00030569201866609383,0.00026708091266874185,0.9170736447198017,1.223668826462995,0.45277075823391033,0.6006665708739967,0.5160367026906394,0.5762187351169447,55.43071159595448,48.494983266238634,46.12372747618274,19.317,21.003199999999996,20.93905
2023-09-23,19.42,19.57,19.29,19.49,897913.0,0.00021927,0.00010494666666666683,-0.0003101792857142857,-0.000251853,0.00010109582794729156,0.00033964530486091393,0.00028100567255576864,1.1692607202788479,1.5927944530268088,0.9471919635076511,0.457880063996195,0.5159710661391194,0.5764097005184347,56.826568251004154,50.42589436616757,46.850393690458176,19.426000000000002,20.936999999999998,20.93525
2023-09-24,19.48,19.68,19.2,19.36,1091026.97,0.00015926,0.00014892000000000017,-0.00021995571428571432,-0.00023571866666666666,7.604904401116665e-05,0.0002740199773364108,0.0002904128429265498,0.6110208034914836,1.3214808454403657,0.7440541098151636,0.3980071444638808,0.5166351548706194,0.5390295239068241,60.86956520054995,61.66666664868056,44.201135431973796,19.477,20.871199999999998,20.94
2023-09-25,19.36,19.74,19.07,19.39,1702995.14,1.0560000000000004e-05,0.0001296966666666668,-0.00017220214285714285,-0.00021639566666666667,0.00010744979771198672,0.0002489158233721817,0.00028672572953558845,-0.9658872830080787,0.8177765494876148,0.2535422368952726,0.3563809574576924,0.48844199859930065,0.5392144853505763,42.774566456680795,69.3735498614564,45.177246485861815,19.502000000000002,20.795,20.9503
2023-09-26,19.39,19.53,18.84,19.03,1977195.6,-2.4750000000000005e-05,4.8356666666666806e-05,-0.00016180428571428574,-0.000201784,9.765429344556147e-05,0.00025202153579113754,0.0002848833811456941,-1.0935694720265008,0.7207415022093628,0.15502019767574862,0.1683070015198672,0.47713715638033,0.5401298658317986,20.588235285640053,62.416107363001665,37.744227344077835,19.493000000000002,20.7132,20.954599999999996
2023-09-27,19.03,19.48,18.73,19.14,2446438.2,0.00013258,3.946333333333348e-05,-0.00012473428571428572,-0.00019641966666666667,8.255140355168029e-05,0.00025459974511027236,0.00028973557116278596,0.3225537969674518,1.1561971620668114,0.705501141468594,0.19006866811190923,0.47315125230603944,0.5387711864875563,12.903225800624327,59.0243902237478,41.92307691178995,19.526,20.6116,20.95995
2023-09-28,19.13,19.98,19.1,19.96,2804835.46,-0.00010045999999999997,2.456666666666822e-06,-9.207357142857144e-05,-0.00018928166666666666,0.00011887835138642625,0.00022202919990074968,0.0002893612150114246,-1.2472569389334942,0.40173074453577695,-0.07347124910318091,0.4354356677845042,0.5041672898598113,0.5444347170218875,66.23376620366,62.416107363001665,51.08481260916792,19.558,20.523199999999996,20.95875
2023-09-29,19.97,20.46,19.85,20.28,2724984.42,-0.00014352,-3.7133333333333177e-05,-7.792000000000001e-05,-0.00020105133333333334,0.00014854461460570373,0.00021093279655085587,0.00027959473111579814,-1.1059604384733777,0.2220788044980166,-0.20921833175226318,0.42382450349963197,0.5061320843907927,0.54445426404755,73.22404368783786,62.66666664717038,54.72636814395684,19.583000000000002,20.4364,20.95815
2023-09-30,20.28,21.81,20.07,21.37,3565357.52,-0.0005639499999999999,-0.0002693099999999998,-0.00010519214285714285,-0.00021225833333333335,0.00025607242744004645,0.00024703705051074964,0.00028733246682339754,-1.6350031745018276,-1.4298733838772175,-1.612960383180398,0.5443462161330483,0.45657509694919857,0.5598053657759087,82.86713284685075,70.19748651736509,58.52324519928303,19.691000000000003,20.371399999999998,20.960699999999996
2023-10-01,21.37,24.5,21.13,23.87,6416328.5,-0.00035046000000000003,-0.00035264333333333314,-0.00010589285714285713,-0.00021802866666666666,0.0002102235035108498,0.0002477691235304566,0.00028834370383897315,-0.5504607065376554,-0.7334553754312501,-0.8483496384474943,0.7852082629853344,0.6052770030603402,0.6176140507646763,93.11663478677217,82.60309276860255,66.04477610560258,20.132,20.3506,20.983850000000004
2023-10-02,23.88,24.8,22.9,23.37,6313085.51,0.00012041000000000001,-0.00026466666666666647,-5.960214285714286e-05,-0.00020963466666666663,0.0003501535726340243,0.00022212086775960763,0.00029455078687218913,1.2611164600149236,1.1130613463230516,0.7664459848805095,0.9294841703731713,0.6245646789411644,0.6174672281904995,84.91228069132657,75.10094211236323,63.898916954590824,20.526,20.333399999999997,21.00235
2023-10-03,23.38,24.77,23.21,23.6,5894722.26,-0.00016043999999999997,-0.0001301633333333332,-6.624714285714287e-05,-0.00021246266666666668,0.0002368905794419921,0.00022375793326299585,0.0002936253601283003,0.23173862730412234,-0.05393720151734228,-0.18436002571685012,0.9631188424325453,0.6218705368978028,0.6177118673134961,91.02333930633459,74.55295734465281,62.51874061656278,20.937,20.3018,21.012349999999998
2023-10-04,23.61,23.86,22.58,23.13,3945261.33,-0.00033803,-0.00012601999999999985,-6.74257142857143e-05,-0.00022260266666666664,0.0002311500826195595,0.00022524450013481896,0.00029249418790593064,-0.31119459517409886,-0.8776447777238591,-0.7692009485803758,1.0667737972208375,0.6344837284311138,0.6195797923276166,83.64249577427488,68.98395720633991,63.229719471035374,21.314,20.2864,21.022
2023-10-05,23.13,23.76,22.53,22.7,3287722.78,-0.00051404,-0.00033750333333333317,-0.00010609571428571428,-0.00023465266666666668,0.00017680058831456242,0.00025254165199988475,0.00029692118516557413,-1.1006692920192191,-1.5319543711133352,-1.328269674147314,1.0812365342162318,0.6458496972300908,0.6184601094530083,74.72924186781397,72.88135591779181,60.419790092265686,21.645,20.284000000000002,21.0262
2023-10-06,22.7,23.76,22.66,23.41,4366362.12,-0.00010075,-0.00031760666666666654,-0.0001181657142857143,-0.00023877833333333333,0.00020740055551606937,0.00024755795767903647,0.000294063540109707,0.4063852062808129,0.16617926790209442,0.11183417935248764,0.44536195247287763,0.6510863816141823,0.6231533469685642,76.39123101965025,75.64432988326004,63.8282387060612,22.083,20.319000000000003,21.032600000000002
2023-10-07,23.41,24.21,23.08,23.3,2949841.72,-0.00015936,-0.00025804999999999985,-0.0001452107142857143,-0.00024326833333333334,0.00022362232244352802,0.0002277478887654919,0.00029170033105756774,0.559087754219818,-0.11682586006424922,-0.06853350555102768,0.40770715141464514,0.6438566778707543,0.6123342217343115,69.49494948512191,74.3918053643856,64.10818712138135,22.499000000000002,20.3582,21.03645
2023-10-08,23.29,23.64,23.06,23.22,1934466.13,-0.00014371000000000002,-0.0001346066666666665,-0.00016685142857142857,-0.00023351699999999998,3.034692782413112e-05,0.00021031874344238318,0.00028991084801146513,0.6223835328514918,-0.14335681621423996,0.005201206060399697,0.3923107560589078,0.6293207089156951,0.6121011075912253,37.154150187348634,74.87113400711085,69.82484074876515,22.825,20.3846,21.045450000000002
2023-10-09,23.21,23.37,21.59,22.1,4186290.48,-0.0002096,-0.00017088999999999985,-0.00018257714285714287,-0.0002242923333333333,3.4424971968498425e-05,0.00020417415493710758,0.000285964816581591,0.09576792583136505,-0.41222248526111427,-0.20486675314298886,0.5540145057467337,0.673207204555295,0.6230860974644141,29.841269834638467,65.3107344529452,66.64133737183923,23.006999999999998,20.3912,21.045150000000003
2023-10-10,22.09,22.48,21.69,22.11,2334716.24,-0.00042926,-0.00026085666666666654,-0.00021147071428571432,-0.00020180533333333332,0.000149516336994894,0.00020869326008850916,0.00023669311798655705,-1.7058560998599503,-1.3539637651175411,-0.9783838714297506,0.5477503527725155,0.6724722471732961,0.6230951799558918,24.57337883371963,68.11764704760415,66.15265997029857,23.081,20.4094,21.0524
2023-10-11,22.11,22.43,21.62,22.01,2734211.94,-0.00020233000000000002,-0.0002803966666666665,-0.00023539285714285714,-0.00018661666666666669,0.00012897066421621586,0.00018394988704612566,0.00022047443266297418,0.22970529629306036,-0.2959831580359811,-0.1101181055737662,0.39825646516959196,0.6415801318643507,0.6222049527376442,28.124999992309583,66.90223791594074,64.33677520411891,22.895,20.4378,21.0604
2023-10-12,22.01,22.05,20.93,21.28,2921129.02,-4.624e-05,-0.0002259433333333332,-0.00023152000000000003,-0.00018248066666666667,0.00019259873371434347,0.00018754491429028543,0.00022194959979329805,1.1363701196204268,0.4398882919365808,0.5093789224533756,0.4239215964014608,0.6633649402350408,0.6239227983041372,25.174825168663503,57.85714284750001,59.44055942762755,22.686,20.4286,21.0621
2023-10-13,21.29,22.23,21.11,21.84,2403623.09,-0.00019459,-0.00014771999999999987,-0.00023516785714285715,-0.000176087,8.796942477378429e-05,0.00018619339867370974,0.00021861036767911076,0.15931262470350657,-0.15741035002190282,-0.03976360652989532,0.5672498033106329,0.6695738888609488,0.6196397845867991,21.033210326670314,59.02777776821309,60.273972589895955,22.509999999999998,20.444200000000002,21.07175
2023-10-14,21.85,22.31,21.8,22.0,1303774.54,-0.00054204,-0.0002609566666666665,-0.00023360285714285717,-0.00017556466666666668,0.00025447556037539387,0.00018328672109265792,0.00021768385744435319,-1.3002627461071958,-1.6939485139042005,-1.373068666543646,0.41443998425235706,0.6672663175208509,0.6073095760503343,26.449275355610638,54.08560310301947,60.84337348114748,22.397,20.475800000000003,21.0795
2023-10-15,22.0,22.17,21.66,21.93,1455965.78,-4.979999999999999e-05,-0.0002621433333333332,-0.00021212714285714286,-0.00016583566666666667,0.0002529775563728348,0.0001861333884560435,0.00021652329319257304,0.7787347489822518,0.7550793809423442,0.6286828611556968,0.4145171355189376,0.6682325306785013,0.5968282659061714,26.54545453869747,31.628787870401425,61.96319017074411,22.32,20.5086,21.083650000000002
2023-10-16,21.93,24.75,21.89,23.95,6973642.82,-0.00030237,-0.0002980699999999999,-0.0002423257142857143,-0.00016984333333333333,0.00024614817061079217,0.00016057319628151728,0.00021794350023008978,-0.3654822660289266,-0.4440196470811592,-0.38242350950817233,0.8656786375373293,0.7434379420792454,0.6217062149131954,75.34246573897542,54.26470587118078,65.14406182836237,22.374000000000002,20.5718,21.10065
2023-10-17,23.95,24.56,23.46,23.93,4456015.31,-0.00011026,-0.00015414333333333316,-0.00023874142857142856,-0.00016216366666666667,0.00013187953377368373,0.00016308209140028593,0.00021576548949981528,0.6685490152799471,0.6440728029464763,0.4075598595926728,0.724214502002058,0.7449486771222757,0.620355486138368,74.86338796382397,52.50379361555305,64.06926405632078,22.437,20.639200000000002,21.1145
2023-10-18,23.94,24.43,23.36,23.42,2982409.96,0.00013979,-9.094666666666653e-05,-0.00020461142857142856,-0.00013991533333333333,0.0002217117949689649,0.0001886928347181008,0.00021114029037452755,1.2039058789279997,1.7975512494011148,1.3996009461156171,0.8170781517953944,0.7439273415894335,0.6200399823296937,67.32186731028864,52.187028646597035,61.09142450949286,22.457,20.671799999999998,21.126199999999997
2023-10-19,23.41,25.77,23.11,24.93,5889168.99,-0.00027338,-8.128333333333317e-05,-0.0001874214285714286,-0.000146781,0.0002081035742805965,0.00016818280954900992,0.00021204814977663128,-0.8574958822153483,-0.2631808761818814,-0.2804929066226485,0.9070469313470281,0.7792160528427443,0.6379278277389132,87.62886596673401,64.46173799088893,68.49222446303055,22.740000000000002,20.754,21.148249999999997
2023-10-20,24.92,27.5,24.73,27.03,7266627.01,-0.0006226900000000001,-0.0002520933333333332,-0.00022470285714285714,-0.00015681966666666666,0.00038168544539760773,0.00020195183555180645,0.00022719405614749278,-1.3917161798869364,-1.9639013893183186,-1.6348191487238073,0.9518776130353193,0.8173647689902256,0.662472706857857,90.61032862857166,69.8901098793576,72.53855277561638,23.232,20.8998,21.18115
2023-10-21,27.02,30.31,26.65,29.32,9576358.72,-0.00011852999999999999,-0.00033819999999999987,-0.00022178642857142858,-0.000161682,0.0002582548173704454,0.0002032586414685608,0.00022466366298406324,0.2800424132215709,0.4674001828097482,0.3957239260316942,0.9230752403147883,0.756571331094971,0.6838959845344897,92.9577464712359,76.68439715360302,75.74646410622893,23.963,21.0996,21.22315
2023-10-22,29.33,30.01,28.09,29.05,5567480.03,-8.889999999999999e-05,-0.0002767066666666665,-0.0002178714285714286,-0.00016691966666666666,0.000299996390692241,0.0002053947929010755,0.00022091922222556838,0.3681458360740264,0.7126692538656038,0.5123727798051968,0.9595129569826008,0.748726039070048,0.6739352607747399,90.82568806610347,75.41412379201574,75.19500778936319,24.740000000000002,21.290600000000005,21.263549999999995
2023-10-23,29.06,32.81,28.74,31.88,12178546.11,1.609e-05,-6.377999999999981e-05,-0.0002017507142857143,-0.0001736923333333333,7.073822796073851e-05,0.00021473821663433167,0.00021158904449458,0.9376343007799407,1.1781699235536196,0.9163556290956918,0.7856687002770798,0.8266527495053417,0.7016706482005698,91.60545644657675,87.10166918649908,78.3477076613993,25.744,21.5368,21.319849999999995
2023-10-24,31.88,32.61,29.5,30.17,11152278.09,0.00030000000000000003,7.573000000000018e-05,-0.00014966071428571432,-0.00016900099999999998,0.00020119269294638142,0.00024202172068492692,0.00022059439303274614,1.2047758859146476,2.150429932955086,1.9479148005415807,1.2687812433885701,0.8677676090858726,0.7122269550483411,77.80748662616178,77.08333332608089,73.8237810005686,26.561,21.7498,21.368499999999997
2023-10-25,30.18,33.9,30.0,32.44,10582632.89,0.00030000000000000003,0.00020536333333333353,-0.00011378,-0.000159353,0.00016391551491040242,0.00026931043251379077,0.000234603257837206,1.0624261061043387,1.8825988590001697,1.8668743086199917,1.2449571890641,0.8903572586232573,0.729778260677635,84.74576270729415,80.58651025731255,76.03758808876644,27.612000000000002,21.9934,21.430500000000002
2023-10-26,32.43,33.28,30.73,32.77,6940180.71,0.00024969,0.0002832300000000002,-9.264214285714286e-05,-0.00015020500000000002,2.9046491956934858e-05,0.0002861090272317743,0.0002451466556255302,0.5235364230946699,1.4932119813917233,1.6076471455019552,1.1564701923316496,0.8889618373921836,0.7286283352040985,83.22033897811407,84.50450449739904,75.56886226700229,28.494,22.256000000000004,21.49295
2023-10-27,32.78,33.35,31.2,31.73,6273331.35,0.00030000000000000003,0.0002832300000000002,-5.7314285714285713e-05,-0.0001446243333333333,2.9046491956934858e-05,0.0003026117801017816,0.0002535671352816785,0.5421530467075604,1.499974715520528,1.7349249036266507,1.22811120602557,0.9093267394192164,0.7338287535227546,71.88081936216791,78.86748393984739,72.21575474574296,29.274,22.492200000000004,21.547150000000002
2023-10-28,31.73,32.51,31.35,31.63,2594478.41,0.00030000000000000003,0.0002832300000000002,2.831428571428573e-06,-0.00013127566666666665,2.9046491956934858e-05,0.0002818250884668284,0.00026619847231055686,0.447014916627571,1.3451032309760047,1.6603834052456148,0.9282239004830488,0.9092147318689797,0.7230319566578145,63.50877192462501,78.20738136441182,70.70217916876649,30.095,22.732599999999998,21.5904
2023-10-29,31.62,33.19,31.27,32.83,3483834.9,0.00030000000000000003,0.00030000000000000003,2.7817142857142858e-05,-0.00011649166666666665,0.0,0.00029211813154107665,0.0002775681929528221,0.447014916627571,1.209953526536709,1.6414377086720982,0.7626378783064954,0.8646837251924708,0.7151625252037649,69.93670885559538,79.94505493890533,69.08006813486267,30.884999999999998,23.0004,21.635550000000002
2023-10-30,32.83,35.35,32.28,34.94,7627255.13,0.00029376,0.0002979200000000002,7.039785714285714e-05,-8.790133333333335e-05,3.6026649862825237e-06,0.00028360962455536314,0.00027404028180893906,0.2306803872086225,1.0805038187387788,1.555368092822946,0.6965305911350904,0.8783643091634984,0.7111104421294966,67.46575341926643,80.04373974236954,73.05699481049982,31.676,23.334400000000002,21.6881
2023-10-31,34.94,38.62,34.82,38.4,9267665.69,0.00024712000000000003,0.00028029333333333357,9.5925e-05,-6.7982e-05,2.889787065404289e-05,0.00028217806883923575,0.00027600868618872114,-1.77581647127543,0.8338549145820462,1.345732331811839,0.9650145922171214,0.9197902201982269,0.7369863294162967,89.1531874345949,83.29498388786871,76.12994349529788,32.584,23.748,21.756549999999997
2023-11-01,38.41,46.9,37.81,41.15,19486359.98,-0.00039513,4.858333333333353e-05,5.771642857142857e-05,-8.516666666666665e-05,0.000384973978378217,0.0003105690012159268,0.00027989640545940413,-1.7840769678561628,-1.2588556650733964,-0.8492228747846925,0.7058931212037106,0.8921201182377403,0.7505620389327478,89.62693357026941,86.98372965699718,79.44444443717502,33.794,24.2126,21.84205
2023-11-02,41.16,44.57,38.65,40.23,14743830.91,0.00030000000000000003,5.066333333333354e-05,9.867214285714286e-05,-6.981866666666666e-05,0.00038697266780530093,0.0003012133993374695,0.00028812942429328175,0.4944661031107188,0.9333100256259607,1.48403555126404,0.849538278473857,0.9230504883871562,0.7552417072538637,82.21070811247426,82.72027373328449,78.19234479836157,34.629,24.6492,21.916499999999996
2023-11-03,40.24,40.26,37.98,39.45,10290073.48,0.00030000000000000003,6.82900000000002e-05,0.00016457857142857142,-4.855099999999999e-05,0.000401333492615577,0.0002216792585213268,0.0002911805641182885,0.4944661031107188,0.8610795378551779,1.4404934502324633,1.0344152432704197,0.9429797349553903,0.7584328998642725,84.09893992412817,78.15049863511285,75.73812579550494,35.557,25.0612,21.990850000000002
2023-11-04,39.45,42.72,39.0,42.41,7452581.71,0.00030000000000000003,0.00030000000000000003,0.00019447357142857145,-2.1416333333333323e-05,0.0,0.00020838547183070008,0.0002841512827468523,0.489170629970945,0.7887969021226353,1.3917563267835555,1.0603382188028112,0.9483406554597946,0.7705922909512088,88.01128349353966,78.79454464978829,78.09467802944238,36.553999999999995,25.526600000000002,22.0788
2023-11-05,42.41,42.85,40.1,41.15,4117962.39,0.00030000000000000003,0.00030000000000000003,0.00022225214285714288,-8.05799999999999e-06,0.0,0.00019306250941193362,0.000289659602226422,0.44719921016678654,0.7087334968972908,1.3575284640879524,0.9957509890395212,0.9508370925422687,0.7702750943963638,79.21348314217352,75.50590218778635,75.47598749044239,37.392,25.9672,22.17125
2023-11-06,41.16,42.2,39.66,42.16,4866558.59,0.00035286,0.0003176200000000002,0.00024630714285714286,9.016000000000008e-06,3.051873514748229e-05,0.00018625980694379686,0.00029547167043950914,1.788097987795418,0.813005554869626,1.4794132260551578,0.8277737710895479,0.9427021291015211,0.7708252751043035,77.47336377060647,73.47031963000647,78.59179018756964,38.434999999999995,26.4342,22.27105
2023-11-07,42.16,44.78,40.08,42.93,8826660.47,0.00040579,0.00035288333333333355,0.00025386357142857146,2.7332666666666677e-05,5.289500381258473e-05,0.00019069866848620302,0.00030262307844417056,1.565194088293387,0.9312852957115264,1.5807794825558734,0.7759976958536978,0.9172932039811648,0.7676817580948521,71.67464114352421,80.4389312923371,79.04575892239599,39.565,26.9,22.379450000000002
2023-11-08,42.93,43.88,42.25,43.13,4580371.01,0.00037143,0.00037669333333333353,0.0002589657142857143,4.6700333333333344e-05,2.685466865056992e-05,0.0001929700289867211,0.00030551560666235703,0.5511684588418737,0.7318513891536604,1.421977342482749,0.7078218206940612,0.9115687739166617,0.7660442191464659,62.53164556407951,78.29539438276267,79.3823038335484,40.595,27.362,22.486150000000002
2023-11-09,43.12,48.88,41.36,45.29,12546941.33,0.00048089,0.00041937000000000024,0.00027548,7.703866666666669e-05,5.597932828282211e-05,0.00020180585948455685,0.00030178913540256346,1.4698348389404439,1.2154249742086027,1.7903644917921717,0.554657922666994,0.885381772674455,0.7461061346001888,77.68052515816457,80.21235520693546,82.12469895022883,41.63,27.862,22.60525
2023-11-10,45.3,57.54,45.05,56.67,14708555.35,0.00036897,0.0004070966666666668,0.0002804064285714286,9.6082e-05,6.391873691125356e-05,0.00020328688290790077,0.0003015775407978743,-0.5272966985545362,0.6074114970787735,1.3891469936749778,1.7376496366118392,1.2086792370479547,0.8990447763196594,93.617021273276,90.14810044667718,86.13820294166453,43.456999999999994,28.606199999999998,22.7817
2023-11-11,56.67,63.95,53.55,56.34,13790858.3,0.00050654,0.00045213333333333355,0.0002951592857142857,0.000114508,7.315453252073526e-05,0.0002121207324728727,0.00030936843753246677,1.2564847909015486,1.2156575595414407,1.7659442086570944,1.8176408530298158,1.2064771236333716,0.9009850022296252,90.70718877478114,89.48545860897158,85.504549209276,44.976,29.3444,22.95375
2023-11-12,56.36,61.86,54.5,56.28,10246085.39,0.00084764,0.0005743833333333335,0.00033427642857142856,0.00014924900000000003,0.0002464412315914687,0.00025850562587410744,0.0003312093263245819,1.695707980753633,2.446865346028886,2.6658528440569533,1.8628304694891702,1.1835339781066834,0.9021508302593223,97.54871149790797,88.8888888847614,85.52223370756026,46.580999999999996,30.080200000000005,23.12875
2023-11-13,56.27,59.86,51.28,51.6,11066863.24,0.00093719,0.0007637900000000002,0.00038023571428571427,0.00019855666666666666,0.0002272399007546321,0.0003039507389658797,0.0003348351151446391,1.2423776415848373,2.28828295185124,2.7417864865804176,2.2152252360686364,1.2332040234934758,0.9387275258497365,74.10623084515453,75.4584352045953,77.10252891166661,47.796,30.725,23.275100000000002
2023-11-14,51.6,57.99,51.12,56.81,12213778.24,0.00084577,0.0008768666666666669,0.00042299642857142854,0.000228409,5.224990553390032e-05,0.0003251534961204209,0.00035143995840203633,0.5824884637674796,1.6770212141684768,2.3197685720003838,2.276628949159627,1.2540039396585947,0.9589205292941498,78.8925895064436,76.70438061771436,79.25266903519739,49.236000000000004,31.4734,23.442449999999997
2023-11-15,56.81,67.12,56.15,65.43,12800109.28,0.00049883,0.0007605966666666669,0.0004868507142857143,0.0002551156666666667,0.00023125904291142554,0.00022425244166113435,0.0003399693229341991,-1.0964324373820205,0.3820793208620608,1.2847875812516072,1.726067709311167,1.3402425973769254,1.0044736238416732,84.37114673060852,80.09419930312019,82.66210542323972,51.664,32.401399999999995,23.653650000000003
2023-11-16,65.43,68.2,56.31,57.8,13868327.04,0.00076596,0.0007035200000000001,0.0005201335714285714,0.000284323,0.00018170279605712924,0.0002289170781193847,0.00034509696693513854,-0.07809148320378692,1.2142066499363393,1.9393179463307932,2.1781134553750903,1.4783072096035543,1.0623272752790418,66.49960432480744,68.67162592781848,73.3352264630791,53.227999999999994,33.1746,23.82895
2023-11-17,57.81,60.57,54.1,58.51,11968303.78,0.00030000000000000003,0.0005215966666666669,0.0005201335714285714,0.00028966333333333333,0.00023381279098527328,0.0002289170781193847,0.0003440211494342492,-1.4025068244022096,-0.40423075792951274,0.6316985388949261,2.1776281538628197,1.4731377531571102,1.060659034351201,53.37738619539779,70.28522775439762,72.79837774907537,54.786,33.9456,24.011699999999998
2023-11-18,58.52,59.37,54.7,58.56,7374946.5,0.00030000000000000003,0.0004553200000000002,0.0005201335714285713,0.000308776,0.0002690221314222935,0.0002289170781193847,0.00032717685911851985,-0.9470110216395294,-0.40423075792951274,0.6133635842324231,1.9467228802955112,1.4782527096558014,1.0615120318852242,54.117210681087464,68.32312230325272,71.88622754189697,56.32899999999999,34.7112,24.19325
2023-11-19,58.56,62.1,56.61,61.1,7009650.09,0.00030000000000000003,0.00030000000000000003,0.0005201335714285713,0.0003395323333333333,0.0,0.0002289170781193847,0.00027595387951448815,-0.648229895738926,-0.405506740169916,0.5890895320683617,1.8180747048264996,1.4720718688384782,1.063156453345076,58.186141302964316,71.99558985444776,73.20110033002804,57.910000000000004,35.5058,24.38755
2023-11-20,61.1,61.33,56.0,56.57,7127562.28,0.00030000000000000003,0.00030000000000000003,0.0005163578571428571,0.0003534833333333333,0.0,0.00023229923173249565,0.00026223630808633623,-0.4471921354655887,-0.4167227452726717,0.5747776969046281,1.3176407700535757,1.5051763570894163,1.07893886597224,58.48412427309869,64.74319623305422,67.44383212959103,57.9,36.1598,24.561700000000002
2023-11-21,56.57,57.4,51.23,51.65,10741088.9,0.00030000000000000003,0.00030000000000000003,0.0005088014285714286,0.0003664466666666667,0.0,0.0002378273786660781,0.00024888610953633234,0.0,-0.7140468571183773,0.5623895356187845,1.115412729635652,1.5579648936165895,1.1109318424256474,41.10344827486992,58.223311956214395,64.5174371427325,57.431000000000004,36.7254,24.70585
2023-11-22,51.65,58.94,51.43,57.56,7891464.65,0.00030000000000000003,0.00030000000000000003,0.0005036992857142857,0.00037591033333333335,0.0,0.00024173521555026728,0.00024035628052982355,0.0,-0.7140468571183773,0.5576530828989015,1.5898523689729154,1.6028931782603493,1.1332954969787488,35.032331684118574,62.2850332013077,66.18139654489426,57.55899999999999,37.4046,24.884100000000004
2023-11-23,57.55,59.63,56.14,56.51,4925635.15,0.00030000000000000003,0.00030000000000000003,0.0004907785714285714,0.00037591033333333335,0.0,0.0002478061890270324,0.00024035628052982355,0.0,-0.7140468571183773,0.5497648958620369,1.5938032093723407,1.6023757742671245,1.1352449233493287,46.72754946561597,59.736202705941835,65.15190196346151,58.05,38.0722,25.05835
2023-11-24,56.52,58.79,56.2,56.86,3905651.92,0.00030000000000000003,0.00030000000000000003,0.0004858521428571429,0.00037591033333333335,0.0,0.0002510780072814643,0.00024035628052982355,0.0,-0.7140468571183773,0.5352572460181457,1.5191951630309148,1.5840653915660794,1.134891162081673,45.736434106872586,50.203906416177595,66.18158402852146,58.05499999999999,38.7554,25.239549999999998
2023-11-25,56.86,59.82,55.7,58.82,4095129.28,0.00030000000000000003,0.00030000000000000003,0.00047109928571428567,0.00037758733333333335,0.0,0.0002557926039531527,0.00023961963698269275,0.0,-0.7140468571183773,0.519552870218378,1.3920865978801986,1.572842755429333,1.1317899799299203,50.61147695035615,52.571547074375765,67.0984781764825,57.39399999999999,39.4636,25.4304
2023-11-26,58.81,59.04,56.12,57.57,3097837.47,0.00030000000000000003,0.00030000000000000003,0.00043198214285714286,0.00037758733333333335,0.0,0.00023479255574387176,0.00023961963698269275,0.0,-0.6965616951249041,0.5106324171796357,1.0185431205792974,1.5813849573638388,1.1357203972712895,41.16174261247806,51.305403762966456,65.54801407511897,57.371,40.149,25.613700000000005
2023-11-27,57.57,58.09,53.47,55.06,4618869.6,0.00030000000000000003,0.00030000000000000003,0.00038646857142857145,0.00037758733333333335,0.0,0.00018601935167348907,0.00023961963698269275,0.0,-0.6647660659892578,0.492580608577617,0.5715424876444339,1.6019979744978827,1.1446157417189695,45.79387186450944,53.662150718138705,62.58129064313122,57.025999999999996,40.7858,25.78815
2023-11-28,55.06,58.65,53.94,58.18,5642915.95,0.00030000000000000003,0.00030000000000000003,0.00034748499999999997,0.00037758733333333335,0.0,0.00013158341529232524,0.00023961963698269275,0.0,-0.643110299385999,0.47333490082516844,0.7703608299281989,1.6117598608795372,1.148482042734888,70.21671826321042,51.51716500393966,62.42150213294674,56.988,41.5074,25.97455
2023-11-29,58.18,61.78,57.72,59.31,7574392.84,0.00030000000000000003,0.00030000000000000003,0.00033328285714285714,0.00037779533333333337,0.0,0.00012453304827839525,0.00023954705944429188,0.0,-0.5968379376277116,0.447111713723114,0.7789376838583816,1.604742395969754,1.14517615826935,57.69569040981645,41.87466808128984,61.641025638812884,56.80899999999999,42.251400000000004,26.166900000000002
2023-11-30,59.31,61.7,58.75,59.3,4597104.01,0.00030000000000000003,0.00030000000000000003,0.00030000000000000003,0.00037955800000000005,0.0,0.0,0.00023874556347545331,0.0,-0.5773654118521391,0.42271100777607756,0.7302171108343954,1.2953033483357825,1.1215012945982206,63.50435623964635,52.4966711027465,62.3686600055178,57.081999999999994,42.9972,26.35875
2023-12-01,59.3,61.9,58.6,59.75,5422494.06,0.00030000000000000003,0.00030000000000000003,0.00030000000000000003,0.000402729,0.0,0.0,0.00018965167700078946,0.0,-0.5290860186472576,0.41336578243506483,0.6872578440419977,1.2949568302803347,1.1179759066829276,63.85426653454477,52.081934181567675,63.223032827292535,57.891999999999996,43.7666,26.55255
2023-12-02,59.74,63.9,59.67,63.66,4898503.76,0.00050174,0.0003672466666666669,0.00031441000000000005,0.0004094536666666667,0.00011647464328484747,5.391728293621217e-05,0.0001894600581610995,1.788656129082084,0.4864171631003022,0.9709872523266637,0.5462864343664251,1.320156021706467,1.1240386379994722,69.54765750818387,57.58026159094492,63.67262900298181,58.501999999999995,44.602999999999994,26.7675
2023-12-03,63.66,65.53,62.22,62.98,4675198.65,0.00048645,0.0004293966666666669,0.0003277278571428571,0.00041566866666666665,0.00011232127593794815,7.054674022105386e-05,0.00018880274681701162,1.0221162000342232,0.6551204565873298,0.8971234127471331,0.5490447478537318,1.2556530164017807,1.1223836444197548,72.90431836993791,52.957835114092475,64.15143264385291,59.14899999999999,45.422599999999996,26.9771
2023-12-04,62.99,65.25,59.75,61.64,7696216.19,0.00073853,0.0005755733333333336,0.0003590514285714286,0.00043028633333333337,0.00014133153373652974,0.00012977856702307925,0.00019636329400249606,1.5090357982983185,2.467844970742821,1.606569566200225,0.6304647690182887,1.1998153111430232,1.1229395310083503,80.92105262625519,58.86673661831363,62.57423185934407,59.62700000000001,46.216800000000006,27.1836
2023-12-05,61.63,62.6,59.11,61.03,6032438.26,0.00030000000000000003,0.000508326666666667,0.0003590514285714286,0.00043028633333333337,0.00022008198842323268,0.00012977856702307925,0.00019636329400249606,-0.9133338276260028,-0.4446848786534823,0.26916566451232843,0.6469275331086481,1.029474147394518,1.1242593033800174,67.52767527093857,69.31630971593728,61.70763259802352,59.848,46.958400000000005,27.386950000000002
2023-12-06,61.04,66.68,61.03,61.85,11121135.68,0.0008295399999999999,0.0006226900000000003,0.00039687571428571433,0.00044617566666666663,0.0002831383621040844,0.0001790563182423888,0.0002087757648402089,1.2165255861080402,2.979550944218337,1.7912322482183665,0.6502843357194769,0.8764389330646283,1.1230860368993076,66.24040920123167,61.177696712576925,62.01232032631373,60.275999999999996,47.71679999999999,27.5948
2023-12-07,61.85,69.37,61.64,67.74,10648583.32,0.00056868,0.0005660733333333335,0.0004160671428571429,0.0004516053333333333,0.00026477962332536163,0.000182244679541546,0.0002098048478092663,-0.07639276454426173,1.169040667035688,0.9818600512774774,0.8732919677653231,0.9529097998409037,1.1368883209166467,80.8029197039006,73.36662504774394,63.74770361079616,61.544000000000004,48.603199999999994,27.83545
2023-12-08,67.74,75.3,67.74,74.94,11314830.348,0.00105651,0.0008182433333333337,0.0004701035714285714,0.0004744413333333333,0.00024411111860852449,0.00024613738735656735,0.00023637792909717579,1.2600650811170075,2.9139705834730187,2.2989680950474702,1.0962975937231676,1.0325760008441494,1.1423514087465563,87.13936430019574,79.27461139536967,61.79166128600726,63.21999999999999,49.6034,28.1125
2023-12-09,74.93,77.78,71.5,72.3,8809964.3,0.00081615,0.0008137800000000002,0.0005069714285714286,0.00048561666666666666,0.00024392363537585293,0.0002571097544990519,0.00024447958950728134,0.3530890560275283,1.5873782060619217,1.5662920778338536,1.1680685447639867,1.0428352968140508,1.1497527047279694,72.5234619368735,71.35614701838091,60.00250689185249,64.51899999999999,50.508799999999994,28.3739
2023-12-10,72.31,74.89,70.67,74.87,5886808.01,0.0008373499999999999,0.000903336666666667,0.0005453535714285714,0.0005012293333333333,0.0001330748380735439,0.000263855834750038,0.0002516247241979965,0.09085434077334958,1.4809294107815185,1.5711106820935032,1.0810488786235253,0.9740143421738545,1.1487166038113525,78.21547223280729,76.30778588482875,61.295418639304565,66.076,51.4198,28.652150000000002
2023-12-11,74.88,75.0,64.18,70.25,12970688.47,0.00047221000000000003,0.0007085700000000003,0.0005576542857142857,0.000500085,0.00020496803944756482,0.00025541700758574564,0.00025167779665656185,-1.1961456850076226,-0.033455303126944794,0.48424120153224737,1.4103212165185195,0.9231372110135869,1.1597762465395567,67.67967145595992,71.70620176906576,61.3401434978505,67.126,52.2438,28.90715
2023-12-12,70.24,72.42,65.75,68.6,7763463.64,0.00046862,0.000592726666666667,0.0005696985714285714,0.000487451,0.00021185762537213274,0.0002461398112020123,0.00024299260071657556,-1.0251857001710072,-0.0840839812372948,0.44895943918227377,1.256409079862457,0.8359737647058448,1.164644679944853,64.90744387375204,65.54295942447015,57.493326551913285,67.61999999999999,52.978199999999994,29.153399999999998
2023-12-13,68.6,72.6,63.67,70.62,8271925.44,0.00030000000000000003,0.0004136100000000003,0.0005696985714285714,0.00046621133333333333,9.84055186206375e-05,0.0002461398112020123,0.00022981669773402644,-1.1772877851023944,-0.7870559142152594,-0.10277422854505576,0.8142112296335107,0.830885922809509,1.1645181270019838,66.49116208926122,66.43417610889253,53.60066601706559,68.384,53.787200000000006,29.404350000000004
2023-12-14,70.62,76.24,68.18,75.68,7493589.41,0.00030000000000000003,0.000356206666666667,0.0005696985714285714,0.000448019,9.735280236507572e-05,0.0002461398112020123,0.00022013227358106882,-0.8003913345573195,-0.7870559142152594,-0.12282794275126907,1.0043820316179206,0.8665043888997989,1.1694935316133441,65.41149068145234,70.7551951318029,62.863309349985364,69.788,54.652,29.6787
2023-12-15,75.68,79.5,72.13,72.51,8834567.44,0.00065952,0.0004198400000000003,0.0005953785714285715,0.0004533753333333333,0.00020756896876700104,0.00023430758590452895,0.00022334282634889078,1.4690721090194316,0.6406386478032439,1.0101579717733362,1.0411067883521994,0.8946560771975437,1.167339262697791,44.40865163225561,65.12565196559564,59.727626456819934,70.936,55.4468,29.9384
2023-12-16,72.51,77.22,71.18,73.72,5513079.61,0.00030000000000000003,0.0004198400000000003,0.0005809685714285714,0.00043784333333333336,0.00020756896876700107,0.00024640083472031877,0.00021696623388045742,-0.6617480948185075,-0.8671509935061871,-0.20629512745128362,0.8455835916786881,0.8832504219960708,1.166348367344253,53.497536943968065,62.74062816393523,60.36652078543453,72.123,56.2866,30.200750000000003
2023-12-17,73.71,75.05,70.36,70.87,5108641.26,0.00030000000000000003,0.0004198400000000003,0.0005676507142857143,0.00043784333333333336,0.00020756896876700107,0.00025672497868981805,0.00021696623388045742,-0.44718578237465384,-0.8671509935061871,-0.21626985624341172,0.9101605913288064,0.8771237179093717,1.1709956360507023,40.28182701515077,59.47178871348715,56.65259430534349,72.43599999999999,57.071400000000004,30.45105
2023-12-18,70.85,75.46,67.0,74.42,7219822.33,0.00030000000000000003,0.00030000000000000003,0.0005363271428571429,0.00043784333333333336,0.0,0.0002609894102884987,0.00021696623388045742,-0.4471857823746535,-0.8671509935061871,-0.2591981023997356,0.968889863975229,0.8717036123411587,1.1683089941685476,60.68682726589028,64.56908344527139,62.31884057730168,72.384,57.903200000000005,30.7207
2023-12-19,74.41,76.37,71.78,73.0,6086806.16,0.0003033,0.0003011000000000003,0.0005365628571428572,0.00043795333333333336,1.9052545770971783e-06,0.00026076094160620313,0.00021689476342892663,-0.43174065510722903,-0.8545389916298481,-0.34035658131879015,0.7497020133625553,0.8812907314483871,1.1611752581136927,61.410788379513114,63.398253859665154,65.48223349987889,72.45400000000001,58.66440000000001,30.979400000000002
2023-12-20,73.0,84.14,72.96,82.21,10701294.29,0.00057376,0.00039235333333333366,0.0005182928571428571,0.0004470786666666667,0.0001571114462040601,0.00024726603755649963,0.00021664932661536262,1.7885852899935515,0.22749500361759875,0.7135739535306582,1.1913237980161206,0.9933825760857197,1.1776781219373382,71.89270872495939,69.1858273634214,67.05882352681294,73.18800000000002,59.5406,31.2845
2023-12-21,82.22,95.54,81.03,93.84,12129644.35,0.00030000000000000003,0.00039235333333333366,0.0004991014285714285,0.00044707866666666665,0.0001571114462040601,0.00025340496133223895,0.00021664932661536262,-0.4539042633279116,-0.9444411709778956,-0.45451289168700537,1.488856106907443,1.1085091481427065,1.2093544613070892,77.48184019206303,72.1938775493015,72.53410599778951,75.547,60.59439999999999,31.6446
2023-12-22,93.86,99.5,90.34,97.9,11975121.56,0.0008079300000000001,0.0005605633333333336,0.00048134571428571423,0.0004640096666666667,0.0002542220195583399,0.0002175103928786191,0.00022446509433838124,1.532597466805935,1.123185573613118,1.652219502303812,1.1815836450239021,1.0972160519573753,1.1967238352896512,87.41526672380812,70.62522457601733,73.71157845844242,78.477,61.7478,32.034099999999995
2023-12-23,97.91,110.0,92.8,107.88,8336420.6,0.00038694,0.0004982900000000003,0.00045068785714285714,0.0004669076666666666,0.00027165665479607056,0.0001958609973004022,0.00022282987088141496,-0.40285308194701624,-0.589599400975434,-0.14709446980984398,1.1946714157778762,1.1324254333999686,1.1975129448881527,89.9999999985246,78.2380952363566,75.94120135138922,82.203,63.116400000000006,32.471599999999995
2023-12-24,107.88,118.1,107.3,112.45,12261699.03,0.00072735,0.0006407400000000003,0.0004428307142857143,0.00048115266666666663,0.00022345942382227395,0.00018078247368310003,0.00022543642183504137,0.7772330108965387,0.8079750215836023,1.260526281717026,0.8122331873390647,1.1124866787117271,1.1917170505345196,96.80324178145514,78.90769230599275,78.0343277460309,85.88,64.5172,32.94065
2023-12-25,112.45,126.36,107.92,120.91,11114497.92,0.00101665,0.0007103133333333337,0.0004817192857142857,0.000505041,0.00031520050289983947,0.00023730909293784018,0.00024287412375387395,1.234643941103409,1.7308467806183359,2.322791334209892,0.7364498458071024,1.1113098423876944,1.198209112406296,97.12142712207611,86.79546774954221,81.7104882959762,90.72,66.1124,33.45075
2023-12-26,120.91,121.36,102.09,112.49,12300095.38,0.00056644,0.000770146666666667,0.0004887064285714286,0.0005139223333333334,0.00022813576446560946,0.0002383316045589417,0.0002399719123473597,-0.5632245790548926,0.05289304889067425,0.48761006442292415,1.2395612057531065,1.1987432236996447,1.2132968798876094,85.05236996166276,79.02393863099282,74.88316686328531,94.59700000000001,67.519,33.9262
2023-12-27,112.48,115.3,104.58,106.91,8972638.9,0.00118845,0.0009238466666666669,0.0005521671428571429,0.0005435373333333333,0.00032122181437178047,0.00029561860518054683,0.00026606470592332,1.2607288959183387,2.083922665902919,2.7506788757318943,1.4377914191029186,1.213018888470167,1.2248512604209385,73.43453510338892,72.91903498671104,70.95439337736686,98.201,68.7986,34.3827
2023-12-28,106.92,109.66,97.14,101.8,10194201.02,0.00224689,0.001333926666666667,0.0006912307142857143,0.0006084336666666667,0.0008496179412113856,0.0005316035606816799,0.00040550846142427613,1.6635900639499024,3.464500236061634,5.008988465164537,1.2273203228746665,1.1963937982412112,1.2358836308346977,58.618449544369135,66.48573592409645,67.90529153867429,100.939,69.972,34.81395
2023-12-29,101.8,110.0,99.0,106.17,9432538.67,0.0013556100000000001,0.0015969833333333335,0.0007409514285714286,0.0006436206666666667,0.000569007577215152,0.0005601932817794842,0.00042323359709559553,0.13075980060105202,1.402705255898951,2.306178722364684,1.2294677874302948,1.178525037197594,1.2324850936604288,58.89438588855181,70.92762994156556,68.93148450087268,104.256,71.1896,35.26885
2023-12-30,106.17,107.47,100.62,101.9,4178339.62,0.00101621,0.0015395700000000005,0.0007921092857142857,0.0006674943333333333,0.0006356290402388231,0.0005494265554811682,0.0004233822249438538,-0.4183089621520232,0.6826989099273709,1.3300758362051437,0.8435060291690518,1.2034907072691814,1.226149287992456,42.6679744965702,66.87829420108255,65.5497722821768,106.225,72.0942,35.70315
2023-12-31,101.9,105.21,99.54,101.72,3821990.67,0.0012805100000000001,0.0012174433333333337,0.0008621457142857144,0.000700178,0.00017827266567895552,0.0005443412609138548,0.00043179705498417405,-0.28509254024638836,1.1030618534553083,2.007997441350729,0.7651764894210118,1.1533278069369013,1.2196812619130002,35.256938718750206,69.08798415917927,65.81740976494947,107.013,73.0018,36.13935000000001
2024-01-01,101.72,109.93,101.44,109.91,4403310.37,0.00106876,0.001121826666666667,0.0009170571428571429,0.0007190786666666666,0.0001399131009887441,0.0005215704287184088,0.000435207845666628,-0.652839276515103,0.6247951683120148,1.3724401215786597,1.0331300157341246,1.163058578150754,1.225501407816698,34.77297895835157,70.7665301334222,68.66444977037924,108.21399999999998,74.0744,36.615050000000004
2024-01-02,109.93,116.95,106.02,106.73,7831366.05,0.00201112,0.0014534633333333335,0.0010390442857142856,0.000769901,0.0004944140309783554,0.0005648967148707325,0.0004923741786587743,1.6716233661531712,2.0597402412103256,3.4542939728530566,0.9488340305669852,1.184346376851453,1.2275308818700008,40.67357512861169,69.33837862519123,67.32635729308072,108.099,75.17699999999999,37.07215
2024-01-03,106.72,109.9,85.0,98.52,12221060.38,0.00055757,0.0012124833333333335,0.0010378878571428573,0.000763869,0.0007373562219363725,0.0005659381033582513,0.0004938779126564606,-1.1853445774291207,-0.5184391263729682,-0.09663587307649607,1.123592456387766,1.2372439491415375,1.2421621507186966,37.48134885030626,59.45945945849388,63.165075032836484,106.70599999999999,76.0112,37.48655
2024-01-04,98.52,108.15,96.6,104.91,7235482.95,0.00030000000000000003,0.0009562300000000003,0.0010378878571428573,0.000763869,0.0009225943097022457,0.0005659381033582513,0.0004938779126564606,-1.1140427499424332,-0.9258031980691114,-0.7266528780876689,1.2472622163850924,1.22769228838686,1.2428653345480463,54.4696751929253,56.835865134252565,63.2968448152162,105.106,76.8008,37.93385
2024-01-05,104.91,105.48,95.23,99.94,6703567.21,0.00030000000000000003,0.000385856666666667,0.0010016071428571428,0.0007462176666666667,0.0001487081088183541,0.0005972299511575571,0.0005008634292331951,-0.7580308472251334,-0.9258031980691112,-0.7234508414475529,1.3341999015372563,1.2606861715992868,1.2526565954661948,41.19807855244874,51.24572545100459,59.088265230729625,103.851,77.64359999999999,38.353049999999996
2024-01-06,99.93,100.3,91.53,93.77,5151478.03,0.00030000000000000003,0.00030000000000000003,0.0009953971428571429,0.0007372616666666665,0.0,0.0006045204061119955,0.0005065177040999496,-0.5286162691203149,-0.9258031980691114,-0.7172867288614527,1.0718320330174078,1.284957451640347,1.2673268829850328,39.09895414246797,40.96323811890164,57.60969731224706,102.53699999999999,78.3488,38.7387
2024-01-07,93.77,96.8,87.68,89.44,5547334.15,0.00030000000000000003,0.00030000000000000003,0.0009648721428571429,0.0007120446666666666,0.0,0.0006293749668108193,0.0005089016809915195,-0.44717477449063786,-0.9258031980691112,-0.7130651725597952,1.0790732408920929,1.3003841793201247,1.2758913740409434,35.183397682803374,35.217782345505526,55.10046908804675,101.301,78.9664,39.09975
2024-01-08,89.44,99.97,85.16,97.88,9677497.13,0.00030000000000000003,0.00030000000000000003,0.0009136828571428572,0.0006948396666666667,0.0,0.0006535204224503307,0.0005139605926364741,0.0,-0.9252563567513494,-0.703172779464541,1.3751467063414826,1.3378796839878366,1.2872611271589551,35.57207963480688,35.20113095939749,59.42038867939736,100.47200000000001,79.702,39.50605
2024-01-09,97.88,104.89,95.25,99.36,8574930.67,0.00030000000000000003,0.00030000000000000003,0.0008946514285714287,0.000676928,0.0,0.0006681268054886033,0.0005181689767626123,0.0,-0.8864620693234712,-0.6991645594542487,1.2239559536673088,1.2534667238738848,1.173163136398144,40.785196298360844,40.7365598976008,60.49972692402103,100.21799999999999,80.5578,39.9172
2024-01-10,99.36,105.52,91.68,102.0,8634280.07,0.00030000000000000003,0.00030000000000000003,0.0008311907142857143,0.0006711876666666667,0.0,0.0006801598011374133,0.0005214585076479316,0.0,-0.8864620693234712,-0.6882492828027901,1.179915979144844,1.1295458920452346,1.1732588127756796,55.055200463726365,46.38598557242838,60.666213459076374,100.24600000000001,81.5648,40.343999999999994
2024-01-11,101.99,107.32,97.67,99.9,8986682.95,0.00030000000000000003,0.00030000000000000003,0.0006921271428571428,0.000665567,0.0,0.0005561711999068398,0.0005246164164628439,0.0,-0.8267672444114802,-0.6659964429565751,0.9977729706892527,1.120718374824517,1.1754072856310325,41.68602721443147,48.53666050419053,58.4015540435443,99.24499999999999,82.41159999999999,40.7587
2024-01-12,99.89,100.49,87.0,92.12,6462190.24,0.00030000000000000003,0.00030000000000000003,0.0006167264285714286,0.0006655670000000002,0.0,0.0005302541983521679,0.0005246164164628439,0.0,-0.8147562920094461,-0.6423279112751751,1.2036240753362442,1.0852207383125814,1.1725773901091354,38.12993321109015,39.71901068263418,56.59159663759021,97.784,83.12379999999999,41.137950000000004
2024-01-13,92.14,97.05,89.51,95.85,4054010.92,0.00030000000000000003,0.00030000000000000003,0.0005655685714285715,0.000665567,0.0,0.0005232511112973834,0.0005246164164628439,0.0,-0.7664215807768092,-0.6207406076946265,0.9264861672425598,1.0836759978261497,1.154931487927261,53.40983606434798,45.53768992382721,57.314735240560054,97.517,83.90360000000001,41.53405
2024-01-14,95.85,102.87,93.62,93.81,5767904.66,0.00030000000000000003,0.00030000000000000003,0.0004955321428571428,0.000653583,0.0,0.00048437163358040867,0.0005288485646567998,0.0,-0.7010485716751382,-0.6108598112729839,0.9098237285184342,1.02215902053951,1.1081943522367865,57.745480324692615,44.321608039310114,57.6232885806105,96.407,84.60340000000001,41.923249999999996
2024-01-15,93.81,96.96,92.97,94.36,3605978.31,0.00030000000000000003,0.00030000000000000003,0.0004406207142857143,0.000653583,0.0,0.00045720180406154815,0.0005288485646567998,0.0,-0.6720751421625699,-0.5916937330628022,0.8472425857800412,0.9887191022715914,1.0591556958761867,41.338582675741286,37.46169972500489,56.761155566533766,95.849,85.3392,42.3051
2024-01-16,94.35,98.73,94.16,97.61,3768288.08,0.00030000000000000003,0.00030000000000000003,0.0003183978571428572,0.000653583,0.0,6.883847807373997e-05,0.0005288485646567998,0.0,-0.6040581880548445,-0.5916937330628022,0.9400917072662373,0.9856877937219246,1.0610115941427936,46.038931641818586,42.6546391742958,58.24234710856,96.233,86.19019999999999,42.69884999999999
2024-01-17,97.6,102.8,96.5,102.1,6932306.54,0.00030000000000000003,0.00030000000000000003,0.00030000000000000003,0.0006535829999999999,0.0,0.0,0.0005288485646567998,0.0,-0.5538239338660217,-0.5916937330628022,0.5340548367144339,0.9860528004388008,1.0646110283461838,50.20885547054527,53.06716929276398,56.879020542579646,97.499,87.0686,43.11585
2024-01-18,102.1,103.59,91.41,94.4,6216673.0,0.00030000000000000003,0.00030000000000000003,0.00030000000000000003,0.000653473,0.0,0.0,0.0005289242733311336,0.0,-0.4786350319072327,-0.5916937330628022,0.944109057262792,1.0213827049784574,1.0828803072597057,40.69058903085701,41.193229427557064,50.199089873858384,97.151,87.7704,43.49059999999999
2024-01-19,94.39,95.47,87.04,93.62,6357442.75,0.00030000000000000003,0.00030000000000000003,0.00030000000000000003,0.0006443476666666666,0.0,0.0,0.0005326950531140693,0.0,-0.41266845673492597,-0.5916937330628025,0.927123421714729,1.0092257618785887,1.0628693801728162,53.32741792203509,44.30425378402982,48.44205008637421,96.577,88.45679999999999,43.8624
2024-01-20,93.62,94.27,90.2,92.88,2799385.87,0.00030000000000000003,0.00030000000000000003,0.00030000000000000003,0.0006443476666666667,0.0,0.0,0.0005326950531140693,0.0,-0.33295872398446863,-0.5916937330628022,0.9261209225337774,1.0092797958653577,1.0341782981273602,42.40409207009295,49.11088910951538,44.14611301807986,95.66499999999999,89.11939999999998,44.23115
2024-01-21,92.88,93.93,90.79,91.09,2013751.83,0.00030000000000000003,0.00030000000000000003,0.00030000000000000003,0.0006274166666666666,0.0,0.0,0.0005353816860084359,0.0,-0.25638703030172816,-0.5916937330628022,0.8396202768670623,0.9406275171685597,1.0064978432979266,42.953367874089764,51.73647652973204,41.479176638613836,94.784,89.66799999999999,44.5916
2024-01-22,91.08,91.9,82.06,83.84,7065444.82,0.00030000000000000003,0.00030000000000000003,0.00030000000000000003,0.0006245186666666668,0.0,0.0,0.000536961233942799,0.0,-0.223567980070226,-0.5916937330628022,0.7257650424207017,0.9890781888568878,1.0291619308151156,29.76923076842928,34.84455958443907,35.068073792812456,93.95599999999999,90.0852,44.912749999999996
2024-01-23,83.84,86.0,79.0,84.35,8284305.33,0.00030000000000000003,0.00030000000000000003,0.00030000000000000003,0.0006102736666666666,0.0,0.0,0.0005398002222123261,0.0,0.0,-0.5916937330628022,0.6681106530710034,0.942715234847419,1.0291622310278072,21.496130695827688,33.450937154424864,37.893649973273945,92.806,90.5394,45.227
2024-01-24,84.36,89.47,83.3,88.77,6058894.15,0.00030000000000000003,0.00030000000000000003,0.00030000000000000003,0.0005863853333333333,0.0,0.0,0.0005370466032228817,0.0,0.0,-0.5916937330628022,0.9261350574252851,0.9269908104329874,1.0328500778810958,21.25916343187228,35.96435391363566,42.117156265270914,92.30199999999999,91.0942,45.561800000000005
2024-01-25,88.77,89.64,85.09,86.91,4002698.2,0.00030000000000000003,0.00030000000000000003,0.00030000000000000003,0.000577504,0.0,0.0,0.0005395849288345804,0.0,0.0,-0.5916937330628022,0.9295109913861863,0.9114480475745974,1.0327986317368478,28.41498558963164,36.14843250052019,43.34138270171401,91.557,91.59539999999998,45.88975000000001
2024-01-26,86.9,93.72,85.96,92.28,4693818.55,0.00027999000000000003,0.00029333000000000034,0.00029857071428571424,0.000547222,1.1552778670249572e-05,5.34789737804103e-06,0.0005295135876898512,-1.78685762455361,-4.239055008969009,-0.6387551040682331,1.111264402061674,0.9166662555570274,1.032768882011942,46.946216953834885,50.1798561135285,43.84363088269868,91.024,92.0862,46.24465
2024-01-27,92.29,94.5,90.68,94.28,2735837.45,0.00030000000000000003,0.00029333000000000034,0.00029857071428571424,0.0004823256666666667,1.1552778670249572e-05,5.34789737804103e-06,0.0004225152897275788,0.4467144061383904,0.22310815836678485,-0.5905938859132736,0.63316352928126,0.8965210248951966,1.0267085997814906,53.01724137771071,48.16374268848119,46.55328387795957,90.24199999999999,92.47300000000001,46.6057
2024-01-28,94.27,99.44,93.31,95.98,5618408.23,0.00021470000000000001,0.00026489666666666695,0.00029247785714285715,0.00044429533333333336,4.460806012750213e-05,2.301225965172015e-05,0.00039140175649191847,-1.7384802215371904,-4.131705839869348,-0.7905768995048604,0.6111998344765835,0.8099231249576986,1.0266220430635864,60.57983556718278,52.558358875888196,47.43887203165421,90.4,92.9466,46.975899999999996
2024-01-29,95.99,101.98,95.06,101.68,5772519.82,0.00023929000000000002,0.0002513300000000003,0.0002881414285714286,0.00041839800000000006,4.3906078110056024e-05,2.688069676485211e-05,0.00037771935207821196,-0.7190818778155768,-2.285281061066139,-0.7279232447765761,0.6381548994078633,0.8458387708582438,1.0336604858543457,91.37291279851758,57.69554247096776,46.24440996504988,91.20599999999999,93.48280000000001,47.35425
2024-01-30,101.67,106.49,100.95,101.4,6990527.25,0.00024333000000000002,0.00023244000000000032,0.00028409357142857147,0.00038382533333333334,1.5495518545937583e-05,2.9130317951381397e-05,0.0003418529117438046,-0.3555094990607599,-1.8041277566813059,-0.7149065819956982,0.5191786603274456,0.8383658756837588,1.0340617721976542,89.96718236929316,54.24983179914893,47.501640572485194,92.058,94.1058,47.7279
2024-01-31,101.4,102.73,95.9,96.96,8609956.87,0.00025702,0.00024654666666666696,0.00028102357142857144,0.00035676733333333334,9.292385503193797e-06,2.9586243829668442e-05,0.00031699118984840965,0.19568874051260315,-1.1396101331108304,-0.669823787747851,0.7167690806319492,0.8557058498033712,1.033160224876453,69.18032786658422,44.22990570134886,49.24198250594871,92.645,94.67299999999999,48.0754
2024-02-01,96.96,98.11,93.11,97.81,6556006.07,0.00022601,0.00024212000000000026,0.00027573857142857143,0.0002972636666666667,1.5540369847815856e-05,3.240945583922666e-05,5.509025914079518e-05,-0.6176425543767644,-1.9560441033311087,-0.7301351891573942,0.70623273068658,0.7777022543062061,1.0322062431748236,76.79449360601,54.52374634979216,46.35373870039246,94.042,95.2168,48.42735
2024-02-02,97.81,102.57,97.39,100.58,5487861.84,0.00030000000000000003,0.0002610100000000003,0.00027573857142857143,0.000288678,3.715602367054026e-05,3.240945583922666e-05,2.4948120720553243e-05,1.6475344956064726,0.5827266301835248,-0.5369029940393983,0.7248801406735886,0.768608351690945,1.0308607193209718,73.39346110195174,58.77016128824903,50.33627574463071,95.665,95.7148,48.79625
2024-02-03,100.57,101.24,96.53,97.96,2787373.11,0.00029726000000000004,0.00027442333333333363,0.0002755428571428571,0.00028858666666666666,4.194955337471735e-05,3.225960259617153e-05,2.491022908835694e-05,0.989873388185034,0.4947310055265018,-0.543263790107366,0.5476888911321546,0.7718029951960981,1.0334431144152658,60.02178649008628,56.11164581139181,52.286868244226575,96.584,96.2238,49.15835
2024-02-04,97.95,98.59,95.08,95.49,2914876.34,0.00030000000000000003,0.00029908666666666697,0.0002755428571428571,0.00028858666666666666,1.5819381583189928e-06,3.225960259617153e-05,2.491022908835694e-05,0.7165338381034099,0.5889982485823159,-0.5169455545431054,0.5641979262389603,0.7805227303375153,1.036617443076447,48.719289072968955,55.208333331503496,53.37047353593942,97.442,96.6592,49.50425
2024-02-05,95.48,98.7,94.11,95.66,3891146.06,0.00030000000000000003,0.00029908666666666697,0.00027554285714285716,0.00028858666666666666,1.5819381583189928e-06,3.225960259617153e-05,2.491022908835694e-05,0.4676597530223991,0.5889982485823159,-0.5052472540619868,0.4451530227915159,0.7661547616453049,1.0151711787020903,27.867647057389163,66.8088737174763,48.63770250201049,97.78,97.155,49.85565
2024-02-06,95.66,97.88,92.88,96.88,4279238.07,0.00025616,0.00028538666666666696,0.0002724114285714286,0.0002871253333333333,2.5311035702586065e-05,3.182781434934457e-05,2.5496602588957754e-05,-1.7845607121667728,-0.8354518776905742,-0.5843603151356557,0.45554785525249214,0.7409249905763058,0.9868773381208908,34.45667125006052,67.46584889616804,48.47328244107701,98.03999999999999,97.6042,50.21254999999999
2024-02-07,96.87,101.58,94.62,101.14,4577672.06,0.00030000000000000003,0.00028538666666666696,0.0002724114285714286,0.0002871253333333333,2.5311035702586065e-05,3.182781434934457e-05,2.5496602588957754e-05,0.48154812867991564,0.6577889213128004,-0.45992636958775057,0.553569027956056,0.681547682091359,0.9862080679928111,64.55431754559973,67.32007840676985,49.48092708669065,98.556,98.167,50.595650000000006
2024-02-08,101.14,104.98,100.51,102.76,5082811.46,0.00030000000000000003,0.00028538666666666696,0.0002724114285714286,0.0002871253333333333,2.5311035702586065e-05,3.182781434934457e-05,2.5496602588957754e-05,0.44698561020561023,0.6577889213128023,-0.4402739133709484,0.47403597210993265,0.6813729921584349,0.9838197329186588,66.35822868166221,72.34282491961432,51.73627974569133,98.66399999999999,98.57800000000002,50.98565000000001
2024-02-09,102.77,109.13,102.76,106.94,6686758.45,0.00020144,0.000267146666666667,0.00026680071428571427,0.00028384,5.690364248744282e-05,3.690727912648287e-05,2.9771915959525953e-05,-1.6094457843631875,-2.1940725533969214,-0.665200745140003,0.3434759156896264,0.6948733334074975,0.9719932041713063,69.22611849767482,71.38273045216054,59.408329098954496,99.21799999999999,98.84,51.403499999999994
2024-02-10,106.94,110.86,106.86,109.01,3939526.49,0.00030000000000000003,0.0002671466666666669,0.00026680071428571427,0.00028384,5.690364248744282e-05,3.690727912648287e-05,2.9771915959525953e-05,0.6540670082571824,0.715612468976607,-0.4203088866719178,0.2716828823639245,0.6861049811747232,0.9693497473185284,84.55284552475379,71.44104803202276,58.534370944696555,100.423,99.06220000000002,51.8322
2024-02-11,109.01,110.67,107.24,107.46,2755398.4,0.00030000000000000003,0.0002671466666666669,0.0002728935714285714,0.00028384,5.690364248744282e-05,3.4614249746124935e-05,2.9771915959525953e-05,0.44711215759551676,0.715612468976607,-0.4203088866719178,0.43964587528779586,0.5606614607781507,0.9693519537049332,89.71466489297936,66.78362572826029,58.908758645543074,101.388,99.05380000000001,52.24365000000001
2024-02-12,107.46,112.22,103.4,111.64,6169652.05,0.00030000000000000003,0.00030000000000000003,0.00027723,0.00028384,0.0,3.387555913805191e-05,2.9771915959525953e-05,0.44711215759551676,0.715612468976607,-0.4203088866719178,0.4185579561637384,0.5703650164250906,0.960007728610656,91.87631026916591,65.23867808778044,60.767696907151674,102.49399999999999,99.03759999999998,52.67635
2024-02-13,111.65,115.15,108.25,112.48,5622825.56,0.00034166,0.00031388666666666695,0.00028425357142857144,0.0002852286666666667,2.405241211055216e-05,3.640539130755587e-05,3.1474564094813954e-05,1.020459342011302,1.743011337710437,-0.3076100403989652,0.4315725409129882,0.5458258708473457,0.9520207011103878,91.71122994309097,66.66666666385878,59.552871641182726,103.946,98.869,53.114650000000005
2024-02-14,112.49,118.69,110.61,116.97,4884824.42,0.00049225,0.00037797000000000026,0.00030105571428571423,0.000291637,0.0001011376670434837,6.551456768874357e-05,4.9178224592181355e-05,1.7461904481548272,3.395657206328088,0.04735987916819849,0.42824197132898295,0.5364878623891886,0.9550021683763813,91.81193871821081,80.05407028801213,59.552871641182726,106.09400000000001,98.9586,53.57365000000001
2024-02-15,116.97,118.39,111.51,113.5,4927735.5,0.00041504000000000004,0.00041631666666666693,0.0003145578571428571,0.0002954716666666667,7.530311698946833e-05,6.827901447263983e-05,5.4092403709730945e-05,0.5449114375746178,1.8127121895654341,-0.14363682463531638,0.5912268514502621,0.5289546585825915,0.9524323703265212,75.84215591659816,71.84628236979712,62.97554347586505,107.878,99.0904,54.01990000000001
2024-02-16,113.5,114.25,107.94,110.33,3947132.77,0.00071372,0.000540336666666667,0.00034410928571428567,0.00030926233333333336,0.00015503767680251777,0.00012633861023905155,9.359843499166886e-05,1.5986267949993829,3.464161161210257,0.5602388956265465,0.6489296827316363,0.5511672517611401,0.9508919055595101,58.573596356044426,63.42605342636197,60.99486774350853,109.223,99.26100000000001,54.4529
2024-02-17,110.32,111.08,105.0,108.92,2897705.67,0.00087986,0.0006695400000000003,0.0003857235714285714,0.000328591,0.00023553834591204183,0.00018975455140205212,0.00013999351335799458,1.3963601786112847,3.157196326743329,0.9321832853736709,0.5521764678248778,0.5560598080593387,0.949946648316374,49.764521191269736,65.61253560991858,60.461779282946864,110.001,99.316,54.877250000000004
2024-02-18,108.92,114.04,107.51,112.24,3083833.73,0.00064364,0.0007457400000000003,0.00041026928571428567,0.00034004566666666667,0.0001213216072881331,0.0001997740514609806,0.0001511849147685688,0.08027804987845714,1.541120966301941,0.36278393549414273,0.6269430907984763,0.5182384884951677,0.9094791348282019,61.44636015119672,73.29624478156842,63.52474740787991,110.949,99.5228,55.322700000000005
2024-02-19,112.25,114.87,110.75,111.53,3746704.95,0.0009174,0.0008136333333333337,0.0004543692857142857,0.0003606256666666667,0.00014841028579012014,0.00023804017716517212,0.0001840050368457721,1.0072397846476322,2.4092505446533257,0.9873481571582685,0.4643486259567373,0.5194876338893739,0.8520655104759848,49.68408960167841,71.74568374621968,69.3230983922665,111.40799999999999,99.719,55.7671
2024-02-20,111.53,112.11,103.0,108.31,5676734.13,0.00109146,0.0008841666666666669,0.0005140335714285715,0.0003870076666666666,0.00022575214047335361,0.00028465643484887196,0.0002267796140836393,1.3708596848702608,2.48687068940948,1.3737737283207152,0.46107788165227453,0.4947535303415965,0.849852539672289,39.46437594605228,64.84801246841292,66.11081226216903,111.33800000000001,99.68700000000001,56.19465
2024-02-21,108.32,108.4,100.23,105.03,4752688.01,0.0005929500000000001,0.0008672700000000003,0.0005349585714285714,0.00039677266666666663,0.0002530075447392202,0.0002784114513230248,0.00022919815710607482,-1.1282224739809044,0.5086075710640824,0.19359762403962077,0.4705462609796384,0.518056560209298,0.8190132524005685,17.868675995021064,55.18528392222716,61.10352362508755,111.095,99.65299999999999,56.60655
2024-02-22,105.04,107.1,101.53,101.76,3905642.33,0.0005573900000000001,0.0007472666666666671,0.0005533435714285714,0.00040535233333333337,0.00029860997375893067,0.0002700760141588785,0.00023026571755510155,-0.8720132374384026,0.3229528293825119,0.1168641089190111,0.5073992676835615,0.5266494835809552,0.8157006692318348,18.063112077658076,48.723186923692225,59.94908213630099,110.107,99.71780000000001,56.99934999999999
2024-02-23,101.75,103.1,98.64,99.9,3546853.99,0.00076087,0.0006370700000000003,0.0005933028571428571,0.0004207146666666667,0.00010867823330815947,0.0002549676248340304,0.00023823057350070792,-0.10331413907773877,1.013772779570649,0.6122370809606371,0.2074980263714407,0.5198801339153148,0.7951061044568962,19.449326302658775,40.445168293794175,55.35714285496345,108.849,99.6176,57.38325
2024-02-24,99.91,104.85,98.48,104.01,2334116.02,0.0008647500000000001,0.0007276700000000002,0.0006336421428571429,0.00043953966666666666,0.00015634648187591924,0.0002496128910665143,0.0002503669242582678,0.4199703181370812,1.2669940564667557,0.8425289573124303,0.5885068174706186,0.5313441645917305,0.7830325415498752,37.58219524399051,43.56995884616775,56.643452134936474,107.553,99.699,57.782199999999996
2024-02-25,104.02,104.43,102.0,103.47,1967184.81,0.00111466,0.0009134266666666669,0.0006918321428571429,0.000467362,0.00018184857554652163,0.0002605676900133453,0.000276987066018038,1.4898806791084958,1.8771301356994634,1.443022308505784,0.5668213437362808,0.5328096998076484,0.7731864539569032,24.190700411010383,44.731977817200296,55.19633689254128,106.55,99.89300000000001,58.17765
2024-02-26,103.47,110.89,100.29,109.9,5392138.71,0.00149379,0.0011577333333333336,0.0007771028571428572,0.000507155,0.00031672435086094,0.0003126131086965008,0.00033233619881115355,1.4856530488719728,2.4845235522942426,2.649349867020817,0.7532057871830872,0.5841833774230853,0.7777979902023916,46.411272565720495,47.831505481880264,55.645604393464176,106.50699999999999,100.3022,58.60405
2024-02-27,109.9,112.3,105.29,108.36,6198163.52,0.00180881,0.0014724200000000003,0.0008818992857142857,0.000560292,0.0003475680700164087,0.0003913986253545597,0.0004037344087348187,1.368824736301514,2.5835555485989774,3.278117887061516,0.6779571565013757,0.5658867855724966,0.7719027448119217,50.1188777919599,44.95345418758121,54.698892787562016,106.451,100.51179999999998,59.022749999999995
2024-02-28,108.35,119.06,106.85,119.03,11832282.01,0.00151905,0.001607216666666667,0.0009552421428571428,0.0006029506666666666,0.0001750411978028492,0.0004085936021398992,0.0004350435758754251,0.4283071962294552,1.6640094944101933,2.432669176215491,0.8632936841520111,0.6845704375695774,0.7984542342983748,74.63054187008298,52.191489360147486,63.74392825783431,107.13000000000002,100.90520000000001,59.49335
2024-02-29,119.03,134.65,117.15,125.68,13847087.32,0.00269452,0.0020074600000000004,0.0011180621428571427,0.000684657,0.000612395947973938,0.0005904664184957478,0.0005733652016504799,1.627875274329206,2.9750174537919185,4.39096115666538,0.8793198076303447,0.7004124174402242,0.8084984089332435,87.6100628911532,62.13630928483479,66.18654895823764,108.545,101.3788,60.000600000000006
2024-03-01,125.68,137.8,125.61,129.43,8376631.09,0.0018845099999999998,0.0020326933333333335,0.00120169,0.0007389066666666668,0.0006015822100330344,0.000611335032039893,0.0006074867674813666,0.008984659099151162,1.4562004028802924,2.5823969200910124,0.7672693912351034,0.7048752877177343,0.7897955120718231,93.82606114379105,68.81402679085227,66.56712989334572,110.65700000000001,101.96940000000001,60.52185
2024-03-02,129.43,131.69,127.2,130.02,4693251.94,0.00211915,0.002232726666666667,0.0012902107142857143,0.0008020113333333334,0.0004167778718072945,0.0006496716475315506,0.0006492623853840722,0.2584159223433081,1.6104945060141473,3.001288652084297,0.8109642765205715,0.6976681275252248,0.7856912088275273,93.1057341708593,71.1253504185107,68.84995296104445,113.15600000000002,102.72740000000002,61.05245000000001
2024-03-03,130.03,132.11,124.17,130.16,5228370.86,0.00188912,0.0019642600000000002,0.0013791735714285716,0.000854982,0.00013415847753646043,0.0006395184143322967,0.0006713424748012871,-0.30492876537626606,1.140984637283629,2.391589624174282,0.7363348090389266,0.6863259968323266,0.7574311892879261,94.82700705185155,69.16167664463588,70.95877160925299,115.99600000000001,103.4136,61.58915
2024-03-04,130.16,134.95,127.35,133.27,8053684.79,0.00216008,0.002056116666666667,0.0014679364285714285,0.000917076,0.0001460641339556997,0.0006565097469023493,0.0007033632958111944,0.03211403398360144,1.3949223286477765,2.6554436521764746,0.4103506085911499,0.6896907917239218,0.7448582046829771,94.17769375932231,72.1114727400131,71.95563338935813,119.333,104.20279999999998,62.14719999999999
2024-03-05,133.26,142.72,105.0,125.31,17035242.52,0.00305449,0.002367896666666667,0.001608152857142857,0.0010088923333333333,0.0006098464023245602,0.000769776905696884,0.0007939800765448294,1.7255654222771577,2.240060037832411,3.6182361187601817,0.69115316442552,0.736326990530134,0.75122101811218,75.78338910699578,65.76994433966459,65.3858642690434,121.46300000000001,104.8218,62.667049999999996
2024-03-06,125.31,134.95,120.0,130.79,9581617.48,0.0008455,0.0020200233333333337,0.0016261921428571428,0.0010270756666666667,0.0011111350536402993,0.000746771565155663,0.0007833609332946099,-1.4787928258244714,-0.7280530906639806,0.2827295527404866,0.7511002126687061,0.7383734806457231,0.7378379570454582,71.24277456467232,72.95900178071045,65.8369832263183,124.19500000000001,105.48540000000001,63.211499999999994
2024-03-07,130.8,149.3,130.52,143.82,10952975.3,0.00145656,0.001785516666666667,0.0016904185714285713,0.001067089,0.0011406439284142292,0.0006837885178216349,0.0007732174165557032,-0.5160776756710701,0.05452795935797858,1.1634111400197737,1.096155215523922,0.8092330560723834,0.7579758602193785,76.62947739126126,81.93136957007735,69.54865739673646,127.58700000000002,106.3198,63.821749999999994
2024-03-08,143.82,152.64,142.0,144.79,8096745.65,0.0016830999999999999,0.001328386666666667,0.0017562921428571428,0.0011131923333333332,0.0004332605942481645,0.000629628096176043,0.0007671121062376347,-0.18957132674536015,0.3183375602832513,1.4444637017745423,1.088211776555886,0.8013778840148547,0.7293550008130513,74.55242966585078,84.54671386611717,68.58854729209264,131.23,107.3276,64.4397
2024-03-09,144.79,149.15,143.54,144.29,3686876.81,0.0012143800000000001,0.001451346666666667,0.0017812657142857143,0.0011436716666666665,0.00023440348488933593,0.000597668539585448,0.0007516982153679592,-0.5172002398748434,-0.3967149909623069,0.732059751501398,1.1073840490473053,0.8014687079527938,0.7294486237504826,72.87592176816243,82.82268578689776,67.59776536124028,133.756,108.34100000000001,65.0582
2024-03-10,144.3,148.5,140.43,144.39,4489519.25,0.00158963,0.0014957033333333335,0.001815192142857143,0.0011899446666666668,0.00024807513706186365,0.0005697466990909532,0.0007342201729389341,0.6892723072073654,0.10400726787998628,1.2383826149220012,0.7930034160652607,0.7988389687030908,0.7278331277483114,72.84109149113999,83.58502954502593,68.69116307123863,135.627,109.3712,65.67145000000001
2024-03-11,144.39,150.2,136.49,148.83,7743384.35,0.00171017,0.001504726666666667,0.0018306478571428573,0.0012369503333333333,0.0002585698416835612,0.0005632551628515119,0.0007202883884828611,0.8847115466799518,0.23968419694972556,1.3618125950604902,0.7792742247299552,0.7786595920013718,0.7271917296465163,73.95320196884953,83.0307144049509,68.77334679260409,137.567,110.52600000000001,66.31030000000001
2024-03-12,148.83,155.0,141.5,151.05,8930538.0,0.00200928,0.0017696933333333335,0.0018449671428571427,0.0012939263333333333,0.00021606434464817604,0.0005652021342626343,0.0007111640473369112,1.2872528147851865,0.6128979800883106,1.7115290720219554,0.2550695622536863,0.750032027495036,0.6933014920183994,98.13014210663086,85.80775037543816,69.20242955099306,139.67,111.87020000000001,66.96345000000001
2024-03-13,151.06,166.73,148.71,163.9,7627285.95,0.00198492,0.0019014566666666667,0.0018782435714285715,0.0013500903333333336,0.00016610627329585658,0.0005582084813119138,0.0006963408204596437,0.8689965752671113,0.49916629466063417,1.607609847114675,0.6577455619591962,0.761572268352032,0.7125302696275815,98.53415420495533,86.30846415082,71.56907803841904,143.044,113.46119999999999,67.6815
2024-03-14,163.9,178.5,159.2,176.65,10423585.86,0.0015722499999999999,0.0018554833333333336,0.0017980814285714283,0.00139111,0.0002455894811025925,0.0005105139568468984,0.000670660261328142,-0.9511559207484402,-0.2964480411880172,1.0059601554365551,0.6905836249176808,0.7664251915489482,0.7265871216475853,98.52202187203768,87.53866548648469,76.74261031409435,147.382,115.21880000000002,68.4608
2024-03-15,176.65,188.98,164.5,183.95,17484961.6,0.00124785,0.0016016733333333334,0.0017526057142857143,0.0014162966666666668,0.00036941486925712134,0.0005301995749448888,0.0006495970496441166,-1.4496517043174735,-0.9750960869231869,0.5409432760946506,0.5510216277255795,0.7664777638002741,0.7302162496917247,98.75498007795994,88.15789473511447,80.12274958899881,153.24599999999998,117.15960000000001,69.27775
2024-03-16,183.95,197.95,176.78,182.05,13017058.01,0.00050717,0.0011090900000000003,0.0016374642857142857,0.0014193676666666667,0.0005459300365385229,0.0006130378571277157,0.0006449011400462033,-1.5411946874448479,-2.1241890437588293,-0.48246558928046734,0.7476782134014341,0.7711573374435646,0.7298476893988401,95.42829643727629,85.75945017017096,79.80275490892944,158.372,118.955,70.07905000000001
2024-03-17,182.05,205.2,178.55,201.86,10524537.06,0.00054966,0.000768226666666667,0.0015417885714285712,0.0014138990000000001,0.0004159089520896458,0.0006723914930341617,0.0006517504953925137,-0.9677565766395645,-1.7917830479674393,-0.4311752431964476,0.8479307343643485,0.8254518698783244,0.7604763875435573,96.89897176321483,88.79030512741501,82.19571777388887,164.176,121.1066,70.98425
2024-03-18,201.85,210.18,193.8,195.92,11583736.08,0.00081081,0.0006225466666666669,0.0014454121428571429,0.0014115973333333333,0.0001644191656356284,0.0006736491734875238,0.0006538201349576167,-0.27478535087422273,-1.241498513974843,-0.08237403251571129,1.0702319091715842,0.8443030082732392,0.7339893134348748,87.50995698484535,82.88713910639325,79.21889065700564,169.28900000000002,123.1054,71.86515
2024-03-19,195.92,198.68,166.0,169.82,16935298.87,0.00051227,0.0006242466666666669,0.0012638249999999999,0.0014072183333333334,0.00016264658320516945,0.0005348925095711943,0.0006595557076896508,-0.6709374540356835,-1.514574711457264,-0.5037367187138188,1.7467675389716595,1.0731609072588317,0.8265413904165031,60.83092902432104,69.62695122940755,68.38424293029185,171.842,124.4682,72.6176
2024-03-20,169.82,193.19,162.45,191.77,12365784.68,0.00048576,0.0006029466666666669,0.0012381292857142855,0.0013928303333333334,0.00018050226876224412,0.0005643631891639305,0.0006751334794949526,-0.6479191579307266,-1.418795373898072,-0.546622709746984,2.060739945596392,1.1526280140015537,0.8698062289279492,64.55352480370561,73.47913137145487,73.32221983111796,176.57999999999998,126.27560000000001,73.47895
2024-03-21,191.76,195.68,175.84,179.46,8064316.56,0.00061204,0.0005366900000000003,0.0011778064285714283,0.0013768496666666666,6.658762568967415e-05,0.0005840118200931874,0.0006880632302167737,0.13783238255707064,-1.1149077325988535,-0.3790007820605398,2.1601717380706535,1.2105447088457868,0.8878247778932606,51.47413702616691,63.7989778528007,69.9230769220729,179.643,127.92560000000002,74.2784
2024-03-22,179.46,181.95,167.57,175.21,6152106.89,0.00045055,0.0005161166666666669,0.0010897671428571427,0.001372103,8.491702083989261e-05,0.0005947834108748869,0.0006941220133786283,-0.8519648886336134,-1.20961831271313,-0.610865724539111,1.8393073240766402,1.2219564355185268,0.8605969893389951,45.263386082466035,61.48618033464673,69.07644764074465,182.05900000000003,129.4736,75.05685
2024-03-23,175.21,179.0,170.38,172.65,3504716.61,0.00047176,0.0005114500000000002,0.001036722857142857,0.0013692486666666665,8.77566356179959e-05,0.0006155665116269567,0.0006977543175705973,-0.5498635188706611,-1.0655275233490098,-0.586729995822779,1.8426933976814417,1.2272443643317263,0.8630494503023749,44.941885492558555,60.54431885719243,67.52450980295615,182.93400000000003,130.915,75.8188
2024-03-24,172.65,186.78,171.25,183.88,3578259.38,0.00058834,0.0005035500000000003,0.0009652021428571427,0.0013634976666666667,7.419214308126027e-05,0.0006044524283009279,0.0007036278666374397,0.9100285737108831,-0.8187769740071513,-0.4307822846475375,1.4384214956130945,1.244519663569056,0.8668939471962555,39.340763575675375,63.56019504093823,69.46690553336315,183.65699999999998,132.6334,76.64
2024-03-25,183.87,194.6,180.92,188.99,5240091.85,0.00059333,0.0005511433333333336,0.0008854278571428571,0.0013544503333333333,6.879324260652792e-05,0.0005713635690323197,0.000711957632387119,0.661281628371885,-0.8043602493408623,-0.43258040480045645,0.9491384784359009,1.194887388686779,0.8636199909340789,45.85079631143463,63.727098714183626,69.27050338582936,184.161,134.5034,77.48535
2024-03-26,188.98,196.57,186.0,190.46,4465611.36,0.00085147,0.0006777133333333336,0.0008027271428571429,0.0013456773333333334,0.00015049837018490548,0.00047119243555992,0.0007166205961268749,1.632049708263062,-0.3450111916922785,-0.07894314714670465,0.6663346248606856,1.1917235727201907,0.8556024662446667,67.52717391224067,63.54016353955228,70.01072438239237,185.002,136.3994,78.3396
2024-03-27,190.46,192.74,180.0,186.33,5173929.09,0.00097769,0.0008074966666666669,0.0007307821428571428,0.0013284739999999998,0.0001959168010363197,0.0003336115814750358,0.0007191327621933965,1.3406215657751364,-0.07856656431716247,0.08642334348794191,0.656450249666268,1.1521497351663719,0.859343119434762,43.375547977828475,58.197500182139635,66.94360523571278,183.449,138.1884,79.17405
2024-03-28,186.34,190.93,180.92,189.63,3602194.14,0.00103218,0.0009537800000000001,0.0006922057142857142,0.0013025863333333333,9.269731438915888e-05,0.00024942942222550094,0.0007152132135223947,1.068023731109809,0.08219754490150219,0.1466886530356013,0.5897315627738515,1.1519546366824052,0.8593286817819326,65.86583463194677,55.09579145668079,66.37644045999562,182.82,139.9582,80.031
2024-03-29,189.64,193.0,183.39,192.01,3580115.76,0.0012124,0.0010740900000000002,0.0006896735714285714,0.0012923646666666668,0.0001228394565884885,0.00024346334977873668,0.0007142034594872684,1.2120131692598752,0.4221466780630976,0.38840469064632227,0.35503929619845426,1.1494594859909324,0.8514440461319751,77.83300198626628,53.29140803598,66.13884877148138,185.03900000000002,141.7432,80.90245
2024-03-30,192.02,200.0,190.71,194.2,3491334.38,0.0016561800000000002,0.0013002533333333337,0.0007717457142857141,0.0012577533333333333,0.00032114273482094304,0.00034830276892522334,0.0006675455441232115,1.6282069198984366,1.2427485885035436,1.0054313063286122,0.299820662968063,1.1479395160118786,0.8507860377001362,86.14558872659168,54.949890001817565,66.41600163604478,185.282,143.4884,81.78384999999999
2024-03-31,194.19,203.17,193.69,202.45,2398135.45,0.00143696,0.0014351800000000003,0.0008351242857142857,0.001242835,0.00022189535460422047,0.00038371111127761235,0.0006579882862642301,0.6127297417034596,0.8848433443222966,0.6586012780805001,0.4334012234825712,1.1518805886679528,0.8424954474783662,84.60678344915301,50.26535935890643,67.75381894891837,187.581,145.3572,82.7041
2024-04-01,202.45,204.46,186.87,192.24,4599776.65,0.00159215,0.0015617633333333337,0.0008909342857142857,0.0012252683333333334,0.00011272472766992269,0.00043349518515050327,0.000640590899567005,0.7885664942113301,1.3172242913620935,0.8581514375698182,0.6622427269811543,1.1870745381360386,0.8571452596585917,55.08925775012332,48.406098405511365,63.99449427984629,189.284,147.0528,83.57105000000001
2024-04-02,192.24,192.24,175.92,181.53,5766777.4,0.0004171,0.001148736666666667,0.0008841364285714284,0.0011762009999999998,0.0006383495461173948,0.0004405783191627245,0.000644353545096843,-1.6822050337804644,-1.0719075999547398,-0.8903461245209369,0.8326500124996685,1.1789991898483279,0.872543153957217,39.15472431315499,55.852073962236965,63.169977510415684,190.172,148.4506,84.38300000000001
2024-04-03,181.53,192.0,176.92,185.05,5010275.57,0.00037114,0.0007934633333333336,0.0008759492857142857,0.0011165696666666667,0.0006920645735972229,0.00044952483166481983,0.0006328365723256614,-1.1223168553635239,-1.0855982419689305,-0.962370977084283,0.8500982517859661,1.1389758780124946,0.8680649927104366,48.42209072894735,45.88336192031075,62.82863627683034,190.28900000000002,149.90200000000002,85.21265
2024-04-04,185.05,190.13,180.02,184.0,3773747.36,0.00036815000000000003,0.0003854633333333336,0.0008585285714285713,0.001027025,2.7438914488937217e-05,0.000464998488927344,0.000531037730011174,-0.7549447545730056,-0.9892001010125421,-0.9702231203917256,0.8280333577851908,1.1262596631928121,0.8643255068792961,42.65204907256967,53.22626492219277,60.070175437753406,189.79000000000002,151.2426,86.0386
2024-04-05,184.0,185.07,167.84,174.37,5000847.22,0.00030000000000000003,0.00034643000000000027,0.0008477749999999999,0.0010088416666666667,4.023734204691322e-05,0.00047675146172498635,0.0005465795227763376,-0.5622885937090583,-1.103992525630968,-1.0719772351742762,0.6615361495401973,1.1489643043315625,0.8786977963712095,30.640913081179804,49.445471348439085,57.10511145196053,188.18099999999998,152.46,86.81225
2024-04-06,174.37,179.89,173.54,178.68,2641869.38,0.00030000000000000003,0.000322716666666667,0.0008355064285714284,0.0009702896666666667,3.934642078175717e-05,0.0004892190284926872,0.0005546400873419489,-1.0117616014025954,-1.048682420875939,-1.0743864408991748,0.7462576124378097,1.055509154272904,0.8793954371940791,33.724832214269995,53.89082462155831,58.1119969799372,187.416,153.827,87.60549999999999
2024-04-07,178.69,182.71,176.85,179.52,2235798.23,0.00030000000000000003,0.00030000000000000003,0.0008149107142857142,0.0009241863333333334,0.0,0.0005061996926785913,0.0005508165510282752,-0.7298252274432654,-0.9641116452535291,-1.0743864408991748,0.5953542788981973,1.0508735703960588,0.8756167453456836,21.529674695429122,46.75111773374886,58.257721780061495,186.405,155.239,88.40164999999999
2024-04-08,179.51,184.68,175.25,180.68,3690701.97,0.00057653,0.00039217666666666696,0.0008137107142857143,0.0009029246666666667,0.00015965466992334047,0.0005067849541876487,0.0005515388541527539,1.7335354046958042,-0.34733931788564193,-0.6719991286279863,0.5625078123192756,0.8462417695862428,0.8755044809395205,31.48622677700064,43.42042755248157,57.60397268700143,185.272,156.6078,89.20774999999999
2024-04-09,180.68,180.9,169.11,172.42,3401885.89,0.00037423,0.0004169200000000003,0.0007796221428571428,0.0008624113333333333,0.0001431224555930897,0.0005199298748592902,0.0005439438374902145,0.03404782528384775,-0.7864644907484034,-0.9854404391145778,0.6682673302282242,0.6834871127317137,0.8829103756015434,34.16753562655832,37.10323134040684,54.95892699608351,183.094,157.8256,89.9727
2024-04-10,172.41,175.5,162.28,173.31,4653467.65,0.000853,0.0006012533333333336,0.0007707157142857142,0.000833839,0.00024034061377203368,0.0005173374782578662,0.0005198565624877951,1.5714556268182693,0.26259871231589743,-0.27841730150299515,0.5116100750119985,0.6267422558629131,0.882486201637786,27.54399387837489,40.2398800591254,52.311925703176875,180.18,159.1256,90.7418
2024-04-11,173.3,176.32,170.07,172.37,3761197.49,0.00079083,0.0006726866666666669,0.0007534764285714286,0.000793224,0.00026033356223951115,0.0005119476515840327,0.00047006879188920685,0.8655864432352671,0.08560065680093217,-0.38955309271968885,0.43258467176774945,0.6190723406896487,0.8813845529265305,27.66039185480747,36.58688218757817,48.88367240408516,178.193,160.4724,91.50685
2024-04-12,172.37,175.98,141.0,153.16,6842096.22,0.00081584,0.0008198900000000002,0.0007251507142857144,0.0007542546666666667,3.128224887969116e-05,0.0004953026036119978,0.00041284501821836075,0.6588375148993628,0.10450462624509224,-0.368020811226125,1.0111832228279611,0.7961015863831006,0.9310834717301302,20.219039595221773,26.068744609628013,42.43897647404927,175.35600000000002,161.50039999999998,92.17569999999999
2024-04-13,153.16,155.0,116.0,138.47,15444420.06,0.00030000000000000003,0.0006355566666666669,0.0006282807142857142,0.0007118463333333334,0.0002908695281880103,0.0004271358225060283,0.0003906699020080251,-1.225478568809125,-1.02225595907607,-1.1687520522831973,1.0557607031070442,0.8302449867918438,0.9671180234276936,6.283974777029854,20.251948328938283,39.930683918152475,170.698,162.2718,92.77289999999999
2024-04-14,138.47,152.84,130.45,151.25,12428370.68,0.00030000000000000003,0.0004719466666666669,0.0005470692857142856,0.0006802513333333333,0.0002978203628503697,0.0003651403350539164,0.0003840993203346129,-1.0921166772091835,-0.9669739935434142,-1.1578179624129397,1.613939491630009,0.9242271713770195,0.9857470290575184,25.599861901986543,23.93075356381364,37.913741223163974,167.423,163.2166,93.43345
2024-04-15,151.26,156.06,133.56,138.51,9332424.74,0.00015298,0.0002509933333333337,0.0004442714285714285,0.000668445,8.488203654684334e-05,0.00022333591625470982,0.00039489468584574886,-1.0336619029995346,-1.167780509285039,-1.3675083657962888,1.6447551145696435,0.9757079099725292,1.0083191548579429,19.66623507389201,23.329693239028487,36.72109913446446,163.83700000000002,163.9174,94.0262
2024-04-16,138.51,140.57,126.4,136.22,9794711.9,1.16e-05,0.0001548600000000003,0.00041530714285714285,0.0006505096666666667,0.00014420919109062465,0.00025163272535056505,0.00041231046917357335,-1.0016636583101532,-1.3097002129820048,-1.5377066226960268,1.6228626200094285,0.9753455979345024,1.0064641930413012,21.514006924534797,25.457696890524986,41.26637554525085,159.59099999999998,164.4438,94.6059
2024-04-17,136.21,142.77,126.87,131.84,9559485.27,7.734e-05,8.064000000000029e-05,0.0003943214285714285,0.0006260606666666665,7.074774621863875e-05,0.00026735928295392835,0.00042405645478922735,-0.6994932120722774,-1.0625229590390062,-1.3951417727105007,1.4346209819633633,0.9660445763309725,1.0096413444311387,19.066089810333494,21.444671031125665,32.85657074150696,154.823,164.9134,95.15825
2024-04-18,131.84,144.25,127.62,142.07,7805067.82,0.00020681,9.858333333333362e-05,0.00038279714285714277,0.0006158786666666667,9.93236901667932e-05,0.00027201089970745794,0.00043050111300123783,0.5094851278259712,-0.723370311377607,-1.1812224010136514,1.4276077778145473,1.0379252517378015,1.0229276793576787,30.14937106890585,29.516365412395473,39.175496496383,150.962,165.37419999999997,95.74924999999999
2024-04-19,142.08,147.49,128.5,142.5,11145361.53,5.02e-05,0.00011145000000000028,0.0003649542857142857,0.0006013600000000001,8.369164889649982e-05,0.0002857079508240127,0.00044222567092072065,-0.6268499324411996,-1.0065728576934987,-1.3675250859062908,1.1291410330425147,1.0344626385132967,1.0226065113159628,40.73687869258749,32.8931830376162,40.31618212971232,147.97,165.7106,96.3449
2024-04-20,142.5,152.39,139.66,151.22,4855973.67,0.00020778,0.0001549300000000003,0.00035836714285714284,0.0005878846666666666,9.070013723811169e-05,0.00028837137669699884,0.00044801040598920774,1.0640791290145093,-0.5754900831814442,-1.1069744097144014,0.9024937046991878,1.0558896120117083,1.0280783567041343,62.361838277222155,35.9266092655771,43.87889174451379,145.761,166.1464,96.98299999999999
2024-04-21,151.21,153.5,146.68,148.8,3646801.53,8.340999999999999e-05,0.00011379666666666696,0.00034289642857142854,0.0005756466666666667,8.306850322684396e-05,0.0002974117279141321,0.0004568191074753931,-0.548140044285586,-1.0488677820243841,-1.2584511730386647,0.9006391527321606,1.0426900062090325,1.025512966429425,47.027420528199016,34.50675811934326,39.44898941223258,143.404,166.52200000000002,97.61135
2024-04-22,148.81,158.5,146.63,156.95,4967360.16,9.229e-05,0.00012782666666666693,0.0003083078571428571,0.0005629976666666667,6.938382540871693e-05,0.00029630653738025513,0.00046497565836747833,-0.48395765539520974,-0.9268094132146198,-1.2225898648824092,0.7489057690831691,1.0589555874250287,1.0277315236073723,75.17749863318889,38.82031470786442,40.536389413318155,143.783,167.0578,98.2826
2024-04-23,156.94,160.0,153.04,154.75,4102272.11,-3.907e-05,4.554333333333362e-05,0.0002787864285714285,0.0005420840000000001,7.341168659247944e-05,0.0003095272789657594,0.0004777313601314085,-1.3284094240655742,-1.3008087275527445,-1.36618978053013,0.7005304581591352,1.0524968489525097,1.0271176393759465,75.36271557479462,41.1711801733023,39.49767660660788,145.411,167.48739999999998,98.9393
2024-04-24,154.75,159.8,145.58,147.78,6491963.0,0.0001162,5.6473333333333625e-05,0.0002261578571428571,0.0005261796666666666,8.36021436827534e-05,0.0002636181917420607,0.0004838692084435494,0.2724077169097154,-0.6610398572404688,-1.1228762379101855,0.8904749420557727,1.0641830906426597,1.0320282367314835,70.37321063268762,37.97456429530697,38.84871275609616,145.064,167.9368,99.5617
2024-04-25,147.79,149.6,142.09,144.84,5417465.27,0.00022239000000000002,9.98400000000003e-05,0.00018555499999999995,0.0005052103333333333,0.00013149551359272954,0.00020782915375187915,0.00048291628059736594,1.3652621973310513,-0.25022187700964577,-0.9508959113390482,0.7057938210700053,1.0477674371418482,1.0336674518696545,54.35124096644533,37.27230698056235,37.0166386451177,145.69699999999997,168.2178,100.1698
2024-04-26,144.83,146.19,138.74,139.23,3749353.51,0.00023095,0.00018984666666666696,0.00014377714285714283,0.000480319,6.392332929645842e-05,0.00010446733640256474,0.000476930929311614,0.9634362887084735,-0.2052799309113152,-0.9089829152147969,0.7550164811044849,1.043854311889827,1.0303059667373842,45.58227505993223,42.6335272336363,34.981789209549575,145.998,168.12599999999998,100.75545
2024-04-27,139.23,143.04,132.88,141.31,3821061.91,5.181e-05,0.00016838333333333362,0.00012604928571428566,0.00044764,0.00010104615246680496,9.668625480337868e-05,0.00047136859130573913,-0.5631643052157601,-0.8100704492490262,-1.1137047767214205,0.4584762336615067,1.0479473687909475,1.0296410184488656,33.68455712796907,51.73297534693158,34.941062581300415,146.945,168.0564,101.35145
2024-04-28,141.31,144.82,137.03,137.99,2951913.56,0.00015762,0.0001467933333333336,0.00011587928571428564,0.00041248066666666665,9.005941054851592e-05,8.358177418310899e-05,0.0004512675824601651,0.02436121252383425,-0.3585334599782521,-0.9388709080816477,0.4526443543759824,1.0456989145242248,1.0070285315782874,32.71506235935718,40.85264900583342,31.116709631549526,146.537,167.93039999999996,101.93135000000001
2024-04-29,137.99,138.93,133.38,137.77,4267883.497,0.00030000000000000003,0.0001698100000000003,0.00012638071428571423,0.0003672746666666667,0.00012454322982407103,9.679356426585643e-05,0.0003855218985668832,1.1495361803928426,0.19263994786551047,-0.7294154481946891,0.40166329030667,1.0358147028927684,0.9986098618466581,8.911739502731933,49.38292194681229,33.051216627714595,146.06400000000002,167.798,102.51379999999999
2024-04-30,137.79,139.77,121.21,126.77,6026555.488,0.00020486000000000001,0.00022082666666666697,0.00014018499999999995,0.00032620466666666666,7.252045868816283e-05,9.286611236692074e-05,0.000329143944957522,0.1711393675233252,-0.05311710965996301,-0.8369443026814184,0.7225139683444511,1.0769576144188813,1.0176123053774226,6.4716863719810505,43.11926605416678,32.99167598402052,143.619,167.3568,103.03845
2024-05-01,126.76,135.97,118.47,134.64,7991325.271,0.00015539000000000001,0.00022008333333333363,0.00014575999999999996,0.00027831266666666666,7.349711170067554e-05,9.112968864792964e-05,0.0002273905278107737,-0.20612854902053887,-0.16663670847399895,-0.8840558548081772,1.0070831913761722,1.1243957289997821,1.0284784640989943,30.115012105899496,51.9401330366863,34.754732957737176,142.203,167.0286,103.60165
2024-05-02,134.64,140.9,128.19,137.58,5743465.621,0.00011808,0.00015944333333333362,0.0001394221428571428,0.00026834533333333334,4.353176114454085e-05,8.963034506134561e-05,0.000227650614301511,-0.9846328719926255,-0.3294579230227418,-0.911781717109297,1.02185036715513,1.0259533380201402,1.0297845326880262,39.013317190456775,46.53923230977102,36.12008132937965,140.26600000000002,166.50220000000002,104.1799
2024-05-03,137.58,145.0,135.88,143.69,4524855.556,3.599e-05,0.00010315333333333363,0.00013840714285714281,0.00025717366666666667,6.108350045919816e-05,9.079138305249633e-05,0.00023063610215600974,-1.289269093112299,-1.0797011581529143,-1.0155463391007653,1.071471277130079,0.9504135541049727,1.033644175643388,56.64877757782786,50.84337349296696,40.62919975495564,139.16,165.843,104.77859999999998
2024-05-04,143.7,149.14,142.22,146.05,2808003.24,-6.382e-05,3.0083333333333622e-05,0.00011900714285714279,0.00024277466666666669,9.109373759130432e-05,0.00010302134285059124,0.00023686884108006667,-1.4537057452318984,-1.9134878464766083,-1.230246791031207,1.0676006439612364,0.8710958547031195,1.0221366283995126,57.00768775754273,45.97289297298081,39.913446676279705,138.98700000000002,165.085,105.3892
2024-05-05,146.05,148.0,143.1,145.73,2131850.263,0.00021435,6.217333333333363e-05,0.00012835999999999994,0.00023991966666666667,0.0001409212987037496,0.00010545600715642698,0.0002366714061742059,1.1276124867765889,0.9503389526675539,-0.7195716525323258,0.46476393613964934,0.780293653005109,1.0171880973569416,62.556781309416245,47.52778225049863,39.52118092097835,139.07600000000002,164.3586,106.00075000000001
2024-05-06,145.74,156.89,145.4,152.82,4787441.567,0.00021074,0.00012042333333333363,0.00013682071428571424,0.00023694433333333335,0.00015956961624428314,0.0001070786377757198,0.00023645102348848442,0.9054553180285898,0.8254161307727546,-0.6995330801125603,0.39075615746658654,0.7979044648104151,0.9968261567969642,69.96550809103269,46.61641815393638,41.66666666596873,140.435,163.3778,106.64020000000001
2024-05-07,152.81,159.19,147.76,148.03,4486379.596,8.518e-05,0.00017009000000000026,0.00014569571428571423,0.00022978366666666667,7.355636678773202e-05,9.594964702414285e-05,0.00023772496786991432,-0.09519593842112563,-0.4904545396244634,-0.8986449287438746,0.6305586531302213,0.797138224461114,0.999993123837637,83.7674714085566,44.718641935513894,42.5499419627397,141.107,162.42,107.24520000000001
2024-05-08,148.03,152.0,140.0,142.18,4533265.341,0.00030000000000000003,0.00019864000000000028,0.00015882428571428568,0.000220566,0.00010791994993980302,0.0001038523863407718,0.0002290181443299089,1.0639550569292546,1.6086133992371494,-0.4829883445348556,0.6851582247704485,0.7564801254087287,1.004986665833553,62.79701289735379,45.51999999898035,40.770827156156784,141.526,161.86720000000003,107.80950000000001
2024-05-09,142.17,153.39,140.61,152.57,3912139.908,0.00021310000000000003,0.000199426666666667,0.00015816071428571423,0.00021519500000000003,0.00010806076127967484,0.00010344386232406001,0.00022717209711848753,0.10975899795220767,0.677429277784065,-0.6185059984970722,0.9307885595771702,0.8143527604742385,1.020038494057308,70.30615009349187,55.525375266937296,44.441325097560714,143.006,161.0832,108.4271
2024-05-10,152.56,155.75,144.49,146.01,4124775.208,0.00017168,0.0002282600000000003,0.00015392714285714283,0.00019248433333333333,6.548950141059057e-05,0.00010142894127857557,0.00019264338997706398,-0.3144414946851891,0.2866178772270322,-0.6753565330563018,1.0377466355246245,0.7973738539738325,1.0232438745629842,53.10492505253817,54.78138222740911,47.83922635156271,144.93,160.4142,108.99775000000001
2024-05-11,146.02,147.7,143.12,145.42,2017032.814,0.00019275,0.00019251000000000026,0.00016399428571428563,0.00017254833333333334,2.0711042827679376e-05,9.742935584022985e-05,0.00015606055480704497,0.002688748892405686,0.444846087096654,-0.6206464273311963,0.9097214210727209,0.7948546270413875,1.0225762569150547,49.11491992036017,52.96066849050358,52.296002641913255,146.00799999999998,159.8184,109.574
2024-05-12,145.42,147.8,142.5,143.43,1422547.627,0.00013584,0.00016675666666666694,0.00016243857142857136,0.00014988166666666665,2.8772668078315307e-05,9.771244340934555e-05,9.797994274582798e-05,-1.087347609528701,-0.15073868518598363,-0.7425412256525166,0.8826948643851581,0.7573174330232874,1.0019538933716645,46.91358024603224,53.99529964636319,47.21826977709013,146.593,159.234,110.12895
2024-05-13,143.42,150.88,137.78,147.54,4407929.923,0.00019054,0.0001730433333333336,0.00015461999999999998,0.000146233,3.223797494174399e-05,8.992779308118914e-05,9.41605762087827e-05,0.33529566233399133,0.3217045572090697,-0.5949134938932722,0.8347613178153955,0.7685328699540519,0.9862162410490005,42.29871645187836,56.7875503671043,53.42226938414628,146.978,158.50719999999998,110.70280000000001
2024-05-14,147.53,149.09,141.82,142.03,3389933.371,0.00023533,0.00018723666666666696,0.0001567964285714285,0.00014407733333333334,4.982719165619945e-05,9.159057488935773e-05,9.121304871181152e-05,1.3868324095817564,0.7558143099345657,-0.45703881152111403,0.5536864903942125,0.7604890663921537,0.9838125084863449,41.428571427742845,61.477135979451454,52.1494635579281,146.57599999999996,157.568,111.2543
2024-05-15,142.03,158.88,141.21,158.52,4885274.203,0.00011993,0.0001819333333333336,0.00015426357142857137,0.0001429756666666667,5.817942959795981e-05,9.212123062378174e-05,9.130136033163332e-05,-1.1737553650704824,-0.48652037534258713,-0.7355464189887602,1.0961201544484087,0.8922204860830786,1.023124339428267,67.90096406556682,65.89880159664105,59.05880755014692,147.855,156.9292,111.88875
2024-05-16,158.52,164.79,156.46,159.37,4200112.765,0.00030000000000000003,0.00021842000000000028,0.00016725785714285707,0.00015258899999999999,9.121821251816089e-05,9.918440867921988e-05,9.217053229581637e-05,1.4041851970585417,1.442001841954776,-0.26152491924927646,1.0829526614477047,0.8700124835529871,0.9885190553319794,59.418282547324324,64.92261333939335,56.27357122020913,148.51,156.39,112.52145
2024-05-17,159.36,174.0,159.32,169.44,4097186.841,0.00014922999999999998,0.0001897200000000003,0.00017534642857142853,0.00015498533333333336,9.662236436255401e-05,9.201417679705596e-05,9.107469502893587e-05,-0.6982493840520548,-0.24916646679805207,-0.6253317186009303,1.0697201391221378,0.9003831684155245,0.9992300673919235,79.57586467922995,66.72729634801328,59.13096529171932,150.651,155.9862,113.19395
2024-05-18,169.43,176.06,168.65,172.4,2874473.997,0.00013984000000000002,0.00019635666666666693,0.00018989357142857135,0.000152753,8.98804674461758e-05,6.273470902343596e-05,9.058002517247306e-05,-0.6431540870800257,-0.34406453089289357,-0.6319383460227038,1.0784994372641508,0.8886166816076082,0.9359583552166738,82.13434968895922,66.98465901645253,57.47037245936148,153.673,155.594,113.86395
2024-05-19,172.4,175.5,165.96,169.93,2696984.074,0.00014469,0.00014458666666666693,0.0001849178571428571,0.00015590266666666667,4.6958522491963474e-06,6.340468681147947e-05,8.851023124257262e-05,-0.3561896204814329,-0.21503210823040497,-0.6031665430211826,0.951565554603976,0.8938246744853483,0.8856691919466211,81.20584078999427,65.17812343086743,57.450109300043295,155.409,155.1086,114.50785
2024-05-20,169.93,188.32,167.47,186.7,5690568.998,0.00026762,0.00018405000000000027,0.0001889807142857142,0.00015789733333333334,7.241435834840007e-05,6.691198126744047e-05,9.037430097097844e-05,0.8724246920136133,1.1771132183408426,-0.27209559742249273,0.8433438228454773,0.8569703463241929,0.9018452220421048,85.52249637046688,68.94854586021782,59.88832014779175,159.478,154.7936,115.2402
2024-05-21,186.69,188.89,174.37,178.15,4727780.064,0.00030000000000000003,0.00023743666666666693,0.00020432499999999997,0.00016511700000000003,8.193640355995936e-05,6.590097824643818e-05,9.283634310777864e-05,1.2918995008666792,1.387935059601814,-0.18192830883313474,1.0822479939018779,0.8806584121114698,0.9074681381326867,81.0522696001249,66.16573636654539,57.46268656613793,162.75100000000003,154.5118,115.93369999999999
2024-05-22,178.15,185.0,174.96,176.95,4272900.127,0.00030000000000000003,0.000289206666666667,0.00020432499999999994,0.00017204066666666668,1.8694601582737856e-05,6.590097824643818e-05,9.493928157689977e-05,0.8526816112841039,1.2444807152247355,-0.17458617301760496,1.0124315861835447,0.8842828945719955,0.9068665355402611,71.49521810006888,69.64184837761272,59.658300773676956,166.103,154.4202,116.6064
2024-05-23,176.96,181.04,165.35,176.16,5598921.63,0.00030000000000000003,0.00030000000000000003,0.0002105321428571428,0.000183343,0.0,7.07082360699459e-05,8.893316817490113e-05,0.55758072031883,1.142439671018677,-0.16258054382413198,1.0125737694937644,0.875804293349433,0.8932168285306267,69.6099042268459,64.94740843884267,60.51995163126793,168.965,154.2424,117.28144999999999
2024-05-24,176.15,176.15,162.5,167.7,4819660.642,0.00030000000000000003,0.00030000000000000003,0.0002196978571428571,0.00018946966666666667,0.0,7.354453095056447e-05,9.046598437016006e-05,0.4469049771317765,1.212641368180494,-0.15034121181875076,1.1102435859467945,0.9110342994220925,0.8982704883704499,47.88834951374945,63.42036876514308,59.383033417927145,171.53199999999998,153.91639999999998,117.90915
2024-05-25,167.7,170.55,165.9,168.35,1911443.135,0.00030000000000000003,0.00030000000000000003,0.00022735857142857139,0.00019205666666666666,0.0,7.606424913863416e-05,9.252607548290887e-05,0.0,1.1123679824803645,-0.12826070972239342,0.4832880265320326,0.9102381918617974,0.8980611842389702,44.79300591331047,64.17707431569374,58.99653979128833,172.515,153.796,118.53625000000002
2024-05-26,168.35,168.4,161.0,163.41,3126117.989,0.00030000000000000003,0.00030000000000000003,0.00023908428571428568,0.00019435833333333335,0.0,7.348010978004781e-05,9.43674597688974e-05,0.0,1.0213607464716354,-0.10088646156623811,0.4161819369719291,0.9043815690603261,0.899345140961787,42.11798839387129,61.91839656303166,58.36734693769961,172.919,153.4906,119.13765000000001
2024-05-27,163.42,172.28,163.26,170.15,3260017.055,0.00030000000000000003,0.00030000000000000003,0.0002469028571428571,0.0002026313333333333,0.0,7.374050169635878e-05,9.229603140192345e-05,0.0,0.9474801805490809,-0.07007394313474474,0.6528417027334159,0.9030442590411201,0.9042047589441182,23.58761570327131,63.0769230759016,60.21966923261826,172.98999999999998,153.3032,119.76195
2024-05-28,170.15,173.24,164.92,168.68,3779251.343,0.00034129,0.00031376333333333364,0.00025447142857142855,0.00020875366666666667,2.3838792510019884e-05,7.77879942097616e-05,9.52517321254038e-05,1.7878861515388307,1.4488349433753958,0.0904045255129236,0.6518530515680484,0.8810648227948787,0.9036430426626385,30.474226803244065,66.16915422773164,64.07414869917787,172.618,153.0632,120.322
2024-05-29,168.68,173.93,167.0,168.32,2946277.294,0.00042258000000000004,0.00035462333333333363,0.00027608928571428565,0.00021283966666666668,6.236824054222826e-05,7.955602181082586e-05,0.00010171102190194517,1.6848600571803922,2.1034223445428144,0.45668129088792725,0.48827369724400715,0.8364136202815168,0.903008591134121,31.567706107556745,57.39287869522706,61.9111614077426,172.457,152.9812,120.8819
2024-05-30,168.32,173.0,163.55,166.88,3307767.047,0.00030000000000000003,0.0003546233333333337,0.00027608928571428565,0.000216011,6.236824054222826e-05,7.955602181082586e-05,0.00010292956334261406,-0.6148765507207821,0.5777599693291441,0.11645778546647888,0.4925714761239194,0.8099555029936817,0.8963440733383592,30.71487946710309,55.61537311084399,60.473262795472365,170.475,152.8526,121.4349
2024-05-31,166.88,170.94,163.67,165.65,2592736.388,0.00030000000000000003,0.0003408600000000003,0.00028685857142857137,0.00022083133333333335,7.077159596194485e-05,7.078344361029332e-05,0.00010337786953258716,-0.6148765507207821,0.5167499493388724,0.2840775757944446,0.4058343749991852,0.8109334447437035,0.8881266586010115,43.90968508432942,46.73444769833831,58.13333333212761,169.225,152.7182,122.00515
2024-06-01,165.65,167.95,165.64,166.14,1070498.928,0.00038825999999999997,0.00032942000000000024,0.00030460285714285713,0.00022983733333333334,5.0956934709629824e-05,6.164014705443131e-05,0.00010585673698753595,0.696256321284599,1.4375847619910642,0.7858547574007382,0.09712010194412897,0.8060257809589485,0.8774793918735789,43.37132573303176,44.36645068282731,57.545256514976884,168.144,152.9778,122.5518
2024-06-02,166.14,167.1,161.32,163.15,1669577.986,0.00036684,0.0003517000000000003,0.00032047071428571423,0.00024086566666666666,4.6036633184889745e-05,4.3118705634505386e-05,0.00010213379192793846,0.2075404886862869,1.0638751536489424,0.6654909483607857,0.15086563520454466,0.8072893261525247,0.8768706221639923,49.116847823751264,43.95506419291125,56.41384388690753,166.84300000000002,153.4714,123.04039999999999
2024-06-03,163.14,167.21,161.79,164.89,2378016.532,0.00034312000000000004,0.0003660733333333336,0.0003258635714285714,0.0002544303333333333,2.2579763690803577e-05,4.065097927792685e-05,8.602538116116832e-05,0.08785457297948439,0.7076666568375594,0.534641908698127,0.21249798650755086,0.7838179680065429,0.8773790295405937,22.94238682962323,23.434835565583185,54.6262935979076,166.56199999999998,153.7442,123.57584999999999
2024-06-04,164.9,171.87,164.31,171.78,2124954.015,0.00045117,0.00038704333333333365,0.00033666142857142854,0.00026232433333333335,5.67876010087697e-05,5.1800647576370164e-05,9.28181808427573e-05,1.4507800741848182,1.8380898003095216,1.1200928160984998,0.4286996492211606,0.6557251055487161,0.8737851467253251,60.23778071055704,41.91419141765219,58.9588834389658,166.905,154.40959999999998,124.14220000000002
2024-06-05,171.78,175.6,170.0,173.54,2560223.589,0.0006678599999999999,0.0004873833333333336,0.00036293714285714275,0.00027756166666666665,0.00016537101024159266,0.00010136212358727677,0.00011812824267890858,1.7035609264353284,3.0084666601515333,2.2022624818990533,0.4050206645865205,0.6562406333877127,0.8720035849973037,65.77992744582558,45.732165204905506,62.20613420384419,167.91799999999998,155.15599999999998,124.71709999999999
2024-06-06,173.55,174.4,167.51,170.15,2116238.234,0.00057206,0.0005636966666666669,0.00038236999999999993,0.000293791,0.00010858682253533437,0.00011369663535711541,0.00012408159088321004,0.6656945085994287,1.9043938482758593,1.626478252814459,0.47737995157522295,0.6107071128950244,0.87318576248424,58.84261762892435,42.93772032761192,57.23695043503818,167.918,155.9222,125.26235000000001
2024-06-07,170.15,172.85,152.92,162.5,3538852.091,0.00043398,0.0005579666666666669,0.0003919399999999999,0.00029825699999999996,0.0001175752105178662,0.00011185382294277397,0.00012669635762763002,-0.46969069410204595,0.6946798078946652,0.9303419564454684,0.6332385402605388,0.6360129519259436,0.8800143751740516,43.67723805577781,43.770963103467196,56.72786617577449,167.3,156.3308,125.792
2024-06-08,162.51,163.78,157.37,157.83,1789882.65,0.00030000000000000003,0.000435346666666667,0.0003919399999999999,0.00030115366666666666,0.00013603514887090094,0.00011185382294277397,0.0001256715268431829,-1.316492428175522,-0.6064429051048963,0.22353141295490475,0.6585229205137665,0.6441773767333258,0.8754956704213401,35.716741147301434,38.505244754066716,54.900102660082766,166.251,156.63739999999999,126.3229
2024-06-09,157.83,163.04,156.52,162.12,1444905.0,0.00030000000000000003,0.0003446600000000003,0.00039193999999999996,0.000305431,7.735338903370998e-05,0.00011185382294277397,0.0001232736904960752,-0.9440739018466647,-0.6301454571172964,0.2999515629964917,0.5658460774712177,0.4946876243061721,0.8781371056784179,48.30536360533682,48.57016182513859,57.24811913317076,165.775,156.8554,126.8457
2024-06-10,162.12,163.18,157.46,159.05,1760276.954,0.00030000000000000003,0.00030000000000000003,0.00039193999999999996,0.00030900599999999996,0.0,0.00011185382294277397,0.0001214346353957328,-0.6686373714361095,-0.6301454571172964,0.382629159229496,0.5161883115562315,0.4650920582938747,0.8792015638309938,40.79445144928893,36.607142855906105,54.49996090270859,165.11499999999998,157.06040000000002,127.3584
2024-06-11,159.04,159.75,145.2,149.31,3646582.777,0.00030000000000000003,0.00030000000000000003,0.00038899071428571426,0.00031447800000000003,0.0,0.00011381914645028616,0.0001169793837564526,-0.44713897001453584,-0.630145457117297,0.5008583814310451,0.6500264109230197,0.5261136222012371,0.8437575528368373,17.500723170024543,30.51699859097313,52.755071146323694,163.432,156.9076,127.82065
2024-06-12,149.31,161.84,145.44,155.22,3851856.394,0.00030000000000000003,0.00030000000000000003,0.000380235,0.0003181266666666667,0.0,0.00011573517746591715,0.00011466453501016297,0.0,-0.630145457117297,0.5008583814310451,0.8000863600368361,0.5636350662711453,0.8106026241977845,26.342975206135307,38.14694172903715,48.642422246699034,162.63899999999998,156.917,128.30265
2024-06-13,155.21,155.21,146.03,147.29,2573289.111,0.00030000000000000003,0.00030000000000000003,0.000380235,0.00032028233333333334,0.0,0.00011573517746591715,0.00011365777324537418,0.0,-0.630145457117297,0.5008583814310451,0.8744400719365518,0.5684952187978168,0.7919263513722572,23.578363383807087,34.137651821088355,45.303996267090255,160.879,156.9072,128.75125
2024-06-14,147.29,149.0,139.67,143.05,3183461.493,0.00028174,0.0002939133333333336,0.0003789307142857142,0.00032567599999999995,1.0542415678438187e-05,0.00011680687561517701,0.00010749439406989202,-1.786666494822646,-0.7946645795410072,0.35082244443329375,0.7604210465520423,0.5744493663633053,0.7645208872712866,25.595984943088652,32.55095738039573,39.25401091204567,158.00600000000003,156.8714,129.19119999999998
2024-06-15,143.04,145.78,142.92,145.52,1346924.922,0.00030000000000000003,0.0002939133333333337,0.0003726264285714285,0.00032567599999999995,1.0542415678438187e-05,0.00011863214193830261,0.00010749439406989202,0.4466666237056333,-0.6170674285414501,0.4604483613042238,0.8445043740539827,0.575449608971695,0.7643581487597143,33.652058432309246,34.55199280718651,39.01062959845274,155.204,156.9972,129.62789999999998
2024-06-16,145.52,151.35,143.08,151.3,1405879.427,0.00023192000000000002,0.00027122000000000035,0.00036298928571428565,0.00032843233333333335,3.523810998060281e-05,0.00012447464347369145,0.00010381106401631941,-1.7227490154246003,-1.207517561448297,-0.07502157018098005,0.7926395296877232,0.5732161612010516,0.7651907227856265,36.17782319812661,41.47849848902531,42.58418915596501,153.31900000000002,157.197,130.08785
2024-06-17,151.3,151.79,139.85,143.27,3412959.812,0.00027161000000000004,0.0002678433333333337,0.0003578814285714285,0.0003328246666666667,3.4195941693987654e-05,0.00012679823517374895,9.819198382967563e-05,-0.19418247122728327,-0.7874196835584193,0.22092859654855512,0.8051171276888482,0.609834098147573,0.755852159516198,32.1088435369053,35.742548139672394,31.41952596827265,151.39600000000002,157.3026,130.5077
2024-06-18,143.28,143.82,127.95,137.41,6557976.71,8.743000000000001e-05,0.00019698666666666698,0.0003319,0.00033091599999999995,9.693204541503823e-05,0.00014250560976539152,0.0001024397054515727,-1.711793233790007,-2.0657260283645162,-1.2034621649089086,0.7652239834529554,0.6256014423355296,0.762834400179426,35.20636499192827,27.022329187888317,32.15974776589553,149.354,157.2954,130.896
2024-06-19,137.41,141.9,134.47,135.62,3536777.468,0.00021099,0.0001900100000000003,0.0002992664285714285,0.00032902833333333336,9.386526724518571e-05,0.00010771859396355556,0.00010415371061872278,-0.1146950172193801,-0.9926641971508402,-0.25057253686164466,0.7479776288347271,0.6256839196438393,0.7483787153595549,22.853185595124742,24.659182036427126,31.994423629087862,146.704,157.4724,131.2558
2024-06-20,135.62,141.29,131.9,133.55,3507680.508,5.911e-05,0.00011917666666666698,0.0002626271428571428,0.00032099866666666666,8.07636782740106e-05,9.417965535474362e-05,0.00011517166554139803,-1.210213606735924,-1.892294886581715,-1.4134603747506782,0.6868524776836356,0.6258846062339628,0.7482920377143788,27.281746031114523,25.102040815848383,31.641533820865163,144.154,157.4506,131.60865
2024-06-21,133.55,135.38,128.76,134.6,3230074.027,9.441e-05,0.00012150333333333365,0.0002383721428571428,0.00031414566666666664,7.948220007239197e-05,9.030138955639244e-05,0.00012235666284773707,-0.5484717731231109,-1.4507263288557768,-1.142848793469315,0.47301767146198564,0.6282815688856208,0.735867996102123,34.38077633922116,29.14798206217027,34.76620029365476,142.68300000000002,157.391,131.97344999999999
2024-06-22,134.61,136.74,133.0,133.69,1399215.891,0.00014698,0.00010016666666666696,0.00022744214285714282,0.00030904500000000003,4.4216949559519364e-05,9.15206806497014e-05,0.00012609892005979384,0.45271811394382294,-0.9960946175986931,-0.791235768319411,0.3446813320426214,0.6275051643863307,0.7353777001562097,26.794821497891036,30.883750395260705,34.08631772180493,140.53000000000003,157.191,132.33675000000002
2024-06-23,133.7,135.09,128.22,128.69,1492401.231,0.00015910000000000002,0.00013349666666666698,0.0002173778571428571,0.00030434833333333334,3.438821350909345e-05,9.067117378646562e-05,0.00012903716682357628,0.42369040381234435,-0.8403256332602986,-0.7038343433571452,0.3181262075613418,0.6313403786127466,0.7327093710108226,4.249291784582098,23.821456538240383,34.06754772305993,138.67000000000002,156.8438,132.67095
2024-06-24,128.68,132.66,122.0,132.33,5583497.777,0.0001619,0.00015599333333333361,0.0002075135714285714,0.00029974499999999997,7.930329649238533e-06,8.847664581524663e-05,0.000131634816373274,0.8261256917800117,-0.7403100071112123,-0.6709160469656241,0.473230633011774,0.612347576221036,0.7350572535189951,23.080708660622207,29.261099036930062,32.136784431419,137.598,156.5758,132.9939
2024-06-25,132.34,139.9,131.2,136.58,3963661.704,6.209e-05,0.00012769666666666694,0.00019051999999999996,0.0002918146666666667,5.6834285676406276e-05,9.211900922589563e-05,0.00013860103372802135,-1.4128467974690266,-1.429235188024677,-1.4204350903126137,0.5434770530748263,0.6344016017340129,0.7332400286224345,47.78193479244006,39.19904971907554,35.22643593429092,136.704,156.25099999999998,133.3021
2024-06-26,136.57,140.41,134.85,136.81,2503428.066,0.00030000000000000003,0.00017466333333333362,0.00019051999999999996,0.0002918146666666667,0.00011946743919723243,9.211900922589563e-05,0.00013860103372802135,1.5685555047097508,0.6846034246658814,0.4218242827772176,0.5425626063686017,0.6359667240510475,0.7322760264775379,53.46938775291961,32.71361502261409,35.48060086536405,135.255,156.0266,133.62465
2024-06-27,136.81,151.21,135.2,149.71,4450967.436,0.00030000000000000003,0.00022069666666666698,0.00019051999999999996,0.00029043833333333333,0.0001373574025247331,9.211900922589563e-05,0.00013829746952503445,1.007770651781432,0.8333201568414959,0.40408075422707673,0.8956205684448731,0.74766631231891,0.7631405653845753,78.8777698336235,52.078323598885106,42.84404434341949,135.899,156.1772,133.99885
2024-06-28,149.71,150.84,139.01,140.03,3339031.267,0.00027993,0.00029331000000000035,0.00019039071428571426,0.0002856833333333334,1.1587419687043415e-05,9.198230594176818e-05,0.00013603121047605043,0.5594508553396245,0.6313098444888025,0.24608262708427955,1.08667911703414,0.7881658729774528,0.7814518062737468,57.416006554488085,47.6280238757983,40.02491823616204,136.161,155.9264,134.34775
2024-06-29,140.03,143.26,139.67,140.28,1468985.543,0.00030000000000000003,0.00029331000000000035,0.00019039071428571426,0.0002856833333333334,1.1587419687043415e-05,9.198230594176818e-05,0.00013603121047605043,0.49362525200017876,0.8513984083792354,0.3943028148672463,1.085453156566632,0.7753019415892943,0.7528751531054256,59.16550764836117,45.73567708229117,39.912622873211454,136.627,155.8118,134.70615
2024-06-30,140.28,147.62,137.09,146.61,2086670.189,0.00030000000000000003,0.00029331000000000035,0.0001952535714285714,0.0002856833333333334,1.1587419687043415e-05,9.605612562508067e-05,0.00013603121047605043,0.4467158968181357,0.8513984083792354,0.37641755183143477,1.1114139972068204,0.8032634605548591,0.7461493804916645,74.03433476255837,46.217131794407095,43.711982967439226,137.933,155.8356,135.0861
2024-07-01,146.61,149.36,145.87,146.67,2280252.836,0.0002455,0.00028183333333333364,0.00019338857142857138,0.00028092466666666664,3.1465589591452637e-05,9.470351904813933e-05,0.00013481067144956654,-1.664357375089845,0.2888348485379146,-0.08039233927430357,1.1127723119981647,0.7580132334667387,0.7444321437817673,71.27596439021085,53.14698259766,42.98367221102623,139.14000000000001,155.90040000000002,135.44105
2024-07-02,146.68,155.0,146.14,154.03,2776061.292,0.00020335,0.00024961666666666694,0.0002016685714285714,0.00027547499999999996,4.845632908444206e-05,8.966005386214523e-05,0.0001345220165760774,-1.5075572287661287,-0.1307893027090373,-0.45796804286413845,0.8886784762459826,0.7693750286555575,0.7464940270191137,73.70279815127431,64.96757924908223,43.189317779748826,141.174,156.0302,135.84865
2024-07-03,154.03,154.5,139.01,140.84,4189341.933,0.00030000000000000003,0.000249616666666667,0.00020802642857142853,0.0002740376666666667,4.845632908444206e-05,9.344776258230945e-05,0.0001340036884661949,0.6869688140500488,0.9729203023576227,0.31908797208366557,1.0618435341087682,0.8313847222430489,0.7781732651742657,54.04862366811666,53.90017931746174,38.46479469375122,142.389,156.00639999999999,136.18425
2024-07-04,140.84,142.75,127.2,127.86,5230812.158,0.00023847,0.00024727333333333365,0.0002208378571428571,0.00026694766666666666,4.892269032197526e-05,8.319354025662577e-05,0.0001298717961410014,-0.4522952738522324,0.29912522243786843,-0.2337305413296014,1.3505750102771492,0.9188172635673538,0.8134681425453214,28.08425275788045,46.34459719818987,36.027225268612455,141.942,155.3932,136.4692
2024-07-05,127.85,136.58,121.0,134.32,7669471.231,-7.127000000000001e-05,0.00015573333333333364,0.0002090035714285714,0.00024231000000000003,0.00019898334158503225,0.00011002008191210985,0.00012099926930773045,-1.738056970320641,-2.5374580029481444,-2.7625865279734954,1.372931170491481,0.9440386444275917,0.8141538286697487,43.87733218891884,49.8318116281864,40.615425602013296,141.716,154.8922,136.7687
2024-07-06,134.32,144.35,132.33,143.05,2873919.136,-1.3769999999999999e-05,5.114333333333364e-05,0.00019752142857142852,0.00022278233333333336,0.0001647574657742469,0.00012443497707679006,0.00011295190965609495,-0.8863770416700192,-1.7168489494242014,-2.2122834746228017,1.5411792477809325,0.9702454592125356,0.8262556793315687,52.513155506500475,55.13946848147161,45.20752269697419,142.34,154.3644,137.11895
2024-07-07,143.05,143.33,131.23,131.64,2590805.369,0.00020352,3.9493333333333635e-05,0.00020069428571428569,0.00021510033333333334,0.00014493144251111583,0.00012394529318420622,0.00010569671516668612,0.44049358875223804,0.22423319487638077,-0.43200312383333983,1.5323464419630253,1.006536567464478,0.8455144876067626,37.56437946459052,51.51328613858501,40.552938258656404,140.533,153.5492,137.3661
2024-07-08,131.64,142.0,127.77,139.81,5708358.008,0.00014371000000000002,0.00011115333333333364,0.00019939499999999997,0.00020989066666666668,0.00011224387924670278,0.00012447744384483966,0.00010521840664390775,0.32019993566430216,-0.33967323638868796,-0.9032260472623277,1.5481979318636077,1.0275499923523157,0.8404616670225035,44.97803806688896,53.66666666593006,44.21944477752785,140.51100000000002,152.9468,137.59595
2024-07-09,139.81,144.33,136.45,141.42,3363673.606,0.00019822,0.00018181666666666698,0.0002091185714285714,0.000206498,3.310756753891742e-05,0.0001180792726425494,0.00010384465963343453,0.8374747449120884,0.1601890146666607,-0.4674363208150964,1.171055233481115,1.0264882089600977,0.8342177769514872,39.92006394839417,52.435587760935874,47.507738959296084,140.62499999999997,152.0412,137.81355000000002
2024-07-10,141.43,146.2,138.6,141.98,2700825.893,0.00025147,0.00019780000000000028,0.0002056521428571428,0.00020488033333333335,5.3881227667988846e-05,0.0001158982557198012,0.00010270967421006595,0.9240671543561946,0.5705038246662689,-0.04440434763861013,1.131547948414573,1.0234837964562886,0.8342425296770974,51.141826922359776,52.59303841836061,45.6715051645882,140.16199999999998,151.3178,137.98405
2024-07-11,141.99,146.1,135.64,135.73,3363094.13,0.00010772,0.00018580333333333363,0.0001919178571428571,0.000198471,7.267493259951281e-05,0.00011524877166894317,0.00010256856930805403,-1.3077729772569766,-0.778001408881198,-1.2017833500172643,1.0532334946051412,1.0434586627495108,0.8408739989000237,59.110905301195224,42.48710232094279,46.178765039473085,139.06799999999998,150.49339999999998,138.10045
2024-07-12,135.73,140.55,133.92,139.46,2929528.431,0.00013487000000000001,0.00016468666666666698,0.00018155642857142852,0.0001929666666666667,7.63727099712001e-05,0.0001132305081583301,0.00010135581736256878,-0.5626911434166526,-0.516799458901432,-0.9693883994787739,0.731747500928333,1.048996262745379,0.8406335815183351,56.35195254474923,49.67275232438235,48.809286897932566,137.611,149.7594,138.1932
2024-07-13,139.47,143.6,137.94,141.9,1357177.621,0.00014057,0.0001277200000000003,0.00017016857142857137,0.00018765233333333336,1.755341832846308e-05,0.0001083123564800215,9.971667825667242e-05,-0.44990766752805184,-0.45341497068586684,-0.9046712347655624,0.5374204890362255,1.0347967818947466,0.83659488359981,48.31723734170845,50.907258063717855,48.79909766363696,137.717,149.2434,138.34025000000003
2024-07-14,141.89,148.56,141.87,147.66,2997466.757,0.00014192,0.0001391200000000003,0.0001588771428571428,0.0001829916666666667,3.741990782098706e-06,0.000101779247648868,9.842665125375071e-05,-0.241169787550282,-0.430122620438682,-0.8994582913483755,0.6255565263052429,1.0411071662118703,0.7965705414477507,78.08555399527842,50.59181602896145,48.792302587016465,139.69699999999997,148.8296,138.544
2024-07-15,147.66,159.95,147.0,159.38,3428848.522,5.1739999999999996e-05,0.0001114100000000003,0.0001450371428571428,0.00017471633333333332,5.168014410791676e-05,0.00010226677326242446,9.868584433894005e-05,-1.6664656478070372,-1.2536982496779017,-1.5562039569667057,0.8440063034465733,1.0795483121541585,0.819119722847886,80.51138135153234,56.331573178451094,55.2173068193885,142.203,148.749,138.8319
2024-07-16,159.37,162.49,152.57,160.62,3988105.454,0.00014015000000000002,0.0001112700000000003,0.0001405228571428571,0.00017165733333333337,5.156208776819508e-05,0.00010088020308785375,9.827298850190927e-05,0.46571485957348074,-0.375253617199865,-0.860887277831997,0.5093271461576165,1.0792076752949744,0.8048663314979075,80.28391167015147,53.496021219364515,57.74854777217269,143.95999999999998,148.5584,139.10415
2024-07-17,160.62,163.8,154.68,155.5,2840583.09,0.00025083,0.00014757333333333364,0.00013701071428571423,0.00017096466666666668,9.975237555239534e-05,9.561968516461818e-05,9.761522100146758e-05,1.4977282095046855,0.7115238400338302,-0.008394412314418113,0.7675886874400978,1.025777331089511,0.8072446739978683,68.64313292752206,58.50545370060445,56.4924885685292,146.346,148.2948,139.37215
2024-07-18,155.5,161.6,155.07,159.22,2584704.124,0.00024875,0.00021324333333333362,0.00013774499999999994,0.000176342,6.330922624974985e-05,9.649421957174905e-05,9.729766908947939e-05,0.9748474343590391,0.7162185468318987,-0.03870729248026957,0.766157508038413,0.9811535956939784,0.8089955706175798,84.82063444828418,70.38481539133463,58.29402261606963,148.28699999999998,148.1128,139.65965
2024-07-19,159.22,172.42,156.07,169.13,4685513.24,0.00022494,0.000241506666666667,0.0001589028571428571,0.00017680700000000002,1.4384798515803111e-05,7.780314225195079e-05,9.750208677645355e-05,0.48300350365049743,0.5377816074201273,-0.22188871692417486,0.8251779092163148,1.0074147508894238,0.788453817256939,87.17113505234227,71.65609057981436,60.552533462688416,151.05800000000002,148.1578,139.95575
2024-07-20,169.12,175.1,167.27,173.6,2047796.046,0.00012684,0.00020017666666666698,0.00016894642857142849,0.0001790646666666667,6.461755975230598e-05,6.107571650848225e-05,9.544528245848076e-05,-1.1866301847958072,-0.38849384869440623,-0.9702309038449343,0.6432163160710596,0.9983526006810322,0.7830791098186594,87.79208392795768,70.06963605179214,61.9369504087251,154.22,148.3168,140.2901
2024-07-21,173.6,185.17,170.27,184.49,3684536.411,0.00025463,0.00020213666666666697,0.00017259714285714278,0.00018440533333333335,6.687723849220086e-05,6.472005721424912e-05,9.502672614328154e-05,0.6187763650009803,0.9609438291034903,0.04222663842201872,0.7273041972690698,1.0221011862013247,0.7973205270068688,89.12258338512034,84.95832781956685,66.1215763308382,159.096,148.6838,140.71995
2024-07-22,184.49,185.0,176.71,178.9,3345609.525,0.00027105,0.00021750666666666698,0.00018169285714285708,0.000188541,7.894768792271089e-05,6.914486758616247e-05,9.603623818321813e-05,0.7973456471659855,1.0687486337707088,0.1757188708732923,0.7150621783458957,1.0226708735634185,0.8010042151762863,73.83976550924065,76.77030543613918,63.30495400161559,163.04000000000002,148.99880000000002,141.08990000000003
2024-07-23,178.9,180.54,169.72,173.03,3895827.332,0.00030000000000000003,0.00027522666666666696,0.00018896285714285708,0.0001932376666666667,2.297156129517854e-05,7.602462064540101e-05,9.797261900280546e-05,0.9693646862156539,1.3667326170096143,0.4042789334056113,0.8912012664470981,0.945568314862517,0.7958845006684209,63.61641430668133,70.4542513252409,60.31817924379272,166.153,149.1616,141.45535
2024-07-24,173.03,182.5,170.9,178.06,3845177.713,0.00021704,0.00026269666666666695,0.00018650357142857134,0.00019507566666666668,4.210610440706819e-05,7.438629325317585e-05,9.788162142200098e-05,-0.25199973007937576,0.5277155000301248,-0.23999284002625976,0.7838594855546058,0.8158584749145965,0.7988718470201905,74.80211081679063,72.06997797772328,61.368020723299175,169.193,149.2872,141.8768
2024-07-25,178.07,179.59,165.42,171.85,4859387.428,0.00025745,0.00025816333333333365,0.00019719857142857136,0.00020158766666666667,4.148459989368598e-05,7.293746022940923e-05,9.519068488072776e-05,-0.0860688164831877,0.9294530353665591,0.08506098035974345,0.8448499563867753,0.830783680810379,0.8003545050326861,63.1644777977024,72.10526315665915,56.33512647271523,170.44,149.2534,142.28885
2024-07-26,171.86,185.01,171.69,183.06,3030603.246,0.00016861,0.00021436666666666698,0.00019960857142857136,0.000197208,4.4480292583816815e-05,7.125765414288775e-05,9.351448770241917e-05,-1.4516469750406942,-0.3488478716550066,-0.5997013202491689,0.8608966253066223,0.8310450753033403,0.8092434285646822,64.13639131226111,74.44494281112105,62.20570715281002,172.68400000000003,149.5116,142.71475
2024-07-27,183.07,188.33,178.11,183.92,3518852.056,0.00016876,0.00019827333333333362,0.0002016221428571428,0.00019283333333333335,5.1248551475558376e-05,6.984532990588335e-05,9.158993791365675e-05,-0.9384634106629529,-0.319699615489641,-0.57705711539443,0.802428011207598,0.7136631291664766,0.8089036352144662,61.300919841372945,73.98401826365777,62.33604703655279,175.526,149.94,143.13755
2024-07-28,183.92,186.77,181.16,184.9,1901473.957,0.00028932000000000003,0.00020889666666666697,0.00021215071428571424,0.00019314633333333334,6.964869006910534e-05,7.124900446416186e-05,9.191332001961142e-05,1.2891518530174264,1.3359808060263378,0.4017899462068669,0.6917646200549887,0.6874461743538536,0.8089084881744909,50.57342657243631,72.48249215042893,61.16131288887511,178.094,150.4814,143.55205
2024-07-29,184.91,193.98,181.57,182.57,4024560.314,0.00023694000000000002,0.00023167333333333365,0.00022537928571428564,0.00019104433333333334,6.045230953686441e-05,5.436801115669111e-05,9.00883322373289e-05,0.2355019910344291,0.5433831194984136,-0.011486947476434521,0.6980031570130848,0.6968157727886412,0.8092889825951339,55.64789165777303,65.79054882075299,60.32796317509253,179.438,150.8904,143.96540000000002
2024-07-30,182.57,184.95,175.39,179.16,3074498.493,0.00027783,0.0002680300000000003,0.00023521357142857136,0.00019030533333333334,2.7530820819678776e-05,5.004575607252129e-05,8.925078026584403e-05,0.8570433687264437,1.09267874385986,0.3217786147774345,0.6200053698641333,0.709063710768284,0.8105603308717207,60.20646020505678,62.26190476075175,57.397703855397616,179.994,151.2926,144.40060000000003
2024-07-31,179.16,185.1,171.61,171.71,3250862.527,0.00019857999999999999,0.0002377833333333336,0.0002314814285714285,0.00018874133333333335,3.963173006998917e-05,5.07350973657928e-05,8.865936120786178e-05,-0.696759170812106,-0.09595142572493282,-0.29640527399214167,0.3762068179040187,0.7052287755100574,0.8177013019446419,40.21571648603542,60.400359295719745,59.405276947374716,178.716,151.7406,144.7799
2024-08-01,171.7,172.91,157.91,167.37,5523497.615,0.00029291,0.0002564400000000003,0.00023463571428571425,0.00019172666666666664,5.0672342505611335e-05,5.320397898129174e-05,9.065362633897668e-05,0.8342193601758079,1.1770482981760162,0.4888460463051059,0.33441017944140555,0.7189991752497186,0.8189592764312358,42.67495094735539,55.187778484057766,62.706631503340965,177.563,151.9836,145.1477
2024-08-02,167.37,169.43,150.0,152.77,5553017.934,0.00023639,0.00024262666666666696,0.0002354535714285714,0.00018960633333333333,4.7473247501515855e-05,5.313142638873033e-05,8.875793180948086e-05,-0.32423001335652074,0.28303375656275015,0.037917766908610276,0.6056036412682693,0.8354363594114206,0.8491186918767687,5.416544009308481,40.17299375232771,55.638408409291685,175.53699999999998,152.0932,145.43975
2024-08-03,152.78,154.05,140.0,142.52,5444954.693,0.00027875,0.0002693500000000003,0.00024630428571428565,0.000190949,2.9409141351035327e-05,4.396473318532773e-05,8.982089383056565e-05,0.562629804352258,0.8370429371117676,0.4250704171292159,0.5812757594735305,0.8742013154631161,0.8587673729635139,2.26014760143957,32.543248707643684,49.839520377039,171.983,152.0826,145.6643
2024-08-04,142.53,146.08,131.22,138.33,7037715.285,0.00011347,0.00020953666666666696,0.00023622142857142854,0.000197107,8.584984407873003e-05,5.63505544040121e-05,7.658048699134859e-05,-1.5342154936164971,-2.0011660798731508,-1.0318567755045238,0.5340312657367426,0.8069682057784988,0.860604667752128,0.0,21.963070942289264,52.11829523053682,168.63100000000003,151.93880000000001,145.84545
2024-08-05,138.32,139.37,110.0,129.78,24267557.819,5.917e-05,0.00015046333333333363,0.0002210871428571428,0.00019953833333333332,0.00011436880749726281,7.243433698907032e-05,7.05771097095833e-05,-1.3147478110376278,-2.498975385309071,-1.6148599699470547,0.5313879049029797,0.8389605758175208,0.8724414692964889,0.0,21.200750468695105,46.8317644820827,163.303,151.5084,146.02235000000002
2024-08-06,129.79,149.59,129.4,144.4,8362643.634,2.438e-05,6.567333333333362e-05,0.00020139999999999996,0.00019356699999999998,4.489963283091814e-05,8.559646918935188e-05,7.747026291492731e-05,-1.065227411607312,-2.3777252466250074,-1.9449146579731644,1.5149612808825899,0.9700445568015057,0.9081195344612694,22.84374999975016,34.77613527545799,50.86981903010839,159.35100000000003,151.531,146.27625
2024-08-07,144.4,155.0,142.21,144.77,8372307.587,-4.003999999999999e-05,1.4503333333333625e-05,0.00018303714285714283,0.00018744199999999999,5.033703833515103e-05,0.00010690605605483837,8.808472580754679e-05,-1.0533818426364006,-2.4657984532598727,-2.463982147660641,1.3712820097127685,0.9627819727681382,0.9056103452014242,26.335207308179307,31.375181827862548,50.815265033357015,155.33800000000002,151.6782,146.5357
2024-08-08,144.78,163.7,141.4,163.13,7303133.96,6.722999999999999e-05,1.719000000000029e-05,0.00016944999999999994,0.00018307566666666669,5.39952340028355e-05,0.00010879240548645841,9.07386284988651e-05,0.39204059797677165,-1.2211632401884793,-1.3094729799524916,1.5687773674966874,1.0668783588407469,0.9511276085402707,47.01155906353385,45.705279747202646,57.47734963344101,153.394,152.2284,146.8959
2024-08-09,163.12,163.54,150.72,156.28,4098735.233,7.365e-05,3.3613333333333624e-05,0.0001626671428571428,0.00017714833333333334,6.386637791790974e-05,0.00011176832896514956,9.191706449834528e-05,0.7819097925420067,-1.1041013055890216,-1.2018897829497268,1.6152384480587512,1.072917235611839,0.9558971245547403,52.77733818583724,36.21860848033443,54.51325533888249,151.106,152.683,147.25809999999998
2024-08-10,156.29,158.75,152.54,154.01,1885839.233,2.8099999999999992e-05,5.6326666666666955e-05,0.00015261999999999996,0.00017449433333333335,2.4654870276516306e-05,0.00011736073042281319,9.50857065936135e-05,-0.056513565724840946,-1.3755706858476966,-1.6029224311611046,1.4120902189153475,1.031233534593488,0.9435524111311742,60.40572360003107,34.82804098560659,53.252403716231896,149.33599999999998,153.0712,147.6064
2024-08-11,154.01,158.0,141.2,141.57,3468314.255,-2.6150000000000002e-05,2.5200000000000287e-05,0.0001300864285714285,0.00016912699999999998,4.996316137936491e-05,0.0001193634368419283,0.00010171313092037393,-0.8942769979776172,-1.642496913768138,-2.0434500958734425,1.459147438469285,1.077143925386038,0.9612897988473597,52.552789157945355,30.309915477211362,48.42105263087592,146.756,153.22879999999998,147.87040000000002
2024-08-12,141.56,150.79,141.2,146.29,4946945.239,9.659000000000001e-05,3.2846666666666956e-05,0.00012006142857142851,0.00016766100000000002,6.150752009594695e-05,0.00011553105042545647,0.00010245316987188602,1.0108371943883199,-0.4942850816552764,-0.8046369909771525,1.4939286400434897,1.0886048591417525,0.9563413323843316,63.84370283339442,33.864081123933374,46.47834274882895,146.108,153.5808,148.1673
2024-08-13,146.29,149.82,142.92,146.65,2865655.423,0.00013236,6.76000000000003e-05,0.00010967071428571423,0.00016734233333333333,8.313645466952395e-05,0.00010643354824011481,0.00010255081558777128,1.1590208315392652,-0.13179212678203306,-0.42817114782089005,0.8523240094300861,1.0771695066003886,0.9535665005849627,52.479612077656256,35.137606290123514,46.223711952590016,146.52100000000002,153.86720000000003,148.43914999999998
2024-08-14,146.65,152.18,142.36,143.71,3927148.647,3.455e-05,8.783333333333364e-05,9.795428571428566e-05,0.00016676933333333334,4.948947795592389e-05,0.0001049108476215554,0.0001032645544561512,-0.29852633939869155,-0.9319443271195365,-1.3587802457004845,0.8213580881294038,1.0721127862886226,0.9539710317403541,48.89445139686637,36.64886515304875,46.77498769007621,147.059,154.0098,148.68630000000002
2024-08-15,143.7,147.64,137.78,142.58,4229038.816,2.2269999999999995e-05,6.30600000000003e-05,7.862285714285709e-05,0.00016284,6.032882474421405e-05,9.01154132106371e-05,0.00010650429109327134,-0.47262568457933657,-0.9551591458963852,-1.4254620403744365,0.8249682808349817,1.0220748282247005,0.9490590545842202,16.541843047490133,37.806197736813296,45.38290787942802,148.339,154.1252,148.9193
2024-08-16,142.58,144.88,136.1,139.04,4035320.605,-7.427e-05,-5.816666666666383e-06,5.643285714285709e-05,0.00015200333333333335,5.959944402723679e-05,8.645249877405411e-05,0.00011354896684626836,-1.4711454341065895,-1.5959403925240971,-2.2362131248974837,0.4399501450203466,1.020383694124468,0.9415393110981433,18.540145984927833,42.421900871405334,41.34499223312566,147.803,153.9118,149.1061
2024-08-17,139.04,141.99,137.61,141.93,1561594.103,1.8000000000000082e-07,-1.7273333333333048e-05,3.653499999999994e-05,0.00014371766666666666,5.058119243707533e-05,5.906904365616356e-05,0.00011530147996086291,-0.3073773683062055,-0.8852557074300813,-1.4931752905489293,0.3510718481076317,1.02798181040492,0.9371817611224201,28.443968593150984,49.64556049417873,40.80696661762405,147.51899999999998,153.9498,149.30875
2024-08-18,141.92,147.31,140.56,142.42,2352046.743,-0.00011853,-6.420666666666639e-05,1.9963571428571363e-05,0.00013226866666666667,5.999140795446778e-05,6.773282553324923e-05,0.00012370472217505124,-1.3785494091116752,-1.6871193323963782,-2.422981933893592,0.3533525862359641,1.0304512740379215,0.9365792548839568,52.644679524775874,52.57135671980886,37.00339820757732,145.448,153.99259999999998,149.53605
2024-08-19,142.42,146.19,140.33,144.29,2940357.953,6.788000000000001e-05,-1.6823333333333047e-05,2.0585714285714225e-05,0.00013030333333333334,9.436104613852276e-05,6.815930701884376e-05,0.00012426104950296783,1.176359390163327,-0.04951371791779993,-0.771050844092812,0.34394724586049213,1.0356212327305174,0.9361622620227013,42.43570347732944,59.958819490954795,39.05647252191641,144.249,153.94619999999998,149.76845
2024-08-20,144.28,148.83,141.0,142.27,3021467.596,-2.9280000000000004e-05,-2.664333333333305e-05,1.675285714285708e-05,0.00012083966666666668,9.32329664247418e-05,6.942650041347792e-05,0.00012527298948128836,0.021397138526070218,-0.8364939077188287,-1.5843539202600962,0.36188453866151044,1.0260122436495556,0.9367765086812206,35.28225806285636,48.23236514410747,40.031112262690655,143.075,153.8582,149.9769
2024-08-21,142.27,144.42,138.7,142.79,2519581.859,2.0120000000000004e-05,1.957333333333362e-05,2.1049999999999936e-05,0.00011247533333333333,4.858230674179793e-05,6.74752942763839e-05,0.00012325873820374342,0.462380229927034,-0.29760929973591876,-1.1232740252305313,0.24830719836739978,1.024750240648436,0.9365988663890071,46.308186193225,48.36092715119692,38.22527876005187,143.19699999999997,153.6334,150.20105
2024-08-22,142.78,144.88,140.63,143.22,1825402.718,0.00010391,3.158333333333362e-05,2.366999999999994e-05,0.000105939,6.733089950649252e-05,7.006863941873201e-05,0.00011806119606711311,1.0919344351780316,0.7305775800266566,-0.3930061781867776,0.18786844237921385,0.9541888403661073,0.9314247714212023,52.72108843223594,26.559924651820495,40.058337383761625,142.89,153.681,150.4397
2024-08-23,143.23,154.08,142.68,153.26,3781090.162,3.958e-05,5.4536666666666954e-05,2.1236428571428513e-05,0.00010002366666666667,4.385165251563457e-05,6.877902235606459e-05,0.00011674098711630487,-0.017188574422291835,0.1526603518110546,-0.9222017292577737,0.5969864762318711,0.9512807062320522,0.9434486749580286,88.93756845223139,46.6929478741706,39.567287493972906,143.551,154.18900000000002,150.7277
2024-08-24,153.27,162.3,151.97,160.67,3739086.949,0.00015379,9.909333333333361e-05,3.021428571428565e-05,9.656833333333334e-05,5.725715001944452e-05,7.740607943365271e-05,0.00011340724182219068,1.3374303465275343,1.8037883340683658,0.04043215937446121,0.6568822978083572,0.9561376670569275,0.9472105576491834,91.13257242915753,56.55511810867761,42.21731271260489,145.247,154.71599999999998,151.04665
2024-08-25,160.67,162.0,155.25,158.92,2629083.703,0.00018425,0.00012587333333333362,4.524285714285708e-05,9.708966666666666e-05,7.626832519694858e-05,8.561100390972957e-05,0.00011378515625174523,1.185527644833709,1.9335613706834958,0.3227668696124921,0.6416929213879737,0.9057714940895755,0.9478075122436994,84.31780365811059,71.62802293442336,41.34807512910766,146.881,155.0334,151.33555
2024-08-26,158.92,162.0,155.53,157.12,3318398.041,0.00013102,0.00015635333333333362,4.7702142857142794e-05,9.583166666666667e-05,2.6707418975737724e-05,8.766925951271998e-05,0.0001131724265238801,0.1547885039777825,1.1192251831456959,-0.11760641357205892,0.6921135484459532,0.7978592594493901,0.9224889026800005,76.76261993935205,64.56036568727122,41.494552502398335,148.689,155.543,151.60735
2024-08-27,157.12,159.69,145.03,146.79,3650375.766,0.00020311,0.00017279333333333364,5.275571428571422e-05,9.2958e-05,3.738560456037281e-05,9.46831952162883e-05,0.00010911163414960516,0.952595532803349,1.7696506066158293,0.5359227839530941,1.0276540805260659,0.8555479993165817,0.9230210310270549,57.00123915613688,50.14843087213299,39.66012904803521,149.175,155.68259999999998,151.8066
2024-08-28,146.78,149.3,140.53,143.95,4270867.034,2.692e-05,0.0001203500000000003,5.221071428571423e-05,8.595733333333334e-05,8.857830261985443e-05,9.481791241141133e-05,0.00010625522844803632,-1.6379164642785096,-0.3180077847963076,-1.0041161375107275,0.7819187685109158,0.6712481612015572,0.9243753998816253,51.676300576989206,50.2549936236643,40.86361242684032,149.328,155.7332,151.9813
2024-08-29,143.96,147.36,138.05,140.0,2921816.829,-0.00020072999999999998,9.766666666666959e-06,3.62821428571428e-05,7.000533333333334e-05,0.00020246571074716515,0.00011648907569302966,0.00011221216839845073,-1.6285871645711019,-2.3849400742348257,-2.8181010767612897,0.45186955647628746,0.6584054399202376,0.9203573119916416,45.776495277228655,47.41379310211749,40.96878505830718,148.899,155.6936,152.144
2024-08-30,140.01,141.11,132.04,137.99,4038797.169,-6.466e-05,-7.94899999999997e-05,3.696857142857137e-05,6.123066666666668e-05,0.00011454727100645821,0.00011581387759322727,0.00011210355668229338,-0.5252393957298321,-0.96420646439722,-1.592778553665217,0.4409752543313045,0.658360406879276,0.920970154891795,24.626121634521823,48.91416752702215,44.68115733320061,148.471,155.7388,152.27575000000002
2024-08-31,137.99,139.23,134.49,135.35,1230210.745,5.139999999999995e-06,-8.674999999999971e-05,3.7322857142857084e-05,5.163833333333334e-05,0.0001046976136071278,0.00011570021171299461,0.0001035839620847019,0.07613832510541187,-0.30719368640072653,-0.9744064074395812,0.41793222819736164,0.5603434361115344,0.9134134493923322,0.0,43.16008315882692,47.270235284151696,147.727,155.6566,152.3901
2024-09-01,135.35,136.15,127.66,128.5,2928444.741,-6.467e-05,-4.139666666666637e-05,4.116999999999994e-05,4.1603e-05,4.030193578921408e-05,0.00011091584806991793,9.957369328657115e-05,-0.056994109256046435,-0.8960661751413035,-1.5066311255319567,0.285560202933488,0.5752631277973891,0.8957045669836121,0.0,37.21997796452244,46.33181580618159,146.255,155.3886,152.44775
2024-09-02,128.5,135.39,126.8,134.94,3146315.554,-9.461e-05,-5.1379999999999715e-05,2.9563571428571373e-05,2.9157666666666667e-05,5.118577629601045e-05,0.00011627787848059621,9.195227089389471e-05,-0.14291692832174474,-1.0697709135147022,-1.683520563995287,0.7154469548278093,0.6214878628811523,0.8716724973602265,18.368511123421044,42.080298152483266,51.956323929743114,144.423,155.1342,152.55495000000002
2024-09-03,134.95,138.13,127.15,127.54,2627381.925,5.14999999999999e-06,-5.137666666666638e-05,3.2022857142857084e-05,2.5547e-05,5.119129738889764e-05,0.00011529756441340194,9.064483070015151e-05,1.0548273904307846,-0.10212684075281506,-0.8846080471345441,0.8057084450759607,0.6576037750718605,0.874348525101684,20.04357298431279,38.56544014820692,43.237606288135204,141.10999999999999,154.4974,152.641
2024-09-04,127.54,134.98,122.6,133.64,3814059.109,0.00011165,7.396666666666952e-06,3.8560714285714225e-05,2.7296333333333335e-05,0.00010314835203896808,0.00011715087657925958,9.18149357006615e-05,1.4954308997960413,0.8558527981736774,-0.014864238863463044,0.9844274891135277,0.6948635505862232,0.8679042759280028,35.43373834346413,43.46335190654594,45.73203466425301,138.582,153.95780000000002,152.7646
2024-09-05,133.64,135.58,127.85,129.41,2762037.052,0.00013304000000000001,8.328000000000029e-05,4.0641428571428515e-05,3.091833333333334e-05,6.850259626478999e-05,0.00011864992384234553,9.38173466854394e-05,1.1257029199053488,0.9555708029211981,0.17574239937490638,1.005691467543521,0.6997464944332634,0.8469710883870807,35.15559293454977,40.642363463112886,35.49802167469986,135.81099999999998,153.436,152.85045
2024-09-06,129.4,134.29,120.0,125.05,5494252.37,8.401e-05,0.00010956666666666697,4.381499999999994e-05,3.505333333333333e-05,2.4581302413592914e-05,0.00011921220966762732,9.33144174993011e-05,0.38791520491100145,0.45717182000844214,-0.23019992481420753,0.946419438837844,0.7025863515829422,0.8372234660959483,32.982640714805655,29.290853031258138,36.27494066887957,133.637,152.7526,152.91805
2024-09-07,125.05,129.5,124.13,127.71,2111596.965,-3.943e-05,5.920666666666696e-05,3.0013571428571367e-05,3.1498e-05,8.887001309976077e-05,0.00011665817242344861,9.407499797888976e-05,-1.3418182244573968,-0.7600599655958398,-1.2294590103935528,0.8222536143725467,0.7112624832417556,0.8385011939303213,39.95793901083147,23.989898989368896,38.481079186161985,132.01299999999998,151.9242,153.01505
2024-09-08,127.72,131.7,126.61,130.15,1971919.866,0.00020824,8.427333333333363e-05,3.17271428571428e-05,3.5984333333333334e-05,0.00012383520997014574,0.0001192454981816322,9.922287346724013e-05,1.203645656599347,1.481934866591063,0.8574468717546986,0.6829157918467904,0.7146359466506155,0.8399376278115533,52.45316681425165,27.54098360595539,44.518049153949214,131.028,151.0552,153.14065
2024-09-09,130.15,137.09,126.96,135.08,3664956.878,-6.392e-05,3.496333333333362e-05,1.780285714285708e-05,3.2917000000000003e-05,0.00015056075992220936,0.0001181355997525446,0.00010088344880605528,-1.1142288532074378,-0.9721688341989492,-1.3899055707264334,0.6314511241853126,0.7355782818401052,0.8380256470859296,50.21793275108494,33.5963084244264,44.629682857861816,130.737,150.067,153.30724999999998
2024-09-10,135.07,138.0,132.5,135.63,2305171.22,0.00010264,8.23200000000003e-05,1.0626428571428513e-05,3.7210000000000005e-05,0.00013721313054885408,0.00010868650999419215,0.0001010234059286153,0.39808569320857834,0.48717906126243327,-0.004384698997970961,0.5174105467255001,0.7356480662069173,0.8353231376454014,66.00712306900652,40.27874564361689,44.73029839206919,130.76500000000001,149.20159999999998,153.48590000000002
2024-09-11,135.64,135.91,128.2,132.42,3139383.418,-0.00010470999999999999,-2.199666666666637e-05,1.2242857142856573e-06,3.05e-05,0.00010984844117399535,0.00011278476920248735,0.00010359581718641546,-0.9579969313175599,-1.2296207991591859,-1.651876243068803,0.43960959037320707,0.7407178853700888,0.8360859671665754,47.27435209861072,40.02077202603376,44.61509109868431,131.157,148.3894,153.62795
2024-09-12,132.43,136.78,132.38,136.05,2273359.309,-2.35e-05,-8.523333333333039e-06,1.388357142857137e-05,2.530466666666667e-05,0.000104483161458466,9.72496413722195e-05,0.00010221031437319974,-0.36592991784229206,-0.4981953569980662,-0.9644450222541652,0.4542899774785628,0.6832288599172546,0.8328092724043306,65.24334251397292,46.562228023234354,46.957980060267566,131.268,147.5492,153.79085
2024-09-13,136.06,139.8,131.7,139.02,2714532.025,6.192e-05,-2.2096666666666373e-05,2.2924999999999944e-05,2.6217e-05,8.33238634987404e-05,9.524920655429663e-05,0.00010241762685826996,0.7809268729079479,0.280800718870527,-0.2783984872731076,0.45820995915051466,0.6530229770866293,0.8118692596069317,84.25698871706817,50.881698338105906,49.99063319464244,132.416,146.89260000000002,153.93645
2024-09-14,139.02,139.8,135.6,137.14,1396833.298,3.642e-05,2.4946666666666957e-05,2.5159285714285656e-05,2.6688666666666667e-05,4.385056588407712e-05,9.516676370486817e-05,0.00010243140459364476,0.2703873924131395,0.12794688374520224,-0.46942161103467384,0.41938538968405886,0.6534131376755024,0.8119468808399789,74.04385517328748,51.55247181141068,47.73522458502449,132.766,145.9742,154.08035
2024-09-15,137.15,137.95,130.43,131.37,1850456.74,2.786e-05,4.206666666666696e-05,3.1768571428571377e-05,3.0093000000000005e-05,1.7718197660956388e-05,9.159429943688038e-05,0.00010064184052218851,0.4277999244568343,0.09913216509768308,-0.514270190348022,0.5732116457806408,0.6708546658329544,0.8147631999152825,52.65911072201999,52.53668021789728,45.023867422083526,132.96200000000002,144.9232,154.14205
2024-09-16,131.38,132.4,128.91,131.47,2136388.305,3.838000000000001e-05,3.422000000000029e-05,4.126785714285708e-05,3.136633333333334e-05,5.5944253520693676e-06,8.406616516201474e-05,0.0001004918708864968,0.3220680498352371,0.30573860607968917,-0.40534493761446305,0.5421393935697927,0.6166955613511547,0.8121178604437709,40.03313086537694,46.54588890971204,44.13326011235975,133.60399999999998,143.8546,154.171
2024-09-17,131.47,135.55,130.12,131.54,2339845.911,0.00014359,6.994333333333362e-05,5.115642857142851e-05,4.010366666666666e-05,6.399641574612583e-05,8.756048859165717e-05,9.838258854117162e-05,1.7241627055918123,1.2868597152793686,0.47768113252791805,0.4554222928773458,0.613880323984811,0.7963978831304673,38.400453770454895,54.6620046602208,45.000465938626384,133.98700000000002,142.834,154.18155000000002
2024-09-18,131.54,134.45,127.07,134.34,3309787.258,-1.599e-05,5.532666666666695e-05,4.203928571428566e-05,3.7308e-05,8.112851673950345e-05,8.742221495652166e-05,9.875699543919108e-05,-1.0543586277282366,-0.4661589335863063,-0.826354631882272,0.4524120152252716,0.6137353512767639,0.7953121471907605,55.57491288972696,50.88383838203948,46.14472123251022,134.406,141.93759999999997,154.20315
2024-09-19,134.34,144.04,134.27,142.89,4130435.35,0.00016668,9.80933333333336e-05,4.44421428571428e-05,4.3839999999999994e-05,9.947131359517288e-05,9.052314333303544e-05,0.00010066306418068841,1.198303349226465,1.4632066424646613,0.7076657234426994,0.7250974217746773,0.6680233601896758,0.7957503151597615,65.44715446947544,65.34608378662375,49.85982499244238,135.187,141.3612,154.2668
2024-09-20,142.88,152.5,141.18,146.66,4488100.615,0.00030000000000000003,0.0001502300000000003,5.986999999999994e-05,5.316933333333333e-05,0.00015863597289080634,0.0001133203944540561,0.00011084358902397869,1.415333547468878,2.3373196407680052,1.809610329908072,0.47813599736613677,0.668653959301315,0.7963781352773529,66.65213600494084,74.93653357708489,47.038765253663776,136.29,140.947,154.33375
2024-09-21,146.67,150.25,144.61,149.41,1916733.216,0.00024074,0.00023580666666666696,7.98821428571428e-05,5.773033333333333e-05,6.679677333779399e-05,0.00011903015720836018,0.00011571170979306263,0.6167752111134982,1.5739078391041792,1.3417753079588817,0.42739077591358354,0.6215026901817232,0.7945550099789992,75.76648466807916,74.98848456690502,44.72747705445555,137.989,140.8798,154.45425
2024-09-22,149.42,149.92,141.12,144.63,2165962.888,0.00019566,0.000245466666666667,7.898357142857137e-05,6.2933e-05,5.233034424060311e-05,0.00011802991371529656,0.0001183463531549369,0.1529484904370892,1.0677888039420569,0.9672561573400397,0.6430216498183853,0.6146955793966258,0.7940661933050899,79.0534618731228,65.82167831966453,43.49330661941734,138.84699999999998,140.922,154.52345
2024-09-23,144.64,149.07,142.13,144.79,3226373.773,-1.4680000000000002e-05,0.00014057333333333363,8.250071428571422e-05,5.7317333333333334e-05,0.00013632956292875944,0.00011411264228578064,0.00011788255871165318,-1.6200367603533976,-0.8654703030314577,-0.7872235174878499,0.6595015504355608,0.5531079118129609,0.7900533601464022,79.10839160597132,61.84435227893186,44.30063788366421,139.424,141.0512,154.5283
2024-09-24,144.79,154.0,143.09,152.73,4015502.931,0.00012304,0.00010134000000000029,8.395785714285708e-05,5.5277e-05,0.000106835838532843,0.0001145191128910568,0.0001161264634735172,-0.37842249869608174,0.3950632618069597,0.4041920900615482,0.6075371465584071,0.5631015931216006,0.7853385940252751,84.45528455092297,67.6725919781988,52.80771412225504,140.983,141.5102,154.56799999999998
2024-09-25,152.74,153.93,147.28,147.98,2728253.346,0.00025783,0.00012206333333333363,0.00010985357142857138,5.9504000000000005e-05,0.00013625762521175737,0.00010945244253918703,0.00012117670197393527,0.8770053115723566,1.4853895197242304,1.5308280281155295,0.6912162845588544,0.5623518228901345,0.788229162369356,70.85626911163303,65.58493589559657,51.87111152246969,142.64399999999998,141.5818,154.58644999999999
2024-09-26,147.97,158.05,146.57,155.55,4251220.763,0.00020313000000000002,0.00019466666666666696,0.00012604142857142853,5.950466666666667e-05,6.779238178691758e-05,0.00010487595103128756,0.00012117751933363978,0.4761467934789427,0.9366934036817346,1.0980347108332233,0.8032912313951129,0.5594705848700436,0.7989508174827544,69.95586380677905,68.1024879299045,56.98499685419498,145.052,141.7974,154.64225
2024-09-27,155.54,161.43,153.89,157.64,3725660.998,0.00020981,0.0002235900000000003,0.00013660499999999996,6.5601e-05,2.98402210951603e-05,0.00010536745802552573,0.00012404819959875978,0.5049837986550542,0.8990725208906087,1.1656781442753772,0.6776838747516006,0.5577549811721627,0.7995545138663672,68.27563248842233,67.5726689298867,58.820360892677094,147.66199999999998,141.6876,154.68630000000002
2024-09-28,157.63,159.43,155.0,156.75,1580834.341,0.000298,0.00023698000000000027,0.00015528928571428564,8.222533333333334e-05,5.295031534379385e-05,0.00010935256744295134,0.00012049277539707184,1.2110710176724155,1.5388871823959354,1.9192588133746054,0.6946290462043199,0.5605266278180018,0.7985411717282094,63.02342086429681,68.85939603584532,59.759211964909476,149.903,141.697,154.7148
2024-09-29,156.75,161.78,155.09,158.46,2350658.476,0.00029314,0.0002669833333333336,0.0001742378571428571,9.4152e-05,4.957315229374333e-05,0.00010855403178765003,0.0001231314258462689,0.9106022077859006,1.359696125486267,1.826939003414261,0.5686619880241135,0.5464767276121932,0.7927249177470777,77.53882914957084,78.25996244294673,64.33492822794128,151.45999999999998,141.786,154.6876
2024-09-30,158.47,159.77,151.73,152.49,3240682.206,0.00030000000000000003,0.00029704666666666694,0.00019292499999999996,0.00010398066666666667,3.527963766365715e-06,0.0001058524155968285,0.0001274729552390311,0.7877815444786931,1.274945128482603,1.8805568959320167,0.6125130270825213,0.5813280206140519,0.7957721350020915,62.45148770880611,69.53531598332066,58.43506680607885,152.043,142.0044,154.5668
2024-10-01,152.51,157.34,142.29,145.13,4991241.419,0.00030000000000000003,0.00029771333333333366,0.00020409714285714282,0.00011613633333333333,3.9606222158579584e-06,0.00010846666239895722,0.00012822111826622413,0.5021118363503942,1.1962282323134255,1.8447281891460796,0.5477815172053311,0.6156714800996288,0.7729663378307194,37.47528015734237,61.122933375584026,58.45754399304085,151.615,141.9812,154.37269999999998
2024-10-02,145.12,148.96,138.61,140.18,3817606.119,0.00018318000000000002,0.0002610600000000003,0.00021832357142857138,0.000125396,6.744605840970775e-05,8.862666629064561e-05,0.00012237415680201554,-1.7858366333591118,0.14095477297595385,0.899106139339111,0.479542574992351,0.6287650288341184,0.7585051979928142,37.229862474588735,54.61733080207995,53.179696614654794,151.17,141.8518,154.16334999999998
2024-10-03,140.18,142.96,133.11,136.82,3742347.845,4.864e-05,0.00017727333333333363,0.0002098921428571428,0.00012684566666666666,0.0001257840567335316,9.893320506032234e-05,0.00012115207461951893,-1.5973747095507467,-1.0510241617277094,-0.23403027747039612,0.4412953764532887,0.6311167902587944,0.7572837523735487,14.432206608047693,44.77174849159896,53.633421593113916,150.373,141.714,153.83814999999998
2024-10-04,136.81,144.55,135.95,143.24,3120151.953,-6.999999999999998e-06,7.49400000000003e-05,0.00018796357142857137,0.00012289066666666668,9.777972998028461e-05,0.00011074288729072369,0.00012357762097980063,-1.216612080880036,-1.4866752687127989,-0.6944245730592752,0.7261249902194026,0.6584577371047045,0.7485403818763948,26.516634050275286,47.18286655574868,58.742670381962135,149.42399999999998,141.72719999999998,153.57475
2024-10-05,143.24,144.93,141.06,142.59,1475217.816,0.00015769,6.644333333333362e-05,0.00018203142857142851,0.00012371233333333332,8.377599911878837e-05,0.00010991965784899354,0.00012372928657770264,0.1764418468628035,-0.12085626350466304,0.6782605702463973,0.7059988381209881,0.6275642113980822,0.7006675016315704,26.72583826368485,44.18088737095814,57.29268770672006,148.88500000000002,141.7982,153.4386
2024-10-06,142.59,146.75,142.0,146.48,1409071.4,0.00023507,0.00012858666666666697,0.00018484642857142852,0.00012874766666666666,0.0001236314047010198,0.00011079666695601844,0.00012512376928380117,1.1180476108713662,0.5052505868254666,1.284938468440958,0.6495388508440069,0.6347974662568379,0.7038312014428807,31.625766870486544,51.602841793930956,57.8911761847676,147.978,141.8892,153.21215
2024-10-07,146.47,152.4,143.5,143.96,3607754.951,0.00012059,0.00017111666666666696,0.0001945085714285714,0.00013408166666666667,5.840910997733721e-05,9.711128159183654e-05,0.00012105171947300925,0.10183876646047804,-0.5495215004901011,0.316872306711216,0.572829761144974,0.6419928268989242,0.6383152671884949,35.36878216038565,49.30913933629046,54.39342964424795,146.61,141.92,153.03465
2024-10-08,143.97,145.6,141.17,143.49,2153828.153,7.49e-05,0.00014352000000000028,0.00019106999999999994,0.000129637,8.251027751142925e-05,0.00010062525068860822,0.00012068231368393525,-0.4568996181087293,-1.0866075935155999,-0.06631460214252428,0.4969628595431581,0.6383465909486934,0.6300695134598071,46.31626235254175,41.2167300369258,53.89185977271839,145.28400000000002,141.90400000000002,152.87605
2024-10-09,143.5,145.34,138.66,139.33,2071518.061,7.171e-05,8.906666666666696e-05,0.0001777757142857142,0.000134158,2.7346561545280397e-05,0.00010338364456749149,0.00011561536201726665,-0.8908868272560189,-1.0394581380782675,-0.0993209590531162,0.40180829113653393,0.5954305913584416,0.6330362170347229,48.02049371059086,41.68429148128519,53.389581083591786,143.371,141.8452,152.70945
2024-10-10,139.33,140.92,135.52,139.03,2289782.907,0.00011441000000000001,8.700666666666695e-05,0.0001714385714285714,0.00013455033333333334,2.3785521401683375e-05,0.0001044238611699446,0.00011552465440908122,-0.1346092813638422,-0.5550334064116685,0.2412284190831644,0.40286331938920655,0.5826390690342331,0.5982312060117719,56.00217273008142,31.53777380321516,51.51115618514979,142.025,141.77,152.4852
2024-10-11,139.04,146.62,138.68,145.53,2269088.918,-5.5e-05,4.3706666666666964e-05,0.0001525235714285714,0.00013620733333333333,8.810832553370113e-05,0.00011979136835198087,0.00011228563942383911,-1.6982263180955073,-1.8967171699190961,-1.1563436825136268,0.545526721594822,0.6123913217036617,0.6034678093641233,56.19253650409221,37.68056968356558,53.18711446050206,142.065,141.81619999999998,152.2679
2024-10-12,145.52,147.32,144.71,146.4,1347679.548,-1.0650000000000008e-05,1.6253333333333624e-05,0.0001304771428571428,0.00013663566666666666,8.785089087968528e-05,0.00011935958215396767,0.00011167826630067223,-0.7148784616559477,-1.337609419801271,-0.7630026354778793,0.5186322417276193,0.596588685223167,0.6036209903974513,60.18172100255868,39.466720943308516,54.57871835291911,142.687,141.679,152.0476
2024-10-13,146.39,148.86,144.45,147.74,1599054.833,0.00011854,1.7630000000000287e-05,0.00011800571428571423,0.00013852300000000002,9.016014471495125e-05,0.00010979456583608616,0.00011084739140338559,0.9131634042702877,-0.3013512622735529,0.30137231201963166,0.5149617340564941,0.5976961957825472,0.6018771743246206,53.898514849150494,39.0073830997824,58.46519805394868,143.77900000000002,141.4204,151.85465
2024-10-14,147.74,158.1,146.8,157.59,3987055.145,0.00016166,8.98500000000003e-05,0.00010812428571428566,0.00014269766666666667,8.966616471677834e-05,9.771614571445477e-05,0.00010921580095259562,1.0281337340015424,0.07138793210643855,0.6404106008347096,0.5523537338586316,0.6180305411887964,0.6218422170022817,79.01234567665776,54.84422492255352,62.269823373033105,145.214,141.3938,151.69445
2024-10-15,157.59,159.73,150.3,154.76,4480025.111,0.00030000000000000003,0.00019340000000000034,0.00010812428571428566,0.000151769,9.480244508982846e-05,9.771614571445477e-05,0.00011064112627632651,1.3903117203624773,1.2773803953934613,1.7207490317697183,0.6338371263291697,0.6067196118415151,0.6202086740935254,71.79883945646961,60.00831427802927,60.63186813031347,146.43099999999998,141.3466,151.50820000000002
2024-10-16,154.76,158.41,153.0,154.28,2851816.35,0.00018935,0.00021700333333333363,0.00010856499999999993,0.00015680133333333335,7.31984906151882e-05,9.80938812252732e-05,0.00010872265264769581,0.33280473951434547,0.30339186065585905,0.7837069820530366,0.599644468722083,0.5677515056959259,0.6185187836344189,83.71673432302197,66.15490375589786,59.32821856131999,147.21099999999998,141.49640000000002,151.3086
2024-10-17,154.28,155.73,147.66,150.5,2664809.948,0.00024484,0.00024473000000000035,0.00012257928571428567,0.00016017633333333334,5.532508197017629e-05,0.00010277742609181118,0.00010986392673224178,0.5905748503705027,0.7728644668872309,1.2075897555678492,0.6788030223198508,0.5733599799119826,0.6218541363179055,72.35867446196292,65.52428506373732,53.72637351728105,147.86499999999998,141.6274,151.04885000000002
2024-10-18,150.5,156.65,149.56,154.94,1829394.118,0.00020941,0.00021453333333333363,0.0001380371428571428,0.00016768966666666667,2.8097534203946607e-05,9.795019844312024e-05,0.0001050005354853004,-0.21739963294936837,0.5191185051929705,0.8867112774581878,0.709180287915271,0.5884721431364499,0.6250365069939768,69.94489190127335,63.902091252626825,54.028021014289955,149.01,141.9262,150.86235
2024-10-19,154.93,159.85,153.45,159.79,1724504.166,0.00016452,0.00020625666666666698,0.00013852499999999994,0.0001676176666666667,4.025274187359748e-05,9.80725448681473e-05,0.0001050019922559428,-1.0821800768386383,0.17624450582055257,0.49168002503765484,0.4973077525858902,0.6019559178129508,0.628052963643193,74.2836416375771,68.5825410523765,54.94851258434538,151.05599999999998,142.3622,150.75365
2024-10-20,159.79,167.94,157.58,167.4,3094698.825,0.00021913,0.00019768666666666697,0.0001373864285714285,0.000164922,2.9131433681557862e-05,9.695161081349992e-05,0.00010249433503220592,0.4503253262804305,0.7728089352089397,0.9180062610828623,0.5530734467554195,0.6060620408305522,0.6376074008118504,79.04846335533882,70.91999999801425,60.57004920462728,153.893,143.00320000000002,150.6654
2024-10-21,167.4,171.76,160.99,166.17,4807758.742,0.00030000000000000003,0.00022788333333333363,0.00015020142857142852,0.00016689733333333332,6.816284345844967e-05,0.00010599597501840112,0.00010455623984146538,1.4538868911043232,1.5836113896604154,1.5331260623167575,0.5673374343085574,0.5586576988453359,0.6380854461684808,67.01030927649055,72.79819338735538,59.82717411134844,155.95700000000002,143.7566,150.57625
2024-10-22,166.16,170.99,162.99,167.59,4115685.502,0.00030000000000000003,0.0002730433333333337,0.00016627999999999993,0.0001703753333333333,4.669031621587376e-05,0.00011066474936974494,0.00010724679012378417,1.02801084002123,1.441395271508902,1.473855119326888,0.402236684798013,0.5266145612723282,0.6169728232892193,76.94246114851491,74.26500201159942,57.26579307490374,158.076,144.40959999999998,150.54235
2024-10-23,167.6,174.3,164.13,170.85,4509792.292,0.00030000000000000003,0.00030000000000000003,0.0001825864285714285,0.00018086466666666668,0.0,0.00011246260462630282,0.00010385843152460754,0.6942486132173759,1.2917452209695222,1.4295210466745216,0.3940541304874348,0.5063521556168001,0.6079425008975216,81.15833019718644,82.32157505916217,61.347623298880876,160.387,145.2758,150.5032
2024-10-24,170.86,179.3,170.5,177.19,3893052.12,0.00030000000000000003,0.00030000000000000003,0.0001958428571428571,0.00018676333333333338,0.0,0.00011472359675310657,0.00010547370119735468,0.447089974612035,1.1857184808940904,1.3935901597164073,0.41125350023817003,0.4954154799532902,0.6133787591433688,95.78044596682511,84.81751824600828,60.87000200753027,162.347,146.14679999999998,150.49155000000002
2024-10-25,177.19,177.6,159.12,164.9,5718307.066,0.00023160000000000002,0.00027720000000000034,0.00021631428571428565,0.00018588899999999998,3.949075834932384e-05,8.926575290098818e-05,0.0001049717974418696,-1.7882697787969102,0.4944168472828178,0.8427918973695375,0.7962165934800235,0.6061871787917008,0.6390443238558364,63.45945945825888,65.98448588723588,53.3078184786836,163.36100000000002,146.8566,150.41264999999999
2024-10-26,164.91,173.25,162.43,170.88,3010702.796,0.00021117,0.00024759000000000033,0.0002321585714285714,0.000186157,4.652367456474766e-05,6.113539045638721e-05,0.00010502758121283324,-1.3140119488458655,0.31344139291804873,0.6831753477439452,0.8571257374092425,0.6127143557003624,0.6208671389030401,64.54235509978548,68.63013698483891,56.152573367959356,165.02100000000002,147.7732,150.40494999999999
2024-10-27,170.87,178.27,170.26,176.63,2606131.771,0.00013117,0.00019131333333333365,0.0002330607142857142,0.00018353566666666667,5.30778826663556e-05,5.9398319895135124e-05,0.00010539759791704288,-1.4721858746549044,-0.4558952822852294,0.0512969801580606,0.8898823874213928,0.6109818515994783,0.6228610409821084,62.72401433570699,70.60333761091363,57.64280306081096,167.63400000000001,148.7516,150.42155
2024-10-28,176.63,179.8,172.45,178.29,3877330.221,0.00020988000000000002,0.00018407333333333366,0.00023650499999999995,0.00018059833333333331,4.5820170540318445e-05,5.625442569932068e-05,0.00010330471468925056,-0.11410832247798264,0.23859434208422892,0.6440376662032484,0.8849971403189548,0.6079976812173113,0.6180589945420762,66.51226157911285,66.71511627756135,61.2604748588379,169.969,149.7144,150.45115
2024-10-29,178.28,183.38,176.41,179.42,4046109.939,0.00030000000000000003,0.00021368333333333367,0.00023650499999999995,0.00018082700000000002,8.447923548625432e-05,5.625442569932068e-05,0.00010356967017875216,1.3797095191425166,1.0180414284861723,1.3432448626292444,0.8342785116383876,0.5810899553877575,0.616335641760894,66.24553693912738,70.47492527235694,65.8266408180161,171.932,150.6012,150.58245
2024-10-30,179.43,181.36,173.01,174.87,2893112.751,0.00030000000000000003,0.00026996000000000035,0.0002444085714285714,0.00018082700000000002,5.203080621137006e-05,5.68890797695312e-05,0.00010356967017875216,0.9756189070672008,0.9214426857170036,1.2970461700193405,0.474006088862362,0.6009584387923259,0.6180482243455684,55.33156498571004,66.01337688454785,66.07060131395352,172.679,151.386,150.76445
2024-10-31,174.87,176.56,167.56,168.69,2661529.298,0.00030000000000000003,0.00030000000000000003,0.00024834857142857136,0.00018082700000000002,0.0,5.8799310933503565e-05,0.00010356967017875216,0.6797393146462851,0.9157589135337282,1.2617860820975912,0.5356068550439285,0.6127726857379512,0.610276051452105,38.67874267375931,63.637726794285605,64.38826184938793,172.93099999999998,152.1114,150.85165
2024-11-01,168.69,174.0,163.43,166.1,3325662.447,0.00030000000000000003,0.00030000000000000003,0.0002548192857142857,0.00018472100000000002,0.0,5.916804119347184e-05,0.00010583255986293828,0.44710266001001736,0.9517090026955475,1.2354689977940354,0.37796386517356045,0.6205210163149932,0.6019213384277784,52.15517241248171,58.60579888830894,60.69023568864635,172.78199999999998,152.7124,150.9896
2024-11-02,166.11,168.61,162.11,166.17,1603273.603,0.00023099999999999998,0.0002770000000000003,0.0002595678571428571,0.00019079966666666668,3.9837168511387764e-05,5.378651148153851e-05,0.00010294467759580071,-1.7882748606474914,-0.24953142002977077,0.6219942988188424,0.3367349760753701,0.6208783930462626,0.5829786674634698,39.26128590845948,55.311355310066,61.08707917838025,172.31400000000002,153.2554,151.13935
2024-11-03,166.16,166.61,157.82,162.53,2745309.829,0.00015235,0.00022778333333333363,0.0002547978571428571,0.00019611133333333335,7.387753940367213e-05,6.0224428103807034e-05,9.628224446257808e-05,-1.5918222997057543,-1.6035040961145888,-0.0617102847227887,0.25802147713353124,0.5720547144448553,0.5767704965304183,14.42986881886469,45.65876270165943,57.56433216927911,170.848,153.76319999999998,151.2928
2024-11-04,162.52,165.04,155.11,157.95,3019251.325,0.00017758999999999999,0.0001869800000000003,0.00024605428571428567,0.00019677466666666668,4.0157000572880856e-05,6.20163015372953e-05,9.607674517940796e-05,-0.8015512289837771,-1.0532600748668919,0.14973177151392666,0.265169398061669,0.5806457436976565,0.5754763527132863,5.277044854718781,43.08546433276717,56.46786869941645,170.15299999999996,154.2948,151.37220000000002
2024-11-05,157.95,169.3,156.86,166.62,3438156.871,0.00011095,0.00014696333333333363,0.00023255071428571425,0.00019263733333333333,3.364497775814686e-05,6.949734875006302e-05,9.703843941587725e-05,-1.1376451877841496,-1.939634918900637,-0.43029118951134454,0.6316388592476471,0.6217180154667513,0.5806672489761889,28.863936591142547,49.27275453487806,59.93983669817076,169.727,154.99779999999998,151.49280000000002
2024-11-06,166.63,190.01,166.4,186.59,10385235.992,0.00018108000000000002,0.0001565400000000003,0.00022405642857142855,0.00019465366666666668,3.952064137905993e-05,6.786760137396167e-05,9.611381340921808e-05,0.2389741432134191,-0.7774798102946107,0.14842505400469017,1.1411469423204024,0.7630063530891983,0.6382600958842575,62.822757110635095,59.436450838330806,67.87984261357397,170.72299999999998,156.09879999999998,151.66965
2024-11-07,186.59,197.84,185.84,196.35,4210329.82,0.00030000000000000003,0.00019734333333333367,0.00022405642857142852,0.000202157,9.556854936820505e-05,6.786760137396167e-05,9.522496008040585e-05,1.641143447610451,0.9640525547754816,1.1781982564587927,1.130512587315689,0.7786963157350966,0.6470154790936247,78.06412337551451,61.034323887520756,70.23725462366428,172.529,157.33900000000003,151.9074
2024-11-08,196.36,205.0,195.64,199.85,5129244.188,0.00030000000000000003,0.00026036000000000033,0.0002289421428571428,0.00020976666666666668,6.865849397566017e-05,7.084896439479816e-05,9.354799979132954e-05,1.0319913728550667,0.8721338074523863,1.1532005325358665,0.9951406970156824,0.7745538165931607,0.6431359608046981,83.62223550391442,72.39523260154616,69.5931323027351,174.572,158.4782,152.1219
2024-11-09,199.86,203.45,194.86,199.89,2833304.996,0.00030000000000000003,0.00030000000000000003,0.00023528714285714282,0.00021595300000000004,0.0,7.307752915468478e-05,9.316034724160813e-05,0.7005676528697842,0.7989123536580057,1.1152183743501456,0.826718616554906,0.7590768468850709,0.6432981268151656,83.61244019022072,70.12068247887129,69.40997169464875,177.074,159.5428,152.3476
2024-11-10,199.89,215.27,198.68,210.07,7968628.23,0.00071046,0.0004368200000000003,0.000276665,0.00024146833333333335,0.00023697919148101316,0.0001415310007736501,0.00011792419196009552,1.7305417308458895,3.5999701012551886,4.143013424592732,0.8247080263342577,0.7745891789001621,0.6473800150057639,91.92239858793039,71.85049660088094,71.25417717929815,181.212,160.756,152.65905
2024-11-11,210.07,224.0,204.16,222.13,8935306.968,0.00068122,0.0005638933333333336,0.0003103321428571428,0.0002645306666666667,0.00022900548667732844,0.0001762295607407902,0.00013353794168361553,1.0267990205859778,2.5630553715229842,3.4817107602671564,0.4695050878478552,0.7968699507692742,0.6565286976375003,99.99999999890932,75.21859180734808,71.68099972990656,186.815,162.306,153.0455
2024-11-12,222.12,225.21,204.71,211.64,9001990.659,0.00128521,0.000892296666666667,0.00038070428571428566,0.00030341966666666667,0.0003405868612091479,0.0003143598990051337,0.00022684047799962164,1.5588163434030566,3.498369626677865,5.441663440210511,0.8055513996677733,0.8396693214147457,0.6702175365806076,84.10606060516857,66.73244702852695,68.17252396044164,191.362,163.643,153.40755000000001
2024-11-13,211.63,220.44,200.67,215.13,10834052.799,0.00075775,0.0009080600000000001,0.0004134007142857142,0.00032328933333333336,0.00032885529050779324,0.0003287939965391856,0.00023973531456255508,0.030754593721247763,1.3903827709438425,2.5482006809463362,0.8052323166155806,0.8321965425016002,0.6685877178830314,78.81663974040444,71.14051669712667,69.07403924397588,196.62199999999999,164.891,153.77665000000002
2024-11-14,215.14,222.8,206.78,209.57,7458523.708,0.00053226,0.000858406666666667,0.00042999071428571423,0.00033103133333333334,0.00038643531027624987,0.0003284914250704655,0.0002426893714879884,-0.9079640964118306,0.5509414923787066,1.4003569023665199,0.8770449052940713,0.7664324372262041,0.6619907784702708,64.58517210844639,71.60676532663584,68.31173662228736,201.78400000000002,166.12279999999998,154.13455
2024-11-15,209.57,220.5,204.48,218.45,5271091.924,0.00030000000000000003,0.0005300033333333336,0.00042999071428571423,0.0003347196666666667,0.00022888334371098774,0.0003284914250704655,0.00024129871523971758,-1.1259849564187119,-0.27287595156838196,0.26315836470894477,0.8450396650900319,0.7703156169055356,0.666924142119013,68.34319526532857,75.94409753091166,69.1606830375089,206.967,167.38080000000002,154.53795
2024-11-16,218.44,221.99,213.35,215.71,4204469.3,0.00049721,0.000443156666666667,0.0004490057142857142,0.000343132,0.0001252098200155547,0.00032375740648881476,0.00024245360471197906,-0.4688587432142529,0.35887316754765514,1.1795124720871155,0.6756576894070578,0.7713412363173792,0.6686787544697835,64.81273408154742,73.91850135087404,67.08837550306902,209.879,168.5422,154.98265
2024-11-17,215.72,242.33,212.1,237.47,8433424.204,0.00076145,0.0005195533333333336,0.0004925128571428571,0.0003615333333333333,0.00023153497366126528,0.00032174545307594435,0.0002526875449957785,0.9849703892840251,1.1689200852756843,2.30748785490397,0.9270828577342483,0.8545078163150709,0.7023477548825033,71.08341027932043,80.79388560064832,69.7080497260776,213.99099999999999,170.1566,155.49679999999998
2024-11-18,237.47,248.44,234.01,239.79,7485850.361,0.00062422,0.0006276266666666669,0.000524415,0.00037685666666666665,0.00013215293575367907,0.000310047600184213,0.0002542619312959344,0.47761702720399757,0.6336304453327734,1.6010617524885207,0.9331537730609013,0.8540181380418714,0.69003818308924,65.98479362696978,84.26561714856832,70.58034216595313,217.98499999999999,171.7832,156.00785
2024-11-19,239.79,247.5,233.4,237.63,5595613.402,0.0005384599999999999,0.000641376666666667,0.0005549514285714286,0.000387501,0.00011248065801867967,0.00028633936484276986,0.00025411534460088365,-0.034181123188811786,0.2985911787671972,1.1786800177874734,0.861654258638351,0.841848420051635,0.6899875711536739,77.70198251855915,81.44539898933644,69.4988864131704,221.75899999999996,173.486,156.47755
2024-11-20,237.64,242.54,230.37,235.48,5472203.476,0.00030000000000000003,0.0004875600000000003,0.0005634457142857142,0.000387501,0.0001679963082778651,0.00027597146724486955,0.00025411534460088365,-1.4375610535613463,-0.5255114200768461,0.10249188083480902,0.8821296480703391,0.8178564630990559,0.6907483232805782,72.32828615205992,75.70722473334746,68.10465572194133,224.3,175.29300000000003,156.9247
2024-11-21,235.48,259.8,229.6,256.37,8595939.994,0.00030000000000000003,0.00037948666666666697,0.0005634457142857142,0.000387501,0.00013767494517279315,0.00027597146724486955,0.00025411534460088365,-1.007987544178055,-0.5255114200768461,0.0947773833047546,0.990679610666386,0.8538134074619566,0.70911014830624,88.42364531918071,78.25268310949394,70.50870285848828,227.724,177.6168,157.47789999999998
2024-11-22,256.38,264.39,251.47,256.9,5155181.905,0.0008355799999999999,0.00047852666666666697,0.0006017014285714285,0.0004053536666666667,0.00030921725716448196,0.000273755602564557,0.00026627834001763167,1.3867334784437173,1.1913802363196386,2.3570090089027174,0.7552218516458385,0.8530548788785767,0.7090434831520441,86.58420551740042,77.62711864301522,75.37511032540242,232.25,180.0184,157.9983
2024-11-23,256.9,264.0,252.69,254.89,4836783.227,0.00064523,0.0005936033333333336,0.0006263607142857142,0.00041686133333333335,0.00027149671936934743,0.00025967517408703495,0.0002690140968594345,0.5267787791902003,0.4801392062574889,1.4709808513251645,0.7824209783143994,0.8410137804493445,0.7016741201719104,87.80393670278922,76.13571564240078,73.69014719865585,236.22600000000003,182.2514,158.5326
2024-11-24,254.9,259.78,240.93,252.73,3665245.812,0.0007660799999999999,0.0007489633333333335,0.0006303335714285714,0.0004346773333333334,9.632245754915326e-05,0.0002614800135193872,0.00027397448690707284,0.770849878333489,0.8128099993609708,1.8917447686834106,0.7810984318651828,0.8217423591913279,0.6957918220331192,73.68094351174499,71.94444444340822,71.90306239810427,240.54199999999997,184.45420000000001,159.08535
2024-11-25,252.74,256.7,231.21,234.18,4699636.317,0.00044817999999999995,0.0006198300000000004,0.0006136878571428569,0.0004425776666666667,0.00016046486373964616,0.00026537995182895105,0.00027070488453064987,-0.6776259096013052,-0.3957061775969177,0.5548488097737998,1.0961578190616723,0.9126770772840386,0.7189991462720576,44.21052631515074,55.81058925568392,64.66082576894681,242.115,186.2082,159.4934
2024-11-26,234.18,239.66,221.8,230.69,5012621.456,0.00030000000000000003,0.0005047533333333336,0.0005433157142857142,0.00044820533333333334,0.00023813451687717114,0.00019487105980281125,0.000265716755987547,-1.3433286509243572,-1.0049153179247252,-0.06591078057864637,0.6001429370870899,0.8119096176078866,0.7208067737854525,43.02932904720529,59.851070430408626,63.284448358930426,243.613,187.94279999999998,159.9168
2024-11-27,230.69,243.33,227.51,241.96,3807284.297,0.00030000000000000003,0.0003493933333333337,0.0005106192857142857,0.0004512093333333333,8.555176285929725e-05,0.00019452608547297778,0.00026342908316149194,-0.9193829781419662,-1.0049153179247252,-0.06604986732640594,0.8397479197876244,0.8088847297056119,0.7272931739596142,55.50084889577505,62.84100698680984,66.79853773255027,244.06199999999998,189.9122,160.39950000000002
2024-11-28,241.96,245.28,232.8,237.59,2694033.06,0.00030000000000000003,0.00030000000000000003,0.0004940292857142857,0.0004512093333333333,0.0,0.00020228771259743359,0.00026342908316149194,-0.6072024488280727,-1.004915317924725,-0.06652728988097854,0.8397708736787817,0.8172174086430684,0.7299300524604456,27.84332232139002,63.565065839572135,67.4095411350882,243.84199999999996,191.87740000000002,160.87030000000001
2024-11-29,237.58,246.77,236.55,243.33,2890806.079,0.00030000000000000003,0.00030000000000000003,0.0004940292857142857,0.0004512093333333333,0.0,0.00020228771259743359,0.00026342908316149194,-0.44714612024511274,-1.004915317924725,-0.06652728988097854,0.9025212272110479,0.8187714191010521,0.7222174975017863,35.74280310937132,62.42260834743968,69.20857583348862,244.41199999999998,193.9634,161.34924999999998
2024-11-30,243.33,245.4,237.5,237.6,2279256.816,0.00030000000000000003,0.00030000000000000003,0.0004799428571428571,0.0004512093333333333,0.0,0.00020881044125006017,0.00026342908316149194,0.0,-0.9124833012182894,-0.06652728988097854,0.5987209617387491,0.8102301090177093,0.7123434467869572,33.15143246885198,60.612818771600324,67.27950070062226,244.62400000000002,195.8048,161.8271
2024-12-01,237.6,239.89,234.1,236.8,2435872.954,0.00043181,0.00034393666666666695,0.00045639714285714277,0.00045560299999999995,7.610053894903622e-05,0.00019258011241590317,0.0002619149978093812,1.7885509666314552,-0.3624875162373819,0.4640584860612982,0.574714558619584,0.7794021603420771,0.7048172529994245,34.05405405357685,49.59230862760827,68.2168260966838,242.66699999999997,197.6128,162.2185
2024-12-02,236.79,238.2,220.0,225.72,5868060.275,0.00089877,0.000543526666666667,0.0004760078571428571,0.00047786199999999996,0.00031462968459495573,0.0002226203059066444,0.00027040653341532845,1.744947861498993,1.8609099961251307,2.2649336716812356,0.506576520438015,0.7788253948361825,0.7140257080666698,40.04237288069611,42.26327944507678,66.10886617454193,239.54900000000004,199.17239999999998,162.55025
2024-12-03,225.73,239.6,215.0,233.92,6918604.728,0.00094494,0.000758506666666667,0.0005050421428571428,0.0005042816666666666,0.0002838678411308824,0.0002554743154071207,0.00027616430257178357,1.150327647035064,1.897497320838136,2.3116514662719427,0.6528181289585648,0.7893928948440501,0.71115486748747,53.422335239724596,48.087037227314404,66.03297122076953,237.45200000000006,200.69899999999998,162.87265
2024-12-04,233.92,241.0,224.67,229.15,4966864.205,0.0009498,0.0009311700000000003,0.0005514564285714285,0.000530022,2.8164248524747365e-05,0.00027373202843872013,0.0002806161408030774,0.7800631313828079,1.6782785177218942,2.193295840093923,0.592902597764161,0.7856181099973583,0.714028217346941,34.259031702531786,46.8219700766588,60.93075816637248,235.094,202.1868,163.1564
2024-12-05,229.15,244.77,222.95,235.84,7391549.993,0.00134071,0.0010784833333333337,0.000625792857142857,0.0005710139999999999,0.00022710795544913834,0.0003347109090262787,0.00030596374059102836,1.3239127433266096,2.524204108798094,3.2500488655693887,0.6633722358477042,0.7759171297527477,0.7143494455753115,47.96558939703381,37.97868602818632,60.30478576186603,235.26,203.81800000000004,163.48595
2024-12-06,235.84,247.0,230.92,236.87,5136553.827,0.00076978,0.001020096666666667,0.0006210928571428571,0.0005906373333333332,0.00029188436448068176,0.00033198939928344467,0.00029888918764282445,-0.9864150853616553,0.557589021076542,1.26900003261685,0.6646539871183506,0.7723833790466417,0.7115958809533923,41.56657963370503,38.33973687211929,59.78640160638998,235.878,205.5454,163.73680000000002
2024-12-07,236.87,243.61,234.12,238.14,2933621.438,0.00114553,0.0010853400000000004,0.0006568285714285714,0.0006188216666666667,0.000290185101779802,0.0003604904387253654,0.000310189750649604,0.5276067273839737,1.62724615731096,2.373636007367381,0.42716567248781107,0.6542872779637151,0.7110463094185783,50.797872339374734,40.16441573627446,60.04622576998409,235.496,207.2094,164.03674999999998
2024-12-08,238.14,241.51,233.22,237.02,2222837.551,0.00078197,0.0008990933333333337,0.0006579635714285714,0.0006348873333333334,0.00021350742850846934,0.0003608856734278646,0.0003055543134181031,-0.8795656388330105,0.4699057866163045,1.1598620754542697,0.34278712866693994,0.6531316161817947,0.7054968581778089,50.32201405049106,40.66103911476728,57.432022502008664,235.43900000000002,208.754,164.3371
2024-12-09,237.02,237.28,203.0,216.63,7391583.708,0.00054431,0.0008239366666666671,0.0006648299999999999,0.0006430310000000001,0.00030279906361860477,0.0003574856660267712,0.00029951713226499666,-1.1615729746833323,-0.26517098035874886,0.3730319634858147,0.87331916468159,0.7565448197679077,0.7460430369427826,39.544513456920136,39.790575915582224,48.549883990002435,232.769,209.73860000000002,164.53945
2024-12-10,216.62,221.06,203.21,213.6,7018707.73,0.00030000000000000003,0.0005420933333333337,0.00066483,0.000629349,0.0002409926460046479,0.0003574856660267712,0.00030564304999443814,-1.3010029741402949,-1.020012805378946,-0.4488537475569736,0.7640652966884771,0.7574117139717397,0.7416132548560089,23.472584855967852,40.00467890915889,50.53792951947795,230.369,210.68719999999996,164.76895000000002
2024-12-11,213.6,230.65,211.51,227.29,4688484.808,0.00030000000000000003,0.0003814366666666671,0.00066483,0.0006166416666666668,0.00014105244424798756,0.0003574856660267712,0.00031128479142672667,-0.8779702216534859,-1.020012805378946,-0.47413190434707714,1.0402610970774113,0.7100970420107213,0.7542382266694835,48.030495552019865,41.65623933502082,53.16041168443264,229.41800000000003,211.88119999999998,165.06365000000002
2024-12-12,227.29,234.69,225.67,226.96,3559104.067,0.00030000000000000003,0.00030000000000000003,0.00066483,0.0005838013333333333,0.0,0.0003574856660267712,0.0002895282800649596,-0.6726992267478212,-0.9251653450452844,-0.48832533250715565,1.0337482872932544,0.7094863278177392,0.7545340085302489,39.13362701841915,43.66281149324994,54.646005876820695,229.542,213.00339999999997,165.38139999999999
2024-12-13,226.95,228.44,220.6,224.79,2889526.771,0.00030000000000000003,0.00030000000000000003,0.0006648299999999999,0.000568543,0.0,0.0003574856660267712,0.00029209544258844037,-0.44717266766234703,-0.8550540854089806,-0.4990684845798677,1.0324752830479045,0.7096045342926158,0.7417000955790768,35.61904761845395,38.45579078388742,51.7568166695582,228.629,213.9554,165.6546
2024-12-14,224.79,227.51,215.13,219.93,2155654.471,0.00030000000000000003,0.00030000000000000003,0.0006648299999999999,0.000560801,0.0,0.0003574856660267712,0.00029614030980712664,0.0,-0.7783752161772105,-0.49906848457986747,0.64674930003343,0.7126932961967275,0.7425060721082725,30.028515024763777,38.876998614447594,51.15578439886483,227.70700000000002,215.056,165.91084999999998
2024-12-15,219.94,225.5,215.68,224.27,2130908.009,0.00026761,0.0002892033333333338,0.0006531014285714286,0.0005597213333333334,1.8700375085474853e-05,0.0003682502906115396,0.0002971811383166279,-1.7876202893891269,-0.8337553915411079,-0.6164007610666997,0.6291519217700952,0.6483793988347355,0.7429157205488703,36.93915181262329,42.449077979276495,46.0033910613491,226.55,216.12380000000002,166.1906
2024-12-16,224.26,227.56,213.26,216.19,3863409.201,0.00030000000000000003,0.0002892033333333338,0.0006103321428571428,0.0005531476666666667,1.8700375085474853e-05,0.0003722722537260531,0.0003007710408584871,0.4469050723472686,-0.7393811277961458,-0.5093813731104816,0.4051664435350998,0.6630816612356564,0.7465579016366678,49.39726027302526,44.0415155675671,43.095377412986146,224.48199999999997,216.915,166.43715
2024-12-17,216.19,228.95,211.36,223.15,5177736.748,0.00024064,0.0002694166666666671,0.0005600249999999999,0.0005357873333333333,2.9721211757576337e-05,0.0003711629067321189,0.0003033527078821656,-1.5253735802814092,-0.8970061889643347,-0.7162835822853441,0.5441563058300923,0.6426641986461561,0.747084100513065,61.81053672908071,43.16016766086088,45.87933978299111,222.983,217.81219999999996,166.72465
2024-12-18,223.16,226.04,204.8,206.53,5565926.563,0.00019725,0.00024596333333333373,0.0005062714285714285,0.000521555,5.1581431041995804e-05,0.00036481118858952186,0.0003090236854088943,-1.4679408499213287,-0.9942530998376465,-0.8691018813052116,0.841759160761595,0.7135506085380593,0.7721730027214928,26.060885608435385,37.51379995526033,42.38838933523328,219.93400000000003,218.3544,166.9266
2024-12-19,206.53,212.14,187.0,193.81,7402649.886,-3.931e-05,0.00013286000000000043,0.00040769857142857136,0.0005022960000000001,0.00015067366954784746,0.0003032481206183508,0.00032549855674965595,-1.7180849924433572,-1.5327586969646123,-1.6399902595854703,0.9343221556861264,0.7382110910185499,0.7825812807541053,20.26905829570964,28.24759341642121,32.81318681268199,217.652,218.7332,167.07989999999998
2024-12-20,193.82,199.81,175.26,194.48,9793383.668,-0.00010596999999999999,1.7323333333333768e-05,0.000345145,0.0004887636666666667,0.0001593458280858163,0.0003129811550900937,0.000342208856206256,-1.24829966468963,-1.5587777747547131,-1.7946900599398197,0.871907077859673,0.738569893346269,0.7821966208007048,22.06451612874754,27.979220778813783,32.86482925171835,215.74,219.24900000000002,167.22785
2024-12-21,194.48,201.98,178.3,181.45,5243572.617,-0.00036771,-0.0001709966666666662,0.00023705642857142854,0.0004665066666666667,0.00017358856681350403,0.00027420175022043077,0.0003750473227650549,-1.428900804230896,-1.8995673266317383,-2.482612990666951,0.9417398541707719,0.7798035386607003,0.801895836385633,19.176545978637876,23.757059531216925,30.98985297118051,211.156,219.55599999999998,167.2762
2024-12-22,181.46,187.87,176.88,180.52,3573368.972,-0.00019549999999999998,-0.00022305999999999956,0.00016723714285714282,0.00043213733333333335,0.0001330286514065158,0.0002479692605136012,0.00038710929153565294,-0.4485852573639241,-1.348640750411384,-1.8630870808000404,0.7331149289364813,0.7645972778137038,0.8007762543407063,12.930011862242822,23.798924132504936,31.188454123444345,206.512,219.843,167.3111
2024-12-23,180.53,193.48,176.48,190.11,4217664.03,-9.795999999999999e-05,-0.00022038999999999956,0.00012136071428571424,0.00040736433333333333,0.00013658660144771204,0.00023172170564689075,0.0003966644615460022,0.49399771336689907,-1.0272285993544332,-1.5177876732621993,0.9645211758775404,0.7863015286225332,0.8058573180626746,28.453403833114393,36.3327149036192,37.95704213747456,203.044,220.39460000000003,167.41089999999997
2024-12-24,190.12,199.0,186.13,197.09,2709577.672,-2.959e-05,-0.0001076833333333329,9.781857142857139e-05,0.000380842,8.338128943811309e-05,0.00022890192796871443,0.000398449031547676,0.9938177430168872,-0.7903814299795106,-1.2859115218437194,0.8946085643572549,0.8090619738621111,0.7891227473230521,28.477039973241915,41.82430424820686,40.99002466955502,200.76,221.1774,167.58384999999998
2024-12-25,197.09,201.85,195.0,197.44,1958644.487,6.450000000000001e-06,-4.036666666666625e-05,7.685071428571425e-05,0.00036611766666666665,5.3032673215275196e-05,0.00022230695609774115,0.00040399804007521396,0.9538238349885322,-0.6588973900090246,-1.1596191632503328,0.8947070913759815,0.7938607746558882,0.7848633307907973,39.733453805561005,32.968161587970386,37.31912954252879,198.077,221.79379999999998,167.78190000000004
2024-12-26,197.45,199.71,186.54,188.46,2045566.1,0.00014257,3.981000000000042e-05,6.560571428571424e-05,0.00036087,9.079886340158564e-05,0.0002139766514819855,0.00040590443704692893,1.4132251625087753,-0.21022456485501204,-0.7638049694035631,0.733017063485218,0.8072214139347847,0.7901632195402458,43.399950653087096,30.006231823410786,36.36414099305124,195.304,221.8312,167.9136
2024-12-27,188.46,194.39,182.74,184.22,1946509.645,-7.044000000000001e-05,2.619333333333375e-05,3.914571428571423e-05,0.00034852200000000004,0.00010786873702956754,0.0002054982703900191,0.00041338563921210187,-0.6453050012220181,-0.8360778491694301,-1.3531928545239418,0.7751535298805994,0.8049242422765627,0.7920497698866806,38.367346938166506,29.37468225682639,33.456479148649976,191.411,221.5886,168.03945
2024-12-28,184.22,196.1,183.82,195.5,1494847.867,9.655e-05,5.622666666666708e-05,2.461357142857137e-05,0.00034174033333333337,0.00011208386783276223,0.00019240936685805622,0.0004158704493532857,0.7624366135396411,-0.10234778459899783,-0.8580796247014508,0.8197047953293195,0.861979406061636,0.8051686159036748,66.5879574959478,38.34112818503695,38.57220412536372,190.308,221.5016,168.2704
2024-12-29,195.5,197.71,188.57,189.94,1560190.019,4.191e-05,2.2673333333333745e-05,8.4921428571428e-06,0.0003331373333333333,8.514077770583387e-05,0.0001795059531101153,0.00041941808266001155,-0.018235354675706264,-0.2614483019470842,-0.9941772320483789,0.7865002287996687,0.7890338394118849,0.805865719797005,60.02554278326908,33.80507595011484,37.600550380475845,189.921,221.3026,168.444
2024-12-30,189.94,196.47,185.89,191.38,2415985.488,0.00020666,0.00011504000000000043,1.8249999999999417e-06,0.00033002600000000003,8.391692734493493e-05,0.00016928864547773202,0.0004200181578561419,1.171257947578307,0.5954726782815754,-0.521223658157466,0.7941567888467724,0.7904900649973937,0.8005161970929664,51.635333504091015,37.51383995920967,40.424938656518016,189.611,220.92879999999997,168.66445
2024-12-31,191.37,199.27,188.04,189.31,2461978.262,0.00017814,0.00014223666666666709,-2.6392857142857728e-06,0.00032157033333333335,8.80478712312042e-05,0.00016322182840510348,0.00042045159466827666,0.7873923429204576,0.494007536665999,-0.5947944811430599,0.6790594731734961,0.7297188240596583,0.7999718437623374,38.53183962184634,32.08765615027606,37.1210808932159,190.397,220.2724,168.89575000000002
2025-01-01,189.31,195.33,188.0,194.28,1655160.102,-9.737e-05,9.581000000000041e-05,-2.3683571428571487e-05,0.0002883656666666667,0.0001679054254484241,0.000154211608540228,0.0004125564459333603,-1.5064670288276074,-0.854937393820238,-1.339149913001191,0.6510988211130809,0.7444752625985563,0.8020934016484713,45.900363258118055,42.603550295137715,39.944633484561706,191.773,219.92520000000002,169.13954999999999
2025-01-02,194.28,210.48,193.43,208.31,3224923.982,0.00029337,0.00012471333333333374,7.928571428565774e-08,0.0002666466666666667,0.00020077411045338445,0.00017574658707327726,0.0003935105287415775,1.1001177925145575,1.223669741166343,-0.25744718482309464,0.7234427743965475,0.8145663937168569,0.8164343594368988,72.76898371069193,58.61864003706531,42.383666241804484,193.59300000000002,219.78879999999998,169.4246
2025-01-03,208.3,219.83,205.63,217.99,3251086.556,5.629999999999999e-06,6.721000000000042e-05,8.050714285714226e-06,0.00023517433333333334,0.00020251792314513324,0.00017307712049007443,0.00037427546287293755,-0.701789832555887,-0.2392381107215638,-1.046856539949279,0.6024393250528736,0.83634188130554,0.81848761435683,84.43809912178041,62.62214109215431,45.0153131263806,195.68300000000002,219.9572,169.7982
2025-01-04,218.0,218.18,213.54,216.67,1943711.39,3.3700000000000006e-05,0.00011090000000000042,3.672285714285708e-05,0.00019160733333333334,0.0001586456961124863,0.00013512855755670356,0.000312046737945135,-0.3191454402080967,-0.018872326000381277,-0.9623254488714007,0.6528500336297266,0.8317297464376645,0.8099833957728718,77.09239825815291,71.62859248218767,44.33299899633568,197.606,219.9216,170.1945
2025-01-05,216.67,219.05,211.46,213.41,2101040.545,0.00016474,6.802333333333376e-05,6.245428571428564e-05,0.00017143933333333336,8.492682984988535e-05,0.00012107464180056617,0.00029231876835257293,0.5591091487799297,0.8212362151023235,-0.5985358226965818,0.674885900261619,0.8193324609332544,0.763856644430019,81.9146042954218,69.63582089435832,43.83776165306287,200.101,219.87560000000002,170.58344999999997
2025-01-06,213.41,223.18,211.56,218.22,2855362.858,4.1729999999999995e-05,8.00566666666671e-05,7.243214285714278e-05,0.000134646,7.344773943662677e-05,0.00011227399233935107,0.0002278397054901356,-0.5490453605644725,0.137515967889848,-0.9206178031674926,0.6746415718719979,0.8131681763682153,0.755763576806201,83.4329845526058,67.7978979347231,50.451730211141175,203.501,219.4906,171.0068
2025-01-07,218.22,219.11,201.8,202.17,3742298.284,1.153e-05,7.26666666666671e-05,7.536928571428565e-05,0.00010896466666666668,8.11550000206462e-05,0.00010991276949778759,0.00019313745976446,-0.6136298397138022,0.003808166957094431,-0.9825000235386031,0.8798555009193053,0.8113687077048877,0.7787737930367991,61.88100517288769,52.88505224813676,46.97635045695183,204.168,218.7382,171.34465
2025-01-08,202.17,203.28,188.34,197.48,4446830.23,7.673e-05,4.333000000000042e-05,8.038928571428565e-05,9.337866666666667e-05,3.262943448819782e-05,0.00010811311657517248,0.00017478914244309482,0.18363142577865973,0.39770464939663985,-0.7905794749634937,0.6886956694083418,0.7690095759296829,0.7809578419953248,52.97176820139151,50.02164970697088,41.71990444910385,204.92199999999997,217.9352,171.6636
2025-01-09,197.48,199.06,182.0,184.95,3607147.193,3.9850000000000006e-05,4.2703333333333755e-05,7.305214285714279e-05,8.470700000000001e-05,3.269351813973171e-05,0.00010704891722429322,0.0001705875337894984,-0.4557910657758769,0.10672566758263817,-0.8611986953708975,0.7641745141660179,0.8195172447777306,0.7871191294481475,27.684371417283543,48.170541018790374,39.071848498468334,204.279,216.9246,171.94490000000002
2025-01-10,184.96,193.02,183.51,187.68,3642892.082,-3.124e-05,2.8446666666667097e-05,7.58521428571428e-05,7.366566666666668e-05,5.488084573285895e-05,0.00010345947360630424,0.0001668509962515368,-1.4640805912810353,-0.6160391602530354,-1.0196140070263393,0.8594237310344998,0.7646397192662455,0.7748233984894582,16.611588455350812,51.83223893166104,40.37453960619885,204.116,215.5508,172.22164999999998
2025-01-11,187.69,191.91,184.01,188.09,2204486.056,-6.932e-05,-2.0236666666666235e-05,6.400428571428565e-05,6.1355e-05,5.541053355055265e-05,0.00011018570357242713,0.00016315948285999742,-1.3005331652103214,-1.0931006740166165,-1.114314410623435,0.7694465765014376,0.7640234889013434,0.7664179190676373,17.873201438567662,45.565529622216744,41.54630416250887,203.49699999999999,214.17460000000003,172.4792
2025-01-12,188.09,191.0,185.17,188.51,1330917.135,1.2839999999999999e-05,-2.9239999999999568e-05,6.192785714285708e-05,5.1783e-05,4.111649784483295e-05,0.00011090565131803818,0.00015698265468066855,0.12276122555303477,-0.3933495731154393,-0.8514130093479098,0.6111783081086564,0.7306916655662777,0.7651196451145799,20.10086455297622,49.08812651359873,40.30368763496284,201.517,212.84699999999998,172.73770000000002
2025-01-13,188.5,191.99,168.88,182.87,5669925.613,0.00013477,2.6096666666667104e-05,5.679285714285708e-05,4.627533333333333e-05,0.0001026887843357492,0.0001052068493220774,0.00015074849957093722,1.5094431888567177,0.7307859957228746,-0.4839973976983919,0.6236689321792147,0.7220394408837345,0.7660016395457643,8.382387567556691,44.84929185252647,40.844141568947215,198.005,211.44979999999998,172.90349999999998
2025-01-14,182.86,190.11,181.88,187.57,2737355.064,-4.661e-05,3.36666666666671e-05,4.0739285714285656e-05,3.580133333333333e-05,9.24661485536925e-05,0.0001023753412627963,0.0001456703533802376,-0.5760363096922405,-1.0163668984995495,-0.97939873781504,0.39978205101459535,0.7324696652755734,0.7613200615204319,26.542416451845114,48.97935241590132,40.10016694428335,195.095,210.5176,173.1412
2025-01-15,187.57,206.04,185.84,205.86,3768610.58,-4.753e-05,1.3543333333333765e-05,4.429928571428565e-05,2.4217000000000002e-05,0.00010498638068032823,9.797531010913754e-05,0.00013752654615810045,-0.5347969438844626,-0.9279570213678751,-0.9513483076696524,0.8819337487150865,0.810081107290478,0.7964607276698853,59.369409659178054,55.87459415505048,49.81529470067,194.34,210.02100000000002,173.4691
2025-01-16,205.86,217.14,198.47,211.14,5710255.657,0.00030000000000000003,6.862000000000044e-05,4.477285714285708e-05,2.6195666666666667e-05,0.00020038148590879849,9.927916850036832e-05,0.0001411275860217876,1.547889915263205,2.042072749503044,0.05463441742629522,0.8648823269753015,0.8051260518836572,0.761562857429288,84.94795836510642,51.57554837910916,54.98188926491146,193.632,209.4046,173.79174999999998
2025-01-17,211.15,222.11,209.84,219.51,4384472.838,0.00028220000000000003,0.0001782233333333338,6.452785714285709e-05,2.9027333333333336e-05,0.00019571059150782938,0.00011685245049457005,0.00014546370020040135,0.9310459262392999,1.6633838265628955,0.020026047193398656,0.8404445720459979,0.7838317968097079,0.7676992497857772,86.91718858592343,50.85875706134234,56.89038154402195,195.36599999999999,209.043,174.15595000000002
2025-01-18,219.52,270.67,217.29,261.97,19971981.58,0.00017554000000000002,0.00025258000000000046,7.465928571428566e-05,3.618900000000001e-05,6.730959214708147e-05,0.000120078414982992,0.00014726099753874821,0.2505599942411095,0.7367643426772963,-0.27280478705023997,1.2411637574413397,1.0548457729395264,0.8843799776933249,93.37717238063219,67.47145942537443,69.07514450775415,201.815,209.4158,174.69565
2025-01-19,261.97,295.83,236.68,252.42,25051667.6,0.00024919,0.0002356433333333338,8.069142857142851e-05,4.8027666666666674e-05,5.460515569376986e-05,0.00012688024498028118,0.00014969438571852816,0.40341257707658157,1.2818515274948785,-0.05591759801816454,1.5350611435176418,1.0787864193651808,0.8891744641149881,83.89012620576175,64.34929743183926,66.36471230796694,208.56199999999998,209.71219999999997,175.25355
2025-01-20,252.4,273.29,229.44,242.19,16879575.561,-0.00069949,-9.158666666666622e-05,2.7747142857142803e-05,3.6968333333333337e-05,0.0005277460825324631,0.0002445094713401665,0.00018865398478054598,-1.7777101254700387,-3.4447273636088505,-2.6029623625888036,1.688118966291997,1.0998702642579614,0.8698800715998373,79.9959546919903,58.478952953081915,61.819172112504106,214.013,209.82,175.8252
2025-01-21,242.18,260.06,230.0,250.33,7882737.257,-0.00021205999999999997,-0.00022078666666666623,1.1776428571428517e-05,3.641633333333333e-05,0.0004744002019691492,0.00025281142843436847,0.00018938046879903952,-0.4095434315391798,-1.1241285975740645,-1.2326880225936732,1.686409782012052,1.10198798077464,0.8738936419209767,80.66849100804858,68.04556354844676,62.01914393997808,220.237,210.31220000000002,176.40525000000002
2025-01-22,250.33,272.03,248.43,257.36,6223427.616,0.00016548000000000002,-0.00024868999999999955,1.8115714285714237e-05,4.519766666666667e-05,0.00043364685274430154,0.0002556620738897289,0.0001890421384838418,0.5771136409168653,0.634842825308397,-0.16977317104376394,1.6861965595783324,1.074469439435298,0.8764207804288366,78.27805842241602,72.05037560685763,63.131136044106036,227.122,210.78100000000003,176.9768
2025-01-23,257.37,258.48,242.19,253.11,6802762.723,0.00010101,1.8143333333333763e-05,2.2484285714285662e-05,4.955100000000001e-05,0.00020195117288184915,0.0002565828925787117,0.0001887640608772387,0.4642181587804555,0.3111341799894595,-0.3249764289077723,0.6748592031944446,1.068499260816998,0.8771488203131894,73.30889703375189,76.72941176386337,64.46761849267999,234.14600000000002,211.26019999999997,177.58414999999997
2025-01-24,253.12,270.18,247.18,253.37,5214294.569,0.00025967,0.00017538666666666708,4.3263571428571374e-05,5.7991666666666676e-05,7.979257752663872e-05,0.00026358154658638714,0.0001923967884556842,0.8626082534081033,0.9705517702977721,0.13600867239384765,0.5924850008389366,1.0672002134141738,0.8560409676308697,70.66650390564615,76.26969527228043,65.75529733340571,240.72600000000003,211.61079999999998,178.15195
2025-01-25,253.36,260.78,246.33,256.41,3703989.301,-0.00013968999999999999,7.366333333333376e-05,3.823714285714281e-05,4.8583000000000006e-05,0.0002010795427892928,0.0002665479104106397,0.00019500203877334825,-0.8636510286116552,-0.76351894139466,-0.976210438430004,0.3855919455116336,1.0622554772881547,0.8554407952614633,43.45882352869598,76.75857747056664,64.41929832782361,245.781,212.0016,178.72690000000003
2025-01-26,256.4,260.16,240.32,240.5,3028015.524,0.00021033,0.00011010333333333375,5.2343571428571375e-05,5.7942e-05,0.0002177295132230556,0.00027029987750236737,0.00019582856239993315,0.5825380910783811,0.7590275977621151,0.020131080900803535,0.6734376564405188,1.1049699538611861,0.86269229439941,37.80188293028121,68.15927348868024,61.41000180460395,248.717,212.0488,179.2195
2025-01-27,240.49,242.68,220.89,234.89,8916620.842,-0.00017176000000000002,-3.3706666666666254e-05,3.0448571428571372e-05,4.8998333333333335e-05,0.0002119493860060882,0.0002754748528745527,0.00020008521509026205,-1.1274635922575673,-0.8712718681097357,-1.0323014806000468,0.5579647715213677,1.0521447084242377,0.8634927177303716,41.749547919773406,68.17356064774003,59.637620164944906,250.25499999999997,212.00619999999998,179.7153
2025-01-28,234.9,244.0,225.01,227.06,3483450.087,7.475e-05,3.777333333333374e-05,3.91171428571428e-05,5.0092999999999996e-05,0.000193710215085197,0.0002747720320382558,0.000200134925233394,0.14251377267186496,0.19636135232202281,-0.3285431134334343,0.5726689144479478,1.0589652928657134,0.8652887540483667,23.514682448976558,63.500854700246826,58.153699943138655,246.76399999999998,212.2148,180.15330000000003
2025-01-29,227.06,238.49,222.63,228.16,3844193.838,0.00012878,1.0590000000000407e-05,5.171071428571423e-05,4.7497e-05,0.00016021376999191317,0.0002745355564309071,0.00019853271272592365,0.6433634990585422,0.4091494355698291,-0.16871971010924128,0.5872043289587544,1.0078079237376614,0.86352786955082,11.578947368207764,58.639392529969804,57.44222827448889,244.33800000000002,212.50600000000003,180.58460000000002
2025-01-30,228.16,244.7,226.84,238.31,3341265.973,0.00014405,0.00011586000000000041,4.057142857142852e-05,4.636066666666667e-05,3.6411774126167616e-05,0.0002667394054361115,0.00019785557719638943,0.45346821040639745,0.4358305066875882,-0.11271949274626378,0.7793260809792346,1.0175947925662385,0.8703419889363965,33.143507972136675,60.14335847021428,56.70421024332362,243.95,212.72639999999998,181.03785
2025-01-31,238.3,241.82,228.24,231.77,2942165.567,-2.0700000000000056e-06,9.025333333333375e-05,2.0266428571428514e-05,4.953733333333334e-05,8.031806539222663e-05,0.0002575939944819747,0.00019622667592597548,-0.28577748235985173,-0.20748283332064243,-0.49978640965430965,0.6135355525168704,1.031109384590034,0.864876365325415,28.477481067757424,54.64042392069269,53.12330008998755,242.094,212.82260000000002,181.3998
2025-02-01,231.77,236.46,212.74,213.03,2849748.65,-8.896e-05,1.767333333333375e-05,1.3735714285713699e-06,3.679300000000001e-05,0.00011775298054977016,0.00025501644410196473,0.00019221906890290645,-1.445149625402442,-0.5562617403767508,-0.7333419865660817,0.9083254883966385,1.1077791974853108,0.8850313326609871,17.076502732058984,27.42203358517817,49.23535837266675,237.66099999999997,212.58739999999997,181.66185
2025-02-02,213.03,218.9,192.31,203.51,7255500.333,-4.3169999999999995e-05,-4.473333333333292e-05,-1.9509285714285773e-05,3.5166333333333336e-05,4.3466090557565285e-05,0.0002449332504491733,0.0001926977721641502,-0.6815570607154788,-0.3224909621222259,-0.5717857469165308,0.9307103249107573,1.119365906606593,0.8905253875112678,18.91074130083649,27.429626210997696,47.973636809667894,232.70100000000002,212.259,181.90189999999998
2025-02-03,203.52,218.7,175.89,216.28,12836970.265,-0.00020404,-0.00011205666666666625,1.587999999999994e-05,2.7241666666666667e-05,8.288474665680468e-05,0.00016029877258273467,0.00019758664795334856,-1.2996276882947697,-0.9568902360844739,-1.1529050869032909,1.1699126167618215,1.141605022335448,0.9008355025073189,36.03900975205962,38.31725132966324,49.61544560680732,228.99200000000002,212.0992,182.18719999999996
2025-02-04,216.27,219.97,201.87,206.64,6024194.387,-0.00054441,-0.0002638733333333329,-7.859285714285773e-06,3.6033333333333396e-06,0.00025592070105478413,0.00021269742743422132,0.00022153778632189573,-1.6791360670106827,-2.0130524125946425,-2.3342261353654394,1.0327817694835213,1.093782329147522,0.9072482431770853,35.08618171158983,30.563217367712525,50.90916486945228,224.01500000000001,211.9082,182.37474999999998
2025-02-05,206.64,209.39,195.14,196.12,3154802.037,-0.00019255,-0.00031366666666666625,-3.34328571428572e-05,-4.205999999999993e-06,0.00019991215427876146,0.0002117746606247792,0.0002242599822202289,0.11230507905226367,-0.6342832043812584,-1.097719183303358,1.052189403324357,1.1096264075496527,0.9153409244956465,29.429892141492047,23.576113220288192,49.7297941661796,219.577,211.3676,182.48735
2025-02-06,196.12,203.98,187.39,189.54,3444767.147,6.480000000000006e-06,-0.00024349333333333292,-4.0185000000000057e-05,-4.374333333333326e-06,0.00027895584852870704,0.00020864221560805792,0.00022424965828242682,0.9372457804099366,0.17985641289250084,-0.2128685612848135,0.908125954973867,1.0996096502104633,0.9185040866562737,17.184766518476266,23.111411893813084,50.93402791851119,215.042,211.02779999999998,182.5126
2025-02-07,189.53,203.42,188.12,191.99,3925596.773,4.125e-05,-4.827333333333293e-05,-5.578642857142863e-05,-5.556999999999993e-06,0.0001261509240091357,0.00019199788418532542,0.00022390046078459797,0.9435550200450729,0.34922384382951493,-0.012960379319450037,0.9144189033129702,0.7345252539704016,0.8934544010065242,21.6747365420796,24.509966777123665,50.87805076745933,211.535,210.99140000000003,182.57805
2025-02-08,192.0,200.88,189.81,199.32,1967596.752,5.341e-05,3.371333333333373e-05,-4.199357142857149e-05,-5.1049999999999935e-06,2.435584587637232e-05,0.00019244221668441355,0.0002240089481099994,0.7120855433246588,0.45262546166689194,0.06719124070137149,0.7527021738006994,0.7610515152515532,0.8981803571300289,38.34381907793163,27.10722591997795,52.22508420786119,208.651,211.0882,182.70950000000002
2025-02-09,199.32,207.37,193.53,200.47,2879138.46,-0.00036307,-8.94699999999996e-05,-8.295071428571435e-05,-1.6165999999999994e-05,0.00023702254406496437,0.00019560166557470272,0.0002333419710046049,-1.4971594986326673,-1.6029904499122,-1.9005548205168816,0.6962822371088224,0.7524641759354367,0.8842662006230172,46.98651863535111,31.792959155421556,52.36288920441515,204.86700000000002,211.4686,182.82155
2025-02-10,200.47,209.05,195.85,200.47,4040840.548,-0.00023725,-0.00018230333333333292,-8.76285714285715e-05,-2.176366666666666e-05,0.0002136077005362099,0.00019864831273099854,0.0002366518291319745,-0.7270618814626743,-0.9689350908165053,-1.2487231023485517,0.49362335489075604,0.7294883642095463,0.8842799651496585,29.015131403761345,33.50268404863016,53.556417716820405,201.737,211.86759999999998,182.96465
2025-02-11,200.47,206.18,195.12,197.96,3930238.335,-0.00057803,-0.00039278333333333295,-0.00013425571428571435,-4.145933333333333e-05,0.00017232212199360915,0.00023149754481714788,0.0002573549675263229,-1.3373732934649787,-2.176059654802966,-2.6934425299560667,0.3552226146937981,0.7083176003965693,0.8844685715873057,35.78912901031265,35.30303030253107,52.118246686459,200.23,212.0246,183.03915
2025-02-12,197.95,198.56,188.48,196.78,3898533.321,-0.00013483,-0.00031670333333333293,-0.00015308500000000004,-5.044599999999999e-05,0.00023203703180392466,0.00021883141160050767,0.00025569070068839157,0.49288315632176577,-0.20207385946829348,-0.6210385933243838,0.37119840138193116,0.7087628204676152,0.8831423695951907,51.55660377188255,34.16431166685679,48.00999386282797,199.557,212.0184,183.10344999999998
2025-02-13,196.78,198.47,188.78,194.25,2427771.876,-0.00012452,-0.00027912666666666625,-0.00017226857142857148,-5.3043e-05,0.0002589092042171796,0.00020189640267328086,0.0002560458073542565,0.8636123681851098,-0.07697836392621062,-0.5483975282660419,0.15470071209825326,0.7061157670567823,0.8819071480425044,63.7317784230547,25.912967417053594,46.253161186700794,197.35399999999998,211.95460000000003,183.1502
2025-02-14,194.24,205.34,194.11,199.39,3727686.063,0.00015227,-3.5693333333332906e-05,-0.00016124428571428578,-4.638299999999999e-05,0.00016286262624788406,0.00021565005283360537,0.0002587780686256548,1.2792965727298744,1.1238753056662918,0.7833671090659611,0.30779088740289723,0.7183449891072375,0.8804005518426271,68.64919354596496,32.02309571347065,45.4717320844107,196.62900000000002,212.1732,183.2343
2025-02-15,199.4,200.27,192.61,194.48,1633300.399,6.653e-05,3.14266666666671e-05,-0.0001501378571428572,-5.4165333333333335e-05,0.0001416945977387768,0.00022351965279721438,0.0002514076094618105,0.6737699095886059,0.7951134205983055,0.39054089193803493,0.3676972601901178,0.6830575476697561,0.878330576084056,36.10792192736648,37.832874195815734,31.720925193170373,196.465,212.3784,183.3109
2025-02-16,194.47,196.24,186.3,188.27,2009380.862,-0.00025256,-1.125333333333289e-05,-0.00016509428571428574,-7.199066666666665e-05,0.00021332959810667728,0.00022281587841029685,0.0002456275795901229,-1.18074064145819,-0.6941794652835748,-1.1188664810076805,0.4331750371540203,0.6873217539998937,0.8613861220686992,22.864768682562016,39.55019199046394,32.30540078286283,196.33800000000002,212.2338,183.3937
2025-02-17,188.26,189.72,174.63,177.53,4287573.73,-0.00029436999999999996,-0.00016013333333333288,-0.00017154642857142863,-8.765433333333333e-05,0.00019740622844369868,0.00022532412949269846,0.0002442776085517968,-1.0436361622998513,-0.8054628039179241,-1.2822429822491537,0.5930888795058011,0.7109578258546383,0.8593144920098187,15.472606863009275,22.668923684134057,32.214765100174944,194.892,211.98559999999998,183.44449999999998
2025-02-18,177.53,179.09,160.88,169.32,6319186.166,0.00014492,-0.00013400333333333288,-0.0001223085714285715,-9.112999999999999e-05,0.00024245760130044204,0.00021253147255829167,0.0002400243708184574,0.8279400848467551,1.2535998298182158,0.7912911249049429,0.6246210018620961,0.7216635032440918,0.8666211227188529,13.206577594829255,23.13561762118644,27.72614792368637,191.892,211.54440000000002,183.52724999999998
2025-02-19,169.32,174.3,163.75,168.93,3478319.262,-4.578e-05,-6.507666666666622e-05,-0.00011182500000000006,-6.933966666666666e-05,0.00022027981529945,0.00021241998293292558,0.0002107825675833424,0.15793281346352572,0.4209123337831595,-0.1440475670019387,0.4137108678181083,0.6754478213897068,0.8501555416796982,13.480199317874721,27.08579133595279,24.764568232011072,188.738,211.13679999999997,183.65929999999997
2025-02-20,168.94,176.65,167.66,176.0,2938753.335,-7.842999999999999e-05,6.903333333333766e-06,-0.00011789000000000005,-6.488533333333333e-05,0.00012063563249867476,0.00020998047762551595,0.00020906753084571234,0.15209609646482644,0.28276732717915926,-0.31426945452426425,0.7664434646625112,0.7173503687876952,0.8564233935766821,28.614951956408916,38.68271481019465,28.34353760557569,186.291,210.7712,183.84765
2025-02-21,176.0,180.52,167.15,168.94,4103682.857,4.4239999999999997e-05,-2.6656666666666228e-05,-0.00011767642857142862,-6.892666666666667e-05,6.353155616193748e-05,0.0002101562370295282,0.00020560406556121931,0.5501450554925683,0.8384516965335316,0.2748792914266115,0.7823251427429352,0.6567789776493272,0.8519885585236328,15.85557299818123,32.11237001327086,27.160093058074736,183.38899999999998,209.9838,184.04345
2025-02-22,168.94,174.68,168.07,172.07,1886813.457,-0.00024768,-9.395666666666623e-05,-0.00013918285714285722,-8.054966666666666e-05,0.00014657806666879472,0.00020667856192567268,0.00020552199153356512,-1.4408847011788046,-0.5219066996731343,-1.1251428841831734,0.7241127424514766,0.6498312131897332,0.848211557747653,23.82620882932308,27.378382865045154,27.19554401862348,180.918,209.06539999999998,184.1818
2025-02-23,172.07,173.07,166.42,167.94,1488310.759,0.00011259,-3.0283333333332895e-05,-0.00010520714285714291,-8.545233333333333e-05,0.00019134762509202366,0.00020613878709325738,0.00019876964714460747,1.1364553374426523,1.1025564604293847,0.6102374859547359,0.624665154435049,0.572757399264799,0.8498793428695258,25.042965872390596,24.268311975415642,29.045858842085423,178.28699999999998,208.09079999999997,184.29765
2025-02-24,167.94,169.69,138.0,141.81,7997237.915,-6.320999999999999e-05,-6.609999999999956e-05,-9.277571428571435e-05,-8.2903e-05,0.00018015238631510422,0.00020278379394600635,0.00019854034854815774,-0.1217824040116948,0.1910288586102094,-0.22346669583169676,1.5626620397763022,0.8734255498081663,0.9381843392561948,18.175338560001364,17.170360420595017,25.968191675757964,172.529,206.65879999999999,184.19105
2025-02-25,141.81,147.09,131.91,144.33,11747010.145,6.760000000000003e-06,1.8713333333333783e-05,-5.100500000000006e-05,-8.968866666666665e-05,8.850746651189701e-05,0.00014795659777835894,0.00019152764571886858,0.26330189116119385,0.5063904951972529,0.10988460564060346,1.4688378525607955,0.8730555198584214,0.9386721820990466,25.223081498757566,19.98880805788488,28.03822670518447,167.51399999999998,205.18099999999998,184.1313
2025-02-26,144.33,145.19,130.65,135.32,5368401.059,-4.971e-05,-3.538666666666622e-05,-4.492500000000006e-05,-8.562033333333333e-05,3.711897935501402e-05,0.00014598275175774168,0.00019101980246811397,-0.011123961819544205,0.22557115401444258,-0.1528039941310131,1.4843489982419316,0.894942977234397,0.9365596179046829,21.541066892208647,18.378267132890187,26.347702027546248,162.219,203.84400000000002,184.03785
2025-02-27,135.33,142.9,134.71,137.68,4322990.459,0.00020333,5.346000000000045e-05,-2.1507142857142917e-05,-8.133433333333332e-05,0.000132826871885997,0.0001580311960623413,0.0001961166912091354,1.4189149736039324,1.44953726999842,1.056019901592974,1.4802525534543662,0.8979734398705496,0.9365493408190109,14.740522635069624,20.84321203969509,23.303443518516218,158.23399999999998,202.648,184.0184
2025-02-28,137.68,148.72,125.55,148.18,10039960.613,0.00030000000000000003,0.00015120666666666713,-1.0955000000000055e-05,-7.562699999999999e-05,0.00018058765857152667,0.00017459175360293178,0.0002047438746207745,1.3528880630672433,1.7345557109805043,1.5000328854053073,1.8031959813990932,0.951273511246634,0.956094002874559,32.03530633398367,24.98778939108155,28.280413656502702,156.12,201.9126,184.02785
2025-03-01,148.18,151.25,138.57,143.66,4151855.758,0.00026593,0.0002564200000000005,3.287857142857088e-06,-7.156433333333333e-05,4.903164585251409e-05,0.00018894260378497977,0.0002103846734415206,0.7666832921795275,1.4211990958864757,1.3198168674596245,1.006052005757478,0.9489490566002378,0.9582372916851697,25.99290180804134,25.08334967606281,30.537006901489804,153.593,201.0322,184.01289999999997
2025-03-02,143.66,179.85,140.04,178.71,13474639.846,9.579e-05,0.00022057333333333376,2.8169999999999942e-05,-6.830233333333333e-05,0.00010939996082422487,0.0001750871922983398,0.00021224972319983275,-0.4734713574508875,0.5630929818672891,0.4979841972562926,2.12199474607604,1.3820543042668867,1.1027465365842999,55.97735597692103,46.3461244453074,43.913811720217154,153.86399999999998,200.84459999999999,184.1879
2025-03-03,178.72,179.47,139.21,142.16,11096202.04,-5.863e-05,0.00010103000000000043,4.500857142857137e-05,-6.729133333333334e-05,0.00016234343717876643,0.00015141752956168608,0.00021222016513141635,-1.511944946210442,-0.36104982775659233,-0.2090638117744,3.1128486657545498,1.6793322310255452,1.2229180826464165,50.17411202830442,38.70905956678675,33.71132208116036,151.18599999999998,199.91760000000002,184.18579999999997
2025-03-04,142.16,147.0,130.66,144.79,10389598.334,-0.00011617000000000001,-2.6336666666666234e-05,2.635928571428565e-05,-6.972466666666665e-05,0.00010960796015051733,0.00015421802341110435,0.00021235252149422984,-1.1438490051523917,-0.711666760455261,-0.4756924644561532,3.113088127064091,1.6854735029090047,1.2176345342440305,50.22858278637288,41.880172128046134,35.97569271189184,148.458,199.15599999999998,184.21455000000003
2025-03-05,144.8,149.73,140.18,146.28,4895520.585,-0.00018458,-0.00011979333333333291,1.6444999999999938e-05,-6.907599999999999e-05,6.30531286167724e-05,0.00016340058999514675,0.00021195743911887337,-1.0228854569261012,-1.0831765723587052,-0.7834937915694813,3.0415813305712334,1.6890123483858255,1.218360783841834,55.88614393083652,42.556687479069474,38.21637979900223,146.29199999999997,198.3302,184.2363
2025-03-06,146.27,152.9,142.44,143.31,4451879.661,-0.00017004,-0.00015692999999999957,9.901428571428509e-06,-5.6596999999999994e-05,3.6040062361658535e-05,0.00016922282069265857,0.00019319744040989365,-0.7342925519364536,-0.9028717323595145,-0.6890655765739406,3.0339699219773597,1.679359392675085,1.2186663276440548,53.003948350900615,38.959810874336085,38.880069273541814,146.442,197.0792,184.24074999999996
2025-03-07,143.3,150.88,135.04,139.39,7267412.771,-0.00014836,-0.00016765999999999957,-3.855714285714346e-06,-5.5124e-05,1.8226914029338848e-05,0.00017397847703595748,0.00019229148281540764,-0.25539292024965554,-0.7074157709563383,-0.5687197270277963,1.9491767615430922,1.6796718019448271,1.217566110171437,44.95581315239905,39.80401628558605,37.436705836892976,145.948,195.6442,184.21624999999997
2025-03-08,139.39,141.09,135.29,137.01,2135751.393,-3.514e-05,-0.00011784666666666623,1.1325714285714227e-05,-5.6511333333333336e-05,7.244170158384687e-05,0.00015975760473840078,0.0001919815888410212,1.6116090577779103,-0.11752582277360679,-0.022513645259107477,0.38862203007493895,1.6781791726558546,1.205531165784698,46.08777503197716,37.83990011062032,34.75708204854777,146.11700000000002,193.99419999999998,184.18994999999998
2025-03-09,137.01,139.88,125.41,126.51,3909495.652,-3.0369999999999996e-05,-7.128999999999956e-05,1.1142857142856556e-06,-5.8898666666666666e-05,6.678717612705955e-05,0.00015733762099206746,0.00019116756446164911,1.1105206326827675,-0.18440096304986073,0.008924958867642536,0.6268093862165082,1.6908258062809172,1.21835380899237,6.81667769681053,36.23862352985629,32.69860578229833,145.0,191.285,184.10855
2025-03-10,126.52,131.57,115.47,118.32,6654109.331,-0.00025772999999999996,-0.0001077466666666662,-1.2780000000000056e-05,-6.926999999999999e-05,0.00012991127136766263,0.00017141418233890707,0.00019329268669979218,-1.342313804484353,-1.506054032498507,-1.0504395889345426,0.5506948540727458,1.6996361264429356,1.218764839715549,12.842892767799569,41.14186590197151,31.491911863703976,142.01399999999998,188.60300000000004,183.98405
2025-03-11,118.32,128.43,112.0,125.35,6435277.863,6.226e-05,-7.527999999999952e-05,-8.815714285714341e-06,-5.509233333333333e-05,0.0001646544293210089,0.0001725389269194649,0.00018647837381812924,1.1674308681154655,0.5078096494257888,0.46537629833784977,1.0309559311865668,1.7293123642239667,1.2281871537135793,23.3552631574466,43.07804522202546,33.96776330273744,140.18300000000002,186.2662,183.8445
2025-03-12,125.35,131.33,121.22,126.62,4410502.14,-4.332e-05,-7.959666666666621e-05,-8.359285714285771e-06,-4.8627999999999996e-05,0.0001630502911017356,0.00017243084310099643,0.0001832799702449872,0.14847276836787546,-0.1765171474581578,-0.038631263628903546,1.0773450931153372,1.7150919639699498,1.228696006987659,22.890237175509583,46.6372912796437,34.51487595966874,134.974,183.792,183.67425
2025-03-13,126.61,128.76,120.76,123.37,2824584.961,1.3009999999999999e-05,1.0650000000000444e-05,-2.1953571428571485e-05,-2.8926666666666662e-05,5.282954944935404e-05,0.00016162115524877646,0.00015380724240646678,0.5238345687483293,0.19407819726650616,0.22920959638579239,1.078472753499911,1.7121814873131018,1.2294144090632535,22.714833059225512,44.506717849809526,34.405526709071836,133.095,181.11219999999997,183.49649999999997
2025-03-14,123.36,136.03,122.98,133.54,3607725.492,0.00022942,6.637000000000045e-05,-2.699500000000006e-05,-1.6785e-05,0.00014398695807266108,0.00015159584882177047,0.00015943307414053104,1.2937188630235275,1.4341418615177162,1.24104884062329,1.1414411008959071,1.7546580533544114,1.2461591523871287,43.16429072142522,44.36576354631995,35.825907270651726,131.97,178.72080000000003,183.37859999999998
2025-03-15,133.53,136.53,132.44,135.86,1918077.49,0.00014902,0.00013048333333333376,-3.534571428571434e-05,-7.666999999999996e-06,0.00010938934147506137,0.000136707678174093,0.0001608746115765322,0.6169875983996783,0.8962229646519341,0.8411738200247821,0.7911139677934147,1.758336879153902,1.245081781908137,48.654341211466026,46.94644534868679,37.23987810141808,130.928,176.37060000000002,183.32395
2025-03-16,135.86,136.71,125.21,126.13,2764260.892,2.7449999999999996e-05,0.00013529666666666713,-4.022714285714292e-05,-1.182766666666666e-05,0.00010168194347251275,0.000132830137299666,0.0001581872094914178,-0.42875967521917946,0.09296402758019622,0.2650687517363297,1.083425332826792,1.636571379366603,1.2315906875374485,49.547187797076184,24.326171874667438,36.67781493824416,129.20999999999998,173.765,183.23485
2025-03-17,126.13,130.64,125.55,128.01,2707611.094,-0.00017428000000000002,7.300000000004352e-07,-4.848785714285719e-05,-1.9854666666666665e-05,0.00016329786065660004,0.0001375740756061778,0.00016017129397162194,-1.4546205250807798,-1.1029078332169626,-0.6545522732994395,1.0876760295812917,1.6358388121786618,1.2300922433370736,63.59046283185094,39.55411191413885,38.96416473476066,128.072,171.5152,183.17489999999998
2025-03-18,128.01,128.19,121.76,125.33,3181789.699,-0.00017156,-0.00010612999999999957,-5.244428571428576e-05,-1.7154666666666663e-05,0.00011569166735348333,0.00014043692121725775,0.00015675969914047652,-1.0003635323900721,-1.0207654022262236,-0.6159622320691285,1.0769554396843393,1.6164552915713648,1.2247365637350938,49.96805111709337,35.64473295883887,39.948818717214934,126.904,169.324,183.1116
2025-03-19,125.33,136.08,124.2,135.33,4170497.991,0.00010486000000000001,-8.032666666666622e-05,-3.177000000000006e-05,-3.846999999999997e-06,0.0001603821240923089,0.00014079272844802487,0.00014917715839843295,0.7725532297527169,0.696056956410666,0.7343962820434887,1.0612736298439167,1.65098689193545,1.1534259399743365,60.879340493564435,42.82343688478239,42.645771317985435,127.78600000000002,167.4894,183.1115
2025-03-20,135.33,136.12,126.65,127.6,2593287.986,0.00018129000000000002,3.819666666666713e-05,-6.675000000000052e-06,-2.634666666666663e-06,0.00018563076422929836,0.00014548408460137712,0.00015056913968784208,1.163035480957779,1.2885337601345397,1.120646386540454,1.160313031611903,1.63317298461201,1.1576956743007976,54.75174118089582,40.30845157240676,39.43692710558524,128.714,165.4782,183.107
2025-03-21,127.6,130.18,124.81,128.48,2400422.348,-8.943e-05,6.55733333333338e-05,-2.465714285714338e-06,-4.089666666666663e-06,0.0001395704525619647,0.00014187717953128044,0.0001512099828297437,-0.36404810593922854,-0.4293967507264483,-0.28520737958233416,0.9551516856503263,1.6307122663844034,1.1560750913214535,42.816581486940045,43.00730675477234,40.92499551357174,129.027,163.2816,183.0747
2025-03-22,128.47,131.84,127.8,128.51,1498168.196,-7.454e-05,5.773333333333786e-06,-5.280000000000052e-06,-3.959999999999997e-06,0.00015218410964471744,0.00014296178988965722,0.00015114568996069062,-0.44005274601782274,-0.2637648226851704,-0.2186612938109362,0.9477799994318064,1.2849723228634415,1.1512372716799186,38.83996355823903,44.382765000500456,40.09189336678985,129.216,161.2164,183.07954999999998
2025-03-23,128.5,134.06,128.21,132.84,1763485.986,1.7109999999999997e-05,-4.8953333333332884e-05,-1.8885714285714812e-06,-4.86433333333333e-06,5.7694896033867634e-05,0.00014288395850138637,0.00015092836146648377,-0.09264371639421402,0.39319178726834775,0.29719176448835044,0.946634082958248,0.8755129611153167,1.1524499947802447,62.186705410696305,54.55461217331448,42.02345241288217,130.16299999999998,159.61260000000001,183.07555
2025-03-24,132.85,144.96,132.04,141.01,4554131.645,0.00012763,2.3400000000000447e-05,2.56371428571428e-05,7.646000000000004e-06,0.00010123166646371551,0.0001259177531552366,0.00014556688067536287,0.7923897802721603,1.099966996689557,0.9010836236762119,0.8452215984341203,0.9122753828906003,1.1654499512899266,69.2193968051906,66.33079026784418,49.80203899762721,130.91,158.36260000000001,183.13355000000004
2025-03-25,141.01,147.48,138.17,143.64,3529958.67,0.0001284,9.104666666666712e-05,3.0361428571428518e-05,8.173000000000003e-06,6.403218900170487e-05,0.00012860947272245844,0.00014598792336060383,1.013221696761057,1.0026377790696757,0.9319234107053651,0.4526227742055011,0.9149570658311834,1.1672418935018587,77.10986082161746,64.05409558798715,49.829351535146046,131.68800000000002,156.9098,183.22650000000002
2025-03-26,143.64,145.49,135.89,137.34,3099523.287,-0.00016641999999999997,2.987000000000046e-05,2.1568571428571373e-05,4.732666666666672e-06,0.00016999256246971669,0.00013790652663791316,0.00014891490805661245,-1.3444225129436638,-1.1723035774112283,-0.7092667043227636,0.7475527776005773,0.9307450143695192,1.1692051801373464,53.34220152852212,57.64621968501134,50.506367190707834,132.809,155.5238,183.27465
2025-03-27,137.35,140.22,135.63,138.43,2466162.683,-0.00021899,-8.566999999999954e-05,4.997142857142806e-06,-2.7923333333333287e-06,0.00018724415850708865,0.0001522112239052697,0.0001544113179425352,-1.2060993552224866,-1.4826915229488353,-0.9706680178571309,0.7380956066418201,0.9243394142352714,1.162227528017135,73.11139564442267,61.0833088006253,50.18921237125723,133.851,154.37,183.31605
2025-03-28,138.44,139.05,127.69,129.49,3892191.365,-0.00022715000000000002,-0.00020418666666666618,-2.7615000000000057e-05,-8.706999999999996e-06,3.2960388777568674e-05,0.00014931234374752046,0.00015958225582450583,-0.8495122995935063,-1.3922460057135855,-1.00678292324912,0.9696819484354301,0.9650455596178162,1.1703810181608238,51.60368370796693,46.96447309150428,45.24741900967964,134.267,153.16899999999998,183.2881
2025-03-29,129.5,130.54,122.68,124.58,2610065.515,-0.00011557,-0.00018723666666666623,-4.6514285714285776e-05,-1.9336999999999998e-05,6.219911356576891e-05,0.0001417907137929184,0.00015554115756987255,0.029989349031073437,-0.6050179064800416,-0.365947186164599,0.6952653325604403,0.9169108207075167,1.1710418835892429,44.597195489930776,41.86147186062617,45.15785199407958,133.192,151.8208,183.23284999999998
2025-03-30,124.58,127.08,123.0,124.82,1743775.296,-0.00083917,-0.0003939633333333329,-0.00010841571428571435,-5.730933333333333e-05,0.00038957573862906337,0.00025276124863240676,0.00020581977256677782,-1.7682791007524945,-3.391440331719205,-3.7923111020190556,0.6105028639277206,0.8673086122436792,1.170835878406957,37.57744733499675,48.90486540597782,33.388816965085454,132.914,150.3308,183.19485
2025-03-31,124.83,127.81,122.75,124.54,3730628.853,-0.00024577999999999997,-0.00040017333333333287,-0.00011352285714285721,-7.436633333333333e-05,0.0003857164969616683,0.00025490766302203676,0.0001992053932860947,0.2886042457132882,-0.7550110369767006,-0.8507062015645741,0.612276036032445,0.8312838419254235,1.1632965370712973,16.236162361157625,47.01941247095299,43.00460536667928,132.51999999999998,148.8122,183.13729999999998
2025-04-01,124.53,130.55,123.74,126.67,3554277.848,-0.00015026,-0.00041173666666666626,-0.00011200142857142862,-8.2568e-05,0.0003732364644945365,0.00025459799654196105,0.00019701124801576027,0.5555827787948712,-0.3224171602083285,-0.36829246028469903,0.6528811142301476,0.8334539812466933,1.1644887437969718,14.483047299701198,51.16198404315597,42.77742346843291,132.33599999999998,147.3362,183.07555
2025-04-02,126.68,136.21,117.0,117.42,6288908.68,-0.00015536,-0.0001837999999999995,-0.00013058857142857148,-8.579233333333333e-05,5.3736791819328816e-05,0.00024693134489030423,0.00019739713874474587,0.47895250607353596,-0.3086362966211612,-0.3874604107507231,0.716480581447965,0.8886891112696236,1.1613260094194982,12.891207153166008,34.26462835972639,39.16666666584335,130.794,145.72539999999998,182.97695
2025-04-03,117.42,120.94,112.24,117.17,5854867.278,-0.00026049,-0.00018870333333333286,-0.00016214428571428575,-9.0603e-05,6.222135186869155e-05,0.00023177270240354978,0.00019990562237415021,0.24128032010209302,-0.6794371719756066,-0.8807194569352562,0.6953450854691253,0.8094658367977067,1.157987020610708,9.115384615139178,39.44972688538884,39.98313917756015,128.41000000000003,144.1332,182.90595000000002
2025-04-04,117.17,124.0,113.25,122.79,5721072.32,-0.00033224,-0.00024936333333333284,-0.00017948785714285722,-9.5525e-05,8.896339487885623e-05,0.0002349755477664131,0.0002040736393937664,-1.347463397856488,-0.9042467980250231,-1.2090561125714125,0.8643909445920973,0.8356438996099207,1.153249384459529,35.22927689485623,44.74801550558157,43.72068391494616,126.325,142.704,182.86255
2025-04-05,122.8,122.85,117.15,120.32,1784381.3,0.00015785000000000002,-0.0001449599999999995,-0.00016288857142857148,-8.459533333333333e-05,0.0002646836558895004,0.0002506454550465426,0.00020867382034002758,1.6341067328426264,1.238809746496957,1.1429030024253202,0.876134334458191,0.7796404970720563,1.1500269470707571,39.47628458361494,42.76629570641454,43.69093520736121,124.623,141.12259999999998,182.80645
2025-04-06,120.33,121.13,103.81,105.91,4934346.985,-1.0819999999999995e-05,-6.173666666666617e-05,-0.00016488357142857148,-8.001066666666666e-05,0.0002489807868658937,0.0002492095994742253,0.00020873547255696143,0.5554073963518545,0.4626710210844789,0.28461997947224277,1.2896653014145296,0.9401495628511031,1.182099236426079,22.52252252206435,29.809566651046126,42.43648112704639,121.37100000000001,139.3512,182.6643
2025-04-07,105.9,113.0,95.26,106.99,12630664.993,-2.1899999999999997e-05,4.171000000000047e-05,-0.00017556428571428577,-7.956933333333333e-05,0.00010073264761247879,0.0002386909078112366,0.00020884758154542059,0.35805769341061794,0.38086694813432326,0.2315883455056363,1.2548916114913373,0.9421859883955148,1.181614786473413,25.07810281120264,21.45973154312007,45.61090880818385,119.12100000000001,137.7256,182.4848
2025-04-08,106.98,112.58,102.96,105.4,5839129.782,-0.00039552,-0.0001427466666666662,-0.0002129871428571429,-9.174099999999999e-05,0.000218978218387959,0.00022820928132471187,0.0002163858162289576,-1.1733280352066573,-1.121032460400687,-1.5764475385212091,1.2442610001407117,0.8618853763994612,1.1803473779580824,19.325064897215825,17.349726775541512,41.93157000633012,117.203,136.283,182.27849999999998
2025-04-09,105.4,121.0,101.26,119.05,9334586.139,-8.3e-05,-0.0001668066666666662,-0.00020702857142857148,-8.591666666666666e-05,0.00020041368248791339,0.00023059526373836394,0.00021410343888134855,-0.06087672925546603,0.29298420868016845,-0.026711212445916236,1.6994881573755938,1.0083079895657072,1.2190065485925774,52.085999487165076,36.12501896448831,47.2171163875288,116.626,135.2776,182.12670000000003
2025-04-10,119.05,119.3,108.21,112.81,5566324.629,0.00023456,-8.131999999999953e-05,-0.00017463214285714292,-8.017333333333334e-05,0.00031504335954758277,0.000258907211478974,0.00022043277078821812,1.2847905176236567,1.5454487527007374,1.4898843031434823,1.7483510591709737,1.0294812297138476,1.2235214949614623,45.16200621323539,31.9729805791618,46.20143884799019,115.453,134.1552,181.96759999999998
2025-04-11,112.8,122.65,112.16,121.41,4344066.889,8.189e-05,7.781666666666714e-05,-0.00015255785714285718,-7.599966666666666e-05,0.0001588191815504378,0.00026712888292784737,0.00022233179288635437,0.5074807690052496,0.8517760192897266,0.7121508787724727,1.341533703605368,1.0847434778946412,1.240383380956176,48.56369691852633,44.28733031586534,45.586844210669845,114.92699999999999,133.0634,181.8507
2025-04-12,121.41,134.11,119.41,132.24,4620265.855,6.965e-05,0.00012870000000000047,-0.00013932785714285717,-7.411166666666666e-05,9.188149484534101e-05,0.0002736097291940915,0.00022335185833534914,0.36898170435408045,0.7840553034800891,0.6327477834312322,1.4062919213170284,1.1396967241646228,1.2616986399508145,60.567375885773124,54.99739039565507,48.759764285757655,116.40899999999999,132.3294,181.74825
2025-04-13,132.24,133.96,125.32,128.38,4054370.603,0.00017839,0.00010997666666666713,-6.664500000000004e-05,-7.581266666666667e-05,5.9562929145139676e-05,0.00019814837768700845,0.00022114391811074325,0.6763323439796821,1.2057512125398566,1.1615028248478902,1.465151513768452,1.1130564565230523,1.2629594323242426,74.50381679275567,52.21779217451901,50.80316984263405,117.53,131.4556,181.65024999999997
2025-04-14,128.38,136.13,127.98,129.42,4150251.45,-4.354000000000001e-05,6.816666666666714e-05,-5.2199285714285773e-05,-8.223133333333333e-05,0.00011097243544390441,0.00019133923279444516,0.00021715163632211269,-1.3772149756907723,0.34832823515866773,0.007294806992858432,1.1755628030054535,1.1097766647375296,1.2634231647458953,74.48155424465975,53.01160207264605,50.50635638769362,118.19299999999998,130.6852,181.51960000000003
2025-04-15,129.41,134.45,125.82,126.11,3431482.497,-0.00017175000000000003,-1.229999999999954e-05,-5.373428571428577e-05,-8.887133333333333e-05,0.00017714812472906173,0.00019227036423759953,0.0002167273092258279,-1.4494731250724755,-0.1843834978037042,-0.6319877569514706,1.0389040327547912,1.0996838759894019,1.261560689611005,71.78624026824636,49.65936739574789,50.278850277843695,118.772,130.3712,181.36195
2025-04-16,126.1,133.91,123.49,131.33,5320768.994,-0.00014672,-0.00012066999999999955,-5.311714285714292e-05,-8.795266666666666e-05,6.795883235481573e-05,0.0001919326471759593,0.00021641097395558653,-0.8402552873522384,-0.09558570659245828,-0.4837545381137086,0.9225001586515674,1.1153620680213514,1.266337581585762,65.70332480700789,58.89727516844754,48.51939591252699,121.314,130.1112,181.23485
2025-04-17,131.33,136.2,129.5,134.83,3817459.718,0.00021614,-3.410999999999954e-05,-1.9072142857142914e-05,-7.502933333333332e-05,0.00021708390565637189,0.00019457347285905296,0.0002227298787075844,1.1572432453252592,1.2736455280950323,1.3574608083336206,0.5946717939272226,1.082956003270608,1.2671922442948746,80.28052805125972,60.845001227153254,52.76270538671964,124.098,130.10139999999998,181.11669999999998
2025-04-18,134.84,136.02,132.47,134.04,2556341.874,-4.648e-05,7.646666666667135e-06,1.339285714285654e-06,-8.0074e-05,0.00018738761145912318,0.0001729849229719091,0.00022021469144647312,-0.05213788962570582,0.20714498129744804,-0.023735719639941626,0.49960293148158497,1.0682578993486476,1.2601576295301373,72.11908931521945,57.34430082151348,52.12603242470211,126.96200000000002,130.02859999999998,181.02445
2025-04-19,134.05,140.5,133.58,139.87,2816038.068,-0.00024364,-2.4659999999999527e-05,-2.7338571428571492e-05,-9.423833333333332e-05,0.00023066533418575057,0.00017824239337774296,0.0002164577401802088,-0.921515145045474,-0.9544533576480808,-1.0244046680540129,0.577058571295793,1.0810285998480396,1.260840372151121,66.19957536958213,62.226391493594534,54.15934387703833,129.044,129.8624,180.99815
2025-04-20,139.86,141.96,135.64,137.86,3498098.615,-0.0003849,-0.00022500666666666621,-5.40585714285715e-05,-0.00010408733333333333,0.00016997771891742099,0.00020202750284235691,0.00022285882693974055,-1.166380765215853,-1.6034614880366584,-1.6926507650669227,0.5060361089432575,1.0840118376082097,1.261145101426118,71.84331797003273,73.64914877715606,51.86978545779771,131.549,129.7464,180.98655
2025-04-21,137.86,143.25,133.82,136.56,4657400.503,-0.00046079,-0.00036310999999999955,-8.540785714285721e-05,-0.00011696233333333333,0.00011020269368325367,0.00022891614992018183,0.00023206021991580326,-1.0116501848051986,-1.7528241369963018,-1.978312885787823,0.4807888592188294,1.0843293429599208,1.256290156516245,66.2568305989809,71.81643795041252,48.253120828019874,133.06400000000002,128.9034,180.98525
2025-04-22,136.57,150.23,134.68,148.79,5078409.536,-0.00018025,-0.0003419799999999995,-7.003142857142862e-05,-0.000123541,0.00014511122525512533,0.00021317187993970108,0.00023092303516219505,0.5046647668111391,-0.416457571335693,-0.5731713213564972,0.8306811848991089,1.0762051574857259,1.2721566037844074,86.72279792549521,77.668664709747,51.87997371581175,134.719,129.036,181.01300000000003
2025-04-23,148.78,154.21,147.13,151.1,4801378.47,0.00012578,-0.00017175333333333288,-5.511857142857149e-05,-0.00012360266666666667,0.00029337729330738337,0.00021940648622368992,0.00023085388516696291,1.5603631971254235,0.9329012333630134,0.9075841606919529,0.7897717719229667,1.0744381042753708,1.2718835063140823,85.34143725206503,73.89294766507453,55.17371033121908,136.99099999999999,129.16219999999998,181.05555
2025-04-24,151.1,152.9,144.87,152.55,3535860.484,0.00025163000000000003,6.572000000000049e-05,-5.389928571428577e-05,-0.000119495,0.00022211592985425045,0.00022118037864755224,0.00023651929971314444,1.2243796248008594,1.37024995158782,1.4972858718108863,0.768873222301548,1.0634334760902349,1.2709797225593233,84.1820987631586,81.90430314523655,55.294735262075704,139.30400000000003,129.2876,181.0859
2025-04-25,152.55,157.0,149.87,150.82,4226767.973,0.00021235,0.00019658666666666716,-4.458071428571435e-05,-0.00010686933333333333,6.438880048846606e-05,0.00022991706362257756,0.00024392175961550198,0.7333657773319835,1.1591707162041343,1.2656844407898584,0.7576433124630264,1.0590863457230872,1.1999234855587513,81.23603871716804,76.53853094915797,58.45556172073513,141.775,129.43779999999998,181.12019999999995
2025-04-26,150.82,153.17,147.75,149.21,1766805.88,-0.00010778,0.00011873333333333381,-5.725428571428578e-05,-0.00010316233333333333,0.00019714701932402716,0.0002280183784314781,0.00024300237330711043,-0.8677805325422057,-0.28318777912281606,-0.26333621285737796,0.7618651364127093,0.8645497905305747,1.1995360627330087,70.62720847838166,68.3697770059381,60.02605226599306,143.56300000000002,129.6342,181.14880000000002
2025-04-27,149.22,150.41,145.51,147.98,1599977.891,8.299999999999971e-07,3.5133333333333806e-05,-6.993714285714292e-05,-9.556299999999998e-05,0.00016279847428140584,0.00021864874157065923,0.0002425556045348759,-0.640929312243155,0.20763333707657908,0.2543644883840193,0.24097655547498648,0.8709709091045457,1.1886524797984404,73.14730100406197,72.49770431355606,59.35228557449373,144.878,129.8536,181.19205
2025-04-28,147.97,153.4,144.63,147.84,3507950.445,-7.124e-05,-5.93966666666662e-05,-7.191571428571435e-05,-9.408533333333334e-05,5.526510136025667e-05,0.0002185167869511263,0.0002425645481646825,-0.7785968561679317,-0.2106508291409161,-0.07069488007176976,0.16839119019191717,0.8633495679831943,1.188003762588661,77.24637680898198,71.58931082746776,59.419469597619866,146.25799999999998,130.2802,181.2361
2025-04-29,147.84,150.39,145.0,146.31,2498992.492,-0.00018179,-8.40666666666662e-05,-7.263285714285721e-05,-7.217266666666665e-05,9.198319753281563e-05,0.00021888579640386906,0.0001986528109805512,-1.0123659249742534,-0.7213182662272658,-0.583213785705737,0.08219693618309147,0.7291690830730998,1.174355904864114,37.599999997368094,74.70645792307752,57.97855053491761,146.902,130.84,181.24
2025-04-30,146.3,148.67,140.32,147.54,2780816.363,-0.00027165,-0.00017489333333333288,-8.155642857142863e-05,-7.3035e-05,0.0001003828423006972,0.00022461025918608837,0.00019948680984544737,-1.389551207544718,-1.0534453498148029,-1.0014602599566247,0.15585835943707332,0.6700687867733949,1.171986304728242,30.044843046969604,71.97072377064893,63.08882322113115,147.86999999999998,131.28379999999999,181.2457
2025-05-01,147.54,153.99,147.54,150.85,3037281.454,0.00013939,-0.00010468333333333289,-8.703857142857148e-05,-6.337999999999999e-05,0.00021609615667189053,0.00021761299401979012,0.0002026053358232153,1.3557562868083533,0.9538625082523755,1.070527356936472,0.25561942458210424,0.6153639888754746,1.038679072904417,42.115027826578725,71.82561307627908,64.2566881122594,149.299,131.7684,181.26125
2025-05-02,150.85,151.91,147.3,148.05,2216263.073,-8.635000000000001e-05,-7.286999999999954e-05,-8.988642857142863e-05,-6.107966666666667e-05,0.00020585128902930616,0.00021730204599400418,0.00020191559311220604,0.05195278248571223,-0.11221049620465032,-0.0651000560856609,0.305446446540914,0.5274369079506724,0.8717391130319293,38.312236284656706,68.09609919671058,60.95403295602193,149.225,132.262,181.21355
2025-05-03,148.04,149.05,145.82,146.71,1406583.56,-0.00026302,-6.999333333333287e-05,-9.127071428571434e-05,-6.1164e-05,0.00020170301789601487,0.00021841572479365206,0.00020200226179487382,-0.7690306823908769,-0.8918470897052161,-0.936579115113157,0.3157355468912161,0.5079960442760479,0.8709269123815032,39.20552676792365,59.99415546218611,61.55732679186862,148.786,132.52540000000002,181.1733
2025-05-04,146.71,147.81,143.5,143.95,1613358.553,-0.00016693,-0.00017209999999999955,-7.570142857142863e-05,-5.565366666666666e-05,8.844839679176286e-05,0.00020310722968637165,0.00019653339060987215,-0.22083631180003402,-0.37653870026973496,-0.45748397724072953,0.3449275612578602,0.5195893186175278,0.8718302119389671,34.63005339250638,58.70746353782694,68.5524775634808,147.926,132.68720000000002,181.12165000000002
2025-05-05,143.94,147.73,142.5,146.72,2030995.801,-0.00014437,-0.00019143999999999954,-5.3100000000000064e-05,-6.572766666666667e-05,6.300802087857017e-05,0.0001722149213114269,0.00019292468093960147,-0.26677652716499445,-0.2709080155502084,-0.346944006226778,0.3872835541254719,0.5029143318623422,0.871608797484575,46.44218551254703,63.94072447613838,69.06247001061918,147.51600000000002,133.099,181.10275000000001
2025-05-06,146.72,147.23,141.41,146.88,2352310.935,-5.750000000000004e-06,-0.00010568333333333287,-4.063571428571436e-05,-6.555866666666665e-05,8.72768109428978e-05,0.00016858086640513293,0.00019297665168434806,1.3339589886856649,0.38984196458963344,0.33610945393085817,0.3045738484838146,0.48096269222429605,0.8687492301015488,51.98329853608986,46.08124743272411,70.17902315434421,147.283,133.47639999999998,181.06244999999998
2025-05-07,146.89,149.54,144.68,147.32,2440566.284,0.00018972,1.3200000000000465e-05,-3.6068571428571495e-05,-5.850466666666666e-05,0.00016784921475843009,0.00017420835287784207,0.00019841857582704613,1.5243045492308542,1.391364344847467,1.2793584896317929,0.27218545765301955,0.471907701045478,0.8675744553879121,49.18998526992394,41.599999997411565,65.7809534421772,147.21699999999998,133.9162,181.00009999999997
2025-05-08,147.32,164.6,147.08,164.46,6040622.618,0.00017929,0.00012108666666666714,-4.123571428571436e-05,-3.934433333333333e-05,0.00010996750078249571,0.00016589297011413684,0.00019241490937588456,0.9902948284852641,1.2278734078966467,1.195876405847288,0.9665781425753895,0.6496873268966513,0.8841610976658701,74.82670557999349,65.59308719319637,75.70419030345403,148.879,134.49880000000002,180.9854
2025-05-09,164.46,176.15,161.07,172.78,6318574.649,0.00030000000000000003,0.00022300333333333383,-3.497500000000007e-05,-2.6577666666666665e-05,6.688468605250272e-05,0.0001774506550131854,0.00020189110663012579,1.1092047834520724,1.5903046575772184,1.708749837003655,0.8680236953889799,0.6567755358009354,0.8725892133460498,87.54934709804779,74.51987494184172,75.63629104489686,151.526,135.4024,181.01845
2025-05-10,172.77,178.98,168.72,177.89,3339701.179,0.00030000000000000003,0.00025976333333333385,-5.8478571428572085e-06,-2.439633333333333e-05,6.969195095805227e-05,0.0001969739871200535,0.0002051372874286345,0.8580451109925473,1.4477309562553755,1.6540331365066006,0.853679958889612,0.6512402471468844,0.8649886359002469,92.47956403093359,79.70173984855874,74.16110934468452,154.56099999999998,136.3906,181.06995000000003
2025-05-11,177.89,180.26,169.35,173.19,3210729.52,0.00025117,0.0002837233333333338,1.2033571428571361e-05,-1.8753666666666663e-05,2.819201355593582e-05,0.00020864414296399428,0.0002104218032260169,0.12297374884650723,1.1650253643415358,1.3785937549039355,0.9878501223061251,0.6665943827486475,0.8686383681316507,87.83643892180423,74.35748792069373,73.50750183395424,156.79500000000002,137.2842,181.08164999999997
2025-05-12,173.2,181.46,168.31,174.22,6245732.977,0.00020457,0.00025191333333333385,3.173428571428564e-05,-1.4256333333333328e-05,4.7719342287379154e-05,0.00021314910882954196,0.000213791244822008,-0.7739749147512544,0.8374190685426945,1.1365683638569548,0.9800049803137577,0.5779441446771202,0.8651010251314238,87.26287262707092,75.05699087946277,73.50472192858538,159.41199999999998,138.11180000000002,181.0668
2025-05-13,174.22,184.83,166.18,183.75,4587043.398,0.00022883000000000002,0.00022819000000000048,6.106428571428566e-05,-1.2574999999999994e-05,2.3306591235274985e-05,0.00020973126928978587,0.00021554963775612484,-0.6583978029339826,0.918873001348128,1.247529524739137,0.6346048171786224,0.6091783068701451,0.8537601010542136,89.84223038550057,80.87071239918835,78.38849487569455,163.11599999999999,138.9666,181.16105
2025-05-14,183.75,184.88,173.23,176.64,3619155.253,0.00022295,0.0002187833333333338,9.639285714285708e-05,-3.6919999999999957e-06,1.2655343865028589e-05,0.00019011501504162705,0.00021968109390009305,-0.5055777926684162,0.9029983450608686,1.2077993826945654,0.7335916261516306,0.6444958417704766,0.8602933992975716,77.69172648178345,71.87312086439232,71.9079392689165,166.385,139.6266,181.18984999999998
2025-05-15,176.63,178.33,166.7,169.16,3546037.724,1.981e-05,0.00015719666666666715,8.78514285714285e-05,2.6933333333333395e-06,0.0001190166615577246,0.00019071991989086831,0.00021739994810802371,-1.7604831632528481,-0.08916131304291021,0.2857449108195449,0.7708267035539518,0.6759003536702278,0.846016634454809,55.42975970335487,62.950912433326764,65.98379737233675,168.629,140.263,181.1525
2025-05-16,169.16,174.21,166.36,167.4,2766386.671,6.215999999999999e-05,0.00010164000000000046,9.845928571428565e-05,9.656000000000005e-06,0.00010717027430689955,0.00018430778623787015,0.0002157886069774757,-0.8641652786232327,0.08902024280154144,0.4608051230210516,0.7508951020849832,0.6757733168741924,0.8464806806858097,42.67429193818432,63.890882985076125,65.39313399609543,170.68099999999998,140.8424,181.09805
2025-05-17,167.4,169.99,164.01,165.94,2262121.706,-2.210000000000001e-06,2.658666666666713e-05,0.00011708857142857136,2.3776666666666722e-06,3.271569391521615e-05,0.00015596104246335356,0.00021223709089160178,-0.9722391868784774,-0.2516333953546559,0.15563219383087826,0.7385579645528412,0.6759687775364053,0.8447088527613723,31.932264891976047,63.78099469558128,62.53485911938554,172.543,141.57139999999998,181.03064999999998
2025-05-18,165.94,176.77,164.54,173.3,3194610.936,0.0001493,6.975000000000046e-05,0.00013967642857142852,8.903666666666673e-06,7.603963502686007e-05,0.00013284985078921757,0.0002136880049167535,0.6260495304781154,0.4954374638336536,0.841275850674218,0.6627319686118697,0.6938661734232819,0.8309898870640994,50.15393226881872,69.73241898483764,66.2063288806898,173.427,142.54579999999999,181.0228
2025-05-19,173.3,173.94,159.44,166.86,4076352.744,-0.0002545,-3.5803333333332876e-05,0.00013180999999999995,8.54166666666667e-06,0.00020398527895011936,0.00015273517316682442,0.00021413930340606204,-1.6517299676771418,-1.5890203593395182,-0.9634553418890079,0.6567566199560895,0.7173420807260148,0.8227403377380968,41.05493436974386,62.90363915827698,63.23375261899848,172.835,143.3866,181.01365
2025-05-20,166.87,173.11,164.51,168.59,3135420.426,0.00014982,1.4873333333333791e-05,0.00014292214285714278,2.6365666666666667e-05,0.00023328429464572803,0.0001475276560840794,0.00020218171834488085,0.773120263612228,0.4265510891699339,0.8538078497355948,0.573760273756419,0.7174837590910329,0.8228462845835003,27.264547090009458,63.63522170469679,59.52106174104002,171.905,144.26760000000002,181.02609999999996
2025-05-21,168.59,175.99,165.51,173.53,4400610.4,0.00026378,5.30333333333338e-05,0.00014821214285714278,5.0518000000000007e-05,0.00027235874087011135,0.0001506299913505865,0.00018448351348610036,1.0115817699126577,1.0047950089302877,1.3238196641038362,0.6098634831696597,0.720827258999744,0.8249521864709456,45.01122874457789,65.58078706346674,60.519651063038594,171.939,145.2048,181.0629
2025-05-22,173.54,180.87,172.59,179.68,3608222.862,0.00027607,0.00022989000000000047,0.00015512499999999994,6.572866666666667e-05,6.961440005493182e-05,0.00015434100555385992,0.00018361032004312054,0.736189476791839,0.9696836610416206,1.3387795058117287,0.6194531558028299,0.7204035180339919,0.8253188053886242,67.6273458429176,60.407549232979065,62.186685830795774,172.485,146.45,181.14864999999998
2025-05-23,179.68,187.71,173.23,174.01,6112910.776,0.00030000000000000003,0.0002799500000000005,0.00015512499999999994,7.153600000000001e-05,1.8419090504283017e-05,0.00015434100555385992,0.00018827116179422876,0.6598906388282576,1.0357699080386584,1.4121609288818895,0.648745208387488,0.7383647543701888,0.8187307176147606,59.79259259135242,50.87271179124134,60.060737525655796,171.511,147.5868,181.22895
2025-05-24,174.0,178.33,172.5,175.87,2317965.021,9.199e-05,0.00022268666666666714,0.00014026714285714277,6.621466666666667e-05,0.00011381728879367085,0.0001492498106365534,0.00018523702431765983,-1.3749673254388273,-0.3073620776774931,0.5146416490620236,0.5001582934879046,0.7279219085904619,0.8180713160362354,64.53879941302556,48.497470989766505,61.54112553963363,171.43400000000003,148.6484,181.2752
2025-05-25,175.87,176.88,169.14,175.74,2530363.859,-1.1200000000000001e-05,0.0001269300000000005,0.00012152642857142851,5.8763e-05,0.00015851486584864683,0.00015071813430560916,0.0001836452328631174,-1.4276406289408825,-1.0981774762325724,0.05593568332770253,0.5094002930382422,0.7281093140550561,0.8091708942652714,54.531946506754366,52.03511572110377,62.13286713134641,172.092,149.7568,181.22095000000002
2025-05-26,175.75,179.02,173.48,174.91,2214724.796,9.461e-05,5.846666666666714e-05,0.00011367214285714279,6.550933333333335e-05,6.034732329069864e-05,0.00014891195907587958,0.0001810148232836364,-0.4184800556268821,-0.4041163595089786,0.49570191065203895,0.4645025473788183,0.7297517043016711,0.8094045386028481,68.88784607938888,50.55244195242957,61.760361454749074,172.84300000000002,151.1368,181.11375
2025-05-27,174.92,179.41,171.24,176.71,2568509.368,-1.7859999999999995e-05,2.1850000000000474e-05,9.605142857142851e-05,6.488633333333334e-05,6.309993736146689e-05,0.00014883252042308118,0.0001812770794909024,-0.8514330004207917,-1.1017001438362448,-0.011098883549814567,0.33275229968066583,0.729312931584682,0.7898642605919505,68.98971000709571,43.56725146087366,63.176144242572,173.92000000000002,152.53119999999998,180.99805
2025-05-28,176.72,177.45,168.92,172.21,2534660.877,-6.653e-05,3.4066666666671387e-06,7.537428571428566e-05,6.504333333333333e-05,8.264821975309286e-05,0.0001499508644992033,0.00018115711807841026,-1.1797655117546213,-1.2932241917228848,-0.22919392926985405,0.2841127553305017,0.5845713256112122,0.7860765320101626,46.84813753425056,45.749376318095415,60.397875746698865,173.811,153.8674,180.85965
2025-05-29,172.22,175.34,165.96,166.71,2641789.968,-3.685e-05,-4.041333333333286e-05,7.13271428571428e-05,6.987466666666667e-05,2.4529884393495596e-05,0.0001523119249525124,0.0001762124936824442,-0.47983520148709646,-0.9934254959258212,-0.17896831083435738,0.3410303781590184,0.5621232481820578,0.7915712461528267,18.038442581930738,47.55635347962142,56.56348286576413,173.796,154.82059999999998,180.64285
2025-05-30,166.71,167.51,155.22,156.2,3770279.512,-3.314e-05,-4.5506666666666195e-05,6.451999999999994e-05,7.7825e-05,1.830099528327833e-05,0.00015486138193432199,0.0001653159080906355,-0.34096833502659213,-0.8782035177549119,-0.18044028706190593,0.5494171689899693,0.6050722983166763,0.8100193350750033,14.56426581734209,40.48913043381989,53.17046603789871,172.55700000000002,155.6884,180.3132
2025-05-31,156.2,158.01,152.14,156.45,2352257.752,-5.0879999999999994e-05,-4.028999999999953e-05,6.104357142857136e-05,7.148266666666667e-05,9.3569276488021e-06,0.00015700604797545763,0.00016651800219586675,-0.5319584901965395,-0.9052516683446606,-0.2801973649572671,0.5714566159531747,0.5989181507439645,0.80935845851811,8.715986394298454,41.772151897720114,53.8214061507321,170.849,156.3892,180.03725000000003
2025-06-01,156.45,157.92,150.59,157.68,2042131.041,-0.00018563,-8.988333333333285e-05,3.7119999999999936e-05,6.817333333333333e-05,8.33921161043497e-05,0.00016767817623005948,0.000170696981841465,-1.7497392170226254,-1.6116863864670825,-0.9627282131731831,0.5591850165592088,0.5996444839963491,0.7845411375403631,13.322502030490512,34.84672099245664,55.45230720232495,168.649,156.898,179.75
2025-06-02,157.68,158.93,151.67,156.83,2502052.191,8.613e-05,-5.012666666666619e-05,6.145071428571422e-05,7.981166666666667e-05,0.00013588156618305099,0.0001453324053765025,0.00015882719110922898,1.349844927690485,0.22556398132974734,0.3965590867333535,0.5760633060488103,0.5395372665267936,0.7847645298912298,13.311688311310249,39.08596300207356,54.07694168762468,166.93099999999998,157.467,179.4863
2025-06-03,156.83,163.64,154.14,155.19,2849585.145,0.00011693,5.81000000000047e-06,5.910142857142851e-05,8.927366666666667e-05,0.00016650560109204146,0.00014405425184266045,0.00015192632739471977,1.0783154724649584,0.4857284918966519,0.5300819846884459,0.5585191671753112,0.520876495562309,0.7785047924606827,6.045751633814106,35.39031835914642,53.31154857615947,164.863,157.98239999999998,179.17
2025-06-04,155.19,157.97,152.94,153.26,1990646.424,2.279e-05,7.52833333333338e-05,4.188785714285708e-05,9.484566666666667e-05,4.799815130138914e-05,0.000131572752856655,0.0001460120400271463,0.2058253263322295,-0.17480386512946916,0.043788984428060125,0.16211310873236742,0.4950712334713187,0.7772391727182746,6.754906435201875,26.347724619909343,52.33931946954513,162.61499999999998,158.52540000000002,178.85775
2025-06-05,153.27,154.61,141.53,144.29,4258041.075,4.28e-05,6.084000000000046e-05,2.522571428571422e-05,9.646400000000002e-05,4.959502086922246e-05,0.0001131101705053575,0.00014512499396621375,0.22035285917494055,-0.02782987903846808,0.14548434439307162,0.49504636058698887,0.5486617904653315,0.722571508969814,5.831363278011011,11.254652944695565,41.51022813270285,159.553,158.7846,178.39185
2025-06-06,144.28,152.39,144.11,147.83,2167791.114,-0.00019247,-4.229333333333286e-05,-9.950714285714351e-06,8.372433333333333e-05,0.00013044107262805832,9.643172909160871e-05,0.00015320640280508887,-1.7053751718920556,-1.5098314226724263,-1.0803362231047344,0.5801913803198168,0.5649891289797766,0.7240083039555976,27.267789243938893,19.93569131768706,39.05797736944688,156.66500000000002,159.0446,177.93205
2025-06-07,147.82,152.84,146.84,150.06,1408204.615,5.118e-05,-3.282999999999953e-05,-1.286571428571435e-05,7.945400000000002e-05,0.00013831577384746998,9.369102770143616e-05,0.0001522331603888239,0.3649586159570712,0.1255892930561631,0.17087104983894003,0.628339405411231,0.5293880267471729,0.7225641138075812,34.330554192053455,20.61033932979157,37.478628632188084,154.45,159.365,177.4942
2025-06-08,150.07,155.3,147.88,152.45,1564000.366,1.4729999999999996e-05,-4.21866666666662e-05,-1.1013571428571493e-05,6.994500000000002e-05,0.00013141902764956975,9.398233692943743e-05,0.00014679438401443104,0.26433908595412514,-0.2318778790387169,-0.03827952631791853,0.6612533226941562,0.5192091422648495,0.6621612339985211,37.86542923310875,24.777994367886322,40.47050174496125,153.024,159.6166,177.07905
2025-06-09,152.45,161.73,149.58,161.16,3079728.265,0.00017674,8.08833333333338e-05,-5.147142857142926e-06,6.583633333333333e-05,8.499132913627543e-05,0.00010319439850466808,0.00014177235017057762,1.1850768338419146,0.9578684166084551,0.863624982292873,0.8150725569300423,0.576820397412113,0.6578832054709337,57.36144168513587,37.28029602123604,44.394849784340735,153.51999999999998,160.0826,176.60299999999998
2025-06-10,161.16,165.67,156.32,165.12,3589559.163,0.00018964,0.00012703666666666712,9.674285714285648e-06,6.378533333333333e-05,9.747406336224946e-05,0.00011540665836435981,0.00013942432884763337,0.9164686962520184,1.1250228162825349,0.9192372395234353,0.3169433497888781,0.5723628589481545,0.6375208654342545,65.6476520628442,39.69044653877306,41.602812583462665,154.387,160.6538,176.1441
2025-06-11,165.12,168.36,159.21,160.97,4019424.999,0.00030000000000000003,0.00022212666666666716,3.585499999999994e-05,6.696633333333334e-05,6.77480223205216e-05,0.00013644637389547407,0.00014376808963405897,1.3364598651228083,1.9302994722767235,1.477406065135627,0.5527084125562883,0.5545287866636114,0.6091296308847116,61.3549337248027,39.93913354715513,42.74335463443846,154.716,160.8974,175.6745
2025-06-12,160.98,161.28,152.02,152.32,2883476.685,8.988e-05,0.00019317333333333382,4.490714285714279e-05,6.233466666666667e-05,0.00010510455236736276,0.00013545208459526,0.0001405764319978057,-0.5957716282460924,0.47007542580955786,0.3526124560150292,0.8316732557785466,0.5839086246718573,0.6208497348912968,61.93874516671551,37.807151329386045,42.28513835332236,154.26500000000001,160.9218,175.17245
2025-06-13,152.32,152.59,140.21,148.6,5339782.783,-9.913000000000001e-05,9.691666666666713e-05,4.0193571428571365e-05,5.159866666666667e-05,0.0001996580206962638,0.00013946567466069972,0.00014018534112993558,-1.547796056051955,-1.0196530739458127,-0.6659358344423381,0.846652075055798,0.5833338711515493,0.624403052106094,51.138716355048864,42.723094598624826,41.539153914344645,153.606,160.8428,174.74455
2025-06-14,148.6,148.7,141.97,144.64,1679994.751,0.00010607,3.22733333333338e-05,5.140428571428565e-05,5.447400000000001e-05,0.00011408617807759944,0.00013788081646361818,0.0001403953219990277,-0.0763807811254187,0.6181019947412665,0.4226939482702101,0.5478887282326936,0.5874665607242046,0.6247168697384775,42.37478896933982,39.442159841673195,40.624999998998675,152.744,160.7192,174.3143
2025-06-15,144.65,153.54,144.22,152.97,2831999.616,0.00012283,4.325666666666713e-05,7.343714285714279e-05,5.6496333333333337e-05,0.00012359488876305947,0.00012065994143606711,0.00014094573667437391,0.1334370709834294,0.7379039789353774,0.49248664323563823,0.7995987311344216,0.6512265497436656,0.6316881861199819,50.626808099434946,46.26368395899144,41.12769485803302,153.61200000000002,160.7944,173.86934999999997
2025-06-16,152.97,158.8,150.3,150.72,3573196.785,0.00019376000000000002,0.00014088666666666713,8.112499999999994e-05,6.302866666666668e-05,4.6550149606064204e-05,0.0001248857066219109,0.00014266189341668537,1.0181078649059718,1.1841386068966586,0.8854738526137459,0.7923879252281493,0.6474919848264016,0.6302600912758864,35.094231866802815,45.25841998970414,42.68889291430034,153.90099999999998,160.8492,173.435
2025-06-17,150.73,154.33,145.61,147.57,3395648.859,0.00016318,0.0001599233333333338,8.442857142857137e-05,6.349133333333334e-05,3.5576967666536364e-05,0.0001265069019586649,0.00014297349452497123,0.5721402983499019,0.8548656073625384,0.6963512471753687,0.6714766954127059,0.6453220959077905,0.6325347541406514,24.34960537804605,44.22202001725947,40.59928443547695,153.652,160.8438,172.9562
2025-06-18,147.58,149.28,143.65,146.34,2800908.98,2.7679999999999996e-05,0.00012820666666666714,8.477785714285708e-05,7.289733333333334e-05,8.839113150281397e-05,0.00012633025401262177,0.00013002797608840773,-1.5025277029360324,-0.23356851336490866,-0.07300020067165842,0.6446075984915064,0.6357159949346918,0.6245498069638502,26.62192393676463,44.69650521056754,37.422518270841145,153.041,160.8444,172.49990000000003
2025-06-19,146.35,147.9,142.92,147.04,2285335.729,6.493e-05,8.52633333333338e-05,8.635857142857136e-05,7.006766666666666e-05,7.000104162332463e-05,0.00012590232653845055,0.00012921742352807429,-0.724213438722029,0.023088449972003364,0.09850422598286622,0.5919197537031647,0.5795836906761035,0.6234496755059878,38.688946014263834,52.413550990462014,34.09976617210174,151.629,160.83440000000002,172.05110000000002
2025-06-20,147.04,148.81,135.69,140.11,3393327.209,0.00011071,6.77733333333338e-05,0.00010801428571428566,6.496533333333333e-05,4.158796254147969e-05,9.701315776451588e-05,0.00012423052137107955,-0.019660683359608577,0.3328560063875846,0.3392990136190235,0.3757052758789195,0.6102961861521714,0.6347544299362763,34.011299434131544,43.605036446967404,33.68623676521348,149.128,160.6196,171.62305
2025-06-21,140.11,142.6,130.9,135.43,2826424.143,-9.999000000000001e-05,2.521666666666713e-05,9.721642857142851e-05,5.243000000000001e-05,0.00011082185762905336,0.00011120096876699248,0.0001211289559358423,-1.539341788491408,-1.5344877133743051,-1.0304334047779895,0.3979243535135419,0.6188037316537792,0.6030722611646216,33.11331133028315,38.35376532313811,31.053223387491116,146.57399999999998,160.3672,171.13060000000002
2025-06-22,135.43,137.62,126.0,131.71,4252120.023,1.356e-05,8.0933333333338e-06,9.713285714285708e-05,4.288200000000001e-05,0.00010545632189847718,0.00011126814813967168,0.0001118773247336361,-0.12495530481894544,-0.5001742990393612,-0.28301384637427507,0.4016422039548739,0.62467274111803,0.6049750460978022,3.089143865747417,33.83224196995067,30.042607197134288,144.51299999999998,160.06719999999999,170.6434
2025-06-23,131.71,146.92,130.68,144.51,4573147.667,6.888e-05,-5.849999999999532e-06,8.942857142857137e-05,4.211166666666667e-05,8.609198740314208e-05,0.00010904401114346512,0.0001116067659291526,0.4586031769293561,0.004314976987006196,0.0967484172313622,1.082997532674934,0.7600818195454501,0.6482961758657858,40.65040650320819,37.79862230612753,37.56951259318618,144.10399999999998,160.0784,170.18675
2025-06-24,144.51,146.77,142.31,145.92,2741809.086,8.666e-05,5.636666666666713e-05,8.207285714285708e-05,4.537366666666667e-05,3.81226983351419e-05,0.0001051685811065761,0.00011142482183591171,0.6034312200924666,0.1328993302542698,0.22945098975957656,1.0868449197326067,0.7609840504081419,0.6482717291130948,47.37845567101476,35.383678440171465,37.369759618470454,144.232,160.06240000000003,169.732
2025-06-25,145.93,147.95,142.25,143.57,2233601.909,0.00013394,9.649333333333382e-05,7.02114285714285e-05,4.668466666666667e-05,3.3626205976139085e-05,8.638636286667697e-05,0.00011225240247237403,1.0412262313360543,0.5067322274021641,0.5202021092544069,0.9913726155333759,0.7187309706464775,0.6489482303664114,45.750230130959615,36.38071383764976,38.040754968210166,143.29199999999997,159.99620000000002,169.25915
2025-06-26,143.57,148.0,138.62,139.06,2522507.942,-6.2600000000000044e-06,7.144666666666714e-05,6.334428571428565e-05,4.707133333333334e-05,7.132737292478459e-05,8.849800846640585e-05,0.00011204218607658387,-1.1596550016349823,-0.9419392406373451,-0.41579291668067103,0.9841505308034113,0.722004130594583,0.6532737932010303,39.0384615377108,38.90190826825473,38.35789473593768,142.12599999999998,159.831,168.76935
2025-06-27,139.05,144.85,137.14,142.09,2471847.15,-3.1629999999999994e-05,3.201666666666715e-05,6.816571428571423e-05,4.8234666666666674e-05,8.917501683966059e-05,8.043699996928323e-05,0.00011099831141365132,-1.202392844584176,-1.1226127233238616,-0.5916032247569265,0.9208209649450222,0.7257003851513032,0.6556460659785016,53.0461538450113,44.48772226820859,43.659566818349546,141.578,159.3836,168.39664999999997
2025-06-28,142.09,152.7,141.13,150.72,2657836.682,0.00026933,7.714666666666714e-05,7.982714285714279e-05,5.844066666666667e-05,0.0001669183465900347,9.657119043069345e-05,0.00011682834472491987,1.4836962604662267,1.629082589053735,1.383043833312297,0.6730136455407635,0.7690048682942487,0.671402786490831,70.97393689849983,54.770872566279365,47.60551608747769,142.01600000000002,158.9424,168.08225
2025-06-29,150.73,154.77,149.36,153.32,2150026.172,0.0002346,0.00015743333333333382,8.781071428571424e-05,6.736533333333334e-05,0.0001646519092763456,0.00010467936409772704,0.0001197803454840075,0.8393527122037389,1.2438854599599782,1.1310542949409124,0.6772629200098432,0.7317246584525314,0.6723812135398504,80.58307387329727,50.30177616709049,48.1986448509754,142.644,158.451,167.71239999999997
2025-06-30,153.32,159.99,149.45,154.81,3871390.335,0.00011745999999999999,0.00020713000000000046,8.236071428571421e-05,7.297666666666668e-05,7.957433565547072e-05,0.00010064751687210134,0.00011797947055252631,0.005575260243995739,0.22215014366385147,0.31610143937707974,0.6197897410020362,0.7240813338538062,0.670606375457834,71.44046627601968,53.57330071509694,49.16981752311626,144.11399999999998,158.0834,167.35165
2025-07-01,154.82,155.64,144.85,146.88,2770862.174,6.938000000000002e-05,0.00014048000000000047,7.566071428571423e-05,8.1477e-05,8.498148265953982e-05,9.793925765994709e-05,0.00010741851228226406,-0.508601424043833,-0.12770112523906094,-0.03846353345128687,0.7697684427928717,0.7489296365517286,0.6816957492498803,51.57170923260969,49.443638121767115,46.752637748097634,145.25900000000001,157.5366,166.9621
2025-07-02,146.87,154.47,145.85,152.27,2652574.279,-0.00010599,2.695000000000047e-05,6.611285714285709e-05,7.507299999999999e-05,0.00011761251759494286,0.0001088809679899665,0.00011272720441587136,-1.4943099500524908,-1.681932989267176,-1.3430530509693193,0.7974411613539286,0.7316407488390937,0.6870929020506558,62.954139367359524,54.48088257403245,49.62331633712089,147.315,156.90699999999998,166.62379999999996
2025-07-03,152.28,156.35,149.86,152.36,2686218.205,0.0001549,3.9430000000000475e-05,7.253928571428565e-05,7.633866666666668e-05,0.0001329986838093519,0.00011143104776661726,0.00011342436944924086,0.478517368945444,0.7073563674888504,0.5416775614872472,0.6355636970399624,0.7231603826449186,0.6853303426592149,72.80521261827971,54.05735204277487,53.29307108341452,148.1,156.4214,166.26425
2025-07-04,152.35,153.88,145.22,147.7,2308086.736,2.4730000000000002e-05,2.4546666666667134e-05,6.639785714285708e-05,7.640333333333334e-05,0.00013044509660525467,0.00011153478368294503,0.00011339333576534544,-0.27067196368053936,-0.5591144788822241,-0.4685826819170661,0.6648174937450467,0.7264027697253685,0.6882786025800459,59.11010068069574,55.996207930504085,49.94743226736875,148.278,155.99220000000003,165.9218
2025-07-05,147.69,148.7,145.9,147.55,1173963.86,-0.00029506,-3.847666666666619e-05,5.246428571428564e-05,6.514133333333334e-05,0.00023154332732419248,0.00014195582881054703,0.00013208334019614902,-1.5085810493181075,-2.7314020104569616,-2.714003864622239,0.6456697425706258,0.6830963644993018,0.6882796718590546,42.895562526668485,60.31313818780738,48.96767294450021,148.676,155.5952,165.54379999999998
2025-07-06,147.55,153.89,146.78,151.86,2486859.718,-7.462000000000001e-05,-0.00011498333333333287,4.616571428571422e-05,6.906966666666668e-05,0.0001636713476096623,0.00014572112711317987,0.00012575851669435653,-0.09253769809915519,-0.9361887893299767,-1.0851302151623516,0.5119050394548265,0.6924760367615481,0.6918880803187583,46.960865943677284,66.97556865890874,49.76111425913572,149.956,155.3136,165.27044999999998
2025-07-07,151.86,153.6,147.7,148.88,2174727.723,0.0002045,-5.5059999999999524e-05,5.585285714285708e-05,7.418033333333333e-05,0.00025035373693041977,0.0001517311505149355,0.00012810000117281466,1.0111241575330292,1.187538188641725,0.9151381501369807,0.4363565897344657,0.6917210462817437,0.636611817895957,38.37710701580307,54.4114677957566,44.786005433717726,150.635,154.8252,165.0458
2025-07-08,148.89,152.88,147.85,151.67,2712869.323,-5.779999999999997e-06,4.136666666666714e-05,4.924999999999994e-05,7.349666666666667e-05,0.0001454101087557298,0.00015229768607512986,0.00012848238702368003,0.12975160183681858,-0.3978210760684175,-0.566566688782249,0.48031815654184146,0.6946942328622794,0.625787472583804,61.75748649763226,55.64722058381642,44.23192383460117,150.73,154.5214,164.83175
2025-07-09,151.68,157.93,150.53,157.05,2907219.748,2.6220000000000003e-05,7.498000000000048e-05,4.1555714285714226e-05,6.847933333333334e-05,0.00011330301317713371,0.0001503991519341787,0.00012724462969546953,0.30485346723300705,-0.14063378693468973,-0.3064789723480315,0.43028472709204757,0.7089194540259373,0.6277111506571907,61.73870333775945,62.49536521899345,48.3364454240762,151.103,154.2906,164.70975
2025-07-10,157.06,165.43,155.64,164.34,3428382.349,0.00013817000000000001,5.287000000000048e-05,5.187214285714279e-05,6.676366666666667e-05,7.558483640928986e-05,0.00015181383833387182,0.00012589448980215162,0.7157384437626365,0.6928438826841088,0.5534132040127394,0.4792759238320176,0.6907027599724171,0.635326043695612,71.73439767597186,72.28490831979549,55.16057015151598,152.056,154.1068,164.62884999999997
2025-07-11,164.33,168.2,159.54,162.93,4354179.713,0.00024064,0.00013501000000000048,7.131999999999993e-05,6.478500000000001e-05,0.00010724492200106255,0.00015762232553453713,0.00012252369127235688,1.1102171536562606,1.3153622978264303,1.3195066873384822,0.5314592696236944,0.6692811870619452,0.6353753586935003,81.32455779280434,68.91107077864834,56.27682873274135,153.661,153.7718,164.49294999999998
2025-07-12,162.92,163.9,157.74,160.69,2043211.942,0.00030000000000000003,0.0002262700000000005,7.351071428571421e-05,7.178900000000001e-05,8.186641493926739e-05,0.00016076781171394107,0.00012979748808566625,1.2111400632973777,1.5424490036082479,1.7352681445801905,0.4980967177162307,0.6569267493608224,0.6212481884350425,74.88636363437796,60.234038183446344,57.13777461389322,154.503,153.5054,164.31095000000002
2025-07-13,160.7,164.19,159.63,161.15,1929745.851,0.00027719,0.00027261000000000044,7.655285714285708e-05,8.433300000000001e-05,2.9943859053325275e-05,0.00016441216716991773,0.00013088952404632256,0.7110791046482009,1.2537960372896642,1.5442936049628277,0.5066107557634533,0.5413355585897822,0.6142894163124941,70.59866962086828,58.40669959025619,53.91162968486083,155.382,153.211,164.1295
2025-07-14,161.15,168.65,160.61,162.21,3973706.533,0.00023590000000000001,0.0002710300000000005,8.501285714285709e-05,8.866066666666668e-05,3.249094789330573e-05,0.00016964301986946588,0.0001337481105253299,-0.040018874098845955,0.9092776549656061,1.1991272312656642,0.44465415980247314,0.541026308623692,0.6055759758831402,82.30731943491928,58.01907238662274,55.55770532886175,156.83300000000003,152.9404,163.99825
2025-07-15,162.21,164.26,157.23,163.98,3665295.753,9.641e-05,0.00020316666666666714,8.694357142857138e-05,8.778e-05,9.473096340871383e-05,0.00016960522622375175,0.00013360226570155955,-1.685854054870559,0.01883338443846197,0.17706967523424746,0.19897363096619505,0.5326311654534995,0.6057323911136513,81.38704742187807,71.38569284392344,58.04490636177541,158.47600000000003,152.72179999999997,163.89705
2025-07-16,163.98,176.0,161.51,173.63,5020288.123,0.00030000000000000003,0.00021077000000000045,0.00011594285714285708,9.132133333333332e-05,0.00010409543551476822,0.00016878602400117172,0.00013784883441826843,0.6799301351150484,1.2025698366548605,1.5936349973726058,0.5073831040659333,0.544576623478862,0.6216894334498916,84.71524287858873,74.14104882224686,62.3584820199746,160.653,152.66019999999997,163.7877
2025-07-17,173.62,178.19,168.71,175.87,4491555.727,0.00030000000000000003,0.00023213666666666716,0.0001263071428571428,9.588200000000001e-05,0.00011754274128308081,0.00017567647267625284,0.00014249329819656422,0.6799301351150484,1.085541303004633,1.546404612534963,0.42434777031448334,0.5426302214790967,0.6132308682774074,80.61603823385919,75.3395128237664,62.87628405380926,163.352,152.7334,163.71734999999998
2025-07-18,175.88,184.67,173.24,177.28,5191853.168,0.00030000000000000003,0.00030000000000000003,0.00014596928571428567,0.00010495933333333334,0.0,0.00017880969563342905,0.00014661309234992033,0.6058764045104736,1.0655203134381306,1.5256640234073302,0.40960073035163447,0.4972677402633283,0.6059858262103788,88.10408921605557,84.2837273964303,67.46218171390683,165.913,152.94480000000001,163.64685
2025-07-19,177.28,178.61,174.0,176.96,2059315.008,0.00030000000000000003,0.00030000000000000003,0.00018847357142857135,0.00011279500000000001,0.0,0.00012996266449411307,0.0001506266394178478,0.44716448259644315,1.0269633975009573,1.4812627697152843,0.43816749836717095,0.4972635064340037,0.6055717117467041,98.1076286180559,83.95289771143996,70.34388164791845,167.904,153.36,163.5851
2025-07-20,176.97,183.66,176.33,181.43,3694854.915,0.00030000000000000003,0.00030000000000000003,0.00021523214285714282,0.00011910466666666669,0.0,0.00010840431620189506,0.00015445233151071554,0.0,0.9474445627648757,1.4683543985861072,0.4354698168157823,0.5029882523948974,0.6045201506617237,98.47036328542406,84.0119622701261,74.17817545022662,169.613,153.8596,163.52085
2025-07-21,181.44,199.28,178.25,195.72,6495907.179,0.000329,0.00030966666666666713,0.00022412499999999996,0.00013340433333333335,1.6743157657276603e-05,0.00011248597544716093,0.0001533228869877829,1.787476139951911,1.0164477784538166,1.6514394486805433,0.5836542640455966,0.5053012538596579,0.6268578163723691,99.062957538233,92.752829497447,74.54702329394371,172.892,154.6204,163.4579
2025-07-22,195.72,206.3,193.75,205.7,8635627.173,0.00030000000000000003,0.00030966666666666713,0.00024596642857142853,0.00014295233333333333,1.6743157657276603e-05,9.228395364780699e-05,0.00015451658156235776,-0.44686903498799346,0.7693166840775798,1.448579531525467,0.6042575623411054,0.519771093756838,0.6322655565479104,99.2445703477462,93.59367435644617,76.47944719866989,177.393,155.59779999999998,163.39645000000002
2025-07-23,205.7,205.75,183.97,189.4,5548137.499,0.00030000000000000003,0.00030966666666666713,0.0002655221428571428,0.00015065633333333336,1.6743157657276603e-05,6.793064099936608e-05,0.00015644571118682437,-0.4468690349879976,0.7153706377008071,1.4000591523114412,1.1616414041579044,0.6651996747041511,0.6659920387752043,66.08855335551397,72.19097269720035,68.06749191681314,180.218,156.282,163.2601
2025-07-24,189.4,191.87,179.21,182.87,5217064.871,0.00030000000000000003,0.00030000000000000003,0.00027708142857142855,0.00015776766666666668,0.0,5.7571995703917864e-05,0.0001582744696072015,-0.44686903498799346,0.6414993247438671,1.3491974415743864,1.2335145738197284,0.6702750304019512,0.671982778274652,56.56660412683684,62.84486343978952,67.00038804666201,182.284,156.8742,163.10739999999998
2025-07-25,182.88,186.85,175.63,186.76,4481310.44,0.00026102000000000005,0.0002870066666666672,0.0002785371428571428,0.0001620036666666667,2.2505113382025793e-05,5.683259849742303e-05,0.00015931192564337294,-1.528298429765422,0.33046596668752415,1.055049870604046,1.22865656845397,0.6695063185642071,0.6737085012931147,58.49766941482703,65.96970915303099,67.21918124903081,184.562,157.7236,162.9501
2025-07-26,186.75,189.78,184.29,184.88,1773453.875,0.00030000000000000003,0.00028700666666666715,0.0002785371428571428,0.00017221233333333336,2.2505113382025793e-05,5.683259849742303e-05,0.00015796466433261861,0.4469572015366,0.6077827620568265,1.2713247261396547,0.9749304906165467,0.671148676535865,0.673869684238708,56.90617370003776,66.2895622883124,63.89069615989838,185.68699999999998,158.4646,162.86365
2025-07-27,184.89,190.7,184.53,188.64,2233060.133,0.00030000000000000003,0.0002870066666666672,0.0002801664285714285,0.00018326666666666669,2.2505113382025793e-05,5.711725504562787e-05,0.00015477951643010646,0.4469572015366031,0.5564889723831629,1.2291514305616875,0.8271799188132566,0.6588238338384388,0.6721949508479383,56.3658838064726,67.72404899942214,64.22816628923752,186.964,159.2362,162.81945
2025-07-28,188.64,195.26,182.16,183.11,4067872.127,0.00030000000000000003,0.00030000000000000003,0.00028474499999999993,0.000184289,0.0,5.585098176940684e-05,0.00015546733566307967,0.4469572015366,0.497361142898183,1.1877762085696069,0.5089693024432301,0.6812944148208013,0.6713815446897128,36.82891163514142,62.74079492699542,61.04088639067639,187.54699999999997,159.84939999999997,162.81025
2025-07-29,183.1,186.68,178.3,181.48,2541912.036,4.688e-05,0.00021562666666666711,0.0002812071428571428,0.00017803166666666669,0.00014613890012020174,6.877263212130498e-05,0.0001571412818336976,-1.767563891811579,-2.789317893802208,-0.5076483034542784,0.41685902705137834,0.6755475408855416,0.6508473607948236,19.357287449049807,60.68637029695945,64.1966190695901,187.99899999999997,160.2558,162.77925
2025-07-30,181.47,182.56,170.29,177.77,3297250.187,7.487e-05,0.00014058333333333381,0.00026512642857142853,0.000176612,0.0001387664052584306,8.774410692958513e-05,0.00015789794066237226,-0.9857071178176845,-2.201354206415511,-0.33789978583571373,0.3590506792936149,0.6626933187212994,0.6533476034926947,28.406981061274195,52.72583618549098,60.60908636903225,187.63299999999998,160.50879999999998,162.72764999999998
2025-07-31,177.77,182.7,171.44,172.22,2624841.783,4.71e-05,5.6283333333333805e-05,0.0002470621428571428,0.00017586933333333337,1.6096901203407245e-05,0.00010445398973328041,0.00015847105033170607,-0.7961427976144225,-2.1038705739926313,-0.5727659476380491,0.40492684012818314,0.6782593517225174,0.6584740123523714,29.479768785331913,47.697160882438155,57.9035339051088,185.283,160.7338,162.64620000000002
2025-08-01,172.22,172.26,159.2,162.71,4317529.315,6.445999999999999e-05,6.214333333333381e-05,0.0002302378571428571,0.00018155099999999998,1.4029199134372832e-05,0.00011382057446349648,0.00015089138085655308,-0.3880836844240934,-1.6683105710566744,-0.4479054980309165,0.3379079010741912,0.7219021090594032,0.6738182323481389,11.910041178069761,41.65998855113538,55.75139857340714,180.98399999999998,160.9416,162.5454
2025-08-02,162.71,165.3,155.83,158.48,2208175.075,3.784e-05,4.980000000000047e-05,0.00021151214285714283,0.00017764900000000002,1.3513829768771138e-05,0.00012268083883538745,0.00015310170873245453,-1.089429117201479,-1.6714491661211457,-0.6233278669271137,0.3389987653006088,0.7308876320725883,0.6765605280509914,11.084905660148578,39.875082182162764,54.0610834498672,177.892,161.1392,162.39995
2025-08-03,158.49,163.14,156.28,161.97,2297909.311,-0.00023553000000000002,-4.4409999999999536e-05,0.00017325999999999992,0.0001689736666666667,0.00016604907977771277,0.0001680634160048601,0.00016864967633547855,-1.777818669321214,-2.875900103150546,-2.38907913974273,0.5437786741634848,0.7367171454945743,0.6778134186285094,10.371471025044315,39.22241913984368,53.77943925121059,175.802,161.4858,162.1805
2025-08-04,161.98,169.8,161.26,169.55,2688954.158,-0.00027288999999999997,-0.00015685999999999952,0.0001302678571428571,0.00016971266666666667,0.00016964672084962987,0.00019925001446300733,0.00016658212834181601,-1.2018098417731746,-2.472617320258311,-2.4686761653904465,0.8017577731233949,0.7613182042758838,0.6689554389049086,31.00840336073655,34.34246739202969,57.47018431397965,174.081,161.8174,161.97254999999998
2025-08-05,169.55,171.73,161.3,164.09,2554958.009,-0.0001051,-0.0002045066666666662,0.00010133214285714281,0.0001686966666666667,8.809203385305934e-05,0.00020209947235222376,0.00016820873127977432,-0.018598917527118463,-1.3879301851097487,-1.4395971587233403,0.8043705437182942,0.731695308720407,0.6723511007738908,28.004047558320224,23.681214420832973,54.403630689601975,172.002,162.0848,161.69545
2025-08-06,164.09,169.93,161.13,168.09,1797491.429,-8.584e-05,-0.00015460999999999952,7.377214285714281e-05,0.0001590186666666667,0.00010288515779757594,0.00019921100151609956,0.00017431919459901093,0.37237406211401974,-1.1593002644836283,-1.284589887700537,0.6548887588045239,0.7378793452958792,0.6738346058486174,37.84530386673804,34.0374531828067,53.95302205563542,169.947,162.4952,161.22605
2025-08-07,168.1,175.51,166.7,175.36,3014662.995,0.00015677,-1.1389999999999542e-05,6.354142857142852e-05,0.000164437,0.00014594888178750515,0.00019017189721231998,0.00017152399776276618,1.5709660976744895,0.10739993172840812,0.240630298417683,0.6012633256822311,0.7612713188341964,0.6803718405620552,53.779489647625304,44.43621277134079,53.94642601238326,169.17200000000003,163.0756,160.84075
2025-08-08,175.37,179.66,173.43,176.78,3678790.655,0.00010662,5.918333333333379e-05,5.2512857142857086e-05,0.00016711700000000002,0.00012807256157488256,0.000182146332143991,0.00016991045987236534,0.8441859544794408,-0.10324625839979482,-0.0712328811936835,0.6094247443876952,0.7621245031931778,0.6673448931519762,71.03139013304265,42.32543832575738,54.95953591524825,168.70200000000003,163.6704,160.5137
2025-08-09,176.79,183.45,176.64,179.95,3325504.387,0.00026057,0.0001746533333333338,4.9696428571428515e-05,0.00017119700000000002,7.851758292474917e-05,0.00017828921169987834,0.00017065932077429038,1.226208744789166,0.7228789106259849,0.8976156975424405,0.5332675890719399,0.7582107801199935,0.6661663362725974,83.1429453517073,46.28261197308406,56.851166760392836,168.92,164.46720000000002,160.1618
2025-08-10,179.96,186.18,177.51,182.66,4197287.287,0.00027454,0.00021391000000000045,4.787785714285708e-05,0.000172327,9.317804620729646e-05,0.00017565000427546436,0.0001712462078761738,0.9054773615135414,0.8233868952150185,0.9917721016004041,0.24879670967336737,0.6813504335456783,0.6635258533915487,82.72698512945557,45.41832669225276,57.53098522399631,169.964,165.4118,159.7883
2025-08-11,182.67,186.8,173.43,174.84,3960743.531,0.00019827,0.00024446000000000043,4.0611428571428517e-05,0.00016893600000000004,4.060698579071297e-05,0.00016627156192421463,0.00016963046301899515,-0.015399478604360233,0.44940520380973675,0.4944456280546449,0.6042764202194294,0.6578018630396297,0.6579695610923907,58.304552588985445,43.878608437284534,54.2221033619588,171.177,166.27439999999999,159.39695
2025-08-12,174.83,193.76,173.6,191.78,5074348.157,-5.854e-05,0.00013809000000000046,3.308142857142851e-05,0.00015774500000000002,0.0001745044294423893,0.00016834006748276715,0.00017327768954893748,-1.5663057709467278,-0.869723523372683,-1.146066123919537,0.9295236113271026,0.7009196912166008,0.6908690513626735,81.95245788005155,56.215302919639136,58.43753793757664,174.507,167.2198,159.089
2025-08-13,191.77,204.96,191.48,201.51,7148726.279,0.00030000000000000003,0.00014657666666666714,4.91621428571428e-05,0.00015988166666666668,0.0001847752240652048,0.00018277306358214113,0.0001746642980942336,0.7164956794425492,1.1152959051790052,1.109616843247529,0.9565144271174727,0.7111908039500284,0.6952060062103663,84.06033428335014,63.3550855075529,58.45771144179298,178.461,168.3316,158.8145
2025-08-14,201.51,209.86,186.68,192.47,8965607.314,0.00045876,0.00023340666666666712,7.856642857142851e-05,0.00017196,0.0002650015594828476,0.00021302572793540695,0.00018247757683854276,1.1839214703576193,1.7980149890366488,2.003593667525396,1.143955813535736,0.7388707395575774,0.6948702642182709,66.83061184247921,60.961351087091636,54.836266168549464,180.753,169.3096,158.57434999999998
2025-08-15,192.46,198.07,183.3,185.72,4360287.396,0.00024024000000000002,0.00033300000000000045,9.112214285714281e-05,0.000169968,0.0001129358118357576,0.00021726832025536024,0.0001813543673639257,0.06640772914763754,0.7013490967413928,0.6659664491521677,1.2174039845648434,0.7545189071693108,0.7002250267035657,57.95940170867929,62.838968864100266,52.384719709840205,182.916,170.24280000000002,158.3285
2025-08-16,185.71,190.06,185.2,189.6,2099818.448,9.194e-05,0.0002636466666666671,9.498642857142851e-05,0.0001630326666666667,0.00018452677889222292,0.0002167281926056281,0.0001801847588758969,-0.5783266904302253,-0.01665137107048132,-0.22795232128173967,1.109751401105994,0.7547976126668839,0.6987274917753035,58.48426235201445,67.43222047844046,53.5009971186029,185.067,171.19299999999998,158.1412
2025-08-17,189.61,195.89,187.35,190.99,2261555.556,0.00024735,0.00019317666666666714,0.0001294778571428571,0.00016127766666666668,8.774556985024224e-05,0.0001976676990899338,0.00017905757445810624,-0.1539351882235727,0.8422170898247496,0.6934681439580892,0.7586819207839627,0.7430057900470083,0.6980554404369701,57.497749774252966,66.6475447442255,52.69386834903323,186.63,171.9984,157.95535
2025-08-18,191.0,191.33,180.0,182.94,3374074.697,-2.3800000000000003e-05,0.00010516333333333379,0.00014726999999999994,0.00015048433333333334,0.00013605779297177082,0.00016758582521981809,0.00018016293485331036,-1.2453209046828393,-0.6072733015363805,-0.9378372092823994,0.5924879228025132,0.7666742216073371,0.7078160172248913,57.26066690498238,57.6400775980749,46.26752336372927,187.24599999999998,172.59079999999997,157.67849999999999
2025-08-19,182.94,185.87,175.69,176.22,3260089.959,8.355e-05,0.00010236666666666712,0.00016074499999999993,0.00014326933333333333,0.00013655083605877127,0.00015265160870927763,0.00017829319067622817,-0.3842874886167797,-0.03107603044401708,-0.28725039310781947,0.5614320529710978,0.7787737627069761,0.7033839627923931,32.92361720757141,56.82303971110864,41.22305585259364,186.873,173.019,157.40075
2025-08-20,176.22,187.97,176.04,187.94,3464957.674,0.00021391,9.122000000000043e-05,0.00018215571428571424,0.000139433,0.00011904046662802019,0.00013545852920096438,0.00017537330558545567,0.8353171860790981,0.6207743930048157,0.47437699625903784,0.8465510849173821,0.8121294796694791,0.7124669566097112,35.73080967350134,60.27326363643119,49.55313418132499,187.401,173.8402,157.2753
2025-08-21,187.95,190.1,179.43,180.29,2914511.603,0.00021366,0.00017037333333333376,0.00018621928571428565,0.000136555,7.51913161764387e-05,0.00013549171978184625,0.00017334413574986076,0.5841131297152838,0.5747759738043873,0.45384491477598105,0.8896794262365408,0.7924408013612617,0.7172168607667898,36.80675909822867,52.54149912286257,49.2157101158937,187.946,174.40060000000003,157.1592
2025-08-22,180.3,202.4,177.27,200.69,6594118.389,0.00023301000000000002,0.00022019333333333382,0.0001952471428571428,0.000134322,1.1100262534825841e-05,0.00013398231039254253,0.0001715886423073105,0.7996874867077427,0.6210335470116407,0.5552994502096069,1.3552359897836557,0.8899037936470884,0.7289134588326367,62.51462965986021,60.308700525270055,53.848278909603984,188.837,175.36719999999997,157.08125
2025-08-23,200.69,208.62,195.26,204.14,4788640.759,0.00030000000000000003,0.00024889000000000047,0.00019806357142857138,0.00013432200000000003,4.530761188814669e-05,0.0001358623191977596,0.0001715886423073105,1.1614961878749752,0.9026927482112259,0.9381937318321074,1.2326136745590288,0.8891132594566707,0.7294015083345545,62.24317952099072,60.404301074541365,55.27497808854749,189.1,176.496,157.06875
2025-08-24,204.15,211.99,201.09,205.98,7165649.238,0.00030000000000000003,0.0002776700000000005,0.0001998821428571428,0.00013562133333333334,3.8676694468440965e-05,0.00013712921969542973,0.00017272495290887157,1.0779580199454066,0.8708590447481062,0.9147026870349552,1.0834647537773596,0.8757440594580234,0.7273809357684987,62.52716028674962,60.10573756210653,54.79960141633393,190.451,177.66459999999998,157.11805
2025-08-25,205.99,213.6,185.33,187.2,7953100.753,0.00030000000000000003,0.00030000000000000003,0.0002071485714285714,0.00013562133333333334,0.0,0.0001397082867872362,0.00017272495290887157,0.7206238655195704,0.8015685516724919,0.8845766596882076,1.4400257687709244,0.9703773564438181,0.7639665407814562,53.01870748246721,54.89156244992204,51.05472174870827,190.599,178.37140000000002,157.10635
2025-08-26,187.19,198.1,185.58,195.86,4734419.522,7.229e-05,0.00022409666666666717,0.0002164935714285714,0.000128031,0.00013146842977818595,0.00012406979459820175,0.00017023771293826856,-1.7096872770443723,-1.0202094453018036,-0.5092035550938683,1.4063324985071048,0.9818331074810878,0.7693592475549963,63.54482758559337,51.72793494771795,53.578538721132695,191.225,179.31099999999998,157.12570000000002
2025-08-27,195.85,212.08,193.78,202.95,7835140.154,0.00030000000000000003,0.00022409666666666717,0.00021649357142857137,0.00012803100000000002,0.00013146842977818595,0.00012406979459820175,0.00017023771293826856,0.4471696843280611,0.753462939909194,0.8764707165839678,1.080536245269311,0.9776476075638058,0.7613938575605493,61.05790481740473,50.6238086980517,56.16250611768352,192.421,180.3366,157.14385000000001
2025-08-28,202.95,216.89,201.72,214.43,7247306.546,0.00030000000000000003,0.00022409666666666717,0.0002051535714285714,0.00013646833333333334,0.00013146842977818595,0.00010619033851146015,0.0001723366475559397,0.4471696843280611,0.6794292993757063,0.8658963031453311,1.1728045749323943,0.998703054876296,0.7708217110129693,73.80753138003257,59.31613778989443,60.039004898596254,195.57,181.48420000000002,157.21365
2025-08-29,214.43,218.0,199.85,205.08,8607486.597,0.00023401999999999999,0.00027800666666666715,0.00020470928571428567,0.00014177333333333333,3.8093570695570726e-05,0.00010604516225238447,0.00017282394518837766,-0.07337802529926135,0.1613641254426429,0.45331246261233654,1.262253400415592,1.0241667011218678,0.7805982465889536,53.61912613293434,58.03586252630541,60.08473365940764,198.456,182.299,157.2367
2025-08-30,205.09,207.06,197.52,202.7,3894576.115,8.710000000000003e-06,0.0001809100000000005,0.00019876428571428566,0.00014049366666666667,0.00015273496683802033,0.0001148231079439318,0.00017368908499184094,-1.2935040174636916,-1.4597492570370012,-0.9014539040376044,0.8103000758116169,1.0262783562880853,0.7684573386522041,48.79154078492524,55.50605245395335,60.61857650480389,199.932,183.09439999999998,157.2604
2025-08-31,202.7,206.66,200.28,200.62,3303223.948,0.00020307,0.00014860000000000047,0.0001956014285714285,0.000145114,0.00012213265204282262,0.00011398866872204759,0.00017344017191041545,-0.050861070805599394,0.01643716470949552,0.2449492491349785,0.7646214566230896,1.0053608269001941,0.7655110413518302,45.5198930118378,54.02423735833151,59.34432570878505,201.965,183.893,157.27960000000002
2025-09-01,200.62,204.58,194.19,197.32,4464767.773,0.00012113,0.00011097000000000048,0.00020595357142857138,0.00014789033333333334,9.757751582724137e-05,9.798865181992343e-05,0.00017232683303314668,-0.4653184498376727,-0.7501918049284505,-0.2565349004354991,0.7003162305938098,0.9322748331383962,0.7672373481764602,61.41181777079413,56.25761531698207,56.8557744523814,201.628,184.6164,157.29495
2025-09-02,197.32,209.68,196.77,209.65,4894637.549,0.00024448,0.00018956000000000048,0.0002174485714285714,0.00016389066666666667,6.277496073284815e-05,9.176678113621237e-05,0.0001571116093302386,0.834032929232436,0.32007744142918515,0.482891610366603,0.7447052390821268,0.9444229809518001,0.7743753464392473,64.36159133420009,63.87021823840827,60.878701049806786,202.179,185.5652,157.34625
2025-09-03,209.64,213.02,207.42,210.77,4063191.683,0.00019446,0.00018669000000000045,0.00021605928571428564,0.000179469,6.204099688924098e-05,9.197147504389532e-05,0.000133741164721021,0.4321266063049923,0.005557229578378572,0.13258314096921073,0.6094329813806616,0.9195606627992071,0.7741860483718725,59.30066603136275,60.38577017482904,60.33313964667378,202.65800000000002,186.50099999999998,157.4277
2025-09-04,210.77,211.94,201.84,202.32,2726779.277,0.00016468,0.00020120666666666715,0.00021256071428571425,0.00018846166666666668,4.03255270063918e-05,9.299565468870387e-05,0.0001225487140626395,-0.4544229462475371,-0.2539836686468755,-0.09503190539652517,0.7248097732490832,0.9242046363170209,0.7805241885596066,34.478338886846075,59.94941739604435,56.49012999442382,204.17000000000002,187.07479999999998,157.49794999999997
2025-09-05,202.32,210.0,200.95,203.36,4121395.255,2.158e-05,0.00012690666666666714,0.00019745857142857136,0.00019204233333333336,9.242289829013091e-05,0.00010571693233177019,0.00011563183002810241,-1.5140779923434247,-1.572738835485174,-1.0429634340171945,0.7174580326984183,0.9212879375399184,0.778081494803233,47.19869706732773,51.46141215027865,56.41038008798983,204.92000000000002,187.6246,157.62709999999998
2025-09-06,203.37,204.68,199.32,200.16,1481500.997,0.00020654,0.0001309333333333338,0.00019078285714285712,0.00019370133333333333,9.698803291307456e-05,0.00010161493026110774,0.0001154652298408473,0.4681906238907676,0.21114402755690562,0.18851631561784832,0.7157030137099019,0.9247602626535768,0.7790546781398788,45.970812181720206,47.81558726600504,54.873402458868355,204.64100000000002,188.0822,157.7813
2025-09-07,200.17,207.95,200.12,206.35,2217510.763,9.624999999999998e-05,0.0001081233333333338,0.00017622928571428567,0.00019335566666666668,9.304989214582175e-05,9.933452002151086e-05,0.00011575008437530121,-0.5234151152518421,-0.9986580721878854,-0.5802027661747062,0.5106515341301973,0.9086045179899537,0.7780731940055691,58.04097670388353,50.19381875253775,55.61827064385651,203.833,188.67,157.9684
2025-09-08,206.35,217.11,205.59,214.11,5729678.935,0.00030000000000000003,0.0002009300000000005,0.00017622928571428567,0.00019467,0.00010199078240218538,9.933452002151086e-05,0.00011675908028147836,1.340631762483941,1.0497703729677654,0.8047892453447953,0.618557097535423,0.8957287794685262,0.7756038459000458,70.940384134456,65.93627857287325,59.315841912197726,204.73600000000002,189.32359999999997,158.15895
2025-09-09,214.11,219.79,210.79,217.21,4979304.713,0.00028916,0.00022847000000000047,0.00019171999999999996,0.00019515733333333332,0.00011463408173404717,9.878726529182754e-05,0.00011713384922648745,0.8757542722496701,0.875549665310501,0.7224223318027234,0.4014658280925032,0.861952526630137,0.7752880191859255,62.248865844343,63.53493089781983,56.45660894653897,206.18699999999998,189.7534,158.40030000000002
2025-09-10,217.22,226.0,215.09,224.07,4824185.212,0.00023617,0.0002751100000000005,0.00018716071428571423,0.0001964206666666667,3.415580616828256e-05,9.479785541340478e-05,0.00011737271759064581,0.12886824977425262,0.3107791161554304,0.36816648565112425,0.409130608845361,0.8385046978752646,0.7765270900552427,68.1693989058,63.42828077201423,55.81263526663776,208.53199999999998,190.12079999999997,158.6603
2025-09-11,224.06,228.95,221.72,228.73,4352357.001,0.00012449,0.00021660666666666715,0.00017462428571428569,0.0002025216666666667,8.40600691668897e-05,9.02223234923901e-05,0.00010804959005711253,-0.9017960995143031,-0.7820061036608431,-0.38389159098807246,0.17276754728180127,0.7207301625531409,0.7773784353908698,90.24687595052806,59.95544416480173,59.558203288871965,211.673,190.90739999999997,158.96425
2025-09-12,228.73,244.04,228.11,242.18,5891653.931,1.424e-05,0.00012496666666666714,0.00015892571428571424,0.00019299633333333331,0.00011096576782209912,9.788765763825408e-05,0.00011169427249135072,-1.4676333022484418,-1.6709317106970565,-1.1085347187202765,0.3165228190523507,0.7516471294500011,0.7876118404804426,92.92348518210862,74.43361432950198,64.37519095539132,214.926,192.0936,159.4661
2025-09-13,242.18,244.14,235.73,242.38,3305661.265,0.00013659,9.177333333333381e-05,0.00016805999999999996,0.00018225733333333333,6.7417845028969e-05,8.828796703005224e-05,0.00010015234412939843,-0.22059910321221707,-0.4176190758344827,-0.27745375154433516,0.4037734111843823,0.7523632820933979,0.7876714740128553,99.99999999834202,76.90534309590902,63.69486247961418,218.087,193.20600000000002,159.95635000000001
2025-09-14,242.38,249.6,239.23,239.76,4165171.128,8.357e-05,7.81333333333338e-05,0.00015952428571428564,0.00017703499999999997,6.135591763107232e-05,9.039434492725259e-05,0.00010110480840011974,-0.43704970417347955,-0.8577263780460208,-0.6175639417850528,0.507535857485538,0.599464409058716,0.7784181325279232,93.22121603970879,76.34625740297673,62.57412468326092,221.831,194.30360000000002,160.47854999999998
2025-09-15,239.75,244.0,230.15,234.31,4733589.619,4.9540000000000003e-05,8.990000000000046e-05,0.00015441071428571422,0.00017562166666666669,4.386886475641765e-05,9.465773570840647e-05,0.00010262035437572621,-0.6293286660730218,-1.1780845837878846,-0.8231374061606304,0.5993510426910998,0.5984865877607158,0.7813065937359295,77.79306549107169,74.19861310867618,63.42444990238024,224.92600000000002,195.217,160.9617
2025-09-16,234.32,240.95,231.26,236.96,3181627.06,0.00021824,0.00011711666666666714,0.0001525364285714285,0.00017465133333333333,8.921298463984095e-05,9.298207036070675e-05,0.00010205480254691241,1.4755532743541375,0.5881950691600584,0.3475402290731769,0.5879964680798362,0.5866249227611208,0.78143070440304,77.51462802858012,70.45692883747354,66.2180924907326,228.60600000000005,196.29399999999998,161.4056
2025-09-17,236.96,246.62,232.23,244.84,4771529.493,5.252e-05,0.00010676666666666714,0.0001423978571428571,0.00017719533333333335,9.655023629359559e-05,9.575621354637674e-05,9.779980815223222e-05,-0.7845683231230001,-1.0566238630440097,-0.7711250711301053,0.4075556168144977,0.5591848243066432,0.7842486504579669,78.13600650082105,73.17371786012183,65.51084941563934,232.45499999999998,197.56119999999999,161.9115
2025-09-18,244.84,253.51,242.58,247.5,3916890.908,0.00020187,0.0001575433333333338,0.00014505428571428566,0.00018113933333333335,9.132042284366609e-05,9.693055838420283e-05,9.626687194779647e-05,0.978914081594137,0.5882382800828124,0.27671707783685623,0.41339682507477243,0.5095962087192774,0.7828438789200036,76.88341449287259,83.357944475536,68.83371630223205,235.794,198.95579999999998,162.25545
2025-09-19,247.5,248.57,235.12,238.53,3384985.698,0.0002047,0.00015303000000000048,0.00015813428571428566,0.00018083233333333334,8.705571374133302e-05,9.117119709339407e-05,9.617340111052102e-05,0.6869436266439344,0.5441832427338732,0.31433725446174143,0.5403347578299503,0.5401433460869751,0.769171368084925,44.00262898354248,73.2452081942823,61.329341316336986,237.92600000000002,200.282,162.7373
2025-09-20,238.53,241.22,236.91,239.48,1550489.215,-0.00013213,9.148000000000045e-05,0.00013394357142857137,0.00016930600000000004,0.0001936571101070569,0.00011824876207233821,0.00011158921665507766,-1.5983933050878771,-2.567882978498476,-1.9593934057103113,0.4867747189231466,0.5341819703088542,0.7603099320903884,45.34958306504987,76.78474114294961,60.74164133635211,239.467,201.8174,163.21075
2025-09-21,239.48,241.82,235.32,236.16,1392437.976,4.9149999999999995e-05,4.05733333333338e-05,0.00013057928571428564,0.00016317733333333332,0.00016857871048371817,0.00012005982261508529,0.00011300974828317765,-0.18790740461123345,-0.817540472128043,-0.6878966556404623,0.5016736362680142,0.5318929675360174,0.7310783309058662,44.3538268497162,71.1328512675516,59.09145680102749,240.20999999999998,203.37099999999998,163.66015
2025-09-22,236.16,236.96,214.5,220.38,5836593.703,-0.000113,-6.53266666666662e-05,0.00010107928571428566,0.00014941066666666666,9.960004833512828e-05,0.00012582976383950016,0.00012066378724312738,-0.950910458473947,-1.9591918313862318,-1.730578860227115,0.6232738112377219,0.5769115271925188,0.746912114562699,33.49917081204809,53.99108847771371,60.179163086461514,238.03000000000003,204.53920000000002,164.0455
2025-09-23,220.39,221.71,212.34,213.3,3448908.468,0.00010088000000000001,1.2343333333333804e-05,8.763071428571423e-05,0.00014277333333333333,0.00011158947812565054,0.00011365408743631435,0.00011753050806929705,0.5503709752177397,-0.1221707689515179,-0.2615063366025651,0.5231502769180132,0.5958366876866921,0.7506677108903479,24.63550600306077,47.63116442424956,55.40272614525943,235.122,205.4142,164.41505
2025-09-24,213.29,216.45,204.81,211.6,4427457.526,5.5849999999999996e-05,1.4576666666667138e-05,7.475071428571421e-05,0.00013463500000000003,0.0001127553973358034,0.00010544697664366275,0.00011468662799230546,0.5963470051203681,-0.45826748335173306,-0.5453558322051267,0.5448506706887796,0.5677096118955516,0.7504708202692207,8.922392486251937,41.94132092466437,52.77225818763053,232.30599999999998,206.36440000000002,164.78799999999998
2025-09-25,211.61,212.44,191.32,192.74,6761257.291,-0.00012691,9.940000000000472e-06,5.679357142857137e-05,0.000127995,0.00012063526472396809,0.00011708854798870148,0.00012382326901915595,-1.1404432149197161,-1.793425148087608,-1.7271920315618234,0.7015803490587541,0.6988437675636417,0.7851410035057634,1.6766678432549469,30.348367368761743,43.36250688462321,228.14899999999997,206.8574,165.11915000000002
2025-09-26,192.73,205.52,190.8,205.17,5623202.874,-5.006e-05,-4.037333333333287e-05,5.2200714285714216e-05,0.00011632633333333333,9.176425245354715e-05,0.00012010829199670693,0.00012354909482270506,-0.23086837303181387,-1.0763435115046995,-1.1669369050335574,1.1532957336397582,0.7488387634584401,0.7961448170670798,22.255489021696917,29.56377691837227,50.02703189679776,224.96999999999997,207.4536,165.5534
2025-09-27,205.16,205.43,199.88,203.46,2104933.415,-5.2000000000000004e-05,-7.632333333333287e-05,3.872999999999994e-05,0.000104593,4.382007563161638e-05,0.00012049060569505781,0.00012221160160615647,-0.4098738204121552,-1.004882511494429,-1.1579285162765391,1.0699281683618695,0.7380252183427294,0.7960978855701598,20.417214191618044,28.86161199174009,50.229191796497936,220.83199999999997,207.98719999999997,165.94395
2025-09-28,203.47,211.0,198.0,210.83,2194260.074,3.5999999999999994e-06,-3.281999999999953e-05,3.301785714285708e-05,9.691233333333334e-05,3.155555727640585e-05,0.00012009627869262593,0.00012103192083279192,0.5484190017916255,-0.513242385608336,-0.773411716924476,1.1300306356673198,0.7367402769096425,0.7983191574295009,30.494378561199042,35.058361738982725,52.983809689938894,217.16500000000002,208.60479999999998,166.365
2025-09-29,210.83,214.74,204.58,212.75,3213098.851,7.350000000000001e-05,8.366666666667135e-06,3.472928571428565e-05,9.907199999999999e-05,6.288563690029141e-05,0.00012051981225021825,0.0001199772407867303,1.3966930964316702,0.1504634469998878,-0.30963599622348664,1.1316207997171435,0.7349904917589182,0.7937205256427048,42.52986097454923,38.44339622583809,54.54599021770828,214.587,209.2066,166.81190000000004
2025-09-30,212.74,213.67,204.29,208.68,3264781.485,-0.00025009,-5.7663333333332867e-05,1.2771428571427921e-06,8.396666666666668e-05,0.00017027189735349584,0.00013026733697569837,0.000134124877000783,-1.6193623264812405,-2.279946618278636,-2.3256569165339447,0.6361221148069962,0.724123763398761,0.7813837145254362,45.19350811419817,35.06863780307184,49.699597397713475,211.50699999999998,209.8834,167.18760000000003
2025-10-01,208.68,222.77,206.31,222.04,4050260.921,0.00016368,-4.303333333332867e-06,9.217142857142796e-06,8.538500000000001e-05,0.0002175808406738886,0.0001368521873228477,0.00013475491781277612,1.1314889568204005,1.030503942803074,0.3004285860999162,0.6331768589709328,0.7708505477321909,0.79041115354993,58.740790354301446,38.620483129825615,53.244285795675715,210.09500000000003,210.48860000000002,167.6185
2025-10-02,222.04,234.99,219.52,234.74,4590696.388,-3.96e-05,-4.200333333333287e-05,-8.030714285714348e-06,7.591566666666668e-05,0.00020689546932777054,0.00012544503095372875,0.00013316152123018574,-0.1926214262118188,-0.5612069706302752,-1.0558891278052125,0.6461662229062107,0.7686569507866874,0.7990507639846031,89.20836444991703,44.21157684574581,59.10981229534952,211.531,211.1532,168.16154999999998
2025-10-03,234.74,237.0,227.13,232.84,4216611.614,3.699999999999999e-05,5.369333333333379e-05,-2.000928571428578e-05,7.0667e-05,0.0001026629929836086,0.00011071047733156078,0.00013141969443117407,0.2566742257984157,0.08437005325063145,-0.6182159570974339,0.7080348950247789,0.7690745225591359,0.7935818224899063,82.15198698448745,47.24188075553913,58.243847873808264,213.48499999999999,211.9606,168.6857
2025-10-04,232.84,234.05,224.07,227.86,1841410.605,9.282e-05,3.0073333333333793e-05,-3.941428571428634e-06,6.827166666666668e-05,6.648118627366648e-05,0.00010950358475387447,0.0001302971575938126,0.5796272848167783,0.5288151004993998,-0.25519687651450024,0.7940407637250191,0.7728166652395794,0.7907564832331444,76.349892007485,44.579212539070625,57.669730866311475,215.11100000000002,212.80339999999995,169.19835
2025-10-05,227.86,237.22,226.45,228.56,3099633.526,5.101e-05,6.027666666666713e-05,-3.8085714285714905e-06,6.925266666666666e-05,2.9040857913499356e-05,0.0001095740594516704,0.00013004403917238273,-0.1333820545839078,0.19240220464747262,-0.58204958331417,0.7294616451904635,0.7675715386892951,0.7893940020322815,72.36941710697305,46.365723029218515,56.34245245212315,218.69300000000004,213.5826,169.6645
2025-10-06,228.56,237.79,227.55,232.35,2981928.375,1.116999999999999e-05,5.1666666666667125e-05,5.060714285714222e-06,6.274033333333333e-05,4.082896065726625e-05,0.00010498514872361873,0.0001278044817780036,-0.39338028490062726,-0.047608486566261383,-0.850411886942893,0.5647330663808092,0.7695157522391504,0.7844086676288217,73.61445783008362,56.46537755126876,55.32959326697684,221.411,214.40980000000002,170.18825
2025-10-07,232.35,235.21,219.7,219.97,4401045.757,-7.035e-05,-2.723333333332872e-06,-7.170000000000064e-06,5.7187e-05,6.186138479177448e-05,0.00010291730585949849,0.0001299005634357867,-1.56151916418026,-0.6893552943183634,-1.3974229263075066,0.5202953675705388,0.7864722388907227,0.7979221542646835,61.333065648606045,53.40758148488024,50.764966739788576,223.06199999999998,215.15040000000002,170.6457
2025-10-08,219.98,229.72,217.3,229.02,3103760.645,-0.00010967,-5.628333333333287e-05,-1.8992857142857207e-05,4.3531333333333335e-05,6.163586397836348e-05,0.0001046141056365005,0.00012493299218653943,-1.2465431004967151,-0.9415573711645847,-1.6103017227314904,0.6964872108033053,0.8079353275013847,0.8023174841077544,57.67032966944245,58.27789393573857,51.35549591903284,224.881,216.2064,171.14825000000002
2025-10-09,229.03,229.69,216.53,220.93,3272953.431,0.00019764,5.873333333333807e-06,4.1892857142856495e-06,4.0480666666666674e-05,0.00016723443553393977,0.00011436559625327236,0.00011973766811512336,1.5153031246272888,1.8380622827617015,0.566172415140799,0.740301563894111,0.8071973856355281,0.8078346069110296,33.11323061816631,64.92323980846065,47.90345124108091,225.699,216.86620000000002,171.5887
2025-10-10,220.93,224.46,168.79,188.43,9622835.429,7.230000000000002e-06,3.1733333333333804e-05,8.281428571428506e-06,3.284933333333334e-05,0.00015511340699099428,0.00011329511733702578,0.00011399339666352951,0.0002198083808688717,0.053007481101048366,-0.76015923874046,1.4814347993969426,1.0431154257963005,0.8947289865181339,18.939711847625432,42.69123297188467,36.89471887597743,223.67400000000004,217.02899999999997,171.8258
2025-10-11,188.43,191.05,172.58,177.62,7292387.248,-0.00665343,-0.00214952,-0.0004632492857142858,-0.00019308133333333335,0.003901662204509144,0.001785170827651706,0.0012253561574773742,-1.7874399651924628,-4.2378052152281995,-7.521681913516383,1.3609289595609408,1.0623858459406708,0.8770390696968974,17.511639937761785,39.54861672823679,34.987017803700084,219.23200000000003,216.56760000000003,171.9957
2025-10-12,177.63,199.0,173.0,197.0,6486999.721,-0.0030558499999999997,-0.003234016666666666,-0.0006817814285714287,-0.00029541766666666666,0.003333902432544863,0.0019067470392985938,0.00133108348681601,-0.3820997392058961,-1.600529454881498,-3.102887221959309,1.9109699672649985,1.1439695755391441,0.9060591136583471,33.562499999755275,44.90157044855222,40.80192737861708,215.458,216.4248,172.294
2025-10-13,196.99,209.28,190.02,208.69,6253161.511,-0.00089158,-0.0035336199999999995,-0.0007507157142857143,-0.00032969,0.0029104856957723117,0.0018947484882438949,0.0013328121079263465,0.41457442375216147,-0.22504348582675757,-0.8414508363653571,1.9674804989249686,1.1677514745030981,0.9098604761601454,38.61405197279086,48.60385144382362,44.632981397163675,213.04299999999998,216.479,172.6453
2025-10-14,208.69,211.25,191.03,202.44,7349167.875,-2.4009999999999995e-05,-0.001323813333333333,-0.0007345671428571429,-0.000333276,0.0015614521085286057,0.001900298722640038,0.0013318062144028191,0.7439761213897613,0.31814593538030617,0.05571968161794767,1.963572306621082,1.1742026660963127,0.9086197802851244,41.03508233580113,47.885892396889545,42.87601122618435,210.50100000000003,216.78379999999999,173.01005
2025-10-15,202.45,208.91,192.04,193.84,5369155.439,3.752e-05,-0.0002926899999999997,-0.0007435785714285716,-0.00033367666666666673,0.00051956559672002,0.0018960057571147867,0.0013316888778809608,0.7620817101769309,0.3508095621603699,0.12003030800039588,1.3572070262309304,1.1177561355022547,0.9139578904707952,31.925606247201515,40.127433132221135,39.50617283905095,207.029,216.7434,173.35635000000002
2025-10-16,193.84,198.42,182.03,184.85,5404640.663,-0.00018511,-5.719999999999971e-05,-0.0007539721428571429,-0.0003471216666666667,0.00011496613107787595,0.0018922449172838571,0.0013279553867069187,0.4907167405168142,0.2166822220101784,-0.10191970010157819,1.3095264739919728,1.0987498192671938,0.9213471775498207,31.633068621236575,32.06814750884267,37.4363293622716,202.279,216.38139999999999,173.65650000000002
2025-10-17,184.84,187.55,174.06,181.96,6102908.877,0.00013797,-3.2066666666663796e-06,-0.0007467600000000001,-0.0003442733333333333,0.00016534560057148557,0.0018956808477773885,0.001328933417764473,0.7839780650985139,0.4111825506921938,0.22823602338333818,0.8202991364250516,1.099610348811479,0.9159976515410942,45.284943885268916,31.84154175557046,38.37204522052439,198.478,215.732,173.9436
2025-10-18,181.97,188.26,181.75,187.56,2105841.095,-0.00012201,-5.638333333333304e-05,-0.0007621050000000001,-0.0003550693333333334,0.00017124636092001675,0.0018892203889830398,0.0013256551883945426,-0.7110929883549134,0.2537401159894983,-0.03611810574454815,0.6005257958376913,1.0960443738634833,0.914151459101207,57.839116718604295,35.68078453631357,39.52803549773828,194.332,215.3816,174.24805
2025-10-19,187.55,192.29,183.19,187.86,2483964.6,0.00014247,5.2810000000000296e-05,-0.0007555721428571429,-0.0003571436666666667,0.00015141527926536456,0.0018924038487560183,0.001324797489702167,0.935961405235892,0.4158670241263101,0.23776888989892328,0.6184732844631808,1.0945557121859883,0.900244764732029,39.688628158217924,35.49743443522166,40.13802678817222,191.025,215.08480000000003,174.60025000000002
2025-10-20,187.86,194.5,183.82,189.71,3178001.499,-0.00011043,-2.9989999999999708e-05,-0.0007642578571428572,-0.00035642033333333335,0.0001494669287669136,0.0018888897621501953,0.0013249304999302044,-0.5332294898330971,0.2539806077455374,-0.017409927914826328,0.5592970478049178,1.094931261831332,0.8944740820226679,22.4767981433952,34.59314929868168,43.36003463900667,191.153,214.8666,174.96294999999998
2025-10-21,189.71,197.71,182.72,185.63,4651082.621,-5.151e-05,-6.489999999999707e-06,-0.0007629121428571429,-0.00035977566666666664,0.0001323242335893623,0.0018894287898854852,0.0013239951209405066,-0.3866327000054407,0.2980346723113158,0.04832489538884045,0.3978742854834913,1.054462132600856,0.8553136720130612,23.98638192458091,36.80043050390898,43.93068655352924,191.954,214.63279999999997,175.27715
2025-10-22,185.62,187.45,177.04,180.12,3977004.715,-2.102e-05,-6.0986666666666385e-05,-0.00075658,-0.0003567096666666666,4.5452089372755254e-05,0.0018919333271426545,0.0013246926057133058,0.10799320242154543,0.3163897207485421,0.08546095105712233,0.4657620723447413,1.0165299404264345,0.8569672070719513,26.522929499706848,30.67804646718072,43.20849154245347,190.266,214.0422,175.57614999999998
2025-10-23,180.13,193.45,179.68,191.35,3501959.115,7.468000000000001e-05,7.166666666669552e-07,-0.0007653628571428572,-0.000357583,6.584330663283092e-05,0.0018874429125483236,0.0013243891285321082,0.6705944701321412,0.3746529157427595,0.18855002586369649,0.6793092790004135,1.0642940381181754,0.8703909621659115,60.33057851105432,38.59500308409906,49.6899121039614,188.532,213.65380000000002,176.00334999999998
2025-10-24,191.36,197.0,188.83,193.59,3356762.626,0.00021595000000000002,8.987000000000029e-05,-0.0007504542857142857,-0.00035224633333333334,0.00011921303324303923,0.0018948247982603892,0.0013264335017933557,1.5228647184441413,0.45798818385903556,0.33647481061450457,0.6814814229945988,1.0666866068045369,0.8380453376252973,68.873742289899,52.59505129678503,47.29363372846396,187.647,213.47920000000002,176.43635000000003
2025-10-25,193.58,195.25,191.19,193.84,1626838.938,0.00025536,0.000181996666666667,-0.00025696928571428574,-0.00033950399999999997,9.500493265264405e-05,0.0008517786399909484,0.0013305027204826088,1.1679658159587307,0.4748132452639681,0.37380828470875427,0.681040497534345,1.0663546324490043,0.8305321240281661,62.33307148296806,59.12671618182785,47.736257529491425,187.64700000000002,213.2888,176.87855
2025-10-26,193.84,202.43,191.9,200.03,2577750.13,0.00017095,0.00021408666666666694,-2.6483571428571487e-05,-0.000332137,4.22358381985179e-05,0.0002825024750757938,0.0013327705711379128,0.28346118011655486,0.4167428990341399,0.28888943565715436,0.6461001005002422,1.0749077978326507,0.829495819059191,69.40988835570694,52.00211444333549,47.444391859286114,189.16500000000002,213.28619999999998,177.28345000000002
2025-10-27,200.03,205.33,197.34,198.7,3515609.387,0.00023983,0.00022204666666666693,5.4331428571428514e-05,-0.00032240933333333333,4.492713242942261e-05,0.00014374004793947073,0.0013359469733024553,0.6676570147458124,0.44813707361071725,0.36143657554538783,0.514425485595374,1.053709337395248,0.8179435772378235,64.57995458821904,42.35186035738336,46.66603388481484,190.839,213.1332,177.71290000000002
2025-10-28,198.71,203.99,190.22,194.15,4329169.961,0.00010366,0.0001714800000000003,6.345071428571422e-05,-0.000319074,6.808654709265827e-05,0.00014243143756336439,0.0013369135118485964,-1.5269324670325604,0.35690593193804315,0.22270750230475989,0.3896841271039593,1.035910794495388,0.8126156052618028,63.61022364074996,43.483728972474815,46.55996969491753,191.498,212.734,178.07659999999998
2025-10-29,194.16,201.7,189.37,193.88,4620887.829,-0.00010795000000000001,7.851333333333363e-05,5.305999999999994e-05,-0.0003251223333333333,0.00017524839008772674,0.0001495947224979002,0.0013354859109825485,-1.631846381145649,0.23690782633904325,0.005264149260773138,0.378788856337182,1.028651667962013,0.8121689190805285,76.40061396571447,50.03617944880516,42.89247854558254,192.1,212.2674,178.38479999999998
2025-10-30,193.89,198.19,178.65,184.69,5054538.263,-0.000147,-5.042999999999971e-05,5.5782142857142805e-05,-0.000321686,0.000134866681189295,0.00014520989233774757,0.0013358182226833868,-1.1614958686548487,0.21785623708873067,-0.02921505081550164,0.5620310987275285,0.7956339997864699,0.8203944032455729,36.13655287155307,49.85580389203681,37.13962690732313,191.598,211.47979999999998,178.66635000000002
2025-10-31,184.69,190.26,183.7,187.21,3193393.84,-0.0002973,-0.00018408333333333306,2.469142857142851e-05,-0.00033705199999999996,9.997367567693413e-05,0.00017063144433845167,0.001332690181833374,-1.200622209566716,-0.1599302387595754,-0.17806167878956303,0.45285368889032473,0.7531521391642398,0.8203059850377552,36.87242798247695,54.763200869594115,38.31258644481699,191.756,210.6494,178.9553
2025-11-01,187.21,187.55,183.79,186.35,1484505.22,-1.9609999999999997e-05,-0.00015463666666666638,3.2005714285714224e-05,-0.0003363856666666667,0.0001390024209442229,0.00016599084588586564,0.001332849021547371,0.49644016740127567,0.04083694665044989,0.11501359185188866,0.4559263146659688,0.6010978764271575,0.805703925131189,34.96587715678538,48.79888822576298,39.138625777855516,192.379,209.53280000000004,179.25650000000002
2025-11-02,186.35,188.34,182.0,187.71,1761297.557,6.999999999999994e-06,-0.00010330333333333306,2.2329285714285648e-05,-0.00033738566666666664,0.00016853205341522322,0.00016297724085631105,0.0013325704454815207,0.9939226652704777,-0.05248628846066658,0.14604418932276647,0.46702120526084795,0.5391479900743974,0.8058269910217805,19.322709162673092,49.85417071612296,39.348109517026465,192.015,208.43939999999998,179.5384
2025-11-03,187.71,189.13,163.15,166.06,7327613.063,-0.00029313,-0.00010191333333333303,9.279285714285652e-06,-0.00035025066666666667,0.00016613212581662696,0.00018076883910392923,0.0013301347115418066,-0.9884913904645245,-1.7673084362818534,-0.15839962171750768,1.0822570980288386,0.7311078278596908,0.8539741699766856,9.603960395873258,33.39884879900663,34.18730022376927,189.262,206.96539999999996,179.69455000000002
2025-11-04,166.06,168.42,145.85,155.03,8288577.565,-0.00017067,-0.00015226666666666637,7.678571428570821e-07,-0.00035764,0.00015090896669301922,0.00018656366985472713,0.0013284433877652222,-0.10980881259688567,-0.9471497340503745,-0.027572208169110404,1.125033378853702,0.7607982588049115,0.8687708459880263,8.27645051182185,30.429777436139673,34.40891193653921,185.38100000000003,205.3798,179.7995
2025-11-05,155.04,163.97,147.29,162.37,4650531.688,-3.0079999999999997e-05,-0.0001646266666666664,1.207142857142261e-07,-0.00035901499999999996,0.00013162908883812714,0.00018666074827030044,0.0013280697844560245,0.5582696270456244,-0.1745033810822021,0.12306934417690372,1.2781511335273585,0.779996073788525,0.8772246518285326,20.797034290740385,38.90763654475103,33.865892035367594,181.61499999999998,203.88800000000003,179.91199999999998
2025-11-06,162.37,162.91,153.45,155.28,3576753.327,-7.14e-05,-9.071666666666635e-05,-1.031357142857149e-05,-0.00035904999999999997,7.22581291506419e-05,0.00018625477573873874,0.0013280619284534458,0.3320835091521011,-0.3664163792165688,0.08294942877200895,1.2555121819121424,0.7961911342193316,0.878802844279718,21.63934426200298,26.229076050656147,34.03064947654933,177.273,202.0968,179.9991
2025-11-07,155.27,164.48,149.82,161.79,4213077.972,-4.420000000000002e-06,-3.529999999999969e-05,-2.6054285714285776e-05,-0.00035554166666666666,3.3793733073070935e-05,0.00017460982625728093,0.0013288821967045855,0.9241814797332457,0.008138234222111984,0.15836766620688597,1.3890847431014037,0.8073642571608156,0.8800794625872149,27.23853868160697,30.159720488617126,42.5818667848116,174.03699999999998,200.38260000000002,180.12524999999997
2025-11-08,161.8,164.89,155.8,158.02,2502927.24,8.157999999999999e-05,1.9200000000003022e-06,-3.846714285714293e-05,-0.0003594103333333333,7.668680978507052e-05,0.00015849914376755622,0.0013273843255857808,1.3038502586088132,0.5693454686181982,0.25216256960585576,0.9838231939058747,0.8091416270869732,0.8799768302134354,25.889361701819197,28.59191967439604,44.31949918778058,170.451,198.77239999999998,180.1714
2025-11-09,158.01,166.57,155.11,164.53,3231789.575,-7.979e-05,-8.766666666663618e-07,-5.637714285714292e-05,-0.000362311,8.074333178873101e-05,0.00014674598851171136,0.0013266503744820439,-0.9076979841607972,-0.4596989916143002,0.08898396903262153,0.8160704098731356,0.832728399556183,0.8826441516930332,31.862284819682245,28.864015241243038,39.83088004941105,168.435,197.2734,180.23855
2025-11-10,164.53,170.48,163.42,167.31,3628961.126,-9.203e-05,-3.0079999999999695e-05,-8.008142857142864e-05,-0.00014359766666666667,9.689386510514291e-05,0.00011949024979899701,0.000590144434359337,-0.8098514640438012,-0.5215918486929882,0.08000069899626927,0.7378915775319642,0.8359768545989136,0.8820039820672695,51.38796357903683,31.628233641059595,36.27437972600791,166.445,195.8964,180.31235
2025-11-11,167.31,171.94,153.93,154.63,4702104.213,-0.00026752,-0.00014644666666666634,-0.00010659428571428577,-5.065333333333333e-05,0.00010503103554832929,0.00011673250833645852,0.00021773336806379866,-1.5090043210522475,-1.4562493336326674,-0.09907775878139939,0.9723464128353043,0.8881149790890671,0.8862776900688653,49.57155098468937,28.879863188965032,34.79035439271226,163.273,194.5814,180.33140000000003
2025-11-12,154.63,161.14,151.2,153.42,4139205.467,-0.00021475,-0.00019143333333333302,-0.00011422285714285721,-2.8092333333333332e-05,9.003852080280578e-05,0.00012026423142258156,0.00015305248853475585,-0.7388719939041287,-1.0355314331167886,-0.03763581937434544,0.8637150809340274,0.8337539676226849,0.8860331679907262,38.9642416762694,28.592592592169012,36.50687675188797,159.844,193.3838,180.35244999999998
2025-11-13,153.43,157.2,141.04,144.73,5418189.697,-5.615e-05,-0.00017947333333333303,-0.0001077335714285715,-2.9163666666666667e-05,0.00011001205219591407,0.00012080940924618193,0.0001531353917193096,0.9210212929021292,-0.039983193770093996,0.13133407697331503,0.957167736230836,0.8505721891344497,0.894791415925546,37.48517200412242,28.744680850635717,36.58014450025137,157.71099999999998,192.0464,180.3362
2025-11-14,144.74,145.68,135.76,138.92,6176425.147,-0.00010085999999999999,-0.0001239199999999997,-9.370214285714291e-05,-3.377633333333334e-05,8.177599094489555e-05,0.00010780657715972114,0.00015314162362558894,0.5035045090073212,-0.22943287075196728,0.08705533050591394,0.7341924528010108,0.8546101038333247,0.8976977714475863,22.412545234844643,25.182444238511096,35.8792650912043,156.1,190.97,180.2916
2025-11-15,138.93,144.69,138.61,139.61,2351478.022,0.00014527,-3.913333333333024e-06,-8.192500000000005e-05,-2.2763666666666663e-05,0.00013111634615235927,0.00012427190385475733,0.00015376153679326444,1.5186643268521567,1.4929644491922731,0.34707811511654196,0.6635070305442752,0.833203536113692,0.896966206352577,26.009903570023297,25.936985172608004,33.74466065431905,153.824,189.6588,180.2581
2025-11-16,139.6,143.38,134.42,137.17,3385434.284,0.00010700000000000001,5.0470000000000315e-05,-7.478214285714292e-05,-2.3795999999999997e-05,0.00013244517694128576,0.0001323853040373011,0.0001527457908373277,0.8767944295367981,1.3940861487446554,0.3058166906665197,0.48752468427679774,0.8316597573192832,0.8911213288073725,10.11661807559534,24.2668024436459,33.06155182722334,152.013,188.33300000000003,180.20625
2025-11-17,137.17,143.28,128.82,130.99,5624720.775,0.00029994,0.0001840700000000003,-3.242000000000006e-05,-9.730999999999999e-06,0.0001021544952265927,0.0001507553991863629,0.00016250531058559505,1.3659095718355387,2.4236494696129305,0.5064354895768864,0.4816970242172907,0.8398470963122614,0.8940858783890016,1.8302387267565337,28.804544904625573,30.930111716766675,148.93300000000002,186.73620000000003,180.10694999999998
2025-11-18,131.0,142.17,129.0,140.69,5528848.81,0.00021017,0.00020570333333333362,-5.217142857142914e-06,-7.4743333333333315e-06,9.654752316000602e-05,0.00015807261828656898,0.0001651404660358681,0.5209892205749477,1.5996639847547132,0.41206888842296546,0.910367228397239,0.9237453281495157,0.9140773771285455,29.92511520676996,41.19164619093773,35.91928813071455,147.2,185.295,180.07014999999998
2025-11-19,140.68,142.84,130.53,137.06,4268467.044,0.00010986,0.000206656666666667,4.778571428571371e-06,-1.3133333333333218e-07,9.508869137984726e-05,0.0001607808282106519,0.0001653022017463739,-0.7919838378260228,0.8918880107360689,0.3022865185655368,0.8655935208113306,0.9134879410226618,0.9144915911200189,27.97522886323152,33.71090230342135,36.347495243489085,144.453,183.86260000000001,180.0219
2025-11-20,137.06,144.8,131.11,133.67,7048254.224,9.788e-05,0.00013930333333333364,1.6869999999999942e-05,4.848333333333335e-06,6.16639556656573e-05,0.000160976356503277,0.0001659499572299213,-0.7600625298530393,0.7416367292728944,0.2888001236647094,0.8792403985596793,0.905226813608381,0.9152493186596303,32.631909547021294,35.39667522571217,30.755371679660257,141.089,182.0952,179.9705
2025-11-21,133.67,135.06,121.66,128.68,8285885.693,-0.00016468,1.4353333333333644e-05,5.422857142857084e-06,5.96666666666683e-08,0.00015516307849596224,0.00016814523366963884,0.0001687709124833861,-1.5782607566566447,-0.8854573641547456,0.014312390220700936,0.9147539908844228,0.9078106077634881,0.9058698709253732,33.49451966397663,27.156064577921654,28.733372648709434,138.49399999999997,179.97400000000002,179.88029999999998
2025-11-22,128.69,129.94,125.08,127.59,2612487.859,-0.00014258,-6.979333333333302e-05,-1.0588571428571486e-05,-7.182333333333333e-06,0.0001456291953158759,0.00017098413519778382,0.00017011451412400752,-0.9894931814033692,-0.6902951578600033,0.0417797195512167,0.8434041669476324,0.9016824652384179,0.9039195059793679,30.872056014589077,28.19888236080415,28.413163896516423,135.911,177.86899999999997,179.78385000000003
2025-11-23,127.6,133.54,127.56,130.58,2818715.19,2.3019999999999996e-05,-9.474666666666636e-05,-3.245000000000059e-06,-1.3613333333333334e-05,0.00010258578521584327,0.00016998827428789886,0.000164956932674475,0.292894361423845,0.26286150275908654,0.21620908504653344,0.4535882144300709,0.7889914614541962,0.9073016678760686,39.6934626203383,24.385091292679377,26.888519134274304,134.496,175.92340000000002,179.70015000000004
2025-11-24,130.58,139.87,128.44,138.44,4744857.046,5.4149999999999995e-05,-2.180333333333303e-05,7.196428571428512e-06,-2.0320333333333333e-05,0.00010574744265629527,0.00016859903638545256,0.00015756866038320392,0.6750967679563858,0.4074152712470588,0.24560136295167875,0.7448530777209235,0.8003634660001792,0.896186895560673,61.06983655147848,29.768745619598093,30.781987497855667,134.448,174.12099999999998,179.57004999999998
2025-11-25,138.43,140.5,133.13,138.96,2994819.853,-0.00014409,-2.2306666666666366e-05,1.6012857142857083e-05,-3.082166666666667e-05,0.00010660982332011667,0.00015587556957532753,0.00015485642396279085,-0.6627339778586506,-0.9035798546435836,0.039238374563873364,0.6878906839653189,0.7673099231787737,0.8801761023521749,46.46505925490294,36.76296671648138,31.934533550969462,134.38299999999998,172.2532,179.40094999999997
2025-11-26,138.96,144.75,135.5,143.02,4021862.67,7.210000000000007e-06,-2.757666666666636e-05,3.18671428571428e-05,-3.8575666666666664e-05,0.00010359709710386112,0.00014119557856327267,0.00014643171843532708,0.49950092996099604,0.09339618974617445,0.19695056484524012,0.49046456180369824,0.7636672953183443,0.8844497702818879,61.967871484201716,41.618310766307786,33.754950810690474,134.96800000000002,170.71419999999998,179.2266
2025-11-27,143.01,144.29,140.47,140.85,2331673.189,0.00010208,-1.1599999999999694e-05,4.3169285714285645e-05,-3.862833333333334e-05,0.00012415828323157692,0.00013993541864368034,0.00014637907157195572,1.0101910095227105,0.6922742389917727,0.29464671746099863,0.5297151945057776,0.7371029876938326,0.878578451190735,65.16047297104677,46.505763687588114,35.33975387841792,135.954,168.9508,179.06490000000002
2025-11-28,140.85,143.6,136.01,137.33,3502510.031,-0.00019339999999999998,-2.8036666666666354e-05,3.655928571428565e-05,-4.147666666666666e-05,0.00015086037660150148,0.0001491447104409693,0.00014858917332859288,-1.239120714243335,-1.1603427958121642,-0.010600015190808833,0.6497202429512157,0.7378907407528515,0.8788476761037549,69.4732102634565,48.506481306257605,33.43077331853837,135.618,167.27879999999996,178.88045000000002
2025-11-29,137.33,138.1,134.76,135.91,1859321.171,-1.1390000000000003e-05,-3.423666666666635e-05,2.5369285714285656e-05,-3.695633333333333e-05,0.00014905899915250756,0.00014620900995144647,0.00014732564934744747,0.30520532262255157,0.0010031355392752651,0.17619642008473854,0.4004851625711673,0.7064607340911748,0.8783681230501438,68.45607808128128,46.57153446876944,33.30685729353151,135.503,166.2284,178.64125
2025-11-30,135.92,140.19,133.26,133.48,2608165.329,0.00022239,5.866666666666972e-06,3.361142857142851e-05,-1.9633333333333334e-05,0.00020843146458331257,0.00015419879705241122,0.00014620718267225263,1.2834250808981928,1.3613185215299866,0.42028479377619654,0.40678186898274404,0.6971434069105512,0.8613806676379436,56.59690627663243,46.58016681992192,32.17877094912849,135.484,165.34560000000002,178.42545
2025-12-01,133.48,133.74,123.11,126.66,5007504.057,1.5460000000000004e-05,7.548666666666697e-05,1.3291428571428509e-05,-1.8464333333333332e-05,0.00012792838867249222,0.0001337973295011585,0.00014634750947467543,-0.07545744147720689,-0.01950183258705067,0.20226161799867617,0.31781611280180977,0.6559694123992784,0.8528238803993025,21.87201528102628,46.03407217321032,35.65394698441719,135.282,163.93880000000001,178.21294999999998
2025-12-02,126.66,140.88,126.01,138.68,5022856.747,-2.1100000000000008e-05,7.22500000000003e-05,-3.227857142857208e-06,-1.9401e-05,0.0001313037436442964,0.00012131447159080385,0.00014626881328887054,-0.158691644467816,-0.35884557791757055,0.16497295685623256,1.0462519731723843,0.7845099040219377,0.8884331950550471,49.56843403098958,48.23405376792255,44.089364470223046,136.391,162.5386,178.06935
2025-12-03,138.67,146.08,137.76,144.67,3954144.805,0.00025273,8.236333333333364e-05,6.9771428571427916e-06,-1.2056666666666676e-06,0.0001486699674727206,0.00013660476004647825,0.00014498965689076703,1.199316685726457,1.452372838509008,0.44890904577425716,1.0743752183292261,0.7709029105584451,0.8966000475343158,52.40034914062609,56.41977391464504,43.53825934490429,137.8,161.3832,177.96300000000002
2025-12-04,144.67,146.91,137.8,139.01,2694242.241,0.00027212,0.000167916666666667,1.9422857142857076e-05,1.3553999999999998e-05,0.00016398008485280866,0.00015253248079712418,0.00014960768749115743,0.8860939605306734,1.4142465200773375,0.46472260132183707,1.1532385082636707,0.7698314731420526,0.8997058007263184,47.56999471650029,54.338641532725475,43.99763889822775,137.857,160.2866,177.79155
2025-12-05,139.01,140.75,130.73,133.29,3367359.143,0.00013535,0.00022006666666666698,4.085357142857136e-05,1.9068333333333332e-05,7.400458248197194e-05,0.00014559570822904894,0.00015098634878162287,0.03325335729170519,0.497511972226343,0.3192766199951526,1.212687966828416,0.7899528269332787,0.9013170247556627,44.95756365373262,53.701621967637976,39.424075997399534,137.29000000000002,159.2554,177.62369999999999
2025-12-06,133.29,134.13,131.28,132.19,1341595.431,-5.881e-05,0.00011622000000000031,4.683714285714279e-05,1.9488e-05,0.0001662923145999366,0.00013905149623724737,0.00015074352275180604,-1.1480022900629714,-0.7466209094891149,0.11603976514219348,1.0920638122162185,0.7874771771669649,0.8940653313546028,45.319577251340625,53.69299935653227,40.22109487307777,136.207,158.26,177.44170000000003
2025-12-07,132.2,136.35,127.7,132.24,3131804.491,3.0189999999999994e-05,3.557666666666697e-05,4.734928571428565e-05,2.0641666666666662e-05,9.719201885104964e-05,0.0001389702073447528,0.0001506866687275254,-0.6761555321162874,-0.06957729730019849,0.20659849771726455,0.6592636322128343,0.7619209378271677,0.8859675675914364,48.34047109117138,51.398719243816004,37.146723986115674,135.346,157.15359999999998,177.23524999999998
2025-12-08,132.25,139.36,131.52,133.25,3245115.426,9.926e-05,2.354666666666697e-05,5.057142857142851e-05,2.1230999999999997e-05,7.924412677507121e-05,0.00013966125572567413,0.00015096752725590425,0.02948782229140416,0.48682664203760884,0.2806752663315374,0.4411491599835124,0.6934322939444798,0.8843269530411356,60.44374009374611,45.05620117997565,36.248385012100336,134.93800000000002,156.0614,177.00310000000002
2025-12-09,133.24,144.93,131.62,137.88,4508522.034,-2.584e-05,3.453666666666697e-05,5.901785714285708e-05,2.302933333333333e-05,6.266316803627834e-05,0.00013024099172322023,0.000150041149620497,-0.756912843200846,-0.40141072411282064,0.15042053011463113,0.5271752510933033,0.7020936242552173,0.8055544628614676,48.34437085952642,49.04593639454656,42.76707833042795,135.135,155.0248,176.82245
2025-12-10,137.87,142.57,135.39,136.26,4520230.276,0.00014377000000000001,7.239666666666698e-05,6.87721428571428e-05,3.088933333333333e-05,8.793814319361328e-05,0.00013117285525525888,0.00014998210481803248,1.257433143278706,0.8471657982207546,0.4591288689369239,0.3491484421752967,0.6951616934760694,0.794356586506833,28.75189489539534,43.75923190433412,42.616179000694274,135.41299999999998,154.0374,176.62439999999998
2025-12-11,136.26,137.79,129.0,136.41,4377697.036,-0.00021955,-3.387333333333302e-05,4.5798571428571356e-05,3.248833333333333e-05,0.00018179316936658328,0.00015148327868151962,0.00014691533412535443,-1.590219809690593,-1.7716173207082786,-1.114341533650442,0.32648082800669104,0.6727196301090935,0.7469824226557003,40.89635854141267,45.74223244986499,46.135983651038636,136.38799999999998,153.1632,176.42775
2025-12-12,136.41,140.12,130.35,132.27,4005608.262,0.00029412000000000004,7.278000000000032e-05,8.062142857142851e-05,4.9450666666666664e-05,0.0002640907084601938,0.00014826798097243118,0.0001467618361089188,1.222032687901938,1.6877625701584793,1.8437626043927509,0.4596438533670821,0.6866084526081015,0.731976091670703,45.98425196596944,45.20470052950555,46.86291159419553,135.747,151.9816,176.21454999999997
2025-12-13,132.28,134.28,131.6,133.14,1472483.735,-0.00011797,-1.4466666666666355e-05,7.300857142857137e-05,4.7390000000000005e-05,0.00027202742918379754,0.00015589572416333455,0.0001487166767098578,-0.6466986432284236,-1.0655796341810955,-0.8221973510737263,0.4581488254643544,0.6803185667702589,0.7305272872907325,53.80914193763698,47.347251483120345,46.95299990457314,134.594,150.77259999999998,175.99669999999998
2025-12-14,133.13,133.66,127.98,129.4,1731614.637,-0.0001314,1.4916666666666984e-05,4.773785714285708e-05,4.6372e-05,0.00024189040334073633,0.00015847172167677689,0.00014986655672309998,-0.5799715263941359,-1.058958919057878,-0.8850938877569049,0.3224940202119233,0.6393576239831672,0.726842828634828,41.21287128534346,46.188340805966675,46.385037683726836,133.63299999999998,149.4838,175.78265
2025-12-15,129.39,135.43,123.63,127.81,3922431.0,-5.128e-05,-0.00010021666666666636,4.297071428571422e-05,3.982033333333333e-05,4.290908095440254e-05,0.00016050814555960106,0.00014969013149166563,-0.03048094730302477,-0.5875457894310042,-0.3890432220245985,0.32239255111256876,0.6396131931341816,0.7197880101326403,33.75149342750139,51.190722715434525,48.45451010754595,133.08499999999998,148.0394,175.58814999999998
2025-12-16,127.81,130.14,124.87,129.15,2884783.998,-0.00012924,-0.00010397333333333302,3.524642857142851e-05,3.194566666666667e-05,4.5646543443635595e-05,0.00016632530953880688,0.00015222656729858085,-0.5591131502617582,-1.0294861367848913,-0.8668690611467482,0.3660118590436295,0.626088679641044,0.7205231261634029,17.54646840057373,37.33049720679969,43.89547185650754,132.781,146.6484,175.4529
2025-12-17,129.15,133.99,121.36,123.27,4525580.216,0.00012833,-1.739666666666635e-05,2.6360714285714223e-05,2.622533333333333e-05,0.00013208571621619867,0.00015686679216229886,0.00014485453066412224,1.707792813890364,0.6203367110905962,0.7812497925926044,0.45758576289385927,0.6497167224579666,0.7217030698837706,13.32580462962568,21.46666666586522,42.87485790926888,131.884,145.2308,175.287
2025-12-18,123.28,129.05,116.88,119.6,4790795.008,-0.00015684,-5.258333333333301e-05,-4.279285714285776e-06,1.3991666666666667e-05,0.00015728212113380344,0.0001467376038750202,0.00014428057130583065,-0.7603832574753004,-1.2424941330102428,-1.0387079162538733,0.4117401817064161,0.652758494402121,0.7236242973426995,10.409797456086267,22.669670514453998,42.75115919505715,130.51899999999998,143.7452,175.0966
2025-12-19,119.6,127.87,117.61,126.27,4090548.592,0.00014065,3.738000000000032e-05,-3.900714285714348e-06,1.5018000000000001e-05,0.00016831221552522361,0.00014713185376043607,0.00014509326485676947,1.0963422393187197,0.6437094436457211,0.8627277222481137,0.7504476782424299,0.7026751523501711,0.7383733572385489,37.37373737263625,40.37301151792314,48.779499644114416,129.358,142.5768,174.94379999999998
2025-12-20,126.27,126.89,125.3,125.81,1229353.586,0.00023848,7.409666666666698e-05,1.7334285714285652e-05,1.9704666666666664e-05,0.0002058919260882765,0.00015952853589267077,0.00015004824727098788,1.1001788827381789,1.2627799324890132,1.44040681470435,0.7462178057313626,0.6997074700678337,0.7374539746098202,34.30406852145558,41.094360690744494,49.09276248585668,128.31300000000002,141.34879999999998,174.79690000000002
2025-12-21,125.8,126.62,123.4,126.03,1812103.189,0.00016580000000000002,0.00018164333333333367,2.7020714285714227e-05,3.0720666666666665e-05,5.0802909644364105e-05,0.000164411496248512,0.00014816409730823634,0.41247314754349285,0.7368195961030255,0.950650812478472,0.735404145535312,0.6634383253076609,0.7353180728469403,41.50277357392577,41.37260349936309,47.613552920032326,127.275,140.1424,174.66075
2025-12-22,126.03,128.78,124.2,125.93,2667589.146,0.00013286,0.00017904666666666703,2.9420714285714228e-05,3.9902e-05,5.404166659470811e-05,0.00016578661477072268,0.00014556617266397477,0.18891126840886477,0.47908988950638914,0.7337915959631157,0.5876559187648721,0.5228257408318393,0.7163571306757689,44.874591056084405,39.56670467344944,42.85714285577252,126.641,138.9068,174.56895
2025-12-23,125.93,126.93,122.16,124.01,2440030.872,-0.0001162,6.082000000000033e-05,2.2966428571428512e-05,3.5261333333333334e-05,0.0001541859954568113,0.00016981348544604412,0.0001483161310272375,-1.7005223823558042,-0.9958434170396533,-0.8066411706808135,0.5176023226802053,0.4792258498774329,0.715111939905875,36.41649048491059,28.575841827617964,41.5982915576433,125.728,138.0658,174.44984999999997
2025-12-24,124.02,124.3,120.63,122.53,1605450.498,9.7e-05,3.788666666666698e-05,1.962571428571422e-05,3.668966666666667e-05,0.0001346421573220759,0.00016770103424587474,0.000148710114225256,-0.04935008663807955,0.45822045519553345,0.5744641332600853,0.14052429375317735,0.45753787896807785,0.7148615953449704,47.45179063132121,28.699968971759844,38.14098853910411,125.04100000000001,137.4158,174.31220000000002
2025-12-25,122.52,124.46,119.71,120.06,1818325.148,0.0002298,7.020000000000031e-05,5.17221428571428e-05,4.915266666666667e-05,0.0001745499355342397,0.0001612816355194143,0.00014870437764627034,0.9741634906288149,1.2890944900656716,1.4157986812451375,0.1814705279893804,0.43380766944045734,0.7087338501115593,51.72672672400838,26.33863965160998,38.00899757634761,124.266,136.5696,174.15025000000003
2025-12-26,120.05,125.14,119.24,122.26,3326516.562,0.00022868,0.00018516000000000032,4.7047857142857077e-05,5.653500000000001e-05,7.635085326962542e-05,0.0001545226979158785,0.0001520109656624297,0.806833955236343,1.1543479918968824,1.4122812888964995,0.29299732127834516,0.4447954190584429,0.7117712682977115,27.34463276619877,34.65194725395543,41.17371441823489,123.577,135.9092,173.95575
2025-12-27,122.27,125.08,121.86,124.73,1357802.112,0.00020489,0.00022112333333333366,7.010928571428565e-05,5.9962e-05,1.4069627867534313e-05,0.00015207338063801383,0.00015421606046970855,0.5156643098567458,0.9231432950378485,1.235914364414537,0.3707491440745616,0.45617923267039484,0.7140759038107488,45.02762430648994,37.70827243341739,43.53158990833269,123.723,135.168,173.7538
2025-12-28,124.74,125.64,123.08,125.27,1828960.451,0.00030000000000000003,0.00024452333333333366,0.00010092357142857138,7.640866666666666e-05,4.9494812135509725e-05,0.00015180770622765712,0.00015256500694319937,1.1959547938300177,1.3804750566643398,1.7579789577095724,0.3426749781068381,0.4549353078424767,0.7145107907278395,46.60107334234159,43.34085778585367,45.143735950237755,124.29,134.513,173.57530000000003
2025-12-29,125.27,130.16,122.36,123.28,4307595.105,0.00012089000000000002,0.00020859333333333367,0.0001132214285714285,8.081800000000001e-05,8.961241001296474e-05,0.0001453663660076031,0.00015184986636047272,-1.4906033068612434,0.2737949733354243,0.6193186751380363,0.358965751567225,0.4255702459641015,0.7073512499867278,39.86228002846948,42.78892072397629,47.87954830446596,123.99100000000001,133.68800000000002,173.4301
2025-12-30,123.28,126.52,122.58,125.01,2480631.516,4.3620000000000006e-05,0.000154836666666667,0.00012556857142857137,7.4859e-05,0.00013151790079048232,0.0001296831737384297,0.00014959356950579965,-1.3687141962016522,-0.15929630071742296,0.1038033219748457,0.2821788856887889,0.4325017130774661,0.7074198953267702,53.88198757471139,43.49056603582117,40.15271574539074,123.91099999999999,132.84199999999998,173.31214999999997
2025-12-31,125.02,132.75,122.99,124.65,2941643.658,0.00022078,0.00012843000000000034,0.0001321721428571428,8.170300000000001e-05,8.882035293221651e-05,0.00013216467659867424,0.00015146734393091645,0.4341976533374808,0.830884425447444,1.2120193436697024,0.27064067215672066,0.4318790002005081,0.7074646107208319,59.013605438664186,52.62557077345224,34.30542489658113,123.773,132.2424,173.21219999999997
2026-01-01,124.64,127.25,124.15,126.9,1733664.978,6.764e-05,0.00011068000000000033,0.0001482064285714285,8.466100000000001e-05,9.610279701967389e-05,0.00010528880607874231,0.00015025210426974572,-0.7696038690302487,-0.08946821717124932,0.22427229909712848,0.2595289412241722,0.4249440395106464,0.7092445213017958,79.63604852203251,64.68222043079025,39.97018386430485,123.87,131.712,173.08185
2026-01-02,126.91,133.25,125.84,132.29,2924227.372,0.00030000000000000003,0.00019614000000000033,0.00015958857142857138,8.623666666666667e-05,0.00011812340832789734,0.00011275738732795028,0.00015230916433629291,1.3863187192545172,1.3458334804151564,1.6731660503459367,0.4179907307891562,0.4632522735650309,0.6567317075921145,84.04616428656944,62.765055127740844,49.16722184980566,124.69800000000001,131.4632,172.9897
2026-01-03,132.28,133.99,129.6,133.37,1520623.499,0.00024713000000000003,0.00020492333333333368,0.0001602064285714285,8.540366666666668e-05,0.0001217942709175269,0.00011324557009890232,0.0001513226285142941,0.6270216539799021,0.9038850199960493,1.2873552201650298,0.3141037040749926,0.44658597375993025,0.6367698813660441,82.38380809162906,65.61983470694763,50.9830056624,125.782,131.35219999999998,172.91870000000003
2026-01-04,133.37,135.54,133.12,134.12,1809269.113,0.00019166000000000002,0.0002462633333333337,0.00016205357142857137,8.728066666666667e-05,5.4175199384305794e-05,0.00011355430449834261,0.00015230953933534176,-0.1588745839504897,0.43711182171092355,0.8977855057667065,0.32627742571446156,0.4424399978077633,0.6253000284173986,82.65682656399562,66.35665183611408,51.5480895891908,127.18800000000002,131.2424,172.8576
2026-01-05,134.12,139.87,133.18,137.9,3327567.484,7.528e-05,0.000171356666666667,0.00015794071428571423,9.175033333333334e-05,8.770561343684956e-05,0.0001157152043339957,0.0001498217185252338,-0.9795838882951597,-0.5609392769430799,0.12816335358509784,0.2832828978647282,0.4545398148632914,0.6210968271157797,97.65319425890762,71.06652586767008,53.661994012438925,128.752,131.257,172.81189999999998
2026-01-06,137.91,143.48,136.19,141.08,3771795.117,0.00023473,0.00016722333333333365,0.00018300714285714281,9.856833333333334e-05,8.248599049738295e-05,8.594139867267976e-05,0.00015156753697026854,0.29539170503877066,0.7056804259868978,1.1304398678291607,0.28272778669204174,0.4018883222239619,0.6148662690218358,97.85586658317456,78.76643073440268,52.578981300012565,130.387,131.4588,172.81674999999998
2026-01-07,141.08,141.4,134.41,136.39,2321642.178,5.382000000000001e-05,0.00012127666666666699,0.0001799228571428571,9.705366666666668e-05,9.883762961715185e-05,8.994695953112268e-05,0.00015178727606863878,-1.1813039079161798,-1.0283197682846246,-0.034361514488783225,0.46273158305791096,0.4084609952860293,0.6175702056713462,77.79356060348213,71.07664233274001,50.09983105298296,131.499,131.3728,172.82155
2026-01-08,136.39,140.07,132.67,138.37,3113437.835,0.00010652,0.00013169000000000033,0.0001711171428571428,0.00010146566666666667,9.304436412273068e-05,9.071960329058524e-05,0.00015000514059625655,-0.33346427140265306,-0.49285721696020757,0.2876251963195204,0.4683210528651713,0.35040646379192286,0.6097029418079002,77.50599520123474,78.26489656963346,51.463997607647165,133.008,131.399,172.85485
2026-01-09,138.37,141.17,134.98,135.97,3778547.996,0.00029569000000000004,0.00015201000000000036,0.00017590357142857138,0.00010652966666666668,0.00012718993393740714,9.562538249750713e-05,0.0001539938238924758,1.3420518793442853,1.2810570681183553,1.4599765581332587,0.5154474710802188,0.3614693526240933,0.6087287874296091,60.30235162137671,71.03405952441089,52.837423310614334,134.104,131.445,172.81215
2026-01-10,135.96,137.05,135.37,135.84,1000837.004,-0.00016496,7.908333333333369e-05,0.00014948571428571424,0.00010834933333333334,0.0002315473680013228,0.00013139836550112073,0.00015028572678731794,-1.5058643897128374,-2.40246488265945,-1.5461113688122112,0.4411007072180141,0.3619604635478374,0.5786486434159913,57.30337078414472,68.3636363604724,52.09432205792952,135.223,131.5882,172.76175
2026-01-11,135.85,141.6,135.75,139.7,2209913.206,0.0002309,0.00012054333333333367,0.00014454999999999996,0.000106242,0.00024936629890251276,0.0001265168197361377,0.0001480171111144216,0.7079480336331355,0.6355159554643612,1.0277196603937775,0.47026817815603694,0.375684531955127,0.5832110808662371,63.93606393382834,71.49240392910067,57.974605138396875,136.503,131.8304,172.74239999999998
2026-01-12,139.69,144.4,138.34,139.22,4160120.091,0.0002369,0.00010094666666666701,0.0001528364285714285,0.000118071,0.00023030146879327235,0.0001286294595134324,0.0001435949313637105,0.5199926489114962,0.6154266232749275,1.0328815251966348,0.3346611971694575,0.3664949577030197,0.5656184761444226,53.947368418794035,74.85963817514647,58.98849850062758,137.196,132.0032,172.7432
2026-01-13,139.21,148.74,137.82,145.51,4195082.468,0.00015920000000000002,0.00020900000000000034,0.0001610921428571428,0.00012775766666666669,4.32322795489476e-05,0.0001247304982215089,0.000135774470018303,0.04172353942236747,-0.08735764985254663,0.4886988209327832,0.48241595191787423,0.3918403068119543,0.5670567371644554,61.16994452633282,77.99016930340832,61.95556854467295,138.41000000000003,132.1446,172.76030000000003
2026-01-14,145.52,148.44,143.37,146.69,3695077.378,0.00029806,0.00023138666666666703,0.0001666121428571428,0.00013940233333333335,6.959398342048148e-05,0.00012920497472728405,0.00013486736081127774,0.7940682643284442,1.0735302758150063,1.3903285422103437,0.38966855745571455,0.36967136560159797,0.5672514392148195,81.55637254552153,79.43376068079037,68.37727557766075,139.66699999999997,132.2992,172.74015
2026-01-15,146.7,146.73,140.9,142.4,2462143.139,9.682000000000001e-05,0.0001846933333333337,0.0001686964285714285,0.00014693766666666667,0.00010301367350178928,0.00012771231797446153,0.00012531726079666246,-1.3841254495570012,-0.5896866307337778,0.04921731043310189,0.5446604310880977,0.4043014339805982,0.5704464156576824,60.81588834983518,69.63019250006376,67.71837115030135,140.11700000000002,132.2868,172.68555
2026-01-16,142.41,145.55,140.26,144.89,1900879.026,-4.619e-05,0.00011623000000000036,0.00014396857142857136,0.00014112033333333332,0.00017294385416950872,0.0001337076841935799,0.00013016764642697246,-1.4659749205277766,-1.584120260245276,-0.8755164877154842,0.518406035176406,0.40289122586815906,0.5596572311545615,73.82478632202583,67.2225259679029,65.47539893312282,140.498,132.36759999999998,172.63594999999998
2026-01-17,144.9,144.99,143.32,143.72,835154.761,0.00016134,7.065666666666702e-05,0.00013784071428571423,0.00015172633333333332,0.00010621000531183748,0.00013054455764007592,0.00011738805771277897,0.2205547769924839,0.12246715233710932,0.531159522630484,0.5286563583104008,0.4082331419578799,0.53202736654885,69.93927125258318,64.11235341996843,64.71168062787592,141.231,132.4954,172.62015
2026-01-18,143.73,144.0,137.74,137.87,1877438.698,-0.00010947,1.893333333333681e-06,0.0001163314285714285,0.00014338899999999998,0.00014166340116044423,0.00014500223938889657,0.00012671366476227708,-1.163030258084486,-1.823259631438087,-1.2597191905277485,0.4735541934648474,0.44834996270576993,0.5381007066157033,45.793103446802085,54.488867606505046,58.90225563661766,141.18099999999998,132.53459999999998,172.54815000000002
2026-01-19,137.87,137.87,130.0,133.44,2972524.77,0.00011045,5.410666666666702e-05,0.00011884357142857136,0.00013912133333333335,0.00014392860184251637,0.00014454024244302057,0.00012555127024773609,0.5914259121892009,-0.2103077989959099,0.20717629693672682,0.4529399208900585,0.47508337705975223,0.5406236294979208,38.754863812173966,44.74304573166807,55.30142594727031,140.928,132.5338,172.45355000000004
2026-01-20,133.44,134.63,124.68,125.8,3532423.88,4.018999999999999e-05,1.3723333333333682e-05,0.00010494785714285708,0.00013493433333333334,0.0001123234834232993,0.0001418688206721048,0.00012671992614093837,0.08057815664038795,-0.6712339380844387,-0.29114294109524086,0.5702205464936728,0.5443638277171485,0.5520612327047584,13.56746765214426,33.703071671348425,51.1691704749409,139.924,132.5166,172.34404999999998
2026-01-21,125.81,132.17,125.26,129.54,3161736.36,-2.136e-05,4.309333333333368e-05,9.957785714285708e-05,0.00012979366666666665,6.595294556228942e-05,0.00014533351829647669,0.00012989532561919457,-0.5386098845292707,-1.0721899729808875,-0.7370242738646269,0.6538749136944835,0.5534850009476326,0.55647346523335,21.040189124798047,42.54300021642585,54.44740514969607,138.908,132.3338,172.25400000000002
2026-01-22,129.53,130.94,126.73,128.47,1811586.462,-6.345e-05,-1.4873333333332987e-05,8.743714285714279e-05,0.00013155200000000003,5.2123603370699794e-05,0.00015167022467172273,0.00012677002684703133,-0.6328643389301487,-1.2508547138496782,-1.011681465527068,0.6535049947616333,0.5234591299665121,0.5538638735453141,23.60742705507667,39.00488671580169,55.43211471185622,137.833,132.00979999999998,172.13705000000002
2026-01-23,128.47,130.2,125.28,127.43,2044063.077,-6.481999999999999e-05,-4.987666666666632e-05,6.16864285714285e-05,0.00012615800000000002,2.470565579676586e-05,0.0001440031347712577,0.00013164002851259577,-0.8668825771333906,-1.1384734474923646,-0.9991044056800774,0.6260895707696998,0.5223404605112013,0.5341882985383134,14.995990376483675,40.2198808965573,53.390163932465676,136.025,131.7782,172.0298
2026-01-24,127.43,128.12,126.64,127.21,807419.995,-2.2369999999999998e-05,-5.0213333333332984e-05,7.18714285714285e-05,0.00011775233333333334,2.4122761623584733e-05,0.0001312145445624005,0.00013283942364474585,0.09326640741188574,-0.7498120276534374,-0.734772031828592,0.6052864251834278,0.521151694702048,0.5340336733856754,15.589829095001534,40.13714285585844,51.67567567372038,134.077,131.6566,171.9075
2026-01-25,127.22,127.46,117.15,118.85,4540879.449,-5.8960000000000005e-05,-4.8716666666666315e-05,5.116714285714279e-05,0.00010816433333333334,2.3004239356001242e-05,0.00012699175293502137,0.0001349211098937371,-0.5718945498193065,-0.9437323450889035,-0.9754541913156054,0.6735046724602464,0.5718275478086006,0.5530997515949377,14.113207546797,28.393782382595802,46.076753848337624,131.722,131.3898,171.71649999999997
2026-01-26,118.85,125.6,118.53,124.24,2355751.363,-0.00017835,-8.655999999999965e-05,2.1506428571428506e-05,9.538966666666669e-05,8.157058351524335e-05,0.00012875575628994374,0.00014332821224243678,-1.7082485297087382,-1.5861632332184201,-1.721857130458922,0.7628183085751845,0.600418344207062,0.5644051572172136,33.24836125188369,35.91045899077737,50.56324806217346,129.65699999999998,131.2298,171.516
2026-01-27,124.24,127.84,123.12,127.19,2036509.042,0.0001834,-1.796999999999965e-05,2.3234999999999933e-05,9.1503e-05,0.00018432552914616273,0.00013089125243731365,0.00013910719771743267,1.6036958534811294,0.8331410007401784,0.6860172104216538,0.8098662511400283,0.5999651613249154,0.5648134384888198,53.05226174628298,31.61380971408552,51.26099028061625,128.004,131.1086,171.3373
2026-01-28,127.18,128.34,124.78,125.35,1997863.528,0.00017923,6.142666666666702e-05,1.4747142857142792e-05,9.344766666666668e-05,0.00020766315183089448,0.00011452907151113214,0.00013993749099013104,1.0061625579883855,0.769875340069411,0.6354925548756525,0.8161608148354677,0.5961135429604604,0.5653243987572013,39.96166746392079,28.86291600553865,50.39808917036949,126.752,130.858,171.1606
2026-01-29,125.34,125.51,115.39,117.82,3730613.473,-0.00011310999999999999,8.317333333333368e-05,-2.478571428572091e-07,8.822333333333335e-05,0.000169999139492939,0.00011667950898660804,0.0001447062427082913,-0.6850074534459156,-1.0725481505087857,-1.3324680966435718,0.9558757509838519,0.6425442011959954,0.5834300124458897,30.515916574410497,27.12211466794541,45.12875536345106,125.18999999999998,130.4892,170.94395
2026-01-30,117.82,119.12,112.14,117.59,4761006.742,-0.00031788,-8.391999999999963e-05,-1.965428571428578e-05,7.026800000000001e-05,0.0002498372071870343,0.00014424614825754022,0.00016027280958729002,-1.2031846863653912,-2.205324275973949,-2.5456233847715386,0.7730643084743437,0.6423731925930981,0.5695918014273395,31.447963800074902,23.474543333990198,41.65152203411377,124.369,130.1128,170.72084999999998
2026-01-31,117.6,118.85,96.4,105.58,8567398.326,-0.00035132,-0.00026076999999999963,-5.6272857142857206e-05,5.630266666666668e-05,0.0001289657516359613,0.0001590744152120276,0.00017780388756889672,-1.0333402355463663,-2.0437541859848873,-2.574478419382375,0.9979700342621971,0.7518028244117525,0.5816274731106563,21.769772904848907,19.39004815365736,35.96039203697394,121.973,129.579,170.42885
2026-02-01,105.58,106.69,98.02,100.79,4204256.051,-0.00097385,-0.0005476833333333329,-0.00011801428571428577,1.3841000000000012e-05,0.0003694496978323032,0.00029282582451437136,0.00025356416469366605,-1.5515116315940185,-3.369776323917276,-4.862356274757351,0.7987738349235616,0.7625563717047893,0.5785881691001825,24.006908462383294,19.725669496609797,33.82195903218424,119.205,128.93200000000002,170.06465
2026-02-02,100.78,106.12,95.95,104.55,5574032.681,-0.00027327,-0.0005328133333333329,-0.0001454228571428572,-3.5056666666666583e-06,0.00038393743843024637,0.0002877100190062687,0.00025485158266060006,0.4013892502405188,-0.7241302763553794,-1.47806937080301,1.0620663681615417,0.7516663502893401,0.5816441698556608,20.265780730468563,26.151560177701626,33.80910767943813,116.91699999999999,128.435,169.70805000000001
2026-02-03,104.54,105.1,96.64,97.89,4514018.115,-0.00038635,-0.0005444899999999996,-0.00017589000000000003,-2.277266666666666e-05,0.00037611072677477125,0.0002891233454892865,0.00026135417730205356,0.25582003491926847,-1.0391538478586102,-1.9094584889383752,1.0710739265464682,0.7712341617699889,0.5939131389211157,10.211841390354465,26.58164121434443,29.717291254971258,113.98500000000001,127.8366,169.3111
2026-02-04,97.89,99.67,89.3,92.12,6251459.371,-0.0009822,-0.000547273333333333,-0.0002445214285714286,-5.8021999999999994e-05,0.0003808775073804965,0.0003559399786439107,0.00031373639227515643,-1.0998173836323935,-2.5218595571165614,-3.9149723596132726,1.0113542413567098,0.7897536918452107,0.6095224943070208,9.226993864872156,19.63648166135198,29.418874941121587,111.31199999999998,127.096,168.88690000000003
2026-02-05,92.11,93.43,77.6,78.35,10243355.48,-4.17e-05,-0.000470083333333333,-0.00024296785714285723,-6.723633333333333e-05,0.00047580827633446565,0.00035683742997721224,0.00030886336379308234,1.1492377580660844,0.3776372932320309,-0.2247041120623406,1.348880900630979,0.9698881886782907,0.7203361467639712,8.001702489772256,16.28094725480632,24.85336014689466,106.723,126.19760000000001,168.37150000000003
2026-02-06,78.34,89.84,67.5,87.46,11811095.766,-0.00114886,-0.0007242533333333331,-0.0003203992857142858,-0.00010732566666666665,0.0005969532465180096,0.00042609980036126174,0.00036547282687583255,-1.223808694739319,-2.404316514066377,-3.864211981738433,1.9958213824783404,1.1392700287878819,0.7767539181190377,23.03561839956818,25.743415462604176,30.757635858102944,102.75,125.5548,167.8302
2026-02-07,87.45,89.2,84.16,87.59,4486649.48,-0.00092662,-0.0007057266666666663,-0.00038498857142857146,-0.00014176366666666666,0.0005857014725339098,0.0004455394963033683,0.00039231739387255945,-0.493692172443394,-1.5949616844334118,-2.841624373795651,1.9122248820504357,1.141968861853661,0.7701921392353455,29.55217094747246,25.929526123495734,30.860769535212924,98.974,124.78120000000001,167.23965
2026-02-08,87.59,89.08,85.77,86.99,2534998.683,-0.00098826,-0.0010212466666666663,-0.00045136714285714293,-0.000184562,0.00011473336275212416,0.00046214607553120784,0.000412465864848737,-0.3866584531890989,-1.5388678428068616,-2.7771838071558475,1.8928799674317947,1.142953582488358,0.7701196213727257,32.66331658234007,28.628924067076994,28.536525775063907,95.891,124.00479999999999,166.72760000000002
2026-02-09,86.99,88.69,82.86,86.77,3667652.416,-0.00036251,-0.0007591299999999997,-0.00046452142857142864,-0.000191147,0.00034486293029993857,0.00045636200837639466,0.00041371716916716473,0.7046583211896111,-0.039997582255521885,-0.9346189687324307,1.8535892406882062,1.1326998044826129,0.769921353566963,25.482625482133557,22.992648118319323,28.597078265893472,92.809,123.21960000000001,166.2471
2026-02-10,86.77,87.49,81.91,82.99,2975212.105,-0.00037142,-0.000574063333333333,-0.0005041514285714287,-0.00021122433333333333,0.0003587324992642592,0.0004182693148569174,0.00040709130936919085,1.0562166968942546,-0.019964683070764096,-0.929003832845166,1.1089421422066428,1.1165615786416543,0.7732246463491508,27.68124625466217,18.518518518149207,23.95434094261728,90.55,122.3608,165.72825
2026-02-11,82.99,84.39,78.04,79.3,3814913.32,-0.00014249,-0.0002921399999999997,-0.0005271314285714286,-0.00022387066666666665,0.00012967724894919028,0.00038538048563039804,0.00039849232194410594,1.1045929559807564,0.5445767144212025,-0.26089475947143076,0.44700933521118913,1.1189231876585886,0.7778988447317622,29.52076677250274,18.04302567626287,22.50061209448296,88.401,121.4666,165.20035
2026-02-12,79.31,82.25,76.6,78.4,3196230.117,-0.00043321,-0.0003157066666666664,-0.0005499957142857144,-0.00024361766666666665,0.0001531584513775362,0.0003680326257206437,0.00039350192959934123,0.08359596140153662,-0.1173860241838626,-1.0822492101804988,0.4029303554338007,1.1181085903022379,0.7763407921177324,50.13564839744469,19.871598898993895,23.140842705516235,85.786,120.584,164.64915000000002
2026-02-13,78.39,85.63,77.53,84.33,3370390.272,-3.924e-05,-0.0002049799999999997,-0.0005300928571428571,-0.000254861,0.0002042837249881269,0.0003885151357783854,0.0003821460475952325,1.3595922592687497,0.8557531175810259,0.05331922706559905,0.9218381172602051,1.1901849169686773,0.8016926024228795,39.73770491620878,26.61698537630393,25.29776472449963,84.43,119.86939999999998,164.15525000000002
2026-02-14,84.34,88.9,84.21,88.06,2698607.215,-0.0001046,-0.0001923499999999997,-0.00051247,-0.000261575,0.00021113535254671075,0.00040258861090447664,0.00037749532801708505,0.6547791089226148,0.7033887355976731,-0.13637724670392204,1.0167391077757073,1.1998883472847832,0.8101433195095612,51.24668434822957,36.0598344995149,27.760907782661562,84.024,119.18540000000002,163.68815
2026-02-15,88.06,91.26,84.89,86.16,3929085.4,-0.00013518,-9.300666666666638e-05,-0.0004525650000000001,-0.00026454133333333335,4.900943713562497e-05,0.0003908810933243731,0.00037609151405419564,0.2350152521606721,0.6203215866042971,-0.21235688486902055,0.9351329020699438,1.1699418741359213,0.8048209685513192,47.94044664845865,37.79816513673198,28.66573149533572,84.80499999999999,118.414,163.2301
2026-02-16,86.15,86.93,82.55,86.45,3559751.811,-0.00021365,-0.00015114333333333304,-0.00044830642857142866,-0.00027704099999999995,5.625030336233323e-05,0.00039330201379438805,0.0003675842736630361,-0.18710918466774382,0.5005460659977108,-0.4359991081677987,0.7591962901121977,1.1592566602800898,0.8028197526559925,49.208704251511094,33.97662889434194,29.927381460198234,84.704,117.6376,162.80125
2026-02-17,86.45,87.69,82.92,85.08,2774655.865,-0.00022117,-0.0001899999999999997,-0.00043650785714285717,-0.0002807643333333333,4.762417343139601e-05,0.0003977559778427799,0.0003663921670105416,-1.0248480358902132,0.5657838900529846,-0.44087386425535224,0.7757347518752752,1.1591621517234039,0.7890927914053195,55.86749017186373,37.487790583073206,31.621231268382928,84.453,116.87359999999998,162.4131
2026-02-18,85.09,86.09,80.48,81.61,3137603.97,-0.0003655,-0.00026677333333333304,-0.0003924578571428572,-0.0002966293333333334,8.558243761638224e-05,0.0003655158839888184,0.00035910011634466166,-1.5552104578048016,0.20665891396335162,-0.8297973257621685,0.6142174412109768,1.1480244763980612,0.7937693209332136,56.566230810710856,39.25138064931577,28.31417971152584,83.91499999999999,116.00560000000002,162.02875
2026-02-19,81.61,82.67,79.61,82.5,2848277.49,-0.00021685,-0.0002678399999999997,-0.0004049685714285715,-0.0003051973333333333,8.460361868755196e-05,0.0003554455483951819,0.0003538141472583153,0.16315510993930216,0.6063122877464034,-0.3823458054939875,0.3988165980534393,1.152830989605454,0.7947215106410578,61.66097838207263,55.762288251095065,29.167044320840503,83.488,115.1626,161.63139999999999
2026-02-20,82.5,85.49,81.77,84.67,3754556.759,-6.958e-05,-0.00021730999999999972,-0.00032787714285714296,-0.0003068046666666666,0.00014796053627581053,0.0002933031762627525,0.0003525876493408625,1.4118014915377641,0.9547136948246375,0.05512510495491326,0.4992245788816196,1.0921774626005127,0.7987569528941182,51.23010129986533,45.20123838791603,30.81823075465377,83.656,114.318,161.207
2026-02-21,84.68,86.72,83.97,85.17,1780748.862,-3.945e-05,-0.00010862666666666638,-0.0002645078571428572,-0.00030600466666666666,9.492719119594657e-05,0.0002460183967832872,0.0003531855665209855,1.086182312476259,0.9484827797996863,0.13914472933633154,0.5028430989370767,1.0824315540652298,0.7990368752361942,36.355051933385425,45.889945649991645,31.188473240671854,84.243,113.37559999999999,160.8124
2026-02-22,85.17,85.6,82.48,82.79,1798852.596,-0.00022216,-0.00011039666666666637,-0.00020978642857142864,-0.00031124933333333336,9.795527667436763e-05,0.0001309373780187004,0.00035063961144937716,-0.2993723221334208,0.42069487062091965,-0.37796519408261486,0.541607949016434,1.0659493744376005,0.8007773409113466,34.778681117945396,43.27354259895637,32.95196671622291,84.682,112.36399999999999,160.3859
2026-02-23,82.8,82.85,77.15,77.9,5163373.383,-0.0007576999999999999,-0.00033976999999999966,-0.00023801428571428577,-0.0003357603333333333,0.00037328923061753777,0.0001938693426259407,0.00035541812342520493,-1.7134769022588199,-1.0147649501887577,-1.8491872950487622,0.6688969331501048,1.0613273509062573,0.811273173204518,22.718570515896445,37.642797435143514,27.98783963444457,84.039,111.23960000000001,159.89860000000002
2026-02-24,77.91,79.62,75.63,78.99,3592828.376,-0.00017402,-0.00038462666666666637,-0.00022391428571428578,-0.00033959566666666663,0.00032398634065091314,0.00019057080859128815,0.00035294033142052795,0.26899903885825815,0.5170851352134375,-0.16750653134584556,0.6777272608458881,1.0424131580203946,0.810516304253542,30.214424949892745,43.97590361260343,26.692456478967713,83.132,110.06139999999999,159.40965
2026-02-25,78.99,92.1,78.73,88.06,5632749.415,-4.191000000000001e-05,-0.00032454333333333305,-0.00021673000000000007,-0.0003350476666666667,0.0003808960309958161,0.00019570328411810026,0.00035595599838268135,0.6915984322230248,0.90819423605221,0.22541510013979926,1.2174978835378858,0.9053304024800498,0.8571660079699538,65.36445926413745,61.35303265718263,33.146524450033354,83.322,109.001,158.9502
2026-02-26,88.05,89.27,84.34,85.91,3356890.979,4.8700000000000005e-05,-5.574333333333304e-05,-0.0001823078571428572,-0.00033953766666666664,0.00011200254652617682,0.00019707441000519423,0.00034999039377722296,0.8853294375709977,1.1579870758884898,0.5050233834838899,1.2496598968950439,0.782135374073433,0.8580363358837002,57.66292134650048,59.42756715834298,34.84085510596148,83.268,107.9914,158.46645
2026-02-27,85.91,88.29,80.32,81.85,3370499.359,-0.00027527,-8.949333333333304e-05,-0.00019916714285714293,-0.0003546876666666666,0.0001671444597596659,0.00019396519336362333,0.00033633059282106646,-0.1119367583727042,-0.07601643788634616,-0.4241773235308668,1.3043012844627997,0.8078439801862978,0.8640087489464724,44.15907207825553,46.73340358099507,33.617528418645676,82.945,106.86099999999999,158.0015
2026-02-28,81.84,85.65,77.12,84.35,4737699.879,-0.00041927,-0.0002152799999999997,-0.0002216435714285715,-0.000364893,0.00023968329164759347,0.00020029250082189554,0.0003333795810228967,-1.331972568205348,-1.0263349067387566,-0.8208760472237508,1.1543279499282462,0.8201182151034991,0.8673216654442738,48.4315225694758,44.94963245132235,39.339158379932215,83.219,105.82860000000001,157.46435000000002
2026-03-01,84.35,88.9,81.69,83.6,4435194.222,0.00010792000000000001,-0.0001955399999999997,-0.00020427928571428578,-0.00035069966666666664,0.00027248849277542727,0.00021811025036448965,0.00034433417988692975,1.000965653095575,1.5771479974978186,0.7286606514896398,1.1742665295107189,0.8207221877593297,0.8672914805352931,51.65238677943054,46.40247329778067,41.00282633607444,83.329,104.78380000000001,156.8748
2026-03-02,83.61,90.29,82.37,86.64,5123433.26,-7.591e-05,-0.00012908666666666636,-0.00019444071428571436,-0.0003415193333333333,0.00026758763504383594,0.000220745721359839,0.00034796925231800205,0.21167280285345885,0.5801121344969439,0.19642886976805843,0.6863575153109668,0.8121163033372086,0.8715176629021711,69.2850838460503,50.24784763708982,40.55479379692487,83.526,103.7226,156.34565
2026-03-03,86.65,87.46,82.5,86.97,4136742.745,-0.0002467,-7.156333333333301e-05,-0.00019626428571428578,-0.000317281,0.00017734995412559156,0.0002210887009485949,0.00032710428296498477,-0.31979690865896665,-0.26521970272100426,-0.2837106695139101,0.6470946747054329,0.7833667096228365,0.8636006950328248,68.21917808001126,52.53419147027225,43.82911392266363,83.706,102.6776,155.8519
2026-03-04,86.98,94.05,84.78,90.85,6329931.383,3.8520000000000004e-05,-9.469666666666635e-05,-0.00016740571428571434,-0.000306888,0.00014353506968107452,0.00022365259319083076,0.0003334426537107873,0.7335595327801466,1.0802833568564296,0.5841290580867272,0.42758740832889314,0.7969186865990068,0.871851084848769,58.34829443202607,62.254641907502474,49.26665896595511,84.51199999999999,101.5844,155.35815
2026-03-05,90.86,92.96,87.91,88.77,3753710.608,-0.00012843000000000002,-0.00011220333333333302,-0.00016109000000000005,-0.0002982906666666667,0.000143300700027432,0.00022339723247199826,0.0003346460672887894,-0.4843724582858597,0.24584596623906022,0.0977162646076362,0.5478955554708965,0.7493928695011677,0.8722874806833297,58.59374999753511,58.061198249388376,56.95594125287749,85.599,100.426,154.84705
2026-03-06,88.78,89.31,83.64,84.7,3135324.642,-0.00014632000000000002,-7.874333333333304e-05,-0.00016657142857142866,-0.000270428,0.00010194621144677177,0.00022191572086325466,0.0003096006872985929,-0.33110486306708564,0.16399654966719296,0.05474437695198367,0.733755034741504,0.7543174038769038,0.8733832226278359,58.55855855609666,50.03677371733142,48.024620667986426,86.16999999999999,99.27199999999999,154.35585
2026-03-07,84.69,85.07,82.28,83.22,1465281.721,-0.00018051,-0.00015175333333333304,-0.0001766471428571429,-0.000275055,2.6461716277569737e-05,0.00021888155895820072,0.00030709155416625163,-0.4518235493962171,-0.002862940863512144,-0.029005527863675155,0.6510406756742997,0.7524096032359094,0.8702145386904695,46.38515674776268,47.66578884207009,46.93161072698485,85.686,98.0386,153.89085
2026-03-08,83.22,84.13,80.26,81.59,2102965.687,-0.0004741,-0.00026697666666666636,-0.0001946428571428572,-0.000252563,0.0001801868347809074,0.00023282408692395295,0.0002623342490587332,-1.5930253179833278,-1.3913784182534528,-0.9084376105528534,0.642980747932094,0.7558851511301914,0.8684062156758969,43.91278013139076,48.537298876939246,46.26245846996769,85.25399999999999,96.796,153.3591
2026-03-09,81.6,87.06,81.54,84.96,3594057.289,-0.00020171000000000002,-0.0002854399999999997,-0.00015492928571428577,-0.00022839933333333333,0.0001637278433713395,0.0001677057796083966,0.0002294277133099048,0.17316898009656867,-0.048020680231131804,-0.05170236216788692,0.6176503904204818,0.7753343500820168,0.8750255657413208,45.0118764826895,58.936708858670585,48.79957553871019,85.565,95.73780000000001,152.88245
2026-03-10,84.95,88.8,84.83,85.88,3643895.134,7.394000000000001e-05,-0.00020062333333333306,-0.00013721785714285723,-0.00019299266666666665,0.0002740216159874213,0.00017829382392030839,0.00018596320286771493,1.3302188674574453,1.1847071188630192,0.8281196592324578,0.6364991400740172,0.7533699265398744,0.8759304885718469,46.8732071122885,58.75921688069507,51.992279054934805,85.71799999999999,94.78659999999999,152.3084
2026-03-11,85.88,88.09,84.36,86.58,3182175.739,-0.00019195,-0.00010657333333333303,-0.00014793500000000008,-0.00018730733333333332,0.0001564052813313915,0.00017662584512072264,0.0001831884597897184,0.01503286278169703,-0.11255408617397725,-0.008583141019128793,0.4704709785600709,0.7528826901034135,0.8766456389910076,35.017543857928956,47.60981911929412,55.23439746685855,86.01599999999999,94.00220000000002,151.7206
2026-03-12,86.58,87.69,84.72,86.84,2913681.148,-0.00012247999999999998,-8.016333333333302e-05,-0.00016016214285714293,-0.00017900933333333334,0.0001379035830874239,0.00016766416768364414,0.0001801744123595102,0.30889664610751755,0.23916577021160512,0.2324052859072726,0.41172304086632827,0.7454385203594345,0.8725352303006307,42.23652453503095,51.59958720081737,56.12481857536793,86.036,93.1482,151.1249
2026-03-13,86.83,92.98,86.71,88.18,4940378.617,0.0002357,-2.6243333333333018e-05,-0.00012366428571428575,-0.00016640299999999997,0.00022949346968562432,0.00019419543247674274,0.00019540447242323528,1.4546672538783243,1.7678344760420055,1.3786084657055597,0.27962439625541047,0.7476453968439407,0.8743554829397863,67.93814432499417,62.011385195946296,52.99331363476316,86.157,92.3424,150.6298
2026-03-14,88.17,88.71,86.51,88.03,1498143.039,-0.00019303,-2.660333333333301e-05,-0.00010750428571428579,-0.00015839699999999998,0.00022988389379934075,0.00017629238901778572,0.00018890834013890817,-0.8136056434157983,-0.16565219302422,0.02581363936724226,0.1268234979887472,0.7356215708099937,0.8648099361538938,78.73357227537473,57.66666666330279,49.97530050815197,85.875,91.5544,150.09064999999998
2026-03-15,88.04,93.23,87.36,92.3,2614547.105,-0.00014607000000000002,-3.4466666666666355e-05,-0.00012564642857142865,-0.000161958,0.0002351464038175942,0.00016513371088334414,0.00018758700150698672,-0.3452577759584643,-0.11924193384084214,0.2063398530692197,0.3719795617775347,0.6992982133396165,0.8748057820012229,98.63760217356523,65.80668604316392,54.86529318298537,86.228,90.85619999999999,149.5374
2026-03-16,92.31,97.68,91.18,96.2,5621650.621,0.00024824,-3.028666666666636e-05,-0.00010249285714285723,-0.00015019666666666665,0.00024235127073804832,0.0001930147405840837,0.00020182787144629755,1.1164488142181455,1.856546557920178,1.4873335546979582,0.425329655141723,0.7131115381354469,0.8813054403552302,98.70017330423825,66.84284707210783,57.30774996011899,87.378,90.40320000000001,148.94625
2026-03-17,96.19,96.95,93.15,94.62,2833557.586,7.742e-05,5.986333333333363e-05,-7.934142857142866e-05,-0.00014311,0.00019774041425146507,0.00019382388242171478,0.00020606137539135134,0.15902966725739595,0.907522560174663,0.9165934155407035,0.5228247946947632,0.5649620819226524,0.8795891120053204,85.81967212622345,62.909213631857156,57.12791392468682,88.518,89.8108,148.39395000000002
2026-03-18,94.61,95.65,88.55,90.08,3293861.558,-0.00012299,6.755666666666698e-05,-9.087785714285721e-05,-0.000140088,0.0001858114426733201,0.00019105591187793772,0.00020565558509121485,-0.5159400282329272,-0.08300505469520285,0.28216560663636925,0.7737121699742943,0.5972369664452193,0.8856893499975297,60.910224436244555,48.72895344773126,56.22885718256449,89.36699999999999,89.0686,147.83085
2026-03-19,90.07,91.41,87.0,88.89,2609542.924,-0.00010609,-5.055333333333303e-05,-8.928214285714295e-05,-0.000136252,0.00011114982243957077,0.00019081128345640235,0.00020516372747713806,-0.5676582360894287,-0.03963217040717652,0.3376831959942856,0.7880815505463871,0.5573902442109735,0.8817575334383582,56.040070710711355,50.2040816302624,54.67857665612681,89.76,88.33939999999998,147.2722
2026-03-20,88.9,90.45,88.13,89.84,2201411.538,-0.00010606,-0.00011171333333333304,-8.640642857142863e-05,-0.000127604,9.765891068000089e-06,0.0001901879029784346,0.00020058412727599366,-0.6421736230845128,-0.13479487580596733,0.35268243075776795,0.6442552876884196,0.5460639975703669,0.8805235935431758,55.00603136076571,59.7792998446084,53.85418219545562,90.156,87.7798,146.7348
2026-03-21,89.85,90.81,87.14,87.56,1241845.225,-0.00010865000000000001,-0.00010693333333333304,-8.127357142857151e-05,-0.00012399733333333333,1.4867509380309965e-06,0.00018841426267083913,0.00019989565688505797,-0.4184355910068994,-0.08971471244460227,0.3540928014233368,0.4132503785226041,0.557771923573635,0.8720687189272751,48.743987170811295,58.01329394087081,51.735657223749314,90.25399999999999,87.1792,146.12435
2026-03-22,87.55,89.2,85.14,86.2,2138087.131,-0.00039328,-0.00020266333333333303,-7.550071428571436e-05,-0.00013478733333333336,0.00016508395509060803,0.000176301313988466,0.0002055144194122066,-1.7859454861926034,-1.5946543306217897,-0.5768905739600645,0.4137750324490563,0.5416097289803135,0.8678380420234638,30.696202530285632,58.59753822894306,52.51363703159313,90.19,86.7916,145.50150000000002
2026-03-23,86.21,92.26,85.11,91.43,4561706.388,-3.252e-05,-0.00017814999999999967,-6.341571428571436e-05,-0.00013455633333333332,0.00019015686128831373,0.00017274745682927632,0.0002056291372512203,0.8334132008650206,0.3787659756185323,0.6273498882470068,0.6493636603829588,0.5977786013445932,0.8828140078016842,36.07705779187077,61.28357167471933,59.92372010902469,90.51500000000001,86.6044,144.94705000000002
2026-03-24,91.44,92.22,88.42,90.8,3086042.526,1.731000000000001e-05,-0.00013616333333333304,-6.746071428571437e-05,-0.00012657399999999998,0.00022405912708112032,0.0001699237091898269,0.00020675609251225003,0.8914768162313234,0.6717393124766077,0.7868782377634898,0.636936379457412,0.5692655120285754,0.8827981629720468,38.195302841363606,58.66807610704244,58.72101609563699,90.792,86.32939999999999,144.38425
2026-03-25,90.8,93.47,90.71,91.7,2652534.798,0.00011724000000000001,3.40100000000003e-05,-4.5375714285714355e-05,-9.740933333333332e-05,7.626389640589677e-05,0.00017257131875363067,0.00017373208438557688,1.0197735725978987,1.1317129376174213,1.1043412308448581,0.636268356454551,0.5609048416363444,0.8835791784281667,56.45933014038903,58.957312803270106,53.056768556456845,90.732,86.20560000000002,143.84195000000003
2026-03-26,91.7,91.98,85.45,86.53,3566192.736,-0.00033926999999999997,-6.82399999999997e-05,-6.086071428571436e-05,-0.00010291766666666666,0.00023997801335750725,0.0001889694659671391,0.0001787909020436383,-0.9407321182705171,-1.2767789363185669,-0.39080798625638874,0.810520203797828,0.5810048286386339,0.8795567403621144,42.857142855326885,49.53717527413102,50.495524294415155,89.76500000000001,86.09379999999999,143.24285
2026-03-27,86.52,87.04,81.86,83.11,2840562.07,-0.0008137999999999999,-0.00034527666666666636,-0.00013582500000000006,-0.00012864733333333334,0.00046554906339543533,0.00025787851354702827,0.00022040641903504904,-1.5967564579142626,-2.7617266162919942,-1.868600510474052,0.8724721555703077,0.6027224840774634,0.8747738298495029,32.28014744483434,42.87320775766032,51.01744185815813,88.614,86.189,142.58785
2026-03-28,83.11,84.29,81.69,82.09,1667010.099,-0.0006648299999999999,-0.0006059666666666663,-0.00016952500000000004,-0.00015243166666666666,0.0002426795195898983,0.00029419923635574236,0.00023837522124711737,-0.8037938667087444,-1.9858074199535163,-1.3445186520981558,0.5205068918780095,0.5988763265123858,0.8715871287578165,34.574168075341134,41.84961580519788,48.1303772313904,87.81500000000001,86.0816,141.91225
2026-03-29,82.09,83.24,78.96,81.44,1624673.475,-0.0006827000000000001,-0.000720443333333333,-0.00020785571428571438,-0.00016601266666666666,8.134146930312463e-05,0.0003243242099567351,0.0002565299995499451,-0.549092278111295,-1.7839011229987012,-1.3560607600403176,0.5179190392042333,0.5715886325364856,0.8713982205572771,36.01645123236125,33.45521023623289,48.21014252345064,87.07000000000001,85.9586,141.1991
2026-03-30,81.45,84.99,81.15,82.54,3025854.687,-0.00029996,-0.000549163333333333,-0.0002470128571428572,-0.00016203566666666666,0.00021600129682106128,0.00029696081900008875,0.00025337376607758005,1.144092636526991,-0.4124416641203001,-0.11739096767829205,0.5382083508329705,0.5728450066597334,0.8618708912038648,15.5159038005539,27.248500998063065,46.48972602516831,86.34,85.8696,140.46815
2026-03-31,82.55,84.62,80.08,83.2,4272567.426,-0.00018489,-0.0003891833333333331,-0.00026574928571428575,-0.000171796,0.0002606229104057623,0.000282856620689541,0.00024820306134272285,1.2699731786433097,-0.013408010498925801,0.2455477076468393,0.4027146238794134,0.5727933665068717,0.8625009870494466,20.588235293002242,30.378006871390767,46.79039672857121,85.904,85.7982,139.67325
2026-04-01,83.19,86.65,80.77,81.18,4676736.12,-9.110000000000003e-06,-0.00016465333333333303,-0.00025761500000000005,-0.00016956933333333332,0.00014647720856281903,0.00028885176650102727,0.0002493897308952223,1.2071786108940412,0.5736933201215104,0.7887809165625206,0.2948623205984321,0.5802452126187236,0.8252633973459245,12.535612534987578,33.258088786811115,41.49815368179719,85.402,85.762,138.86725
2026-04-02,81.19,81.77,76.7,78.94,4210024.263,-0.00028738,-0.00016045999999999972,-0.0002705642857142858,-0.00017092533333333331,0.00014073438419598102,0.00028558145985027567,0.00024993357391747873,0.021966214087388518,-0.3134474295364787,-0.1452704261146452,0.35581620679967907,0.5829361636495634,0.8206897361848451,15.841584157417756,31.994209191285137,41.38172891257463,84.15299999999999,85.75479999999999,138.06315
2026-04-03,78.95,80.91,78.85,80.4,2230839.74,1.0669999999999998e-05,-9.527333333333304e-05,-0.0002622264285714286,-0.00017185366666666666,0.00016666295517706132,0.0002923769692749625,0.0002491793851213211,1.1100376318053222,0.726621066066678,0.8343479050041991,0.42001280999914403,0.5916792644885693,0.8163048862664817,35.19125682790893,33.226723523577945,46.04924659814521,83.113,85.7948,137.2936
2026-04-04,80.39,81.61,79.57,80.83,1562930.767,-0.0001521,-0.00014293666666666637,-0.0002653300000000001,-0.00017264266666666667,0.00014923614049001068,0.0002908479722876557,0.00024907459968255666,-0.2202434490834117,0.14224223034704164,0.27857376649813387,0.39698618889866655,0.5463632083886018,0.8019098457759976,42.64018691240091,37.20045644533737,47.76091436886396,82.026,85.7248,136.51295
2026-04-05,80.84,82.13,78.52,81.89,1732438.558,-0.00021384,-0.00011842333333333304,-0.0002525128571428572,-0.00017489333333333334,0.00011598178058795541,0.00028872174097824917,0.00024913359540918725,-0.6465425162923474,0.003494789127256508,0.031195944049136507,0.41315995183093435,0.5107545825715998,0.7897016029219813,52.50836119991575,41.708349362893756,50.28409090642432,81.562,85.6014,135.69819999999999
2026-04-06,81.89,83.2,79.6,80.03,2730370.564,4.779e-05,-0.00010604999999999972,-0.00024677642857142865,-0.00016728333333333335,0.00013675897080271738,0.00029417517341665656,0.00025242123110632506,1.15707384827358,1.0302193840448215,0.947190469367086,0.40574192355987077,0.5135349250912655,0.6827208526114361,37.10174717102042,24.8010610064226,45.19399492831853,81.25399999999999,85.47879999999999,134.86085
2026-04-07,80.03,87.02,78.38,85.56,4312598.52,-0.00038321,-0.00018308666666666637,-0.00027538500000000006,-0.00016425366666666667,0.00021713953032176516,0.0002858753893596532,0.00024913577184101644,-1.3991951186693774,-0.5970681283015192,-0.6787579697823721,0.6212290198786884,0.5722134400137551,0.6472042896269792,58.082191778037156,40.47965116073143,49.7137745950054,81.60100000000001,85.461,134.096
2026-04-08,85.56,85.9,82.24,82.57,2952758.548,0.00030000000000000003,-1.1806666666666372e-05,-0.0002623307142857143,-0.00014753,0.0003454819793105652,0.00030846384945687396,0.0002629886854008458,1.4481987692275806,1.7991630206432794,1.9670959132666601,0.7590446016432092,0.5879279330130758,0.6529764181750721,54.46371226473183,34.58291117702073,46.55439078655521,81.714,85.4108,133.31145
2026-04-09,82.56,85.95,81.4,83.33,2775927.629,5.428e-05,-9.64333333333303e-06,-0.00023422000000000007,-0.00014818533333333335,0.0003460615847336218,0.00031867623099193543,0.00026244170729856296,0.3524083346776324,0.8855871855687311,0.9921714212235125,0.7597524683673282,0.5872740217033771,0.6532793386665067,65.57842441122037,43.650793648368605,47.00971204410245,81.793,85.44519999999999,132.5473
2026-04-10,83.33,85.67,82.62,84.83,2186078.343,0.00018438,0.00017955333333333364,-0.00016292142857142865,-0.000135641,0.0001229310869078022,0.00028934318167470714,0.0002691850656875487,0.5554556656060482,1.234258809241176,1.5052211419886303,0.7648566332884928,0.5854760257556243,0.6548595924809403,65.67586694649867,53.69415807237234,47.15378079639709,81.95599999999999,85.49179999999998,131.86955
2026-04-11,84.83,86.26,83.8,84.93,1570901.883,1.2380000000000002e-05,8.36800000000003e-05,-0.0001145492857142858,-0.00013114566666666666,8.968985447087314e-05,0.00025334887409729615,0.00027053511161972114,-0.08179788504019486,0.5959694185390753,0.7307212823209827,0.7037198342464747,0.5821111395501918,0.6454255581767487,64.85507246047837,56.350626114539764,47.36394557597587,82.33099999999999,85.49700000000001,131.2277
2026-04-12,84.94,85.0,81.27,81.53,2174791.866,-8.269999999999999e-05,3.80200000000003e-05,-7.169214285714294e-05,-0.000141759,0.0001353735158552415,0.00019353360535568953,0.00026175008520810695,-1.1752749399546951,0.287581753155332,0.31122767854114985,0.5119847723549236,0.5402438742160383,0.6434898738061225,48.88475836219211,50.179211466736334,40.70429828907351,82.59,85.4242,130.57735
2026-04-13,81.54,86.81,81.4,86.51,2950390.415,0.00012891,1.9530000000000306e-05,-4.1058571428571506e-05,-0.00013102766666666665,0.00010598603632087815,0.00018849923863574976,0.00026613830036757816,0.6707948300422771,0.9631859699546749,1.1936137733214458,0.6857513175583815,0.6073209978606221,0.6588625876495832,66.82242990411339,56.847188683008405,41.789527196796975,83.201,85.49860000000001,130.0462
2026-04-14,86.51,87.67,83.3,83.72,3532984.692,0.00030000000000000003,0.00011540333333333364,-6.423571428571498e-06,-0.00011615866666666666,0.00019170718564607252,0.00020395226113958495,0.00027748775776436523,1.2856834186516446,1.4432598319186563,1.8606601751655967,0.7745413988095797,0.6179830344808677,0.6394155402366148,44.43099273419482,50.83547557611922,40.9498505460867,83.49,85.615,129.43895
2026-04-15,83.72,85.83,82.65,84.9,2602448.593,-0.00011242999999999999,0.00010549333333333365,-1.3803571428571499e-05,-0.000128181,0.00020720975225200754,0.00020591679931305777,0.00026883372859555634,-0.9569928938922458,0.0963174026081481,0.11340800196274681,0.7675489293189511,0.5732250905252944,0.6311444207475286,57.91978245815476,56.14266842540951,45.44495251271113,83.791,85.7332,128.84615
2026-04-16,84.9,90.53,83.8,89.05,3940291.341,0.00027305,0.0001535400000000003,2.6227142857142787e-05,-0.00012165999999999998,0.00023073059245579453,0.0002030969762823863,0.0002762628980429186,0.8886661260510328,1.2828531806290913,1.6761754314248865,0.8694210860240467,0.5804051901362878,0.6399339289353743,65.80110496983087,65.70363466629433,50.13373453459756,84.69300000000001,85.75299999999999,128.23725
2026-04-17,89.06,90.73,87.34,88.76,4237208.388,0.00014101,0.00010054333333333362,3.5537142857142784e-05,-0.00011285999999999999,0.00019590015550871484,0.00020530438514474922,0.00028039289160508026,-0.03117390424531795,0.7534464659725191,1.09541949352474,0.7167638956936394,0.5769408317953166,0.6399624513345136,61.634103016983794,63.47517730209975,49.08722109301143,85.013,85.81,127.6173
2026-04-18,88.77,89.16,85.78,86.16,1893190.543,-0.00015922,8.494666666666695e-05,3.502857142857135e-05,-0.000114631,0.00022152124328907974,0.00020581313473098698,0.00028051641784192455,-1.1571088142881498,-0.6753929589754881,-0.13848886919654368,0.6364682643029005,0.5928232389399796,0.643037053887567,53.171738007363544,58.02952696350582,48.82313382419797,85.372,85.89620000000001,127.0047
2026-04-19,86.15,87.12,82.94,83.47,2594849.065,-0.00023191,-8.337333333333304e-05,3.373785714285708e-05,-0.00011882599999999999,0.00019769134839023788,0.00020754330695907705,0.00028132367667848304,-0.9961255491843883,-1.0718814777259884,-0.44862743406055317,0.6316406285697265,0.6084710613171387,0.639498273432184,55.19271948401311,52.268811026043174,47.75530340184649,85.386,85.8786,126.31185
2026-04-20,83.47,86.22,83.34,85.28,2300346.75,-4.97e-05,-0.00014694333333333304,2.6774285714285643e-05,-0.00011686099999999999,9.172327092049473e-05,0.00020866801939421701,0.0002816029447881324,-0.2114611759912769,-0.1954466105653471,0.2920888627613284,0.6502989097638007,0.614324375854668,0.6411056458377992,46.034816245504544,57.54961173193645,44.6419236779056,85.431,85.9122,125.56455
2026-04-21,85.29,86.89,84.31,86.03,2111587.269,0.00011573,-5.5293333333333037e-05,6.241285714285707e-05,-9.989399999999999e-05,0.00017388748209215237,0.00017278153076948937,0.0002797018778638953,0.9278797095923568,0.6116598243952034,0.9552705741398773,0.44799082188333683,0.6038324681934784,0.638284946413186,58.57461024194491,50.78359452913981,45.852895146437355,85.541,85.9,124.83049999999999
2026-04-22,86.04,89.32,86.01,86.87,3154871.835,0.00026371,0.00010991333333333364,5.982071428571422e-05,-9.001966666666667e-05,0.00015678594397565762,0.00016917759587140445,0.0002872884296861065,1.3638303435913774,1.2395976615404245,1.5117463436928447,0.4707549616286139,0.5880643406378555,0.6385633852179466,57.5019040334919,57.72270114652258,45.79634464528757,86.075,85.898,124.12554999999999
2026-04-23,86.86,87.18,84.48,86.12,2894663.239,6.251e-05,0.00014731666666666698,6.040857142857136e-05,-8.8513e-05,0.00010425280873115917,0.00016917116069948404,0.00028798839497973385,0.1639124463671975,0.1928086997095777,0.6821219584422377,0.3953072264368316,0.587432355160368,0.6349322059959703,34.943473789880784,55.012576353682455,49.613426359816756,86.036,85.8034,123.41335000000001
2026-04-24,86.12,86.94,84.92,86.18,1818574.663,-0.00016014,5.536000000000029e-05,3.5799999999999935e-05,-9.7759e-05,0.00021201544164283932,0.0001747173702759604,0.0002855975965975791,-1.2798333628705403,-0.9456187074834757,-0.26690375652022097,0.21419772811827706,0.5874786402141561,0.6158895425621302,36.42105262889532,52.55778703775747,53.090396614683854,86.28200000000001,85.7516,122.6825
2026-04-25,86.18,86.8,85.53,86.18,1033932.436,1.5869999999999995e-05,-2.7253333333333044e-05,3.6049285714285645e-05,-8.592099999999999e-05,0.00011742219563756595,0.00017468387087773266,0.00028258617651032993,-0.2832973562080505,-0.10766282038273582,0.4700998205426168,0.14319606762455517,0.5859277023897671,0.61513818536692,50.14492753114479,52.37732978039831,54.20349434425962,86.41,85.78120000000001,122.01355000000001
2026-04-26,86.19,87.32,85.84,86.93,1453501.452,4.4630000000000005e-05,-3.321333333333304e-05,4.514428571428565e-05,-5.730666666666666e-05,0.00011085832593155643,0.00017130765871171627,0.00024764168986967657,-0.004546054248202047,0.04688482235131162,0.5850590234212258,0.1428114631019153,0.5749329084153715,0.5536529495453248,84.87903224608564,61.42131979331685,55.630769227574035,86.19800000000001,85.8554,121.30310000000001
2026-04-27,86.93,88.08,83.63,84.82,3009101.691,-0.00014749,-2.899666666666638e-05,2.5401428571428498e-05,-4.0062e-05,0.0001036208807545416,0.0001767519836819032,0.00022039094320032193,-1.0228273952242535,-1.1790856421623797,-0.21846344778592983,0.24174904123012997,0.5127181635687825,0.5536130015706847,45.62737641978337,45.93163215867574,52.29099678162348,85.804,85.92,120.62255
2026-04-28,84.82,84.93,82.98,84.06,1664394.443,-0.00015064,-8.449999999999972e-05,-6.787142857142934e-06,-2.2326666666666664e-05,0.00011184095088569816,0.00016342892594821407,0.00018554676899813462,-0.7047369106236946,-1.099052882046304,-0.241844102584533,0.24224925610135892,0.4897895098229074,0.5407706393451903,31.309297908554782,50.90715047645304,50.86241475847544,85.59400000000001,85.90199999999999,120.1007
2026-04-29,84.06,85.56,81.4,83.04,2576063.596,-4.9400000000000035e-06,-0.00010102333333333305,8.907142857142079e-07,-1.2492666666666663e-05,8.322551188398625e-05,0.00016058424237351158,0.00017798888988998122,0.466137111006726,-0.16943049479782488,0.35821310247611465,0.24041124688577534,0.4913653488966603,0.5364726635770226,14.862385319192015,44.994617865285655,51.903397459162306,85.551,85.8452,119.62780000000001
2026-04-30,83.05,84.01,82.16,83.09,1372591.611,0.00011229,-1.4429999999999716e-05,-1.0592142857142936e-05,-2.586666666666663e-06,0.00013172164322924562,0.0001445757788059815,0.0001763252589220361,1.20899436818224,0.5977625644804413,0.8677532158739667,0.24215589526186235,0.4846973237332947,0.5360345894032207,18.10526315522658,29.419889499917986,54.446110988805465,85.33200000000001,85.77539999999999,119.05825
2026-05-01,83.09,84.86,83.08,83.76,1798067.959,0.00012661999999999998,7.799000000000027e-05,-1.1620000000000082e-05,1.9376666666666692e-06,7.217600636642875e-05,0.00014346192129189783,0.00017788654192604295,1.0372606194691854,0.6451727743540269,0.9088840220785033,0.23837296420444,0.48618067770901574,0.5288909027861453,27.425373130746664,33.17631224451907,53.661726239096495,85.105,85.71379999999999,118.43359999999998
2026-05-02,83.76,84.97,83.44,84.26,1027759.499,1.8909999999999997e-05,8.594000000000028e-05,1.1035714285713492e-06,1.2147333333333337e-05,5.849019486209852e-05,0.00013712348963093381,0.00016929073759250026,-0.013806863838105456,-0.06656463111759203,0.42571494031099383,0.1712972603342902,0.45180528195616804,0.529027249038204,33.61774743625725,42.554858929500284,53.73231773339608,84.84400000000001,85.6354,117.84270000000001
2026-05-03,84.26,84.97,83.58,83.91,1268647.522,-4.650000000000001e-06,4.6960000000000275e-05,1.733642857142849e-05,1.163666666666667e-05,6.998610644269865e-05,0.0001197708608171137,0.0001693184518209004,-0.8396359463112364,-0.17615407479626038,0.3272314194753176,0.15580179821390241,0.370243063946456,0.5173431567543048,22.34432234145764,52.11132436919808,52.232537574132365,84.623,85.553,117.29305000000001
2026-05-04,83.91,85.9,83.23,84.1,3469307.218,0.00019634,7.020000000000028e-05,3.4910714285714204e-05,2.3251333333333336e-05,0.00010987375981100885,0.00012701005014224687,0.00016964994553326682,1.2915811394578058,1.218485688014446,1.1620466645299845,0.09089903857062225,0.3426485082429038,0.51449677658781,39.830508466700174,43.295454538566595,54.67064493566494,84.41499999999999,85.38900000000001,116.7893
2026-05-05,84.11,86.98,84.04,86.29,2478888.126,0.00024404,0.00014524333333333362,4.407571428571421e-05,3.8514000000000004e-05,0.0001319842074959569,0.0001374877692274335,0.00016817467127929888,1.1794768063969114,1.3755876687183344,1.3194955546327198,0.21309005410141763,0.35511489451929207,0.5054045450508676,72.43460763567317,51.26953124299051,50.907283118505084,84.42600000000002,85.1908,116.31094999999999
2026-05-06,86.29,90.03,86.1,89.16,3483256.03,0.00025677,0.00023238333333333363,4.3579999999999925e-05,4.548e-05,3.1856783081947154e-05,0.00013664488686707688,0.00017283565688319376,0.9107875128773539,1.4775443632750322,1.3246111972079104,0.303367413210303,0.32120136848773057,0.5095876975838214,94.86803518087852,59.33170333471354,58.214908996185436,84.649,85.0816,115.81895
2026-05-07,89.16,90.44,87.63,88.42,2892180.501,0.00011267,0.00020449333333333363,4.716285714285707e-05,6.200933333333333e-05,7.977566438665377e-05,0.00013783186342442044,0.0001529971352677239,-0.4456951400810219,0.5323871929506165,0.6981941230575921,0.3521236621088763,0.3229359283459128,0.507456801875653,85.48601863384282,59.380097872501445,56.348216508910575,85.009,85.0484,115.32175000000001
2026-05-08,88.43,92.8,87.6,92.01,2644434.859,0.00018451,0.00018465000000000031,7.178071428571422e-05,5.815966666666667e-05,7.20501019777207e-05,0.0001284146864602111,0.00014817950862496842,-0.2514309347408471,0.9197862972744503,0.9724505698893606,0.39287374695204824,0.3370546851224295,0.5071375060541399,89.5493767916889,68.46105129222003,58.51114271778495,85.804,85.11080000000001,114.83325
2026-05-09,92.02,94.17,91.85,93.13,1974272.696,0.00015828,0.0001518200000000003,8.195285714285706e-05,6.162633333333334e-05,3.6353061700523253e-05,0.00012928258127528917,0.0001492979354678349,-0.5497247823281657,0.6724233158793379,0.8516936346281923,0.36384928512981174,0.2995277700692045,0.5073011034321682,90.13574660062486,70.54997042585627,59.49074073688484,86.813,85.1766,114.37075
2026-05-10,93.12,97.0,92.6,96.47,2559168.995,-4.3780000000000004e-05,9.967000000000031e-05,7.563785714285707e-05,5.4021e-05,0.00012492169585386434,0.00013334145359986466,0.00014863901331368495,-1.5828756004487086,-0.8666550850696774,-0.012592680936997766,0.38502819632814894,0.31881774545911795,0.5139051438715934,94.7293447246218,74.46153845619249,67.31571626823171,88.151,85.3548,113.9525
2026-05-11,96.46,98.41,94.3,97.37,3078049.965,0.00018974,0.00010141333333333362,9.97257142857142e-05,5.9933e-05,0.00012672119368258258,0.0001196949239116373,0.0001504419069742146,0.7185321154272655,0.8672296790927732,0.9489955373510396,0.37919716298489325,0.31890852633134575,0.5142295393619931,94.98305084295,84.30836522044665,63.90168970356055,89.512,85.5782,113.4826
2026-05-12,97.37,97.68,93.55,94.28,2810037.359,5.585e-05,6.727000000000028e-05,0.00011447499999999992,6.455133333333333e-05,0.00011717811184264517,9.705108882197689e-05,0.00014801943977219698,-0.5253172912788282,-0.05965474658953471,0.40176325535481056,0.5466296291478793,0.3579925253120612,0.5199082687307184,75.52715654614255,74.78176527135332,63.41463414183026,90.514,85.6352,112.98604999999999
2026-05-13,94.28,95.99,90.27,91.17,3192571.802,-3.615999999999999e-05,6.98100000000003e-05,0.00011224499999999993,5.904900000000001e-05,0.00011359517461145652,0.00010030998889592446,0.00014861142881830304,-0.9370604591455427,-0.7390213691273981,-0.0007286522842661052,0.5749375050958987,0.38941729456536583,0.5268604936664025,56.32473253370503,67.89960369462528,57.592637438574485,91.24000000000001,85.6426,112.47269999999999
2026-05-14,91.17,93.68,89.82,92.15,2709125.808,-0.00023479000000000002,-7.169999999999972e-05,8.745357142857136e-05,4.122266666666667e-05,0.00014854366730028025,0.0001366173489690588,0.00015077111851890095,-1.4224015665640553,-2.1352906143883406,-0.8389286826828546,0.5719433055478673,0.39069476744804155,0.5143304067471415,61.56230625895267,69.16243654412743,54.06610702645895,92.045,85.6516,111.9333
2026-05-15,92.16,92.66,88.55,89.24,2675843.631,4.5209999999999996e-05,-7.524666666666639e-05,8.163857142857135e-05,4.647733333333333e-05,0.0001440341127245553,0.00013655458518661124,0.00014795204097178366,0.2641040509678572,-0.08101378203004467,0.37020377763588436,0.4461724134240054,0.41900183581294576,0.509635853808089,41.03559870364238,60.58732611727886,50.589101616552526,92.34,85.7058,111.38600000000001
2026-05-16,89.23,89.44,85.52,86.54,1963021.594,-1.519999999999972e-06,-6.36999999999997e-05,8.017928571428564e-05,3.7325000000000006e-05,0.0001499992143146618,0.0001373831455015682,0.00014181824222028687,0.277553057287102,-0.4075537941547368,0.17519437823586057,0.36654448351158975,0.43977552000753295,0.5134504143728106,30.651790955874617,54.059829057133776,50.46523016304353,92.078,85.7744,110.84795
2026-05-17,86.53,87.29,83.5,85.24,1914165.244,-0.00023144,-6.258333333333304e-05,6.397999999999993e-05,2.491e-05,0.0001480890057646046,0.0001597113762601654,0.00014857020634832186,-1.0562284564452853,-1.9586359819385704,-0.8043150097498414,0.3587003451404841,0.43150981275782935,0.5005979904309565,12.541694462389685,52.29073372121229,52.24334600389654,91.76,85.8374,110.30475
2026-05-18,85.23,85.8,83.5,85.38,2771861.344,-9.943e-05,-0.00011079666666666638,4.285357142857136e-05,2.6903000000000003e-05,0.00011538068481488648,0.00016041664571966717,0.00014640019519573212,0.03860284727644857,-1.0818891662430552,-0.23843401974172118,0.36482548495527817,0.42951887761157964,0.4996679533404343,7.870695712894644,52.208419597201804,50.132345152451805,91.09700000000001,85.91619999999999,109.8082
2026-05-19,85.38,85.97,83.7,84.29,1662986.216,-0.00013451,-0.0001551266666666664,1.5814285714285636e-05,3.0149666666666667e-05,6.837722741055683e-05,0.00015573192912397453,0.0001414592983637992,-0.4578422003717263,-1.23600922006513,-0.3866663771216485,0.26690854183115903,0.42989931400354425,0.49973825989921017,9.157808666687657,46.413199423781265,47.71773346973742,90.21300000000001,85.95119999999999,109.29359999999998
2026-05-20,84.3,87.09,83.85,86.17,2365152.438,7.4e-06,-7.551333333333306e-05,-1.9978571428572208e-06,3.2053e-05,7.39162852715822e-05,0.00013946352393964426,0.0001407301351752777,1.0007775353617807,-0.2279758365165249,0.21362088510062585,0.3799739278661105,0.43942699628917686,0.49905256427545364,27.272727270991737,44.44031238147207,49.1062308442927,89.183,86.0106,108.79270000000001
2026-05-21,86.17,88.0,85.32,87.36,2654321.9,8.91e-05,-1.2669999999999723e-05,-3.6814285714286495e-06,3.116533333333333e-05,0.00011314796372455215,0.00013810848271205638,0.00014026736032008507,1.3047543671327786,0.3498457928518195,0.5388640382201964,0.31009483905526336,0.44163589086742394,0.49870752756187575,28.635147188220785,48.06144842475179,51.56565656201051,88.182,86.1342,108.29095000000001
2026-05-22,87.35,87.85,84.0,84.4,2208484.663,8.251000000000001e-05,5.967000000000028e-05,-1.0967142857142936e-05,2.5125333333333335e-05,4.538691105382635e-05,0.0001298612261299402,0.0001336539334101026,0.9104193529315324,0.2816516353583327,0.5006494725210023,0.4283797459454082,0.467852368793243,0.48368760106715547,28.507992893432018,35.75439909958607,47.905882349785024,87.194,86.24340000000001,107.88265
2026-05-23,84.4,87.5,81.5,85.75,2973101.711,-0.00038371,-7.069999999999971e-05,-4.968071428571436e-05,1.0251333333333335e-05,0.00027109463678762864,0.00015405829772743488,0.0001528070096518831,-1.5936933668901427,-2.350305574008351,-1.4729436711979704,0.45573046029162706,0.47216650182512737,0.48532271360631213,46.01412714104841,36.302895321053306,49.509692129107705,86.652,86.35040000000001,107.53625
2026-05-24,85.76,87.0,83.7,85.27,2086657.403,2.3599999999999998e-05,-9.253333333333305e-05,-4.486785714285722e-05,1.6376e-05,0.0002538808488806334,0.00015530427271987263,0.00014938599827490461,0.3028636054117397,0.0558149993601108,0.27570509654829756,0.4397771798940793,0.47298715413630765,0.4846895175132581,50.16501649778707,26.744186044956734,48.0954566283922,85.964,86.43920000000001,107.15074999999999
2026-05-25,85.27,86.52,84.71,85.06,1562235.465,-5.048e-05,-0.00013686333333333306,-6.202642857142865e-05,1.4164333333333333e-05,0.00021696063981366262,0.00013989590638739134,0.00014988407503844437,-0.01369322451928203,-0.31309911942958646,-0.06351896705100131,0.3859118946973716,0.4594818805625373,0.46329540705965533,48.253275105482864,23.685335612092345,50.2879078661035,85.546,86.5026,106.79965
2026-05-26,85.06,86.13,83.15,83.72,2358777.43,-1.0490000000000003e-05,-1.2456666666666396e-05,-6.676500000000008e-05,1.2326999999999999e-05,3.707913737327073e-05,0.0001366826853982832,0.000149835570571613,0.31224614671602896,0.022902763911789446,0.05826572515147506,0.3532447367991387,0.43794210929909855,0.45405603016345275,46.97130711659082,25.600739369877928,49.597728345033744,85.264,86.5764,106.4093
2026-05-27,83.73,84.84,82.1,82.44,2119456.363,-0.00021907,-9.33466666666664e-05,-7.98300000000001e-05,9.940999999999997e-06,0.00011070034972099707,0.0001421641689656227,0.00015300468285453674,-0.5334671193189451,-1.2466605967476239,-1.0749148296803006,0.24698479153983907,0.44058560440118333,0.4546379566214116,28.83087400451963,27.965673900093265,49.29444966749706,84.98400000000001,86.514,106.03139999999999
2026-05-28,82.43,83.01,80.0,82.11,2306915.48,-0.00022743,-0.00015232999999999976,-7.930428571428578e-05,7.381333333333333e-06,0.00012290814291584387,0.00014155937904225554,0.00015638863323671334,-1.1031152198263676,-1.1876907633797271,-1.2878365225823323,0.12340844569927302,0.39529575663538663,0.45431176236707926,16.981132073976468,23.7995824617265,48.855140183719755,84.65700000000001,86.50480000000002,105.61930000000001
2026-05-29,82.12,83.24,80.35,82.04,2064277.646,0.00013054,-0.00010531999999999974,-7.320928571428578e-05,1.1897333333333334e-05,0.00020430351708920357,0.0001489755999336743,0.00015796869482577111,1.365187173012072,1.2485172744802255,0.7820203735041976,0.1398003356127667,0.3879006877637807,0.45309295127978005,26.67984189354226,27.941176468191316,47.962085304874556,84.43199999999999,86.47900000000001,105.19295
2026-05-30,82.04,83.17,81.86,82.73,1018490.244,0.00015474,1.9283333333333603e-05,-6.204785714285722e-05,1.3312333333333333e-05,0.00021400236360457294,0.0001601912127201145,0.0001590851453818505,1.029502430265599,1.28317523525996,0.8960822541596839,0.1962794245676113,0.347459653937031,0.453139348888401,15.681818179323315,36.68763102366436,48.19532908386537,84.088,86.43700000000001,104.83345000000001
2026-05-31,82.74,83.42,81.33,82.44,993880.666,8.616e-05,0.0001238133333333336,-3.936214285714293e-05,1.1963666666666667e-05,3.478131866875016e-05,0.00015681022538912125,0.00015826080712826103,0.5277302663377694,0.910025909572561,0.4742689193539476,0.1624475077506343,0.33966714665323194,0.4490581010469063,16.38954869086156,39.473684206371175,48.263642803327706,83.596,86.3872,104.47855
