Date,Custom,Standard,NautilusTrader
2021-07-23,1.0,1.0,1.0
2021-07-24,0.999325,1.0,1.4618621646641
2021-07-25,0.9979769230665625,0.9984309379999998,0.35097288719959996
2021-07-26,0.9966306646720572,1.0049620479999999,1.1683536995803
2021-08-03,1.0528992827069785,1.060854048,1.1885251223803
2021-08-04,1.0514789347358477,1.0177987455,0.44813491269360006
2021-08-05,1.0500605027963759,1.0326561205,1.1909842840686
2021-08-06,1.0610094674631096,1.0431361205,1.1958312840686
2021-08-07,1.0595781789541203,0.9983910213,0.40452854714610004
2021-08-08,1.0581488212354384,0.9760795543,1.1149442599421
2021-08-09,1.0817465798210577,0.9969913543,1.1235405034421
2021-08-10,1.0787536300987994,0.9942683543,1.1224211559420998
2021-08-11,1.0772984049362166,0.9904894869,0.43144833028810003
2021-08-12,1.0948986541560097,1.0065586869,0.44988773728810005
2021-08-13,1.050042071411697,0.9677254868999999,0.4053266402881
2021-08-14,1.0582596807238576,0.9758188869,0.4146138167881
2021-08-15,1.0515530376339537,0.9693788869,0.40722391678810005
2021-08-16,1.0751936233582517,0.9925460868999999,0.4338082787881
2021-08-17,1.0955183407030962,1.0110526869,0.45504460228810006
2021-08-18,1.0940405001554672,1.0096857228499998,1.1638493621713
2021-08-19,1.0933020228178623,1.0090165030999998,0.9587577299675001
2021-08-20,1.0925640439524602,0.9943668834999998,0.5131679708915
2021-08-21,1.101572506454078,1.0027976834999999,0.5213205544915
2021-08-22,1.1008289450122215,1.0021215415999998,0.9520943534435
2021-08-23,1.1000858854743383,1.0121130900499997,1.3906871646752
2021-08-24,1.0778844446780396,0.9927391900499998,1.3709883792751998
2021-08-25,1.0764303920357245,0.9839076240999997,0.3135607227120001
2021-08-26,1.0965585632360988,1.0026858240999998,0.33963291211200014
2021-08-27,1.0950793194412753,1.0265948238999996,1.1171909996361
2021-08-28,1.0936020711278405,1.0290052934999996,0.4647082000757001
2021-08-29,1.0969088527015234,1.0320600934999997,0.4680588792757001
2021-08-30,1.0954291363705897,1.0313997960999999,1.1806886883294
2021-08-31,1.09395141615849,1.0020318196999998,0.40473942317770006
2021-09-01,1.092475689372485,1.0527659712499997,1.1383398887711
2021-09-02,1.087023775361396,1.0472422712499996,1.1360840946711
2021-09-03,1.0855573938762306,1.0273581187499996,0.4208901283025999
2021-09-04,1.0921338597570225,1.0337277187499996,0.4280522127025999
2021-09-05,1.0841928369330645,1.0261857187499996,0.41957186220259995
2021-09-06,1.0834610067681347,1.0254742579499998,0.9300149073213999
2021-09-07,1.0827296705885663,1.0791670713,0.5634909317014001
2021-09-08,1.0737950231714868,1.0722381712999998,0.5567812369014001
2021-09-09,1.0836816093005988,1.0801108712999998,0.5644048733014001
2021-09-10,1.1145058203792306,1.1039346712999998,0.5874749749014001
2021-09-11,1.10553880954249,1.0976217712999998,0.5813617921014
2021-09-12,1.0845289601522412,1.0824439712999998,0.5666641625014001
2021-09-13,1.1018421344568732,1.0957319712999998,0.5795317785014001
2021-09-14,1.1003557631905174,1.117165045,1.2699052502406
2021-09-15,1.1261989511422168,1.1440600449999998,1.2841416702405999
2021-09-16,1.1254387668501957,1.1432452352499998,1.0229290030886
2021-09-17,1.1246790956825718,1.11876963865,1.4606941783337999
2021-09-18,1.129792250433819,1.1235800386499997,1.4651238695337998
2021-09-19,1.1290296406647762,1.12286001305,1.0041558383508
2021-09-20,1.1290296406647762,1.12286001305,1.0041558383508
2021-09-21,1.1282675456573275,1.0880876114499998,1.4230566533336
2021-09-22,1.1853904045715555,1.1378700114499998,1.4702628141336
2021-09-23,1.1982344264289178,1.1497228114499998,1.4815022317336
2021-09-24,1.1966180231655954,1.1841032754499996,0.40869152644760004
2021-09-25,1.1950038004100703,1.1816620318499995,1.2577648110778
2021-09-26,1.2201417617208519,1.2062410318499996,1.2663469785778
2021-09-27,1.1960737678348845,1.1821156318499997,1.2579231930777999
2021-09-28,1.1739634221026924,1.1604976318499998,1.2503749080778
2021-09-29,1.1824204812333454,1.1685760318499998,1.2531956160778
2021-09-30,1.1808254107844178,1.1398453066499996,0.474297698919
2021-10-01,1.1792324920655872,1.1908226953999999,1.2724760549677
2021-10-02,1.1918501706672409,1.2041965953999998,1.2780742121677
2021-10-03,1.1902423796851378,1.1979175201999996,0.48302444583640003
2021-10-04,1.1952768620801286,1.2027370201999998,0.4884797985364001
2021-10-05,1.1936644485341432,1.2209412661999999,1.2907740304986
2021-10-06,1.1920542101138762,1.2104768281999998,0.47912385124019996
2021-10-07,1.190104584848862,1.2085268281999997,0.4769772912402
2021-10-08,1.1939893280902953,1.2124328281999996,0.48127701604019996
2021-10-09,1.1918801360135594,1.2103343281999996,0.4789669872402
2021-10-10,1.216283896789383,1.2347528281999995,0.5058468720401998
2021-10-11,1.1957547586747397,1.2155393281999998,0.48469665124019995
2021-10-12,1.194141700452222,1.2064194376999995,1.2793481827782
2021-10-13,1.1925308182250831,1.1872736326999997,0.46504041832949994
2021-10-14,1.1651581554667876,1.1596526326999996,0.43469046352949997
2021-10-15,1.1643716737118475,1.1588004421999998,1.0094538521358
2021-10-16,1.163585722832092,1.1631672656999998,0.5591263588112999
2021-10-17,1.161166607078535,1.1608649656999999,0.5570489758113
2021-10-18,1.1751014747486097,1.1742159656999998,0.5690956858113
2021-10-19,1.1735162775479422,1.1913984852,1.287503640458
2021-10-20,1.1719332187584837,1.15308338175,0.40857106660820003
2021-10-21,1.1854690989376822,1.1669777817499998,0.42452504420820003
2021-10-22,1.196211267648202,1.17759878175,0.4367204032082001
2021-10-23,1.1954038250425394,1.1768248494999998,1.0152187750464
2021-10-24,1.1945969274606356,1.1863809594999997,0.5671053407914
2021-10-25,1.1762336200261776,1.1696373594999998,0.5518212245913999
2021-10-26,1.1876050330138672,1.1805273594999997,0.5617619795914
2021-10-27,1.2147334868041304,1.2057057594999998,0.5847456623913999
2021-10-28,1.1638275106307698,1.1618589594999997,0.5447208417914
2021-10-29,1.163041927061094,1.1610929556999998,1.0008526927738
2021-10-30,1.1622568737603278,1.1497253032499999,1.4407032924051
2021-10-31,1.1614723503705395,1.1490117079499997,0.9896654573573
2021-11-01,1.1606883565340393,1.1523017113499998,1.4378686693237
2021-11-02,1.1934523372316086,1.18484091135,1.4660259237237
2021-11-03,1.1949382164106024,1.18636611135,1.4673457301237
2021-11-04,1.18662478393718,1.1778197113499997,1.4599502453237
2021-11-05,1.1797866151983598,1.1708501113499998,1.4539192181237002
2021-11-06,1.1850170502200759,1.17614331135,1.4584996005237
2021-11-07,1.1962332232337813,1.18755531135,1.4683747845237
2021-11-08,1.1946195195685543,1.1642069154,0.33223859761619984
2021-11-09,1.1938131513928456,1.16343128395,0.9919646364777
2021-11-10,1.1930073275156554,1.1739558106,0.5546166499308001
2021-11-11,1.1922020475695825,1.1731683613000001,1.0003281968756998
2021-11-12,1.1922020475695825,1.1731683613000001,1.0003281968756998
2021-11-13,1.191397311187473,1.1700257729500003,1.4477002021927
2021-11-14,1.1897901311071475,1.1701409143500001,0.34655131810650014
2021-11-15,1.18898702276865,1.1693429056,0.9970500541833
2021-11-16,1.18898702276865,1.1693429056,0.9970500541833
2021-11-17,1.1881844565282813,1.17801361,1.4534338851666
2021-11-18,1.1873824320201247,1.17724297,1.0040662220854
2021-11-19,1.186580948878511,1.2149070146,1.4886330774138001
2021-11-20,1.1857800067380182,1.2140697938,1.0360828961306
2021-11-21,1.1857800067380182,1.2140697938,1.0360828961306
2021-11-22,1.18497960523347,1.1925779234000002,1.4827403271683999
2021-11-23,1.1841797439999375,1.1918231696000001,1.0158113838415002
2021-11-24,1.1833804226727376,1.1994501248,0.5654016070499
2021-11-25,1.1513926714850835,1.1686617248000002,0.5383873517498999
2021-11-26,1.1498394571636585,1.1134292958,1.2106263264979
2021-11-27,1.1482883381089382,1.1054748681,0.41506668105120015
2021-11-28,1.122893022660602,1.0813224681000002,0.3879314596512001
2021-11-29,1.1054286726537839,1.0635024681,0.3679106896512001
2021-11-30,1.0845678750359067,1.0411332681,0.34277889345120005
2021-12-01,1.0838357917202575,1.0403092107,0.8866040443839001
2021-12-02,1.0838357917202575,1.0403092107,0.8866040443839001
2021-12-03,1.0838357917202575,1.0403092107,0.8866040443839001
2021-12-04,1.0831042025608464,1.02884715515,1.2757297122858
2021-12-05,1.0927839534428874,1.03783855515,1.2834696728858
2021-12-06,1.0920463242743135,1.03714486435,0.8838820113122
2021-12-07,1.0913091930054284,1.03253104835,1.2774401347002
2021-12-08,1.1060801202884452,1.0454820483500002,1.2892954801002
2021-12-09,1.1053335162072504,1.0448536933500003,0.8909268569379
2021-12-10,1.1053335162072504,1.0448536933500003,0.8909268569379
2021-12-11,1.1045874160838105,1.0674276403500003,1.3112078057162
2021-12-12,1.109350461647381,1.0721304403500003,1.3152408486162002
2021-12-13,1.0672315492846192,1.0303260403500003,1.2793900919162002
2021-12-14,1.0768896556350023,1.0394496403500002,1.2872143392162
2021-12-15,1.0972893968661594,1.0589316403500002,1.3039217777162002
2021-12-16,1.089875954502715,1.0516908403500003,1.2977121883162
2021-12-17,1.0884057254635402,1.0596533888500004,0.3238107656240001
2021-12-18,1.0869374797449616,1.0685809107500004,1.0555648334326002
2021-12-19,1.0862037969461338,1.0678697337500003,0.909643055872
2021-12-20,1.0854706093831952,1.0696800819500003,1.3205705989566001
2021-12-21,1.08400632309952,1.0597907715500001,0.30478185629559995
2021-12-22,1.088351659054591,1.0640819715500003,0.31017053069559997
2021-12-23,1.0720190803827114,1.0481603715500003,0.2901769814955999
2021-12-24,1.0712954675034532,1.0474191357500002,0.8834906850001001
2021-12-25,1.0705723430628884,1.0521064794000001,1.2852807927251
2021-12-26,1.0668501947179274,1.0486271794000002,1.2821718800250999
2021-12-27,1.0654110271408803,1.0500585874000004,0.30969823294990007
2021-12-28,1.0646918746975602,1.0493935246500001,0.8857980407887001
2021-12-29,1.0639732076821393,1.0290969646500003,1.2666332958055
2021-12-30,1.0745054736414714,1.0386753646500002,1.2750239742055
2021-12-31,1.0737801824467634,1.0380174436500003,0.8758252496239001
2022-01-01,1.0730553808236118,1.0478017618500002,1.2786717530676002
2022-01-02,1.0811587730853762,1.0553797618500003,1.2854420645676001
2022-01-03,1.073257366008455,1.0479229618500003,1.2787800351676002
2022-01-04,1.0725329172863993,1.0472454292500004,0.8840686120506001
2022-01-05,1.071808957567231,1.0763108212500003,0.5116939250945999
2022-01-06,1.0703631006810848,1.0576548425000003,1.1302249718629
2022-01-07,1.0409336171906143,1.0306122425000004,1.1166849500629
2022-01-08,1.0238546246774893,1.0154607425000004,1.1090987105629
2022-01-09,1.0343212755347562,1.0245568425000005,1.1136530578629
2022-01-10,1.0241716286181157,1.0156271425000003,1.1091820257629
2022-01-11,1.0474375296713032,1.0358486425000004,1.1193067752629
2022-01-12,1.0668149912955354,1.0531477425000002,1.1279683015629
2022-01-13,1.048356967452318,1.0363036425000005,1.1195345902629
2022-01-14,1.0578551910603324,1.0447848425000004,1.1237810618629
2022-01-15,1.0605121497739634,1.0471833425000003,1.1249819723629
2022-01-16,1.0635902687014822,1.0499705425000003,1.1263775019629
2022-01-17,1.0440078140562923,1.0321761425000004,1.1174679827629002
2022-01-18,1.0367907900740458,1.0257684425000004,1.1142596966629
2022-01-19,1.0254920965238976,1.0158221425000002,1.1092796607629
2022-01-20,1.0130841414613445,1.0050464425000003,1.1038843506629
2022-01-21,0.9472810520981683,0.9487551425000004,1.0756997297628998
2022-01-22,0.92138305955709,0.9284816425000003,1.0655489442629
2022-01-23,0.9433011427783993,0.9450501425000004,1.0738446647628999
2022-01-24,0.9265318236498826,0.9320137425000004,1.0673174395629
2022-01-25,0.9298220142997499,0.9345149425000003,1.0685697711629
2022-01-26,0.9305439651672561,0.9350661425000004,1.0688457527628998
2022-01-27,0.9239096702997973,0.9299961425000004,1.0663072427629
2022-01-28,0.9446289055555266,0.9456910425000004,1.0741655584629
2022-01-29,0.9540887883177601,0.9530490425000003,1.0778496524629
2022-01-30,0.9541730069446971,0.9531153425000003,1.0778828483629
2022-01-31,0.9528858394854912,0.9384017467500003,0.3457622388260999
2022-02-01,0.9522426415438385,0.9377572651500004,0.8300468684009
2022-02-02,0.9515998777607965,0.9533858319000004,0.4705006970424
2022-02-03,0.950957547843308,0.9527126761500003,0.8434764571923999
2022-02-04,0.9503156514985138,0.9970239811500003,1.2646225988395
2022-02-05,0.9528783753488462,0.9997149811500003,1.2671498066395
2022-02-06,0.9589538019920018,1.0061154811500004,1.2731607295395
2022-02-07,0.9708629378175234,1.0187589811500004,1.2850346618394999
2022-02-08,0.9676167777533354,1.0152609811500004,1.2817495734395
2022-02-09,0.9853107437054828,1.0342494811500003,1.2995823067394998
2022-02-10,0.9839815718286083,1.0567594025000002,0.36447379557240006
2022-02-11,0.9826541929879812,1.0336974653500004,1.1045009092789
2022-02-12,0.9812774548490104,1.0323309653500006,1.1040143441789
2022-02-13,0.9742214733970282,1.0253394653500005,1.1015249040789
2022-02-14,0.9831641349366225,1.0341219653500004,1.1046520595789
2022-02-15,1.0216623083425698,1.0723509653500005,1.1182641321789
2022-02-16,1.0127192773568878,1.0630614653500006,1.1149564508789
2022-02-17,0.9789976523709026,1.0284114653500005,1.1026187408788999
2022-02-18,0.961877385205998,1.0115604653500005,1.0966186614789
2022-02-19,0.9592960132507463,1.0090749653500004,1.0957336577788999
2022-02-20,0.9372311525264693,0.9878994653500004,1.0881937680789
2022-02-21,0.9285666495030974,0.9798234653500005,1.0853181736789002
2022-02-22,0.9397484965000219,0.9901269653500006,1.0889869065789002
2022-02-23,0.9305143890059658,0.9814944653500004,1.0859131610789
2022-02-24,0.9333486820834708,0.9841119653500003,1.0868451655789
2022-02-25,0.9327186717230644,0.9835279846000003,0.9226204604998999
2022-02-26,0.9327186717230644,0.9835279846000003,0.9226204604998999
2022-02-27,0.9320890866196514,0.9585789008500002,1.3129312559959
2022-02-28,0.9808491833552492,1.0041954008500003,1.3583774543959002
2022-03-01,0.9892396912747117,1.0125219008500002,1.3666728687959002
2022-03-02,0.9850298848112935,1.0083009008500003,1.3624676271959002
2022-03-03,0.9678104848462721,0.9911259008500003,1.3453567471959
2022-03-04,0.9351088710447054,0.9592179008500002,1.3135678703959002
2022-03-05,0.9420626336064098,0.9657129008500003,1.3200386223959
2022-03-06,0.9238898490980165,0.9485859008500003,1.3029755631959001
2022-03-07,0.9141915008015211,0.9396654008500003,1.2940883663959002
2022-03-08,0.9129582678943338,0.9247946252500002,0.27513438649390004
2022-03-09,0.9117266986029227,0.9476959852500001,0.9874395652856
2022-03-10,0.8935285819320662,0.92834718525,0.9816264601856
2022-03-11,0.8858817147788673,0.9204191852500001,0.9792445916856001
2022-03-12,0.8877143834644888,0.9222991852500002,0.9798094141856001
2022-03-13,0.8793800037286277,0.9137279852500002,0.9772343042856
2022-03-14,0.8911678798878662,0.9257103852500002,0.9808342665856
2022-03-15,0.8955561491993852,0.93024318525,0.9821960896856
2022-03-16,0.8943480551485672,0.9057026454,0.3893012344466999
2022-03-17,0.8931415908015224,0.9098108860999999,1.0079004145482
2022-03-18,0.9113416298498683,0.9276300861000001,1.0159419649482
2022-03-19,0.9101122413829712,0.9247217135,0.38074401045450007
2022-03-20,0.9225417522429569,0.9372559135000001,0.39467577375450014
2022-03-21,0.921297254950953,0.9400430909,1.030309956676
2022-03-22,0.9206753793038611,0.9394349862000001,0.8524342999102
2022-03-23,0.920053923422831,0.9482014054000001,1.2441126884935
2022-03-24,0.9188127821808076,0.9365160786000002,0.28553924760719995
2022-03-25,0.9199455322802906,0.9377088786000002,0.28711059120719995
2022-03-26,0.9143259615392795,0.9318148786000001,0.2793460882072
2022-03-27,0.8944909924461282,0.9105992786000001,0.2513975660071999
2022-03-28,0.893887211026227,0.9099073265000001,0.8103325044657
2022-03-29,0.8932838371587843,0.9014616749000001,0.437968897428
2022-03-30,0.8949277001777395,0.9031296749000001,0.439489418428
2022-03-31,0.9072610786908829,0.9155700749000001,0.45082987972800004
2022-04-01,0.9060371948364925,0.9351367600999999,1.0281985316825
2022-04-02,0.904814961986123,0.9352444012999999,0.3631614038213
2022-04-03,0.9042042118867823,0.9346258504999999,0.8251426168276
2022-04-04,0.9035938740437588,0.9342308432499999,0.45347614620320004
2022-04-05,0.9029839481787792,0.9336491132,0.8242188315208
2022-04-06,0.9029839481787792,0.9336491132,0.8242188315208
2022-04-07,0.9029839481787792,0.9336491132,0.8242188315208
2022-04-08,0.9023744340137586,0.9286340382000001,1.1906573931458
2022-04-09,0.9108068899038902,0.9372491382,1.1982784431458
2022-04-10,0.9035986502176349,0.9298014381999999,1.1916900931457999
2022-04-11,0.8754487219528571,0.9009999382,1.1662118431458
2022-04-12,0.8817454668788074,0.9071892382000001,1.1716869931458
2022-04-13,0.8935652498572317,0.9189087382,1.1820542431457999
2022-04-14,0.8810974276421579,0.9063468382000001,1.1709417931458
2022-04-15,0.8805026868784995,0.9057579733,0.7995286241958
2022-04-16,0.8799083475648566,0.9076080293000001,1.1609938114274998
2022-04-17,0.8793144094302503,0.9070130193,0.8006714919432
2022-04-18,0.878720872203885,0.9152707454,1.1686291035735001
2022-04-19,0.8781277356151473,0.9146752115,0.8077819766937
2022-04-20,0.8775349993936071,0.9175052276499999,0.44683980443250004
2022-04-21,0.8769426632690165,0.91691230545,0.8097924498339
2022-04-22,0.8763507269713099,0.9136100500000001,1.1710930889520001
2022-04-23,0.8757591902306042,0.91303407395,0.8061447967809001
2022-04-24,0.8751680527771986,0.9140021151500002,0.44423215778490005
2022-04-25,0.8634111779708277,0.9018025151500001,0.4334442257849
2022-04-26,0.8890320963717246,0.9295547151500001,0.4579850997849
2022-04-27,0.8878328031866204,0.9395292013500002,1.0318708308809
2022-04-28,0.8944491879294223,0.9462240013500002,1.0353808188809
2022-04-29,0.8779919859253001,0.9294212013500002,1.0265713508809
2022-04-30,0.8653238991529524,0.9167834013500002,1.0199455328809
2022-05-01,0.879367352517577,0.9305426013500002,1.0271592848809
2022-05-02,0.8781810969511227,0.9249075817500002,0.3526384718332001
2022-05-03,0.8769964416285995,0.9133162187500001,0.9684778273785999
2022-05-04,0.8995393855349886,0.9355552187500003,0.9773067103786
2022-05-05,0.8983259181481442,0.9613951195500002,0.40685519564339995
2022-05-06,0.9063891551512683,0.9690643195500002,0.4150502836433999
2022-05-07,0.9057773424715412,0.9684976835500002,0.8542343868474
2022-05-08,0.9051659427653729,0.9864125267500002,0.4861754750127
2022-05-09,0.9039448852231566,0.9355813069000002,1.0631466296337
2022-05-10,0.9246499743772549,0.9548559069000002,1.0729936826337
2022-05-11,0.9234026331199446,0.9998618606500002,0.4233354337088999
2022-05-12,0.9221569745103988,0.9725607323500002,1.0843975769593
2022-05-13,0.9324709994533928,0.9827898323500002,1.0888501580593
2022-05-14,0.9312131077310177,0.97125786275,0.3960053653223001
2022-05-15,0.9130503738246815,0.9516624627500001,0.3742758481223
2022-05-16,0.9124340648223498,0.95095712295,0.8634824675464999
2022-05-17,0.9118181718285947,0.9644340441,1.2643677021363
2022-05-18,0.8773043270566521,0.9275160441,1.2305982801363
2022-05-19,0.8990132780856419,0.9496206441,1.2508176735363
2022-05-20,0.8868392976110749,0.9368589441,1.2391443642362998
2022-05-21,0.8899464430398338,0.9400614441,1.2420737367363
2022-05-22,0.9038823729706235,0.9544863441,1.2552683988362998
2022-05-23,0.8899074929283323,0.9397485441,1.2417875226363
2022-05-24,0.8911479809771072,0.9410316441,1.2429611925363
2022-05-25,0.8837379622852125,0.9333540441,1.2359383821363
2022-05-26,0.8528203305160984,0.9016482441,1.2069366339363
2022-05-27,0.8390060810835026,0.8881095441000001,1.1945525916363
2022-05-28,0.8532614822544072,0.9017994441,1.2070749387363
2022-05-29,0.857699609652283,0.9061485441,1.2110531226363
2022-05-30,0.8971851666220073,0.9450867440999999,1.2466704504363
2022-05-31,0.8858301858021238,0.9332868441000001,1.2358769133363001
2022-06-01,0.8852322504267074,0.9326752148999999,0.8467405072694999
2022-06-02,0.8846347186576694,0.9357765947,1.230608321021
2022-06-03,0.8717760864025828,0.9221559947,1.2181904792209999
2022-06-04,0.871187637544261,0.9215462095,0.8366047479507
2022-06-05,0.871187637544261,0.9215462095,0.8366047479507
2022-06-06,0.8705995858889186,0.9327666274999998,1.2237202392856
2022-06-07,0.8700119311684437,0.9321509244999999,0.8466607422731001
2022-06-08,0.8700119311684437,0.9321509244999999,0.8466607422731001
2022-06-09,0.869424673114905,0.9308476260499999,1.2264568586462
2022-06-10,0.8682518300986815,0.9586122853499999,0.3310606492831999
2022-06-11,0.8670805692330262,0.92497568135,1.0193244240265
2022-06-12,0.8421647146052113,0.9005156813499999,1.0105540464265
2022-06-13,0.7826348513699722,0.84418818135,0.9903572580265001
2022-06-14,0.7824251199368981,0.8440081813499999,0.9902927172265001
2022-06-15,0.7906335515054231,0.85105068135,0.9928178760265001
2022-06-16,0.7420864045293071,0.80887068135,0.9776938152265
2022-06-17,0.7477846039830619,0.8134256813499999,0.9793270560265
2022-06-18,0.7193086214254698,0.79045068135,0.9710891400265002
2022-06-19,0.7628724186744423,0.8238981813499999,0.9830820756265
2022-06-20,0.7628572001854008,0.82388568135,0.9830775936265
2022-06-21,0.7621388699879448,0.82329568135,0.9828660432265001
2022-06-22,0.7389581928237446,0.80427818135,0.9760471284265
2022-06-23,0.7688429043011062,0.82785568135,0.9845010768265001
2022-06-24,0.7932581755348667,0.8480331813499999,0.9917359212265001
2022-06-25,0.7982668155073107,0.85232818135,0.9932759364265
2022-06-26,0.7854238880160364,0.8412306813499999,0.9892968168265
2022-06-27,0.7838562679824462,0.83990318135,0.9888208284265001
2022-06-28,0.7695325919050424,0.82780318135,0.9844822524265
2022-06-29,0.7561534249092714,0.8167581813499999,0.9805219572265
2022-06-30,0.7473411958920378,0.8096406813499999,0.9779699064265
2022-07-01,0.7436950418294354,0.80673818135,0.9769291860264999
2022-07-02,0.7459982890488771,0.8085606813499999,0.9775826616265001
2022-07-03,0.7483180581370703,0.8104031813499999,0.9782433084265
2022-07-04,0.7722528777850088,0.8294856813499999,0.9850855296265001
2022-07-05,0.7666847051222283,0.8248781813499999,0.9834334644265
2022-07-06,0.7833193516687329,0.8385206813499999,0.9883251192265001
2022-07-07,0.7983387443978854,0.85115818135,0.9928564212265001
2022-07-08,0.7915453265097763,0.84531068135,0.9907597416265
2022-07-09,0.7924112106831728,0.8460481813499999,0.9910241796265
2022-07-10,0.7781446431023021,0.8338806813499999,0.9866614008265
2022-07-11,0.7565975906502773,0.8159156813499999,0.9802198704264999
2022-07-12,0.7385575067595179,0.80139818135,0.9750144756265
2022-07-13,0.7629935643994845,0.8204756813499999,0.9818549040265
2022-07-14,0.7872826162987884,0.8401806813499999,0.9889203288265
2022-07-15,0.786220581890434,0.8275318529499999,0.3800842422166
2022-07-16,0.7851599801532211,0.8638367630999998,1.0125386048179001
2022-07-17,0.7807022999276892,0.8587067630999999,1.0101618758179
2022-07-18,0.8441915682045543,0.9312617630999999,1.0437766073179
2022-07-19,0.8348802546673211,0.9196427630999998,1.0383935246179
2022-07-20,0.8299932973769948,0.9136277630999998,1.0356067751179
2022-07-21,0.8432628570910968,0.9298427630999999,1.0431191846179
2022-07-22,0.8334208026453189,0.9175847630999998,1.0374400532179
2022-07-23,0.8367153166586301,0.9216287631,1.0393136384179
2022-07-24,0.8488184228211356,0.9365567630999998,1.0462297808179
2022-07-25,0.8482454703857314,0.9358377665999998,0.8748583555394001
2022-07-26,0.847672904693221,0.9374934925999999,1.2701089767474
2022-07-27,0.8471007254825531,0.9368663907999999,0.8758250870128
2022-07-28,0.8471007254825531,0.9368663907999999,0.8758250870128
2022-07-29,0.8465289324928524,0.935770612,1.2689004770629
2022-07-30,0.8409603812521055,0.929729812,1.2631458599629
2022-07-31,0.8398259362098012,0.9330802024,0.3055547902398999
2022-08-01,0.8386930215196784,0.91980214435,1.0064769386038002
2022-08-02,0.8388134634890763,0.91993214435,1.0065195578038
2022-08-03,0.835895573995415,0.91678214435,1.0054868618038
2022-08-04,0.83476796131479,0.91811161685,0.41748048238920005
2022-08-05,0.8043998487300876,0.88562911685,0.38113126558919996
2022-08-06,0.8033147233891489,0.8740075472500001,0.9994593577887
2022-08-07,0.8053255653454977,0.8760755472500001,1.0003874197887002
2022-08-08,0.8217131171468904,0.8929803472500001,1.0079738329887
2022-08-09,0.8062963672377488,0.8766893472500001,1.0006628764887
2022-08-10,0.8385285150291382,0.9099533472500001,1.0155908524887
2022-08-11,0.8438447669918278,0.9156975472500001,1.0181686927887
2022-08-12,0.859615080040845,0.9328685472500001,1.0258745692887
2022-08-13,0.8584554700430583,0.9262720242500002,0.3857419840507
2022-08-14,0.8578760126007793,0.9256495454000002,0.8466933089806999
2022-08-15,0.8578760126007793,0.9256495454000002,0.8466933089806999
2022-08-16,0.8572969462922738,0.9202698021500002,1.2225533348495001
2022-08-17,0.8561404634279374,0.9283548176,0.3023985659796
2022-08-18,0.8555625686151235,0.9277497461,0.8517394393603
2022-08-19,0.8555625686151235,0.9277497461,0.8517394393603
2022-08-20,0.8549850638813082,0.9188066373500001,1.2265018254511
2022-08-21,0.8653039708132074,0.9293666373500001,1.2365684622511
2022-08-22,0.8669533332735743,0.9310791373500001,1.2382009542511
2022-08-23,0.8766031417297016,0.9411216373500001,1.2477742686511
2022-08-24,0.874593084230954,0.9390016373500001,1.2457533150511
2022-08-25,0.8740027338990982,0.9383807461000001,0.8618737590403001
2022-08-26,0.8734127820537163,0.9826316521,0.5162418290670999
2022-08-27,0.8722345591283857,0.9764420122,1.1328735385814
2022-08-28,0.8554542882307916,0.9579690122,1.1230554575814
2022-08-29,0.8890214076462502,0.9940363122000001,1.1422246056814
2022-08-30,0.8820066195654491,0.9861512122,1.1380338109814
2022-08-31,0.8897077065856002,0.9947236122,1.1425898937813999
2022-09-01,0.8980500053179571,1.0041080122000001,1.1475775405814
2022-09-02,0.8952690185000508,1.0009441122,1.1458959822813999
2022-09-03,0.8906428165333719,0.9957009122,1.1431093118814
2022-09-04,0.8894413505069035,0.9882914731,0.3880932575139
2022-09-05,0.8796059486999055,0.9774330731,0.37527646751390004
2022-09-06,0.8939732846894034,0.9938662731000001,0.39467351251390004
2022-09-07,0.8927673259030234,1.0124709599,1.0937414274083
2022-09-08,0.8939681112436295,1.0138345599,1.0942965100083
2022-09-09,0.9144637013257269,1.0371473599,1.1037864848083
2022-09-10,0.9277782881315132,1.0527069598999999,1.1101203534083
2022-09-11,0.9271520377870245,1.0519594831,0.9322101596498
2022-09-12,0.9265262101615183,1.0642347331,0.5239436009596999
2022-09-13,0.9613467067125818,1.1014771331,0.5579874517597
2022-09-14,0.9600498620220604,1.1198093500500002,1.2377775438912
2022-09-15,0.9594018283651956,1.11905198905,0.9862903820933
2022-09-16,0.9587542321310492,1.10525889965,1.4178920129138999
2022-09-17,0.9691009771507197,1.1169480996499999,1.4282586143139
2022-09-18,0.9684468339911431,1.11619944005,0.9837636104457
2022-09-19,0.9677931323781991,1.1307661476500002,1.4395336598160002
2022-09-20,0.9510164326218753,1.1111672476499999,1.421950798016
2022-09-21,0.9258034338081779,1.08234794765,1.3960959914160003
2022-09-22,0.9531067439109141,1.1125177476499999,1.423162379016
2022-09-23,0.9533946752777357,1.11284704765,1.4234578056159999
2022-09-24,0.9500216235308783,1.10898794765,1.419995671416
2022-09-25,0.9428108743084458,1.10077394765,1.4126266034160002
2022-09-26,0.9421744769682876,1.10005208875,0.9692838930551001
2022-09-27,0.941538509196334,1.0963288249999998,1.4021695193076
2022-09-28,0.9444882881437628,1.099747625,1.4051878577075998
2022-09-29,0.9438507585492658,1.09900590635,0.9683602553719
2022-09-30,0.9432136592872451,1.09566769235,1.4011736759599
2022-10-01,0.9379487599546693,1.08957379235,1.3957968797599
2022-10-02,0.9265705046992538,1.07649429235,1.3842565187599
2022-10-03,0.9259450696085818,1.0757824401,0.9478728859075001
2022-10-04,0.9259450696085818,1.0757824401,0.9478728859075001
2022-10-05,0.9259450696085818,1.0757824401,0.9478728859075001
2022-10-06,0.925320056686596,1.0751078501,0.5207267042818
2022-10-07,0.9240718114966265,1.0663072751,1.1769430297218002
2022-10-08,0.9228252501738153,1.0705386778000001,0.41809467901770003
2022-10-09,0.922202343129948,1.0698251128,0.9469325186478
2022-10-10,0.9215798565483353,1.0572165088,1.3617637817131
2022-10-11,0.9184025371198373,1.0536597088000001,1.3585806433130998
2022-10-12,0.9230337352100116,1.0588221088,1.3632007045130998
2022-10-13,0.9205813851832332,1.0560717088,1.3607392493131
2022-10-14,0.9234700547531053,1.0593009088,1.3636292039131002
2022-10-15,0.9166624617837631,1.0516617088,1.3567925443131
2022-10-16,0.916043714622059,1.050970084,0.930058305708
2022-10-17,0.9154253851146892,1.0412291032,0.5028603655143
2022-10-18,0.9148074729797367,1.0405105684,0.9207409060749
2022-10-19,0.9141899779354754,1.03090485515,1.3263909447864
2022-10-20,0.9134693447051748,1.03011735515,1.3256792697864
2022-10-21,0.9188809132142846,1.03602535515,1.3310184137864
2022-10-22,0.9233721180349685,1.0409638551500002,1.3354814067863998
2022-10-23,0.922126500589891,1.0219905161500002,0.2956613707835
2022-10-24,0.9215040652019928,1.0212782154000002,0.8956936953611
2022-10-25,0.9208820499579815,0.9809936231000003,0.45706645282669994
2022-10-26,0.9202604545742599,0.9802528362000001,0.8594671084427
2022-10-27,0.9196392787674222,0.9940853472000001,0.4849122463272
2022-10-28,0.9086788821177535,0.9828601472,0.4750076109272
2022-10-29,0.8915651637472833,0.9646517472000001,0.45894129912720005
2022-10-30,0.8987351030143074,0.9727521472,0.46608874492720004
2022-10-31,0.9032833564399236,0.9777585472000002,0.47050617772720005
2022-11-01,0.9020648384831281,0.9780520472000003,1.0688907397008998
2022-11-02,0.900847964291825,0.9931413644000001,0.39359488600630005
2022-11-03,0.8996327316485949,0.995639766,1.0522800753001
2022-11-04,0.9297439465860304,1.028647566,1.0655674221001001
2022-11-05,0.9251684316982642,1.0234333660000001,1.0634684369001
2022-11-06,0.9245439430068679,1.02272600815,0.8860587563779999
2022-11-07,0.9239198758453383,1.02207318045,1.2842064135286
2022-11-08,0.9232962299291427,1.02139130925,0.8848879953222
2022-11-09,0.9226730049739406,0.94186187525,1.2132286641592
2022-11-10,0.9968259297325067,1.00874667525,1.2719751577592
2022-11-11,0.993519199029159,1.00549287525,1.2691172686592
2022-11-12,0.982479497164481,0.9946740752500001,1.2596148620592
2022-11-13,0.9698015858605444,0.98242047525,1.2488522368592
2022-11-14,0.9777055823861425,0.9899378752500001,1.2554549461592
2022-11-15,0.9770456311180319,0.98930739625,0.8567049577981
2022-11-16,0.9763861253170273,1.00160667625,0.4820068641583
2022-11-17,0.9757270646824383,1.00098942325,0.8669603776259
2022-11-18,0.9757270646824383,1.00098942325,0.8669603776259
2022-11-19,0.9750684489137776,0.9985185354999998,0.4746761896731
2022-11-20,1.0022337656779787,1.0263943354999998,0.4989266288731001
2022-11-21,1.0008817648560013,1.01125866835,1.1058739788877998
2022-11-22,1.013967054075023,1.02412266835,1.1121988860877998
2022-11-23,1.0132826263135224,1.0234392023499999,0.8873502710422
2022-11-24,1.0132826263135224,1.0234392023499999,0.8873502710422
2022-11-25,1.0125986605407609,1.0244179322499998,0.48889263460119997
2022-11-26,1.0102073038942625,1.0220277322499998,0.48680466910119996
2022-11-27,1.014576506660267,1.02642813225,0.4906486501011999
2022-11-28,1.0132078556349888,1.01517642725,1.105001473069
2022-11-29,1.0125239403324353,1.01450732325,0.8838886219694999
2022-11-30,1.0118404866727109,0.9848726819999999,0.4599274680858
2022-12-01,1.0104755265041954,0.9772159761500001,1.0607710867625
2022-12-02,1.0091124076498854,0.9693527621500001,0.36822036263650004
2022-12-03,1.0284826904524806,0.9881343621500001,0.3888900658365001
2022-12-04,1.0139011260770505,0.97485396215,0.3742745950365001
2022-12-05,1.0125333861317367,0.9666951657500001,1.0164111488441
2022-12-06,1.0118499260960978,0.96605664405,0.8477419065611
2022-12-07,1.011166927395983,0.9789711768500002,0.4776622079843001
2022-12-08,0.9930891032957021,0.9623451768500001,0.46298193898430007
2022-12-09,0.99174943850897,0.9553171582500002,1.0490800665033
2022-12-10,0.9910800076379764,0.9546923148000002,0.8404317664013
2022-12-11,0.9904110286328208,0.9529305091500003,1.2170280617381002
2022-12-12,0.9897425011884937,0.9523056063000002,0.8382680075579
2022-12-13,0.9890744250001915,0.9364384357500002,0.44681372779309997
2022-12-14,0.9884067997633164,0.9357878160000003,0.823451638328
2022-12-15,0.9877396251734761,0.9484400912000003,0.4641010366339999
2022-12-16,0.987072900926484,0.9478322864000003,0.8341166404775
2022-12-17,0.9864066267183587,0.9544961438000003,1.2154244077795
2022-12-18,0.9849101187086717,0.9530561438000003,1.2141369677795002
2022-12-19,0.9791978149375997,0.9475697438000003,1.2092318213795001
2022-12-20,0.9976960387528292,0.9652097438000002,1.2250029613795002
2022-12-21,0.9965885904895224,0.9641297438000003,1.2240373813795
2022-12-22,0.9952442049383096,0.9613746751500003,0.2945528835172999
2022-12-23,0.9939016329464003,0.9608419261500002,0.9771257444708
2022-12-24,0.992560872067326,0.9594004511500002,0.40384882055080007
2022-12-25,0.9912219198579182,0.9574194931500002,1.0240588324225999
2022-12-26,0.9905528450620141,0.9567835589000002,0.8420492319708001
2022-12-27,0.9898842218915973,0.9504410846500001,1.2153818397093998
2022-12-28,0.9892160500418204,0.9498051574000002,0.8358946806136001
2022-12-29,0.9892160500418204,0.9498051574000002,0.8358946806136001
2022-12-30,0.9892160500418204,0.9498051574000002,0.8358946806136001
2022-12-31,0.9885483292080423,0.9504248306500003,0.46029329552410003
2023-01-01,0.9872147898687947,0.9505199256500002,1.0433705130361
2023-01-02,0.9865484198856334,0.9498899466500001,0.8359301804263001
2023-01-03,0.9865484198856334,0.9498899466500001,0.8359301804263001
2023-01-04,0.9865484198856334,0.9498899466500001,0.8359301804263001
2023-01-05,0.9858824997022105,0.9474437877500002,1.2099392876773
2023-01-06,0.9852170290149116,0.9468057369500003,0.8332142616493
2023-01-07,0.9852170290149116,0.9468057369500003,0.8332142616493
2023-01-08,0.9845520075203266,0.9375969351500002,0.44998688830729994
2023-01-09,0.9838874349152503,0.9369618633500002,0.8243631188853001
2023-01-10,0.9838874349152503,0.9369618633500002,0.8243631188853001
2023-01-11,0.9838874349152503,0.9369618633500002,0.8243631188853001
2023-01-12,0.9838874349152503,0.9369618633500002,0.8243631188853001
2023-01-13,0.9838874349152503,0.9369618633500002,0.8243631188853001
2023-01-17,0.9838874349152503,0.9369618633500002,0.8243631188853001
2023-01-18,0.9832233108966826,0.9222669896500002,1.1819340447537
2023-01-19,0.9818969549405744,0.91038196765,0.2638778294412999
2023-01-20,0.9805723882220716,0.9372028352000001,0.9217558726553
2023-01-21,0.979249608327515,0.9437786925500001,0.3952656752117001
2023-01-22,0.9791115316238961,0.9436511925500001,0.3951381650117
2023-01-23,0.9794470950488143,0.9439611925500001,0.39544818981170005
2023-01-24,0.9986576593609787,0.9616886925500001,0.41317710801170004
2023-01-25,0.9973104826617215,0.9754332125500002,1.0196477383143
2023-01-26,0.9943248826168166,0.9725388125500002,1.0183668055142998
2023-01-27,0.9933157673154085,0.9715641125500001,1.0179354466143
2023-01-28,0.9861620129914788,0.96466291255,1.0148812822143
2023-01-29,1.007100824440581,0.98468341255,1.0237414657143
2023-01-30,0.9851387476954794,0.9631509125500001,1.0142121382143
2023-01-31,0.9905459636046207,0.96830791255,1.0164943972143
2023-02-01,1.0065138630103452,0.9836385125500001,1.0232790394142999
2023-02-02,1.0070683713482016,0.98418121255,1.0235192143143
2023-02-03,1.0057098487036076,0.97771347565,0.3704619730431
2023-02-04,1.0050309945557327,0.97706203655,0.8303418771943001
2023-02-05,1.0043525986344077,0.98615172495,0.4645315078291
2023-02-06,1.008536527678554,0.99007252495,0.46791274542910005
2023-02-07,1.007855765522371,0.9894457078500001,0.8410191192420999
2023-02-08,1.0071754628806435,0.98353181285,1.2143178411813
2023-02-09,1.0058167957709108,1.00969541005,0.3229934367861
2023-02-10,1.0044599614861258,0.9990247573000001,1.0107624301715
2023-02-11,1.0120489060392845,1.0063878573,1.0131516291715
2023-02-12,1.0113657730277081,1.0057160839000001,0.8675802018740001
2023-02-13,1.0113657730277081,1.0057160839000001,0.8675802018740001
2023-02-14,1.0106831011309145,1.0200628969000003,1.2704082080480001
2023-02-15,1.045799681773769,1.0560808969000002,1.301556574448
2023-02-16,1.0356850818664645,1.0452808969,1.292216734448
2023-02-17,1.0513587443256565,1.0618168969000001,1.306517067248
2023-02-18,1.0506717480503227,1.0610788969,1.305878844848
2023-02-19,1.0474995349855418,1.0576738969000001,1.302934200848
2023-02-20,1.0540610958615053,1.0646908969000002,1.309002502448
2023-02-21,1.0416718410369312,1.0513408969000002,1.297457422448
2023-02-22,1.0368153725422704,1.0461838969000001,1.2929976488480002
2023-02-23,1.0389975967233083,1.0484878969000002,1.2949901480480002
2023-02-24,1.03829627334552,1.0477425409,0.9039298706876
2023-02-25,1.0375954233610118,1.0431226480500002,1.3066573565796
2023-02-26,1.0513370077145998,1.0567236480500002,1.3185277465796
2023-02-27,1.049061607044135,1.0544355480500003,1.3165307875796
2023-02-28,1.0409999097992644,1.0463503480500003,1.3094743595796
2023-03-01,1.058439214210709,1.0636749480500003,1.3245945535796
2023-03-02,1.0535258906171117,1.0586956480500003,1.3202488265796
2023-03-03,1.0309538990306302,1.0359509480500002,1.3003981935795998
2023-03-04,1.030122950950289,1.03513604805,1.2996869825796
2023-03-05,1.0295339051965928,1.0345589480500001,1.2991833135796
2023-03-06,1.028838969810585,1.0338785819500003,0.8918274462006
2023-03-07,1.0281445035059629,1.032072533,1.2915558272410002
2023-03-08,1.019411508141076,1.0235262330000001,1.283999424541
2023-03-09,0.9908420051678178,0.9958602330000002,1.259537910541
2023-03-10,0.9875423485689676,0.9927775330000002,1.256812272241
2023-03-11,1.001642873283103,1.0058971330000002,1.268412260641
2023-03-12,1.0348057004714972,1.0372838330000003,1.296163514941
2023-03-13,1.034107206623679,1.0365968549000002,0.8942308681561001
2023-03-14,1.033409184259208,1.04294432135,1.3022904318161
2023-03-15,1.019698319257836,1.0294119213500001,1.2902415838161
2023-03-16,1.0190100228923369,1.02874644425,0.8872411023301
2023-03-17,1.0190100228923369,1.02874644425,0.8872411023301
2023-03-18,1.0183221911268845,1.0204029905,1.2790559470128
2023-03-19,1.0239169639185346,1.0257704905,1.2838469775128
2023-03-20,1.0232258199678896,1.025100498,0.88398895886
2023-03-21,1.0225351425394114,1.0066333311,0.4698821128037999
2023-03-22,1.0218449313181972,1.0059338804000002,0.8670529516647
2023-03-23,1.0211551859895573,1.0259693725,1.2745622484648
2023-03-24,1.0048095621865127,1.0091993725000001,1.2600458784648
2023-03-25,1.002805711852778,1.0071843725000003,1.2583016634647999
2023-03-26,1.0109988456756231,1.0154029725000002,1.2654158100648
2023-03-27,1.0103164214547922,1.0147116468000001,0.8746511213031
2023-03-28,1.0096344578703103,1.0290580542000003,1.2809148679783
2023-03-29,1.0147108608857465,1.0342060542000002,1.2854607499783
2023-03-30,1.0140259310546487,1.0335072171000004,0.8912460334406
2023-03-31,1.0133414635511868,1.0398474321000002,1.2979778476755
2023-04-01,1.0119744785836247,1.0387293246000002,0.311650066608
2023-04-02,1.0112913958105807,1.0380443883500001,0.8948720364213
2023-04-03,1.0106087741184087,1.0331511038500003,0.48795864768450004
2023-04-04,1.0099266131958788,1.0324453286500004,0.8900392748541
2023-04-05,1.0099266131958788,1.0324453286500004,0.8900392748541
2023-04-06,1.0092449127319716,1.0230802322500003,1.2823616645907
2023-04-07,1.0071917230846241,1.0210498322500003,1.2805853183907
2023-04-08,1.0058330340400796,1.0232773586500004,0.30695412546109996
2023-04-09,1.0034278781557153,1.0209205586500005,0.3039164066611
2023-04-10,1.0027505643379602,1.0202517362500003,0.8793145561227
2023-04-11,1.002073707707032,1.0147597286500005,1.2702690204012
2023-04-12,1.0087509629850284,1.0214725286500004,1.2760669217012
2023-04-13,1.0080700560850135,1.0207824590500003,0.8797750218371001
2023-04-14,1.0080700560850135,1.0207824590500003,0.8797750218371001
2023-04-15,1.0080700560850135,1.0207824590500003,0.8797750218371001
2023-04-16,1.007389608797156,1.0144768310500003,0.4781843640611
2023-04-17,1.0167211216812169,1.0236328310500005,0.48643871606110006
2023-04-18,1.016034834924082,1.0229793667000004,0.8817555863909
2023-04-19,1.016034834924082,1.0229793667000004,0.8817555863909
2023-04-20,1.0153490114105082,1.0244469403500003,1.2798561622848001
2023-04-21,0.9932083896338172,1.0028016403500004,1.2605363203848
2023-04-22,0.9993490294908309,1.0086413403500003,1.2657486334848
2023-04-23,0.9986744688959246,1.0079973173500003,0.8683810804351
2023-04-24,0.9986744688959246,1.0079973173500003,0.8683810804351
2023-04-25,0.9980003636294199,1.0131448889500005,1.2637074151867
2023-04-26,0.9979088775877234,1.0130536889500004,1.2636267639867
2023-04-27,0.9972352890953518,1.0123846781500003,0.8722588506195
2023-04-28,0.9965621552752124,1.0076900285500003,1.2605832161507
2023-04-29,0.9958894758204017,1.0070379337000004,0.8674776672275001
2023-04-30,0.9952172504242229,1.0152580152500004,0.48442859280699996
2023-05-01,1.00443111033604,1.0240992152500004,0.492297260807
2023-05-02,0.9947414844917271,1.0150763152500004,0.484266879807
2023-05-03,0.9862304099349776,1.0069021152500004,0.476991841807
2023-05-04,0.9928965288870171,1.0134824152500004,0.48284830880699997
2023-05-05,0.9651685333396713,0.9867035152500004,0.459015087807
2023-05-06,0.9863708431607444,1.0090756152500004,0.478926256807
2023-05-07,0.985705042841611,1.0084194367500006,0.8687092550125001
2023-05-08,0.9850396919376929,1.0022336131500005,1.2542344003374999
2023-05-09,0.9848620525594962,1.0020560131500003,1.2540796663375
2023-05-10,0.9835334859613691,1.0021526371500005,0.29922298242949996
2023-05-11,0.9828696008583452,1.0014902875500002,0.8627140962349
2023-05-12,0.9828696008583452,1.0014902875500002,0.8627140962349
2023-05-13,0.9828696008583452,1.0014902875500002,0.8627140962349
2023-05-14,0.9822061638777658,1.0017698725500004,1.2511831430939
2023-05-15,0.986460797501303,1.0060973725500002,1.2549281615939
2023-05-16,0.9857949364629897,1.0054165375500002,0.8661118729849
2023-05-17,0.9857949364629897,1.0054165375500002,0.8661118729849
2023-05-18,0.9851295248808771,1.0100311435500002,0.4804835844586
2023-05-19,0.9844645624515825,1.0093832551500002,0.8696480364453
2023-05-20,0.9838000488719277,1.0069014876500002,0.47615464397179996
2023-05-21,0.9873785560248802,1.0105764876500003,0.4793305789717999
2023-05-22,0.9867120754995634,1.0098975251500002,0.8700946323201001
2023-05-23,0.9867120754995634,1.0098975251500002,0.8700946323201001
2023-05-24,0.9867120754995634,1.0098975251500002,0.8700946323201001
2023-05-25,0.9867120754995634,1.0098975251500002,0.8700946323201001
2023-05-26,0.9867120754995634,1.0098975251500002,0.8700946323201001
2023-05-27,0.9867120754995634,1.0098975251500002,0.8700946323201001
2023-05-28,0.9860460448486013,1.0283215391500002,1.2780681169753
2023-05-29,0.9853804637683284,1.0276345295500002,0.8859167792867
2023-05-30,0.9853804637683284,1.0276345295500002,0.8859167792867
2023-05-31,0.9847153319552848,1.03342339795,0.49232204949110003
2023-06-01,0.9833869632814188,1.02913014595,1.1101455685073
2023-06-02,0.9827231770812039,1.02846033355,0.8882771911206
2023-06-03,0.9827231770812039,1.02846033355,0.8882771911206
2023-06-04,0.9827231770812039,1.02846033355,0.8882771911206
2023-06-05,0.9827231770812039,1.02846033355,0.8882771911206
2023-06-06,0.9820598389366741,1.0094740723000002,0.4717784621827999
2023-06-07,0.981396948545392,1.0087678498000001,0.8708816386752
2023-06-08,0.981396948545392,1.0087678498000001,0.8708816386752
2023-06-09,0.9807345056051239,1.006826875,1.261063741643
2023-06-10,0.9800725098138404,1.0061646154000001,0.8685754319087
2023-06-11,0.9800725098138404,1.0061646154000001,0.8685754319087
2023-06-12,0.9794109608697161,1.0029601904,1.2565771626847
2023-06-13,0.978749858471129,1.0023045904,0.8651326646498999
2023-06-14,0.978749858471129,1.0023045904,0.8651326646498999
2023-06-15,0.9780892023166611,1.00580776345,1.2575064877514999
2023-06-16,0.9917428376086004,1.0197586634499998,1.2696964741514998
2023-06-17,0.9910734111932146,1.0190631529,0.8797782868887
2023-06-18,0.9904044366406591,1.0165175488,1.2734405315127
2023-06-19,0.9946073459500389,1.0207347488,1.2771584799127
2023-06-20,1.0088269066835744,1.0350763487999999,1.2898022551127
2023-06-21,1.0081459485215631,1.0343777145,0.8932775443656
2023-06-22,1.0074654500063112,1.0377635265,0.4942994524164
2023-06-23,1.006785410827557,1.0370874333,0.8956853225412
2023-06-24,1.0061058306752484,1.0406590412999999,0.4957977514582001
2023-06-25,1.0054267092395426,1.0399866321,0.898256348981
2023-06-26,1.0054267092395426,1.0399866321,0.898256348981
2023-06-27,1.0047480462108058,1.0315623296,0.48670608231759993
2023-06-28,1.0040698412796136,1.03085393585,0.8903094420121
2023-06-29,1.0040698412796136,1.03085393585,0.8903094420121
2023-06-30,1.0040698412796136,1.03085393585,0.8903094420121
2023-07-01,1.00339209413675,1.0323351059499999,0.4910006225818
2023-07-02,1.0020385307441608,1.03424502955,1.1132173105358
2023-07-03,1.0060667185013519,1.03839942955,1.1152050178358
2023-07-04,1.0053876234663635,1.03769562955,0.8939261724608
2023-07-05,1.0047089868205237,1.0307971703499998,1.290214942301
2023-07-06,0.9893075663086881,1.0151827703499998,1.276694823701
2023-07-07,0.9879730027680822,1.00780650715,0.2906406216681
2023-07-08,0.9873061209912137,1.00713330715,0.8642809329680999
2023-07-09,0.9866396893595447,1.0070957051499998,0.47532398056310005
2023-07-10,0.9859737075692271,1.00642545355,0.8636656902141
2023-07-11,0.9853081753166179,1.0061544875499997,0.4747826309461
2023-07-12,0.9846430922982792,1.0054785299499998,0.8628476928141
2023-07-13,0.9846430922982792,1.0054785299499998,0.8628476928141
2023-07-14,0.9846430922982792,1.0054785299499998,0.8628476928141
2023-07-15,0.9839784582109778,1.00335215465,1.2492718683613002
2023-07-16,0.9818154284827254,1.0011832546499997,1.2473813419613
2023-07-17,0.9793774624583406,0.9987452546499997,1.2452562539613
2023-07-18,0.9761684436681282,0.9955459546499997,1.2424675771613
2023-07-19,0.9741046261476493,0.9934966546499998,1.2406813003613
2023-07-20,0.9734471055249996,0.9928454498999998,0.8518360411253
2023-07-21,0.9727900287287702,0.9921288066999998,0.46787432780690014
2023-07-22,0.9714777471398905,0.9850189270999998,1.0580479357783
2023-07-23,0.9766939202708406,0.9901387271,1.0605265867783
2023-07-24,0.9676562447582437,0.9812101271,1.0562039797783
2023-07-25,0.967003076793032,0.9805722082999999,0.8453501098723
2023-07-26,0.967003076793032,0.9805722082999999,0.8453501098723
2023-07-27,0.967003076793032,0.9805722082999999,0.8453501098723
2023-07-28,0.9663503497161967,0.9829434082499999,1.2278690179865002
2023-07-29,0.9678498668838046,0.9844292082499999,1.2291900233864999
2023-07-30,0.9671965682236581,0.9837829565499999,0.8482047503967
2023-07-31,0.9665437105401071,0.9819035909,1.2282283545485002
2023-08-01,0.9706836072020824,0.9859653908999999,1.2318509503485
2023-08-02,0.970028395767221,0.9853214851999998,0.8495769234287
2023-08-03,0.9693736266000781,0.9857106199999998,0.46760810742129993
2023-08-04,0.9687192994021231,0.9850501315999998,0.8493418859855
2023-08-05,0.9680654138750266,0.9858555475999997,1.2322412486135
2023-08-06,0.9666129201949331,0.9843867475999998,1.2309626582135
2023-08-07,0.9663275934848427,0.9840987475999998,1.2307119542135
2023-08-08,0.9727925765805515,0.9906219475999997,1.2363903998135
2023-08-09,0.9726368551058812,0.9904635475999998,1.2362525126135
2023-08-10,0.971324780146304,0.9899105707999997,0.29730513382999996
2023-08-11,0.9706691359197053,0.9892416559999998,0.8527893986865
2023-08-12,0.9700139342529595,0.9888403615999999,1.2362061651068998
2023-08-13,0.9693591748473387,0.9881746711999999,0.8518661900883001
2023-08-14,0.9687048574043168,0.9886450387999999,1.2356204384637002
2023-08-15,0.9680509816255689,0.9879785107999999,0.8516979948627
2023-08-16,0.9673975472129717,0.9822611335999999,1.2299643410581
2023-08-17,0.9369999944281165,0.9519755335999999,1.2035111313581
2023-08-18,0.9319231378253496,0.9471179335999999,1.1992682201581
2023-08-19,0.9312940897073175,0.9465200599999999,0.8154836660799
2023-08-20,0.9306654661967652,0.9497592975,1.185296849253
2023-08-21,0.9300372670070823,0.94912524125,0.8177796859145999
2023-08-22,0.9294094918518526,0.9404251912499999,1.1780926050703
2023-08-23,0.9407449327940774,0.95150019125,1.1878731590702998
2023-08-24,0.9401099299644414,0.9508681449999999,0.8193232946743
2023-08-25,0.9394753557617155,0.9484980587499999,1.1859217813879
2023-08-26,0.9388412098965764,0.9478805899999999,0.8166693964791
2023-08-27,0.9388412098965764,0.9478805899999999,0.8166693964791
2023-08-28,0.9382074920798962,0.9485289937499999,0.4497401479607
2023-08-29,0.9187905468092881,0.92952899375,0.4328901879607
2023-08-30,0.9175511098465242,0.9224648315499999,0.9916121733170001
2023-08-31,0.9032289595602887,0.9082760315499999,0.9849493493170001
2023-09-01,0.8990094589414356,0.90417683155,0.9830244333170001
2023-09-02,0.8977967064189418,0.90107732755,0.3427325207858
2023-09-03,0.8980979399738138,0.90137012755,0.34306398258580006
2023-09-04,0.899316536859376,0.90255332755,0.3444034142858
2023-09-05,0.8981033700926094,0.90223406995,0.9411950936218001
2023-09-06,0.897497150317797,0.90164596315,0.7859731481112
2023-09-07,0.8968913397413325,0.90464392435,1.1423730718146
2023-09-08,0.8940761505664355,0.90188632435,1.1398834186146
2023-09-09,0.8938351110731052,0.90165112435,1.1396710722146
2023-09-10,0.8932317723731309,0.9010649927500001,0.7854464651186001
2023-09-11,0.8926288409267791,0.8841013202500001,1.1240644989233002
2023-09-12,0.9033142820139839,0.8944163202500002,1.1330864105233
2023-09-13,0.9020957223389755,0.8896246027500001,0.2638509308705001
2023-09-14,0.9014868077263967,0.8890195940000001,0.7729622980661001
2023-09-15,0.9014868077263967,0.8890195940000001,0.7729622980661001
2023-09-16,0.9008783041311814,0.8867537564,1.118797037196
2023-09-17,0.9002702112758929,0.8861656316000001,0.7704390557508001
2023-09-18,0.8996625288832817,0.8889418448000002,1.1196166962168
2023-09-19,0.8984488953775998,0.8861177912000002,0.2656978643123999
2023-09-20,0.90359100817037,0.8911313912000002,0.27213261101239994
2023-09-21,0.9023720751952358,0.8806998392000003,0.8945709328924
2023-09-22,0.9047525589514045,0.8829270392000003,0.8952717584923999
2023-09-23,0.9035320590587861,0.8816149976000002,0.3689705655856
2023-09-24,0.9029221749189215,0.8810415284,0.7712446712815001
2023-09-25,0.9023127024508512,0.8823740321500001,1.1194760657764
2023-09-26,0.9037474210781256,0.8837765321500002,1.1207083583764
2023-09-27,0.9031373915688978,0.8831790446500002,0.7731227785594
2023-09-28,0.9031373915688978,0.8831790446500002,0.7731227785594
2023-09-29,0.9025277738295888,0.8791090778500001,0.42164618645630003
2023-09-30,0.901657797729207,0.8782522778500002,0.42089441585630005
2023-10-02,0.9010491787157398,0.86245545385,0.7682723914997001
2023-10-03,0.9010491787157398,0.86245545385,0.7682723914997001
2023-10-04,0.9004409705201066,0.8642852683000001,0.4242034876372
2023-10-05,0.8998331728650055,0.8637151811,0.7694157371684
2023-10-06,0.8998331728650055,0.8637151811,0.7694157371684
2023-10-07,0.8992257854733217,0.8605856907,1.1127787727812
2023-10-08,0.8986188080681272,0.8600199470500001,0.76603282441
2023-10-09,0.8980122403726812,0.8715617967,0.43191488351339996
2023-10-10,0.8968008330855715,0.86745062675,0.9686596885654
2023-10-11,0.8965896379746136,0.8672538267499998,0.9685587793653999
2023-10-12,0.8953801497603563,0.8726734491499998,0.34498874399150004
2023-10-13,0.8947757681592681,0.8721170739499999,0.7801992863748
2023-10-14,0.8947757681592681,0.8721170739499999,0.7801992863748
2023-10-15,0.8947757681592681,0.8721170739499999,0.7801992863748
2023-10-16,0.8941717945157606,0.8818731051999998,1.140079287856
2023-10-17,0.8935682285544625,0.8812736264499998,0.7884566654192
2023-10-18,0.8929650700001882,0.8803496264499999,1.1424272342621
2023-10-19,0.8917604712828214,0.87837263145,0.27115541325829995
2023-10-20,0.8822143761548888,0.86906013145,0.25890053575829997
2023-10-21,0.8816188814509843,0.8684564502000001,0.7722056337154001
2023-10-22,0.8816188814509843,0.8684564502000001,0.7722056337154001
2023-10-23,0.8816188814509843,0.8684564502000001,0.7722056337154001
2023-10-24,0.8816188814509843,0.8684564502000001,0.7722056337154001
2023-10-27,0.8816188814509843,0.8684564502000001,0.7722056337154001
2023-10-28,0.8816188814509843,0.8684564502000001,0.7722056337154001
2023-10-29,0.881023788706005,0.8639634708,0.4205224514342
2023-10-30,0.8778618010065906,0.8609562708,0.4177217458342
2023-10-31,0.8765827045438379,0.8597256708000001,0.4165756470342
2023-11-01,0.869515420334447,0.8528943708000001,0.4102134296342
2023-11-02,0.8795758671196606,0.8628735708,0.41950739123419994
2023-11-03,0.8725836815287259,0.8561934708000001,0.41328599143420003
2023-11-04,0.8675288588168595,0.8512395708000001,0.40867225923420003
2023-11-05,0.8598707694094606,0.8435934708,0.4015511914342
2023-11-06,0.8579856319332891,0.8416572708000001,0.3997479438342
2023-11-07,0.8612177804034398,0.8450004708000001,0.4028615774342
2023-11-08,0.8606772900820852,0.8444481708000001,0.4023472020342
2023-11-09,0.812582601911068,0.7952031708,0.3564836920342
2023-11-10,0.8201303740019072,0.8044053708000001,0.36505400763420004
2023-11-11,0.8195767859994559,0.8037504543000001,0.7119427828672
2023-11-12,0.8190235716689063,0.8046630491500002,0.3923964948940001
2023-11-13,0.8173843877044552,0.8031160491500002,0.39097744089400005
2023-11-14,0.8308199362662543,0.81587794915,0.4026838566940001
2023-11-15,0.8158697844317082,0.8024173491500001,0.39033652749400005
2023-11-16,0.8331919968034106,0.8189345491500001,0.405487657894
2023-11-17,0.8326295922055683,0.8184325034500001,0.7254105448657001
2023-11-18,0.8320675672308295,0.8175465767500001,0.39814790425889995
2023-11-19,0.8226705215720506,0.8086779767500001,0.3899469127589
2023-11-20,0.8221152189699894,0.8081364152500001,0.7158878563083999
2023-11-21,0.8215602911971847,0.7924958007000001,1.0233822893750002
2023-11-22,0.8465080718558156,0.8146757007000002,1.044164855675
2023-11-23,0.8462810550683721,0.8144666007000001,1.043968928975
2023-11-24,0.8451394325035981,0.810269639,0.246616698034
2023-11-25,0.8439993499733937,0.8094989474000002,0.8265938645548
2023-11-26,0.8434296504121617,0.8089678155500001,0.7154598254122
2023-11-27,0.8428603353981334,0.8142900132,0.3983921116185001
2023-11-28,0.8417233273414355,0.81693893895,0.9007061576397
2023-11-29,0.8405878530943935,0.8192314287000001,0.3191467331267
2023-11-30,0.83623346869164,0.8152619287,0.3145260016267
2023-12-01,0.8297720758894103,0.8092728287000001,0.30755433692670003
2023-12-02,0.8157646848048233,0.7959635287,0.2920615288267
2023-12-03,0.8110244427741327,0.7912103287000001,0.28652852442670007
2023-12-04,0.8104770012752601,0.79064934995,0.6911957920312999
2023-12-05,0.8104770012752601,0.79064934995,0.6911957920312999
2023-12-06,0.8099299292993993,0.7810312067,0.9935410240428
2023-12-07,0.8093832265971223,0.7805332097,0.6820474140560999
2023-12-08,0.8093832265971223,0.7805332097,0.6820474140560999
2023-12-09,0.8093832265971223,0.7805332097,0.6820474140560999
2023-12-10,0.8088368929191692,0.7784229036,0.3731463379481
2023-12-11,0.8286919613520242,0.7964003035999999,0.38997190024809997
2023-12-12,0.8321872306061497,0.7993207036,0.3927051860481
2023-12-13,0.8225495308923261,0.7913771036,0.3852705438481
2023-12-14,0.8219943099589738,0.7909007991,0.6917507411232999
2023-12-15,0.8214394637997515,0.80460257985,0.3927304063555
2023-12-16,0.8201200716529055,0.8034130798500001,0.3916647729555
2023-12-17,0.8253687680175433,0.80816957985,0.39592596275550007
2023-12-18,0.8215581691479442,0.80478707985,0.3928956937555
2023-12-19,0.8210036173837694,0.8042859696000001,0.7037447568019
2023-12-20,0.8210036173837694,0.8042859696000001,0.7037447568019
2023-12-21,0.8210036173837694,0.8042859696000001,0.7037447568019
2023-12-22,0.8204494399420353,0.7901384168,0.3745543125895999
2023-12-23,0.8198956365700745,0.7895784472,0.690741580954
2023-12-24,0.8193422070153897,0.7957232287,0.38541640906369995
2023-12-25,0.818098779274202,0.7945772287000001,0.3843882942636999
2023-12-26,0.8246791789235133,0.8006717287000001,0.3898558733636999
2023-12-27,0.8241225204777399,0.8001679274500001,0.7002431043875
2023-12-28,0.8235662377764175,0.8047863554500002,0.3892122614308
2023-12-29,0.8230103305659184,0.8042555099500003,0.7038518619536
2023-12-30,0.8230103305659184,0.8042555099500003,0.7038518619536
2023-12-31,0.8224547985927865,0.8051510264500004,0.38795425524570004
2024-01-01,0.810986310406879,0.7945355264500004,0.37818021054569995
2024-01-02,0.8104388946473543,0.7940042347000003,0.6944145542934
2024-01-03,0.8098918483934674,0.8154534277000002,0.4008923254243001
2024-01-04,0.8087993144136328,0.8236191963500001,0.8977658235173
2024-01-05,0.8077082542484803,0.82235782835,0.3122829564433
2024-01-06,0.8122849935796829,0.82692902835,0.3173724162433
2024-01-07,0.8111892312769063,0.82273525555,0.8621347967227
2024-01-08,0.8293089210314551,0.8403736555500001,0.8691625967226999
2024-01-09,0.828749137509759,0.8398157867500001,0.7261167343289
2024-01-10,0.8281897318419399,0.8006147475500001,0.3652408840246999
2024-01-11,0.823466703989805,0.7953715475500001,0.36067372912469997
2024-01-12,0.8369513136463129,0.81061794755,0.3739542964246999
2024-01-13,0.8363863715096017,0.8100123555500001,0.7001713907432
2024-01-14,0.8363863715096017,0.8100123555500001,0.7001713907432
2024-01-15,0.8358218107088328,0.8041853525499999,0.3797939418395999
2024-01-16,0.8245646113201517,0.7936587525500001,0.3702192472395999
2024-01-17,0.8327073222979059,0.8016079525500001,0.37744961243959996
2024-01-18,0.8414925355833343,0.80991415255,0.3850046946395999
2024-01-19,0.8403573726714891,0.8118400107500001,0.8741041333238001
2024-01-20,0.8397901314449359,0.81131659415,0.7005798718678999
2024-01-21,0.8392232731062106,0.81293101955,0.38678778566229993
2024-01-22,0.8386567973968639,0.8124150453500002,0.7015816772767001
2024-01-23,0.8380907040586211,0.8009953211000002,1.0069167173288
2024-01-24,0.8369046049634706,0.7999378211000001,1.0059549563288
2024-01-25,0.8341069582051506,0.7974478211000001,1.0036903843288
2024-01-26,0.8423482968716486,0.8047528211,1.0103340383288
2024-01-27,0.8417797117712602,0.8042443068500001,0.6941493008152
2024-01-28,0.8412115104658147,0.8020842318500001,1.004534987987
2024-01-29,0.8406436926962503,0.8015766318500002,0.691700154527
2024-01-30,0.8400762582036804,0.8048684126,1.0059210698384
2024-01-31,0.8389430058323168,0.8128100306000001,0.25241145243290003
2024-02-01,0.8378112822042366,0.8151648052500002,0.8188917076529001
2024-02-02,0.8372457595887488,0.8146104084500002,0.7051446125517
2024-02-03,0.8366806187010264,0.8122041084500004,1.020265920034
2024-02-04,0.8355718096629904,0.8111901084500003,1.019336487634
2024-02-05,0.8375712368455422,0.8130156084500003,1.021009740934
2024-02-06,0.8364413637166781,0.8013437349500003,0.22890774444490009
2024-02-07,0.8358767657961693,0.8008100934500003,0.6876500680040001
2024-02-08,0.8353125489792569,0.7995380093500002,0.9959406044795001
2024-02-09,0.8347487130086959,0.7990314676500002,0.6860257894085
2024-02-10,0.834185257627415,0.8004639672500002,0.9960133386392999
2024-02-11,0.8352216473621034,0.8014299672500004,0.9968704566393
2024-02-12,0.8584391161193984,0.8231033672500003,1.0161009548392999
2024-02-13,0.8578596697160178,0.8225445761500002,0.706888634679
2024-02-14,0.8572806144389595,0.8409263913500002,1.0407975657187
2024-02-15,0.8561241536060891,0.83351005465,0.24497732585510007
2024-02-16,0.8589680095512019,0.83622055465,0.24849492935510004
2024-02-17,0.8612097227669591,0.8383343546500001,0.25123815395510013
2024-02-18,0.8478417129228305,0.8258348546500001,0.2350166874551001
2024-02-19,0.8395101019745518,0.8176487546500001,0.22439301875510007
2024-02-20,0.8304507265312419,0.8084629546500001,0.21247197015510005
2024-02-21,0.8363413693599551,0.81464575465,0.22049581775510008
2024-02-22,0.8359421593887235,0.81423625465,0.2199643812551
2024-02-23,0.8421994935187684,0.8206647546500001,0.22830709075510008
2024-02-24,0.8329897056354127,0.8114295546500001,0.21632193235510008
2024-02-25,0.8178613948052543,0.79571905465,0.19593332885510012
2024-02-26,0.8103759798488827,0.7874822546500001,0.1852438632551001
2024-02-27,0.8027604444263488,0.7788528546500001,0.1740448934551001
2024-02-28,0.7869425028067262,0.7603811546500001,0.15007288955510004
2024-02-29,0.7864113166173317,0.759720676,0.6175783200855001
2024-03-01,0.7864113166173317,0.759720676,0.6175783200855001
2024-03-02,0.785880488978615,0.7602828389500002,0.3401592921658
2024-03-03,0.778926182288883,0.7542222389500001,0.33471215956579997
2024-03-04,0.7650782512736564,0.7418067389500002,0.3235533840658
2024-03-05,0.7721247861246101,0.7484928389500002,0.3295627021658
2024-03-06,0.771603601893976,0.7480128559000001,0.6070547838667
2024-03-07,0.7710827694626976,0.7436069739000002,0.3299353234629
2024-03-08,0.7697966987845687,0.7424589739000002,0.3289097289629
2024-03-09,0.7678257740759818,0.7406901739000002,0.3273295272629
2024-03-10,0.7702066695490677,0.7428445739000002,0.3292542143628999
2024-03-11,0.7533021768520453,0.7277005739000002,0.31572494336289997
2024-03-12,0.7604924251439669,0.7346077739000002,0.32189566316289997
2024-03-13,0.7599790927569947,0.7341296723000003,0.594652608346
2024-03-14,0.7594661068693838,0.7435502211000004,0.33492814875099997
2024-03-15,0.7717809254751692,0.7547494211000003,0.344272481251
2024-03-16,0.7712599733504735,0.7542992199000003,0.6114822431260001
2024-03-17,0.7712599733504735,0.7542992199000003,0.6114822431260001
2024-03-18,0.7712599733504735,0.7542992199000003,0.6114822431260001
2024-03-19,0.7712599733504735,0.7542992199000003,0.6114822431260001
2024-03-20,0.770739372868462,0.7895060714000004,0.917293985551
2024-03-21,0.7702191237917757,0.7889784014000003,0.641669598816
2024-03-22,0.7702191237917757,0.7889784014000003,0.641669598816
2024-03-23,0.7702191237917757,0.7889784014000003,0.641669598816
2024-03-24,0.7702191237917757,0.7889784014000003,0.641669598816
2024-03-25,0.7696992258832163,0.7748818274000003,0.34115413701119995
2024-03-26,0.7691796789057451,0.7743428864000003,0.629446016688
2024-03-27,0.7686604826224838,0.7814776836500003,0.35244236804940005
2024-03-28,0.7628379450935245,0.7761676836500002,0.34778667804940006
2024-03-29,0.7623230294805864,0.7756856436500003,0.630623318773
2024-03-30,0.7623230294805864,0.7756856436500003,0.630623318773
2024-03-31,0.761808461435687,0.7626002745500003,0.3350835129418
2024-04-01,0.7751751173445788,0.7754045745500002,0.34659031054180006
2024-04-02,0.7741294158009699,0.7541394141500004,0.775639570121
2024-04-03,0.7775835219999002,0.7570671141500003,0.777086504521
2024-04-04,0.7770586531225503,0.7566189213500003,0.6208954322122
2024-04-05,0.7765341385316926,0.7551204738500003,0.8990290164149
2024-04-06,0.7800594265837045,0.7584694738500004,0.9018391623149
2024-04-07,0.790825300506267,0.7687534738500003,0.9104684667149
2024-04-08,0.7897584870612003,0.7435576738500004,0.1916775056118
2024-04-09,0.7886931127341359,0.7254822607000003,0.6824503353797999
2024-04-10,0.7876291755837215,0.7210096765000005,0.2850769780293
2024-04-11,0.7919461455988971,0.7248985765000004,0.28885914932929996
2024-04-12,0.8190096858829676,0.7488502765000005,0.31215350822929994
2024-04-13,0.8179048520543326,0.7246414581500006,0.7489891027498001
2024-04-14,0.835992614324265,0.7394114581500005,0.7553963287498
2024-04-15,0.8297396909672102,0.7341704581500005,0.7531227829498001
2024-04-16,0.8275842275436059,0.7323804581500005,0.7523462809497999
2024-04-17,0.8155523982043568,0.7224204581500004,0.7480256329498001
2024-04-18,0.8150019003355689,0.7219739691500007,0.6073540588723
2024-04-19,0.8144517740528423,0.7207205416500007,0.8795337310140001
2024-04-20,0.8139020191053566,0.7202623051500006,0.605826741085
2024-04-21,0.8139020191053566,0.7202623051500006,0.605826741085
2024-04-22,0.8139020191053566,0.7202623051500006,0.605826741085
2024-04-23,0.8133526352424606,0.7217205061500006,0.8796913575973001
2024-04-24,0.804344702488349,0.7138005061500006,0.8729411415973
2024-04-25,0.8038017698141694,0.7133296801500006,0.5999180647975
2024-04-26,0.8038017698141694,0.7133296801500006,0.5999180647975
2024-04-27,0.8032592036195448,0.7004611831500007,0.318858211135
2024-04-28,0.8023360888422312,0.6996301831500007,0.318141473635
2024-04-29,0.8075388975500714,0.7043311831500008,0.322196086135
2024-04-30,0.8069938087942251,0.7038478911500007,0.5917408855787001
2024-05-01,0.8069938087942251,0.7038478911500007,0.5917408855787001
2024-05-02,0.8069938087942251,0.7038478911500007,0.5917408855787001
2024-05-03,0.8069938087942251,0.7038478911500007,0.5917408855787001
2024-05-04,0.8064490879732891,0.7048457666500008,0.8588660333705
2024-05-05,0.8059047348389071,0.7043784476500008,0.5921964744452
2024-05-06,0.8059047348389071,0.7043784476500008,0.5921964744452
2024-05-07,0.8059047348389071,0.7043784476500008,0.5921964744452
2024-05-08,0.8059047348389071,0.7043784476500008,0.5921964744452
2024-05-09,0.8053607491428909,0.7101135066500008,0.8638317242774001
2024-05-10,0.8042743275593066,0.7217930816500007,0.22375254840109998
2024-05-11,0.803731442388204,0.7213567541500007,0.6119147840064
2024-05-12,0.803188923664592,0.7190657946000006,0.3345970587315
2024-05-13,0.8004754420102159,0.7166479946000007,0.33251819033149993
2024-05-14,0.799935121086859,0.7161601908000007,0.6074476315738
2024-05-15,0.799935121086859,0.7161601908000007,0.6074476315738
2024-05-16,0.799935121086859,0.7161601908000007,0.6074476315738
2024-05-17,0.799935121086859,0.7161601908000007,0.6074476315738
2024-05-18,0.799935121086859,0.7161601908000007,0.6074476315738
2024-05-19,0.7993951648801254,0.7208539508000007,0.33819944651930006
2024-05-20,0.7988555731438314,0.7203934538000007,0.6111538255964
2024-05-21,0.7983163456319593,0.7097193270000006,0.3261276908921
2024-05-22,0.8032488801893478,0.7138849270000006,0.3300355443921
2024-05-23,0.80270668719522,0.7134360970000005,0.6046269552483999
2024-05-24,0.80270668719522,0.7134360970000005,0.6046269552483999
2024-05-25,0.80270668719522,0.7134360970000005,0.6046269552483999
2024-05-26,0.8021648601813632,0.7068763578000006,0.3266080979841
2024-05-27,0.8016233989007409,0.7064162530000005,0.5982625913577
2024-05-28,0.8010823031064829,0.7098759222000006,0.3320310616292
2024-05-29,0.800001653093121,0.7027910398000006,0.7470548128592001
2024-05-30,0.7994616519772831,0.7023394386000006,0.5974176926592
2024-05-31,0.7994616519772831,0.7023394386000006,0.5974176926592
2024-06-01,0.7989220153621985,0.7061389166000005,0.8696595536437
2024-06-02,0.7957661866552067,0.7034581166000007,0.8672662694437
2024-06-03,0.7943627580835325,0.7022717166000005,0.8662071108437001
2024-06-04,0.7985328385294739,0.7057893166000005,0.8693474482436999
2024-06-05,0.8037620902300497,0.7102285166000006,0.8733105440437
2024-06-06,0.8032195508191444,0.7097634846000005,0.6040462228544
2024-06-07,0.8026773776223415,0.6984295922000004,0.8657888475408001
2024-06-08,0.8029021600947559,0.6986127922000005,0.8659519871408
2024-06-09,0.8018190551170651,0.6956858834000005,0.20075654181419997
2024-06-10,0.8012778272548611,0.6952409630000005,0.58984566904
2024-06-11,0.800736964721464,0.6810814050000005,0.8424694420783001
2024-06-12,0.800196467270277,0.6806624246000005,0.5766634014091
2024-06-13,0.7996563346548696,0.6875359718000006,0.3234403346151
2024-06-14,0.7991165666289776,0.6871196702000005,0.5825466798575
2024-06-15,0.7991165666289776,0.6871196702000005,0.5825466798575
2024-06-16,0.798577162946503,0.6822851246000006,0.31597461154409995
2024-06-17,0.8098252563908579,0.6913571246000005,0.32430610954409994
2024-06-18,0.8092786243427941,0.6909359774000006,0.5860507473843
2024-06-19,0.8092786243427941,0.6909359774000006,0.5860507473843
2024-06-20,0.8087323612713627,0.6943153166000006,0.32547081520679993
2024-06-21,0.8081864669275046,0.6938931642000005,0.5887913236578001
2024-06-22,0.8081864669275046,0.6938931642000005,0.5887913236578001
2024-06-23,0.8076409410623285,0.6994634542000006,0.32910228365410005
2024-06-24,0.8070957834271115,0.6990531286000005,0.593683082076
2024-06-25,0.8065509937732982,0.7022969099500006,0.8637092324760001
2024-06-26,0.8060065718525012,0.7018397455000006,0.596149192153
2024-06-27,0.8054625174165008,0.7085450902000006,0.8703593345703999
2024-06-28,0.8049188302172446,0.7080792943000006,0.6016686273295
2024-06-29,0.8049188302172446,0.7080792943000006,0.6016686273295
2024-06-30,0.804375510006848,0.7023043142500006,0.3257742255007
2024-07-01,0.8038325565375934,0.7018412570500006,0.5961110122855
2024-07-02,0.8038325565375934,0.7018412570500006,0.5961110122855
2024-07-03,0.8038325565375934,0.7018412570500006,0.5961110122855
2024-07-04,0.8032899695619306,0.6802068658000006,0.844797644668
2024-07-05,0.8027477488324762,0.6797929603000006,0.5761654661377
2024-07-06,0.8022058941020144,0.6878589048000006,0.8424444097291
2024-07-07,0.8016644051234956,0.6873980813000007,0.5827768022616
2024-07-08,0.8016644051234956,0.6873980813000007,0.5827768022616
2024-07-09,0.8011232816500372,0.6917004548000006,0.8487677891704001
2024-07-10,0.8005825234349234,0.6912396973000006,0.5861164185235
2024-07-11,0.8005825234349234,0.6912396973000006,0.5861164185235
2024-07-12,0.8005825234349234,0.6912396973000006,0.5861164185235
2024-07-13,0.8005825234349234,0.6912396973000006,0.5861164185235
2024-07-14,0.8005825234349234,0.6912396973000006,0.5861164185235
2024-07-15,0.8005825234349234,0.6912396973000006,0.5861164185235
2024-07-16,0.8005825234349234,0.6912396973000006,0.5861164185235
2024-07-17,0.8005825234349234,0.6912396973000006,0.5861164185235
2024-07-18,0.8000421302316049,0.6942907859500004,0.8524932863135
2024-07-19,0.7989628833984491,0.6864189386500005,0.19550295611200003
2024-07-20,0.7984235834521551,0.6859461443500006,0.5785476672393
2024-07-21,0.7984235834521551,0.6859461443500006,0.5785476672393
2024-07-22,0.7984235834521551,0.6859461443500006,0.5785476672393
2024-07-23,0.7984235834521551,0.6859461443500006,0.5785476672393
2024-07-24,0.7984235834521551,0.6859461443500006,0.5785476672393
2024-07-25,0.797884647533325,0.6710456233000006,0.8259573146505
2024-07-26,0.7968083111173607,0.6612652324000006,0.18141070227949996
2024-07-27,0.7962704655073565,0.6608243030500006,0.5525042760542
2024-07-28,0.795732982943139,0.6585975014500005,0.30199633745649995
2024-07-29,0.794659549095811,0.6621107333500005,0.6879476943011
2024-07-30,0.7935875632973252,0.6643592340500005,0.24544018240349996
2024-07-31,0.798673837498681,0.6680944340500006,0.24979776010349997
2024-08-01,0.7975964364753183,0.6645858041000006,0.6701263106770999
2024-08-02,0.7970580588806975,0.6641526800000004,0.5575360423281001
2024-08-03,0.796520044690953,0.6550884650000004,0.8008066021547001
2024-08-04,0.770045773041444,0.6336544650000003,0.7828106157547
2024-08-05,0.73536276931073,0.6067544650000003,0.7602253757547
2024-08-06,0.7410093374370238,0.6108814650000003,0.7636904049546999
2024-08-07,0.7249511779608094,0.5990354650000004,0.7537445033547
2024-08-08,0.7723483665238629,0.6330534650000004,0.7823060161547001
2024-08-09,0.7713064782317768,0.6406179880000004,0.18950621040729995
2024-08-10,0.7702659954339731,0.6409963526500004,0.6265514243538
2024-08-11,0.7697460658870552,0.6405670056000003,0.5411338989676
2024-08-12,0.7697460658870552,0.6405670056000003,0.5411338989676
2024-08-13,0.7697460658870552,0.6405670056000003,0.5411338989676
2024-08-14,0.7697460658870552,0.6405670056000003,0.5411338989676
2024-08-15,0.7692264872925815,0.6310590326000004,0.7759358706860999
2024-08-16,0.7681888103765548,0.6277429826500004,0.1792875340355
2024-08-17,0.7676702829295506,0.6273142802000004,0.5279266049651
2024-08-18,0.7671521054885732,0.6271733032000004,0.29023424897440003
2024-08-19,0.7666342778173684,0.6267817027000004,0.5274424387599
2024-08-20,0.7661167996798417,0.6327514287000005,0.2954705111191
2024-08-21,0.7655996708400579,0.6323657022000003,0.5324710477605
2024-08-22,0.7650828910622408,0.6327082967000004,0.29316876466139996
2024-08-23,0.764050803805734,0.6458796967000003,0.6711905468114
2024-08-24,0.7635350695131651,0.6454654597000002,0.539043062753
2024-08-25,0.7630196833412437,0.6428574997000003,0.7793143554249999
2024-08-26,0.7548600515411577,0.6363354997000003,0.7735958658250001
2024-08-27,0.7538417547673792,0.6578607217000003,0.2110578850362
2024-08-28,0.7533329115829113,0.6574923247000003,0.5586941793140999
2024-08-29,0.7528244118675929,0.6571897169000004,0.3070027197159
2024-08-30,0.752997399252637,0.6573316169000004,0.30713104891590004
2024-08-31,0.7524891260081414,0.6569149935500004,0.5581710687081
2024-09-01,0.751981195848086,0.6661101284000003,0.3153635653867
2024-09-02,0.7509667826146519,0.6787364586500003,0.7144283289876999
2024-09-03,0.7359546406411819,0.6652136586500003,0.7078325832876999
2024-09-04,0.7394549071587669,0.6682880586500003,0.7093321218877
2024-09-05,0.7389557750964347,0.6678471180500003,0.56720814161
2024-09-06,0.7384569799482447,0.6501853986500002,0.8065846008598999
2024-09-07,0.7457062251898601,0.6560065986500002,0.8118149490598999
2024-09-08,0.7492033691755053,0.6588481986500002,0.8143681266599
2024-09-09,0.7583518547104549,0.6663241986500004,0.8210853126598999
2024-09-10,0.7626121752830992,0.6698569986500004,0.8242595334599
2024-09-11,0.7620974120647831,0.6694272252500003,0.56862354866
2024-09-12,0.7620974120647831,0.6694272252500003,0.56862354866
2024-09-13,0.7615829963116394,0.6597190830500004,0.3039686411178
2024-09-14,0.7605556303694025,0.6562589454500005,0.6948271572775001
2024-09-15,0.7600422553189032,0.6558239484500005,0.55784358118
2024-09-16,0.759529226796563,0.6529784754500004,0.806294556079
2024-09-17,0.7585046313637297,0.6466348158500005,0.1842606544166
2024-09-18,0.7536426756242153,0.6426340158500005,0.17898893361660004
2024-09-19,0.7531339668181689,0.6422067084500005,0.5412496180992
2024-09-20,0.7531339668181689,0.6422067084500005,0.5412496180992
2024-09-21,0.7531339668181689,0.6422067084500005,0.5412496180992
2024-09-22,0.7526256013905667,0.6383152274500006,0.7815152739822
2024-09-23,0.7612766212628264,0.6455642274500005,0.7876617669821999
2024-09-24,0.7602496686167005,0.6441147878500005,0.18793274764739995
2024-09-25,0.7597365000903843,0.6437169878500005,0.5418365811674
2024-09-26,0.7597365000903843,0.6437169878500005,0.5418365811674
2024-09-27,0.7597365000903843,0.6437169878500005,0.5418365811674
2024-09-28,0.7592236779528233,0.6413509598500006,0.783512281664
2024-09-29,0.758199494701561,0.6423107868500005,0.18854229524100002
2024-09-30,0.7576877100426375,0.6419123418500006,0.540597359664
2024-10-01,0.7576877100426375,0.6419123418500006,0.540597359664
2024-10-02,0.7576877100426375,0.6419123418500006,0.540597359664
2024-10-03,0.7571762708383587,0.6397758018500005,0.782035236389
2024-10-04,0.766553529864963,0.6475326018500005,0.788689924389
2024-10-05,0.766559247142614,0.6475374018500005,0.788694042389
2024-10-06,0.7655251683002092,0.6436265706500006,0.18587260748770001
2024-10-07,0.7644924844172368,0.6409152984500005,0.6231927346969
2024-10-08,0.7639764519902552,0.6405157097000005,0.5394183246594
2024-10-09,0.7639764519902552,0.6405157097000005,0.5394183246594
2024-10-10,0.7639764519902552,0.6405157097000005,0.5394183246594
2024-10-11,0.7639764519902552,0.6405157097000005,0.5394183246594
2024-10-12,0.7634607678851618,0.6441437654500004,0.7854494111199001
2024-10-13,0.7624474840762892,0.6433407654500005,0.7847226961198999
2024-10-14,0.7848441220983381,0.6610606654500004,0.8007592056199
2024-10-15,0.7843143523159217,0.6606258019000004,0.5576179551139
2024-10-16,0.7843143523159217,0.6606258019000004,0.5576179551139
2024-10-17,0.7843143523159217,0.6606258019000004,0.5576179551139
2024-10-18,0.7837849401281085,0.6562249752500002,0.3028234178939
2024-10-19,0.7832558852935221,0.6557891921000004,0.5533824040044
2024-10-20,0.782727187570949,0.6444051612000004,0.29462793648389995
2024-10-21,0.7821988467193386,0.6439519095000004,0.5432595120757
2024-10-22,0.7821988467193386,0.6439519095000004,0.5432595120757
2024-10-23,0.781670862497803,0.6542938141500004,0.3075699883249
2024-10-24,0.7811432346656171,0.6538762789000004,0.5516717712625
2024-10-25,0.7806159629822178,0.6639398395500005,0.3123892202101
2024-10-26,0.7795629218058543,0.6681308050500004,0.7030503529821001
2024-10-27,0.7831217796272361,0.6711524050500005,0.7045009727821
2024-10-28,0.7825931724259877,0.6706999072500005,0.5637101503658
2024-10-29,0.7820649220346002,0.6622684380500006,0.3024632073584
2024-10-30,0.7793873968627713,0.6600596380500005,0.3004785001584
2024-10-31,0.7788613103698889,0.6596219453000006,0.5537560950448001
2024-11-01,0.7783355789853893,0.6584584142500006,0.8019021574775
2024-11-02,0.7758309670695916,0.6564828142500007,0.8001250154775
2024-11-03,0.7747843807929019,0.6596551229500008,0.1952140082914
2024-11-04,0.7832861392518953,0.6662463229500007,0.20386585709140004
2024-11-05,0.7822294960411212,0.6683075337500007,0.6559290929851
2024-11-06,0.7817014911312935,0.6678704799500007,0.56404274147
2024-11-07,0.7817014911312935,0.6678704799500007,0.56404274147
2024-11-08,0.7817014911312935,0.6678704799500007,0.56404274147
2024-11-09,0.7811738426247798,0.6509351619500007,0.29570680467579996
2024-11-10,0.7746357276053603,0.6451191619500006,0.29072307427579996
2024-11-12,0.7679828913078369,0.6390401619500007,0.28551397917579996
2024-11-13,0.7674645028562042,0.6385522634500007,0.5389208199365
2024-11-14,0.7669464643167763,0.6266134619500007,0.771348377669
2024-11-15,0.7664287754533624,0.6262011215500006,0.5284833456717
2024-11-16,0.7659114360299314,0.6296510353000007,0.7692492819567
2024-11-17,0.7596850094016938,0.6245543353000007,0.7648933023567001
2024-11-18,0.7743884827496499,0.6364694353000007,0.7750767411567
2024-11-19,0.7738657705237939,0.6360360205000006,0.5368889059743
2024-11-20,0.7738657705237939,0.6360360205000006,0.5368889059743
2024-11-21,0.7733434111286903,0.6614847287500006,0.8007334081190999
2024-11-22,0.7728214043261785,0.6610556056000005,0.558737594267
2024-11-23,0.7722997498782583,0.6659592008000007,0.8147833811045
2024-11-24,0.7688871579050702,0.6632912008000007,0.8122654561045001
2024-11-25,0.7678499387401457,0.6581688856000005,0.18853250537519997
2024-11-26,0.7668141187709095,0.6501704272000005,0.6359840919376
2024-11-27,0.7662965192407392,0.6497711668000006,0.5510180478909
2024-11-28,0.7662965192407392,0.6497711668000006,0.5510180478909
2024-11-29,0.7657792690902516,0.6483077772000005,0.3017988837158
2024-11-30,0.7551157741269998,0.6394093772000006,0.29409843081579995
2024-12-01,0.7546105269659957,0.6389685772000006,0.2937169735158
2024-12-02,0.7605561317824486,0.6441669772000006,0.29821553891579994
2024-12-03,0.7633194694582737,0.6465221772000006,0.30025367011579995
2024-12-04,0.7628042288163893,0.6460873576000006,0.5478308648429
2024-12-05,0.7622893359619383,0.6494241799000006,0.3043536293292
2024-12-06,0.761774790660164,0.6490272134000005,0.5505267106858
2024-12-07,0.761774790660164,0.6490272134000005,0.5505267106858
2024-12-08,0.7612605926764684,0.6480822344000005,0.30194292819689994
2024-12-09,0.7607467417764118,0.6476607668500004,0.5493176025538999
2024-12-10,0.7607467417764118,0.6476607668500004,0.5493176025538999
2024-12-11,0.7602332377257127,0.6633877576500005,0.8099146754159
2024-12-12,0.7592076925909362,0.6590203086500005,0.1925421540511
2024-12-13,0.7586952273984374,0.6586128540500005,0.5564546728341
2024-12-14,0.7586952273984374,0.6586128540500005,0.5564546728341
2024-12-15,0.7586952273984374,0.6586128540500005,0.5564546728341
2024-12-16,0.7581831081199435,0.6563590115500004,0.3040031331691
2024-12-17,0.7576713345219626,0.6559406117500005,0.5540397292927
2024-12-18,0.7571599063711603,0.6741107767000004,0.3213501126355
2024-12-19,0.7561385071219644,0.6565975594500004,0.7063999811785
2024-12-20,0.7556281136296571,0.6561867566500004,0.561578336934
2024-12-21,0.7556281136296571,0.6561867566500004,0.561578336934
2024-12-22,0.755118064652957,0.6512414434500003,0.809621428326
2024-12-23,0.7696121057055633,0.6624366434500003,0.820217685126
2024-12-24,0.7768236335124802,0.6681350434500002,0.825611220726
2024-12-25,0.7757757081411673,0.6669985682500004,0.2000246139409001
2024-12-26,0.7747291964080811,0.6531523930500004,0.6566710280797
2024-12-27,0.7746183265622336,0.6530675930500004,0.6566437330797
2024-12-28,0.7819882768030252,0.6587035930500004,0.6584578205797
2024-12-29,0.7814604347161832,0.6582944894500004,0.5683116074722
2024-12-30,0.7814604347161832,0.6582944894500004,0.5683116074722
2024-12-31,0.7809329489227498,0.6560088774500005,0.821874343214
2025-01-01,0.780405819182227,0.6556092878500004,0.5657554516000001
2025-01-02,0.780405819182227,0.6556092878500004,0.5657554516000001
2025-01-03,0.780405819182227,0.6556092878500004,0.5657554516000001
2025-01-04,0.779879045254279,0.6590235398500004,0.8233402469223999
2025-01-05,0.7793526268987323,0.6585840222500005,0.5683805785407999
2025-01-06,0.7788265638755757,0.6540870270500004,0.3086696856624
2025-01-07,0.7783008559449597,0.6536447406500006,0.5640364803736
2025-01-08,0.7777755028671969,0.6575584162500006,0.31388645072589993
2025-01-09,0.7890520758662936,0.6661296162500006,0.3219337361259
2025-01-10,0.7838355997905094,0.6623472162500005,0.3183825353259
2025-01-11,0.7820727906070221,0.6610416162500005,0.31715674012589995
2025-01-12,0.7815448914733624,0.6606469942500006,0.5706122234223
2025-01-13,0.7810173486716179,0.6485457247500006,0.8168217386358
2025-01-14,0.7908624347763074,0.6564522247500006,0.8237293841357999
2025-01-15,0.8157890291139378,0.6767751247500007,0.8414848244358
2025-01-16,0.814688539911026,0.6873259232000005,0.22072511615579998
2025-01-17,0.8141386251465861,0.6869298916000007,0.5988651579501
2025-01-18,0.8141386251465861,0.6869298916000007,0.5988651579501
2025-01-19,0.8141386251465861,0.6869298916000007,0.5988651579501
2025-01-20,0.8135890815746122,0.6927095800000007,0.8737244344460999
2025-01-21,0.8130399089445494,0.6922672466500007,0.6038372032141001
2025-01-22,0.8130399089445494,0.6922672466500007,0.6038372032141001
2025-01-23,0.8130399089445494,0.6922672466500007,0.6038372032141001
2025-01-24,0.8130399089445494,0.6922672466500007,0.6038372032141001
2025-01-25,0.8124911070060118,0.6909835843000008,0.3309296494732
2025-01-26,0.8221233548513505,0.6988504843000009,0.3381086327732001
2025-01-27,0.8215684215868259,0.6984143668000007,0.6094476119257
2025-01-28,0.8210138629022548,0.6885313318000008,0.8742454856890001
2025-01-29,0.8204596785447957,0.6881160772000007,0.5995827139822
2025-01-30,0.819905868261778,0.6996946843000008,0.8805615769428999
2025-01-31,0.8260031392001742,0.7045222843000007,0.8852116285429
2025-02-01,0.8254455870812141,0.7040768518000007,0.6149556185604
2025-02-02,0.8248884113099343,0.6787914173000008,0.8692233780563999
2025-02-03,0.8262655022648869,0.6798554173000009,0.8701682100564
2025-02-04,0.8070641699557414,0.6649894173000008,0.8569672020564
2025-02-05,0.8065194016410213,0.6645829083000007,0.5798832260604
2025-02-06,0.8059750010449136,0.6743398583000008,0.32807184834540004
2025-02-07,0.8048877508431915,0.6663870014000007,0.7325039626415999
2025-02-08,0.8063154525327639,0.6675233014000008,0.7330719060416
2025-02-09,0.8056369313632014,0.6669821014000008,0.7328014044416
2025-02-10,0.8103196862480018,0.6707133014000007,0.7346663260416
2025-02-11,0.8022371739394848,0.6642277014000008,0.7314247052416
2025-02-12,0.821128392335738,0.6791998014000007,0.7389080330416
2025-02-13,0.8205741306709113,0.6787481733000008,0.5910472561058
2025-02-14,0.8200202431327085,0.6838310775000008,0.8616236775848001
2025-02-15,0.8155497282573021,0.6801999775000008,0.8583408330847999
2025-02-16,0.8144495618682547,0.6828042033000009,0.2096688853795
2025-02-17,0.8138998084139937,0.6823642016500009,0.5953595753795
2025-02-18,0.8138998084139937,0.6823642016500009,0.5953595753795
2025-02-19,0.8133504260433142,0.6867085592500008,0.8672322072059
2025-02-20,0.8164264949025588,0.6892176592500009,0.8695205064059
2025-02-21,0.8153251457662666,0.6966744954500008,0.22018841985240004
2025-02-22,0.8142252823361922,0.7069218116500008,0.7136167084846001
2025-02-23,0.8217244115372846,0.7131401116500008,0.7157218856845999
2025-02-24,0.8206159155776759,0.7458996934500007,0.3289141832915
2025-02-25,0.820061999834661,0.7454862705500007,0.6505581334521
2025-02-26,0.820061999834661,0.7454862705500007,0.6505581334521
2025-02-27,0.8195084579847726,0.7409806491500007,0.9392818955989
2025-02-28,0.8083059699965356,0.7311708491500007,0.9304979203989
2025-03-01,0.8050549868690496,0.7283722491500008,0.9279919739988999
2025-03-02,0.8541711134116144,0.7704450491500007,0.9656651611989
2025-03-03,0.8535945479100616,0.7699164539500007,0.6724348731541001
2025-03-04,0.8530183715902223,0.7729688835500007,0.9777190143503
2025-03-05,0.8524425841893989,0.7724479611500008,0.6746621380923999
2025-03-06,0.8524425841893989,0.7724479611500008,0.6746621380923999
2025-03-07,0.8524425841893989,0.7724479611500008,0.6746621380923999
2025-03-08,0.851867185445071,0.7818733883500009,0.9866135115268
2025-03-09,0.8199099845267974,0.7524909883500008,0.9605696867268
2025-03-10,0.7916441644109581,0.7277405883500008,0.9386315509268
2025-03-11,0.8027449558674398,0.7370365883500009,0.9468712929268
2025-03-12,0.7998571182470918,0.7345773883500009,0.9446915195268
2025-03-13,0.791651541405361,0.7276205883500008,0.9385251859268
2025-03-14,0.8006409592469994,0.7351453883500008,0.9451949805268
2025-03-15,0.8054453329556363,0.7392221883500008,0.9488085541268
2025-03-16,0.8049016573558913,0.7387558859500009,0.6447997410097001
2025-03-17,0.804358348737176,0.7449746661500009,0.9405826807829
2025-03-18,0.8038154068517784,0.7444819993500008,0.6499818690211
2025-03-19,0.8038154068517784,0.7444819993500008,0.6499818690211
2025-03-20,0.8038154068517784,0.7444819993500008,0.6499818690211
2025-03-21,0.8038154068517784,0.7444819993500008,0.6499818690211
2025-03-22,0.8038154068517784,0.7444819993500008,0.6499818690211
2025-03-23,0.8032728314521534,0.7399349073500009,0.35328431934270005
2025-03-24,0.7896774888591793,0.7278693073500009,0.34214173774270007
2025-03-25,0.7891444565541994,0.7273716113500007,0.6341804212702999
2025-03-26,0.7891444565541994,0.7273716113500007,0.6341804212702999
2025-03-27,0.7891444565541994,0.7273716113500007,0.6341804212702999
2025-03-28,0.7891444565541994,0.7273716113500007,0.6341804212702999
2025-03-29,0.7886117840460254,0.7152074237000007,0.9088005442746999
2025-03-30,0.7846635894734573,0.7117513237000008,0.9057404726747
2025-03-31,0.7875165326457165,0.7142333237000008,0.9079380646747
2025-04-01,0.8035898955688964,0.7282787237000007,0.9203740270747
2025-04-02,0.7826796611249585,0.7095600237000007,0.9038002698747001
2025-04-03,0.7870731547246406,0.7133646237000006,0.9071689074746999
2025-04-04,0.7869737133385482,0.7132779237000006,0.9070921422747
2025-04-05,0.7864425060820447,0.7128148513500007,0.6212932021681
2025-04-06,0.7864425060820447,0.7128148513500007,0.6212932021681
2025-04-07,0.7859116573904393,0.7068328573500007,0.8955780939766
2025-04-08,0.7677393107557766,0.6908788573500008,0.8814627924766
2025-04-09,0.8137248450998293,0.7300828573500007,0.9161485314766
2025-04-10,0.813175580829387,0.7295842473500008,0.6361281584333
2025-04-11,0.8126266873123272,0.7384289559500009,0.9303028337871
2025-04-12,0.8120781642983914,0.7379377754000008,0.6436079636049
2025-04-13,0.81153001153749,0.7467806954000007,0.3617802622709
2025-04-14,0.8055613844393837,0.7415606954000008,0.35718118127090004
2025-04-15,0.8050176305048872,0.7410737894000008,0.6463709487396
2025-04-16,0.8050176305048872,0.7410737894000008,0.6463709487396
2025-04-17,0.8044742436042964,0.7418938698500007,0.9379528054733
2025-04-18,0.8033890179056022,0.7398319806500008,0.22258633327429997
2025-04-19,0.8028467303185159,0.7393317890000007,0.6440312995534
2025-04-20,0.802304808775551,0.7336700540000006,0.928764864005
2025-04-21,0.8017632530296275,0.7331960830000006,0.6385171459634
2025-04-22,0.8017632530296275,0.7331960830000006,0.6385171459634
2025-04-23,0.8017632530296275,0.7331960830000006,0.6385171459634
2025-04-24,0.8012220628338325,0.7373285815000006,0.3548658965606
2025-04-25,0.8001412242863454,0.7390716349000006,0.8025692260806001
2025-04-26,0.7990618437765484,0.7315834045000006,0.27360326407929997
2025-04-27,0.8049474611099258,0.7369456045000006,0.2796348453793
2025-04-28,0.8038615970467318,0.7375970857000006,0.7665294845599
2025-04-29,0.8027771978005857,0.7370989123000007,0.29555010281159994
2025-04-30,0.8035533568105766,0.7377937123000006,0.2962901420116
2025-05-01,0.7945815074931073,0.7297873123000006,0.28776243641159993
2025-05-02,0.7940451649755494,0.7292930737000006,0.6321805557114
2025-05-03,0.7940451649755494,0.7292930737000006,0.6321805557114
2025-05-04,0.7935091844891909,0.7246301734500007,0.9124075669184
2025-05-05,0.7957924431182477,0.7265953734500008,0.9142021413183999
2025-05-06,0.7947189290598867,0.7262131641500008,0.2180108156726
2025-05-07,0.7936468631585716,0.7242498868500008,0.7264227292097001
2025-05-08,0.8718566852995252,0.7916378868500008,0.7478362572096999
2025-05-09,0.8706805615292648,0.7685007545000009,0.2915112847504
2025-05-10,0.8700928521502326,0.7679365201000009,0.6274944063609
2025-05-11,0.8700928521502326,0.7679365201000009,0.6274944063609
2025-05-12,0.8700928521502326,0.7679365201000009,0.6274944063609
2025-05-13,0.8700928521502326,0.7679365201000009,0.6274944063609
2025-05-14,0.8700928521502326,0.7679365201000009,0.6274944063609
2025-05-15,0.8695055394750312,0.7594978138500009,0.9028393113344999
2025-05-16,0.8689186232358855,0.759002300650001,0.6200556410445001
2025-05-17,0.8683321031652014,0.7665184372000009,0.34738823150130005
2025-05-18,0.8677459789955648,0.766035989650001,0.6260104870059
2025-05-19,0.8677459789955648,0.766035989650001,0.6260104870059
2025-05-20,0.8677459789955648,0.766035989650001,0.6260104870059
2025-05-21,0.8671602504597429,0.7690773890500009,0.9103244615080999
2025-05-22,0.8665749172906826,0.768580088350001,0.6281943582146
2025-05-23,0.8665749172906826,0.768580088350001,0.6281943582146
2025-05-24,0.8659899792215114,0.7685933392500011,0.9108968037797
2025-05-25,0.865405435985537,0.768100131600001,0.6277799574540001
2025-05-26,0.8648212873162467,0.7659908757500011,0.3434902235689
2025-05-27,0.8642375329473083,0.7654925038500011,0.6255567479758001
2025-05-28,0.8636541726125689,0.767482134450001,0.908801243675
2025-05-29,0.8630712060460555,0.7669996624500011,0.626884876377
2025-05-30,0.8624886329819744,0.7795738539500011,0.3551589093645
2025-05-31,0.8628798782258824,0.779905353950001,0.35543239686450007
2025-06-01,0.8622974343080799,0.779412573350001,0.6371255278695
2025-06-02,0.8622974343080799,0.779412573350001,0.6371255278695
2025-06-03,0.8622974343080799,0.779412573350001,0.6371255278695
2025-06-04,0.8617153835399219,0.777027302150001,0.3483772114431
2025-06-05,0.8611337256560325,0.7765190112500011,0.6346635516858
2025-06-06,0.8611337256560325,0.7765190112500011,0.6346635516858
2025-06-07,0.8605524603912147,0.782721981450001,0.9253850296692
2025-06-08,0.8599715874804507,0.7821934653500011,0.6393389604312
2025-06-09,0.8593911066589014,0.7577533202500011,0.3316123399752
2025-06-10,0.8588110176619067,0.757189302950001,0.6188557013792
2025-06-11,0.8588110176619067,0.757189302950001,0.6188557013792
2025-06-12,0.8582313202249849,0.772167039950001,0.352926471914
2025-06-13,0.8576520140838331,0.771691591550001,0.6310027814376
2025-06-14,0.8576520140838331,0.771691591550001,0.6310027814376
2025-06-15,0.8570730989743265,0.773364107850001,0.9164012699351
2025-06-16,0.8559169180772238,0.7727870430500011,0.21954134951910004
2025-06-17,0.8553391741575217,0.7722924366000011,0.6313000860931001
2025-06-18,0.8547618202149654,0.7736881835500011,0.9166087193865
2025-06-19,0.8542572936540477,0.7732578835500011,0.9162339280865
2025-06-20,0.8367523713235466,0.7583390835500011,0.9032396532864999
2025-06-21,0.8194095755338212,0.7439363835500012,0.8906949015865001
2025-06-22,0.808434144503968,0.735057383550001,0.8829612925865
2025-06-23,0.8385106268254703,0.7589851835500011,0.9038024063864999
2025-06-24,0.8443324625430253,0.7638198835500011,0.9080134300865
2025-06-25,0.839628847900491,0.7598808835500012,0.9045825610865
2025-06-26,0.8392005721651763,0.7595246835500012,0.9042723108865001
2025-06-27,0.8386341117789649,0.7590603385000012,0.6197692756402
2025-06-28,0.838068033753514,0.7567695038000013,0.3389837053267
2025-06-29,0.8280852556407589,0.7477465038000012,0.33156228782670005
2025-06-30,0.8303143017775291,0.7498395038000013,0.3332837803267
2025-07-01,0.8424441499429121,0.7611305038000014,0.3425706278267
2025-07-02,0.8418755001417007,0.7606243352000014,0.6210556663804
2025-07-03,0.841307234179105,0.7574193080500012,0.3389036699179999
2025-07-04,0.8407393517960341,0.7569129229500013,0.6179514456316
2025-07-05,0.8401718527335718,0.7575134833000013,0.8965509991619
2025-07-06,0.8390384714063823,0.7495268358000016,0.20535126918810004
2025-07-07,0.8431196208407961,0.7531369358000015,0.20980557718810006
2025-07-08,0.8419822630112771,0.7615864054000013,0.7096075912229001
2025-07-09,0.8408464394632532,0.7405820571000014,0.27646881638180004
2025-07-10,0.8402788681166156,0.7400436575500013,0.5952842382338
2025-07-11,0.8397116798806369,0.7402520069000015,0.8633420827491
2025-07-12,0.8377871412359782,0.7385954069000014,0.8619747853491
2025-07-13,0.8414394508507305,0.7417304069000014,0.8645623003491
2025-07-14,0.8403043595495261,0.7361422848000013,0.20114158731669995
2025-07-15,0.8397371541068301,0.7356452619000013,0.5896088311945
2025-07-16,0.8397371541068301,0.7356452619000013,0.5896088311945
2025-07-17,0.8397371541068301,0.7356452619000013,0.5896088311945
2025-07-18,0.8397371541068301,0.7356452619000013,0.5896088311945
2025-07-22,0.8391703315278081,0.7339987479000015,0.8694872914117
2025-07-23,0.8380383012402062,0.7425829031000014,0.2242499848927
2025-07-24,0.8374726253868691,0.7421468031000014,0.6149523923969
2025-07-25,0.8369073313647329,0.7400309634000013,0.3364535055659
2025-07-26,0.8353065157803271,0.7386062634000014,0.3352714794659
2025-07-27,0.8347426838821754,0.7381013634000014,0.6115945347659
2025-07-28,0.8347426838821754,0.7381013634000014,0.6115945347659
2025-07-29,0.8341792325705549,0.7380010446000015,0.3362943447659
2025-07-30,0.8336161615885698,0.7375460586000014,0.6110920137034
2025-07-31,0.8330534706794975,0.7460562182000015,0.3437864587424
2025-08-01,0.8319296919607193,0.7262008928500014,0.7640467173189001
2025-08-02,0.8218360641218649,0.7177408928500014,0.7601128173188999
2025-08-03,0.8330188700704,0.7269730928500014,0.7644057903189
2025-08-04,0.8570891827083226,0.7471708928500014,0.7737977673189
2025-08-05,0.8565106475099945,0.7466678725000014,0.6188624077284
2025-08-06,0.8559325028229253,0.7397886968500015,0.3344761332435
2025-08-07,0.8321613277494161,0.7193415968500013,0.31695069664349995
2025-08-08,0.8225178247975456,0.7102830968500013,0.3091865556435
2025-08-09,0.7994321157291174,0.6877785968500013,0.28989769864349996
2025-08-10,0.8003046381375998,0.6887082968500013,0.29069455484349993
2025-08-11,0.7997644325068569,0.6881347129000013,0.5686929862668
2025-08-12,0.7992245915149148,0.7134514753500013,0.8465131147485001
2025-08-13,0.7981464475312686,0.7030129599000011,0.19551391749519992
2025-08-14,0.813509653480075,0.7151995599000012,0.21237204749519994
2025-08-15,0.812960534463976,0.7147904865000011,0.5927188926252001
2025-08-16,0.812960534463976,0.7147904865000011,0.5927188926252001
2025-08-17,0.8124117861032129,0.7107955634000012,0.322559194113
2025-08-18,0.8118634081475932,0.7103261441000011,0.5888706294764
2025-08-19,0.8113154003470936,0.693228813500001,0.8388574834877
2025-08-20,0.8107677624518593,0.692800350850001,0.5734829811591
2025-08-21,0.8102204942122043,0.700101228350001,0.3216167689641
2025-08-22,0.8091275168932682,0.741682553450001,0.7446353409186
2025-08-23,0.8085813558193653,0.7411746656500011,0.5996408367487001
2025-08-24,0.8080355634041873,0.740680513150001,0.3293565936815001
2025-08-25,0.8387840939645365,0.764924713150001,0.35217846728150004
2025-08-26,0.8382179147011104,0.764531030650001,0.6216275256215
2025-08-27,0.8376521176086872,0.770604388150001,0.34717851920139997
2025-08-28,0.8372956611952617,0.7703061881500011,0.3469193834014
2025-08-29,0.8498673516661033,0.7808376881500011,0.35607125690140007
2025-08-30,0.8486959848173922,0.779903188150001,0.35525917640140003
2025-08-31,0.8481231150276405,0.7794441281500011,0.6345863999614
2025-09-01,0.8475506319249968,0.784343822250001,0.35359743669290006
2025-09-02,0.8465257303899157,0.7835325222500009,0.3528435071929
2025-09-03,0.835635636942526,0.774878422250001,0.34480137569290004
2025-09-04,0.8485308033296753,0.785556222250001,0.35472410269290006
2025-09-05,0.8473861458826187,0.785392094250001,0.7996078731137001
2025-09-06,0.846814160234148,0.7848754090500009,0.6397404040383
2025-09-07,0.84624256067599,0.7817900074500008,0.3492728226546
2025-09-08,0.8462301733006874,0.781778807450001,0.34926338805460005
2025-09-09,0.8456589679337094,0.7812631310500008,0.6366975093363
2025-09-10,0.8456589679337094,0.7812631310500008,0.6366975093363
2025-09-11,0.8450881481303542,0.7720189914500009,0.3425606523408
2025-09-12,0.8234176970411793,0.7517013914500008,0.3258240293408
2025-09-13,0.8228618900956765,0.7511368930500008,0.6118803607953
2025-09-14,0.8223064583198619,0.7550388953500007,0.339811261392
2025-09-15,0.8287760910744008,0.7606710953500007,0.344560815192
2025-09-16,0.8306014352498288,0.7622201953500007,0.34586714909200006
2025-09-17,0.8300407792810351,0.7617477573000008,0.6208283510335
2025-09-18,0.8294805017550204,0.7614759847500008,0.3412097527529999
2025-09-19,0.8391530196324027,0.7697933847500008,0.348444702553
2025-09-20,0.8380210126983314,0.7696814239500009,0.784415174693
2025-09-21,0.836890532827464,0.771207789350001,0.2766333486413
2025-09-22,0.8577548280000984,0.788438289350001,0.29603489164130004
2025-09-23,0.8609379464669255,0.790860989350001,0.2987628518413
2025-09-24,0.8597765519388659,0.7889852831000009,0.7851078024113001
2025-09-25,0.8339171332233316,0.7667924831000009,0.7761474594113
2025-09-26,0.8491355664814259,0.779358083100001,0.7812208204113
2025-09-27,0.8478878323102363,0.7783052831000009,0.7807957524113001
2025-09-28,0.8473155080234269,0.777823241900001,0.6461604532768
2025-09-29,0.8467435700555112,0.7832016971000011,0.9416440254888
2025-09-30,0.8403917572255786,0.7775832971000011,0.9367110702888
2025-10-01,0.8589320033547517,0.793831297100001,0.9509768142888
2025-10-02,0.8583522242524873,0.7933097951000011,0.6597569435328001
2025-10-03,0.8577728365011168,0.7907805166000011,0.3604505370953001
2025-10-04,0.8566157116668373,0.787989381400001,0.8179445896655999
2025-10-05,0.8554601477794952,0.7851190755000009,0.28460332061999993
2025-10-06,0.8548827121797441,0.7846445787500009,0.6521145443043
2025-10-07,0.8543056663490228,0.767586724650001,0.9302901516721
2025-10-08,0.8531532186839388,0.761200812950001,0.2098476535609
2025-10-09,0.8665489276584403,0.772249612950001,0.2247098679609
2025-10-10,0.8659640071322708,0.7717912008000011,0.6427059997317
2025-10-11,0.8659640071322708,0.7717912008000011,0.6427059997317
2025-10-12,0.8653794814274566,0.8077356271500011,0.9627758890650999
2025-10-13,0.8642120953242545,0.799502277150001,0.22979498733950007
2025-10-14,0.8749120631082505,0.8088342771500011,0.2419732473395
2025-10-15,0.8743214974656525,0.808338709950001,0.6745865337095001
2025-10-16,0.8737313304548632,0.799540696950001,0.9707031082265001
2025-10-17,0.8674649444926502,0.7939579969500009,0.9659764222265
2025-10-18,0.8732765218102769,0.799089796950001,0.9703213462265
2025-10-19,0.872687060158055,0.7985650506000009,0.6663107389835
2025-10-20,0.872687060158055,0.7985650506000009,0.6663107389835
2025-10-21,0.8720979963924483,0.788449382700001,0.9576652703357
2025-10-22,0.8652874447602446,0.7824031827000009,0.9526012419357001
2025-10-23,0.8705365879030698,0.7870183827000009,0.9564667283357
2025-10-24,0.8699489757062352,0.7864988280000009,0.656203854541
2025-10-25,0.8693617601476336,0.7875508440000011,0.9524958286832
2025-10-26,0.8687749409595339,0.7870757752000009,0.6567468210881999
2025-10-27,0.8687749409595339,0.7870757752000009,0.6567468210881999
2025-10-28,0.8681885178743862,0.7978535600000008,0.37087380337740006
2025-10-29,0.8670173424161302,0.789893082200001,0.8293966631926
2025-10-30,0.8664321057099993,0.789366530900001,0.6622527556754
2025-10-31,0.8658472640386451,0.792778952900001,0.9632496529214
2025-11-01,0.8684526259684352,0.795093752900001,0.9652653293214
2025-11-02,0.8672810942316616,0.791108875100001,0.2280926749059
2025-11-03,0.8666956794930551,0.790582628450001,0.6618122794099
2025-11-04,0.8661106599093974,0.761578038200001,0.9329924911669
2025-11-05,0.8824562155469815,0.7739782382000011,0.9443841415668999
2025-11-06,0.8818605576014873,0.7735161251000011,0.6461338516657
2025-11-07,0.8818605576014873,0.7735161251000011,0.6461338516657
2025-11-08,0.8818605576014873,0.7735161251000011,0.6461338516657
2025-11-09,0.8818605576014873,0.7735161251000011,0.6461338516657
2025-11-10,0.8818605576014873,0.7735161251000011,0.6461338516657
2025-11-11,0.8818605576014873,0.7735161251000011,0.6461338516657
2025-11-12,0.8818605576014873,0.7735161251000011,0.6461338516657
2025-11-13,0.8812653017251063,0.7546711076000011,0.9208393354815
2025-11-14,0.8666652152402334,0.7427791076000011,0.9107097298815
2025-11-15,0.8660802162199462,0.7423124276000012,0.6195536890575
2025-11-16,0.8660802162199462,0.7423124276000012,0.6195536890575
2025-11-17,0.8654956120739978,0.735450321600001,0.8921741883892
2025-11-18,0.8773389566161601,0.7446643216000012,0.9004769237892
2025-11-19,0.8649329364172219,0.734853321600001,0.8916362316891999
2025-11-20,0.8403345639271086,0.7157413216000011,0.8744144084892
2025-11-21,0.8312204117083332,0.7089133216000011,0.8682616976891999
2025-11-22,0.8318116515723412,0.709350321600001,0.8686554783892
2025-11-23,0.8360927302605543,0.712517321600001,0.8715092620891999
2025-11-24,0.8564394156662766,0.727663321600001,0.8851573226891999
2025-11-25,0.8572292213051925,0.7282683216000011,0.8857024881891999
2025-11-26,0.8566505915808116,0.727824585600001,0.6064977921796
2025-11-27,0.8566505915808116,0.727824585600001,0.6064977921796
2025-11-28,0.8560723524314946,0.728971514100001,0.8804670855876
2025-11-29,0.8554945035936034,0.7285170441000011,0.6071257895556
2025-11-30,0.8554945035936034,0.7285170441000011,0.6071257895556
2025-12-01,0.8554945035936034,0.7285170441000011,0.6071257895556
2025-12-02,0.8549170448036777,0.7497419599000009,0.8991715539753
2025-12-03,0.8543399757984352,0.749247845950001,0.6255319504266
2025-12-04,0.8543399757984352,0.749247845950001,0.6255319504266
2025-12-05,0.8543399757984352,0.749247845950001,0.6255319504266
2025-12-06,0.8543399757984352,0.749247845950001,0.6255319504266
2025-12-07,0.8543399757984352,0.749247845950001,0.6255319504266
2025-12-08,0.8543399757984352,0.749247845950001,0.6255319504266
2025-12-09,0.8543399757984352,0.749247845950001,0.6255319504266
2025-12-10,0.8543399757984352,0.749247845950001,0.6255319504266
2025-12-11,0.8537632963147713,0.7574524259500011,0.35100766341519996
2025-12-12,0.852611580300084,0.7412366919500011,0.7823309696996001
2025-12-13,0.8514614179359039,0.737344689950001,0.26819572381969997
2025-12-14,0.8577374041888387,0.742443689950001,0.2740177620197
2025-12-15,0.8571584314410112,0.7419853884500011,0.6255490910543
2025-12-16,0.8565798494997886,0.7412313522000011,0.9064066279293
2025-12-17,0.8560016581013763,0.740741715250001,0.6244759582293
2025-12-18,0.8554238569821578,0.739758536900001,0.9046074081893001
2025-12-19,0.8759867966433211,0.7563718369000011,0.9195941150893
2025-12-20,0.8757498828813485,0.756174936900001,0.9194164933893
2025-12-21,0.8751587517104036,0.7556849061500011,0.637954090293
2025-12-22,0.8751587517104036,0.7556849061500011,0.637954090293
2025-12-23,0.8745680195529991,0.7601616036500011,0.3547663533193
2025-12-24,0.8733882382267224,0.7573071179500009,0.7998862948732
2025-12-25,0.8675306796202182,0.752477017950001,0.7975208631732
2025-12-26,0.8708261555645708,0.755172017950001,0.7988406781732
2025-12-27,0.8736097275294965,0.7574589179500011,0.7999606354732
2025-12-28,0.8730200409634141,0.756972562300001,0.6400900215470999
2025-12-29,0.8730200409634141,0.756972562300001,0.6400900215470999
2025-12-30,0.8724307524357638,0.760422748050001,0.9312030267763
2025-12-31,0.8721903527391583,0.7602225480500009,0.9310245029763
2026-01-01,0.8764304768937267,0.763752448050001,0.9341722110763
2026-01-02,0.8923770402303919,0.777106448050001,0.9460803370763
2026-01-03,0.8917746857282364,0.776589907850001,0.6575843230211
2026-01-04,0.8911727378153699,0.7780388069500012,0.9547499813717
2026-01-05,0.9014289698810964,0.7868817069500011,0.9623613065716999
2026-01-06,0.910457352665229,0.7947742069500011,0.9691545965717
2026-01-07,0.8945512997424215,0.7807008069500011,0.9570412373717
2026-01-08,0.8866630592171034,0.7738731069500011,0.9511644497716999
2026-01-09,0.8860645616521319,0.7733596093500011,0.6548039141627
2026-01-10,0.8854664680730167,0.7730361279500011,0.3598537999614001
2026-01-11,0.8807489564668697,0.7690178279500011,0.35636701146140004
2026-01-12,0.8801544509212545,0.7685026979500011,0.6505884866114
2026-01-13,0.8801544509212545,0.7685026979500011,0.6505884866114
2026-01-14,0.8795603466668828,0.7651449959500012,0.3548603721093001
2026-01-15,0.8838414645601999,0.7687719959500011,0.35805430830930013
2026-01-16,0.8865069780032894,0.7709949959500012,0.3600118821093001
2026-01-17,0.8847997611792225,0.7695849959500012,0.35877023610930003
2026-01-18,0.8879404023029445,0.7721949959500012,0.36106860210930014
2026-01-19,0.8867425817994928,0.7617341649500011,0.8109699317475001
2026-01-20,0.8861440305567782,0.7612559634500011,0.648236107005
2026-01-21,0.8861440305567782,0.7612559634500011,0.648236107005
2026-01-22,0.8855458833361524,0.7640047529000011,0.35896360851369996
2026-01-23,0.8849481398649005,0.7635178032500012,0.6502475503296
2026-01-24,0.8849481398649005,0.7635178032500012,0.6502475503296
2026-01-25,0.8843507998704917,0.7480047084000011,0.9288800023884001
2026-01-26,0.9003808340371876,0.7604798084000012,0.9401212015884
2026-01-27,0.9136638261017554,0.7710420084000013,0.9496387039883999
2026-01-28,0.912431305021142,0.7717553848000012,0.23080451521019996
2026-01-29,0.9381309562015265,0.7924749848000011,0.25741413241020006
2026-01-30,0.9368654292682476,0.7776609398000011,0.7950674510152
2026-01-31,0.8970883127596622,0.747027339800001,0.7845856542152001
2026-02-01,0.8672133147650137,0.725266539800001,0.7771398338151999
2026-02-02,0.8803720606754879,0.7344477398000011,0.7802813344152001
2026-02-03,0.861232117863744,0.720849339800001,0.7756284152152001
2026-02-04,0.8464364245490065,0.710622939800001,0.7721292820152
2026-02-05,0.7893004579253698,0.671975739800001,0.7589054984151999
2026-02-06,0.8355419730952759,0.7004865398000011,0.7686609438152
2026-02-07,0.8398058889649386,0.7032933398000011,0.7696213372152
2026-02-08,0.8402896188962362,0.7036137398000011,0.7697309674152
2026-02-09,0.8430704681951977,0.7054569398000011,0.7703616490152001
2026-02-10,0.8282032549182284,0.6955629398000011,0.7669762520152
2026-02-11,0.8131887395874889,0.685790139800001,0.7636323256152
2026-02-12,0.8145241652805442,0.6866397398000011,0.7639230304152
2026-02-13,0.8334330981214109,0.698693739800001,0.7680475074151999
2026-02-14,0.8403621606071843,0.7032333398000011,0.7696008072152001
2026-02-15,0.8186091263869529,0.6888381398000011,0.7646752496152001
2026-02-16,0.8245841687570461,0.6926637398000011,0.7659842424152
2026-02-17,0.823345032209859,0.6918633398000011,0.7657103722152
2026-02-18,0.8166614647615522,0.6875541398000011,0.7642359076152
2026-02-19,0.8154169017165266,0.6867597398000012,0.7639640904152001
2026-02-20,0.8191274326477777,0.6891237398000011,0.7647729724152
2026-02-21,0.8200059388584151,0.689686539800001,0.7649655438152001
2026-02-22,0.8171007447920275,0.6878229398000011,0.7643278820152
2026-02-23,0.8165492017892929,0.6874694798000012,0.6483770897693
2026-02-24,0.8165492017892929,0.6874694798000012,0.6483770897693
2026-02-25,0.8159980310780851,0.7198892158000011,0.9720849665606
2026-02-26,0.8154472324071074,0.7193972534000012,0.6798299424656
2026-02-27,0.8148968055252326,0.7336712459000012,0.3882639696538
2026-02-28,0.8082453714491254,0.7284242459000012,0.38298373865380003
2026-03-01,0.8128596412615295,0.7321607459000012,0.3867439031538001
2026-03-02,0.7962323664070828,0.7189427459000012,0.3734421891538
2026-03-03,0.8041597636357474,0.7256687459000012,0.3802107871538
2026-03-04,0.7778426377030233,0.7040492459000013,0.3584543636538
2026-03-05,0.7767933377077949,0.6955953489500013,0.8208792125784
2026-03-06,0.7762690022048422,0.6951587932500013,0.6593452855335
2026-03-07,0.7757450206283539,0.6961043197500013,0.3635826713388
2026-03-08,0.781494564217758,0.7009673197500014,0.36844664393879994
2026-03-09,0.780967055386911,0.7005302242500013,0.6647192933701
2026-03-10,0.780967055386911,0.7005302242500013,0.6647192933701
2026-03-11,0.780967055386911,0.7005302242500013,0.6647192933701
2026-03-12,0.7804399026245249,0.6968257537500013,0.3620026347977
2026-03-13,0.7793870989513833,0.6986545837500014,0.8247746408817
2026-03-14,0.7783357154972366,0.6970716337500014,0.2891545943902
2026-03-17,0.777810338889276,0.6580840102500014,0.6597510037527
2026-03-18,0.7772853169105257,0.6439270492500014,0.9415295861579001
2026-03-19,0.7767606493216112,0.6435318964500014,0.6442068537605999
2026-03-20,0.7762363358833191,0.6420076672500014,0.3527275666694
2026-03-21,0.7751892027691668,0.6331487860500015,0.7961107369078
2026-03-22,0.7700789974235817,0.6291811860500015,0.7938522569078
2026-03-23,0.7866490972721797,0.6419419860500015,0.8011160969078
2026-03-24,0.7855879174730733,0.6405440960500015,0.28037404688379997
2026-03-25,0.7835032002916327,0.6388917960500015,0.2782438508838
2026-03-26,0.7824462642682293,0.6238983760500015,0.7569373561838
2026-03-27,0.7708889405160134,0.6151116760500015,0.7530340336838001
2026-03-28,0.771219888830488,0.6153586760500015,0.7531437586838001
2026-03-29,0.7706993154055274,0.6149699474500016,0.6277690734788
2026-03-30,0.7701790933676287,0.6200743747000016,0.9158643481400001
2026-03-31,0.7836611911470598,0.6303183747000015,0.9270878321399999
2026-04-01,0.7894104876325337,0.6347786747000016,0.93197460544
2026-04-02,0.7756515367451363,0.6240094747000016,0.9201757042400001
2026-04-03,0.7746051925177113,0.6236054464000015,0.22315590594979992
2026-04-04,0.7726508700917788,0.6221091464000015,0.22083779194980002
2026-04-05,0.7721293307544669,0.6217065825500014,0.6342844716468
2026-04-06,0.7716081434562077,0.6217138573500015,0.3488534509838
2026-04-07,0.74968142092786,0.6044238573500015,0.3308558909838
2026-04-08,0.7486701100620462,0.5975517798500015,0.7611532780187
2026-04-09,0.747660163441949,0.5967577866500015,0.26901857930280004
2026-04-10,0.7466515792272178,0.6025673754500015,0.7349476788525999
2026-04-11,0.752633543114003,0.6073613754500015,0.7371573133526
2026-04-12,0.7388079366376437,0.5961737754500014,0.7320007620526
2026-04-13,0.7658497600335512,0.6175553754500015,0.7418558978526
2026-04-14,0.7589201581964695,0.6118397754500015,0.7392214825525999
2026-04-15,0.7644669645414606,0.6163637754500014,0.7413066695525999
2026-04-16,0.7627242143679361,0.6149297754500015,0.7406457150526
