Date,Custom,Standard,NautilusTrader
2020-03-31,100000.0,100000.0,100000.0
2020-04-01,100000.0,100000.0,100000.0
2020-04-02,100000.0,100000.0,100000.0
2020-04-03,100000.0,100000.0,100000.0
2020-04-04,100000.0,100000.0,100000.0
2020-04-05,100000.0,100000.0,100000.0
2020-04-06,100000.0,100000.0,100000.0
2020-04-07,100000.0,100000.0,100000.0
2020-04-08,100000.0,100000.0,100000.0
2020-04-09,100000.0,100000.0,100000.0
2020-04-10,100000.0,100000.0,100000.0
2020-04-11,100000.0,100000.0,100000.0
2020-04-12,100000.0,100000.0,100000.0
2020-04-13,100000.0,100000.0,100000.0
2020-04-14,100000.0,100000.0,100000.0
2020-04-15,100000.0,100000.0,100000.0
2020-04-16,100000.0,100000.0,100000.0
2020-04-17,100000.0,100000.0,100000.0
2020-04-18,100000.0,100000.0,100000.0
2020-04-19,100000.0,100000.0,100000.0
2020-04-20,100000.0,100000.0,100000.0
2020-04-21,100000.0,100000.0,100000.0
2020-04-22,100000.0,100000.0,100000.0
2020-04-23,100000.0,100000.0,100000.0
2020-04-24,100000.0,100000.0,100000.0
2020-04-25,100000.0,100000.0,100000.0
2020-04-26,100000.0,100000.0,100000.0
2020-04-27,100000.0,100000.0,100000.0
2020-04-28,100000.0,100000.0,100000.0
2020-04-29,100000.0,100000.0,100000.0
2020-04-30,100000.0,100000.0,100000.0
2020-05-01,100000.0,100000.0,100000.0
2020-05-02,100000.0,100000.0,100000.0
2020-05-03,100000.0,100000.0,100000.0
2020-05-04,100000.0,100000.0,100000.0
2020-05-05,100000.0,100000.0,100000.0
2020-05-06,100000.0,100000.0,100000.0
2020-05-07,100000.0,100000.0,100000.0
2020-05-08,100000.0,100000.0,100000.0
2020-05-09,100000.0,100000.0,100000.0
2020-05-10,100000.0,100000.0,100000.0
2020-05-11,100000.0,100000.0,100000.0
2020-05-12,100000.0,100000.0,100000.0
2020-05-13,100000.0,100000.0,100000.0
2020-05-14,100000.0,100000.0,100000.0
2020-05-15,100000.0,100000.0,100000.0
2020-05-16,100000.0,100000.0,100000.0
2020-05-17,100000.0,100000.0,100000.0
2020-05-18,100000.0,100000.0,100000.0
2020-05-19,100000.0,100000.0,100000.0
2020-05-20,100000.0,100000.0,100000.0
2020-05-21,100000.0,100000.0,100000.0
2020-05-22,100000.0,100000.0,100000.0
2020-05-23,100000.0,100000.0,100000.0
2020-05-24,100000.0,100000.0,100000.0
2020-05-25,100000.0,100000.0,100000.0
2020-05-26,100000.0,100000.0,100000.0
2020-05-27,100000.0,100000.0,100000.0
2020-05-28,100000.0,100000.0,100000.0
2020-05-29,100000.0,100000.0,100000.0
2020-05-30,100000.0,100000.0,100000.0
2020-05-31,100000.0,100000.0,100000.0
2020-06-01,100000.0,100000.0,100000.0
2020-06-02,100000.0,100000.0,100000.0
2020-06-03,99290.18050077904,99392.84297,99953.967918608
2020-06-04,99221.26212941979,99389.0994544416,99303.170718608
2020-06-05,99221.26212941979,99389.0994544416,99303.170718608
2020-06-06,99221.26212941979,99389.0994544416,99303.170718608
2020-06-07,99221.26212941979,99389.0994544416,99303.170718608
2020-06-08,99221.26212941979,99389.0994544416,99303.170718608
2020-06-09,99221.26212941979,99389.0994544416,99303.170718608
2020-06-10,99221.26212941979,99389.0994544416,99303.170718608
2020-06-11,99221.26212941979,99389.0994544416,99303.170718608
2020-06-12,99221.26212941979,99389.0994544416,99303.170718608
2020-06-13,99221.26212941979,99389.0994544416,99303.170718608
2020-06-14,99221.26212941979,99389.0994544416,99303.170718608
2020-06-15,99221.26212941979,99389.0994544416,99303.170718608
2020-06-16,99221.26212941979,99389.0994544416,99303.170718608
2020-06-17,99221.26212941979,99389.0994544416,99303.170718608
2020-06-18,99221.26212941979,99389.0994544416,99303.170718608
2020-06-19,99221.26212941979,99389.0994544416,99303.170718608
2020-06-20,99221.26212941979,99389.0994544416,99303.170718608
2020-06-21,99221.26212941979,99389.0994544416,99303.170718608
2020-06-22,99221.26212941979,99389.0994544416,99303.170718608
2020-06-23,99221.26212941979,99389.0994544416,99303.170718608
2020-06-24,99221.26212941979,99389.0994544416,99303.170718608
2020-06-25,99221.26212941979,99389.0994544416,99303.170718608
2020-06-26,99221.26212941979,99389.0994544416,99303.170718608
2020-06-27,99221.26212941979,99389.0994544416,99303.170718608
2020-06-28,99221.26212941979,99389.0994544416,99303.170718608
2020-06-29,99221.26212941979,99389.0994544416,99303.170718608
2020-06-30,99221.26212941979,99389.0994544416,99303.170718608
2020-07-01,99221.26212941979,99389.0994544416,99303.170718608
2020-07-02,99221.26212941979,99389.0994544416,99303.170718608
2020-07-03,99221.26212941979,99389.0994544416,99303.170718608
2020-07-04,99221.26212941979,99389.0994544416,99303.170718608
2020-07-05,99221.26212941979,99389.0994544416,99303.170718608
2020-07-06,99221.26212941979,99389.0994544416,99303.170718608
2020-07-07,99221.26212941979,99389.0994544416,99303.170718608
2020-07-08,99221.26212941979,99389.0994544416,99303.170718608
2020-07-09,99221.26212941979,99389.0994544416,99303.170718608
2020-07-10,99221.26212941979,99389.0994544416,99303.170718608
2020-07-11,99221.26212941979,99389.0994544416,99303.170718608
2020-07-12,99221.26212941979,99389.0994544416,99303.170718608
2020-07-13,99221.26212941979,99389.0994544416,99303.170718608
2020-07-14,99221.26212941979,99389.0994544416,99303.170718608
2020-07-15,99221.26212941979,99389.0994544416,99303.170718608
2020-07-16,99221.26212941979,99389.0994544416,99303.170718608
2020-07-17,99221.26212941979,99389.0994544416,99303.170718608
2020-07-18,99221.26212941979,99389.0994544416,99303.170718608
2020-07-19,99221.26212941979,99389.0994544416,99303.170718608
2020-07-20,99221.26212941979,99389.0994544416,99303.170718608
2020-07-21,99221.26212941979,99389.0994544416,99303.170718608
2020-07-22,99221.26212941979,99389.0994544416,99303.170718608
2020-07-23,99221.26212941979,99389.0994544416,99303.170718608
2020-07-24,99221.26212941979,99389.0994544416,99303.170718608
2020-07-25,99221.26212941979,99389.0994544416,99303.170718608
2020-07-26,99221.26212941979,99389.0994544416,99303.170718608
2020-07-27,94355.40572602313,94980.52214444161,99325.65330140799
2020-07-28,95087.19631043346,95557.3534296112,99482.31662963198
2020-07-29,94320.87726216327,94936.9763269008,99577.197043332
2020-07-30,94426.39020298923,95035.5369970228,99667.44211913999
2020-07-31,93447.95416842427,94182.38215413562,99739.86145469999
2020-08-01,93371.52503466076,94237.79804414681,94055.8484547
2020-08-02,93371.52503466076,94237.79804414681,94055.8484547
2020-08-03,93371.52503466076,94237.79804414681,94055.8484547
2020-08-04,93371.52503466076,94237.79804414681,94055.8484547
2020-08-05,93371.52503466076,94237.79804414681,94055.8484547
2020-08-06,93371.52503466076,94237.79804414681,94055.8484547
2020-08-07,93371.52503466076,94237.79804414681,94055.8484547
2020-08-08,93371.52503466076,94237.79804414681,94055.8484547
2020-08-09,93371.52503466076,94237.79804414681,94055.8484547
2020-08-10,93371.52503466076,94237.79804414681,94055.8484547
2020-08-11,95157.61057462198,95722.41869414682,94035.11367871199
2020-08-12,95097.2135254592,95738.0837756044,95486.249228712
2020-08-13,95097.2135254592,95738.0837756044,95486.249228712
2020-08-14,95097.2135254592,95738.0837756044,95486.249228712
2020-08-15,95097.2135254592,95738.0837756044,95486.249228712
2020-08-16,95097.2135254592,95738.0837756044,95486.249228712
2020-08-17,95097.2135254592,95738.0837756044,95486.249228712
2020-08-18,95097.2135254592,95738.0837756044,95486.249228712
2020-08-19,95823.76898476097,96291.6961256044,95487.60276369599
2020-08-20,95761.36570509126,96329.80054370801,96005.907063696
2020-08-21,95761.36570509126,96329.80054370801,96005.907063696
2020-08-22,95761.36570509126,96329.80054370801,96005.907063696
2020-08-23,95761.36570509126,96329.80054370801,96005.907063696
2020-08-24,95761.36570509126,96329.80054370801,96005.907063696
2020-08-25,95761.36570509126,96329.80054370801,96005.907063696
2020-08-26,95761.36570509126,96329.80054370801,96005.907063696
2020-08-27,95761.36570509126,96329.80054370801,96005.907063696
2020-08-28,95761.36570509126,96329.80054370801,96005.907063696
2020-08-29,95761.36570509126,96329.80054370801,96005.907063696
2020-08-30,95761.36570509126,96329.80054370801,96005.907063696
2020-08-31,95761.36570509126,96329.80054370801,96005.907063696
2020-09-01,95761.36570509126,96329.80054370801,96005.907063696
2020-09-02,95761.36570509126,96329.80054370801,96005.907063696
2020-09-03,95761.36570509126,96329.80054370801,96005.907063696
2020-09-04,95761.36570509126,96329.80054370801,96005.907063696
2020-09-05,95761.36570509126,96329.80054370801,96005.907063696
2020-09-06,95761.36570509126,96329.80054370801,96005.907063696
2020-09-07,95761.36570509126,96329.80054370801,96005.907063696
2020-09-08,95761.36570509126,96329.80054370801,96005.907063696
2020-09-09,95761.36570509126,96329.80054370801,96005.907063696
2020-09-10,95761.36570509126,96329.80054370801,96005.907063696
2020-09-11,95761.36570509126,96329.80054370801,96005.907063696
2020-09-12,95761.36570509126,96329.80054370801,96005.907063696
2020-09-13,95761.36570509126,96329.80054370801,96005.907063696
2020-09-14,95761.36570509126,96329.80054370801,96005.907063696
2020-09-15,96210.78165708345,96767.95288870801,95954.91439715998
2020-09-16,96897.97957114957,97455.79103426082,95961.86668187998
2020-09-17,96840.35241297766,97406.66332532762,95960.77618267998
2020-09-18,96804.93774412828,97379.17282712442,95952.04214542398
2020-09-19,97411.31691610033,97959.47879785683,95964.57619003598
2020-09-20,96775.41183274917,97330.53278591082,95975.19028482398
2020-09-21,94751.12119668061,95328.90686125963,95979.18090579998
2020-09-22,95191.53567998836,95782.45748989724,95966.54538579998
2020-09-23,95127.87460413395,95754.02754289724,95334.56778579998
2020-09-24,95127.87460413395,95754.02754289724,95334.56778579998
2020-09-25,95127.87460413395,95754.02754289724,95334.56778579998
2020-09-26,95261.73814677037,95906.11768789723,95276.82189579999
2020-09-27,95197.35239150692,95877.11048289723,95354.24319579998
2020-09-28,95197.35239150692,95877.11048289723,95354.24319579998
2020-09-29,95197.35239150692,95877.11048289723,95354.24319579998
2020-09-30,95197.35239150692,95877.11048289723,95354.24319579998
2020-10-01,95197.35239150692,95877.11048289723,95354.24319579998
2020-10-02,95197.35239150692,95877.11048289723,95354.24319579998
2020-10-03,95197.35239150692,95877.11048289723,95354.24319579998
2020-10-04,95197.35239150692,95877.11048289723,95354.24319579998
2020-10-05,95197.35239150692,95877.11048289723,95354.24319579998
2020-10-06,94413.46843031752,95283.30218289723,95306.15591828198
2020-10-07,94350.43261435445,95267.85032857682,94680.95726828199
2020-10-08,94350.43261435445,95267.85032857682,94680.95726828199
2020-10-09,94350.43261435445,95267.85032857682,94680.95726828199
2020-10-10,94350.43261435445,95267.85032857682,94680.95726828199
2020-10-11,94350.43261435445,95267.85032857682,94680.95726828199
2020-10-12,94350.43261435445,95267.85032857682,94680.95726828199
2020-10-13,94350.43261435445,95267.85032857682,94680.95726828199
2020-10-14,94350.43261435445,95267.85032857682,94680.95726828199
2020-10-15,94350.43261435445,95267.85032857682,94680.95726828199
2020-10-16,94350.43261435445,95267.85032857682,94680.95726828199
2020-10-17,94350.43261435445,95267.85032857682,94680.95726828199
2020-10-18,94350.43261435445,95267.85032857682,94680.95726828199
2020-10-19,94350.43261435445,95267.85032857682,94680.95726828199
2020-10-20,94350.43261435445,95267.85032857682,94680.95726828199
2020-10-21,94350.43261435445,95267.85032857682,94680.95726828199
2020-10-22,94350.43261435445,95267.85032857682,94680.95726828199
2020-10-23,94350.43261435445,95267.85032857682,94680.95726828199
2020-10-24,94350.43261435445,95267.85032857682,94680.95726828199
2020-10-25,94350.43261435445,95267.85032857682,94680.95726828199
2020-10-26,94350.43261435445,95267.85032857682,94680.95726828199
2020-10-27,94350.43261435445,95267.85032857682,94680.95726828199
2020-10-28,94350.43261435445,95267.85032857682,94680.95726828199
2020-10-29,94350.43261435445,95267.85032857682,94680.95726828199
2020-10-30,94670.8616436075,95560.89679357682,94632.46832723198
2020-10-31,95412.40364705019,96265.65850252681,94645.85456138199
2020-11-01,95326.19092793399,96190.54473667682,94652.26398000699
2020-11-02,95261.14477656213,96176.28192030183,95507.73723000698
2020-11-03,95261.14477656213,96176.28192030183,95507.73723000698
2020-11-04,95261.14477656213,96176.28192030183,95507.73723000698
2020-11-05,99601.57491961645,100493.09590530183,95430.05823000698
2020-11-06,99530.82959767709,100455.67985730183,99697.90323000698
2020-11-07,99530.82959767709,100455.67985730183,99697.90323000698
2020-11-08,99530.82959767709,100455.67985730183,99697.90323000698
2020-11-09,99530.82959767709,100455.67985730183,99697.90323000698
2020-11-10,99530.82959767709,100455.67985730183,99697.90323000698
2020-11-11,99530.82959767709,100455.67985730183,99697.90323000698
2020-11-12,99530.82959767709,100455.67985730183,99697.90323000698
2020-11-13,99530.82959767709,100455.67985730183,99697.90323000698
2020-11-14,99530.82959767709,100455.67985730183,99697.90323000698
2020-11-15,99530.82959767709,100455.67985730183,99697.90323000698
2020-11-16,99530.82959767709,100455.67985730183,99697.90323000698
2020-11-17,99530.82959767709,100455.67985730183,99697.90323000698
2020-11-18,99530.82959767709,100455.67985730183,99697.90323000698
2020-11-19,99484.41837664647,100378.87323230183,99675.63084643899
2020-11-20,97390.82291646648,98704.22918362264,99718.50686863498
2020-11-21,97307.03982943195,98650.84513687022,99748.22271792298
2020-11-22,97236.36865365444,98652.50528615822,97836.71131792298
2020-11-23,97448.12984660282,98716.64446615824,97886.44087056299
2020-11-24,95654.5680330073,97237.59721879823,97960.14670816298
2020-11-25,96789.59735318055,98193.10309486682,98034.12683765499
2020-11-26,100549.12664320158,101406.36326388002,98060.65368425498
2020-11-27,100488.00911757027,101407.16585907603,100539.00518425499
2020-11-28,100488.00911757027,101407.16585907603,100539.00518425499
2020-11-29,100488.00911757027,101407.16585907603,100539.00518425499
2020-11-30,100488.00911757027,101407.16585907603,100539.00518425499
2020-12-01,100488.00911757027,101407.16585907603,100539.00518425499
2020-12-02,100488.00911757027,101407.16585907603,100539.00518425499
2020-12-03,100488.00911757027,101407.16585907603,100539.00518425499
2020-12-04,100488.00911757027,101407.16585907603,100539.00518425499
2020-12-05,100488.00911757027,101407.16585907603,100539.00518425499
2020-12-06,100488.00911757027,101407.16585907603,100539.00518425499
2020-12-07,100488.00911757027,101407.16585907603,100539.00518425499
2020-12-08,100488.00911757027,101407.16585907603,100539.00518425499
2020-12-09,100488.00911757027,101407.16585907603,100539.00518425499
2020-12-10,100488.00911757027,101407.16585907603,100539.00518425499
2020-12-11,100488.00911757027,101407.16585907603,100539.00518425499
2020-12-12,100488.00911757027,101407.16585907603,100539.00518425499
2020-12-13,100488.00911757027,101407.16585907603,100539.00518425499
2020-12-14,100488.00911757027,101407.16585907603,100539.00518425499
2020-12-15,100488.00911757027,101407.16585907603,100539.00518425499
2020-12-16,100488.00911757027,101407.16585907603,100539.00518425499
2020-12-17,100488.00911757027,101407.16585907603,100539.00518425499
2020-12-18,100488.00911757027,101407.16585907603,100539.00518425499
2020-12-19,99123.6773302197,100658.28477407603,100532.59078467097
2020-12-20,99053.78260595693,100650.80908634963,99782.65838467098
2020-12-21,100470.4930313265,101351.45577634964,99769.23719931599
2020-12-22,100405.41662194264,101338.96803057315,100470.95764931598
2020-12-23,100405.41662194264,101338.96803057315,100470.95764931598
2020-12-24,100405.41662194264,101338.96803057315,100470.95764931598
2020-12-25,100405.41662194264,101338.96803057315,100470.95764931598
2020-12-26,100405.41662194264,101338.96803057315,100470.95764931598
2020-12-27,100405.41662194264,101338.96803057315,100470.95764931598
2020-12-28,100405.41662194264,101338.96803057315,100470.95764931598
2020-12-29,100405.41662194264,101338.96803057315,100470.95764931598
2020-12-30,100405.41662194264,101338.96803057315,100470.95764931598
2020-12-31,100375.66698412749,101247.57470557315,100471.13999823199
2021-01-01,100307.79175442715,101247.68490460345,100379.65459823198
2021-01-02,100307.79175442715,101247.68490460345,100379.65459823198
2021-01-03,100307.79175442715,101247.68490460345,100379.65459823198
2021-01-04,101867.63554154134,102209.52482960344,100476.261236047
2021-01-05,99278.99249112119,100394.81166309294,100543.61976000699
2021-01-06,95668.40239029232,97642.34024657535,100722.485977083
2021-01-07,92212.65233625539,95158.28626906975,100857.69972810599
2021-01-08,90882.41777076309,94142.96995151255,101035.23040418999
2021-01-09,91710.30798703938,94815.09067134185,101146.20015413799
2021-01-10,91628.07075534946,94865.92814665264,93997.96785413798
2021-01-11,91628.07075534946,94865.92814665264,93997.96785413798
2021-01-12,91628.07075534946,94865.92814665264,93997.96785413798
2021-01-13,91628.07075534946,94865.92814665264,93997.96785413798
2021-01-14,91628.07075534946,94865.92814665264,93997.96785413798
2021-01-15,91628.07075534946,94865.92814665264,93997.96785413798
2021-01-16,91628.07075534946,94865.92814665264,93997.96785413798
2021-01-17,91628.07075534946,94865.92814665264,93997.96785413798
2021-01-18,91628.07075534946,94865.92814665264,93997.96785413798
2021-01-19,91628.07075534946,94865.92814665264,93997.96785413798
2021-01-20,92155.24955948652,95245.78523665265,93987.62419375198
2021-01-21,92094.15792011806,95236.07651805473,94357.72189375198
2021-01-22,92094.15792011806,95236.07651805473,94357.72189375198
2021-01-23,92094.15792011806,95236.07651805473,94357.72189375198
2021-01-24,92094.15792011806,95236.07651805473,94357.72189375198
2021-01-25,92094.15792011806,95236.07651805473,94357.72189375198
2021-01-26,92094.15792011806,95236.07651805473,94357.72189375198
2021-01-27,92094.15792011806,95236.07651805473,94357.72189375198
2021-01-28,92094.15792011806,95236.07651805473,94357.72189375198
2021-01-29,92094.15792011806,95236.07651805473,94357.72189375198
2021-01-30,92094.15792011806,95236.07651805473,94357.72189375198
2021-01-31,92094.15792011806,95236.07651805473,94357.72189375198
2021-02-01,92094.15792011806,95236.07651805473,94357.72189375198
2021-02-02,92094.15792011806,95236.07651805473,94357.72189375198
2021-02-03,92094.15792011806,95236.07651805473,94357.72189375198
2021-02-04,92094.15792011806,95236.07651805473,94357.72189375198
2021-02-05,92094.15792011806,95236.07651805473,94357.72189375198
2021-02-06,92094.15792011806,95236.07651805473,94357.72189375198
2021-02-07,92094.15792011806,95236.07651805473,94357.72189375198
2021-02-08,92094.15792011806,95236.07651805473,94357.72189375198
2021-02-09,92231.29870966438,95236.07651805473,94357.72189375198
2021-02-10,93836.78925441489,95236.07651805473,94357.72189375198
2021-02-11,91155.64908934763,95236.07651805473,94357.72189375198
2021-02-12,91092.11900350956,95236.07651805473,94357.72189375198
2021-02-13,91092.11900350956,95236.07651805473,94357.72189375198
2021-02-14,91092.11900350956,95236.07651805473,94357.72189375198
2021-02-15,91092.11900350956,95236.07651805473,94357.72189375198
2021-02-16,91092.11900350956,95236.07651805473,94357.72189375198
2021-02-17,91092.11900350956,95236.07651805473,94357.72189375198
2021-02-18,91092.11900350956,95236.07651805473,94357.72189375198
2021-02-19,87747.13845855616,95236.07651805473,94357.72189375198
2021-02-20,87680.4700320642,95236.07651805473,94357.72189375198
2021-02-21,87680.4700320642,95236.07651805473,94357.72189375198
2021-02-22,87680.4700320642,95236.07651805473,94357.72189375198
2021-02-23,87680.4700320642,95236.07651805473,94357.72189375198
2021-02-24,87680.4700320642,95236.07651805473,94357.72189375198
2021-02-25,87680.4700320642,95236.07651805473,94357.72189375198
2021-02-26,87680.4700320642,95236.07651805473,94357.72189375198
2021-02-27,87482.38685534298,95236.07651805473,94357.72189375198
2021-02-28,87421.18234260668,95236.07651805473,94357.72189375198
2021-03-01,87421.18234260668,95236.07651805473,94357.72189375198
2021-03-02,87421.18234260668,95236.07651805473,94357.72189375198
2021-03-03,88926.15869791049,95236.07651805473,94357.72189375198
2021-03-04,88864.931442775,95236.07651805473,94357.72189375198
2021-03-05,89144.59242998355,95236.07651805473,94357.72189375198
2021-03-06,89240.19785333832,95236.07651805473,94357.72189375198
2021-03-07,90949.14777658497,95236.07651805473,94357.72189375198
2021-03-08,90875.64082641706,95236.07651805473,94357.72189375198
2021-03-09,90875.64082641706,95236.07651805473,94357.72189375198
2021-03-10,90875.64082641706,95236.07651805473,94357.72189375198
2021-03-11,90875.64082641706,95236.07651805473,94357.72189375198
2021-03-12,90875.64082641706,95236.07651805473,94357.72189375198
2021-03-13,90875.64082641706,95236.07651805473,94357.72189375198
2021-03-14,90875.64082641706,95236.07651805473,94357.72189375198
2021-03-15,90875.64082641706,95236.07651805473,94357.72189375198
2021-03-16,90875.64082641706,95236.07651805473,94357.72189375198
2021-03-17,90875.64082641706,95236.07651805473,94357.72189375198
2021-03-18,90875.64082641706,95236.07651805473,94357.72189375198
2021-03-19,90875.64082641706,95236.07651805473,94357.72189375198
2021-03-20,90875.64082641706,95236.07651805473,94357.72189375198
2021-03-21,90875.64082641706,95236.07651805473,94357.72189375198
2021-03-22,90875.64082641706,95236.07651805473,94357.72189375198
2021-03-23,90875.64082641706,95236.07651805473,94357.72189375198
2021-03-24,90875.64082641706,95236.07651805473,94357.72189375198
2021-03-25,90875.64082641706,95236.07651805473,94357.72189375198
2021-03-26,90875.64082641706,95236.07651805473,94357.72189375198
2021-03-27,90875.64082641706,95236.07651805473,94357.72189375198
2021-03-28,90814.07992589741,95236.07651805473,94357.72189375198
2021-03-29,92157.0801018023,95236.07651805473,94357.72189375198
2021-03-30,92093.84943933066,95236.07651805473,94357.72189375198
2021-03-31,92093.84943933066,95236.07651805473,94357.72189375198
2021-04-01,92093.84943933066,95236.07651805473,94357.72189375198
2021-04-02,92093.84943933066,95236.07651805473,94357.72189375198
2021-04-03,92093.84943933066,95236.07651805473,94357.72189375198
2021-04-04,92093.84943933066,95236.07651805473,94357.72189375198
2021-04-05,92093.84943933066,95236.07651805473,94357.72189375198
2021-04-06,92093.84943933066,95236.07651805473,94357.72189375198
2021-04-07,92093.84943933066,95236.07651805473,94357.72189375198
2021-04-08,92093.84943933066,95236.07651805473,94357.72189375198
2021-04-09,92093.84943933066,95236.07651805473,94357.72189375198
2021-04-10,92093.84943933066,95236.07651805473,94357.72189375198
2021-04-11,92093.84943933066,95236.07651805473,94357.72189375198
2021-04-12,92093.84943933066,95236.07651805473,94357.72189375198
2021-04-13,92093.84943933066,95236.07651805473,94357.72189375198
2021-04-14,92093.84943933066,95236.07651805473,94357.72189375198
2021-04-15,92093.84943933066,95236.07651805473,94357.72189375198
2021-04-16,92093.84943933066,95236.07651805473,94357.72189375198
2021-04-17,92093.84943933066,95236.07651805473,94357.72189375198
2021-04-18,92093.84943933066,95236.07651805473,94357.72189375198
2021-04-19,92093.84943933066,95236.07651805473,94357.72189375198
2021-04-20,92649.55711258003,95236.07651805473,94357.72189375198
2021-04-21,90675.86903205313,95236.07651805473,94357.72189375198
2021-04-22,89104.82352348708,95236.07651805473,94357.72189375198
2021-04-23,88658.25130647473,95236.07651805473,94357.72189375198
2021-04-24,88590.40131139445,95236.07651805473,94357.72189375198
2021-04-25,88590.40131139445,95236.07651805473,94357.72189375198
2021-04-26,88590.40131139445,95236.07651805473,94357.72189375198
2021-04-27,89303.26767662118,95236.07651805473,94357.72189375198
2021-04-28,89168.96002929084,95236.07651805473,94357.72189375198
2021-04-29,88205.32200087633,95236.07651805473,94357.72189375198
2021-04-30,91243.73711806539,95236.07651805473,94357.72189375198
2021-05-01,91299.06473225636,95236.07651805473,94357.72189375198
2021-05-02,91232.953802796,95236.07651805473,94357.72189375198
2021-05-03,91232.953802796,95236.07651805473,94357.72189375198
2021-05-04,91232.953802796,95236.07651805473,94357.72189375198
2021-05-05,91232.953802796,95236.07651805473,94357.72189375198
2021-05-06,91232.953802796,95236.07651805473,94357.72189375198
2021-05-07,91232.953802796,95236.07651805473,94357.72189375198
2021-05-08,91232.953802796,95236.07651805473,94357.72189375198
2021-05-09,91232.953802796,95236.07651805473,94357.72189375198
2021-05-10,91232.953802796,95236.07651805473,94357.72189375198
2021-05-11,91232.953802796,95236.07651805473,94357.72189375198
2021-05-12,91232.953802796,95236.07651805473,94357.72189375198
2021-05-13,91232.953802796,95236.07651805473,94357.72189375198
2021-05-14,91232.953802796,95236.07651805473,94357.72189375198
2021-05-15,91232.953802796,95236.07651805473,94357.72189375198
2021-05-16,91232.953802796,95236.07651805473,94357.72189375198
2021-05-17,91232.953802796,95236.07651805473,94357.72189375198
2021-05-18,91232.953802796,95236.07651805473,94357.72189375198
2021-05-19,91232.953802796,95236.07651805473,94357.72189375198
2021-05-20,95508.67667434108,99036.47967305474,94290.52876375198
2021-05-21,91841.20745385441,95749.69168105474,94284.36542035197
2021-05-22,92064.09291951176,95941.24833600024,94286.03118300797
2021-05-23,88940.78645186411,93148.43409999064,94286.50734682997
2021-05-24,93576.98221541062,97289.95026312563,94292.85054187998
2021-05-25,93036.98024232975,96824.72345654064,94281.35313187998
2021-05-26,92972.7391283846,96755.73896054064,95858.46608187999
2021-05-27,92972.7391283846,96755.73896054064,95858.46608187999
2021-05-28,92972.7391283846,96755.73896054064,95858.46608187999
2021-05-29,92972.7391283846,96755.73896054064,95858.46608187999
2021-05-30,92972.7391283846,96755.73896054064,95858.46608187999
2021-05-31,92972.7391283846,96755.73896054064,95858.46608187999
2021-06-01,92972.7391283846,96755.73896054064,95858.46608187999
2021-06-02,92972.7391283846,96755.73896054064,95858.46608187999
2021-06-03,92972.7391283846,96755.73896054064,95858.46608187999
2021-06-04,92972.7391283846,96755.73896054064,95858.46608187999
2021-06-05,92972.7391283846,96755.73896054064,95858.46608187999
2021-06-06,92972.7391283846,96755.73896054064,95858.46608187999
2021-06-07,92972.7391283846,96755.73896054064,95858.46608187999
2021-06-08,92972.7391283846,96755.73896054064,95858.46608187999
2021-06-09,92972.7391283846,96755.73896054064,95858.46608187999
2021-06-10,92156.25288596687,95987.32688554063,95802.66486774199
2021-06-11,92097.15871648001,95934.70107655584,95035.25131774199
2021-06-12,92097.15871648001,95934.70107655584,95035.25131774199
2021-06-13,92097.15871648001,95934.70107655584,95035.25131774199
2021-06-14,92097.15871648001,95934.70107655584,95035.25131774199
2021-06-15,92097.15871648001,95934.70107655584,95035.25131774199
2021-06-16,92097.15871648001,95934.70107655584,95035.25131774199
2021-06-17,92097.15871648001,95934.70107655584,95035.25131774199
2021-06-18,92097.15871648001,95934.70107655584,95035.25131774199
2021-06-19,92097.15871648001,95934.70107655584,95035.25131774199
2021-06-20,92211.61299980091,95997.91549655584,94981.46933661598
2021-06-21,92149.36926971364,95943.96881105503,95044.56903661598
2021-06-22,93307.7532568975,96791.98763105503,95001.98628807998
2021-06-23,94852.93909715523,97965.32822657542,95013.27552398098
2021-06-24,96150.58003817624,98961.63745242012,95019.04623686898
2021-06-25,92109.22348615687,95888.76816364333,95011.98015252898
2021-06-26,92036.26213221347,95825.97795548933,94940.20340252898
2021-06-27,95156.88230728627,98194.24248048934,94927.37515528398
2021-06-28,94889.11325006274,98024.38982427833,94923.78837558198
2021-06-29,94822.85515893615,97969.06071061615,97083.24602558198
2021-06-30,94822.85515893615,97969.06071061615,97083.24602558198
2021-07-01,94822.85515893615,97969.06071061615,97083.24602558198
2021-07-02,94822.85515893615,97969.06071061615,97083.24602558198
2021-07-03,94822.85515893615,97969.06071061615,97083.24602558198
2021-07-04,94822.85515893615,97969.06071061615,97083.24602558198
2021-07-05,94822.85515893615,97969.06071061615,97083.24602558198
2021-07-06,94822.85515893615,97969.06071061615,97083.24602558198
2021-07-07,94353.14244650227,97559.83068061616,97029.66825938398
2021-07-08,94289.90998021074,97506.77974809056,96620.97510938399
2021-07-09,95500.75508539661,98397.56618309056,96587.58677223597
2021-07-10,95094.0856184153,98100.55140065195,96584.96081493398
2021-07-11,95029.34454349824,98047.67114070135,97161.90646493399
2021-07-12,95029.34454349824,98047.67114070135,97161.90646493399
2021-07-13,95029.34454349824,98047.67114070135,97161.90646493399
2021-07-14,95029.34454349824,98047.67114070135,97161.90646493399
2021-07-15,95029.34454349824,98047.67114070135,97161.90646493399
2021-07-16,95029.34454349824,98047.67114070135,97161.90646493399
2021-07-17,95029.34454349824,98047.67114070135,97161.90646493399
2021-07-18,95029.34454349824,98047.67114070135,97161.90646493399
2021-07-19,95029.34454349824,98047.67114070135,97161.90646493399
2021-07-20,95029.34454349824,98047.67114070135,97161.90646493399
2021-07-21,98425.73483457741,100357.15563070135,97147.54020022397
2021-07-22,98637.41768607631,100530.79497542356,97151.90712517397
2021-07-23,98567.66477075603,100486.48053443104,99600.87542517397
2021-07-24,98567.66477075603,100486.48053443104,99600.87542517397
2021-07-25,98567.66477075603,100486.48053443104,99600.87542517397
2021-07-26,100885.77679741761,102289.98900443105,99560.77787738998
2021-07-27,100820.54270021479,102250.83096164704,101361.52147738998
2021-07-28,100820.54270021479,102250.83096164704,101361.52147738998
2021-07-29,100820.54270021479,102250.83096164704,101361.52147738998
2021-07-30,100820.54270021479,102250.83096164704,101361.52147738998
2021-07-31,100820.54270021479,102250.83096164704,101361.52147738998
2021-08-01,100820.54270021479,102250.83096164704,101361.52147738998
2021-08-02,100820.54270021479,102250.83096164704,101361.52147738998
2021-08-03,100820.54270021479,102250.83096164704,101361.52147738998
2021-08-04,100820.54270021479,102250.83096164704,101361.52147738998
2021-08-05,100820.54270021479,102250.83096164704,101361.52147738998
2021-08-06,100820.54270021479,102250.83096164704,101361.52147738998
2021-08-07,100820.54270021479,102250.83096164704,101361.52147738998
2021-08-08,100820.54270021479,102250.83096164704,101361.52147738998
2021-08-09,100820.54270021479,102250.83096164704,101361.52147738998
2021-08-10,100820.54270021479,102250.83096164704,101361.52147738998
2021-08-11,100820.54270021479,102250.83096164704,101361.52147738998
2021-08-12,100820.54270021479,102250.83096164704,101361.52147738998
2021-08-13,100820.54270021479,102250.83096164704,101361.52147738998
2021-08-14,100820.54270021479,102250.83096164704,101361.52147738998
2021-08-15,100902.66233921997,102250.83096164704,101361.52147738998
2021-08-16,101950.95788588861,102250.83096164704,101361.52147738998
2021-08-17,103125.12119773516,102250.83096164704,101361.52147738998
2021-08-18,103129.04383391351,102250.83096164704,101361.52147738998
2021-08-19,101162.41894131551,102250.83096164704,101361.52147738998
2021-08-20,98711.28202128937,102250.83096164704,101361.52147738998
2021-08-21,99215.53759757848,102250.83096164704,101361.52147738998
2021-08-22,98829.97006483588,102250.83096164704,101361.52147738998
2021-08-23,98624.35522408923,102250.83096164704,101361.52147738998
2021-08-24,100409.84454056402,102250.83096164704,101361.52147738998
2021-08-25,99176.73605050502,102250.83096164704,101361.52147738998
2021-08-26,101247.17815537298,102250.83096164704,101361.52147738998
2021-08-27,99116.76541885406,102250.83096164704,101361.52147738998
2021-08-28,99045.82961686916,102250.83096164704,101361.52147738998
2021-08-29,99153.06808510832,102250.83096164704,101361.52147738998
2021-08-30,99086.38846175236,102250.83096164704,101361.52147738998
2021-08-31,98991.20204673466,102250.83096164704,101361.52147738998
2021-09-01,97418.50167732398,102250.83096164704,101361.52147738998
2021-09-02,97073.30062195966,102250.83096164704,101361.52147738998
2021-09-03,96409.58765822707,102250.83096164704,101361.52147738998
2021-09-04,96524.27913369905,102250.83096164704,101361.52147738998
2021-09-05,96451.42769722121,102250.83096164704,101361.52147738998
2021-09-06,96451.42769722121,102250.83096164704,101361.52147738998
2021-09-07,96451.42769722121,102250.83096164704,101361.52147738998
2021-09-08,96451.42769722121,102250.83096164704,101361.52147738998
2021-09-09,96451.42769722121,102250.83096164704,101361.52147738998
2021-09-10,96451.42769722121,102250.83096164704,101361.52147738998
2021-09-11,96451.42769722121,102250.83096164704,101361.52147738998
2021-09-12,96451.42769722121,102250.83096164704,101361.52147738998
2021-09-13,96451.42769722121,102250.83096164704,101361.52147738998
2021-09-14,96451.42769722121,102250.83096164704,101361.52147738998
2021-09-15,96451.42769722121,102250.83096164704,101361.52147738998
2021-09-16,96451.42769722121,102250.83096164704,101361.52147738998
2021-09-17,96451.42769722121,102250.83096164704,101361.52147738998
2021-09-18,96451.42769722121,102250.83096164704,101361.52147738998
2021-09-19,96451.42769722121,102250.83096164704,101361.52147738998
2021-09-20,96451.42769722121,102250.83096164704,101361.52147738998
2021-09-21,96451.42769722121,102250.83096164704,101361.52147738998
2021-09-22,96451.42769722121,102250.83096164704,101361.52147738998
2021-09-23,96451.42769722121,102250.83096164704,101361.52147738998
2021-09-24,96451.42769722121,102250.83096164704,101361.52147738998
2021-09-25,96451.42769722121,102250.83096164704,101361.52147738998
2021-09-26,96451.42769722121,102250.83096164704,101361.52147738998
2021-09-27,96451.42769722121,102250.83096164704,101361.52147738998
2021-09-28,96451.42769722121,102250.83096164704,101361.52147738998
2021-09-29,96451.42769722121,102250.83096164704,101361.52147738998
2021-09-30,96451.42769722121,102250.83096164704,101361.52147738998
2021-10-01,96451.42769722121,102250.83096164704,101361.52147738998
2021-10-02,96451.42769722121,102250.83096164704,101361.52147738998
2021-10-03,96451.42769722121,102250.83096164704,101361.52147738998
2021-10-04,96451.42769722121,102250.83096164704,101361.52147738998
2021-10-05,96451.42769722121,102250.83096164704,101361.52147738998
2021-10-06,96451.42769722121,102250.83096164704,101361.52147738998
2021-10-07,96451.42769722121,102250.83096164704,101361.52147738998
2021-10-08,96451.42769722121,102250.83096164704,101361.52147738998
2021-10-09,96451.42769722121,102250.83096164704,101361.52147738998
2021-10-10,96451.42769722121,102250.83096164704,101361.52147738998
2021-10-11,96451.42769722121,102250.83096164704,101361.52147738998
2021-10-12,96451.42769722121,102250.83096164704,101361.52147738998
2021-10-13,96451.42769722121,102250.83096164704,101361.52147738998
2021-10-14,96451.42769722121,102250.83096164704,101361.52147738998
2021-10-15,96451.42769722121,102250.83096164704,101361.52147738998
2021-10-16,96451.42769722121,102250.83096164704,101361.52147738998
2021-10-17,96015.27755588139,102250.83096164704,101361.52147738998
2021-10-18,95703.35787767114,102250.83096164704,101361.52147738998
2021-10-19,95640.07717357123,102250.83096164704,101361.52147738998
2021-10-20,95640.07717357123,102250.83096164704,101361.52147738998
2021-10-21,95640.07717357123,102250.83096164704,101361.52147738998
2021-10-22,96697.7589479974,102250.83096164704,101361.52147738998
2021-10-23,96634.7675623001,102250.83096164704,101361.52147738998
2021-10-24,96634.7675623001,102250.83096164704,101361.52147738998
2021-10-25,96634.7675623001,102250.83096164704,101361.52147738998
2021-10-26,96634.7675623001,102250.83096164704,101361.52147738998
2021-10-27,98029.36839381588,102250.83096164704,101361.52147738998
2021-10-28,97966.22134363234,102250.83096164704,101361.52147738998
2021-10-29,97966.22134363234,102250.83096164704,101361.52147738998
2021-10-30,97966.22134363234,102250.83096164704,101361.52147738998
2021-10-31,97966.22134363234,102250.83096164704,101361.52147738998
2021-11-01,97966.22134363234,102250.83096164704,101361.52147738998
2021-11-02,96318.1145722016,102250.83096164704,101361.52147738998
2021-11-03,96249.07198477375,102250.83096164704,101361.52147738998
2021-11-04,97321.33881243595,102250.83096164704,101361.52147738998
2021-11-05,97669.25532778693,102250.83096164704,101361.52147738998
2021-11-06,97604.21226423468,102250.83096164704,101361.52147738998
2021-11-07,97604.21226423468,102250.83096164704,101361.52147738998
2021-11-08,97604.21226423468,102250.83096164704,101361.52147738998
2021-11-09,97604.21226423468,102250.83096164704,101361.52147738998
2021-11-10,99006.04433844266,102250.83096164704,101361.52147738998
2021-11-11,99100.34615443443,102250.83096164704,101361.52147738998
2021-11-12,99036.61930632498,102250.83096164704,101361.52147738998
2021-11-13,99036.61930632498,102250.83096164704,101361.52147738998
2021-11-14,99036.61930632498,102250.83096164704,101361.52147738998
2021-11-15,99036.61930632498,102250.83096164704,101361.52147738998
2021-11-16,99036.61930632498,102250.83096164704,101361.52147738998
2021-11-17,99036.61930632498,102250.83096164704,101361.52147738998
2021-11-18,99036.61930632498,102250.83096164704,101361.52147738998
2021-11-19,99036.61930632498,102250.83096164704,101361.52147738998
2021-11-20,99036.61930632498,102250.83096164704,101361.52147738998
2021-11-21,99036.61930632498,102250.83096164704,101361.52147738998
2021-11-22,99036.61930632498,102250.83096164704,101361.52147738998
2021-11-23,99036.61930632498,102250.83096164704,101361.52147738998
2021-11-24,99036.61930632498,102250.83096164704,101361.52147738998
2021-11-25,99036.61930632498,102250.83096164704,101361.52147738998
2021-11-26,99036.61930632498,102250.83096164704,101361.52147738998
2021-11-27,99036.61930632498,102250.83096164704,101361.52147738998
2021-11-28,99036.61930632498,102250.83096164704,101361.52147738998
2021-11-29,99036.61930632498,102250.83096164704,101361.52147738998
2021-11-30,99036.61930632498,102250.83096164704,101361.52147738998
2021-12-01,99036.61930632498,102250.83096164704,101361.52147738998
2021-12-02,99036.61930632498,102250.83096164704,101361.52147738998
2021-12-03,99036.61930632498,102250.83096164704,101361.52147738998
2021-12-04,99036.61930632498,102250.83096164704,101361.52147738998
2021-12-05,99036.61930632498,102250.83096164704,101361.52147738998
2021-12-06,99036.61930632498,102250.83096164704,101361.52147738998
2021-12-07,99036.61930632498,102250.83096164704,101361.52147738998
2021-12-08,99036.61930632498,102250.83096164704,101361.52147738998
2021-12-09,99036.61930632498,102250.83096164704,101361.52147738998
2021-12-10,99036.61930632498,102250.83096164704,101361.52147738998
2021-12-11,99036.61930632498,102250.83096164704,101361.52147738998
2021-12-12,99036.61930632498,102250.83096164704,101361.52147738998
2021-12-13,99036.61930632498,102250.83096164704,101361.52147738998
2021-12-14,99036.61930632498,102250.83096164704,101361.52147738998
2021-12-15,99036.61930632498,102250.83096164704,101361.52147738998
2021-12-16,99036.61930632498,102250.83096164704,101361.52147738998
2021-12-17,99036.61930632498,102250.83096164704,101361.52147738998
2021-12-18,99036.61930632498,102250.83096164704,101361.52147738998
2021-12-19,99036.61930632498,102250.83096164704,101361.52147738998
2021-12-20,99036.61930632498,102250.83096164704,101361.52147738998
2021-12-21,99036.61930632498,102250.83096164704,101361.52147738998
2021-12-22,99036.61930632498,102250.83096164704,101361.52147738998
2021-12-23,99036.61930632498,102250.83096164704,101361.52147738998
2021-12-24,99036.61930632498,102250.83096164704,101361.52147738998
2021-12-25,99036.61930632498,102250.83096164704,101361.52147738998
2021-12-26,99036.61930632498,102250.83096164704,101361.52147738998
2021-12-27,99036.61930632498,102250.83096164704,101361.52147738998
2021-12-28,99036.61930632498,102250.83096164704,101361.52147738998
2021-12-29,99036.61930632498,102250.83096164704,101361.52147738998
2021-12-30,99036.61930632498,102250.83096164704,101361.52147738998
2021-12-31,99036.61930632498,102250.83096164704,101361.52147738998
2022-01-01,100450.35850406127,102250.83096164704,101361.52147738998
2022-01-02,100381.46687164702,102250.83096164704,101361.52147738998
2022-01-03,100381.46687164702,102250.83096164704,101361.52147738998
2022-01-04,100381.46687164702,102250.83096164704,101361.52147738998
2022-01-05,100381.46687164702,102250.83096164704,101361.52147738998
2022-01-06,100381.46687164702,102250.83096164704,101361.52147738998
2022-01-07,100381.46687164702,102250.83096164704,101361.52147738998
2022-01-08,100381.46687164702,102250.83096164704,101361.52147738998
2022-01-09,100381.46687164702,102250.83096164704,101361.52147738998
2022-01-10,100381.46687164702,102250.83096164704,101361.52147738998
2022-01-11,100381.46687164702,102250.83096164704,101361.52147738998
2022-01-12,100381.46687164702,102250.83096164704,101361.52147738998
2022-01-13,98981.20664978569,100842.43698664702,101297.19405817697
2022-01-14,99501.47312122383,101343.81361779272,101303.75338797698
2022-01-15,99519.85462174521,101374.70294149952,101297.31530102798
2022-01-16,99502.29469415161,101355.63485604481,101292.85307290798
2022-01-17,98600.47061531385,100481.13263206881,101285.08882253998
2022-01-18,98535.46794367794,100410.07593302122,99520.68642253998
2022-01-19,98535.46794367794,100410.07593302122,99520.68642253998
2022-01-20,98535.46794367794,100410.07593302122,99520.68642253998
2022-01-21,98535.46794367794,100410.07593302122,99520.68642253998
2022-01-22,98535.46794367794,100410.07593302122,99520.68642253998
2022-01-23,99991.02110950276,101530.59880302122,99465.48022227398
2022-01-24,100509.40860842685,101943.79970634071,99460.31330549798
2022-01-25,100440.01113593654,101883.64227161172,100994.32270549798
2022-01-26,100237.9333525173,101679.22479161172,100940.85786588497
2022-01-27,100676.51018173582,102031.95740414233,100949.25939289398
2022-01-28,101351.61146523467,102596.81893115133,100945.65670326198
2022-01-29,101282.56241047988,102536.65139034014,101647.38180326197
2022-01-30,101282.56241047988,102536.65139034014,101647.38180326197
2022-01-31,101282.56241047988,102536.65139034014,101647.38180326197
2022-02-01,101531.07678121448,102706.64104034012,101591.28457053997
2022-02-02,99399.4412545572,100910.01415720384,101587.72480586797
2022-02-03,99333.99867016266,100851.11984139103,99961.88020586797
2022-02-04,104408.85577659385,105057.42187139104,99904.71089285499
2022-02-05,104331.23694831417,104991.31240982353,104105.04944285499
2022-02-06,104331.23694831417,104991.31240982353,104105.04944285499
2022-02-07,104331.23694831417,104991.31240982353,104105.04944285499
2022-02-08,104331.23694831417,104991.31240982353,104105.04944285499
2022-02-09,104331.23694831417,104991.31240982353,104105.04944285499
2022-02-10,104331.23694831417,104991.31240982353,104105.04944285499
2022-02-11,104331.23694831417,104991.31240982353,104105.04944285499
2022-02-12,104121.35536846667,104771.89181482352,104028.82352285497
2022-02-13,104051.31929444228,104695.89964882351,103809.69667285497
2022-02-14,104051.31929444228,104695.89964882351,103809.69667285497
2022-02-15,104051.31929444228,104695.89964882351,103809.69667285497
2022-02-16,104051.31929444228,104695.89964882351,103809.69667285497
2022-02-17,104051.31929444228,104695.89964882351,103809.69667285497
2022-02-18,104051.31929444228,104695.89964882351,103809.69667285497
2022-02-19,104051.31929444228,104695.89964882351,103809.69667285497
2022-02-20,104051.31929444228,104695.89964882351,103809.69667285497
2022-02-21,104051.31929444228,104695.89964882351,103809.69667285497
2022-02-22,104051.31929444228,104695.89964882351,103809.69667285497
2022-02-23,102837.53597608421,103658.23415382352,103759.26407785498
2022-02-24,104163.67646687129,104742.34701067931,103766.46192601498
2022-02-25,105246.22118793419,105641.50486071731,103759.70916415898
2022-02-26,105174.28962657956,105575.91336402671,104689.78036415897
2022-02-27,105174.28962657956,105575.91336402671,104689.78036415897
2022-02-28,105174.28962657956,105575.91336402671,104689.78036415897
2022-03-01,106519.74385972039,106772.3733640267,104614.21536193098
2022-03-02,106446.81049476651,106694.9165617987,105808.78356193098
2022-03-03,106446.81049476651,106694.9165617987,105808.78356193098
2022-03-04,110163.68685228552,109936.5755617987,105756.84717193097
2022-03-05,109892.16274128931,109699.0201597987,105765.37920281097
2022-03-06,109825.48314250162,109648.4452270163,108762.28220281098
2022-03-07,109825.48314250162,109648.4452270163,108762.28220281098
2022-03-08,109825.48314250162,109648.4452270163,108762.28220281098
2022-03-09,109825.48314250162,109648.4452270163,108762.28220281098
2022-03-10,109825.48314250162,109648.4452270163,108762.28220281098
2022-03-11,109825.48314250162,109648.4452270163,108762.28220281098
2022-03-12,109825.48314250162,109648.4452270163,108762.28220281098
2022-03-13,109825.48314250162,109648.4452270163,108762.28220281098
2022-03-14,109825.48314250162,109648.4452270163,108762.28220281098
2022-03-15,109825.48314250162,109648.4452270163,108762.28220281098
2022-03-16,109825.48314250162,109648.4452270163,108762.28220281098
2022-03-17,109825.48314250162,109648.4452270163,108762.28220281098
2022-03-18,108798.1006713108,108747.44839201629,108709.95086246099
2022-03-19,108722.45986957644,108693.8576388325,107807.71461246099
2022-03-20,109800.44543787155,109569.57594383249,107756.79159246097
2022-03-21,110105.81266442628,109841.81457683249,107760.46252837997
2022-03-22,110034.51009068044,109783.97211827499,108897.75907837997
2022-03-23,109417.42160216006,109201.79592327499,108845.79728797197
2022-03-24,109342.25152619099,109149.05613206139,108262.77308797197
2022-03-25,109342.25152619099,109149.05613206139,108262.77308797197
2022-03-26,109342.25152619099,109149.05613206139,108262.77308797197
2022-03-27,109342.25152619099,109149.05613206139,108262.77308797197
2022-03-28,109342.25152619099,109149.05613206139,108262.77308797197
2022-03-29,109006.07561552049,108765.78281706138,108206.12764268398
2022-03-30,108931.80278748582,108708.6784867734,107822.37544268397
2022-03-31,110542.93377424966,110195.7265017734,107765.42653268397
2022-04-01,109751.05382276925,109436.22960377339,107777.83930454896
2022-04-02,109678.76239942432,109379.21713795648,108492.91405454896
2022-04-03,109026.90854974244,108714.14065295648,108438.11977454898
2022-04-04,108855.49191905372,108554.90285795648,108452.09392454897
2022-04-05,110036.35735986347,109651.83701095649,108465.74320454897
2022-04-06,112556.13354170989,111992.56627595649,108478.65032063898
2022-04-07,112486.37919453337,111940.71767807708,111054.39457063898
2022-04-08,112486.37919453337,111940.71767807708,111054.39457063898
2022-04-09,112486.37919453337,111940.71767807708,111054.39457063898
2022-04-10,112486.37919453337,111940.71767807708,111054.39457063898
2022-04-11,112486.37919453337,111940.71767807708,111054.39457063898
2022-04-12,112486.37919453337,111940.71767807708,111054.39457063898
2022-04-13,113815.44493811714,112953.44525307708,110995.27964331096
2022-04-14,113737.61412778274,112892.71100550669,112006.45794331099
2022-04-15,113737.61412778274,112892.71100550669,112006.45794331099
2022-04-16,113737.61412778274,112892.71100550669,112006.45794331099
2022-04-17,113737.61412778274,112892.71100550669,112006.45794331099
2022-04-18,113737.61412778274,112892.71100550669,112006.45794331099
2022-04-19,114573.05230545493,113523.5593105067,111940.59951147498
2022-04-20,114495.13269830728,113456.67274591529,112570.45971147498
2022-04-21,114495.13269830728,113456.67274591529,112570.45971147498
2022-04-22,114495.13269830728,113456.67274591529,112570.45971147498
2022-04-23,114495.13269830728,113456.67274591529,112570.45971147498
2022-04-24,114499.6663888088,113406.0303309153,112525.97393217798
2022-04-25,115777.67018667099,114396.65696277919,112529.82613524697
2022-04-26,115698.60198981945,114339.87004394238,113453.68698524697
2022-04-27,114127.51936845064,113159.62108394239,113388.00143420497
2022-04-28,114047.13486325338,113092.25099855919,112206.14788420497
2022-04-29,114047.13486325338,113092.25099855919,112206.14788420497
2022-04-30,114047.13486325338,113092.25099855919,112206.14788420497
2022-05-01,114047.13486325338,113092.25099855919,112206.14788420497
2022-05-02,114047.13486325338,113092.25099855919,112206.14788420497
2022-05-03,114047.13486325338,113092.25099855919,112206.14788420497
2022-05-04,111367.42301356046,111074.60757355919,112158.48622180497
2022-05-05,111286.45333842235,111024.00441115919,110137.95122180496
2022-05-06,111992.38542085992,111508.37495615918,110077.72073221898
2022-05-07,111918.38744229816,111448.9533160723,110562.90003221898
2022-05-08,111918.38744229816,111448.9533160723,110562.90003221898
2022-05-09,111918.38744229816,111448.9533160723,110562.90003221898
2022-05-10,110330.62108988335,110460.9719710723,110527.09071221897
2022-05-11,113538.22289322125,112383.43710107228,110530.29417849197
2022-05-12,113465.12744201325,112342.9846617481,111459.03832849197
2022-05-13,113892.39846184058,112556.7500517481,111415.98770186897
2022-05-14,113815.27212564238,112513.31354928159,111629.35705186898
2022-05-15,111690.78645333744,111226.0334392816,111592.79326299597
2022-05-16,111610.80264963665,111187.6063626743,110303.59991299597
2022-05-17,111610.80264963665,111187.6063626743,110303.59991299597
2022-05-18,111610.80264963665,111187.6063626743,110303.59991299597
2022-05-19,111610.80264963665,111187.6063626743,110303.59991299597
2022-05-20,111610.80264963665,111187.6063626743,110303.59991299597
2022-05-21,111166.2553873947,110899.7548476743,110259.85759764697
2022-05-22,111090.28385754924,110855.63642724488,109971.58994764698
2022-05-23,111090.28385754924,110855.63642724488,109971.58994764698
2022-05-24,110123.88682947123,110266.53271724489,109924.91442647099
2022-05-25,110047.50850679626,110219.03912810009,109335.03252647098
2022-05-26,110047.50850679626,110219.03912810009,109335.03252647098
2022-05-27,110047.50850679626,110219.03912810009,109335.03252647098
2022-05-28,109343.00300090805,109774.57441310008,109300.42329332698
2022-05-29,109267.69167067215,109739.36289356969,108855.37634332698
2022-05-30,105479.63705421075,107429.0407435697,108820.69445332699
2022-05-31,105384.10790385585,107371.7410095697,108830.23475332698
2022-06-01,108726.5652469236,109376.49132156969,108839.17649332699
2022-06-02,107649.35349498584,108738.6430705697,108840.06570924698
2022-06-03,107573.12960470564,108693.8433420737,107809.88680924698
2022-06-04,107573.12960470564,108693.8433420737,107809.88680924698
2022-06-05,107573.12960470564,108693.8433420737,107809.88680924698
2022-06-06,107573.12960470564,108693.8433420737,107809.88680924698
2022-06-07,107573.12960470564,108693.8433420737,107809.88680924698
2022-06-08,107573.12960470564,108693.8433420737,107809.88680924698
2022-06-09,107714.89626365877,108743.37618707369,107773.34339674098
2022-06-10,107642.52441704646,108706.9750882995,107823.07854674099
2022-06-11,107642.52441704646,108706.9750882995,107823.07854674099
2022-06-12,107642.52441704646,108706.9750882995,107823.07854674099
2022-06-13,107642.52441704646,108706.9750882995,107823.07854674099
2022-06-14,107642.52441704646,108706.9750882995,107823.07854674099
2022-06-15,107642.52441704646,108706.9750882995,107823.07854674099
2022-06-16,107642.52441704646,108706.9750882995,107823.07854674099
2022-06-17,107642.52441704646,108706.9750882995,107823.07854674099
2022-06-18,107642.52441704646,108706.9750882995,107823.07854674099
2022-06-19,107642.52441704646,108706.9750882995,107823.07854674099
2022-06-20,107642.52441704646,108706.9750882995,107823.07854674099
2022-06-21,107642.52441704646,108706.9750882995,107823.07854674099
2022-06-22,107642.52441704646,108706.9750882995,107823.07854674099
2022-06-23,107642.52441704646,108706.9750882995,107823.07854674099
2022-06-24,107642.52441704646,108706.9750882995,107823.07854674099
2022-06-25,107642.52441704646,108706.9750882995,107823.07854674099
2022-06-26,107642.52441704646,108706.9750882995,107823.07854674099
2022-06-27,107642.52441704646,108706.9750882995,107823.07854674099
2022-06-28,107642.52441704646,108706.9750882995,107823.07854674099
2022-06-29,107642.52441704646,108706.9750882995,107823.07854674099
2022-06-30,107642.52441704646,108706.9750882995,107823.07854674099
2022-07-01,107642.52441704646,108706.9750882995,107823.07854674099
2022-07-02,107642.52441704646,108706.9750882995,107823.07854674099
2022-07-03,107642.52441704646,108706.9750882995,107823.07854674099
2022-07-04,107642.52441704646,108706.9750882995,107823.07854674099
2022-07-05,107642.52441704646,108706.9750882995,107823.07854674099
2022-07-06,107642.52441704646,108706.9750882995,107823.07854674099
2022-07-07,107642.52441704646,108706.9750882995,107823.07854674099
2022-07-08,107642.52441704646,108706.9750882995,107823.07854674099
2022-07-09,107642.52441704646,108706.9750882995,107823.07854674099
2022-07-10,107642.52441704646,108706.9750882995,107823.07854674099
2022-07-11,107642.52441704646,108706.9750882995,107823.07854674099
2022-07-12,107642.52441704646,108706.9750882995,107823.07854674099
2022-07-13,107642.52441704646,108706.9750882995,107823.07854674099
2022-07-14,107642.52441704646,108706.9750882995,107823.07854674099
2022-07-15,107642.52441704646,108706.9750882995,107823.07854674099
2022-07-16,107642.52441704646,108706.9750882995,107823.07854674099
2022-07-17,107642.52441704646,108706.9750882995,107823.07854674099
2022-07-18,107642.52441704646,108706.9750882995,107823.07854674099
2022-07-19,105552.83329396896,106745.2462182995,107769.81870674097
2022-07-20,105940.99309262336,107105.9241902995,107782.87856172898
2022-07-21,105865.7857542478,107084.1490952875,106131.80866172898
2022-07-22,106814.91502487249,107984.1408102875,106073.77249744098
2022-07-23,106744.90975824482,107961.5340161027,106940.51809744099
2022-07-24,106744.90975824482,107961.5340161027,106940.51809744099
2022-07-25,106744.90975824482,107961.5340161027,106940.51809744099
2022-07-26,106744.90975824482,107961.5340161027,106940.51809744099
2022-07-27,106744.90975824482,107961.5340161027,106940.51809744099
2022-07-28,106744.90975824482,107961.5340161027,106940.51809744099
2022-07-29,106744.90975824482,107961.5340161027,106940.51809744099
2022-07-30,107005.33567410707,108193.4080961027,106911.95044744098
2022-07-31,107724.80245193958,108907.97420210269,106918.07215961398
2022-08-01,107648.08031864287,108879.1930969611,107363.63220961398
2022-08-02,107648.08031864287,108879.1930969611,107363.63220961398
2022-08-03,107648.08031864287,108879.1930969611,107363.63220961398
2022-08-04,107648.08031864287,108879.1930969611,107363.63220961398
2022-08-05,107648.08031864287,108879.1930969611,107363.63220961398
2022-08-06,107648.08031864287,108879.1930969611,107363.63220961398
2022-08-07,107648.08031864287,108879.1930969611,107363.63220961398
2022-08-08,107648.08031864287,108879.1930969611,107363.63220961398
2022-08-09,107648.08031864287,108879.1930969611,107363.63220961398
2022-08-10,107648.08031864287,108879.1930969611,107363.63220961398
2022-08-11,107648.08031864287,108879.1930969611,107363.63220961398
2022-08-12,107648.08031864287,108879.1930969611,107363.63220961398
2022-08-13,107648.08031864287,108879.1930969611,107363.63220961398
2022-08-14,107648.08031864287,108879.1930969611,107363.63220961398
2022-08-15,107648.08031864287,108879.1930969611,107363.63220961398
2022-08-16,107648.08031864287,108879.1930969611,107363.63220961398
2022-08-17,107648.08031864287,108879.1930969611,107363.63220961398
2022-08-18,107648.08031864287,108879.1930969611,107363.63220961398
2022-08-19,107648.08031864287,108879.1930969611,107363.63220961398
2022-08-20,107648.08031864287,108879.1930969611,107363.63220961398
2022-08-21,108487.46382612156,109598.5629919611,107303.99004897398
2022-08-22,108416.13619416466,109572.24608307709,107990.44324897398
2022-08-23,108416.13619416466,109572.24608307709,107990.44324897398
2022-08-24,108416.13619416466,109572.24608307709,107990.44324897398
2022-08-25,108416.13619416466,109572.24608307709,107990.44324897398
2022-08-26,108416.13619416466,109572.24608307709,107990.44324897398
2022-08-27,108416.13619416466,109572.24608307709,107990.44324897398
2022-08-28,107225.98394335988,108578.20968307709,107935.25728683798
2022-08-29,109015.7383287226,110043.3765234605,107947.37677544598
2022-08-30,107867.12755207275,109107.3560299917,107950.60053526997
2022-08-31,107798.2299872686,109083.60023830688,107439.36543526998
2022-09-01,107798.2299872686,109083.60023830688,107439.36543526998
2022-09-02,107798.2299872686,109083.60023830688,107439.36543526998
2022-09-03,107798.2299872686,109083.60023830688,107439.36543526998
2022-09-04,107798.2299872686,109083.60023830688,107439.36543526998
2022-09-05,107798.2299872686,109083.60023830688,107439.36543526998
2022-09-06,107798.2299872686,109083.60023830688,107439.36543526998
2022-09-07,107798.2299872686,109083.60023830688,107439.36543526998
2022-09-08,107798.2299872686,109083.60023830688,107439.36543526998
2022-09-09,107798.2299872686,109083.60023830688,107439.36543526998
2022-09-10,107798.2299872686,109083.60023830688,107439.36543526998
2022-09-11,107798.2299872686,109083.60023830688,107439.36543526998
2022-09-12,107798.2299872686,109083.60023830688,107439.36543526998
2022-09-13,107798.2299872686,109083.60023830688,107439.36543526998
2022-09-14,107798.2299872686,109083.60023830688,107439.36543526998
2022-09-15,107798.2299872686,109083.60023830688,107439.36543526998
2022-09-16,107798.2299872686,109083.60023830688,107439.36543526998
2022-09-17,107798.2299872686,109083.60023830688,107439.36543526998
2022-09-18,107798.2299872686,109083.60023830688,107439.36543526998
2022-09-19,107798.2299872686,109083.60023830688,107439.36543526998
2022-09-20,107798.2299872686,109083.60023830688,107439.36543526998
2022-09-21,107798.2299872686,109083.60023830688,107439.36543526998
2022-09-22,107798.2299872686,109083.60023830688,107439.36543526998
2022-09-23,107798.2299872686,109083.60023830688,107439.36543526998
2022-09-24,107798.2299872686,109083.60023830688,107439.36543526998
2022-09-25,107798.2299872686,109083.60023830688,107439.36543526998
2022-09-26,107798.2299872686,109083.60023830688,107439.36543526998
2022-09-27,107798.2299872686,109083.60023830688,107439.36543526998
2022-09-28,107798.2299872686,109083.60023830688,107439.36543526998
2022-09-29,107798.2299872686,109083.60023830688,107439.36543526998
2022-09-30,107798.2299872686,109083.60023830688,107439.36543526998
2022-10-01,108062.46532272967,109277.78632330688,107388.90043792997
2022-10-02,107986.90676932476,109254.04074576388,107554.16743792998
2022-10-03,107986.90676932476,109254.04074576388,107554.16743792998
2022-10-04,107986.90676932476,109254.04074576388,107554.16743792998
2022-10-05,108405.8810977993,109582.6540157639,107505.24901792998
2022-10-06,108892.05720507364,109989.92897176389,107517.22543792998
2022-10-07,109933.18088112673,110863.06537376388,107527.97207075599
2022-10-08,109863.19626510223,110844.51686608729,109084.78177075599
2022-10-09,109863.19626510223,110844.51686608729,109084.78177075599
2022-10-10,109863.19626510223,110844.51686608729,109084.78177075599
2022-10-11,109863.19626510223,110844.51686608729,109084.78177075599
2022-10-12,109605.72274913022,110624.8668660873,109039.09507075597
2022-10-13,109047.15199671446,110197.16018408729,109047.38838855998
2022-10-14,108970.61237560316,110175.49014473248,108359.06308855998
2022-10-15,108970.61237560316,110175.49014473248,108359.06308855998
2022-10-16,108970.61237560316,110175.49014473248,108359.06308855998
2022-10-17,108970.61237560316,110175.49014473248,108359.06308855998
2022-10-18,108970.61237560316,110175.49014473248,108359.06308855998
2022-10-19,109475.46811824596,110553.43898473246,108311.63657159999
2022-10-20,109404.27400800539,110536.54962621367,108661.06457159999
2022-10-21,109404.27400800539,110536.54962621367,108661.06457159999
2022-10-22,109404.27400800539,110536.54962621367,108661.06457159999
2022-10-23,109404.27400800539,110536.54962621367,108661.06457159999
2022-10-24,109404.27400800539,110536.54962621367,108661.06457159999
2022-10-25,109404.27400800539,110536.54962621367,108661.06457159999
2022-10-26,109404.27400800539,110536.54962621367,108661.06457159999
2022-10-27,109404.27400800539,110536.54962621367,108661.06457159999
2022-10-28,109404.27400800539,110536.54962621367,108661.06457159999
2022-10-29,109404.27400800539,110536.54962621367,108661.06457159999
2022-10-30,109404.27400800539,110536.54962621367,108661.06457159999
2022-10-31,109404.27400800539,110536.54962621367,108661.06457159999
2022-11-01,109404.27400800539,110536.54962621367,108661.06457159999
2022-11-02,109404.27400800539,110536.54962621367,108661.06457159999
2022-11-03,109404.27400800539,110536.54962621367,108661.06457159999
2022-11-04,109404.27400800539,110536.54962621367,108661.06457159999
2022-11-05,109404.27400800539,110536.54962621367,108661.06457159999
2022-11-06,109404.27400800539,110536.54962621367,108661.06457159999
2022-11-07,109404.27400800539,110536.54962621367,108661.06457159999
2022-11-08,109404.27400800539,110536.54962621367,108661.06457159999
2022-11-09,109404.27400800539,110536.54962621367,108661.06457159999
2022-11-10,114700.18735353634,115548.07560621368,108724.03897408798
2022-11-11,113078.46687914085,114090.18222626467,108740.69839196697
2022-11-12,112276.3454777245,113332.15165390298,108735.94981432198
2022-11-13,112201.84470366866,113305.42334190698,111328.19536432199
2022-11-14,112201.84470366866,113305.42334190698,111328.19536432199
2022-11-15,112201.84470366866,113305.42334190698,111328.19536432199
2022-11-16,111476.53982771715,112566.64248690697,111283.72945059398
2022-11-17,111398.58064559226,112547.55387886059,110758.14105059399
2022-11-18,111398.58064559226,112547.55387886059,110758.14105059399
2022-11-19,111398.58064559226,112547.55387886059,110758.14105059399
2022-11-20,111398.58064559226,112547.55387886059,110758.14105059399
2022-11-21,111398.58064559226,112547.55387886059,110758.14105059399
2022-11-22,111398.58064559226,112547.55387886059,110758.14105059399
2022-11-23,111398.58064559226,112547.55387886059,110758.14105059399
2022-11-24,111398.58064559226,112547.55387886059,110758.14105059399
2022-11-25,111398.58064559226,112547.55387886059,110758.14105059399
2022-11-26,111398.58064559226,112547.55387886059,110758.14105059399
2022-11-27,111398.58064559226,112547.55387886059,110758.14105059399
2022-11-28,111398.58064559226,112547.55387886059,110758.14105059399
2022-11-29,111398.58064559226,112547.55387886059,110758.14105059399
2022-11-30,111398.58064559226,112547.55387886059,110758.14105059399
2022-12-01,111398.58064559226,112547.55387886059,110758.14105059399
2022-12-02,111398.58064559226,112547.55387886059,110758.14105059399
2022-12-03,111398.58064559226,112547.55387886059,110758.14105059399
2022-12-04,111398.58064559226,112547.55387886059,110758.14105059399
2022-12-05,111398.58064559226,112547.55387886059,110758.14105059399
2022-12-06,111398.58064559226,112547.55387886059,110758.14105059399
2022-12-07,111398.58064559226,112547.55387886059,110758.14105059399
2022-12-08,111398.58064559226,112547.55387886059,110758.14105059399
2022-12-09,111398.58064559226,112547.55387886059,110758.14105059399
2022-12-10,111398.58064559226,112547.55387886059,110758.14105059399
2022-12-11,111398.58064559226,112547.55387886059,110758.14105059399
2022-12-12,111398.58064559226,112547.55387886059,110758.14105059399
2022-12-13,111398.58064559226,112547.55387886059,110758.14105059399
2022-12-14,111398.58064559226,112547.55387886059,110758.14105059399
2022-12-15,112645.66770867744,113416.18786386058,110713.47208327398
2022-12-16,112570.62911328128,113397.65307668458,111555.20318327399
2022-12-17,112570.62911328128,113397.65307668458,111555.20318327399
2022-12-18,112570.62911328128,113397.65307668458,111555.20318327399
2022-12-19,112570.62911328128,113397.65307668458,111555.20318327399
2022-12-20,112570.62911328128,113397.65307668458,111555.20318327399
2022-12-21,112570.62911328128,113397.65307668458,111555.20318327399
2022-12-22,112570.62911328128,113397.65307668458,111555.20318327399
2022-12-23,112570.62911328128,113397.65307668458,111555.20318327399
2022-12-24,112570.62911328128,113397.65307668458,111555.20318327399
2022-12-25,112570.62911328128,113397.65307668458,111555.20318327399
2022-12-26,112570.62911328128,113397.65307668458,111555.20318327399
2022-12-27,112570.62911328128,113397.65307668458,111555.20318327399
2022-12-28,112570.62911328128,113397.65307668458,111555.20318327399
2022-12-29,112570.62911328128,113397.65307668458,111555.20318327399
2022-12-30,112570.62911328128,113397.65307668458,111555.20318327399
2022-12-31,112570.62911328128,113397.65307668458,111555.20318327399
2023-01-01,112326.33622284085,113147.90042168458,111512.45234744999
2023-01-02,112248.73182593723,113132.02918191209,111313.80194744999
2023-01-03,112248.73182593723,113132.02918191209,111313.80194744999
2023-01-04,112248.73182593723,113132.02918191209,111313.80194744999
2023-01-05,112248.73182593723,113132.02918191209,111313.80194744999
2023-01-06,112248.73182593723,113132.02918191209,111313.80194744999
2023-01-07,112248.73182593723,113132.02918191209,111313.80194744999
2023-01-08,112248.73182593723,113132.02918191209,111313.80194744999
2023-01-09,112248.73182593723,113132.02918191209,111313.80194744999
2023-01-10,112248.73182593723,113132.02918191209,111313.80194744999
2023-01-11,112248.73182593723,113132.02918191209,111313.80194744999
2023-01-12,112248.73182593723,113132.02918191209,111313.80194744999
2023-01-13,112248.73182593723,113132.02918191209,111313.80194744999
2023-01-14,112248.73182593723,113132.02918191209,111313.80194744999
2023-01-15,112442.44138786462,113263.1200419121,111270.15488978998
2023-01-16,111700.79579136851,112654.03768425208,111282.86630978998
2023-01-17,111838.57489600999,112768.42907425208,111295.54718978998
2023-01-18,112955.5052546571,113695.78996025209,111307.95368978998
2023-01-19,112021.08553915701,112919.95644225209,111320.59664978998
2023-01-20,108192.74558420976,109741.35939625208,111334.19696978998
2023-01-21,107928.88802895922,109522.27972225209,111347.86712978999
2023-01-22,108127.63336327978,109687.28985225208,111361.49186978998
2023-01-23,107641.63913154035,109283.77458025208,111375.24176978998
2023-01-24,108341.2514921517,109864.64445025209,111388.82150978998
2023-01-25,107326.51379517079,109022.12418425208,111402.65804978998
2023-01-26,107466.73245296598,109138.54074825207,111416.46386978998
2023-01-27,107327.71672081805,109023.32653825208,111430.09656863398
2023-01-28,107244.29142755331,109002.34797346329,107122.27396863398
2023-01-29,105724.62388013194,107526.0158734633,107067.45154863398
2023-01-30,107658.54509769953,109372.56125346328,107081.14726863397
2023-01-31,107046.63997265717,108788.29694346327,107095.02232863398
2023-02-01,105788.62400308375,107587.11202146328,107109.26194863398
2023-02-02,106314.04560575154,108088.79161746328,107123.35528863397
2023-02-03,106448.28806524875,108216.96498146327,107137.41442863397
2023-02-04,106683.07891068362,108441.14412146327,107151.41050863397
2023-02-05,107522.88013211038,109243.00022546327,107165.17024863398
2023-02-06,107894.19964735728,109597.53997146327,107178.82774863398
2023-02-07,106907.39914067327,108655.31748346328,107192.77204863398
2023-02-08,107503.18424881945,109224.18175946327,107206.54984863398
2023-02-09,109961.3209908336,111571.25955946327,107219.62768863398
2023-02-10,110333.53895601351,111926.65736946327,107232.60280863398
2023-02-11,109844.68090727991,111464.91248346327,107240.69065887798
2023-02-12,109777.0585414095,111441.26728521028,109495.10285887799
2023-02-13,109777.0585414095,111441.26728521028,109495.10285887799
2023-02-14,109777.0585414095,111441.26728521028,109495.10285887799
2023-02-15,109777.0585414095,111441.26728521028,109495.10285887799
2023-02-16,109777.0585414095,111441.26728521028,109495.10285887799
2023-02-17,107558.66708712542,109301.49070521028,109439.29175887798
2023-02-18,107444.05553128893,109192.2726872103,109454.07095887797
2023-02-19,108215.55513519715,109927.4318572103,109468.63403887798
2023-02-20,107033.57373876272,108801.11491321027,109483.53935887798
2023-02-21,107867.85648361463,109596.10023321028,109498.21067887798
2023-02-22,108449.84249180957,110150.67152921029,109512.71999887798
2023-02-23,108966.55136227721,110649.20085521028,109520.92526302597
2023-02-24,108891.13322769555,110621.49581935829,108604.10466302598
2023-02-25,108891.13322769555,110621.49581935829,108604.10466302598
2023-02-26,109698.8042404514,111382.32021435829,108526.75990215199
2023-02-27,109624.17705451327,111339.1144951973,109251.69520215198
2023-02-28,109624.17705451327,111339.1144951973,109251.69520215198
2023-03-01,109624.17705451327,111339.1144951973,109251.69520215198
2023-03-02,109624.17705451327,111339.1144951973,109251.69520215198
2023-03-03,109624.17705451327,111339.1144951973,109251.69520215198
2023-03-04,109624.17705451327,111339.1144951973,109251.69520215198
2023-03-05,109624.17705451327,111339.1144951973,109251.69520215198
2023-03-06,109624.17705451327,111339.1144951973,109251.69520215198
2023-03-07,109624.17705451327,111339.1144951973,109251.69520215198
2023-03-08,109624.17705451327,111339.1144951973,109251.69520215198
2023-03-09,109624.17705451327,111339.1144951973,109251.69520215198
2023-03-10,110106.82366637484,111731.6111801973,109186.57201392799
2023-03-11,110758.46261138929,112277.20252397649,109489.59773004998
2023-03-12,114537.41944644917,115360.89244146229,109487.22380301799
2023-03-13,114458.79245943108,115327.40143835108,113114.03250301798
2023-03-14,114458.79245943108,115327.40143835108,113114.03250301798
2023-03-15,115264.43329037601,116059.89582335108,113067.34417265998
2023-03-16,113791.98674428511,114660.97864799068,113082.34345265999
2023-03-17,113713.71171390588,114638.47974599068,112350.54705265998
2023-03-18,113713.71171390588,114638.47974599068,112350.54705265998
2023-03-19,113713.71171390588,114638.47974599068,112350.54705265998
2023-03-20,113713.71171390588,114638.47974599068,112350.54705265998
2023-03-21,113713.71171390588,114638.47974599068,112350.54705265998
2023-03-22,113713.71171390588,114638.47974599068,112350.54705265998
2023-03-23,113713.71171390588,114638.47974599068,112350.54705265998
2023-03-24,113713.71171390588,114638.47974599068,112350.54705265998
2023-03-25,113713.71171390588,114638.47974599068,112350.54705265998
2023-03-26,114627.68625630844,115102.37530599067,112309.24935037098
2023-03-27,113056.55264733972,114259.13210388618,112307.91534778898
2023-03-28,112980.86095555608,114217.10075081239,111929.12799778898
2023-03-29,112980.86095555608,114217.10075081239,111929.12799778898
2023-03-30,112980.86095555608,114217.10075081239,111929.12799778898
2023-03-31,112980.86095555608,114217.10075081239,111929.12799778898
2023-04-01,112980.86095555608,114217.10075081239,111929.12799778898
2023-04-02,112980.86095555608,114217.10075081239,111929.12799778898
2023-04-03,112980.86095555608,114217.10075081239,111929.12799778898
2023-04-04,112980.86095555608,114217.10075081239,111929.12799778898
2023-04-05,112955.26227220046,114179.39254581238,111882.21986638899
2023-04-06,112879.12756327128,114132.47764775818,111844.46486638898
2023-04-07,112879.12756327128,114132.47764775818,111844.46486638898
2023-04-08,112879.12756327128,114132.47764775818,111844.46486638898
2023-04-09,112879.12756327128,114132.47764775818,111844.46486638898
2023-04-10,115192.11499623238,115403.57200775818,111794.22397409799
2023-04-11,115112.55180641779,115351.37078000038,113063.26802409798
2023-04-12,115112.55180641779,115351.37078000038,113063.26802409798
2023-04-13,115112.55180641779,115351.37078000038,113063.26802409798
2023-04-14,115112.55180641779,115351.37078000038,113063.26802409798
2023-04-15,115112.55180641779,115351.37078000038,113063.26802409798
2023-04-16,115112.55180641779,115351.37078000038,113063.26802409798
2023-04-17,115112.55180641779,115351.37078000038,113063.26802409798
2023-04-18,115112.55180641779,115351.37078000038,113063.26802409798
2023-04-19,115112.55180641779,115351.37078000038,113063.26802409798
2023-04-20,115112.55180641779,115351.37078000038,113063.26802409798
2023-04-21,115112.55180641779,115351.37078000038,113063.26802409798
2023-04-22,115112.55180641779,115351.37078000038,113063.26802409798
2023-04-23,115112.55180641779,115351.37078000038,113063.26802409798
2023-04-24,115112.55180641779,115351.37078000038,113063.26802409798
2023-04-25,115112.55180641779,115351.37078000038,113063.26802409798
2023-04-26,115112.55180641779,115351.37078000038,113063.26802409798
2023-04-27,115112.55180641779,115351.37078000038,113063.26802409798
2023-04-28,115112.55180641779,115351.37078000038,113063.26802409798
2023-04-29,115112.55180641779,115351.37078000038,113063.26802409798
2023-04-30,115112.55180641779,115351.37078000038,113063.26802409798
2023-05-01,115112.55180641779,115351.37078000038,113063.26802409798
2023-05-02,116190.90535950233,115910.86839000038,113018.78396550499
2023-05-03,116111.66591282908,115865.47200973018,113577.37911550498
2023-05-04,116111.66591282908,115865.47200973018,113577.37911550498
2023-05-05,116111.66591282908,115865.47200973018,113577.37911550498
2023-05-06,116111.66591282908,115865.47200973018,113577.37911550498
2023-05-07,116849.84478861964,116240.28972473017,113538.20473011899
2023-05-08,116772.63624839355,116201.75250434417,113913.65958011898
2023-05-09,116772.63624839355,116201.75250434417,113913.65958011898
2023-05-10,116772.63624839355,116201.75250434417,113913.65958011898
2023-05-11,116772.63624839355,116201.75250434417,113913.65958011898
2023-05-12,116772.63624839355,116201.75250434417,113913.65958011898
2023-05-13,116772.63624839355,116201.75250434417,113913.65958011898
2023-05-14,116772.63624839355,116201.75250434417,113913.65958011898
2023-05-15,116772.63624839355,116201.75250434417,113913.65958011898
2023-05-16,116772.63624839355,116201.75250434417,113913.65958011898
2023-05-17,116772.63624839355,116201.75250434417,113913.65958011898
2023-05-18,116772.63624839355,116201.75250434417,113913.65958011898
2023-05-19,116772.63624839355,116201.75250434417,113913.65958011898
2023-05-20,116772.63624839355,116201.75250434417,113913.65958011898
2023-05-21,116772.63624839355,116201.75250434417,113913.65958011898
2023-05-22,116772.63624839355,116201.75250434417,113913.65958011898
2023-05-23,116772.63624839355,116201.75250434417,113913.65958011898
2023-05-24,118473.17437968386,117051.52308934418,113877.155771529
2023-05-25,118396.96380346188,117016.36518239707,114728.26227152899
2023-05-26,118396.96380346188,117016.36518239707,114728.26227152899
2023-05-27,118396.96380346188,117016.36518239707,114728.26227152899
2023-05-28,118396.96380346188,117016.36518239707,114728.26227152899
2023-05-29,118396.96380346188,117016.36518239707,114728.26227152899
2023-05-30,118461.10304217724,117016.75059739707,114691.94287082498
2023-05-31,118381.33856016987,116980.50421169309,114692.40127082498
2023-06-01,118381.33856016987,116980.50421169309,114692.40127082498
2023-06-02,118381.33856016987,116980.50421169309,114692.40127082498
2023-06-03,118381.33856016987,116980.50421169309,114692.40127082498
2023-06-04,118381.33856016987,116980.50421169309,114692.40127082498
2023-06-05,118381.33856016987,116980.50421169309,114692.40127082498
2023-06-06,118381.33856016987,116980.50421169309,114692.40127082498
2023-06-07,116602.4210516472,116048.92910669309,114645.23337185998
2023-06-08,116525.26905135337,116003.09733812608,113714.92442185998
2023-06-09,116525.26905135337,116003.09733812608,113714.92442185998
2023-06-10,116525.26905135337,116003.09733812608,113714.92442185998
2023-06-11,116525.26905135337,116003.09733812608,113714.92442185998
2023-06-12,116525.26905135337,116003.09733812608,113714.92442185998
2023-06-13,116525.26905135337,116003.09733812608,113714.92442185998
2023-06-14,116525.26905135337,116003.09733812608,113714.92442185998
2023-06-15,116525.26905135337,116003.09733812608,113714.92442185998
2023-06-16,116525.26905135337,116003.09733812608,113714.92442185998
2023-06-17,116525.26905135337,116003.09733812608,113714.92442185998
2023-06-18,116525.26905135337,116003.09733812608,113714.92442185998
2023-06-19,116525.26905135337,116003.09733812608,113714.92442185998
2023-06-20,116525.26905135337,116003.09733812608,113714.92442185998
2023-06-21,116525.26905135337,116003.09733812608,113714.92442185998
2023-06-22,116525.26905135337,116003.09733812608,113714.92442185998
2023-06-23,116525.26905135337,116003.09733812608,113714.92442185998
2023-06-24,116789.79877095172,116118.14457312609,113678.04989185998
2023-06-25,116916.02107067007,116192.07280212609,113687.18870185998
2023-06-26,117263.98835431962,116395.88160012607,113696.26910185999
2023-06-27,116554.83280822054,115980.51199712607,113705.47682185998
2023-06-28,117617.46475796826,116604.74972912608,113712.66532045999
2023-06-29,117540.40635562997,116566.83213011608,114278.64922045999
2023-06-30,117540.40635562997,116566.83213011608,114278.64922045999
2023-07-01,117332.26638838778,116407.21414511607,114242.11699045998
2023-07-02,117294.1935341119,116385.25991511608,114251.30209045998
2023-07-03,116374.98736438317,115855.27502411607,114260.64895045997
2023-07-04,117067.08564084856,116254.31188411609,114269.87890045998
2023-07-05,117536.99399080384,116525.24183711607,114279.03034045998
2023-07-06,118604.19034909776,117143.77328011607,114284.77384470798
2023-07-07,118526.38206437184,117104.68366012767,114816.53074470798
2023-07-08,118526.38206437184,117104.68366012767,114816.53074470798
2023-07-09,118526.38206437184,117104.68366012767,114816.53074470798
2023-07-10,118526.38206437184,117104.68366012767,114816.53074470798
2023-07-11,118526.38206437184,117104.68366012767,114816.53074470798
2023-07-12,118526.38206437184,117104.68366012767,114816.53074470798
2023-07-13,118526.38206437184,117104.68366012767,114816.53074470798
2023-07-14,118526.38206437184,117104.68366012767,114816.53074470798
2023-07-15,118538.55867225106,117081.69566012768,114770.66231751797
2023-07-16,118323.29520344382,116932.89667267328,114697.95613015798
2023-07-17,118243.65118205312,116883.22098674807,114595.10813015798
2023-07-18,118243.65118205312,116883.22098674807,114595.10813015798
2023-07-19,118243.65118205312,116883.22098674807,114595.10813015798
2023-07-20,118243.65118205312,116883.22098674807,114595.10813015798
2023-07-21,118243.65118205312,116883.22098674807,114595.10813015798
2023-07-22,118243.65118205312,116883.22098674807,114595.10813015798
2023-07-23,118243.65118205312,116883.22098674807,114595.10813015798
2023-07-24,118243.65118205312,116883.22098674807,114595.10813015798
2023-07-25,118243.65118205312,116883.22098674807,114595.10813015798
2023-07-26,118243.65118205312,116883.22098674807,114595.10813015798
2023-07-27,118243.65118205312,116883.22098674807,114595.10813015798
2023-07-28,118243.65118205312,116883.22098674807,114595.10813015798
2023-07-29,118243.65118205312,116883.22098674807,114595.10813015798
2023-07-30,118243.65118205312,116883.22098674807,114595.10813015798
2023-07-31,118243.65118205312,116883.22098674807,114595.10813015798
2023-08-01,118243.65118205312,116883.22098674807,114595.10813015798
2023-08-02,118243.65118205312,116883.22098674807,114595.10813015798
2023-08-03,118219.09704361882,116831.80198674808,114560.08721015799
2023-08-04,118379.15228686796,116920.21007874807,114568.27290239799
2023-08-05,118299.5297205734,116884.71476817648,114596.60190239799
2023-08-06,118299.5297205734,116884.71476817648,114596.60190239799
2023-08-07,118063.39651989398,116718.45212317647,114561.05172165699
2023-08-08,117983.22101731192,116682.71794136787,114394.53507165698
2023-08-09,117983.22101731192,116682.71794136787,114394.53507165698
2023-08-10,117983.22101731192,116682.71794136787,114394.53507165698
2023-08-11,117983.22101731192,116682.71794136787,114394.53507165698
2023-08-12,117983.22101731192,116682.71794136787,114394.53507165698
2023-08-13,117983.22101731192,116682.71794136787,114394.53507165698
2023-08-14,117983.22101731192,116682.71794136787,114394.53507165698
2023-08-15,118388.84732668291,116869.49156136786,114359.14872165698
2023-08-16,119250.91052654486,117347.74156136786,114367.767871657
2023-08-17,123064.55574875599,119463.46071436786,114375.754891657
2023-08-18,124098.34350403518,120040.85773736786,114379.69425645699
2023-08-19,124027.8543243162,120005.71610216785,117717.513256457
2023-08-20,124196.38029463979,120146.52608716785,117680.36050585698
2023-08-21,124063.72112472367,120024.38058444264,117681.30107425697
2023-08-22,123911.84051800435,119884.42172268266,117681.08949953697
2023-08-23,123828.3946012725,119844.89458824265,117598.00549953697
2023-08-24,123828.3946012725,119844.89458824265,117598.00549953697
2023-08-25,123828.3946012725,119844.89458824265,117598.00549953697
2023-08-26,123828.3946012725,119844.89458824265,117598.00549953697
2023-08-27,123828.3946012725,119844.89458824265,117598.00549953697
2023-08-28,123828.3946012725,119844.89458824265,117598.00549953697
2023-08-29,123828.3946012725,119844.89458824265,117598.00549953697
2023-08-30,122956.8012132963,119386.97007824265,117552.46081053698
2023-08-31,122874.62338432496,119342.04985569694,117095.21081053698
2023-09-01,122874.62338432496,119342.04985569694,117095.21081053698
2023-09-02,122874.62338432496,119342.04985569694,117095.21081053698
2023-09-03,122874.62338432496,119342.04985569694,117095.21081053698
2023-09-04,122874.62338432496,119342.04985569694,117095.21081053698
2023-09-05,122874.62338432496,119342.04985569694,117095.21081053698
2023-09-06,122874.62338432496,119342.04985569694,117095.21081053698
2023-09-07,122874.62338432496,119342.04985569694,117095.21081053698
2023-09-08,122874.62338432496,119342.04985569694,117095.21081053698
2023-09-09,122830.28872600984,119285.40410569694,117057.38397371297
2023-09-10,122699.22900813121,119167.48193285114,117055.87740843298
2023-09-11,122616.63934737223,119125.68640112513,116948.21500843298
2023-09-12,122616.63934737223,119125.68640112513,116948.21500843298
2023-09-13,122616.63934737223,119125.68640112513,116948.21500843298
2023-09-14,122616.63934737223,119125.68640112513,116948.21500843298
2023-09-15,122616.63934737223,119125.68640112513,116948.21500843298
2023-09-16,122616.63934737223,119125.68640112513,116948.21500843298
2023-09-17,122520.90075883578,119021.52689612514,116907.66239923298
2023-09-18,122438.36540134359,118980.28952718755,116835.67114923298
2023-09-19,123332.00705753143,119835.66577718753,116795.87024901298
2023-09-20,123248.11176067067,119795.51610073954,117202.85479901299
2023-09-21,122077.04355119314,119197.89858573955,117159.05803426998
2023-09-22,121995.70838636857,119154.93720333713,116562.30588426998
2023-09-23,121995.70838636857,119154.93720333713,116562.30588426998
2023-09-24,121995.70838636857,119154.93720333713,116562.30588426998
2023-09-25,121995.70838636857,119154.93720333713,116562.30588426998
2023-09-26,121995.70838636857,119154.93720333713,116562.30588426998
2023-09-27,121995.70838636857,119154.93720333713,116562.30588426998
2023-09-28,121995.70838636857,119154.93720333713,116562.30588426998
2023-09-29,121995.70838636857,119154.93720333713,116562.30588426998
2023-09-30,121995.70838636857,119154.93720333713,116562.30588426998
2023-10-01,121995.70838636857,119154.93720333713,116562.30588426998
2023-10-02,121995.70838636857,119154.93720333713,116562.30588426998
2023-10-03,121995.70838636857,119154.93720333713,116562.30588426998
2023-10-04,121995.70838636857,119154.93720333713,116562.30588426998
2023-10-05,121995.70838636857,119154.93720333713,116562.30588426998
2023-10-06,123011.1808226422,119634.52161833712,116521.97766197898
2023-10-07,122927.44303434779,119593.42234576422,117000.78101197898
2023-10-08,122927.44303434779,119593.42234576422,117000.78101197898
2023-10-09,122927.44303434779,119593.42234576422,117000.78101197898
2023-10-10,122927.44303434779,119593.42234576422,117000.78101197898
2023-10-11,122927.44303434779,119593.42234576422,117000.78101197898
2023-10-12,122927.44303434779,119593.42234576422,117000.78101197898
2023-10-13,122927.44303434779,119593.42234576422,117000.78101197898
2023-10-14,122927.44303434779,119593.42234576422,117000.78101197898
2023-10-15,122927.44303434779,119593.42234576422,117000.78101197898
2023-10-16,122927.44303434779,119593.42234576422,117000.78101197898
2023-10-17,122927.44303434779,119593.42234576422,117000.78101197898
2023-10-18,122927.44303434779,119593.42234576422,117000.78101197898
2023-10-19,122927.44303434779,119593.42234576422,117000.78101197898
2023-10-20,124740.17659867671,120505.68178076422,116959.08918040898
2023-10-21,124654.6160891388,120462.56692605303,117869.88568040897
2023-10-22,124654.6160891388,120462.56692605303,117869.88568040897
2023-10-23,124654.6160891388,120462.56692605303,117869.88568040897
2023-10-24,124654.6160891388,120462.56692605303,117869.88568040897
2023-10-25,123696.11923282995,119838.36283105303,117829.35046040898
2023-10-26,124282.25120622675,120193.10164605302,117839.59597040899
2023-10-27,124728.18193068638,120462.98714405304,117849.76357040899
2023-10-28,124432.73933741015,120284.17475005303,117859.98787040898
2023-10-29,123714.5561981893,119849.50905005305,117870.34564040898
2023-10-30,123816.20573530682,119911.02681705303,117880.688050409
2023-10-31,123560.60758346878,119756.32923605303,117891.07999040898
2023-11-01,122286.26412074696,118985.06116705303,117901.70641040898
2023-11-02,123096.65586851501,119475.52759605303,117912.18889040899
2023-11-03,123485.42945195008,119710.82007305304,117922.60393040898
2023-11-04,122932.12835796305,119375.94510705303,117933.12256040899
2023-11-05,123032.44104138148,119436.65372805303,117943.62613040899
2023-11-06,122993.27664661343,119412.94729205302,117954.13996040898
2023-11-07,122427.350209803,119070.43111905303,117964.75969040899
2023-11-08,122072.14849514632,118855.45085505303,117975.44710040899
2023-11-09,120317.43303480101,117789.76827105304,117990.13744970599
2023-11-10,119344.40905162702,117203.91861634732,118001.95534261799
2023-11-11,119653.39162651617,117387.36651876391,118017.27332411798
2023-11-12,119802.77499183729,117468.55450026391,118041.78677857599
2023-11-13,120834.90248841676,118094.2679745633,118065.06906948399
2023-11-14,122370.13956766897,119029.29028462691,118082.21470221998
2023-11-15,118575.94704861232,116739.42591254011,118093.57216221998
2023-11-16,118482.05924733075,116693.9960725401,114101.28486221998
2023-11-17,118482.05924733075,116693.9960725401,114101.28486221998
2023-11-18,118482.05924733075,116693.9960725401,114101.28486221998
2023-11-19,118482.05924733075,116693.9960725401,114101.28486221998
2023-11-20,118482.05924733075,116693.9960725401,114101.28486221998
2023-11-21,118482.05924733075,116693.9960725401,114101.28486221998
2023-11-22,118482.05924733075,116693.9960725401,114101.28486221998
2023-11-23,118482.05924733075,116693.9960725401,114101.28486221998
2023-11-24,118482.05924733075,116693.9960725401,114101.28486221998
2023-11-25,118482.05924733075,116693.9960725401,114101.28486221998
2023-11-26,118482.05924733075,116693.9960725401,114101.28486221998
2023-11-27,118482.05924733075,116693.9960725401,114101.28486221998
2023-11-28,118482.05924733075,116693.9960725401,114101.28486221998
2023-11-29,118482.05924733075,116693.9960725401,114101.28486221998
2023-11-30,118482.05924733075,116693.9960725401,114101.28486221998
2023-12-01,118482.05924733075,116693.9960725401,114101.28486221998
2023-12-02,118482.05924733075,116693.9960725401,114101.28486221998
2023-12-03,118482.05924733075,116693.9960725401,114101.28486221998
2023-12-04,118482.05924733075,116693.9960725401,114101.28486221998
2023-12-05,118482.05924733075,116693.9960725401,114101.28486221998
2023-12-06,118482.05924733075,116693.9960725401,114101.28486221998
2023-12-07,118482.05924733075,116693.9960725401,114101.28486221998
2023-12-08,118482.05924733075,116693.9960725401,114101.28486221998
2023-12-09,119038.28567809895,117085.1395725401,114060.75600149998
2023-12-10,118981.05909251633,117034.95721182009,114089.23231334999
2023-12-11,122058.0460285256,119599.5435301731,114103.55961916999
2023-12-12,121983.35352658085,119551.9807209931,116959.27951916998
2023-12-13,121983.35352658085,119551.9807209931,116959.27951916998
2023-12-14,121983.35352658085,119551.9807209931,116959.27951916998
2023-12-15,121983.35352658085,119551.9807209931,116959.27951916998
2023-12-16,121983.35352658085,119551.9807209931,116959.27951916998
2023-12-17,121983.35352658085,119551.9807209931,116959.27951916998
2023-12-18,121983.35352658085,119551.9807209931,116959.27951916998
2023-12-19,121983.35352658085,119551.9807209931,116959.27951916998
2023-12-20,121983.35352658085,119551.9807209931,116959.27951916998
2023-12-21,121983.35352658085,119551.9807209931,116959.27951916998
2023-12-22,121864.9001531449,119378.93803599311,116927.97038679998
2023-12-23,122221.33525560753,119680.3016349939,116946.04168352198
2023-12-24,122139.3223073103,119632.82969017551,117040.08838352199
2023-12-25,122139.3223073103,119632.82969017551,117040.08838352199
2023-12-26,122139.3223073103,119632.82969017551,117040.08838352199
2023-12-27,120977.94815003057,118649.14629517551,117018.827595085
2023-12-28,122151.5083654388,119556.738807805,117061.839166261
2023-12-29,122876.26975207057,120096.5603385602,117125.84999614098
2023-12-30,122843.8345944768,120087.24109235819,117174.08167650599
2023-12-31,122711.11668239151,119992.17274983219,117214.68450340598
2024-01-01,122629.123315437,119969.35018752719,117376.55910340598
2024-01-02,121730.38049930066,119135.72086252719,117379.84727850098
2024-01-03,124380.02959516647,121306.9584530977,117400.53379796498
2024-01-04,124299.76824676826,121263.37714204629,118670.66599796498
2024-01-05,124299.76824676826,121263.37714204629,118670.66599796498
2024-01-06,124299.76824676826,121263.37714204629,118670.66599796498
2024-01-07,124299.76824676826,121263.37714204629,118670.66599796498
2024-01-08,124299.76824676826,121263.37714204629,118670.66599796498
2024-01-09,124299.76824676826,121263.37714204629,118670.66599796498
2024-01-10,124299.76824676826,121263.37714204629,118670.66599796498
2024-01-11,124299.76824676826,121263.37714204629,118670.66599796498
2024-01-12,124299.76824676826,121263.37714204629,118670.66599796498
2024-01-13,124299.76824676826,121263.37714204629,118670.66599796498
2024-01-14,124299.76824676826,121263.37714204629,118670.66599796498
2024-01-15,124299.76824676826,121263.37714204629,118670.66599796498
2024-01-16,124299.76824676826,121263.37714204629,118670.66599796498
2024-01-17,124299.76824676826,121263.37714204629,118670.66599796498
2024-01-18,124299.76824676826,121263.37714204629,118670.66599796498
2024-01-19,124702.97787128114,121532.90587704629,118596.17704796499
2024-01-20,124736.08942540674,121557.41816804628,118583.66824796498
2024-01-21,124562.85804037839,121429.19935604627,118571.19415796497
2024-01-22,121827.32705007496,119404.41525704628,118559.32375796497
2024-01-23,122256.55458574186,119722.12485104628,118547.35447796498
2024-01-24,122493.39820550923,119897.43557104627,118535.32900796497
2024-01-25,122309.90377970654,119761.62010704627,118523.34067796498
2024-01-26,124809.87105517398,121612.05178004627,118510.79362796497
2024-01-27,125195.88628202185,121896.62472704626,118499.30902516897
2024-01-28,125060.79474605869,121795.57011607048,118488.91683569398
2024-01-29,126762.26868898794,123056.81793648546,118476.29756285998
2024-01-30,126259.29327482052,122682.59866365147,118465.71644640897
2024-01-31,125758.54493479134,122310.91754720049,118456.28327320897
2024-02-01,126420.76433827578,122804.42437400049,118443.35840320899
2024-02-02,126333.47180540078,122726.88506700048,120134.13405320898
2024-02-03,126333.47180540078,122726.88506700048,120134.13405320898
2024-02-04,125724.67627314338,122234.14841700047,120058.05486837198
2024-02-05,125640.40477287298,122158.71156759407,119565.98051837197
2024-02-06,125640.40477287298,122158.71156759407,119565.98051837197
2024-02-07,125640.40477287298,122158.71156759407,119565.98051837197
2024-02-08,126796.48782245346,123031.23716759408,119490.79465449697
2024-02-09,129130.12852447011,124866.69571328157,119479.97249228897
2024-02-10,129900.1559079967,125474.19355796187,119466.58260633798
2024-02-11,129808.9986441948,125389.16705481497,122796.45595633797
2024-02-12,129808.9986441948,125389.16705481497,122796.45595633797
2024-02-13,129808.9986441948,125389.16705481497,122796.45595633797
2024-02-14,129808.9986441948,125389.16705481497,122796.45595633797
2024-02-15,129808.9986441948,125389.16705481497,122796.45595633797
2024-02-16,129808.9986441948,125389.16705481497,122796.45595633797
2024-02-17,129808.9986441948,125389.16705481497,122796.45595633797
2024-02-18,129808.9986441948,125389.16705481497,122796.45595633797
2024-02-19,129808.9986441948,125389.16705481497,122796.45595633797
2024-02-20,129808.9986441948,125389.16705481497,122796.45595633797
2024-02-21,129808.9986441948,125389.16705481497,122796.45595633797
2024-02-22,129808.9986441948,125389.16705481497,122796.45595633797
2024-02-23,129808.9986441948,125389.16705481497,122796.45595633797
2024-02-24,129808.9986441948,125389.16705481497,122796.45595633797
2024-02-25,129808.9986441948,125389.16705481497,122796.45595633797
2024-02-26,129808.9986441948,125389.16705481497,122796.45595633797
2024-02-27,129808.9986441948,125389.16705481497,122796.45595633797
2024-02-28,124324.0332943495,125389.16705481497,122796.45595633797
2024-02-29,125782.5820954171,125389.16705481497,122796.45595633797
2024-03-01,124600.79977818795,125389.16705481497,122796.45595633797
2024-03-02,125104.15617779412,125389.16705481497,122796.45595633797
2024-03-03,124037.32402824504,125389.16705481497,122796.45595633797
2024-03-04,123940.38412168651,125389.16705481497,122796.45595633797
2024-03-05,127720.53807268979,125389.16705481497,122796.45595633797
2024-03-06,125865.4579698004,125389.16705481497,122796.45595633797
2024-03-07,125784.47382861513,125389.16705481497,122796.45595633797
2024-03-08,125784.47382861513,125389.16705481497,122796.45595633797
2024-03-09,125784.47382861513,125389.16705481497,122796.45595633797
2024-03-10,125784.47382861513,125389.16705481497,122796.45595633797
2024-03-11,125784.47382861513,125389.16705481497,122796.45595633797
2024-03-12,126324.83971868362,125389.16705481497,122796.45595633797
2024-03-13,126240.69454226234,125389.16705481497,122796.45595633797
2024-03-14,126240.69454226234,125389.16705481497,122796.45595633797
2024-03-15,126240.69454226234,125389.16705481497,122796.45595633797
2024-03-16,126240.69454226234,125389.16705481497,122796.45595633797
2024-03-17,126240.69454226234,125389.16705481497,122796.45595633797
2024-03-18,126240.69454226234,125389.16705481497,122796.45595633797
2024-03-19,126240.69454226234,125389.16705481497,122796.45595633797
2024-03-20,126240.69454226234,125389.16705481497,122796.45595633797
2024-03-21,126240.69454226234,125389.16705481497,122796.45595633797
2024-03-22,126240.69454226234,125389.16705481497,122796.45595633797
2024-03-23,126240.69454226234,125389.16705481497,122796.45595633797
2024-03-24,126240.69454226234,125389.16705481497,122796.45595633797
2024-03-25,126240.69454226234,125389.16705481497,122796.45595633797
2024-03-26,126240.69454226234,125389.16705481497,122796.45595633797
2024-03-27,126240.69454226234,125389.16705481497,122796.45595633797
2024-03-28,126240.69454226234,125389.16705481497,122796.45595633797
2024-03-29,126240.69454226234,125389.16705481497,122796.45595633797
2024-03-30,126240.69454226234,125389.16705481497,122796.45595633797
2024-03-31,126240.69454226234,125389.16705481497,122796.45595633797
2024-04-01,126240.69454226234,125389.16705481497,122796.45595633797
2024-04-02,126240.69454226234,125389.16705481497,122796.45595633797
2024-04-03,126240.69454226234,125389.16705481497,122796.45595633797
2024-04-04,126240.69454226234,125389.16705481497,122796.45595633797
2024-04-05,126240.69454226234,125389.16705481497,122796.45595633797
2024-04-06,126240.69454226234,125389.16705481497,122796.45595633797
2024-04-07,126240.69454226234,125389.16705481497,122796.45595633797
2024-04-08,126240.69454226234,125389.16705481497,122796.45595633797
2024-04-09,126240.69454226234,125389.16705481497,122796.45595633797
2024-04-10,126240.69454226234,125389.16705481497,122796.45595633797
2024-04-11,126240.69454226234,125389.16705481497,122796.45595633797
2024-04-12,126240.69454226234,125389.16705481497,122796.45595633797
2024-04-13,126240.69454226234,125389.16705481497,122796.45595633797
2024-04-14,126240.69454226234,125389.16705481497,122796.45595633797
2024-04-15,126240.69454226234,125389.16705481497,122796.45595633797
2024-04-16,126535.46829683904,125389.16705481497,122796.45595633797
2024-04-17,124276.09190436704,125389.16705481497,122796.45595633797
2024-04-18,126231.8229736638,125389.16705481497,122796.45595633797
2024-04-19,126537.64752774392,125389.16705481497,122796.45595633797
2024-04-20,127533.88423299501,125389.16705481497,122796.45595633797
2024-04-21,127528.94613936899,125389.16705481497,122796.45595633797
2024-04-22,129204.12810864917,125389.16705481497,122796.45595633797
2024-04-23,128839.87249284936,125389.16705481497,122796.45595633797
2024-04-24,126931.87483467103,125389.16705481497,122796.45595633797
2024-04-25,126845.643192667,125389.16705481497,122796.45595633797
2024-04-26,126845.643192667,125389.16705481497,122796.45595633797
2024-04-27,126530.3336300558,125389.16705481497,122796.45595633797
2024-04-28,126445.28240582116,125389.16705481497,122796.45595633797
2024-04-29,127081.08242815848,125389.16705481497,122796.45595633797
2024-04-30,126994.87937148643,125389.16705481497,122796.45595633797
2024-05-01,126994.87937148643,125389.16705481497,122796.45595633797
2024-05-02,126994.87937148643,125389.16705481497,122796.45595633797
2024-05-03,126994.87937148643,125389.16705481497,122796.45595633797
2024-05-04,127873.374921557,125389.16705481497,122796.45595633797
2024-05-05,127786.4269162712,125389.16705481497,122796.45595633797
2024-05-06,127786.4269162712,125389.16705481497,122796.45595633797
2024-05-07,126972.7982398507,125389.16705481497,122796.45595633797
2024-05-08,126887.85409308705,125389.16705481497,122796.45595633797
2024-05-09,126887.85409308705,125389.16705481497,122796.45595633797
2024-05-10,126887.85409308705,125389.16705481497,122796.45595633797
2024-05-11,126887.85409308705,125389.16705481497,122796.45595633797
2024-05-12,126887.85409308705,125389.16705481497,122796.45595633797
2024-05-13,126887.85409308705,125389.16705481497,122796.45595633797
2024-05-14,126887.85409308705,125389.16705481497,122796.45595633797
2024-05-15,126887.85409308705,125389.16705481497,122796.45595633797
2024-05-16,126887.85409308705,125389.16705481497,122796.45595633797
2024-05-17,126887.85409308705,125389.16705481497,122796.45595633797
2024-05-18,126762.32915524874,125389.16705481497,122796.45595633797
2024-05-19,126676.97546480625,125389.16705481497,122796.45595633797
2024-05-20,126676.97546480625,125389.16705481497,122796.45595633797
2024-05-21,126676.97546480625,125389.16705481497,122796.45595633797
2024-05-22,126676.97546480625,125389.16705481497,122796.45595633797
2024-05-23,126676.97546480625,125389.16705481497,122796.45595633797
2024-05-24,126676.97546480625,125389.16705481497,122796.45595633797
2024-05-25,126676.97546480625,125389.16705481497,122796.45595633797
2024-05-26,126676.97546480625,125389.16705481497,122796.45595633797
2024-05-27,126676.97546480625,125389.16705481497,122796.45595633797
2024-05-28,126676.97546480625,125389.16705481497,122796.45595633797
2024-05-29,126676.97546480625,125389.16705481497,122796.45595633797
2024-05-30,126676.97546480625,125389.16705481497,122796.45595633797
2024-05-31,126676.97546480625,125389.16705481497,122796.45595633797
2024-06-01,126676.97546480625,125389.16705481497,122796.45595633797
2024-06-02,126676.97546480625,125389.16705481497,122796.45595633797
2024-06-03,126676.97546480625,125389.16705481497,122796.45595633797
2024-06-04,126676.97546480625,125389.16705481497,122796.45595633797
2024-06-05,126676.97546480625,125389.16705481497,122796.45595633797
2024-06-06,126676.97546480625,125389.16705481497,122796.45595633797
2024-06-07,126676.97546480625,125389.16705481497,122796.45595633797
2024-06-08,126676.97546480625,125389.16705481497,122796.45595633797
2024-06-09,126676.97546480625,125389.16705481497,122796.45595633797
2024-06-10,126676.97546480625,125389.16705481497,122796.45595633797
2024-06-11,126676.97546480625,125389.16705481497,122796.45595633797
2024-06-12,126676.97546480625,125389.16705481497,122796.45595633797
2024-06-13,126676.97546480625,125389.16705481497,122796.45595633797
2024-06-14,126676.97546480625,125389.16705481497,122796.45595633797
2024-06-15,126676.97546480625,125389.16705481497,122796.45595633797
2024-06-16,126676.97546480625,125389.16705481497,122796.45595633797
2024-06-17,126676.97546480625,125389.16705481497,122796.45595633797
2024-06-18,126676.97546480625,125389.16705481497,122796.45595633797
2024-06-19,126676.97546480625,125389.16705481497,122796.45595633797
2024-06-20,126676.97546480625,125389.16705481497,122796.45595633797
2024-06-21,126676.97546480625,125389.16705481497,122796.45595633797
2024-06-22,126676.97546480625,125389.16705481497,122796.45595633797
2024-06-23,126676.97546480625,125389.16705481497,122796.45595633797
2024-06-24,126676.97546480625,125389.16705481497,122796.45595633797
2024-06-25,126676.97546480625,125389.16705481497,122796.45595633797
2024-06-26,126676.97546480625,125389.16705481497,122796.45595633797
2024-06-27,126676.97546480625,125389.16705481497,122796.45595633797
2024-06-28,126676.97546480625,125389.16705481497,122796.45595633797
2024-06-29,126676.97546480625,125389.16705481497,122796.45595633797
2024-06-30,126676.97546480625,125389.16705481497,122796.45595633797
2024-07-01,126676.97546480625,125389.16705481497,122796.45595633797
2024-07-02,126676.97546480625,125389.16705481497,122796.45595633797
2024-07-03,126676.97546480625,125389.16705481497,122796.45595633797
2024-07-04,126676.97546480625,125389.16705481497,122796.45595633797
2024-07-05,126676.97546480625,125389.16705481497,122796.45595633797
2024-07-06,126676.97546480625,125389.16705481497,122796.45595633797
2024-07-07,126676.97546480625,125389.16705481497,122796.45595633797
2024-07-08,126676.97546480625,125389.16705481497,122796.45595633797
2024-07-09,126676.97546480625,125389.16705481497,122796.45595633797
2024-07-10,126676.97546480625,125389.16705481497,122796.45595633797
2024-07-11,126676.97546480625,125389.16705481497,122796.45595633797
2024-07-12,126676.97546480625,125389.16705481497,122796.45595633797
2024-07-13,126676.97546480625,125389.16705481497,122796.45595633797
2024-07-14,126676.97546480625,125389.16705481497,122796.45595633797
2024-07-15,126676.97546480625,125389.16705481497,122796.45595633797
2024-07-16,126926.1664008064,125389.16705481497,122796.45595633797
2024-07-17,126085.1655708719,125389.16705481497,122796.45595633797
2024-07-18,125994.14533462547,125389.16705481497,122796.45595633797
2024-07-19,125909.7656805911,125389.16705481497,122796.45595633797
2024-07-20,125909.7656805911,125389.16705481497,122796.45595633797
2024-07-21,126746.91177551425,125389.16705481497,122796.45595633797
2024-07-22,126203.08353272924,125389.16705481497,122796.45595633797
2024-07-23,126117.74629459216,125389.16705481497,122796.45595633797
2024-07-24,126117.74629459216,125389.16705481497,122796.45595633797
2024-07-25,126117.74629459216,125389.16705481497,122796.45595633797
2024-07-26,126117.74629459216,125389.16705481497,122796.45595633797
2024-07-27,126117.74629459216,125389.16705481497,122796.45595633797
2024-07-28,126117.74629459216,125389.16705481497,122796.45595633797
2024-07-29,126117.74629459216,125389.16705481497,122796.45595633797
2024-07-30,126117.74629459216,125389.16705481497,122796.45595633797
2024-07-31,126117.74629459216,125389.16705481497,122796.45595633797
2024-08-01,126117.74629459216,125389.16705481497,122796.45595633797
2024-08-02,126117.74629459216,125389.16705481497,122796.45595633797
2024-08-03,126117.74629459216,125389.16705481497,122796.45595633797
2024-08-04,126117.74629459216,125389.16705481497,122796.45595633797
2024-08-05,126117.74629459216,125389.16705481497,122796.45595633797
2024-08-06,126117.74629459216,125389.16705481497,122796.45595633797
2024-08-07,125193.76004876781,124417.29405481498,122796.45595633797
2024-08-08,131816.84851918678,130971.52128809178,122796.45595633797
2024-08-09,131723.29393757266,130874.76446057878,122796.45595633797
2024-08-10,131723.29393757266,130874.76446057878,122796.45595633797
2024-08-11,129543.87412726719,130874.76446057878,122796.45595633797
2024-08-12,129458.34447266514,130874.76446057878,122796.45595633797
2024-08-13,129458.34447266514,130874.76446057878,122796.45595633797
2024-08-14,129458.34447266514,130874.76446057878,122796.45595633797
2024-08-15,128301.69478390906,129644.40937557878,122796.45595633797
2024-08-16,129634.73757442711,130982.74254587677,122796.45595633797
2024-08-17,130243.2144672521,131611.42410541076,122796.45595633797
2024-08-18,130154.78822604935,131518.65408096445,122796.45595633797
2024-08-19,130154.78822604935,131518.65408096445,122796.45595633797
2024-08-20,129707.61732319678,131518.65408096445,122796.45595633797
2024-08-21,129620.55029868508,131518.65408096445,122796.45595633797
2024-08-22,129620.55029868508,131518.65408096445,122796.45595633797
2024-08-23,133126.67362293642,131518.65408096445,122796.45595633797
2024-08-24,133034.04372921432,131518.65408096445,122796.45595633797
2024-08-25,133034.04372921432,131518.65408096445,122796.45595633797
2024-08-26,133034.04372921432,131518.65408096445,122796.45595633797
2024-08-27,133034.04372921432,131518.65408096445,122796.45595633797
2024-08-28,133034.04372921432,131518.65408096445,122796.45595633797
2024-08-29,133034.04372921432,131518.65408096445,122796.45595633797
2024-08-30,133034.04372921432,131518.65408096445,122796.45595633797
2024-08-31,133034.04372921432,131518.65408096445,122796.45595633797
2024-09-01,133034.04372921432,131518.65408096445,122796.45595633797
2024-09-02,133034.04372921432,131518.65408096445,122796.45595633797
2024-09-03,133034.04372921432,131518.65408096445,122796.45595633797
2024-09-04,133034.04372921432,131518.65408096445,122796.45595633797
2024-09-05,133034.04372921432,131518.65408096445,122796.45595633797
2024-09-06,133034.04372921432,131518.65408096445,122796.45595633797
2024-09-07,133034.04372921432,131518.65408096445,122796.45595633797
2024-09-08,133791.29735936938,132146.50279096444,122796.45595633797
2024-09-09,133700.49029868355,132068.31256351495,122796.45595633797
2024-09-10,134302.13723165749,132576.72954851494,122796.45595633797
2024-09-11,133998.2130321706,132284.55156174654,122796.45595633797
2024-09-12,134838.1038726441,133088.28187430656,122796.45595633797
2024-09-13,134746.288924611,133004.23987677696,122796.45595633797
2024-09-14,134746.288924611,133004.23987677696,122796.45595633797
2024-09-15,134746.288924611,133004.23987677696,122796.45595633797
2024-09-16,134746.288924611,133004.23987677696,122796.45595633797
2024-09-17,134746.288924611,133004.23987677696,122796.45595633797
2024-09-18,134746.288924611,133004.23987677696,122796.45595633797
2024-09-19,134746.288924611,133004.23987677696,122796.45595633797
2024-09-20,134746.288924611,133004.23987677696,122796.45595633797
2024-09-21,134746.288924611,133004.23987677696,122796.45595633797
2024-09-22,134746.288924611,133004.23987677696,122796.45595633797
2024-09-23,134746.288924611,133004.23987677696,122796.45595633797
2024-09-24,134746.288924611,133004.23987677696,122796.45595633797
2024-09-25,134746.288924611,133004.23987677696,122796.45595633797
2024-09-26,134746.288924611,133004.23987677696,122796.45595633797
2024-09-27,134746.288924611,133004.23987677696,122796.45595633797
2024-09-28,134746.288924611,133004.23987677696,122796.45595633797
2024-09-29,134746.288924611,133004.23987677696,122796.45595633797
2024-09-30,134746.288924611,133004.23987677696,122796.45595633797
2024-10-01,134746.288924611,133004.23987677696,122796.45595633797
2024-10-02,134885.15968886542,133004.23987677696,122796.45595633797
2024-10-03,134794.4638040594,133004.23987677696,122796.45595633797
2024-10-04,134794.4638040594,133004.23987677696,122796.45595633797
2024-10-05,134794.4638040594,133004.23987677696,122796.45595633797
2024-10-06,134794.4638040594,133004.23987677696,122796.45595633797
2024-10-07,134794.4638040594,133004.23987677696,122796.45595633797
2024-10-08,134794.4638040594,133004.23987677696,122796.45595633797
2024-10-09,134794.4638040594,133004.23987677696,122796.45595633797
2024-10-10,134794.4638040594,133004.23987677696,122796.45595633797
2024-10-11,134794.4638040594,133004.23987677696,122796.45595633797
2024-10-12,134794.4638040594,133004.23987677696,122796.45595633797
2024-10-13,134794.4638040594,133004.23987677696,122796.45595633797
2024-10-14,134794.4638040594,133004.23987677696,122796.45595633797
2024-10-15,134794.4638040594,133004.23987677696,122796.45595633797
2024-10-16,134287.14277551608,133004.23987677696,122796.45595633797
2024-10-17,134195.44032494645,133004.23987677696,122796.45595633797
2024-10-18,133282.8436681215,133004.23987677696,122796.45595633797
2024-10-19,133345.96916931716,133004.23987677696,122796.45595633797
2024-10-20,132779.03943912734,133004.23987677696,122796.45595633797
2024-10-21,134278.27904479465,133004.23987677696,122796.45595633797
2024-10-22,134252.96900734212,133004.23987677696,122796.45595633797
2024-10-23,134948.87426668467,133004.23987677696,122796.45595633797
2024-10-24,133597.8240377605,133004.23987677696,122796.45595633797
2024-10-25,134958.53285582186,133004.23987677696,122796.45595633797
2024-10-26,134618.83698129922,133004.23987677696,122796.45595633797
2024-10-27,134528.71207192805,133004.23987677696,122796.45595633797
2024-10-28,134528.71207192805,133004.23987677696,122796.45595633797
2024-10-29,134528.71207192805,133004.23987677696,122796.45595633797
2024-10-30,134842.33378320723,133004.23987677696,122796.45595633797
2024-10-31,136567.49353221344,133004.23987677696,122796.45595633797
2024-11-01,137247.01070572034,133004.23987677696,122796.45595633797
2024-11-02,137365.20570759568,133004.23987677696,122796.45595633797
2024-11-03,137880.45558736598,133004.23987677696,122796.45595633797
2024-11-04,138667.6892639871,133004.23987677696,122796.45595633797
2024-11-05,137418.88618967956,133004.23987677696,122796.45595633797
2024-11-06,132280.12962852535,133004.23987677696,122796.45595633797
2024-11-07,132061.22750422935,133004.23987677696,122796.45595633797
2024-11-08,131538.02965435496,133004.23987677696,122796.45595633797
2024-11-09,131417.67648247626,133004.23987677696,122796.45595633797
2024-11-10,128379.17066688309,133004.23987677696,122796.45595633797
2024-11-11,121534.8593603653,133004.23987677696,122796.45595633797
2024-11-12,122210.13159434417,133004.23987677696,122796.45595633797
2024-11-13,120228.13633957625,133004.23987677696,122796.45595633797
2024-11-14,122786.8279006704,133004.23987677696,122796.45595633797
2024-11-15,119726.95305435064,133004.23987677696,122796.45595633797
2024-11-16,120122.30471904775,133004.23987677696,122796.45595633797
2024-11-17,120757.51338219941,133004.23987677696,122796.45595633797
2024-11-18,120302.65647082376,133004.23987677696,122796.45595633797
2024-11-19,118820.00779742727,133004.23987677696,122796.45595633797
2024-11-20,117199.94195413495,133004.23987677696,122796.45595633797
2024-11-21,117082.25060239197,133004.23987677696,122796.45595633797
2024-11-22,117082.25060239197,133004.23987677696,122796.45595633797
2024-11-23,117082.25060239197,133004.23987677696,122796.45595633797
2024-11-24,117082.25060239197,133004.23987677696,122796.45595633797
2024-11-25,117082.25060239197,133004.23987677696,122796.45595633797
2024-11-26,117683.65204889621,133004.23987677696,122796.45595633797
2024-11-27,115508.17822131874,133004.23987677696,122796.45595633797
2024-11-28,115651.84086240472,133004.23987677696,122796.45595633797
2024-11-29,115570.58008844682,133004.23987677696,122796.45595633797
2024-11-30,115570.58008844682,133004.23987677696,122796.45595633797
2024-12-01,115570.58008844682,133004.23987677696,122796.45595633797
2024-12-02,115570.58008844682,133004.23987677696,122796.45595633797
2024-12-03,115565.47954622444,133004.23987677696,122796.45595633797
2024-12-04,115487.47497137562,133004.23987677696,122796.45595633797
2024-12-05,116401.6241292558,133004.23987677696,122796.45595633797
2024-12-06,114947.09209209011,133004.23987677696,122796.45595633797
2024-12-07,114868.23904429724,133004.23987677696,122796.45595633797
2024-12-08,114868.23904429724,133004.23987677696,122796.45595633797
2024-12-09,114868.23904429724,133004.23987677696,122796.45595633797
2024-12-10,114868.23904429724,133004.23987677696,122796.45595633797
2024-12-11,114868.23904429724,133004.23987677696,122796.45595633797
2024-12-12,114868.23904429724,133004.23987677696,122796.45595633797
2024-12-13,114868.23904429724,133004.23987677696,122796.45595633797
2024-12-14,114868.23904429724,133004.23987677696,122796.45595633797
2024-12-15,114868.23904429724,133004.23987677696,122796.45595633797
2024-12-16,114868.23904429724,133004.23987677696,122796.45595633797
2024-12-17,114868.23904429724,133004.23987677696,122796.45595633797
2024-12-18,114868.23904429724,133004.23987677696,122796.45595633797
2024-12-19,114868.23904429724,133004.23987677696,122796.45595633797
2024-12-20,114868.23904429724,133004.23987677696,122796.45595633797
2024-12-21,114868.23904429724,133004.23987677696,122796.45595633797
2024-12-22,114868.23904429724,133004.23987677696,122796.45595633797
2024-12-23,114868.23904429724,133004.23987677696,122796.45595633797
2024-12-24,114868.23904429724,133004.23987677696,122796.45595633797
2024-12-25,114868.23904429724,133004.23987677696,122796.45595633797
2024-12-26,114868.23904429724,133004.23987677696,122796.45595633797
2024-12-27,114868.23904429724,133004.23987677696,122796.45595633797
2024-12-28,114868.23904429724,133004.23987677696,122796.45595633797
2024-12-29,114868.23904429724,133004.23987677696,122796.45595633797
2024-12-30,114868.23904429724,133004.23987677696,122796.45595633797
2024-12-31,114868.23904429724,133004.23987677696,122796.45595633797
2025-01-01,114868.23904429724,133004.23987677696,122796.45595633797
2025-01-02,114868.23904429724,133004.23987677696,122796.45595633797
2025-01-03,114868.23904429724,133004.23987677696,122796.45595633797
2025-01-04,114868.23904429724,133004.23987677696,122796.45595633797
2025-01-05,114868.23904429724,133004.23987677696,122796.45595633797
2025-01-06,114868.23904429724,133004.23987677696,122796.45595633797
2025-01-07,114868.23904429724,133004.23987677696,122796.45595633797
2025-01-08,114868.23904429724,133004.23987677696,122796.45595633797
2025-01-09,114868.23904429724,133004.23987677696,122796.45595633797
2025-01-10,116048.78133967784,133004.23987677696,122796.45595633797
2025-01-11,115971.93710090977,133004.23987677696,122796.45595633797
2025-01-12,115933.46655936283,133004.23987677696,122796.45595633797
2025-01-13,115921.54465602024,133004.23987677696,122796.45595633797
2025-01-14,117034.79877026856,133004.23987677696,122796.45595633797
2025-01-15,116954.04724344707,133004.23987677696,122796.45595633797
2025-01-16,116954.04724344707,133004.23987677696,122796.45595633797
2025-01-17,119067.92777149801,133004.23987677696,122796.45595633797
2025-01-18,118985.89964712849,133004.23987677696,122796.45595633797
2025-01-19,118985.89964712849,133004.23987677696,122796.45595633797
2025-01-20,118985.89964712849,133004.23987677696,122796.45595633797
2025-01-21,118985.89964712849,133004.23987677696,122796.45595633797
2025-01-22,118985.89964712849,133004.23987677696,122796.45595633797
2025-01-23,118985.89964712849,133004.23987677696,122796.45595633797
2025-01-24,118985.89964712849,133004.23987677696,122796.45595633797
2025-01-25,118985.89964712849,133004.23987677696,122796.45595633797
2025-01-26,118985.89964712849,133004.23987677696,122796.45595633797
2025-01-27,118985.89964712849,133004.23987677696,122796.45595633797
2025-01-28,118555.27741242481,133004.23987677696,122796.45595633797
2025-01-29,118475.69587753204,133004.23987677696,122796.45595633797
2025-01-30,118475.69587753204,133004.23987677696,122796.45595633797
2025-01-31,118475.69587753204,133004.23987677696,122796.45595633797
2025-02-01,118475.69587753204,133004.23987677696,122796.45595633797
2025-02-02,118475.69587753204,133004.23987677696,122796.45595633797
2025-02-03,120412.11425185177,133004.23987677696,122796.45595633797
2025-02-04,120329.32000997284,133004.23987677696,122796.45595633797
2025-02-05,120329.32000997284,133004.23987677696,122796.45595633797
2025-02-06,120265.53540922342,133004.23987677696,122796.45595633797
2025-02-07,120228.04841774356,133004.23987677696,122796.45595633797
2025-02-08,120147.06350087824,133004.23987677696,122796.45595633797
2025-02-09,120121.33875088568,133004.23987677696,122796.45595633797
2025-02-10,120040.37287446427,133004.23987677696,122796.45595633797
2025-02-11,120040.37287446427,133004.23987677696,122796.45595633797
2025-02-12,121185.23519395097,133004.23987677696,122796.45595633797
2025-02-13,121102.59555191564,133004.23987677696,122796.45595633797
2025-02-14,121102.59555191564,133004.23987677696,122796.45595633797
2025-02-15,121102.59555191564,133004.23987677696,122796.45595633797
2025-02-16,120261.90891216346,133004.23987677696,122796.45595633797
2025-02-17,120065.51685105628,133004.23987677696,122796.45595633797
2025-02-18,119985.4244954505,133004.23987677696,122796.45595633797
2025-02-19,119985.4244954505,133004.23987677696,122796.45595633797
2025-02-20,119985.4244954505,133004.23987677696,122796.45595633797
2025-02-21,119985.4244954505,133004.23987677696,122796.45595633797
2025-02-22,120155.1478910954,133004.23987677696,122796.45595633797
2025-02-23,120073.99586473561,133004.23987677696,122796.45595633797
2025-02-24,120073.99586473561,133004.23987677696,122796.45595633797
2025-02-25,118345.56922990578,133004.23987677696,122796.45595633797
2025-02-26,118267.2001010775,133004.23987677696,122796.45595633797
2025-02-27,118267.2001010775,133004.23987677696,122796.45595633797
2025-02-28,118267.2001010775,133004.23987677696,122796.45595633797
2025-03-01,118267.2001010775,133004.23987677696,122796.45595633797
2025-03-02,123311.01323933966,133004.23987677696,122796.45595633797
2025-03-03,118340.63168563166,133004.23987677696,122796.45595633797
2025-03-04,118996.2380781575,133004.23987677696,122796.45595633797
2025-03-05,121042.02185545646,133004.23987677696,122796.45595633797
2025-03-06,120958.12671623698,133004.23987677696,122796.45595633797
2025-03-07,120958.12671623698,133004.23987677696,122796.45595633797
2025-03-08,120564.50822860387,133004.23987677696,122796.45595633797
2025-03-09,120483.56113644742,133004.23987677696,122796.45595633797
2025-03-10,120483.56113644742,133004.23987677696,122796.45595633797
2025-03-11,120483.56113644742,133004.23987677696,122796.45595633797
2025-03-12,120483.56113644742,133004.23987677696,122796.45595633797
2025-03-13,120483.56113644742,133004.23987677696,122796.45595633797
2025-03-14,120483.56113644742,133004.23987677696,122796.45595633797
2025-03-15,120483.56113644742,133004.23987677696,122796.45595633797
2025-03-16,119321.11383619672,133004.23987677696,122796.45595633797
2025-03-17,119241.6277384923,133004.23987677696,122796.45595633797
2025-03-18,119241.6277384923,133004.23987677696,122796.45595633797
2025-03-19,119241.6277384923,133004.23987677696,122796.45595633797
2025-03-20,119241.6277384923,133004.23987677696,122796.45595633797
2025-03-21,119241.6277384923,133004.23987677696,122796.45595633797
2025-03-22,119241.6277384923,133004.23987677696,122796.45595633797
2025-03-23,119241.6277384923,133004.23987677696,122796.45595633797
2025-03-24,119241.6277384923,133004.23987677696,122796.45595633797
2025-03-25,119241.6277384923,133004.23987677696,122796.45595633797
2025-03-26,118920.63967271743,133004.23987677696,122796.45595633797
2025-03-27,119115.95052629011,133004.23987677696,122796.45595633797
2025-03-28,119035.75769678781,133004.23987677696,122796.45595633797
2025-03-29,119035.75769678781,133004.23987677696,122796.45595633797
2025-03-30,119035.75769678781,133004.23987677696,122796.45595633797
2025-03-31,119035.75769678781,133004.23987677696,122796.45595633797
2025-04-01,119035.75769678781,133004.23987677696,122796.45595633797
2025-04-02,119035.75769678781,133004.23987677696,122796.45595633797
2025-04-03,119035.75769678781,133004.23987677696,122796.45595633797
2025-04-04,119035.75769678781,133004.23987677696,122796.45595633797
2025-04-05,119035.75769678781,133004.23987677696,122796.45595633797
2025-04-06,119035.75769678781,133004.23987677696,122796.45595633797
2025-04-07,119035.75769678781,133004.23987677696,122796.45595633797
2025-04-08,119035.75769678781,133004.23987677696,122796.45595633797
2025-04-09,119035.75769678781,133004.23987677696,122796.45595633797
2025-04-10,119035.75769678781,133004.23987677696,122796.45595633797
2025-04-11,119035.75769678781,133004.23987677696,122796.45595633797
2025-04-12,119035.75769678781,133004.23987677696,122796.45595633797
2025-04-13,119035.75769678781,133004.23987677696,122796.45595633797
2025-04-14,119035.75769678781,133004.23987677696,122796.45595633797
2025-04-15,119035.75769678781,133004.23987677696,122796.45595633797
2025-04-16,119035.75769678781,133004.23987677696,122796.45595633797
2025-04-17,119035.75769678781,133004.23987677696,122796.45595633797
2025-04-18,119035.75769678781,133004.23987677696,122796.45595633797
2025-04-19,119035.75769678781,133004.23987677696,122796.45595633797
2025-04-20,119035.75769678781,133004.23987677696,122796.45595633797
2025-04-21,120469.76222333401,133004.23987677696,122796.45595633797
2025-04-22,120387.35350925344,133004.23987677696,122796.45595633797
2025-04-23,120387.35350925344,133004.23987677696,122796.45595633797
2025-04-24,120387.35350925344,133004.23987677696,122796.45595633797
2025-04-25,120387.35350925344,133004.23987677696,122796.45595633797
2025-04-26,120387.35350925344,133004.23987677696,122796.45595633797
2025-04-27,119859.39012031478,133004.23987677696,122796.45595633797
2025-04-28,119779.02494442594,133004.23987677696,122796.45595633797
2025-04-29,119324.29753101864,133004.23987677696,122796.45595633797
2025-04-30,119244.2354897803,133004.23987677696,122796.45595633797
2025-05-01,120535.545224034,133004.23987677696,122796.45595633797
2025-05-02,120453.21955201836,133004.23987677696,122796.45595633797
2025-05-03,119852.65601671115,133004.23987677696,122796.45595633797
2025-05-04,119772.36234097871,133004.23987677696,122796.45595633797
2025-05-05,119772.36234097871,133004.23987677696,122796.45595633797
2025-05-06,119772.36234097871,133004.23987677696,122796.45595633797
2025-05-07,119772.36234097871,133004.23987677696,122796.45595633797
2025-05-08,119772.36234097871,133004.23987677696,122796.45595633797
2025-05-09,119772.36234097871,133004.23987677696,122796.45595633797
2025-05-10,118797.2151694033,133004.23987677696,122796.45595633797
2025-05-11,119172.14940474776,133004.23987677696,122796.45595633797
2025-05-12,119875.22329385186,133004.23987677696,122796.45595633797
2025-05-13,119794.532202316,133004.23987677696,122796.45595633797
2025-05-14,120087.06615987729,133004.23987677696,122796.45595633797
2025-05-15,120006.67587821948,133004.23987677696,122796.45595633797
2025-05-16,120006.67587821948,133004.23987677696,122796.45595633797
2025-05-17,120006.67587821948,133004.23987677696,122796.45595633797
2025-05-18,120006.67587821948,133004.23987677696,122796.45595633797
2025-05-19,120006.67587821948,133004.23987677696,122796.45595633797
2025-05-20,120006.67587821948,133004.23987677696,122796.45595633797
2025-05-21,120006.67587821948,133004.23987677696,122796.45595633797
2025-05-22,120006.67587821948,133004.23987677696,122796.45595633797
2025-05-23,122108.33917974308,133004.23987677696,122796.45595633797
2025-05-24,121902.27569111375,133004.23987677696,122796.45595633797
2025-05-25,121824.14225060574,133004.23987677696,122796.45595633797
2025-05-26,121824.14225060574,133004.23987677696,122796.45595633797
2025-05-27,122054.88230205362,133004.23987677696,122796.45595633797
2025-05-28,121973.03776317737,133004.23987677696,122796.45595633797
2025-05-29,121973.03776317737,133004.23987677696,122796.45595633797
2025-05-30,121973.03776317737,133004.23987677696,122796.45595633797
2025-05-31,121973.03776317737,133004.23987677696,122796.45595633797
2025-06-01,121973.03776317737,133004.23987677696,122796.45595633797
2025-06-02,121973.03776317737,133004.23987677696,122796.45595633797
2025-06-03,121973.03776317737,133004.23987677696,122796.45595633797
2025-06-04,121973.03776317737,133004.23987677696,122796.45595633797
2025-06-05,121973.03776317737,133004.23987677696,122796.45595633797
2025-06-06,121973.03776317737,133004.23987677696,122796.45595633797
2025-06-07,122612.93651293457,133004.23987677696,122796.45595633797
2025-06-08,122529.75963633458,133004.23987677696,122796.45595633797
2025-06-09,122529.75963633458,133004.23987677696,122796.45595633797
2025-06-10,122529.75963633458,133004.23987677696,122796.45595633797
2025-06-11,123328.50836430486,133004.23987677696,122796.45595633797
2025-06-12,123247.03128389554,133004.23987677696,122796.45595633797
2025-06-13,123247.03128389554,133004.23987677696,122796.45595633797
2025-06-14,123247.03128389554,133004.23987677696,122796.45595633797
2025-06-15,123247.03128389554,133004.23987677696,122796.45595633797
2025-06-16,123247.03128389554,133004.23987677696,122796.45595633797
2025-06-17,123247.03128389554,133004.23987677696,122796.45595633797
2025-06-18,123247.03128389554,133004.23987677696,122796.45595633797
2025-06-19,123247.03128389554,133004.23987677696,122796.45595633797
2025-06-20,123247.03128389554,133004.23987677696,122796.45595633797
2025-06-21,123247.03128389554,133004.23987677696,122796.45595633797
2025-06-22,123247.03128389554,133004.23987677696,122796.45595633797
2025-06-23,123247.03128389554,133004.23987677696,122796.45595633797
2025-06-24,123247.03128389554,133004.23987677696,122796.45595633797
2025-06-25,123247.03128389554,133004.23987677696,122796.45595633797
2025-06-26,123247.03128389554,133004.23987677696,122796.45595633797
2025-06-27,123247.03128389554,133004.23987677696,122796.45595633797
2025-06-28,123247.03128389554,133004.23987677696,122796.45595633797
2025-06-29,123247.03128389554,133004.23987677696,122796.45595633797
2025-06-30,123247.03128389554,133004.23987677696,122796.45595633797
2025-07-01,123247.03128389554,133004.23987677696,122796.45595633797
2025-07-02,123247.03128389554,133004.23987677696,122796.45595633797
2025-07-03,123247.03128389554,133004.23987677696,122796.45595633797
2025-07-04,123247.03128389554,133004.23987677696,122796.45595633797
2025-07-05,123247.03128389554,133004.23987677696,122796.45595633797
2025-07-06,123247.03128389554,133004.23987677696,122796.45595633797
2025-07-07,123247.03128389554,133004.23987677696,122796.45595633797
2025-07-08,123247.03128389554,133004.23987677696,122796.45595633797
2025-07-09,123247.03128389554,133004.23987677696,122796.45595633797
2025-07-10,123247.03128389554,133004.23987677696,122796.45595633797
2025-07-11,123247.03128389554,133004.23987677696,122796.45595633797
2025-07-12,123286.70861783065,133004.23987677696,122796.45595633797
2025-07-13,122517.46645830396,133004.23987677696,122796.45595633797
2025-07-14,122177.4334263065,133004.23987677696,122796.45595633797
2025-07-15,123176.61302028326,133004.23987677696,122796.45595633797
2025-07-16,122781.94840655345,133004.23987677696,122796.45595633797
2025-07-17,122540.75080831969,133004.23987677696,122796.45595633797
2025-07-18,123148.29900570898,133004.23987677696,122796.45595633797
2025-07-19,123204.98915196088,133004.23987677696,122796.45595633797
2025-07-20,123492.73179970967,133004.23987677696,122796.45595633797
2025-07-21,123454.98652946355,133004.23987677696,122796.45595633797
2025-07-22,122257.87051694011,133004.23987677696,122796.45595633797
2025-07-23,122839.9297247502,133004.23987677696,122796.45595633797
2025-07-24,123052.415090696,133004.23987677696,122796.45595633797
2025-07-25,123411.80562591393,133004.23987677696,122796.45595633797
2025-07-26,123284.3131683248,133004.23987677696,122796.45595633797
2025-07-27,122595.80969363221,133004.23987677696,122796.45595633797
2025-07-28,123250.78421497127,133004.23987677696,122796.45595633797
2025-07-29,123320.0928750014,133004.23987677696,122796.45595633797
2025-07-30,123388.86707550893,133004.23987677696,122796.45595633797
2025-07-31,124382.1730453328,133004.23987677696,122796.45595633797
2025-08-01,124300.2479793709,133004.23987677696,122796.45595633797
2025-08-02,124300.2479793709,133004.23987677696,122796.45595633797
2025-08-03,124300.2479793709,133004.23987677696,122796.45595633797
2025-08-04,124300.2479793709,133004.23987677696,122796.45595633797
2025-08-05,124300.2479793709,133004.23987677696,122796.45595633797
2025-08-06,124300.2479793709,133004.23987677696,122796.45595633797
2025-08-07,124300.2479793709,133004.23987677696,122796.45595633797
2025-08-08,124300.2479793709,133004.23987677696,122796.45595633797
2025-08-09,124300.2479793709,133004.23987677696,122796.45595633797
2025-08-10,124300.2479793709,133004.23987677696,122796.45595633797
2025-08-11,124300.2479793709,133004.23987677696,122796.45595633797
2025-08-12,123605.18823403808,133004.23987677696,122796.45595633797
2025-08-13,123520.27126308616,133004.23987677696,122796.45595633797
2025-08-14,123520.27126308616,133004.23987677696,122796.45595633797
2025-08-15,123947.60382267574,133004.23987677696,122796.45595633797
2025-08-16,123864.91779603017,133004.23987677696,122796.45595633797
2025-08-17,123864.91779603017,133004.23987677696,122796.45595633797
2025-08-18,123864.91779603017,133004.23987677696,122796.45595633797
2025-08-19,123864.91779603017,133004.23987677696,122796.45595633797
2025-08-20,123864.91779603017,133004.23987677696,122796.45595633797
2025-08-21,123864.91779603017,133004.23987677696,122796.45595633797
2025-08-22,123864.91779603017,133004.23987677696,122796.45595633797
2025-08-23,123864.91779603017,133004.23987677696,122796.45595633797
2025-08-24,123864.91779603017,133004.23987677696,122796.45595633797
2025-08-25,125512.336780352,133004.23987677696,122796.45595633797
2025-08-26,125431.23260838863,133004.23987677696,122796.45595633797
2025-08-27,125431.23260838863,133004.23987677696,122796.45595633797
2025-08-28,125431.23260838863,133004.23987677696,122796.45595633797
2025-08-29,125431.23260838863,133004.23987677696,122796.45595633797
2025-08-30,125431.23260838863,133004.23987677696,122796.45595633797
2025-08-31,125431.23260838863,133004.23987677696,122796.45595633797
2025-09-01,125431.23260838863,133004.23987677696,122796.45595633797
2025-09-02,125431.23260838863,133004.23987677696,122796.45595633797
2025-09-03,125431.23260838863,133004.23987677696,122796.45595633797
2025-09-04,125431.23260838863,133004.23987677696,122796.45595633797
2025-09-05,125431.23260838863,133004.23987677696,122796.45595633797
2025-09-06,125431.23260838863,133004.23987677696,122796.45595633797
2025-09-07,125431.23260838863,133004.23987677696,122796.45595633797
2025-09-08,125431.23260838863,133004.23987677696,122796.45595633797
2025-09-09,125431.23260838863,133004.23987677696,122796.45595633797
2025-09-10,125431.23260838863,133004.23987677696,122796.45595633797
2025-09-11,125431.23260838863,133004.23987677696,122796.45595633797
2025-09-12,125431.23260838863,133004.23987677696,122796.45595633797
2025-09-13,125431.23260838863,133004.23987677696,122796.45595633797
2025-09-14,125077.87656176399,133004.23987677696,122796.45595633797
2025-09-15,124993.8396018572,133004.23987677696,122796.45595633797
2025-09-16,124993.8396018572,133004.23987677696,122796.45595633797
2025-09-17,124993.8396018572,133004.23987677696,122796.45595633797
2025-09-18,124993.8396018572,133004.23987677696,122796.45595633797
2025-09-19,124993.8396018572,133004.23987677696,122796.45595633797
2025-09-20,124993.8396018572,133004.23987677696,122796.45595633797
2025-09-21,124745.12111151259,133004.23987677696,122796.45595633797
2025-09-22,123484.7097179942,133004.23987677696,122796.45595633797
2025-09-23,123402.70251132015,133004.23987677696,122796.45595633797
2025-09-24,123402.70251132015,133004.23987677696,122796.45595633797
2025-09-25,123402.70251132015,133004.23987677696,122796.45595633797
2025-09-26,123402.70251132015,133004.23987677696,122796.45595633797
2025-09-27,123402.70251132015,133004.23987677696,122796.45595633797
2025-09-28,123402.70251132015,133004.23987677696,122796.45595633797
2025-09-29,123402.70251132015,133004.23987677696,122796.45595633797
2025-09-30,123241.3974586029,133004.23987677696,122796.45595633797
2025-10-01,123158.44932232102,133004.23987677696,122796.45595633797
2025-10-02,123158.44932232102,133004.23987677696,122796.45595633797
2025-10-03,123158.44932232102,133004.23987677696,122796.45595633797
2025-10-04,123158.44932232102,133004.23987677696,122796.45595633797
2025-10-05,123158.44932232102,133004.23987677696,122796.45595633797
2025-10-06,123158.44932232102,133004.23987677696,122796.45595633797
2025-10-07,123158.44932232102,133004.23987677696,122796.45595633797
2025-10-08,123158.44932232102,133004.23987677696,122796.45595633797
2025-10-09,123158.44932232102,133004.23987677696,122796.45595633797
2025-10-10,123158.44932232102,133004.23987677696,122796.45595633797
2025-10-11,122074.43617786272,133004.23987677696,122796.45595633797
2025-10-12,121993.02377147556,133004.23987677696,122796.45595633797
2025-10-13,122066.45588602441,133004.23987677696,122796.45595633797
2025-10-14,121051.30066685623,133004.23987677696,122796.45595633797
2025-10-15,119972.01910444647,133004.23987677696,122796.45595633797
2025-10-16,118751.18384109696,133004.23987677696,122796.45595633797
2025-10-17,117911.35571073918,133004.23987677696,122796.45595633797
2025-10-18,117835.25802183789,133004.23987677696,122796.45595633797
2025-10-19,118527.33784896876,133004.23987677696,122796.45595633797
2025-10-20,118446.85996551505,133004.23987677696,122796.45595633797
2025-10-21,118446.85996551505,133004.23987677696,122796.45595633797
2025-10-22,118059.31376700994,133004.23987677696,122796.45595633797
2025-10-23,117980.05154555265,133004.23987677696,122796.45595633797
2025-10-24,117980.05154555265,133004.23987677696,122796.45595633797
2025-10-25,117980.05154555265,133004.23987677696,122796.45595633797
2025-10-26,117980.05154555265,133004.23987677696,122796.45595633797
2025-10-27,117980.05154555265,133004.23987677696,122796.45595633797
2025-10-28,117980.05154555265,133004.23987677696,122796.45595633797
2025-10-29,117980.05154555265,133004.23987677696,122796.45595633797
2025-10-30,117980.05154555265,133004.23987677696,122796.45595633797
2025-10-31,117980.05154555265,133004.23987677696,122796.45595633797
2025-11-01,117980.05154555265,133004.23987677696,122796.45595633797
2025-11-02,117980.05154555265,133004.23987677696,122796.45595633797
2025-11-03,117980.05154555265,133004.23987677696,122796.45595633797
2025-11-04,117980.05154555265,133004.23987677696,122796.45595633797
2025-11-05,117980.05154555265,133004.23987677696,122796.45595633797
2025-11-06,117980.05154555265,133004.23987677696,122796.45595633797
2025-11-07,117980.05154555265,133004.23987677696,122796.45595633797
2025-11-08,117980.05154555265,133004.23987677696,122796.45595633797
2025-11-09,117980.05154555265,133004.23987677696,122796.45595633797
2025-11-10,117980.05154555265,133004.23987677696,122796.45595633797
2025-11-11,117980.05154555265,133004.23987677696,122796.45595633797
2025-11-12,117980.05154555265,133004.23987677696,122796.45595633797
2025-11-13,117980.05154555265,133004.23987677696,122796.45595633797
2025-11-14,117980.05154555265,133004.23987677696,122796.45595633797
2025-11-15,117980.05154555265,133004.23987677696,122796.45595633797
2025-11-16,117980.05154555265,133004.23987677696,122796.45595633797
2025-11-17,117980.05154555265,133004.23987677696,122796.45595633797
2025-11-18,117980.05154555265,133004.23987677696,122796.45595633797
2025-11-19,117980.05154555265,133004.23987677696,122796.45595633797
2025-11-20,117980.05154555265,133004.23987677696,122796.45595633797
2025-11-21,117980.05154555265,133004.23987677696,122796.45595633797
2025-11-22,117980.05154555265,133004.23987677696,122796.45595633797
2025-11-23,117980.05154555265,133004.23987677696,122796.45595633797
2025-11-24,117980.05154555265,133004.23987677696,122796.45595633797
2025-11-25,117980.05154555265,133004.23987677696,122796.45595633797
2025-11-26,119838.04181305732,133004.23987677696,122796.45595633797
2025-11-27,119755.71182453877,133004.23987677696,122796.45595633797
2025-11-28,119755.71182453877,133004.23987677696,122796.45595633797
2025-11-29,119755.71182453877,133004.23987677696,122796.45595633797
2025-11-30,119755.71182453877,133004.23987677696,122796.45595633797
2025-12-01,119755.71182453877,133004.23987677696,122796.45595633797
2025-12-02,119755.71182453877,133004.23987677696,122796.45595633797
2025-12-03,119755.71182453877,133004.23987677696,122796.45595633797
2025-12-04,119755.71182453877,133004.23987677696,122796.45595633797
2025-12-05,119755.71182453877,133004.23987677696,122796.45595633797
2025-12-06,119755.71182453877,133004.23987677696,122796.45595633797
2025-12-07,119755.71182453877,133004.23987677696,122796.45595633797
2025-12-08,119755.71182453877,133004.23987677696,122796.45595633797
2025-12-09,119755.71182453877,133004.23987677696,122796.45595633797
2025-12-10,119755.71182453877,133004.23987677696,122796.45595633797
2025-12-11,119755.71182453877,133004.23987677696,122796.45595633797
2025-12-12,119755.71182453877,133004.23987677696,122796.45595633797
2025-12-13,119755.71182453877,133004.23987677696,122796.45595633797
2025-12-14,119755.71182453877,133004.23987677696,122796.45595633797
2025-12-15,119755.71182453877,133004.23987677696,122796.45595633797
2025-12-16,119755.71182453877,133004.23987677696,122796.45595633797
2025-12-17,119755.71182453877,133004.23987677696,122796.45595633797
2025-12-18,119755.71182453877,133004.23987677696,122796.45595633797
2025-12-19,119755.71182453877,133004.23987677696,122796.45595633797
2025-12-20,119755.71182453877,133004.23987677696,122796.45595633797
2025-12-21,119755.71182453877,133004.23987677696,122796.45595633797
2025-12-22,119755.71182453877,133004.23987677696,122796.45595633797
2025-12-23,119755.71182453877,133004.23987677696,122796.45595633797
2025-12-24,119755.71182453877,133004.23987677696,122796.45595633797
2025-12-25,119755.71182453877,133004.23987677696,122796.45595633797
2025-12-26,119755.71182453877,133004.23987677696,122796.45595633797
2025-12-27,119755.71182453877,133004.23987677696,122796.45595633797
2025-12-28,119755.71182453877,133004.23987677696,122796.45595633797
2025-12-29,119755.71182453877,133004.23987677696,122796.45595633797
2025-12-30,119755.71182453877,133004.23987677696,122796.45595633797
2025-12-31,119755.71182453877,133004.23987677696,122796.45595633797
2026-01-01,119755.71182453877,133004.23987677696,122796.45595633797
2026-01-02,119755.71182453877,133004.23987677696,122796.45595633797
2026-01-03,119755.71182453877,133004.23987677696,122796.45595633797
2026-01-04,119755.71182453877,133004.23987677696,122796.45595633797
2026-01-05,119755.71182453877,133004.23987677696,122796.45595633797
2026-01-06,119755.71182453877,133004.23987677696,122796.45595633797
2026-01-07,119755.71182453877,133004.23987677696,122796.45595633797
2026-01-08,119755.71182453877,133004.23987677696,122796.45595633797
2026-01-09,119755.71182453877,133004.23987677696,122796.45595633797
2026-01-10,119755.71182453877,133004.23987677696,122796.45595633797
2026-01-11,119755.71182453877,133004.23987677696,122796.45595633797
2026-01-12,119755.71182453877,133004.23987677696,122796.45595633797
2026-01-13,119755.71182453877,133004.23987677696,122796.45595633797
2026-01-14,119755.71182453877,133004.23987677696,122796.45595633797
2026-01-15,119755.71182453877,133004.23987677696,122796.45595633797
2026-01-16,119755.71182453877,133004.23987677696,122796.45595633797
2026-01-17,119755.71182453877,133004.23987677696,122796.45595633797
2026-01-18,119755.71182453877,133004.23987677696,122796.45595633797
2026-01-19,119755.71182453877,133004.23987677696,122796.45595633797
2026-01-20,119755.71182453877,133004.23987677696,122796.45595633797
2026-01-21,119755.71182453877,133004.23987677696,122796.45595633797
2026-01-22,119755.71182453877,133004.23987677696,122796.45595633797
2026-01-23,119755.71182453877,133004.23987677696,122796.45595633797
2026-01-24,119755.71182453877,133004.23987677696,122796.45595633797
2026-01-25,119755.71182453877,133004.23987677696,122796.45595633797
2026-01-26,119755.71182453877,133004.23987677696,122796.45595633797
2026-01-27,119755.71182453877,133004.23987677696,122796.45595633797
2026-01-28,119755.71182453877,133004.23987677696,122796.45595633797
2026-01-29,119755.71182453877,133004.23987677696,122796.45595633797
2026-01-30,119755.71182453877,133004.23987677696,122796.45595633797
2026-01-31,119755.71182453877,133004.23987677696,122796.45595633797
2026-02-01,119755.71182453877,133004.23987677696,122796.45595633797
2026-02-02,120971.28877286427,133004.23987677696,122796.45595633797
2026-02-03,118896.27174457564,133004.23987677696,122796.45595633797
2026-02-04,117071.28163472438,133004.23987677696,122796.45595633797
2026-02-05,116994.58763576175,133004.23987677696,122796.45595633797
2026-02-06,116994.58763576175,133004.23987677696,122796.45595633797
2026-02-07,116020.4765727971,133004.23987677696,122796.45595633797
2026-02-08,116802.00881095947,133004.23987677696,122796.45595633797
2026-02-09,116661.60275561194,133004.23987677696,122796.45595633797
2026-02-10,116583.269945211,133004.23987677696,122796.45595633797
2026-02-11,115222.95123639931,133004.23987677696,122796.45595633797
2026-02-12,115146.40841300851,133004.23987677696,122796.45595633797
2026-02-13,115146.40841300851,133004.23987677696,122796.45595633797
2026-02-14,115146.40841300851,133004.23987677696,122796.45595633797
2026-02-15,115146.40841300851,133004.23987677696,122796.45595633797
2026-02-16,115146.40841300851,133004.23987677696,122796.45595633797
2026-02-17,115146.40841300851,133004.23987677696,122796.45595633797
2026-02-18,115146.40841300851,133004.23987677696,122796.45595633797
2026-02-19,115146.40841300851,133004.23987677696,122796.45595633797
2026-02-20,115146.40841300851,133004.23987677696,122796.45595633797
2026-02-21,115146.40841300851,133004.23987677696,122796.45595633797
2026-02-22,115146.40841300851,133004.23987677696,122796.45595633797
2026-02-23,115146.40841300851,133004.23987677696,122796.45595633797
2026-02-24,115146.40841300851,133004.23987677696,122796.45595633797
2026-02-25,115146.40841300851,133004.23987677696,122796.45595633797
2026-02-26,115146.40841300851,133004.23987677696,122796.45595633797
2026-02-27,115146.40841300851,133004.23987677696,122796.45595633797
2026-02-28,115987.53623080182,133004.23987677696,122796.45595633797
2026-03-01,115908.65781023736,133004.23987677696,122796.45595633797
2026-03-02,115908.65781023736,133004.23987677696,122796.45595633797
2026-03-03,115908.65781023736,133004.23987677696,122796.45595633797
2026-03-04,115908.65781023736,133004.23987677696,122796.45595633797
2026-03-05,115908.65781023736,133004.23987677696,122796.45595633797
2026-03-06,115908.65781023736,133004.23987677696,122796.45595633797
2026-03-07,115908.65781023736,133004.23987677696,122796.45595633797
2026-03-08,115908.65781023736,133004.23987677696,122796.45595633797
2026-03-09,115908.65781023736,133004.23987677696,122796.45595633797
2026-03-10,117036.43141043797,133004.23987677696,122796.45595633797
2026-03-11,116956.61332443582,133004.23987677696,122796.45595633797
2026-03-12,117202.85442527483,133004.23987677696,122796.45595633797
2026-03-13,117493.39454958917,133004.23987677696,122796.45595633797
2026-03-14,117413.7721919297,133004.23987677696,122796.45595633797
2026-03-15,117413.7721919297,133004.23987677696,122796.45595633797
2026-03-16,117413.7721919297,133004.23987677696,122796.45595633797
2026-03-17,117413.7721919297,133004.23987677696,122796.45595633797
2026-03-18,117413.7721919297,133004.23987677696,122796.45595633797
2026-03-19,117413.7721919297,133004.23987677696,122796.45595633797
2026-03-20,117413.7721919297,133004.23987677696,122796.45595633797
2026-03-21,117413.7721919297,133004.23987677696,122796.45595633797
2026-03-22,117413.7721919297,133004.23987677696,122796.45595633797
2026-03-23,117413.7721919297,133004.23987677696,122796.45595633797
2026-03-24,117413.7721919297,133004.23987677696,122796.45595633797
2026-03-25,117413.7721919297,133004.23987677696,122796.45595633797
2026-03-26,117413.7721919297,133004.23987677696,122796.45595633797
2026-03-27,117413.7721919297,133004.23987677696,122796.45595633797
2026-03-28,117413.7721919297,133004.23987677696,122796.45595633797
2026-03-29,117413.7721919297,133004.23987677696,122796.45595633797
2026-03-30,117413.7721919297,133004.23987677696,122796.45595633797
2026-03-31,117413.7721919297,133004.23987677696,122796.45595633797
2026-04-01,117413.7721919297,133004.23987677696,122796.45595633797
2026-04-02,117413.7721919297,133004.23987677696,122796.45595633797
2026-04-03,117413.7721919297,133004.23987677696,122796.45595633797
2026-04-04,117413.7721919297,133004.23987677696,122796.45595633797
2026-04-05,117413.7721919297,133004.23987677696,122796.45595633797
2026-04-06,117413.7721919297,133004.23987677696,122796.45595633797
2026-04-07,117413.7721919297,133004.23987677696,122796.45595633797
2026-04-08,117413.7721919297,133004.23987677696,122796.45595633797
2026-04-09,117413.7721919297,133004.23987677696,122796.45595633797
2026-04-10,117413.7721919297,133004.23987677696,122796.45595633797
2026-04-11,117413.7721919297,133004.23987677696,122796.45595633797
2026-04-12,117413.7721919297,133004.23987677696,122796.45595633797
2026-04-13,117413.7721919297,133004.23987677696,122796.45595633797
2026-04-14,117413.7721919297,133004.23987677696,122796.45595633797
2026-04-15,117413.7721919297,133004.23987677696,122796.45595633797
2026-04-16,117634.69528382155,133004.23987677696,122796.45595633797
2026-04-17,117555.21498119223,133004.23987677696,122796.45595633797
2026-04-18,117555.21498119223,133004.23987677696,122796.45595633797
2026-04-19,117555.21498119223,133004.23987677696,122796.45595633797
2026-04-20,118994.84488308831,133004.23987677696,122796.45595633797
2026-04-21,118913.45196141044,133004.23987677696,122796.45595633797
2026-04-22,118913.45196141044,133004.23987677696,122796.45595633797
2026-04-23,118913.45196141044,133004.23987677696,122796.45595633797
2026-04-24,118913.45196141044,133004.23987677696,122796.45595633797
2026-04-25,118913.45196141044,133004.23987677696,122796.45595633797
2026-04-26,118913.45196141044,133004.23987677696,122796.45595633797
2026-04-27,118913.45196141044,133004.23987677696,122796.45595633797
2026-04-28,118913.45196141044,133004.23987677696,122796.45595633797
2026-04-29,118913.45196141044,133004.23987677696,122796.45595633797
2026-04-30,118913.45196141044,133004.23987677696,122796.45595633797
2026-05-01,118913.45196141044,133004.23987677696,122796.45595633797
2026-05-02,118913.45196141044,133004.23987677696,122796.45595633797
2026-05-03,118913.45196141044,133004.23987677696,122796.45595633797
2026-05-04,118913.45196141044,133004.23987677696,122796.45595633797
2026-05-05,118913.45196141044,133004.23987677696,122796.45595633797
2026-05-06,118913.45196141044,133004.23987677696,122796.45595633797
2026-05-07,118913.45196141044,133004.23987677696,122796.45595633797
2026-05-08,118913.45196141044,133004.23987677696,122796.45595633797
2026-05-09,118913.45196141044,133004.23987677696,122796.45595633797
2026-05-10,118913.45196141044,133004.23987677696,122796.45595633797
2026-05-11,118913.45196141044,133004.23987677696,122796.45595633797
2026-05-12,119703.84046855391,133004.23987677696,122796.45595633797
2026-05-13,119624.80574934323,133004.23987677696,122796.45595633797
2026-05-14,118398.87720091891,133004.23987677696,122796.45595633797
2026-05-15,118316.32889642243,133004.23987677696,122796.45595633797
2026-05-16,118316.32889642243,133004.23987677696,122796.45595633797
2026-05-17,118316.32889642243,133004.23987677696,122796.45595633797
2026-05-18,118316.32889642243,133004.23987677696,122796.45595633797
2026-05-19,118413.74319425321,133004.23987677696,122796.45595633797
2026-05-20,117927.32362162604,133004.23987677696,122796.45595633797
2026-05-21,117890.05198704856,133004.23987677696,122796.45595633797
2026-05-22,117809.56538990469,133004.23987677696,122796.45595633797
2026-05-23,117809.56538990469,133004.23987677696,122796.45595633797
2026-05-24,117809.56538990469,133004.23987677696,122796.45595633797
2026-05-25,117612.44565052055,133004.23987677696,122796.45595633797
2026-05-26,117532.67220151438,133004.23987677696,122796.45595633797
2026-05-27,118552.08680020068,133004.23987677696,122796.45595633797
2026-05-28,119144.00699356402,133004.23987677696,122796.45595633797
2026-05-29,119264.42340751505,133004.23987677696,122796.45595633797
2026-05-30,118976.92086421192,133004.23987677696,122796.45595633797
2026-05-31,118899.7364834683,133004.23987677696,122796.45595633797
