Date,Custom,Standard,NautilusTrader
2020-03-31,100000.0,100000.0,99949.397119168
2020-04-01,100000.0,100000.0,99994.087919168
2020-04-02,100000.0,100000.0,99994.087919168
2020-04-03,100000.0,100000.0,99994.087919168
2020-04-04,100000.0,100000.0,99994.087919168
2020-04-05,100000.0,100000.0,99994.087919168
2020-04-06,100000.0,100000.0,99994.087919168
2020-04-07,100000.0,100000.0,99994.087919168
2020-04-08,100000.0,100000.0,99994.087919168
2020-04-09,100000.0,100000.0,99994.087919168
2020-04-10,100000.0,100000.0,99994.087919168
2020-04-11,100000.0,100000.0,99994.087919168
2020-04-12,100000.0,100000.0,99994.087919168
2020-04-13,100000.0,100000.0,99994.087919168
2020-04-14,100000.0,100000.0,99994.087919168
2020-04-15,100000.0,100000.0,99994.087919168
2020-04-16,100000.0,100000.0,99994.087919168
2020-04-17,100000.0,100000.0,99994.087919168
2020-04-18,100000.0,100000.0,99994.087919168
2020-04-19,100000.0,100000.0,99994.087919168
2020-04-20,100000.0,100000.0,99994.087919168
2020-04-21,100000.0,100000.0,99994.087919168
2020-04-22,100000.0,100000.0,99994.087919168
2020-04-23,100000.0,100000.0,99994.087919168
2020-04-24,100000.0,100000.0,99994.087919168
2020-04-25,100000.0,100000.0,99994.087919168
2020-04-26,100000.0,100000.0,99994.087919168
2020-04-27,100000.0,100000.0,99994.087919168
2020-04-28,100000.0,100000.0,99994.087919168
2020-04-29,100000.0,100000.0,99994.087919168
2020-04-30,100000.0,100000.0,99994.087919168
2020-05-01,100000.0,100000.0,99994.087919168
2020-05-02,100000.0,100000.0,99994.087919168
2020-05-03,100000.0,100000.0,99994.087919168
2020-05-04,100000.0,100000.0,99994.087919168
2020-05-05,100000.0,100000.0,99994.087919168
2020-05-06,100000.0,100000.0,99994.087919168
2020-05-07,100000.0,100000.0,99994.087919168
2020-05-08,100000.0,100000.0,99994.087919168
2020-05-09,100000.0,100000.0,99994.087919168
2020-05-10,100000.0,100000.0,99994.087919168
2020-05-11,100000.0,100000.0,99994.087919168
2020-05-12,100000.0,100000.0,99994.087919168
2020-05-13,100000.0,100000.0,99994.087919168
2020-05-14,100000.0,100000.0,99994.087919168
2020-05-15,100000.0,100000.0,99994.087919168
2020-05-16,100000.0,100000.0,99994.087919168
2020-05-17,100000.0,100000.0,99994.087919168
2020-05-18,100000.0,100000.0,99994.087919168
2020-05-19,100000.0,100000.0,99994.087919168
2020-05-20,100000.0,100000.0,99994.087919168
2020-05-21,100000.0,100000.0,99994.087919168
2020-05-22,100000.0,100000.0,99994.087919168
2020-05-23,100000.0,100000.0,99994.087919168
2020-05-24,100000.0,100000.0,99994.087919168
2020-05-25,100000.0,100000.0,99994.087919168
2020-05-26,100000.0,100000.0,99994.087919168
2020-05-27,100000.0,100000.0,99994.087919168
2020-05-28,100000.0,100000.0,99994.087919168
2020-05-29,100000.0,100000.0,99994.087919168
2020-05-30,100000.0,100000.0,99994.087919168
2020-05-31,100000.0,100000.0,99994.087919168
2020-06-01,100000.0,100000.0,99994.087919168
2020-06-02,103047.3259690947,100000.0,99994.087919168
2020-06-03,102984.4544284813,100000.0,99948.055837776
2020-06-04,102984.4544284813,100000.0,99297.258637776
2020-06-05,102984.4544284813,100000.0,99297.258637776
2020-06-06,102984.4544284813,100000.0,99297.258637776
2020-06-07,102984.4544284813,100000.0,99297.258637776
2020-06-08,102984.4544284813,100000.0,99297.258637776
2020-06-09,102984.4544284813,100000.0,99297.258637776
2020-06-10,102984.4544284813,100000.0,99297.258637776
2020-06-11,102984.4544284813,100000.0,99297.258637776
2020-06-12,102984.4544284813,100000.0,99297.258637776
2020-06-13,102984.4544284813,100000.0,99297.258637776
2020-06-14,102984.4544284813,100000.0,99297.258637776
2020-06-15,102984.4544284813,100000.0,99297.258637776
2020-06-16,102984.4544284813,100000.0,99297.258637776
2020-06-17,102984.4544284813,100000.0,99297.258637776
2020-06-18,102984.4544284813,100000.0,99297.258637776
2020-06-19,102984.4544284813,100000.0,99297.258637776
2020-06-20,102984.4544284813,100000.0,99297.258637776
2020-06-21,102984.4544284813,100000.0,99297.258637776
2020-06-22,102984.4544284813,100000.0,99297.258637776
2020-06-23,102984.4544284813,100000.0,99297.258637776
2020-06-24,102984.4544284813,100000.0,99297.258637776
2020-06-25,102984.4544284813,100000.0,99297.258637776
2020-06-26,102984.4544284813,100000.0,99297.258637776
2020-06-27,102984.4544284813,100000.0,99297.258637776
2020-06-28,102984.4544284813,100000.0,99297.258637776
2020-06-29,102984.4544284813,100000.0,99297.258637776
2020-06-30,102984.4544284813,100000.0,99297.258637776
2020-07-01,102984.4544284813,100000.0,99297.258637776
2020-07-02,102984.4544284813,100000.0,99297.258637776
2020-07-03,102984.4544284813,100000.0,99297.258637776
2020-07-04,102984.4544284813,100000.0,99297.258637776
2020-07-05,102984.4544284813,100000.0,99297.258637776
2020-07-06,102984.4544284813,100000.0,99297.258637776
2020-07-07,102984.4544284813,100000.0,99297.258637776
2020-07-08,102984.4544284813,100000.0,99297.258637776
2020-07-09,102984.4544284813,100000.0,99297.258637776
2020-07-10,102984.4544284813,100000.0,99297.258637776
2020-07-11,102984.4544284813,100000.0,99297.258637776
2020-07-12,102984.4544284813,100000.0,99297.258637776
2020-07-13,102984.4544284813,100000.0,99297.258637776
2020-07-14,102984.4544284813,100000.0,99297.258637776
2020-07-15,102984.4544284813,100000.0,99297.258637776
2020-07-16,102984.4544284813,100000.0,99297.258637776
2020-07-17,102984.4544284813,100000.0,99297.258637776
2020-07-18,102984.4544284813,100000.0,99297.258637776
2020-07-19,102984.4544284813,100000.0,99297.258637776
2020-07-20,102984.4544284813,100000.0,99297.258637776
2020-07-21,102984.4544284813,100000.0,99297.258637776
2020-07-22,102984.4544284813,100000.0,99297.258637776
2020-07-23,102984.4544284813,100000.0,99297.258637776
2020-07-24,102984.4544284813,100000.0,99297.258637776
2020-07-25,102984.4544284813,100000.0,99297.258637776
2020-07-26,101898.20505825656,100000.0,99297.258637776
2020-07-27,96751.18190548167,95591.42269,99319.74122057599
2020-07-28,97528.8240702413,96168.2539751696,99476.40454879998
2020-07-29,96714.49000215053,95547.8768724592,99571.2849625
2020-07-30,96826.6140352579,95646.4375425812,99661.53003830799
2020-07-31,95786.87243129747,94793.28269969401,99733.94937386799
2020-08-01,95705.65450051684,94848.6985897052,94049.936373868
2020-08-02,95705.65450051684,94848.6985897052,94049.936373868
2020-08-03,95705.65450051684,94848.6985897052,94049.936373868
2020-08-04,95705.65450051684,94848.6985897052,94049.936373868
2020-08-05,95705.65450051684,94848.6985897052,94049.936373868
2020-08-06,95705.65450051684,94848.6985897052,94049.936373868
2020-08-07,95705.65450051684,94848.6985897052,94049.936373868
2020-08-08,95705.65450051684,94848.6985897052,94049.936373868
2020-08-09,95705.65450051684,94848.6985897052,94049.936373868
2020-08-10,94981.19555078495,94848.6985897052,94049.936373868
2020-08-11,94915.51083582068,96333.31923970522,94029.20159788
2020-08-12,94915.51083582068,96348.9843211628,95480.33714788
2020-08-13,94915.51083582068,96348.9843211628,95480.33714788
2020-08-14,94915.51083582068,96348.9843211628,95480.33714788
2020-08-15,94915.51083582068,96348.9843211628,95480.33714788
2020-08-16,94915.51083582068,96348.9843211628,95480.33714788
2020-08-17,94915.51083582068,96348.9843211628,95480.33714788
2020-08-18,96186.47288471612,96348.9843211628,95480.33714788
2020-08-19,96123.85551079939,96902.5966711628,95481.69068286399
2020-08-20,96123.85551079939,96940.70108926641,95999.994982864
2020-08-21,96123.85551079939,96940.70108926641,95999.994982864
2020-08-22,96123.85551079939,96940.70108926641,95999.994982864
2020-08-23,96123.85551079939,96940.70108926641,95999.994982864
2020-08-24,96123.85551079939,96940.70108926641,95999.994982864
2020-08-25,96123.85551079939,96940.70108926641,95999.994982864
2020-08-26,96123.85551079939,96940.70108926641,95999.994982864
2020-08-27,96123.85551079939,96940.70108926641,95999.994982864
2020-08-28,96123.85551079939,96940.70108926641,95999.994982864
2020-08-29,96123.85551079939,96940.70108926641,95999.994982864
2020-08-30,96123.85551079939,96940.70108926641,95999.994982864
2020-08-31,96123.85551079939,96940.70108926641,95999.994982864
2020-09-01,96123.85551079939,96940.70108926641,95999.994982864
2020-09-02,96123.85551079939,96940.70108926641,95999.994982864
2020-09-03,96123.85551079939,96940.70108926641,95999.994982864
2020-09-04,96123.85551079939,96940.70108926641,95999.994982864
2020-09-05,96123.85551079939,96940.70108926641,95999.994982864
2020-09-06,96123.85551079939,96940.70108926641,95999.994982864
2020-09-07,96123.85551079939,96940.70108926641,95999.994982864
2020-09-08,96123.85551079939,96940.70108926641,95999.994982864
2020-09-09,96123.85551079939,96940.70108926641,95999.994982864
2020-09-10,96123.85551079939,96940.70108926641,95999.994982864
2020-09-11,96123.85551079939,96940.70108926641,95999.994982864
2020-09-12,96123.85551079939,96940.70108926641,95999.994982864
2020-09-13,96123.85551079939,96940.70108926641,95999.994982864
2020-09-14,96123.85551079939,96940.70108926641,95999.994982864
2020-09-15,96574.97265721296,97378.8534342664,95949.002316328
2020-09-16,97264.77185245877,98066.69157981922,95955.954601048
2020-09-17,97206.92655561253,98017.56387088602,95954.864101848
2020-09-18,97171.37783002392,97990.07337268282,95946.130064592
2020-09-19,97780.05235635539,98570.37934341523,95958.664109204
2020-09-20,97141.74015288416,97941.43333146922,95969.278203992
2020-09-21,95109.78687840227,95939.80740681803,95973.26882496799
2020-09-22,95046.56689539526,96393.35803545563,95960.633304968
2020-09-23,95046.56689539526,96364.92808845564,95328.65570496798
2020-09-24,95046.56689539526,96364.92808845564,95328.65570496798
2020-09-25,94832.21509522013,96364.92808845564,95328.65570496798
2020-09-26,94768.0751627587,96517.01823345563,95270.90981496799
2020-09-27,94768.0751627587,96488.01102845563,95348.331114968
2020-09-28,94768.0751627587,96488.01102845563,95348.331114968
2020-09-29,94768.0751627587,96488.01102845563,95348.331114968
2020-09-30,94768.0751627587,96488.01102845563,95348.331114968
2020-10-01,94768.0751627587,96488.01102845563,95348.331114968
2020-10-02,94768.0751627587,96488.01102845563,95348.331114968
2020-10-03,94768.0751627587,96488.01102845563,95348.331114968
2020-10-04,94768.0751627587,96488.01102845563,95348.331114968
2020-10-05,95256.52018520377,96488.01102845563,95348.331114968
2020-10-06,95191.87721278518,95701.66272845563,95300.24383744998
2020-10-07,95191.87721278518,95686.36008102843,94675.04518744998
2020-10-08,95191.87721278518,95686.36008102843,94675.04518744998
2020-10-09,95191.87721278518,95686.36008102843,94675.04518744998
2020-10-10,95191.87721278518,95686.36008102843,94675.04518744998
2020-10-11,95191.87721278518,95686.36008102843,94675.04518744998
2020-10-12,95191.87721278518,95686.36008102843,94675.04518744998
2020-10-13,95191.87721278518,95686.36008102843,94675.04518744998
2020-10-14,95191.87721278518,95686.36008102843,94675.04518744998
2020-10-15,95191.87721278518,95686.36008102843,94675.04518744998
2020-10-16,95191.87721278518,95686.36008102843,94675.04518744998
2020-10-17,95191.87721278518,95686.36008102843,94675.04518744998
2020-10-18,95191.87721278518,95686.36008102843,94675.04518744998
2020-10-19,95191.87721278518,95686.36008102843,94675.04518744998
2020-10-20,95191.87721278518,95686.36008102843,94675.04518744998
2020-10-21,95191.87721278518,95686.36008102843,94675.04518744998
2020-10-22,95191.87721278518,95686.36008102843,94675.04518744998
2020-10-23,95191.87721278518,95686.36008102843,94675.04518744998
2020-10-24,95191.87721278518,95686.36008102843,94675.04518744998
2020-10-25,95191.87721278518,95686.36008102843,94675.04518744998
2020-10-26,95191.87721278518,95686.36008102843,94675.04518744998
2020-10-27,95191.87721278518,95686.36008102843,94675.04518744998
2020-10-28,95191.87721278518,95686.36008102843,94675.04518744998
2020-10-29,95796.97143381953,95686.36008102843,94675.04518744998
2020-10-30,96146.5299053421,95979.40654602842,94626.55624639998
2020-10-31,96905.3601579697,96684.16825497842,94639.94248054999
2020-11-01,96838.68709985861,96609.05448912842,94646.35189917499
2020-11-02,96838.68709985861,96594.79167275343,95501.82514917498
2020-11-03,96838.68709985861,96594.79167275343,95501.82514917498
2020-11-04,97205.78874430442,96594.79167275343,95501.82514917498
2020-11-05,97139.98177152534,100911.60565775343,95424.14614917498
2020-11-06,97139.98177152534,100874.18960975343,99691.99114917498
2020-11-07,97139.98177152534,100874.18960975343,99691.99114917498
2020-11-08,97139.98177152534,100874.18960975343,99691.99114917498
2020-11-09,97139.98177152534,100874.18960975343,99691.99114917498
2020-11-10,97139.98177152534,100874.18960975343,99691.99114917498
2020-11-11,97139.98177152534,100874.18960975343,99691.99114917498
2020-11-12,97139.98177152534,100874.18960975343,99691.99114917498
2020-11-13,97139.98177152534,100874.18960975343,99691.99114917498
2020-11-14,97139.98177152534,100874.18960975343,99691.99114917498
2020-11-15,97139.98177152534,100874.18960975343,99691.99114917498
2020-11-16,97139.98177152534,100874.18960975343,99691.99114917498
2020-11-17,97139.98177152534,100874.18960975343,99691.99114917498
2020-11-18,96873.37531478639,100874.18960975343,99691.99114917498
2020-11-19,96845.7345486339,100797.38298475344,99669.71876560699
2020-11-20,94788.73354183823,99122.73893607424,99712.59478780298
2020-11-21,94719.50110012353,99069.35488932184,99742.31063709098
2020-11-22,95455.41034079695,99071.01503860982,97830.79923709098
2020-11-23,95680.7166679524,99135.15421860982,97880.52878973099
2020-11-24,93960.66109791666,97656.10697124983,97954.23462733098
2020-11-25,95049.17306863269,98611.61284731844,98028.21475682298
2020-11-26,94985.83442390246,101824.87301633164,98054.74160342298
2020-11-27,94985.83442390246,101825.67561152764,100533.09310342299
2020-11-28,94985.83442390246,101825.67561152764,100533.09310342299
2020-11-29,94985.83442390246,101825.67561152764,100533.09310342299
2020-11-30,94985.83442390246,101825.67561152764,100533.09310342299
2020-12-01,94985.83442390246,101825.67561152764,100533.09310342299
2020-12-02,94985.83442390246,101825.67561152764,100533.09310342299
2020-12-03,94985.83442390246,101825.67561152764,100533.09310342299
2020-12-04,94985.83442390246,101825.67561152764,100533.09310342299
2020-12-05,94985.83442390246,101825.67561152764,100533.09310342299
2020-12-06,94985.83442390246,101825.67561152764,100533.09310342299
2020-12-07,94985.83442390246,101825.67561152764,100533.09310342299
2020-12-08,94985.83442390246,101825.67561152764,100533.09310342299
2020-12-09,94985.83442390246,101825.67561152764,100533.09310342299
2020-12-10,94985.83442390246,101825.67561152764,100533.09310342299
2020-12-11,94985.83442390246,101825.67561152764,100533.09310342299
2020-12-12,94985.83442390246,101825.67561152764,100533.09310342299
2020-12-13,94985.83442390246,101825.67561152764,100533.09310342299
2020-12-14,94985.83442390246,101825.67561152764,100533.09310342299
2020-12-15,94985.83442390246,101825.67561152764,100533.09310342299
2020-12-16,94985.83442390246,101825.67561152764,100533.09310342299
2020-12-17,94985.83442390246,101825.67561152764,100533.09310342299
2020-12-18,94438.12189078733,101825.67561152764,100533.09310342299
2020-12-19,94373.14471703472,101076.79452652764,100526.67870383899
2020-12-20,95068.84234350247,101069.31883880123,99776.74630383898
2020-12-21,95006.09414014341,101769.96552880124,99763.32511848399
2020-12-22,95006.09414014341,101757.47778302475,100465.04556848398
2020-12-23,95006.09414014341,101757.47778302475,100465.04556848398
2020-12-24,95006.09414014341,101757.47778302475,100465.04556848398
2020-12-25,95006.09414014341,101757.47778302475,100465.04556848398
2020-12-26,95006.09414014341,101757.47778302475,100465.04556848398
2020-12-27,95006.09414014341,101757.47778302475,100465.04556848398
2020-12-28,93753.89206081891,101757.47778302475,100465.04556848398
2020-12-29,93687.81076967808,101757.47778302475,100465.04556848398
2020-12-30,91457.02511758846,101757.47778302475,100465.04556848398
2020-12-31,91390.33945489806,101666.08445802475,100465.22791739999
2021-01-01,91390.33945489806,101666.19465705505,100373.74251739998
2021-01-02,91390.33945489806,101666.19465705505,100373.74251739998
2021-01-03,90483.66409433016,101666.19465705505,100373.74251739998
2021-01-04,91962.29184377711,102628.03458205506,100470.349155215
2021-01-05,89543.4121924938,100813.32141554455,100537.70767917499
2021-01-06,86169.60485254307,98060.84999902695,100716.573896251
2021-01-07,82940.48313787699,95576.79602152135,100851.78764727399
2021-01-08,81697.4854517415,94561.47970396416,101029.31832335798
2021-01-09,81614.38373435597,95233.60042379345,101140.28807330599
2021-01-10,83482.32383279601,95284.43789910426,93992.05577330598
2021-01-11,83429.90632842177,95284.43789910426,93992.05577330598
2021-01-12,83429.90632842177,95284.43789910426,93992.05577330598
2021-01-13,83429.90632842177,95284.43789910426,93992.05577330598
2021-01-14,83429.90632842177,95284.43789910426,93992.05577330598
2021-01-15,83429.90632842177,95284.43789910426,93992.05577330598
2021-01-16,83429.90632842177,95284.43789910426,93992.05577330598
2021-01-17,83429.90632842177,95284.43789910426,93992.05577330598
2021-01-18,83429.90632842177,95284.43789910426,93992.05577330598
2021-01-19,84292.59874295977,95284.43789910426,93992.05577330598
2021-01-20,84226.6932322866,95664.29498910427,93981.71211291998
2021-01-21,84226.6932322866,95654.58627050635,94351.80981291998
2021-01-22,84226.6932322866,95654.58627050635,94351.80981291998
2021-01-23,84226.6932322866,95654.58627050635,94351.80981291998
2021-01-24,84226.6932322866,95654.58627050635,94351.80981291998
2021-01-25,84226.6932322866,95654.58627050635,94351.80981291998
2021-01-26,84226.6932322866,95654.58627050635,94351.80981291998
2021-01-27,84226.6932322866,95654.58627050635,94351.80981291998
2021-01-28,84226.6932322866,95654.58627050635,94351.80981291998
2021-01-29,84226.6932322866,95654.58627050635,94351.80981291998
2021-01-30,84226.6932322866,95654.58627050635,94351.80981291998
2021-01-31,84226.6932322866,95654.58627050635,94351.80981291998
2021-02-01,84226.6932322866,95654.58627050635,94351.80981291998
2021-02-02,84226.6932322866,95654.58627050635,94351.80981291998
2021-02-03,84226.6932322866,95654.58627050635,94351.80981291998
2021-02-04,84226.6932322866,95654.58627050635,94351.80981291998
2021-02-05,84226.6932322866,95654.58627050635,94351.80981291998
2021-02-06,84226.6932322866,95654.58627050635,94351.80981291998
2021-02-07,84226.6932322866,95654.58627050635,94351.80981291998
2021-02-08,76972.66456372032,95654.58627050635,94351.80981291998
2021-02-09,77145.24455585692,95654.58627050635,94351.80981291998
2021-02-10,78900.43624011602,95654.58627050635,94351.80981291998
2021-02-11,78834.78402308062,95654.58627050635,94351.80981291998
2021-02-12,78834.78402308062,95654.58627050635,94351.80981291998
2021-02-13,78834.78402308062,95654.58627050635,94351.80981291998
2021-02-14,78834.78402308062,95654.58627050635,94351.80981291998
2021-02-15,78834.78402308062,95654.58627050635,94351.80981291998
2021-02-16,78834.78402308062,95654.58627050635,94351.80981291998
2021-02-17,78834.78402308062,95654.58627050635,94351.80981291998
2021-02-18,79346.13801715213,95654.58627050635,94351.80981291998
2021-02-19,79293.50341733667,95654.58627050635,94351.80981291998
2021-02-20,79293.50341733667,95654.58627050635,94351.80981291998
2021-02-21,79293.50341733667,95654.58627050635,94351.80981291998
2021-02-22,79293.50341733667,95654.58627050635,94351.80981291998
2021-02-23,79293.50341733667,95654.58627050635,94351.80981291998
2021-02-24,79293.50341733667,95654.58627050635,94351.80981291998
2021-02-25,79293.50341733667,95654.58627050635,94351.80981291998
2021-02-26,78662.06335611921,95654.58627050635,94351.80981291998
2021-02-27,78609.55017965853,95654.58627050635,94351.80981291998
2021-02-28,78609.55017965853,95654.58627050635,94351.80981291998
2021-03-01,78609.55017965853,95654.58627050635,94351.80981291998
2021-03-02,77758.88928041531,95654.58627050635,94351.80981291998
2021-03-03,77704.28565051267,95654.58627050635,94351.80981291998
2021-03-04,76307.01610394307,95654.58627050635,94351.80981291998
2021-03-05,76558.7329630325,95654.58627050635,94351.80981291998
2021-03-06,76639.05151285048,95654.58627050635,94351.80981291998
2021-03-07,76588.22275594667,95654.58627050635,94351.80981291998
2021-03-08,76588.22275594667,95654.58627050635,94351.80981291998
2021-03-09,76588.22275594667,95654.58627050635,94351.80981291998
2021-03-10,76588.22275594667,95654.58627050635,94351.80981291998
2021-03-11,76588.22275594667,95654.58627050635,94351.80981291998
2021-03-12,76588.22275594667,95654.58627050635,94351.80981291998
2021-03-13,76588.22275594667,95654.58627050635,94351.80981291998
2021-03-14,76588.22275594667,95654.58627050635,94351.80981291998
2021-03-15,76588.22275594667,95654.58627050635,94351.80981291998
2021-03-16,76588.22275594667,95654.58627050635,94351.80981291998
2021-03-17,76588.22275594667,95654.58627050635,94351.80981291998
2021-03-18,76588.22275594667,95654.58627050635,94351.80981291998
2021-03-19,76588.22275594667,95654.58627050635,94351.80981291998
2021-03-20,76588.22275594667,95654.58627050635,94351.80981291998
2021-03-21,76588.22275594667,95654.58627050635,94351.80981291998
2021-03-22,76588.22275594667,95654.58627050635,94351.80981291998
2021-03-23,76588.22275594667,95654.58627050635,94351.80981291998
2021-03-24,76588.22275594667,95654.58627050635,94351.80981291998
2021-03-25,76588.22275594667,95654.58627050635,94351.80981291998
2021-03-26,76588.22275594667,95654.58627050635,94351.80981291998
2021-03-27,77055.58001955977,95654.58627050635,94351.80981291998
2021-03-28,77020.40540585102,95654.58627050635,94351.80981291998
2021-03-29,76968.11025171135,95654.58627050635,94351.80981291998
2021-03-30,76968.11025171135,95654.58627050635,94351.80981291998
2021-03-31,76968.11025171135,95654.58627050635,94351.80981291998
2021-04-01,76968.11025171135,95654.58627050635,94351.80981291998
2021-04-02,76968.11025171135,95654.58627050635,94351.80981291998
2021-04-03,76968.11025171135,95654.58627050635,94351.80981291998
2021-04-04,76968.11025171135,95654.58627050635,94351.80981291998
2021-04-05,76968.11025171135,95654.58627050635,94351.80981291998
2021-04-06,76968.11025171135,95654.58627050635,94351.80981291998
2021-04-07,76968.11025171135,95654.58627050635,94351.80981291998
2021-04-08,76968.11025171135,95654.58627050635,94351.80981291998
2021-04-09,76968.11025171135,95654.58627050635,94351.80981291998
2021-04-10,76968.11025171135,95654.58627050635,94351.80981291998
2021-04-11,76968.11025171135,95654.58627050635,94351.80981291998
2021-04-12,76968.11025171135,95654.58627050635,94351.80981291998
2021-04-13,76968.11025171135,95654.58627050635,94351.80981291998
2021-04-14,76968.11025171135,95654.58627050635,94351.80981291998
2021-04-15,76968.11025171135,95654.58627050635,94351.80981291998
2021-04-16,76968.11025171135,95654.58627050635,94351.80981291998
2021-04-17,76968.11025171135,95654.58627050635,94351.80981291998
2021-04-18,76968.11025171135,95654.58627050635,94351.80981291998
2021-04-19,76622.18963026167,95654.58627050635,94351.80981291998
2021-04-20,77099.48388236162,95654.58627050635,94351.80981291998
2021-04-21,75465.14373060549,95654.58627050635,94351.80981291998
2021-04-22,74164.2174189868,95654.58627050635,94351.80981291998
2021-04-23,74116.47116105241,95654.58627050635,94351.80981291998
2021-04-24,74116.47116105241,95654.58627050635,94351.80981291998
2021-04-25,74116.47116105241,95654.58627050635,94351.80981291998
2021-04-26,77438.04146707598,95654.58627050635,94351.80981291998
2021-04-27,78112.73797576549,95654.58627050635,94351.80981291998
2021-04-28,77989.07312349966,95654.58627050635,94351.80981291998
2021-04-29,77101.79561704097,95654.58627050635,94351.80981291998
2021-04-30,79899.44090424656,95654.58627050635,94351.80981291998
2021-05-01,79842.74290846752,95654.58627050635,94351.80981291998
2021-05-02,79842.74290846752,95654.58627050635,94351.80981291998
2021-05-03,79842.74290846752,95654.58627050635,94351.80981291998
2021-05-04,79842.74290846752,95654.58627050635,94351.80981291998
2021-05-05,79842.74290846752,95654.58627050635,94351.80981291998
2021-05-06,79842.74290846752,95654.58627050635,94351.80981291998
2021-05-07,79842.74290846752,95654.58627050635,94351.80981291998
2021-05-08,79842.74290846752,95654.58627050635,94351.80981291998
2021-05-09,79842.74290846752,95654.58627050635,94351.80981291998
2021-05-10,79842.74290846752,95654.58627050635,94351.80981291998
2021-05-11,79842.74290846752,95654.58627050635,94351.80981291998
2021-05-12,79842.74290846752,95654.58627050635,94351.80981291998
2021-05-13,79842.74290846752,95654.58627050635,94351.80981291998
2021-05-14,79842.74290846752,95654.58627050635,94351.80981291998
2021-05-15,79842.74290846752,95654.58627050635,94351.80981291998
2021-05-16,79842.74290846752,95654.58627050635,94351.80981291998
2021-05-17,79842.74290846752,95654.58627050635,94351.80981291998
2021-05-18,79842.74290846752,95654.58627050635,94351.80981291998
2021-05-19,74681.1678290168,95654.58627050635,94351.80981291998
2021-05-20,77883.08871484325,99454.98942550636,94284.61668291998
2021-05-21,75136.28851454056,96168.20143350636,94278.45333951998
2021-05-22,75303.22156970903,96359.75808845185,94280.11910217599
2021-05-23,72963.9793524825,93566.94385244226,94280.59526599798
2021-05-24,76436.32027379559,97708.46001557725,94286.93846104799
2021-05-25,76399.90292770548,97243.23320899226,94275.44105104798
2021-05-26,76399.90292770548,97174.24871299225,95852.55400104797
2021-05-27,76399.90292770548,97174.24871299225,95852.55400104797
2021-05-28,76399.90292770548,97174.24871299225,95852.55400104797
2021-05-29,76399.90292770548,97174.24871299225,95852.55400104797
2021-05-30,76399.90292770548,97174.24871299225,95852.55400104797
2021-05-31,76399.90292770548,97174.24871299225,95852.55400104797
2021-06-01,76399.90292770548,97174.24871299225,95852.55400104797
2021-06-02,76399.90292770548,97174.24871299225,95852.55400104797
2021-06-03,76399.90292770548,97174.24871299225,95852.55400104797
2021-06-04,76399.90292770548,97174.24871299225,95852.55400104797
2021-06-05,76399.90292770548,97174.24871299225,95852.55400104797
2021-06-06,76399.90292770548,97174.24871299225,95852.55400104797
2021-06-07,76399.90292770548,97174.24871299225,95852.55400104797
2021-06-08,76195.36269906265,97174.24871299225,95852.55400104797
2021-06-09,80298.64674970524,97174.24871299225,95852.55400104797
2021-06-10,79570.22742368042,96405.83663799225,95796.75278690997
2021-06-11,79516.12309426894,96353.21082900745,95029.33923690997
2021-06-12,79516.12309426894,96353.21082900745,95029.33923690997
2021-06-13,79516.12309426894,96353.21082900745,95029.33923690997
2021-06-14,79516.12309426894,96353.21082900745,95029.33923690997
2021-06-15,79516.12309426894,96353.21082900745,95029.33923690997
2021-06-16,79516.12309426894,96353.21082900745,95029.33923690997
2021-06-17,79516.12309426894,96353.21082900745,95029.33923690997
2021-06-18,79516.12309426894,96353.21082900745,95029.33923690997
2021-06-19,79164.90016081528,96353.21082900745,95029.33923690997
2021-06-20,79111.82873528505,96416.42524900746,94975.55725578398
2021-06-21,75112.3984493683,96362.47856350665,95038.65695578398
2021-06-22,76016.50632069695,97210.49738350665,94996.07420724798
2021-06-23,77194.5429707188,98383.83797902704,95007.36344314898
2021-06-24,78183.85347775568,99380.14720487174,95013.13415603698
2021-06-25,78131.94385635608,96307.27791609494,95006.06807169698
2021-06-26,78913.45543588352,96244.48770794095,94934.29132169698
2021-06-27,81639.93959112882,98612.75223294095,94921.46307445198
2021-06-28,81584.47527728527,98442.89957672995,94917.87629474998
2021-06-29,81584.47527728527,98387.57046306776,97077.33394474997
2021-06-30,81584.47527728527,98387.57046306776,97077.33394474997
2021-07-01,81584.47527728527,98387.57046306776,97077.33394474997
2021-07-02,81584.47527728527,98387.57046306776,97077.33394474997
2021-07-03,81584.47527728527,98387.57046306776,97077.33394474997
2021-07-04,81584.47527728527,98387.57046306776,97077.33394474997
2021-07-05,81584.47527728527,98387.57046306776,97077.33394474997
2021-07-06,82150.14267534172,98387.57046306776,97077.33394474997
2021-07-07,82094.3203391764,97978.34043306777,97023.75617855198
2021-07-08,81013.21358955697,97925.28950054217,96615.06302855199
2021-07-09,82054.64287692687,98816.07593554218,96581.67469140397
2021-07-10,81999.40630679492,98519.06115310357,96579.04873410198
2021-07-11,81999.40630679492,98466.18089315297,97155.99438410198
2021-07-12,81999.40630679492,98466.18089315297,97155.99438410198
2021-07-13,81999.40630679492,98466.18089315297,97155.99438410198
2021-07-14,81999.40630679492,98466.18089315297,97155.99438410198
2021-07-15,81999.40630679492,98466.18089315297,97155.99438410198
2021-07-16,81999.40630679492,98466.18089315297,97155.99438410198
2021-07-17,81999.40630679492,98466.18089315297,97155.99438410198
2021-07-18,81999.40630679492,98466.18089315297,97155.99438410198
2021-07-19,81999.40630679492,98466.18089315297,97155.99438410198
2021-07-20,80744.17165303606,98466.18089315297,97155.99438410198
2021-07-21,83592.93370493299,100775.66538315297,97141.62811939199
2021-07-22,83535.347840467,100949.30472787518,97145.99504434198
2021-07-23,83535.347840467,100904.99028688266,99594.96334434197
2021-07-24,83535.347840467,100904.99028688266,99594.96334434197
2021-07-25,84763.42457153308,100904.99028688266,99594.96334434197
2021-07-26,84705.3023844283,102708.49875688266,99554.86579655798
2021-07-27,84705.3023844283,102669.34071409865,101355.60939655798
2021-07-28,84705.3023844283,102669.34071409865,101355.60939655798
2021-07-29,84705.3023844283,102669.34071409865,101355.60939655798
2021-07-30,84705.3023844283,102669.34071409865,101355.60939655798
2021-07-31,84705.3023844283,102669.34071409865,101355.60939655798
2021-08-01,84705.3023844283,102669.34071409865,101355.60939655798
2021-08-02,84705.3023844283,102669.34071409865,101355.60939655798
2021-08-03,84705.3023844283,102669.34071409865,101355.60939655798
2021-08-04,84705.3023844283,102669.34071409865,101355.60939655798
2021-08-05,84705.3023844283,102669.34071409865,101355.60939655798
2021-08-06,84705.3023844283,102669.34071409865,101355.60939655798
2021-08-07,84705.3023844283,102669.34071409865,101355.60939655798
2021-08-08,84705.3023844283,102669.34071409865,101355.60939655798
2021-08-09,84705.3023844283,102669.34071409865,101355.60939655798
2021-08-10,84705.3023844283,102669.34071409865,101355.60939655798
2021-08-11,84705.3023844283,102669.34071409865,101355.60939655798
2021-08-12,84705.3023844283,102669.34071409865,101355.60939655798
2021-08-13,84705.3023844283,102669.34071409865,101355.60939655798
2021-08-14,84705.3023844283,102669.34071409865,101355.60939655798
2021-08-15,84774.29595128814,102669.34071409865,101355.60939655798
2021-08-16,85655.0310563634,102669.34071409865,101355.60939655798
2021-08-17,86641.51511720006,102669.34071409865,101355.60939655798
2021-08-18,86644.8107559135,102669.34071409865,101355.60939655798
2021-08-19,84992.53283969968,102669.34071409865,101355.60939655798
2021-08-20,82933.18770590278,102669.34071409865,101355.60939655798
2021-08-21,83356.8426468964,102669.34071409865,101355.60939655798
2021-08-22,83032.90455277512,102669.34071409865,101355.60939655798
2021-08-23,82860.15536105572,102669.34071409865,101355.60939655798
2021-08-24,84360.25056393386,102669.34071409865,101355.60939655798
2021-08-25,83324.24317173174,102669.34071409865,101355.60939655798
2021-08-26,85063.74406971608,102669.34071409865,101355.60939655798
2021-08-27,85006.85841515759,102669.34071409865,101355.60939655798
2021-08-28,85148.65355479598,102669.34071409865,101355.60939655798
2021-08-29,85091.48753041241,102669.34071409865,101355.60939655798
2021-08-30,86488.81858577784,102669.34071409865,101355.60939655798
2021-08-31,86428.50369403703,102669.34071409865,101355.60939655798
2021-09-01,85127.36228922475,102669.34071409865,101355.60939655798
2021-09-02,84841.76727388962,102669.34071409865,101355.60939655798
2021-09-03,84292.65796176632,102669.34071409865,101355.60939655798
2021-09-04,84234.67680565157,102669.34071409865,101355.60939655798
2021-09-05,84234.67680565157,102669.34071409865,101355.60939655798
2021-09-06,84234.67680565157,102669.34071409865,101355.60939655798
2021-09-07,84234.67680565157,102669.34071409865,101355.60939655798
2021-09-08,84234.67680565157,102669.34071409865,101355.60939655798
2021-09-09,84234.67680565157,102669.34071409865,101355.60939655798
2021-09-10,84234.67680565157,102669.34071409865,101355.60939655798
2021-09-11,84234.67680565157,102669.34071409865,101355.60939655798
2021-09-12,84234.67680565157,102669.34071409865,101355.60939655798
2021-09-13,84234.67680565157,102669.34071409865,101355.60939655798
2021-09-14,84234.67680565157,102669.34071409865,101355.60939655798
2021-09-15,84234.67680565157,102669.34071409865,101355.60939655798
2021-09-16,84234.67680565157,102669.34071409865,101355.60939655798
2021-09-17,84234.67680565157,102669.34071409865,101355.60939655798
2021-09-18,84234.67680565157,102669.34071409865,101355.60939655798
2021-09-19,84234.67680565157,102669.34071409865,101355.60939655798
2021-09-20,84234.67680565157,102669.34071409865,101355.60939655798
2021-09-21,84234.67680565157,102669.34071409865,101355.60939655798
2021-09-22,84234.67680565157,102669.34071409865,101355.60939655798
2021-09-23,84234.67680565157,102669.34071409865,101355.60939655798
2021-09-24,84234.67680565157,102669.34071409865,101355.60939655798
2021-09-25,84234.67680565157,102669.34071409865,101355.60939655798
2021-09-26,84234.67680565157,102669.34071409865,101355.60939655798
2021-09-27,84234.67680565157,102669.34071409865,101355.60939655798
2021-09-28,84234.67680565157,102669.34071409865,101355.60939655798
2021-09-29,84234.67680565157,102669.34071409865,101355.60939655798
2021-09-30,84234.67680565157,102669.34071409865,101355.60939655798
2021-10-01,84234.67680565157,102669.34071409865,101355.60939655798
2021-10-02,84234.67680565157,102669.34071409865,101355.60939655798
2021-10-03,84234.67680565157,102669.34071409865,101355.60939655798
2021-10-04,84234.67680565157,102669.34071409865,101355.60939655798
2021-10-05,84234.67680565157,102669.34071409865,101355.60939655798
2021-10-06,84234.67680565157,102669.34071409865,101355.60939655798
2021-10-07,84234.67680565157,102669.34071409865,101355.60939655798
2021-10-08,84234.67680565157,102669.34071409865,101355.60939655798
2021-10-09,84234.67680565157,102669.34071409865,101355.60939655798
2021-10-10,84234.67680565157,102669.34071409865,101355.60939655798
2021-10-11,84234.67680565157,102669.34071409865,101355.60939655798
2021-10-12,84234.67680565157,102669.34071409865,101355.60939655798
2021-10-13,84234.67680565157,102669.34071409865,101355.60939655798
2021-10-14,84234.67680565157,102669.34071409865,101355.60939655798
2021-10-15,84234.67680565157,102669.34071409865,101355.60939655798
2021-10-16,84749.85635258791,102669.34071409865,101355.60939655798
2021-10-17,84392.57010288883,102669.34071409865,101355.60939655798
2021-10-18,84335.86011231999,102669.34071409865,101355.60939655798
2021-10-19,84335.86011231999,102669.34071409865,101355.60939655798
2021-10-20,84335.86011231999,102669.34071409865,101355.60939655798
2021-10-21,86572.84514393426,102669.34071409865,101355.60939655798
2021-10-22,86519.21199179461,102669.34071409865,101355.60939655798
2021-10-23,86519.21199179461,102669.34071409865,101355.60939655798
2021-10-24,86519.21199179461,102669.34071409865,101355.60939655798
2021-10-25,86519.21199179461,102669.34071409865,101355.60939655798
2021-10-26,88254.91539992808,102669.34071409865,101355.60939655798
2021-10-27,88199.07022358899,102669.34071409865,101355.60939655798
2021-10-28,88199.07022358899,102669.34071409865,101355.60939655798
2021-10-29,88199.07022358899,102669.34071409865,101355.60939655798
2021-10-30,88199.07022358899,102669.34071409865,101355.60939655798
2021-10-31,88581.9473426372,102669.34071409865,101355.60939655798
2021-11-01,88878.39868809041,102669.34071409865,101355.60939655798
2021-11-02,88819.78007816566,102669.34071409865,101355.60939655798
2021-11-03,89067.16821360617,102669.34071409865,101355.60939655798
2021-11-04,90071.46210711802,102669.34071409865,101355.60939655798
2021-11-05,90013.24964096781,102669.34071409865,101355.60939655798
2021-11-06,89696.2229268692,102669.34071409865,101355.60939655798
2021-11-07,89634.93865627811,102669.34071409865,101355.60939655798
2021-11-08,89634.93865627811,102669.34071409865,101355.60939655798
2021-11-09,90018.23129822631,102669.34071409865,101355.60939655798
2021-11-10,91314.56221981853,102669.34071409865,101355.60939655798
2021-11-11,91256.44276588237,102669.34071409865,101355.60939655798
2021-11-12,91256.44276588237,102669.34071409865,101355.60939655798
2021-11-13,91256.44276588237,102669.34071409865,101355.60939655798
2021-11-14,91256.44276588237,102669.34071409865,101355.60939655798
2021-11-15,91256.44276588237,102669.34071409865,101355.60939655798
2021-11-16,91256.44276588237,102669.34071409865,101355.60939655798
2021-11-17,91256.44276588237,102669.34071409865,101355.60939655798
2021-11-18,91256.44276588237,102669.34071409865,101355.60939655798
2021-11-19,91256.44276588237,102669.34071409865,101355.60939655798
2021-11-20,91256.44276588237,102669.34071409865,101355.60939655798
2021-11-21,91256.44276588237,102669.34071409865,101355.60939655798
2021-11-22,91256.44276588237,102669.34071409865,101355.60939655798
2021-11-23,91256.44276588237,102669.34071409865,101355.60939655798
2021-11-24,91256.44276588237,102669.34071409865,101355.60939655798
2021-11-25,91256.44276588237,102669.34071409865,101355.60939655798
2021-11-26,91256.44276588237,102669.34071409865,101355.60939655798
2021-11-27,91256.44276588237,102669.34071409865,101355.60939655798
2021-11-28,91256.44276588237,102669.34071409865,101355.60939655798
2021-11-29,91256.44276588237,102669.34071409865,101355.60939655798
2021-11-30,91256.44276588237,102669.34071409865,101355.60939655798
2021-12-01,91256.44276588237,102669.34071409865,101355.60939655798
2021-12-02,91256.44276588237,102669.34071409865,101355.60939655798
2021-12-03,91256.44276588237,102669.34071409865,101355.60939655798
2021-12-04,91256.44276588237,102669.34071409865,101355.60939655798
2021-12-05,91256.44276588237,102669.34071409865,101355.60939655798
2021-12-06,91256.44276588237,102669.34071409865,101355.60939655798
2021-12-07,91256.44276588237,102669.34071409865,101355.60939655798
2021-12-08,91256.44276588237,102669.34071409865,101355.60939655798
2021-12-09,91256.44276588237,102669.34071409865,101355.60939655798
2021-12-10,91256.44276588237,102669.34071409865,101355.60939655798
2021-12-11,91256.44276588237,102669.34071409865,101355.60939655798
2021-12-12,91256.44276588237,102669.34071409865,101355.60939655798
2021-12-13,91256.44276588237,102669.34071409865,101355.60939655798
2021-12-14,91256.44276588237,102669.34071409865,101355.60939655798
2021-12-15,91256.44276588237,102669.34071409865,101355.60939655798
2021-12-16,91256.44276588237,102669.34071409865,101355.60939655798
2021-12-17,91256.44276588237,102669.34071409865,101355.60939655798
2021-12-18,91256.44276588237,102669.34071409865,101355.60939655798
2021-12-19,91256.44276588237,102669.34071409865,101355.60939655798
2021-12-20,91256.44276588237,102669.34071409865,101355.60939655798
2021-12-21,91256.44276588237,102669.34071409865,101355.60939655798
2021-12-22,91256.44276588237,102669.34071409865,101355.60939655798
2021-12-23,91256.44276588237,102669.34071409865,101355.60939655798
2021-12-24,91256.44276588237,102669.34071409865,101355.60939655798
2021-12-25,91256.44276588237,102669.34071409865,101355.60939655798
2021-12-26,91256.44276588237,102669.34071409865,101355.60939655798
2021-12-27,91256.44276588237,102669.34071409865,101355.60939655798
2021-12-28,91256.44276588237,102669.34071409865,101355.60939655798
2021-12-29,91256.44276588237,102669.34071409865,101355.60939655798
2021-12-30,91256.44276588237,102669.34071409865,101355.60939655798
2021-12-31,90442.54137688548,102669.34071409865,101355.60939655798
2022-01-01,90382.23558142773,102669.34071409865,101355.60939655798
2022-01-02,90382.23558142773,102669.34071409865,101355.60939655798
2022-01-03,90382.23558142773,102669.34071409865,101355.60939655798
2022-01-04,90382.23558142773,102669.34071409865,101355.60939655798
2022-01-05,90382.23558142773,102669.34071409865,101355.60939655798
2022-01-06,90382.23558142773,102669.34071409865,101355.60939655798
2022-01-07,90382.23558142773,102669.34071409865,101355.60939655798
2022-01-08,90382.23558142773,102669.34071409865,101355.60939655798
2022-01-09,90382.23558142773,102669.34071409865,101355.60939655798
2022-01-10,90382.23558142773,102669.34071409865,101355.60939655798
2022-01-11,90382.23558142773,102669.34071409865,101355.60939655798
2022-01-12,91477.33656778539,102669.34071409865,101355.60939655798
2022-01-13,90202.79180702413,101260.94673909864,101291.28197734497
2022-01-14,90684.09687994214,101762.32337024434,101297.84130714498
2022-01-15,90701.10183785213,101793.21269395114,101291.40322019598
2022-01-16,90684.85692741707,101774.14460849643,101286.94099207598
2022-01-17,90623.47269548048,100899.64238452043,101279.17674170798
2022-01-18,90623.47269548048,100828.58568547283,99514.77434170798
2022-01-19,90623.47269548048,100828.58568547283,99514.77434170798
2022-01-20,90623.47269548048,100828.58568547283,99514.77434170798
2022-01-21,90623.47269548048,100828.58568547283,99514.77434170798
2022-01-22,89062.97710544383,100828.58568547283,99514.77434170798
2022-01-23,90370.78296561076,101949.10855547283,99459.56814144198
2022-01-24,90310.06047488912,102362.30945879233,99454.40122466598
2022-01-25,90616.26749052382,102302.15202406334,100988.41062466598
2022-01-26,90453.5478301429,102097.73454406334,100934.94578505297
2022-01-27,90851.09684249415,102450.46715659395,100943.34731206197
2022-01-28,90789.43075660836,103015.32868360294,100939.74462242998
2022-01-29,91255.58215951617,102955.16114279175,101641.46972242997
2022-01-30,91193.67043742645,102955.16114279175,101641.46972242997
2022-01-31,91807.82537540136,102955.16114279175,101641.46972242997
2022-02-01,92055.84555831822,103125.15079279174,101585.37248970797
2022-02-02,91993.08414353295,101328.52390965546,101581.81272503597
2022-02-03,92440.9863879556,101269.62959384265,99955.96812503597
2022-02-04,92378.72109096764,105475.93162384265,99898.79881202299
2022-02-05,92378.72109096764,105409.82216227514,104099.13736202299
2022-02-06,92378.72109096764,105409.82216227514,104099.13736202299
2022-02-07,92378.72109096764,105409.82216227514,104099.13736202299
2022-02-08,92378.72109096764,105409.82216227514,104099.13736202299
2022-02-09,92378.72109096764,105409.82216227514,104099.13736202299
2022-02-10,92378.72109096764,105409.82216227514,104099.13736202299
2022-02-11,91291.14146932359,105409.82216227514,104099.13736202299
2022-02-12,91230.50516479935,105190.40156727514,104022.91144202297
2022-02-13,91230.50516479935,105114.40940127513,103803.78459202297
2022-02-14,91230.50516479935,105114.40940127513,103803.78459202297
2022-02-15,91230.50516479935,105114.40940127513,103803.78459202297
2022-02-16,91230.50516479935,105114.40940127513,103803.78459202297
2022-02-17,91230.50516479935,105114.40940127513,103803.78459202297
2022-02-18,91230.50516479935,105114.40940127513,103803.78459202297
2022-02-19,91230.50516479935,105114.40940127513,103803.78459202297
2022-02-20,91230.50516479935,105114.40940127513,103803.78459202297
2022-02-21,91230.50516479935,105114.40940127513,103803.78459202297
2022-02-22,92566.27588821095,105114.40940127513,103803.78459202297
2022-02-23,91488.07804477535,104076.74390627514,103753.35199702298
2022-02-24,92689.21513481205,105160.85676313093,103760.54984518298
2022-02-25,92627.18226724787,106060.01461316893,103753.79708332698
2022-02-26,92627.18226724787,105994.42311647833,104683.86828332697
2022-02-27,92627.18226724787,105994.42311647833,104683.86828332697
2022-02-28,98652.16150253773,105994.42311647833,104683.86828332697
2022-03-01,98580.7123716335,107190.88311647832,104608.30328109898
2022-03-02,98580.7123716335,107113.42631425032,105802.87148109898
2022-03-03,100025.02614261843,107113.42631425032,105802.87148109898
2022-03-04,103375.82972981397,110355.08531425032,105750.93509109897
2022-03-05,103316.50014953074,110117.52991225032,105759.46712197897
2022-03-06,103316.50014953074,110066.95497946792,108756.37012197898
2022-03-07,103316.50014953074,110066.95497946792,108756.37012197898
2022-03-08,103316.50014953074,110066.95497946792,108756.37012197898
2022-03-09,103316.50014953074,110066.95497946792,108756.37012197898
2022-03-10,103316.50014953074,110066.95497946792,108756.37012197898
2022-03-11,103316.50014953074,110066.95497946792,108756.37012197898
2022-03-12,103316.50014953074,110066.95497946792,108756.37012197898
2022-03-13,103316.50014953074,110066.95497946792,108756.37012197898
2022-03-14,103316.50014953074,110066.95497946792,108756.37012197898
2022-03-15,103316.50014953074,110066.95497946792,108756.37012197898
2022-03-16,103316.50014953074,110066.95497946792,108756.37012197898
2022-03-17,103528.79363370259,110066.95497946792,108756.37012197898
2022-03-18,103459.41048959938,109165.9581444679,108704.03878162899
2022-03-19,102955.89342228662,109112.36739128412,107801.80253162899
2022-03-20,104016.10750008552,109988.0856962841,107750.87951162897
2022-03-21,103947.1123639663,110260.3243292841,107754.55044754797
2022-03-22,102385.3547062417,110202.48187072661,108891.84699754797
2022-03-23,102312.87197268163,109620.3056757266,108839.88520713997
2022-03-24,102312.87197268163,109567.56588451301,108256.86100713997
2022-03-25,102312.87197268163,109567.56588451301,108256.86100713997
2022-03-26,102312.87197268163,109567.56588451301,108256.86100713997
2022-03-27,102312.87197268163,109567.56588451301,108256.86100713997
2022-03-28,102014.39815504281,109567.56588451301,108256.86100713997
2022-03-29,101944.9142561258,109184.292569513,108200.21556185198
2022-03-30,102290.20053510247,109127.18823922501,107816.46336185199
2022-03-31,103809.08307023314,110614.23625422502,107759.51445185197
2022-04-01,103743.06330306968,109854.739356225,107771.92722371696
2022-04-02,104209.9327646771,109797.7268904081,108487.00197371696
2022-04-03,103622.75351655448,109132.6504054081,108432.20769371698
2022-04-04,103462.26902945469,108973.4126104081,108446.18184371697
2022-04-05,104567.82444634035,110070.3467634081,108459.83112371697
2022-04-06,104499.0085293285,112411.0760284081,108472.73823980697
2022-04-07,104499.0085293285,112359.2274305287,111048.48248980698
2022-04-08,104499.0085293285,112359.2274305287,111048.48248980698
2022-04-09,104499.0085293285,112359.2274305287,111048.48248980698
2022-04-10,104499.0085293285,112359.2274305287,111048.48248980698
2022-04-11,104499.0085293285,112359.2274305287,111048.48248980698
2022-04-12,105133.60717831433,112359.2274305287,111048.48248980698
2022-04-13,105062.24157572791,113371.9550055287,110989.36756247898
2022-04-14,105062.24157572791,113311.2207579583,112000.54586247898
2022-04-15,105062.24157572791,113311.2207579583,112000.54586247898
2022-04-16,105062.24157572791,113311.2207579583,112000.54586247898
2022-04-17,105062.24157572791,113311.2207579583,112000.54586247898
2022-04-18,106387.3103170121,113311.2207579583,112000.54586247898
2022-04-19,106314.51965150452,113942.06906295831,111934.68743064298
2022-04-20,106314.51965150452,113875.1824983669,112564.54763064298
2022-04-21,106314.51965150452,113875.1824983669,112564.54763064298
2022-04-22,106314.51965150452,113875.1824983669,112564.54763064298
2022-04-23,105982.23345958765,113875.1824983669,112564.54763064298
2022-04-24,106010.15086216497,113824.54008336691,112520.06185134598
2022-04-25,105938.9752674506,114815.16671523081,112523.91405441497
2022-04-26,108655.38261530123,114758.379796394,113447.77490441497
2022-04-27,108587.98898382357,113578.130836394,113382.08935337297
2022-04-28,108587.98898382357,113510.7607510108,112200.23580337297
2022-04-29,108587.98898382357,113510.7607510108,112200.23580337297
2022-04-30,108587.98898382357,113510.7607510108,112200.23580337297
2022-05-01,108587.98898382357,113510.7607510108,112200.23580337297
2022-05-02,108587.98898382357,113510.7607510108,112200.23580337297
2022-05-03,109587.31186059826,113510.7607510108,112200.23580337297
2022-05-04,109515.5417367529,111493.1173260108,112152.57414097297
2022-05-05,113397.7424806805,111442.5141636108,110132.03914097298
2022-05-06,113329.67354430458,111926.8847086108,110071.80865138698
2022-05-07,113329.67354430458,111867.46306852391,110556.98795138698
2022-05-08,113329.67354430458,111867.46306852391,110556.98795138698
2022-05-09,119250.96070953662,111867.46306852391,110556.98795138698
2022-05-10,117856.05108530974,110879.48172352392,110521.17863138697
2022-05-11,117786.34015161425,112801.9468535239,110524.38209765997
2022-05-12,117664.79374424717,112761.49441419971,111453.12624765997
2022-05-13,117585.61768939157,112975.25980419971,111410.07562103697
2022-05-14,116131.37811325895,112931.82330173321,111623.44497103698
2022-05-15,116049.85413830943,111644.54319173322,111586.88118216397
2022-05-16,116049.85413830943,111606.11611512591,110297.68783216397
2022-05-17,116049.85413830943,111606.11611512591,110297.68783216397
2022-05-18,116049.85413830943,111606.11611512591,110297.68783216397
2022-05-19,116049.85413830943,111606.11611512591,110297.68783216397
2022-05-20,117963.90317116075,111606.11611512591,110297.68783216397
2022-05-21,117888.47109083118,111318.26460012591,110253.94551681497
2022-05-22,117888.47109083118,111274.1461796965,109965.67786681498
2022-05-23,119950.95931500586,111274.1461796965,109965.67786681498
2022-05-24,119874.52695166468,110685.0424696965,109919.00234563899
2022-05-25,119874.52695166468,110637.54888055171,109329.12044563898
2022-05-26,119874.52695166468,110637.54888055171,109329.12044563898
2022-05-27,120918.72195256637,110637.54888055171,109329.12044563898
2022-05-28,120839.385064159,110193.0841655517,109294.51121249498
2022-05-29,120011.06775999276,110157.87264602131,108849.46426249498
2022-05-30,115786.4079368416,107847.55049602131,108814.78237249498
2022-05-31,115679.17261596027,107790.25076202131,108824.32267249498
2022-06-01,119431.2156769998,109795.0010740213,108833.26441249499
2022-06-02,119347.46821145105,109157.15282302132,108834.15362841498
2022-06-03,119347.46821145105,109112.35309452532,107803.97472841498
2022-06-04,119347.46821145105,109112.35309452532,107803.97472841498
2022-06-05,119347.46821145105,109112.35309452532,107803.97472841498
2022-06-06,119347.46821145105,109112.35309452532,107803.97472841498
2022-06-07,119347.46821145105,109112.35309452532,107803.97472841498
2022-06-08,120923.86082874204,109112.35309452532,107803.97472841498
2022-06-09,120845.69686834143,109161.88593952531,107767.43131590898
2022-06-10,120845.69686834143,109125.48484075112,107817.16646590899
2022-06-11,120845.69686834143,109125.48484075112,107817.16646590899
2022-06-12,120845.69686834143,109125.48484075112,107817.16646590899
2022-06-13,120845.69686834143,109125.48484075112,107817.16646590899
2022-06-14,120845.69686834143,109125.48484075112,107817.16646590899
2022-06-15,120845.69686834143,109125.48484075112,107817.16646590899
2022-06-16,120845.69686834143,109125.48484075112,107817.16646590899
2022-06-17,120845.69686834143,109125.48484075112,107817.16646590899
2022-06-18,120845.69686834143,109125.48484075112,107817.16646590899
2022-06-19,120845.69686834143,109125.48484075112,107817.16646590899
2022-06-20,120845.69686834143,109125.48484075112,107817.16646590899
2022-06-21,120845.69686834143,109125.48484075112,107817.16646590899
2022-06-22,120845.69686834143,109125.48484075112,107817.16646590899
2022-06-23,120845.69686834143,109125.48484075112,107817.16646590899
2022-06-24,120845.69686834143,109125.48484075112,107817.16646590899
2022-06-25,120845.69686834143,109125.48484075112,107817.16646590899
2022-06-26,120845.69686834143,109125.48484075112,107817.16646590899
2022-06-27,120845.69686834143,109125.48484075112,107817.16646590899
2022-06-28,120845.69686834143,109125.48484075112,107817.16646590899
2022-06-29,120845.69686834143,109125.48484075112,107817.16646590899
2022-06-30,120845.69686834143,109125.48484075112,107817.16646590899
2022-07-01,120845.69686834143,109125.48484075112,107817.16646590899
2022-07-02,120845.69686834143,109125.48484075112,107817.16646590899
2022-07-03,120845.69686834143,109125.48484075112,107817.16646590899
2022-07-04,120845.69686834143,109125.48484075112,107817.16646590899
2022-07-05,120845.69686834143,109125.48484075112,107817.16646590899
2022-07-06,120845.69686834143,109125.48484075112,107817.16646590899
2022-07-07,120845.69686834143,109125.48484075112,107817.16646590899
2022-07-08,120845.69686834143,109125.48484075112,107817.16646590899
2022-07-09,120845.69686834143,109125.48484075112,107817.16646590899
2022-07-10,120845.69686834143,109125.48484075112,107817.16646590899
2022-07-11,120845.69686834143,109125.48484075112,107817.16646590899
2022-07-12,120845.69686834143,109125.48484075112,107817.16646590899
2022-07-13,120845.69686834143,109125.48484075112,107817.16646590899
2022-07-14,120845.69686834143,109125.48484075112,107817.16646590899
2022-07-15,120845.69686834143,109125.48484075112,107817.16646590899
2022-07-16,120845.69686834143,109125.48484075112,107817.16646590899
2022-07-17,120845.69686834143,109125.48484075112,107817.16646590899
2022-07-18,116568.75459066374,109125.48484075112,107817.16646590899
2022-07-19,114067.86950363434,107163.75597075111,107763.90662590897
2022-07-20,113971.26110329523,107524.43394275111,107776.96648089698
2022-07-21,114117.924883476,107502.65884773912,106125.89658089698
2022-07-22,114041.24258237476,108402.65056273912,106067.86041660898
2022-07-23,114041.24258237476,108380.04376855431,106934.60601660899
2022-07-24,114041.24258237476,108380.04376855431,106934.60601660899
2022-07-25,114041.24258237476,108380.04376855431,106934.60601660899
2022-07-26,114041.24258237476,108380.04376855431,106934.60601660899
2022-07-27,114041.24258237476,108380.04376855431,106934.60601660899
2022-07-28,114041.24258237476,108380.04376855431,106934.60601660899
2022-07-29,114184.73976819377,108380.04376855431,106934.60601660899
2022-07-30,114480.15356421124,108611.91784855432,106906.03836660898
2022-07-31,114401.40530138242,109326.4839545543,106912.16007878198
2022-08-01,114401.40530138242,109297.70284941272,107357.72012878198
2022-08-02,114401.40530138242,109297.70284941272,107357.72012878198
2022-08-03,114401.40530138242,109297.70284941272,107357.72012878198
2022-08-04,114401.40530138242,109297.70284941272,107357.72012878198
2022-08-05,114401.40530138242,109297.70284941272,107357.72012878198
2022-08-06,114401.40530138242,109297.70284941272,107357.72012878198
2022-08-07,114401.40530138242,109297.70284941272,107357.72012878198
2022-08-08,114401.40530138242,109297.70284941272,107357.72012878198
2022-08-09,114401.40530138242,109297.70284941272,107357.72012878198
2022-08-10,114401.40530138242,109297.70284941272,107357.72012878198
2022-08-11,114401.40530138242,109297.70284941272,107357.72012878198
2022-08-12,114401.40530138242,109297.70284941272,107357.72012878198
2022-08-13,114401.40530138242,109297.70284941272,107357.72012878198
2022-08-14,114401.40530138242,109297.70284941272,107357.72012878198
2022-08-15,114401.40530138242,109297.70284941272,107357.72012878198
2022-08-16,114401.40530138242,109297.70284941272,107357.72012878198
2022-08-17,114401.40530138242,109297.70284941272,107357.72012878198
2022-08-18,114401.40530138242,109297.70284941272,107357.72012878198
2022-08-19,114401.40530138242,109297.70284941272,107357.72012878198
2022-08-20,115135.22036372061,109297.70284941272,107357.72012878198
2022-08-21,115057.00991018879,110017.07274441271,107298.07796814198
2022-08-22,115057.00991018879,109990.7558355287,107984.53116814198
2022-08-23,115057.00991018879,109990.7558355287,107984.53116814198
2022-08-24,115057.00991018879,109990.7558355287,107984.53116814198
2022-08-25,115057.00991018879,109990.7558355287,107984.53116814198
2022-08-26,115057.00991018879,109990.7558355287,107984.53116814198
2022-08-27,114523.26150919498,109990.7558355287,107984.53116814198
2022-08-28,113298.37724045923,108996.7194355287,107929.34520600598
2022-08-29,115178.84651308495,110461.88627591211,107941.46469461398
2022-08-30,115104.89606886117,109525.86578244332,107944.68845443797
2022-08-31,115104.89606886117,109502.1099907585,107433.45335443797
2022-09-01,115104.89606886117,109502.1099907585,107433.45335443797
2022-09-02,115104.89606886117,109502.1099907585,107433.45335443797
2022-09-03,115104.89606886117,109502.1099907585,107433.45335443797
2022-09-04,115104.89606886117,109502.1099907585,107433.45335443797
2022-09-05,115104.89606886117,109502.1099907585,107433.45335443797
2022-09-06,115104.89606886117,109502.1099907585,107433.45335443797
2022-09-07,115104.89606886117,109502.1099907585,107433.45335443797
2022-09-08,115104.89606886117,109502.1099907585,107433.45335443797
2022-09-09,115104.89606886117,109502.1099907585,107433.45335443797
2022-09-10,115104.89606886117,109502.1099907585,107433.45335443797
2022-09-11,115104.89606886117,109502.1099907585,107433.45335443797
2022-09-12,115104.89606886117,109502.1099907585,107433.45335443797
2022-09-13,115104.89606886117,109502.1099907585,107433.45335443797
2022-09-14,115104.89606886117,109502.1099907585,107433.45335443797
2022-09-15,115104.89606886117,109502.1099907585,107433.45335443797
2022-09-16,115104.89606886117,109502.1099907585,107433.45335443797
2022-09-17,115104.89606886117,109502.1099907585,107433.45335443797
2022-09-18,115104.89606886117,109502.1099907585,107433.45335443797
2022-09-19,115104.89606886117,109502.1099907585,107433.45335443797
2022-09-20,115104.89606886117,109502.1099907585,107433.45335443797
2022-09-21,115104.89606886117,109502.1099907585,107433.45335443797
2022-09-22,115104.89606886117,109502.1099907585,107433.45335443797
2022-09-23,115104.89606886117,109502.1099907585,107433.45335443797
2022-09-24,115104.89606886117,109502.1099907585,107433.45335443797
2022-09-25,115104.89606886117,109502.1099907585,107433.45335443797
2022-09-26,115104.89606886117,109502.1099907585,107433.45335443797
2022-09-27,115104.89606886117,109502.1099907585,107433.45335443797
2022-09-28,115104.89606886117,109502.1099907585,107433.45335443797
2022-09-29,115104.89606886117,109502.1099907585,107433.45335443797
2022-09-30,115538.19233334772,109502.1099907585,107433.45335443797
2022-10-01,115461.17532990284,109696.2960757585,107382.98835709799
2022-10-02,115461.17532990284,109672.5504982155,107548.25535709798
2022-10-03,115461.17532990284,109672.5504982155,107548.25535709798
2022-10-04,113576.27667432577,109672.5504982155,107548.25535709798
2022-10-05,114067.32828121525,110001.16376821551,107499.33693709798
2022-10-06,114605.92405227962,110408.4387242155,107511.31335709798
2022-10-07,114526.68435981058,111281.5751262155,107522.05998992399
2022-10-08,114526.68435981058,111263.0266185389,109078.86968992397
2022-10-09,114526.68435981058,111263.0266185389,109078.86968992397
2022-10-10,114526.68435981058,111263.0266185389,109078.86968992397
2022-10-11,114709.82921212714,111263.0266185389,109078.86968992397
2022-10-12,114468.09358225568,111043.37661853891,109033.18298992397
2022-10-13,114391.86480658711,110615.6699365389,109041.47630772798
2022-10-14,114391.86480658711,110593.9998971841,108353.15100772798
2022-10-15,114391.86480658711,110593.9998971841,108353.15100772798
2022-10-16,114391.86480658711,110593.9998971841,108353.15100772798
2022-10-17,114391.86480658711,110593.9998971841,108353.15100772798
2022-10-18,114963.1665761207,110593.9998971841,108353.15100772798
2022-10-19,114886.83783197244,110971.94873718408,108305.72449076797
2022-10-20,114886.83783197244,110955.05937866529,108655.15249076797
2022-10-21,114886.83783197244,110955.05937866529,108655.15249076797
2022-10-22,114886.83783197244,110955.05937866529,108655.15249076797
2022-10-23,114886.83783197244,110955.05937866529,108655.15249076797
2022-10-24,114886.83783197244,110955.05937866529,108655.15249076797
2022-10-25,114886.83783197244,110955.05937866529,108655.15249076797
2022-10-26,114886.83783197244,110955.05937866529,108655.15249076797
2022-10-27,114886.83783197244,110955.05937866529,108655.15249076797
2022-10-28,114886.83783197244,110955.05937866529,108655.15249076797
2022-10-29,114886.83783197244,110955.05937866529,108655.15249076797
2022-10-30,114886.83783197244,110955.05937866529,108655.15249076797
2022-10-31,114886.83783197244,110955.05937866529,108655.15249076797
2022-11-01,114886.83783197244,110955.05937866529,108655.15249076797
2022-11-02,114886.83783197244,110955.05937866529,108655.15249076797
2022-11-03,114886.83783197244,110955.05937866529,108655.15249076797
2022-11-04,114886.83783197244,110955.05937866529,108655.15249076797
2022-11-05,114886.83783197244,110955.05937866529,108655.15249076797
2022-11-06,114886.83783197244,110955.05937866529,108655.15249076797
2022-11-07,114886.83783197244,110955.05937866529,108655.15249076797
2022-11-08,114886.83783197244,110955.05937866529,108655.15249076797
2022-11-09,107578.55656285524,110955.05937866529,108655.15249076797
2022-11-10,112375.17845422846,115966.5853586653,108718.12689325598
2022-11-11,110913.02680737808,114508.69197871629,108734.78631113497
2022-11-12,110840.85980165747,113750.6614063546,108730.03773348998
2022-11-13,110840.85980165747,113723.9330943586,111322.28328348999
2022-11-14,110840.85980165747,113723.9330943586,111322.28328348999
2022-11-15,111676.99377526806,113723.9330943586,111322.28328348999
2022-11-16,111601.04205506087,112985.15223935859,111277.81736976198
2022-11-17,111601.04205506087,112966.06363131221,110752.22896976199
2022-11-18,111601.04205506087,112966.06363131221,110752.22896976199
2022-11-19,111601.04205506087,112966.06363131221,110752.22896976199
2022-11-20,111601.04205506087,112966.06363131221,110752.22896976199
2022-11-21,111601.04205506087,112966.06363131221,110752.22896976199
2022-11-22,111601.04205506087,112966.06363131221,110752.22896976199
2022-11-23,111601.04205506087,112966.06363131221,110752.22896976199
2022-11-24,111601.04205506087,112966.06363131221,110752.22896976199
2022-11-25,111601.04205506087,112966.06363131221,110752.22896976199
2022-11-26,111601.04205506087,112966.06363131221,110752.22896976199
2022-11-27,111601.04205506087,112966.06363131221,110752.22896976199
2022-11-28,111601.04205506087,112966.06363131221,110752.22896976199
2022-11-29,111601.04205506087,112966.06363131221,110752.22896976199
2022-11-30,111601.04205506087,112966.06363131221,110752.22896976199
2022-12-01,111601.04205506087,112966.06363131221,110752.22896976199
2022-12-02,111601.04205506087,112966.06363131221,110752.22896976199
2022-12-03,111601.04205506087,112966.06363131221,110752.22896976199
2022-12-04,111601.04205506087,112966.06363131221,110752.22896976199
2022-12-05,111601.04205506087,112966.06363131221,110752.22896976199
2022-12-06,111601.04205506087,112966.06363131221,110752.22896976199
2022-12-07,111601.04205506087,112966.06363131221,110752.22896976199
2022-12-08,111601.04205506087,112966.06363131221,110752.22896976199
2022-12-09,111601.04205506087,112966.06363131221,110752.22896976199
2022-12-10,111601.04205506087,112966.06363131221,110752.22896976199
2022-12-11,111601.04205506087,112966.06363131221,110752.22896976199
2022-12-12,111601.04205506087,112966.06363131221,110752.22896976199
2022-12-13,111601.04205506087,112966.06363131221,110752.22896976199
2022-12-14,111513.85161909409,112966.06363131221,110752.22896976199
2022-12-15,111435.98551290738,113834.6976163122,110707.56000244198
2022-12-16,111435.98551290738,113816.1628291362,111549.29110244199
2022-12-17,111435.98551290738,113816.1628291362,111549.29110244199
2022-12-18,111435.98551290738,113816.1628291362,111549.29110244199
2022-12-19,111435.98551290738,113816.1628291362,111549.29110244199
2022-12-20,111435.98551290738,113816.1628291362,111549.29110244199
2022-12-21,111435.98551290738,113816.1628291362,111549.29110244199
2022-12-22,111435.98551290738,113816.1628291362,111549.29110244199
2022-12-23,111435.98551290738,113816.1628291362,111549.29110244199
2022-12-24,111435.98551290738,113816.1628291362,111549.29110244199
2022-12-25,111435.98551290738,113816.1628291362,111549.29110244199
2022-12-26,111435.98551290738,113816.1628291362,111549.29110244199
2022-12-27,111435.98551290738,113816.1628291362,111549.29110244199
2022-12-28,111435.98551290738,113816.1628291362,111549.29110244199
2022-12-29,111435.98551290738,113816.1628291362,111549.29110244199
2022-12-30,111435.98551290738,113816.1628291362,111549.29110244199
2022-12-31,111622.31294903965,113816.1628291362,111549.29110244199
2023-01-01,111549.30505033745,113566.4101741362,111506.54026661799
2023-01-02,111549.30505033745,113550.5389343637,111307.88986661799
2023-01-03,111549.30505033745,113550.5389343637,111307.88986661799
2023-01-04,111549.30505033745,113550.5389343637,111307.88986661799
2023-01-05,111549.30505033745,113550.5389343637,111307.88986661799
2023-01-06,111549.30505033745,113550.5389343637,111307.88986661799
2023-01-07,111549.30505033745,113550.5389343637,111307.88986661799
2023-01-08,111549.30505033745,113550.5389343637,111307.88986661799
2023-01-09,111549.30505033745,113550.5389343637,111307.88986661799
2023-01-10,111549.30505033745,113550.5389343637,111307.88986661799
2023-01-11,111549.30505033745,113550.5389343637,111307.88986661799
2023-01-12,111549.30505033745,113550.5389343637,111307.88986661799
2023-01-13,111549.30505033745,113550.5389343637,111307.88986661799
2023-01-14,108978.1684037944,113550.5389343637,111307.88986661799
2023-01-15,109212.36064779571,113681.62979436372,111264.24280895798
2023-01-16,108437.51433595158,113072.5474367037,111276.95422895798
2023-01-17,108581.46129873948,113186.9388267037,111289.63510895798
2023-01-18,109748.39247593953,114114.29971270371,111302.04160895798
2023-01-19,108772.14226466564,113338.46619470371,111314.68456895798
2023-01-20,104772.42176663945,110159.8691487037,111328.28488895798
2023-01-21,104496.75228986508,109940.7894747037,111341.95504895799
2023-01-22,104704.39471371559,110105.7996047037,111355.57978895798
2023-01-23,104196.64432752048,109702.2843327037,111369.32968895798
2023-01-24,104927.57573182108,110283.1542027037,111382.90942895798
2023-01-25,103867.41200171932,109440.6339367037,111396.74596895798
2023-01-26,104013.90772738353,109557.05050070368,111410.55178895798
2023-01-27,103926.9914729382,109441.8362907037,111424.18448780198
2023-01-28,104022.06199337813,109420.8577259149,107116.36188780198
2023-01-29,102578.51780461562,107944.52562591492,107061.53946780198
2023-01-30,104448.33341155667,109791.0710059149,107075.23518780197
2023-01-31,103856.7117144689,109206.80669591489,107089.11024780197
2023-02-01,102640.39645181927,108005.6217739149,107103.34986780197
2023-02-02,103148.40138188974,108507.3013699149,107117.44320780197
2023-02-03,103278.19397302627,108635.47473391489,107131.50234780197
2023-02-04,103505.20197271775,108859.65387391488,107145.49842780197
2023-02-05,104317.16546755284,109661.50997791489,107159.25816780198
2023-02-06,104676.1764854079,110016.04972391488,107172.91566780198
2023-02-07,103722.08643687125,109073.8272359149,107186.85996780198
2023-02-08,104298.12246330046,109642.69151191489,107200.63776780198
2023-02-09,106674.77690116546,111989.76931191489,107213.71560780198
2023-02-10,107034.65658713975,112345.16712191488,107226.69072780198
2023-02-11,106968.92198706981,111883.42223591488,107234.77857804598
2023-02-12,106968.92198706981,111859.7770376619,109489.19077804597
2023-02-13,106968.92198706981,111859.7770376619,109489.19077804597
2023-02-14,106968.92198706981,111859.7770376619,109489.19077804597
2023-02-15,106968.92198706981,111859.7770376619,109489.19077804597
2023-02-16,108557.58012426611,111859.7770376619,109489.19077804597
2023-02-17,106490.75161780679,109720.0004576619,109433.37967804598
2023-02-18,106382.7687557437,109610.78243966191,109448.15887804597
2023-02-19,107109.64777507575,110345.94160966191,109462.72195804598
2023-02-20,105996.02765919139,109219.62466566189,109477.62727804597
2023-02-21,106782.0586828648,110014.6099856619,109492.29859804598
2023-02-22,107330.38484759482,110569.1812816619,109506.80791804598
2023-02-23,107258.61030617874,111067.7106076619,109515.01318219397
2023-02-24,107258.61030617874,111040.0055718099,108598.19258219398
2023-02-25,107177.60910604548,111040.0055718099,108598.19258219398
2023-02-26,107105.42618210935,111800.8299668099,108520.84782131999
2023-02-27,107105.42618210935,111757.62424764891,109245.78312131998
2023-02-28,107105.42618210935,111757.62424764891,109245.78312131998
2023-03-01,107105.42618210935,111757.62424764891,109245.78312131998
2023-03-02,107105.42618210935,111757.62424764891,109245.78312131998
2023-03-03,107105.42618210935,111757.62424764891,109245.78312131998
2023-03-04,107105.42618210935,111757.62424764891,109245.78312131998
2023-03-05,107105.42618210935,111757.62424764891,109245.78312131998
2023-03-06,107105.42618210935,111757.62424764891,109245.78312131998
2023-03-07,107105.42618210935,111757.62424764891,109245.78312131998
2023-03-08,107105.42618210935,111757.62424764891,109245.78312131998
2023-03-09,110073.83252266338,111757.62424764891,109245.78312131998
2023-03-10,109472.76816560805,112150.12093264892,109180.65993309599
2023-03-11,110214.37073899776,112695.71227642811,109483.68564921798
2023-03-12,110139.91221598249,115779.4021939139,109481.31172218599
2023-03-13,110139.91221598249,115745.9111908027,113108.120422186
2023-03-14,108996.25691269859,115745.9111908027,113108.120422186
2023-03-15,109814.78584686367,116478.4055758027,113061.43209182798
2023-03-16,109739.91923554608,115079.4884004423,113076.43137182799
2023-03-17,109739.91923554608,115056.9894984423,112344.634971828
2023-03-18,109739.91923554608,115056.9894984423,112344.634971828
2023-03-19,109739.91923554608,115056.9894984423,112344.634971828
2023-03-20,109739.91923554608,115056.9894984423,112344.634971828
2023-03-21,109739.91923554608,115056.9894984423,112344.634971828
2023-03-22,109739.91923554608,115056.9894984423,112344.634971828
2023-03-23,109739.91923554608,115056.9894984423,112344.634971828
2023-03-24,109739.91923554608,115056.9894984423,112344.634971828
2023-03-25,109730.31227487113,115056.9894984423,112344.634971828
2023-03-26,110637.30060224305,115520.88505844229,112303.33726953898
2023-03-27,110561.97862169762,114677.6418563378,112302.00326695698
2023-03-28,110561.97862169762,114635.610503264,111923.21591695698
2023-03-29,110561.97862169762,114635.610503264,111923.21591695698
2023-03-30,110561.97862169762,114635.610503264,111923.21591695698
2023-03-31,110561.97862169762,114635.610503264,111923.21591695698
2023-04-01,110561.97862169762,114635.610503264,111923.21591695698
2023-04-02,110561.97862169762,114635.610503264,111923.21591695698
2023-04-03,110561.97862169762,114635.610503264,111923.21591695698
2023-04-04,111194.58066804873,114635.610503264,111923.21591695698
2023-04-05,111119.10867437466,114597.902298264,111876.30778555699
2023-04-06,111119.10867437466,114550.9874002098,111838.55278555698
2023-04-07,110866.77362827849,114550.9874002098,111838.55278555698
2023-04-08,110792.26386033093,114550.9874002098,111838.55278555698
2023-04-09,111454.46708295334,114550.9874002098,111838.55278555698
2023-04-10,111378.789555257,115822.0817602098,111788.31189326599
2023-04-11,111378.789555257,115769.88053245199,113057.35594326598
2023-04-12,111378.789555257,115769.88053245199,113057.35594326598
2023-04-13,111378.789555257,115769.88053245199,113057.35594326598
2023-04-14,111378.789555257,115769.88053245199,113057.35594326598
2023-04-15,111378.789555257,115769.88053245199,113057.35594326598
2023-04-16,111378.789555257,115769.88053245199,113057.35594326598
2023-04-17,111378.789555257,115769.88053245199,113057.35594326598
2023-04-18,111378.789555257,115769.88053245199,113057.35594326598
2023-04-19,111378.789555257,115769.88053245199,113057.35594326598
2023-04-20,111378.789555257,115769.88053245199,113057.35594326598
2023-04-21,111378.789555257,115769.88053245199,113057.35594326598
2023-04-22,111378.789555257,115769.88053245199,113057.35594326598
2023-04-23,111378.789555257,115769.88053245199,113057.35594326598
2023-04-24,111378.789555257,115769.88053245199,113057.35594326598
2023-04-25,111378.789555257,115769.88053245199,113057.35594326598
2023-04-26,111378.789555257,115769.88053245199,113057.35594326598
2023-04-27,111378.789555257,115769.88053245199,113057.35594326598
2023-04-28,111378.789555257,115769.88053245199,113057.35594326598
2023-04-29,111378.789555257,115769.88053245199,113057.35594326598
2023-04-30,111378.789555257,115769.88053245199,113057.35594326598
2023-05-01,109361.08319936991,115769.88053245199,113057.35594326598
2023-05-02,109289.03063532148,116329.378142452,113012.87188467299
2023-05-03,109289.03063532148,116283.9817621818,113571.46703467298
2023-05-04,109289.03063532148,116283.9817621818,113571.46703467298
2023-05-05,109289.03063532148,116283.9817621818,113571.46703467298
2023-05-06,110374.08112259723,116283.9817621818,113571.46703467298
2023-05-07,110301.9833264835,116658.79947718179,113532.29264928699
2023-05-08,110301.9833264835,116620.26225679579,113907.74749928698
2023-05-09,110301.9833264835,116620.26225679579,113907.74749928698
2023-05-10,110301.9833264835,116620.26225679579,113907.74749928698
2023-05-11,110301.9833264835,116620.26225679579,113907.74749928698
2023-05-12,110301.9833264835,116620.26225679579,113907.74749928698
2023-05-13,110301.9833264835,116620.26225679579,113907.74749928698
2023-05-14,110301.9833264835,116620.26225679579,113907.74749928698
2023-05-15,110301.9833264835,116620.26225679579,113907.74749928698
2023-05-16,110301.9833264835,116620.26225679579,113907.74749928698
2023-05-17,110301.9833264835,116620.26225679579,113907.74749928698
2023-05-18,110301.9833264835,116620.26225679579,113907.74749928698
2023-05-19,110301.9833264835,116620.26225679579,113907.74749928698
2023-05-20,110301.9833264835,116620.26225679579,113907.74749928698
2023-05-21,110301.9833264835,116620.26225679579,113907.74749928698
2023-05-22,110301.9833264835,116620.26225679579,113907.74749928698
2023-05-23,109607.98423994213,116620.26225679579,113907.74749928698
2023-05-24,109532.51600140204,117470.0328417958,113871.243690697
2023-05-25,109532.51600140204,117434.87493484869,114722.35019069699
2023-05-26,109532.51600140204,117434.87493484869,114722.35019069699
2023-05-27,109532.51600140204,117434.87493484869,114722.35019069699
2023-05-28,109532.51600140204,117434.87493484869,114722.35019069699
2023-05-29,110099.32849383235,117434.87493484869,114722.35019069699
2023-05-30,110026.28945131607,117435.26034984869,114686.03078999298
2023-05-31,110026.28945131607,117399.0139641447,114686.48918999298
2023-06-01,110026.28945131607,117399.0139641447,114686.48918999298
2023-06-02,110026.28945131607,117399.0139641447,114686.48918999298
2023-06-03,110026.28945131607,117399.0139641447,114686.48918999298
2023-06-04,110026.28945131607,117399.0139641447,114686.48918999298
2023-06-05,110026.28945131607,117399.0139641447,114686.48918999298
2023-06-06,112890.58179115123,117399.0139641447,114686.48918999298
2023-06-07,112812.10341924784,116467.4388591447,114639.32129102798
2023-06-08,112812.10341924784,116421.6070905777,113709.01234102798
2023-06-09,112812.10341924784,116421.6070905777,113709.01234102798
2023-06-10,112812.10341924784,116421.6070905777,113709.01234102798
2023-06-11,112812.10341924784,116421.6070905777,113709.01234102798
2023-06-12,112812.10341924784,116421.6070905777,113709.01234102798
2023-06-13,112812.10341924784,116421.6070905777,113709.01234102798
2023-06-14,112812.10341924784,116421.6070905777,113709.01234102798
2023-06-15,112812.10341924784,116421.6070905777,113709.01234102798
2023-06-16,112812.10341924784,116421.6070905777,113709.01234102798
2023-06-17,112812.10341924784,116421.6070905777,113709.01234102798
2023-06-18,112812.10341924784,116421.6070905777,113709.01234102798
2023-06-19,112812.10341924784,116421.6070905777,113709.01234102798
2023-06-20,112812.10341924784,116421.6070905777,113709.01234102798
2023-06-21,112812.10341924784,116421.6070905777,113709.01234102798
2023-06-22,112812.10341924784,116421.6070905777,113709.01234102798
2023-06-23,111438.00666046365,116421.6070905777,113709.01234102798
2023-06-24,111727.02860459234,116536.6543255777,113672.13781102798
2023-06-25,111852.51463362326,116610.5825545777,113681.27662102798
2023-06-26,112198.45217996248,116814.39135257769,113690.35702102799
2023-06-27,111493.43322813069,116399.02174957769,113699.56474102798
2023-06-28,111415.24044840895,117023.2594815777,113706.75323962799
2023-06-29,111415.24044840895,116985.34188256769,114272.73713962799
2023-06-30,111364.59413820352,116985.34188256769,114272.73713962799
2023-07-01,111192.23334401529,116825.72389756769,114236.204909628
2023-07-02,111156.11525710134,116803.7696675677,114245.39000962798
2023-07-03,110284.10371603088,116273.78477656769,114254.73686962799
2023-07-04,110940.66772148237,116672.8216365677,114263.966819628
2023-07-05,111386.44965583045,116943.75158956769,114273.11825962798
2023-07-06,111311.13133991,117562.28303256769,114278.86176387599
2023-07-07,111311.13133991,117523.19341257929,114810.61866387598
2023-07-08,111311.13133991,117523.19341257929,114810.61866387598
2023-07-09,111311.13133991,117523.19341257929,114810.61866387598
2023-07-10,111311.13133991,117523.19341257929,114810.61866387598
2023-07-11,111311.13133991,117523.19341257929,114810.61866387598
2023-07-12,111311.13133991,117523.19341257929,114810.61866387598
2023-07-13,111311.13133991,117523.19341257929,114810.61866387598
2023-07-14,113118.61921603982,117523.19341257929,114810.61866387598
2023-07-15,112983.84400223984,117500.2054125793,114764.75023668598
2023-07-16,112907.73399968415,117351.4064251249,114692.04404932598
2023-07-17,112907.73399968415,117301.73073919969,114589.19604932598
2023-07-18,112907.73399968415,117301.73073919969,114589.19604932598
2023-07-19,112907.73399968415,117301.73073919969,114589.19604932598
2023-07-20,112907.73399968415,117301.73073919969,114589.19604932598
2023-07-21,112907.73399968415,117301.73073919969,114589.19604932598
2023-07-22,112697.92988852432,117301.73073919969,114589.19604932598
2023-07-23,112622.11383035943,117301.73073919969,114589.19604932598
2023-07-24,112622.11383035943,117301.73073919969,114589.19604932598
2023-07-25,112622.11383035943,117301.73073919969,114589.19604932598
2023-07-26,112622.11383035943,117301.73073919969,114589.19604932598
2023-07-27,112622.11383035943,117301.73073919969,114589.19604932598
2023-07-28,112622.11383035943,117301.73073919969,114589.19604932598
2023-07-29,112622.11383035943,117301.73073919969,114589.19604932598
2023-07-30,112622.11383035943,117301.73073919969,114589.19604932598
2023-07-31,112622.11383035943,117301.73073919969,114589.19604932598
2023-08-01,112622.11383035943,117301.73073919969,114589.19604932598
2023-08-02,113498.386709422,117301.73073919969,114589.19604932598
2023-08-03,113500.31033171351,117250.3117391997,114554.17512932599
2023-08-04,113425.59687849671,117338.71983119969,114562.36082156599
2023-08-05,113425.59687849671,117303.2245206281,114590.68982156599
2023-08-06,113386.81640802235,117303.2245206281,114590.68982156599
2023-08-07,113310.20637840377,117136.96187562808,114555.13964082499
2023-08-08,113310.20637840377,117101.22769381948,114388.62299082498
2023-08-09,113310.20637840377,117101.22769381948,114388.62299082498
2023-08-10,113310.20637840377,117101.22769381948,114388.62299082498
2023-08-11,113310.20637840377,117101.22769381948,114388.62299082498
2023-08-12,113310.20637840377,117101.22769381948,114388.62299082498
2023-08-13,113310.20637840377,117101.22769381948,114388.62299082498
2023-08-14,113079.06717439898,117101.22769381948,114388.62299082498
2023-08-15,113495.92686437017,117288.00131381948,114353.23664082498
2023-08-16,114327.43603576638,117766.25131381948,114361.85579082498
2023-08-17,118005.91457333505,119881.97046681948,114369.84281082498
2023-08-18,117936.43779595141,120459.36748981947,114373.78217562499
2023-08-19,118006.64523212865,120424.22585461946,117711.601175625
2023-08-20,118193.72006016952,120565.03583961946,117674.44842502498
2023-08-21,118067.35345570656,120442.89033689426,117675.38899342497
2023-08-22,117987.6697310529,120302.93147513428,117675.17741870497
2023-08-23,117987.6697310529,120263.40434069427,117592.09341870497
2023-08-24,117987.6697310529,120263.40434069427,117592.09341870497
2023-08-25,117987.6697310529,120263.40434069427,117592.09341870497
2023-08-26,117987.6697310529,120263.40434069427,117592.09341870497
2023-08-27,117987.6697310529,120263.40434069427,117592.09341870497
2023-08-28,117987.6697310529,120263.40434069427,117592.09341870497
2023-08-29,121204.76805359109,120263.40434069427,117592.09341870497
2023-08-30,121120.41376931309,119805.47983069427,117546.54872970498
2023-08-31,121120.41376931309,119760.55960814856,117089.29872970498
2023-09-01,121120.41376931309,119760.55960814856,117089.29872970498
2023-09-02,121120.41376931309,119760.55960814856,117089.29872970498
2023-09-03,121120.41376931309,119760.55960814856,117089.29872970498
2023-09-04,121120.41376931309,119760.55960814856,117089.29872970498
2023-09-05,121120.41376931309,119760.55960814856,117089.29872970498
2023-09-06,121120.41376931309,119760.55960814856,117089.29872970498
2023-09-07,121120.41376931309,119760.55960814856,117089.29872970498
2023-09-08,120380.55994624368,119760.55960814856,117089.29872970498
2023-09-09,120364.28586707113,119703.91385814856,117051.47189288097
2023-09-10,120283.75701054925,119585.99168530275,117049.96532760098
2023-09-11,120283.75701054925,119544.19615357675,116942.30292760098
2023-09-12,120283.75701054925,119544.19615357675,116942.30292760098
2023-09-13,120283.75701054925,119544.19615357675,116942.30292760098
2023-09-14,120283.75701054925,119544.19615357675,116942.30292760098
2023-09-15,120283.75701054925,119544.19615357675,116942.30292760098
2023-09-16,120179.59277409522,119544.19615357675,116942.30292760098
2023-09-17,120098.67275075223,119440.03664857676,116901.75031840098
2023-09-18,120553.40813440671,119398.79927963916,116829.75906840098
2023-09-19,120471.75279546755,120254.17552963915,116789.95816818098
2023-09-20,120279.07750138381,120214.02585319115,117196.94271818099
2023-09-21,120198.18213807336,119616.40833819116,117153.14595343798
2023-09-22,120198.18213807336,119573.44695578875,116556.39380343798
2023-09-23,120198.18213807336,119573.44695578875,116556.39380343798
2023-09-24,120198.18213807336,119573.44695578875,116556.39380343798
2023-09-25,120198.18213807336,119573.44695578875,116556.39380343798
2023-09-26,120198.18213807336,119573.44695578875,116556.39380343798
2023-09-27,120198.18213807336,119573.44695578875,116556.39380343798
2023-09-28,120198.18213807336,119573.44695578875,116556.39380343798
2023-09-29,120198.18213807336,119573.44695578875,116556.39380343798
2023-09-30,120198.18213807336,119573.44695578875,116556.39380343798
2023-10-01,120198.18213807336,119573.44695578875,116556.39380343798
2023-10-02,120198.18213807336,119573.44695578875,116556.39380343798
2023-10-03,120198.18213807336,119573.44695578875,116556.39380343798
2023-10-04,120198.18213807336,119573.44695578875,116556.39380343798
2023-10-05,119460.87877767238,119573.44695578875,116556.39380343798
2023-10-06,119380.96695386169,120053.03137078874,116516.06558114698
2023-10-07,119380.96695386169,120011.93209821584,116994.86893114698
2023-10-08,119380.96695386169,120011.93209821584,116994.86893114698
2023-10-09,119380.96695386169,120011.93209821584,116994.86893114698
2023-10-10,119380.96695386169,120011.93209821584,116994.86893114698
2023-10-11,119380.96695386169,120011.93209821584,116994.86893114698
2023-10-12,119380.96695386169,120011.93209821584,116994.86893114698
2023-10-13,119380.96695386169,120011.93209821584,116994.86893114698
2023-10-14,119380.96695386169,120011.93209821584,116994.86893114698
2023-10-15,119380.96695386169,120011.93209821584,116994.86893114698
2023-10-16,119380.96695386169,120011.93209821584,116994.86893114698
2023-10-17,119380.96695386169,120011.93209821584,116994.86893114698
2023-10-18,119380.96695386169,120011.93209821584,116994.86893114698
2023-10-19,120106.7573415727,120011.93209821584,116994.86893114698
2023-10-20,120025.20452468276,120924.19153321584,116953.17709957698
2023-10-21,120025.20452468276,120881.07667850464,117863.97359957697
2023-10-22,120025.20452468276,120881.07667850464,117863.97359957697
2023-10-23,120025.20452468276,120881.07667850464,117863.97359957697
2023-10-24,118622.78862810603,120881.07667850464,117863.97359957697
2023-10-25,117703.77871606703,120256.87258350465,117823.43837957698
2023-10-26,118282.69562426169,120611.61139850464,117833.68388957699
2023-10-27,118723.13710841603,120881.49689650466,117843.85148957699
2023-10-28,118431.33130287827,120702.68450250465,117854.07578957698
2023-10-29,117721.98872928377,120268.01880250467,117864.43355957698
2023-10-30,117822.38699864702,120329.53656950465,117874.77596957698
2023-10-31,117569.93516438718,120174.83898850465,117885.16790957698
2023-11-01,116311.27839270205,119403.57091950465,117895.79432957698
2023-11-02,117111.69452138638,119894.03734850464,117906.27680957699
2023-11-03,117495.68244752815,120129.32982550465,117916.69184957698
2023-11-04,116949.19228290636,119794.45485950465,117927.21047957698
2023-11-05,117048.27015473915,119855.16348050465,117937.71404957699
2023-11-06,117009.58785901137,119831.45704450464,117948.22787957698
2023-11-07,116450.6277648106,119488.94087150464,117958.84760957699
2023-11-08,116099.79845030865,119273.96060750465,117969.53501957699
2023-11-09,114366.68288048654,118208.27802350465,117984.22536887399
2023-11-10,113405.63645834052,117622.42836879894,117996.04326178599
2023-11-11,113710.8155733856,117805.87627121553,118011.36124328598
2023-11-12,113858.36008539412,117887.06425271553,118035.87469774399
2023-11-13,114877.78247881818,118512.77772701492,118059.15698865199
2023-11-14,116394.12136426722,119447.80003707853,118076.30262138798
2023-11-15,116307.02386241367,117157.93566499173,118087.66008138798
2023-11-16,118641.16670366836,117112.50582499172,114095.37278138798
2023-11-17,118566.18622728472,117112.50582499172,114095.37278138798
2023-11-18,118566.18622728472,117112.50582499172,114095.37278138798
2023-11-19,118566.18622728472,117112.50582499172,114095.37278138798
2023-11-20,118566.18622728472,117112.50582499172,114095.37278138798
2023-11-21,118566.18622728472,117112.50582499172,114095.37278138798
2023-11-22,118566.18622728472,117112.50582499172,114095.37278138798
2023-11-23,118566.18622728472,117112.50582499172,114095.37278138798
2023-11-24,118566.18622728472,117112.50582499172,114095.37278138798
2023-11-25,118566.18622728472,117112.50582499172,114095.37278138798
2023-11-26,118566.18622728472,117112.50582499172,114095.37278138798
2023-11-27,118566.18622728472,117112.50582499172,114095.37278138798
2023-11-28,118566.18622728472,117112.50582499172,114095.37278138798
2023-11-29,118566.18622728472,117112.50582499172,114095.37278138798
2023-11-30,118566.18622728472,117112.50582499172,114095.37278138798
2023-12-01,118566.18622728472,117112.50582499172,114095.37278138798
2023-12-02,118566.18622728472,117112.50582499172,114095.37278138798
2023-12-03,118566.18622728472,117112.50582499172,114095.37278138798
2023-12-04,118566.18622728472,117112.50582499172,114095.37278138798
2023-12-05,118566.18622728472,117112.50582499172,114095.37278138798
2023-12-06,118566.18622728472,117112.50582499172,114095.37278138798
2023-12-07,118566.18622728472,117112.50582499172,114095.37278138798
2023-12-08,117462.19791759827,117112.50582499172,114095.37278138798
2023-12-09,118057.57329916026,117503.64932499171,114054.84392066798
2023-12-10,117999.11787544284,117453.4669642717,114083.32023251799
2023-12-11,117918.15650275114,120018.05328262472,114097.64753833799
2023-12-12,117918.15650275114,119970.49047344472,116953.36743833798
2023-12-13,117918.15650275114,119970.49047344472,116953.36743833798
2023-12-14,117918.15650275114,119970.49047344472,116953.36743833798
2023-12-15,117918.15650275114,119970.49047344472,116953.36743833798
2023-12-16,117918.15650275114,119970.49047344472,116953.36743833798
2023-12-17,117918.15650275114,119970.49047344472,116953.36743833798
2023-12-18,117918.15650275114,119970.49047344472,116953.36743833798
2023-12-19,117918.15650275114,119970.49047344472,116953.36743833798
2023-12-20,117918.15650275114,119970.49047344472,116953.36743833798
2023-12-21,117702.82581554243,119970.49047344472,116953.36743833798
2023-12-22,117614.4618748663,119797.44778844473,116922.05830596799
2023-12-23,117534.3334047664,120098.81138744552,116940.12960269
2023-12-24,117534.3334047664,120051.33944262713,117034.17630268999
2023-12-25,117534.3334047664,120051.33944262713,117034.17630268999
2023-12-26,118852.42616941134,120051.33944262713,117034.17630268999
2023-12-27,117787.99369936822,119067.65604762713,117012.91551425299
2023-12-28,118889.65028741787,119975.24856025662,117055.92708542898
2023-12-29,119570.00579526814,120515.07009101182,117119.93791530898
2023-12-30,119539.55792853025,120505.75084480981,117168.16959567399
2023-12-31,119414.97159688635,120410.6825022838,117208.77242257398
2024-01-01,117167.53344375925,120387.8599399788,117370.64702257398
2024-01-02,116320.99966370314,119554.2306149788,117373.93519766898
2024-01-03,116239.1818880642,121725.46820554932,117394.62171713298
2024-01-04,116239.1818880642,121681.8868944979,118664.75391713298
2024-01-05,116239.1818880642,121681.8868944979,118664.75391713298
2024-01-06,116239.1818880642,121681.8868944979,118664.75391713298
2024-01-07,116239.1818880642,121681.8868944979,118664.75391713298
2024-01-08,116239.1818880642,121681.8868944979,118664.75391713298
2024-01-09,116239.1818880642,121681.8868944979,118664.75391713298
2024-01-10,116239.1818880642,121681.8868944979,118664.75391713298
2024-01-11,116239.1818880642,121681.8868944979,118664.75391713298
2024-01-12,116239.1818880642,121681.8868944979,118664.75391713298
2024-01-13,116239.1818880642,121681.8868944979,118664.75391713298
2024-01-14,116239.1818880642,121681.8868944979,118664.75391713298
2024-01-15,116239.1818880642,121681.8868944979,118664.75391713298
2024-01-16,116239.1818880642,121681.8868944979,118664.75391713298
2024-01-17,116239.1818880642,121681.8868944979,118664.75391713298
2024-01-18,116239.1818880642,121681.8868944979,118664.75391713298
2024-01-19,116616.24419110664,121951.4156294979,118590.26496713297
2024-01-20,116647.20852850558,121975.9279204979,118577.75616713297
2024-01-21,116485.21084534776,121847.70910849789,118565.28207713297
2024-01-22,113927.07345838941,119822.92500949789,118553.41167713297
2024-01-23,114328.46646413258,120140.63460349789,118541.44239713298
2024-01-24,114549.95125839632,120315.94532349789,118529.41692713297
2024-01-25,114378.35607171842,120180.12985949789,118517.42859713298
2024-01-26,116716.20557012103,122030.56153249789,118504.88154713297
2024-01-27,117077.18849710486,122315.13447949788,118493.39694433697
2024-01-28,116950.8573716181,122214.0798685221,118483.00475486198
2024-01-29,118541.99420091059,123475.32768893708,118470.38548202798
2024-01-30,118071.63571611792,123101.10841610309,118459.80436557697
2024-01-31,117603.35988424957,122729.4272996521,118450.37119237697
2024-02-01,117522.66857250883,123222.9341264521,118437.44632237697
2024-02-02,117522.66857250883,123145.39481945209,120128.22197237698
2024-02-03,117252.37721028563,123145.39481945209,120128.22197237698
2024-02-04,117173.55311070828,122652.65816945209,120052.14278753998
2024-02-05,117173.55311070828,122577.22132004569,119560.06843753999
2024-02-06,117173.55311070828,122577.22132004569,119560.06843753999
2024-02-07,118663.5045013287,122577.22132004569,119560.06843753999
2024-02-08,119800.05439910665,123449.7469200457,119484.88257366497
2024-02-09,122039.58592346378,125285.20546573319,119474.06041145697
2024-02-10,121953.26179046405,125892.70331041349,119460.67052550598
2024-02-11,121953.26179046405,125807.67680726659,122790.54387550599
2024-02-12,121953.26179046405,125807.67680726659,122790.54387550599
2024-02-13,121953.26179046405,125807.67680726659,122790.54387550599
2024-02-14,121953.26179046405,125807.67680726659,122790.54387550599
2024-02-15,121953.26179046405,125807.67680726659,122790.54387550599
2024-02-16,121953.26179046405,125807.67680726659,122790.54387550599
2024-02-17,121953.26179046405,125807.67680726659,122790.54387550599
2024-02-18,121953.26179046405,125807.67680726659,122790.54387550599
2024-02-19,121953.26179046405,125807.67680726659,122790.54387550599
2024-02-20,121953.26179046405,125807.67680726659,122790.54387550599
2024-02-21,121953.26179046405,125807.67680726659,122790.54387550599
2024-02-22,121953.26179046405,125807.67680726659,122790.54387550599
2024-02-23,121953.26179046405,125807.67680726659,122790.54387550599
2024-02-24,121953.26179046405,125807.67680726659,122790.54387550599
2024-02-25,121953.26179046405,125807.67680726659,122790.54387550599
2024-02-26,121953.26179046405,125807.67680726659,122790.54387550599
2024-02-27,119421.28365306446,125807.67680726659,122790.54387550599
2024-02-28,114054.7232463097,125807.67680726659,122790.54387550599
2024-02-29,115489.4192453851,125807.67680726659,122790.54387550599
2024-03-01,114326.96354896572,125807.67680726659,122790.54387550599
2024-03-02,114822.08816330522,125807.67680726659,122790.54387550599
2024-03-03,114728.43583040117,125807.67680726659,122790.54387550599
2024-03-04,110599.27966386109,125807.67680726659,122790.54387550599
2024-03-05,114410.88623657846,125807.67680726659,122790.54387550599
2024-03-06,114332.70900119007,125807.67680726659,122790.54387550599
2024-03-07,114332.70900119007,125807.67680726659,122790.54387550599
2024-03-08,114332.70900119007,125807.67680726659,122790.54387550599
2024-03-09,114332.70900119007,125807.67680726659,122790.54387550599
2024-03-10,114332.70900119007,125807.67680726659,122790.54387550599
2024-03-11,112075.51566378145,125807.67680726659,122790.54387550599
2024-03-12,111994.86013251552,125807.67680726659,122790.54387550599
2024-03-13,111994.86013251552,125807.67680726659,122790.54387550599
2024-03-14,111994.86013251552,125807.67680726659,122790.54387550599
2024-03-15,111994.86013251552,125807.67680726659,122790.54387550599
2024-03-16,111994.86013251552,125807.67680726659,122790.54387550599
2024-03-17,111994.86013251552,125807.67680726659,122790.54387550599
2024-03-18,111994.86013251552,125807.67680726659,122790.54387550599
2024-03-19,111994.86013251552,125807.67680726659,122790.54387550599
2024-03-20,111994.86013251552,125807.67680726659,122790.54387550599
2024-03-21,111994.86013251552,125807.67680726659,122790.54387550599
2024-03-22,111994.86013251552,125807.67680726659,122790.54387550599
2024-03-23,111994.86013251552,125807.67680726659,122790.54387550599
2024-03-24,111994.86013251552,125807.67680726659,122790.54387550599
2024-03-25,111994.86013251552,125807.67680726659,122790.54387550599
2024-03-26,111994.86013251552,125807.67680726659,122790.54387550599
2024-03-27,111994.86013251552,125807.67680726659,122790.54387550599
2024-03-28,111994.86013251552,125807.67680726659,122790.54387550599
2024-03-29,111994.86013251552,125807.67680726659,122790.54387550599
2024-03-30,111994.86013251552,125807.67680726659,122790.54387550599
2024-03-31,111994.86013251552,125807.67680726659,122790.54387550599
2024-04-01,111994.86013251552,125807.67680726659,122790.54387550599
2024-04-02,111994.86013251552,125807.67680726659,122790.54387550599
2024-04-03,111994.86013251552,125807.67680726659,122790.54387550599
2024-04-04,111994.86013251552,125807.67680726659,122790.54387550599
2024-04-05,111994.86013251552,125807.67680726659,122790.54387550599
2024-04-06,111994.86013251552,125807.67680726659,122790.54387550599
2024-04-07,111994.86013251552,125807.67680726659,122790.54387550599
2024-04-08,111994.86013251552,125807.67680726659,122790.54387550599
2024-04-09,111994.86013251552,125807.67680726659,122790.54387550599
2024-04-10,111994.86013251552,125807.67680726659,122790.54387550599
2024-04-11,111994.86013251552,125807.67680726659,122790.54387550599
2024-04-12,111994.86013251552,125807.67680726659,122790.54387550599
2024-04-13,111994.86013251552,125807.67680726659,122790.54387550599
2024-04-14,111994.86013251552,125807.67680726659,122790.54387550599
2024-04-15,110240.99808384667,125807.67680726659,122790.54387550599
2024-04-16,110517.88105578459,125807.67680726659,122790.54387550599
2024-04-17,108581.90332382021,125807.67680726659,122790.54387550599
2024-04-18,110257.69838500825,125807.67680726659,122790.54387550599
2024-04-19,110519.74835975337,125807.67680726659,122790.54387550599
2024-04-20,111373.38748051159,125807.67680726659,122790.54387550599
2024-04-21,111369.15620708137,125807.67680726659,122790.54387550599
2024-04-22,112804.55891391693,125807.67680726659,122790.54387550599
2024-04-23,112492.44148041582,125807.67680726659,122790.54387550599
2024-04-24,112416.11900840545,125807.67680726659,122790.54387550599
2024-04-25,112416.11900840545,125807.67680726659,122790.54387550599
2024-04-26,111816.51074233405,125807.67680726659,122790.54387550599
2024-04-27,111741.61627035616,125807.67680726659,122790.54387550599
2024-04-28,111444.00798832375,125807.67680726659,122790.54387550599
2024-04-29,111369.12784974386,125807.67680726659,122790.54387550599
2024-04-30,111369.12784974386,125807.67680726659,122790.54387550599
2024-05-01,111369.12784974386,125807.67680726659,122790.54387550599
2024-05-02,111369.12784974386,125807.67680726659,122790.54387550599
2024-05-03,114580.4415995699,125807.67680726659,122790.54387550599
2024-05-04,114500.54998599742,125807.67680726659,122790.54387550599
2024-05-05,114500.54998599742,125807.67680726659,122790.54387550599
2024-05-06,113790.5088737035,125807.67680726659,122790.54387550599
2024-05-07,113714.37506133551,125807.67680726659,122790.54387550599
2024-05-08,113714.37506133551,125807.67680726659,122790.54387550599
2024-05-09,113714.37506133551,125807.67680726659,122790.54387550599
2024-05-10,113714.37506133551,125807.67680726659,122790.54387550599
2024-05-11,113714.37506133551,125807.67680726659,122790.54387550599
2024-05-12,113714.37506133551,125807.67680726659,122790.54387550599
2024-05-13,113714.37506133551,125807.67680726659,122790.54387550599
2024-05-14,113714.37506133551,125807.67680726659,122790.54387550599
2024-05-15,113714.37506133551,125807.67680726659,122790.54387550599
2024-05-16,113714.37506133551,125807.67680726659,122790.54387550599
2024-05-17,115087.16797316197,125807.67680726659,122790.54387550599
2024-05-18,115008.45044274787,125807.67680726659,122790.54387550599
2024-05-19,115008.45044274787,125807.67680726659,122790.54387550599
2024-05-20,115008.45044274787,125807.67680726659,122790.54387550599
2024-05-21,115008.45044274787,125807.67680726659,122790.54387550599
2024-05-22,115008.45044274787,125807.67680726659,122790.54387550599
2024-05-23,115008.45044274787,125807.67680726659,122790.54387550599
2024-05-24,115008.45044274787,125807.67680726659,122790.54387550599
2024-05-25,115008.45044274787,125807.67680726659,122790.54387550599
2024-05-26,115008.45044274787,125807.67680726659,122790.54387550599
2024-05-27,115008.45044274787,125807.67680726659,122790.54387550599
2024-05-28,115008.45044274787,125807.67680726659,122790.54387550599
2024-05-29,115008.45044274787,125807.67680726659,122790.54387550599
2024-05-30,115008.45044274787,125807.67680726659,122790.54387550599
2024-05-31,115008.45044274787,125807.67680726659,122790.54387550599
2024-06-01,115008.45044274787,125807.67680726659,122790.54387550599
2024-06-02,115008.45044274787,125807.67680726659,122790.54387550599
2024-06-03,115008.45044274787,125807.67680726659,122790.54387550599
2024-06-04,115008.45044274787,125807.67680726659,122790.54387550599
2024-06-05,115008.45044274787,125807.67680726659,122790.54387550599
2024-06-06,115008.45044274787,125807.67680726659,122790.54387550599
2024-06-07,115008.45044274787,125807.67680726659,122790.54387550599
2024-06-08,115008.45044274787,125807.67680726659,122790.54387550599
2024-06-09,115008.45044274787,125807.67680726659,122790.54387550599
2024-06-10,115008.45044274787,125807.67680726659,122790.54387550599
2024-06-11,115008.45044274787,125807.67680726659,122790.54387550599
2024-06-12,115008.45044274787,125807.67680726659,122790.54387550599
2024-06-13,115008.45044274787,125807.67680726659,122790.54387550599
2024-06-14,115008.45044274787,125807.67680726659,122790.54387550599
2024-06-15,115008.45044274787,125807.67680726659,122790.54387550599
2024-06-16,115008.45044274787,125807.67680726659,122790.54387550599
2024-06-17,115008.45044274787,125807.67680726659,122790.54387550599
2024-06-18,115008.45044274787,125807.67680726659,122790.54387550599
2024-06-19,115008.45044274787,125807.67680726659,122790.54387550599
2024-06-20,115008.45044274787,125807.67680726659,122790.54387550599
2024-06-21,115008.45044274787,125807.67680726659,122790.54387550599
2024-06-22,115008.45044274787,125807.67680726659,122790.54387550599
2024-06-23,115008.45044274787,125807.67680726659,122790.54387550599
2024-06-24,115008.45044274787,125807.67680726659,122790.54387550599
2024-06-25,115008.45044274787,125807.67680726659,122790.54387550599
2024-06-26,115008.45044274787,125807.67680726659,122790.54387550599
2024-06-27,115008.45044274787,125807.67680726659,122790.54387550599
2024-06-28,115008.45044274787,125807.67680726659,122790.54387550599
2024-06-29,115008.45044274787,125807.67680726659,122790.54387550599
2024-06-30,115008.45044274787,125807.67680726659,122790.54387550599
2024-07-01,115008.45044274787,125807.67680726659,122790.54387550599
2024-07-02,115008.45044274787,125807.67680726659,122790.54387550599
2024-07-03,115008.45044274787,125807.67680726659,122790.54387550599
2024-07-04,115008.45044274787,125807.67680726659,122790.54387550599
2024-07-05,115008.45044274787,125807.67680726659,122790.54387550599
2024-07-06,115008.45044274787,125807.67680726659,122790.54387550599
2024-07-07,115008.45044274787,125807.67680726659,122790.54387550599
2024-07-08,115008.45044274787,125807.67680726659,122790.54387550599
2024-07-09,115008.45044274787,125807.67680726659,122790.54387550599
2024-07-10,115008.45044274787,125807.67680726659,122790.54387550599
2024-07-11,115008.45044274787,125807.67680726659,122790.54387550599
2024-07-12,115008.45044274787,125807.67680726659,122790.54387550599
2024-07-13,115008.45044274787,125807.67680726659,122790.54387550599
2024-07-14,115008.45044274787,125807.67680726659,122790.54387550599
2024-07-15,118315.77729369128,125807.67680726659,122790.54387550599
2024-07-16,118584.06307131334,125807.67680726659,122790.54387550599
2024-07-17,117771.2220881361,125807.67680726659,122790.54387550599
2024-07-18,117683.24954912526,125807.67680726659,122790.54387550599
2024-07-19,117601.69524084854,125807.67680726659,122790.54387550599
2024-07-20,117955.47122044422,125807.67680726659,122790.54387550599
2024-07-21,118769.6275225537,125807.67680726659,122790.54387550599
2024-07-22,118688.61032822396,125807.67680726659,122790.54387550599
2024-07-23,118688.61032822396,125807.67680726659,122790.54387550599
2024-07-24,118688.61032822396,125807.67680726659,122790.54387550599
2024-07-25,118688.61032822396,125807.67680726659,122790.54387550599
2024-07-26,118688.61032822396,125807.67680726659,122790.54387550599
2024-07-27,118688.61032822396,125807.67680726659,122790.54387550599
2024-07-28,118688.61032822396,125807.67680726659,122790.54387550599
2024-07-29,118688.61032822396,125807.67680726659,122790.54387550599
2024-07-30,118688.61032822396,125807.67680726659,122790.54387550599
2024-07-31,118688.61032822396,125807.67680726659,122790.54387550599
2024-08-01,118688.61032822396,125807.67680726659,122790.54387550599
2024-08-02,118688.61032822396,125807.67680726659,122790.54387550599
2024-08-03,118688.61032822396,125807.67680726659,122790.54387550599
2024-08-04,118688.61032822396,125807.67680726659,122790.54387550599
2024-08-05,118688.61032822396,125807.67680726659,122790.54387550599
2024-08-06,120636.70700895326,125807.67680726659,122790.54387550599
2024-08-07,119762.5474833007,124835.8038072666,122790.54387550599
2024-08-08,119680.53394071296,131390.0310405434,122790.54387550599
2024-08-09,119680.53394071296,131293.27421303038,122790.54387550599
2024-08-10,119733.15346756284,131293.27421303038,122790.54387550599
2024-08-11,119652.4036795576,131293.27421303038,122790.54387550599
2024-08-12,119652.4036795576,131293.27421303038,122790.54387550599
2024-08-13,119652.4036795576,131293.27421303038,122790.54387550599
2024-08-14,117940.34398179175,131293.27421303038,122790.54387550599
2024-08-15,116930.93389123952,130062.91912803038,122790.54387550599
2024-08-16,118124.29001900756,131401.25229832839,122790.54387550599
2024-08-17,118045.9424127535,132029.9338578624,122790.54387550599
2024-08-18,118045.9424127535,131937.1638334161,122790.54387550599
2024-08-19,118944.00597499646,131937.1638334161,122790.54387550599
2024-08-20,118863.09442349972,131937.1638334161,122790.54387550599
2024-08-21,120778.98336504473,131937.1638334161,122790.54387550599
2024-08-22,120077.35563681001,131937.1638334161,122790.54387550599
2024-08-23,119995.4125448365,131937.1638334161,122790.54387550599
2024-08-24,119995.4125448365,131937.1638334161,122790.54387550599
2024-08-25,119995.4125448365,131937.1638334161,122790.54387550599
2024-08-26,119995.4125448365,131937.1638334161,122790.54387550599
2024-08-27,119995.4125448365,131937.1638334161,122790.54387550599
2024-08-28,119995.4125448365,131937.1638334161,122790.54387550599
2024-08-29,119995.4125448365,131937.1638334161,122790.54387550599
2024-08-30,119995.4125448365,131937.1638334161,122790.54387550599
2024-08-31,119995.4125448365,131937.1638334161,122790.54387550599
2024-09-01,119995.4125448365,131937.1638334161,122790.54387550599
2024-09-02,119995.4125448365,131937.1638334161,122790.54387550599
2024-09-03,119995.4125448365,131937.1638334161,122790.54387550599
2024-09-04,119995.4125448365,131937.1638334161,122790.54387550599
2024-09-05,119995.4125448365,131937.1638334161,122790.54387550599
2024-09-06,119995.4125448365,131937.1638334161,122790.54387550599
2024-09-07,120174.52385436516,131937.1638334161,122790.54387550599
2024-09-08,120093.37877972274,132565.0125434161,122790.54387550599
2024-09-09,122212.88525447919,132486.8223159666,122790.54387550599
2024-09-10,122802.75179456575,132995.2393009666,122790.54387550599
2024-09-11,122518.9523107121,132703.0613141982,122790.54387550599
2024-09-12,122434.39817532977,133506.7916267582,122790.54387550599
2024-09-13,122434.39817532977,133422.7496292286,122790.54387550599
2024-09-14,122434.39817532977,133422.7496292286,122790.54387550599
2024-09-15,122434.39817532977,133422.7496292286,122790.54387550599
2024-09-16,122434.39817532977,133422.7496292286,122790.54387550599
2024-09-17,122434.39817532977,133422.7496292286,122790.54387550599
2024-09-18,122434.39817532977,133422.7496292286,122790.54387550599
2024-09-19,122434.39817532977,133422.7496292286,122790.54387550599
2024-09-20,122434.39817532977,133422.7496292286,122790.54387550599
2024-09-21,122434.39817532977,133422.7496292286,122790.54387550599
2024-09-22,122434.39817532977,133422.7496292286,122790.54387550599
2024-09-23,122434.39817532977,133422.7496292286,122790.54387550599
2024-09-24,122434.39817532977,133422.7496292286,122790.54387550599
2024-09-25,122434.39817532977,133422.7496292286,122790.54387550599
2024-09-26,122434.39817532977,133422.7496292286,122790.54387550599
2024-09-27,122434.39817532977,133422.7496292286,122790.54387550599
2024-09-28,122434.39817532977,133422.7496292286,122790.54387550599
2024-09-29,122434.39817532977,133422.7496292286,122790.54387550599
2024-09-30,122434.39817532977,133422.7496292286,122790.54387550599
2024-10-01,124615.633355832,133422.7496292286,122790.54387550599
2024-10-02,124537.04327410476,133422.7496292286,122790.54387550599
2024-10-03,124537.04327410476,133422.7496292286,122790.54387550599
2024-10-04,124537.04327410476,133422.7496292286,122790.54387550599
2024-10-05,124537.04327410476,133422.7496292286,122790.54387550599
2024-10-06,124537.04327410476,133422.7496292286,122790.54387550599
2024-10-07,124537.04327410476,133422.7496292286,122790.54387550599
2024-10-08,124537.04327410476,133422.7496292286,122790.54387550599
2024-10-09,124537.04327410476,133422.7496292286,122790.54387550599
2024-10-10,124537.04327410476,133422.7496292286,122790.54387550599
2024-10-11,124537.04327410476,133422.7496292286,122790.54387550599
2024-10-12,124537.04327410476,133422.7496292286,122790.54387550599
2024-10-13,124537.04327410476,133422.7496292286,122790.54387550599
2024-10-14,124537.04327410476,133422.7496292286,122790.54387550599
2024-10-15,123686.83628038608,133422.7496292286,122790.54387550599
2024-10-16,123601.52843391182,133422.7496292286,122790.54387550599
2024-10-17,123753.32500154717,133422.7496292286,122790.54387550599
2024-10-18,122942.9512451431,133422.7496292286,122790.54387550599
2024-10-19,123000.92293612109,133422.7496292286,122790.54387550599
2024-10-20,122480.27954316109,133422.7496292286,122790.54387550599
2024-10-21,123857.11542526112,133422.7496292286,122790.54387550599
2024-10-22,123833.87179721784,133422.7496292286,122790.54387550599
2024-10-23,124472.96065798636,133422.7496292286,122790.54387550599
2024-10-24,123232.21539840904,133422.7496292286,122790.54387550599
2024-10-25,124481.830682527,133422.7496292286,122790.54387550599
2024-10-26,124399.55872877102,133422.7496292286,122790.54387550599
2024-10-27,124399.55872877102,133422.7496292286,122790.54387550599
2024-10-28,124399.55872877102,133422.7496292286,122790.54387550599
2024-10-29,122170.37631955405,133422.7496292286,122790.54387550599
2024-10-30,122500.97720619873,133422.7496292286,122790.54387550599
2024-10-31,124159.50026688192,133422.7496292286,122790.54387550599
2024-11-01,124812.77014698475,133422.7496292286,122790.54387550599
2024-11-02,124926.39970296103,133422.7496292286,122790.54387550599
2024-11-03,125421.74734140758,133422.7496292286,122790.54387550599
2024-11-04,126178.57302527523,133422.7496292286,122790.54387550599
2024-11-05,124978.0067019627,133422.7496292286,122790.54387550599
2024-11-06,120037.74174109692,133422.7496292286,122790.54387550599
2024-11-07,119827.29501499716,133422.7496292286,122790.54387550599
2024-11-08,119324.30640781664,133422.7496292286,122790.54387550599
2024-11-09,119208.602044147,133422.7496292286,122790.54387550599
2024-11-10,116287.46273047804,133422.7496292286,122790.54387550599
2024-11-11,109707.52244211135,133422.7496292286,122790.54387550599
2024-11-12,110356.71134936366,133422.7496292286,122790.54387550599
2024-11-13,108451.27341059256,133422.7496292286,122790.54387550599
2024-11-14,110911.13196090638,133422.7496292286,122790.54387550599
2024-11-15,107969.44902496425,133422.7496292286,122790.54387550599
2024-11-16,108349.52968320902,133422.7496292286,122790.54387550599
2024-11-17,108960.20253063062,133422.7496292286,122790.54387550599
2024-11-18,108522.91509840166,133422.7496292286,122790.54387550599
2024-11-19,107097.53578663882,133422.7496292286,122790.54387550599
2024-11-20,106986.7533723519,133422.7496292286,122790.54387550599
2024-11-21,106986.7533723519,133422.7496292286,122790.54387550599
2024-11-22,106986.7533723519,133422.7496292286,122790.54387550599
2024-11-23,106986.7533723519,133422.7496292286,122790.54387550599
2024-11-24,106874.3576821581,133422.7496292286,122790.54387550599
2024-11-25,109309.2995169446,133422.7496292286,122790.54387550599
2024-11-26,109855.52368122588,133422.7496292286,122790.54387550599
2024-11-27,107962.52356282707,133422.7496292286,122790.54387550599
2024-11-28,107891.65701108176,133422.7496292286,122790.54387550599
2024-11-29,107891.65701108176,133422.7496292286,122790.54387550599
2024-11-30,107891.65701108176,133422.7496292286,122790.54387550599
2024-12-01,107891.65701108176,133422.7496292286,122790.54387550599
2024-12-02,108569.23043935903,133422.7496292286,122790.54387550599
2024-12-03,108497.42805424867,133422.7496292286,122790.54387550599
2024-12-04,107117.44073761065,133422.7496292286,122790.54387550599
2024-12-05,108025.8856519028,133422.7496292286,122790.54387550599
2024-12-06,107951.82481667463,133422.7496292286,122790.54387550599
2024-12-07,107951.82481667463,133422.7496292286,122790.54387550599
2024-12-08,107951.82481667463,133422.7496292286,122790.54387550599
2024-12-09,107951.82481667463,133422.7496292286,122790.54387550599
2024-12-10,107951.82481667463,133422.7496292286,122790.54387550599
2024-12-11,107951.82481667463,133422.7496292286,122790.54387550599
2024-12-12,107951.82481667463,133422.7496292286,122790.54387550599
2024-12-13,107951.82481667463,133422.7496292286,122790.54387550599
2024-12-14,107951.82481667463,133422.7496292286,122790.54387550599
2024-12-15,107951.82481667463,133422.7496292286,122790.54387550599
2024-12-16,107951.82481667463,133422.7496292286,122790.54387550599
2024-12-17,107951.82481667463,133422.7496292286,122790.54387550599
2024-12-18,107951.82481667463,133422.7496292286,122790.54387550599
2024-12-19,107951.82481667463,133422.7496292286,122790.54387550599
2024-12-20,107951.82481667463,133422.7496292286,122790.54387550599
2024-12-21,107951.82481667463,133422.7496292286,122790.54387550599
2024-12-22,107951.82481667463,133422.7496292286,122790.54387550599
2024-12-23,107951.82481667463,133422.7496292286,122790.54387550599
2024-12-24,107951.82481667463,133422.7496292286,122790.54387550599
2024-12-25,107951.82481667463,133422.7496292286,122790.54387550599
2024-12-26,107951.82481667463,133422.7496292286,122790.54387550599
2024-12-27,107951.82481667463,133422.7496292286,122790.54387550599
2024-12-28,107951.82481667463,133422.7496292286,122790.54387550599
2024-12-29,107951.82481667463,133422.7496292286,122790.54387550599
2024-12-30,107951.82481667463,133422.7496292286,122790.54387550599
2024-12-31,107951.82481667463,133422.7496292286,122790.54387550599
2025-01-01,107951.82481667463,133422.7496292286,122790.54387550599
2025-01-02,107951.82481667463,133422.7496292286,122790.54387550599
2025-01-03,107951.82481667463,133422.7496292286,122790.54387550599
2025-01-04,107951.82481667463,133422.7496292286,122790.54387550599
2025-01-05,107951.82481667463,133422.7496292286,122790.54387550599
2025-01-06,107951.82481667463,133422.7496292286,122790.54387550599
2025-01-07,107951.82481667463,133422.7496292286,122790.54387550599
2025-01-08,107951.82481667463,133422.7496292286,122790.54387550599
2025-01-09,106638.67121792733,133422.7496292286,122790.54387550599
2025-01-10,107742.47144050847,133422.7496292286,122790.54387550599
2025-01-11,107672.15953820063,133422.7496292286,122790.54387550599
2025-01-12,107636.95928113072,133422.7496292286,122790.54387550599
2025-01-13,107626.05082896064,133422.7496292286,122790.54387550599
2025-01-14,107553.72318891958,133422.7496292286,122790.54387550599
2025-01-15,107553.72318891958,133422.7496292286,122790.54387550599
2025-01-16,107278.08995962526,133422.7496292286,122790.54387550599
2025-01-17,107205.99191382727,133422.7496292286,122790.54387550599
2025-01-18,107205.99191382727,133422.7496292286,122790.54387550599
2025-01-19,107205.99191382727,133422.7496292286,122790.54387550599
2025-01-20,107205.99191382727,133422.7496292286,122790.54387550599
2025-01-21,107205.99191382727,133422.7496292286,122790.54387550599
2025-01-22,107205.99191382727,133422.7496292286,122790.54387550599
2025-01-23,107205.99191382727,133422.7496292286,122790.54387550599
2025-01-24,107205.99191382727,133422.7496292286,122790.54387550599
2025-01-25,107205.99191382727,133422.7496292286,122790.54387550599
2025-01-26,107205.99191382727,133422.7496292286,122790.54387550599
2025-01-27,106923.57277607781,133422.7496292286,122790.54387550599
2025-01-28,106851.71934325513,133422.7496292286,122790.54387550599
2025-01-29,106851.71934325513,133422.7496292286,122790.54387550599
2025-01-30,106851.71934325513,133422.7496292286,122790.54387550599
2025-01-31,106851.71934325513,133422.7496292286,122790.54387550599
2025-02-01,106851.71934325513,133422.7496292286,122790.54387550599
2025-02-02,105423.56258943735,133422.7496292286,122790.54387550599
2025-02-03,105353.66943922442,133422.7496292286,122790.54387550599
2025-02-04,105353.66943922442,133422.7496292286,122790.54387550599
2025-02-05,104770.04154365431,133422.7496292286,122790.54387550599
2025-02-06,104738.24792692738,133422.7496292286,122790.54387550599
2025-02-07,104668.14208931668,133422.7496292286,122790.54387550599
2025-02-08,104615.6240303744,133422.7496292286,122790.54387550599
2025-02-09,104545.1526183173,133422.7496292286,122790.54387550599
2025-02-10,104545.1526183173,133422.7496292286,122790.54387550599
2025-02-11,103720.78654339936,133422.7496292286,122790.54387550599
2025-02-12,103651.54737667338,133422.7496292286,122790.54387550599
2025-02-13,103651.54737667338,133422.7496292286,122790.54387550599
2025-02-14,103651.54737667338,133422.7496292286,122790.54387550599
2025-02-15,103658.00790151002,133422.7496292286,122790.54387550599
2025-02-16,102961.26261858799,133422.7496292286,122790.54387550599
2025-02-17,102892.41607178602,133422.7496292286,122790.54387550599
2025-02-18,102892.41607178602,133422.7496292286,122790.54387550599
2025-02-19,102892.41607178602,133422.7496292286,122790.54387550599
2025-02-20,102892.41607178602,133422.7496292286,122790.54387550599
2025-02-21,101869.80676473389,133422.7496292286,122790.54387550599
2025-02-22,101801.9834249048,133422.7496292286,122790.54387550599
2025-02-23,101801.9834249048,133422.7496292286,122790.54387550599
2025-02-24,99540.6236334092,133422.7496292286,122790.54387550599
2025-02-25,99475.385845035,133422.7496292286,122790.54387550599
2025-02-26,99475.385845035,133422.7496292286,122790.54387550599
2025-02-27,99475.385845035,133422.7496292286,122790.54387550599
2025-02-28,99475.385845035,133422.7496292286,122790.54387550599
2025-03-01,100364.7729067106,133422.7496292286,122790.54387550599
2025-03-02,104716.2035666364,133422.7496292286,122790.54387550599
2025-03-03,100450.6002217975,133422.7496292286,122790.54387550599
2025-03-04,101013.24451593019,133422.7496292286,122790.54387550599
2025-03-05,100943.8918426701,133422.7496292286,122790.54387550599
2025-03-06,100943.8918426701,133422.7496292286,122790.54387550599
2025-03-07,99342.60194219585,133422.7496292286,122790.54387550599
2025-03-08,99276.95175300798,133422.7496292286,122790.54387550599
2025-03-09,99276.95175300798,133422.7496292286,122790.54387550599
2025-03-10,99276.95175300798,133422.7496292286,122790.54387550599
2025-03-11,99276.95175300798,133422.7496292286,122790.54387550599
2025-03-12,99276.95175300798,133422.7496292286,122790.54387550599
2025-03-13,99276.95175300798,133422.7496292286,122790.54387550599
2025-03-14,99276.95175300798,133422.7496292286,122790.54387550599
2025-03-15,99447.25648481202,133422.7496292286,122790.54387550599
2025-03-16,99380.08430463714,133422.7496292286,122790.54387550599
2025-03-17,99380.08430463714,133422.7496292286,122790.54387550599
2025-03-18,99380.08430463714,133422.7496292286,122790.54387550599
2025-03-19,99380.08430463714,133422.7496292286,122790.54387550599
2025-03-20,99380.08430463714,133422.7496292286,122790.54387550599
2025-03-21,99380.08430463714,133422.7496292286,122790.54387550599
2025-03-22,99380.08430463714,133422.7496292286,122790.54387550599
2025-03-23,99380.08430463714,133422.7496292286,122790.54387550599
2025-03-24,99380.08430463714,133422.7496292286,122790.54387550599
2025-03-25,99305.30468634672,133422.7496292286,122790.54387550599
2025-03-26,99060.40931000498,133422.7496292286,122790.54387550599
2025-03-27,98993.90131488406,133422.7496292286,122790.54387550599
2025-03-28,98993.90131488406,133422.7496292286,122790.54387550599
2025-03-29,98993.90131488406,133422.7496292286,122790.54387550599
2025-03-30,98993.90131488406,133422.7496292286,122790.54387550599
2025-03-31,98993.90131488406,133422.7496292286,122790.54387550599
2025-04-01,98993.90131488406,133422.7496292286,122790.54387550599
2025-04-02,98993.90131488406,133422.7496292286,122790.54387550599
2025-04-03,98993.90131488406,133422.7496292286,122790.54387550599
2025-04-04,98993.90131488406,133422.7496292286,122790.54387550599
2025-04-05,98993.90131488406,133422.7496292286,122790.54387550599
2025-04-06,98993.90131488406,133422.7496292286,122790.54387550599
2025-04-07,98993.90131488406,133422.7496292286,122790.54387550599
2025-04-08,98993.90131488406,133422.7496292286,122790.54387550599
2025-04-09,98993.90131488406,133422.7496292286,122790.54387550599
2025-04-10,98993.90131488406,133422.7496292286,122790.54387550599
2025-04-11,98993.90131488406,133422.7496292286,122790.54387550599
2025-04-12,98993.90131488406,133422.7496292286,122790.54387550599
2025-04-13,98993.90131488406,133422.7496292286,122790.54387550599
2025-04-14,98993.90131488406,133422.7496292286,122790.54387550599
2025-04-15,98993.90131488406,133422.7496292286,122790.54387550599
2025-04-16,98993.90131488406,133422.7496292286,122790.54387550599
2025-04-17,98993.90131488406,133422.7496292286,122790.54387550599
2025-04-18,98993.90131488406,133422.7496292286,122790.54387550599
2025-04-19,98993.90131488406,133422.7496292286,122790.54387550599
2025-04-20,99026.73320722528,133422.7496292286,122790.54387550599
2025-04-21,98959.95452465815,133422.7496292286,122790.54387550599
2025-04-22,98959.95452465815,133422.7496292286,122790.54387550599
2025-04-23,98959.95452465815,133422.7496292286,122790.54387550599
2025-04-24,98959.95452465815,133422.7496292286,122790.54387550599
2025-04-25,98959.95452465815,133422.7496292286,122790.54387550599
2025-04-26,98937.15178125734,133422.7496292286,122790.54387550599
2025-04-27,98870.48364913095,133422.7496292286,122790.54387550599
2025-04-28,99448.58613349135,133422.7496292286,122790.54387550599
2025-04-29,99381.07409886966,133422.7496292286,122790.54387550599
2025-04-30,99321.25736182416,133422.7496292286,122790.54387550599
2025-05-01,99254.35822565651,133422.7496292286,122790.54387550599
2025-05-02,99429.23344600949,133422.7496292286,122790.54387550599
2025-05-03,99362.07950169814,133422.7496292286,122790.54387550599
2025-05-04,99362.07950169814,133422.7496292286,122790.54387550599
2025-05-05,99362.07950169814,133422.7496292286,122790.54387550599
2025-05-06,99362.07950169814,133422.7496292286,122790.54387550599
2025-05-07,99362.07950169814,133422.7496292286,122790.54387550599
2025-05-08,99362.07950169814,133422.7496292286,122790.54387550599
2025-05-09,99475.94301399347,133422.7496292286,122790.54387550599
2025-05-10,98691.52122933025,133422.7496292286,122790.54387550599
2025-05-11,99001.69092801663,133422.7496292286,122790.54387550599
2025-05-12,98934.07652237093,133422.7496292286,122790.54387550599
2025-05-13,98354.55507810519,133422.7496292286,122790.54387550599
2025-05-14,98286.9331814783,133422.7496292286,122790.54387550599
2025-05-15,98286.9331814783,133422.7496292286,122790.54387550599
2025-05-16,98286.9331814783,133422.7496292286,122790.54387550599
2025-05-17,98286.9331814783,133422.7496292286,122790.54387550599
2025-05-18,98286.9331814783,133422.7496292286,122790.54387550599
2025-05-19,98286.9331814783,133422.7496292286,122790.54387550599
2025-05-20,98286.9331814783,133422.7496292286,122790.54387550599
2025-05-21,98286.9331814783,133422.7496292286,122790.54387550599
2025-05-22,97450.91144394057,133422.7496292286,122790.54387550599
2025-05-23,99226.93027291718,133422.7496292286,122790.54387550599
2025-05-24,99162.00461265568,133422.7496292286,122790.54387550599
2025-05-25,99162.00461265568,133422.7496292286,122790.54387550599
2025-05-26,98975.66259247533,133422.7496292286,122790.54387550599
2025-05-27,98908.47909269316,133422.7496292286,122790.54387550599
2025-05-28,98908.47909269316,133422.7496292286,122790.54387550599
2025-05-29,98908.47909269316,133422.7496292286,122790.54387550599
2025-05-30,98908.47909269316,133422.7496292286,122790.54387550599
2025-05-31,98908.47909269316,133422.7496292286,122790.54387550599
2025-06-01,98908.47909269316,133422.7496292286,122790.54387550599
2025-06-02,98908.47909269316,133422.7496292286,122790.54387550599
2025-06-03,98908.47909269316,133422.7496292286,122790.54387550599
2025-06-04,98908.47909269316,133422.7496292286,122790.54387550599
2025-06-05,98908.47909269316,133422.7496292286,122790.54387550599
2025-06-06,100107.62202081224,133422.7496292286,122790.54387550599
2025-06-07,100663.55356026848,133422.7496292286,122790.54387550599
2025-06-08,100594.25803389838,133422.7496292286,122790.54387550599
2025-06-09,100594.25803389838,133422.7496292286,122790.54387550599
2025-06-10,100578.07388300647,133422.7496292286,122790.54387550599
2025-06-11,100510.17703550169,133422.7496292286,122790.54387550599
2025-06-12,100510.17703550169,133422.7496292286,122790.54387550599
2025-06-13,100510.17703550169,133422.7496292286,122790.54387550599
2025-06-14,100510.17703550169,133422.7496292286,122790.54387550599
2025-06-15,100510.17703550169,133422.7496292286,122790.54387550599
2025-06-16,100510.17703550169,133422.7496292286,122790.54387550599
2025-06-17,100510.17703550169,133422.7496292286,122790.54387550599
2025-06-18,100510.17703550169,133422.7496292286,122790.54387550599
2025-06-19,100510.17703550169,133422.7496292286,122790.54387550599
2025-06-20,100510.17703550169,133422.7496292286,122790.54387550599
2025-06-21,100510.17703550169,133422.7496292286,122790.54387550599
2025-06-22,100510.17703550169,133422.7496292286,122790.54387550599
2025-06-23,100510.17703550169,133422.7496292286,122790.54387550599
2025-06-24,100510.17703550169,133422.7496292286,122790.54387550599
2025-06-25,100510.17703550169,133422.7496292286,122790.54387550599
2025-06-26,100510.17703550169,133422.7496292286,122790.54387550599
2025-06-27,100510.17703550169,133422.7496292286,122790.54387550599
2025-06-28,100510.17703550169,133422.7496292286,122790.54387550599
2025-06-29,100510.17703550169,133422.7496292286,122790.54387550599
2025-06-30,100510.17703550169,133422.7496292286,122790.54387550599
2025-07-01,100510.17703550169,133422.7496292286,122790.54387550599
2025-07-02,100510.17703550169,133422.7496292286,122790.54387550599
2025-07-03,100510.17703550169,133422.7496292286,122790.54387550599
2025-07-04,100510.17703550169,133422.7496292286,122790.54387550599
2025-07-05,100510.17703550169,133422.7496292286,122790.54387550599
2025-07-06,100510.17703550169,133422.7496292286,122790.54387550599
2025-07-07,100510.17703550169,133422.7496292286,122790.54387550599
2025-07-08,100510.17703550169,133422.7496292286,122790.54387550599
2025-07-09,100510.17703550169,133422.7496292286,122790.54387550599
2025-07-10,100510.17703550169,133422.7496292286,122790.54387550599
2025-07-11,99909.9123511111,133422.7496292286,122790.54387550599
2025-07-12,99965.59243618532,133422.7496292286,122790.54387550599
2025-07-13,99330.05479978843,133422.7496292286,122790.54387550599
2025-07-14,99049.12403335009,133422.7496292286,122790.54387550599
2025-07-15,99874.63291846204,133422.7496292286,122790.54387550599
2025-07-16,99548.56626614326,133422.7496292286,122790.54387550599
2025-07-17,99349.29201994176,133422.7496292286,122790.54387550599
2025-07-18,99851.24025637688,133422.7496292286,122790.54387550599
2025-07-19,99898.07690087138,133422.7496292286,122790.54387550599
2025-07-20,100135.80604763755,133422.7496292286,122790.54387550599
2025-07-21,100104.62140761194,133422.7496292286,122790.54387550599
2025-07-22,99115.58008730762,133422.7496292286,122790.54387550599
2025-07-23,99596.46965971778,133422.7496292286,122790.54387550599
2025-07-24,99772.02224165795,133422.7496292286,122790.54387550599
2025-07-25,100068.94591967938,133422.7496292286,122790.54387550599
2025-07-26,99963.61334767827,133422.7496292286,122790.54387550599
2025-07-27,99394.78093835426,133422.7496292286,122790.54387550599
2025-07-28,99935.91217256553,133422.7496292286,122790.54387550599
2025-07-29,99993.17406523725,133422.7496292286,122790.54387550599
2025-07-30,100049.99439456308,133422.7496292286,122790.54387550599
2025-07-31,99981.0949926875,133422.7496292286,122790.54387550599
2025-08-01,99981.0949926875,133422.7496292286,122790.54387550599
2025-08-02,99981.0949926875,133422.7496292286,122790.54387550599
2025-08-03,99981.0949926875,133422.7496292286,122790.54387550599
2025-08-04,99981.0949926875,133422.7496292286,122790.54387550599
2025-08-05,99981.0949926875,133422.7496292286,122790.54387550599
2025-08-06,99981.0949926875,133422.7496292286,122790.54387550599
2025-08-07,99981.0949926875,133422.7496292286,122790.54387550599
2025-08-08,99981.0949926875,133422.7496292286,122790.54387550599
2025-08-09,99981.0949926875,133422.7496292286,122790.54387550599
2025-08-10,99981.0949926875,133422.7496292286,122790.54387550599
2025-08-11,100201.32515782012,133422.7496292286,122790.54387550599
2025-08-12,100134.193181016,133422.7496292286,122790.54387550599
2025-08-13,100134.193181016,133422.7496292286,122790.54387550599
2025-08-14,101955.04073775795,133422.7496292286,122790.54387550599
2025-08-15,101890.2079046413,133422.7496292286,122790.54387550599
2025-08-16,101890.2079046413,133422.7496292286,122790.54387550599
2025-08-17,101890.2079046413,133422.7496292286,122790.54387550599
2025-08-18,101890.2079046413,133422.7496292286,122790.54387550599
2025-08-19,101890.2079046413,133422.7496292286,122790.54387550599
2025-08-20,101890.2079046413,133422.7496292286,122790.54387550599
2025-08-21,101890.2079046413,133422.7496292286,122790.54387550599
2025-08-22,101890.2079046413,133422.7496292286,122790.54387550599
2025-08-23,101890.2079046413,133422.7496292286,122790.54387550599
2025-08-24,102652.74503943016,133422.7496292286,122790.54387550599
2025-08-25,102585.13885899993,133422.7496292286,122790.54387550599
2025-08-26,102585.13885899993,133422.7496292286,122790.54387550599
2025-08-27,102585.13885899993,133422.7496292286,122790.54387550599
2025-08-28,102585.13885899993,133422.7496292286,122790.54387550599
2025-08-29,102585.13885899993,133422.7496292286,122790.54387550599
2025-08-30,102585.13885899993,133422.7496292286,122790.54387550599
2025-08-31,102585.13885899993,133422.7496292286,122790.54387550599
2025-09-01,102585.13885899993,133422.7496292286,122790.54387550599
2025-09-02,102585.13885899993,133422.7496292286,122790.54387550599
2025-09-03,102585.13885899993,133422.7496292286,122790.54387550599
2025-09-04,102585.13885899993,133422.7496292286,122790.54387550599
2025-09-05,102585.13885899993,133422.7496292286,122790.54387550599
2025-09-06,102585.13885899993,133422.7496292286,122790.54387550599
2025-09-07,102585.13885899993,133422.7496292286,122790.54387550599
2025-09-08,102585.13885899993,133422.7496292286,122790.54387550599
2025-09-09,102585.13885899993,133422.7496292286,122790.54387550599
2025-09-10,102585.13885899993,133422.7496292286,122790.54387550599
2025-09-11,102585.13885899993,133422.7496292286,122790.54387550599
2025-09-12,102585.13885899993,133422.7496292286,122790.54387550599
2025-09-13,102516.18240461897,133422.7496292286,122790.54387550599
2025-09-14,102447.1304230301,133422.7496292286,122790.54387550599
2025-09-15,102447.1304230301,133422.7496292286,122790.54387550599
2025-09-16,102447.1304230301,133422.7496292286,122790.54387550599
2025-09-17,102447.1304230301,133422.7496292286,122790.54387550599
2025-09-18,102447.1304230301,133422.7496292286,122790.54387550599
2025-09-19,102447.1304230301,133422.7496292286,122790.54387550599
2025-09-20,102444.05419124776,133422.7496292286,122790.54387550599
2025-09-21,102263.1329862129,133422.7496292286,122790.54387550599
2025-09-22,102194.34663035917,133422.7496292286,122790.54387550599
2025-09-23,102194.34663035917,133422.7496292286,122790.54387550599
2025-09-24,102194.34663035917,133422.7496292286,122790.54387550599
2025-09-25,102194.34663035917,133422.7496292286,122790.54387550599
2025-09-26,102194.34663035917,133422.7496292286,122790.54387550599
2025-09-27,102194.34663035917,133422.7496292286,122790.54387550599
2025-09-28,102194.34663035917,133422.7496292286,122790.54387550599
2025-09-29,103049.0451277807,133422.7496292286,122790.54387550599
2025-09-30,102978.87573424775,133422.7496292286,122790.54387550599
2025-10-01,102978.87573424775,133422.7496292286,122790.54387550599
2025-10-02,102978.87573424775,133422.7496292286,122790.54387550599
2025-10-03,102978.87573424775,133422.7496292286,122790.54387550599
2025-10-04,102978.87573424775,133422.7496292286,122790.54387550599
2025-10-05,102978.87573424775,133422.7496292286,122790.54387550599
2025-10-06,102978.87573424775,133422.7496292286,122790.54387550599
2025-10-07,102978.87573424775,133422.7496292286,122790.54387550599
2025-10-08,102978.87573424775,133422.7496292286,122790.54387550599
2025-10-09,102978.87573424775,133422.7496292286,122790.54387550599
2025-10-10,99573.02492849292,133422.7496292286,122790.54387550599
2025-10-11,99508.70640037674,133422.7496292286,122790.54387550599
2025-10-12,101234.97498796576,133422.7496292286,122790.54387550599
2025-10-13,101320.44028004445,133422.7496292286,122790.54387550599
2025-10-14,100460.09781845822,133422.7496292286,122790.54387550599
2025-10-15,99545.40838120237,133422.7496292286,122790.54387550599
2025-10-16,98510.75240364452,133422.7496292286,122790.54387550599
2025-10-17,97798.99937579384,133422.7496292286,122790.54387550599
2025-10-18,98109.86629953235,133422.7496292286,122790.54387550599
2025-10-19,98044.91310903232,133422.7496292286,122790.54387550599
2025-10-20,98790.28682456404,133422.7496292286,122790.54387550599
2025-10-21,97886.80994668722,133422.7496292286,122790.54387550599
2025-10-22,97820.95659786032,133422.7496292286,122790.54387550599
2025-10-23,97820.95659786032,133422.7496292286,122790.54387550599
2025-10-24,97820.95659786032,133422.7496292286,122790.54387550599
2025-10-25,97820.95659786032,133422.7496292286,122790.54387550599
2025-10-26,97820.95659786032,133422.7496292286,122790.54387550599
2025-10-27,97820.95659786032,133422.7496292286,122790.54387550599
2025-10-28,97820.95659786032,133422.7496292286,122790.54387550599
2025-10-29,97820.95659786032,133422.7496292286,122790.54387550599
2025-10-30,97820.95659786032,133422.7496292286,122790.54387550599
2025-10-31,97820.95659786032,133422.7496292286,122790.54387550599
2025-11-01,97820.95659786032,133422.7496292286,122790.54387550599
2025-11-02,97820.95659786032,133422.7496292286,122790.54387550599
2025-11-03,97820.95659786032,133422.7496292286,122790.54387550599
2025-11-04,97820.95659786032,133422.7496292286,122790.54387550599
2025-11-05,97820.95659786032,133422.7496292286,122790.54387550599
2025-11-06,97820.95659786032,133422.7496292286,122790.54387550599
2025-11-07,97820.95659786032,133422.7496292286,122790.54387550599
2025-11-08,97820.95659786032,133422.7496292286,122790.54387550599
2025-11-09,97820.95659786032,133422.7496292286,122790.54387550599
2025-11-10,97820.95659786032,133422.7496292286,122790.54387550599
2025-11-11,97820.95659786032,133422.7496292286,122790.54387550599
2025-11-12,97820.95659786032,133422.7496292286,122790.54387550599
2025-11-13,97820.95659786032,133422.7496292286,122790.54387550599
2025-11-14,97820.95659786032,133422.7496292286,122790.54387550599
2025-11-15,97820.95659786032,133422.7496292286,122790.54387550599
2025-11-16,97820.95659786032,133422.7496292286,122790.54387550599
2025-11-17,97820.95659786032,133422.7496292286,122790.54387550599
2025-11-18,97820.95659786032,133422.7496292286,122790.54387550599
2025-11-19,97820.95659786032,133422.7496292286,122790.54387550599
2025-11-20,97820.95659786032,133422.7496292286,122790.54387550599
2025-11-21,97820.95659786032,133422.7496292286,122790.54387550599
2025-11-22,97820.95659786032,133422.7496292286,122790.54387550599
2025-11-23,97820.95659786032,133422.7496292286,122790.54387550599
2025-11-24,97820.95659786032,133422.7496292286,122790.54387550599
2025-11-25,97338.77040028066,133422.7496292286,122790.54387550599
2025-11-26,97273.5613309319,133422.7496292286,122790.54387550599
2025-11-27,97273.5613309319,133422.7496292286,122790.54387550599
2025-11-28,97273.5613309319,133422.7496292286,122790.54387550599
2025-11-29,97273.5613309319,133422.7496292286,122790.54387550599
2025-11-30,97273.5613309319,133422.7496292286,122790.54387550599
2025-12-01,97273.5613309319,133422.7496292286,122790.54387550599
2025-12-02,97273.5613309319,133422.7496292286,122790.54387550599
2025-12-03,97273.5613309319,133422.7496292286,122790.54387550599
2025-12-04,97273.5613309319,133422.7496292286,122790.54387550599
2025-12-05,97273.5613309319,133422.7496292286,122790.54387550599
2025-12-06,97273.5613309319,133422.7496292286,122790.54387550599
2025-12-07,97273.5613309319,133422.7496292286,122790.54387550599
2025-12-08,97273.5613309319,133422.7496292286,122790.54387550599
2025-12-09,97273.5613309319,133422.7496292286,122790.54387550599
2025-12-10,97273.5613309319,133422.7496292286,122790.54387550599
2025-12-11,97273.5613309319,133422.7496292286,122790.54387550599
2025-12-12,97273.5613309319,133422.7496292286,122790.54387550599
2025-12-13,97273.5613309319,133422.7496292286,122790.54387550599
2025-12-14,97273.5613309319,133422.7496292286,122790.54387550599
2025-12-15,97273.5613309319,133422.7496292286,122790.54387550599
2025-12-16,97273.5613309319,133422.7496292286,122790.54387550599
2025-12-17,97273.5613309319,133422.7496292286,122790.54387550599
2025-12-18,97273.5613309319,133422.7496292286,122790.54387550599
2025-12-19,97273.5613309319,133422.7496292286,122790.54387550599
2025-12-20,97273.5613309319,133422.7496292286,122790.54387550599
2025-12-21,97273.5613309319,133422.7496292286,122790.54387550599
2025-12-22,97273.5613309319,133422.7496292286,122790.54387550599
2025-12-23,97273.5613309319,133422.7496292286,122790.54387550599
2025-12-24,97273.5613309319,133422.7496292286,122790.54387550599
2025-12-25,97273.5613309319,133422.7496292286,122790.54387550599
2025-12-26,97273.5613309319,133422.7496292286,122790.54387550599
2025-12-27,97273.5613309319,133422.7496292286,122790.54387550599
2025-12-28,97273.5613309319,133422.7496292286,122790.54387550599
2025-12-29,97273.5613309319,133422.7496292286,122790.54387550599
2025-12-30,97273.5613309319,133422.7496292286,122790.54387550599
2025-12-31,97273.5613309319,133422.7496292286,122790.54387550599
2026-01-01,97273.5613309319,133422.7496292286,122790.54387550599
2026-01-02,97273.5613309319,133422.7496292286,122790.54387550599
2026-01-03,97273.5613309319,133422.7496292286,122790.54387550599
2026-01-04,97273.5613309319,133422.7496292286,122790.54387550599
2026-01-05,97273.5613309319,133422.7496292286,122790.54387550599
2026-01-06,97273.5613309319,133422.7496292286,122790.54387550599
2026-01-07,97273.5613309319,133422.7496292286,122790.54387550599
2026-01-08,97273.5613309319,133422.7496292286,122790.54387550599
2026-01-09,97273.5613309319,133422.7496292286,122790.54387550599
2026-01-10,97273.5613309319,133422.7496292286,122790.54387550599
2026-01-11,97273.5613309319,133422.7496292286,122790.54387550599
2026-01-12,97273.5613309319,133422.7496292286,122790.54387550599
2026-01-13,97273.5613309319,133422.7496292286,122790.54387550599
2026-01-14,97273.5613309319,133422.7496292286,122790.54387550599
2026-01-15,97273.5613309319,133422.7496292286,122790.54387550599
2026-01-16,97273.5613309319,133422.7496292286,122790.54387550599
2026-01-17,97273.5613309319,133422.7496292286,122790.54387550599
2026-01-18,97273.5613309319,133422.7496292286,122790.54387550599
2026-01-19,97273.5613309319,133422.7496292286,122790.54387550599
2026-01-20,97273.5613309319,133422.7496292286,122790.54387550599
2026-01-21,97273.5613309319,133422.7496292286,122790.54387550599
2026-01-22,97273.5613309319,133422.7496292286,122790.54387550599
2026-01-23,97273.5613309319,133422.7496292286,122790.54387550599
2026-01-24,97273.5613309319,133422.7496292286,122790.54387550599
2026-01-25,97273.5613309319,133422.7496292286,122790.54387550599
2026-01-26,97273.5613309319,133422.7496292286,122790.54387550599
2026-01-27,97273.5613309319,133422.7496292286,122790.54387550599
2026-01-28,97273.5613309319,133422.7496292286,122790.54387550599
2026-01-29,97273.5613309319,133422.7496292286,122790.54387550599
2026-01-30,97273.5613309319,133422.7496292286,122790.54387550599
2026-01-31,97273.5613309319,133422.7496292286,122790.54387550599
2026-02-01,96266.81233217233,133422.7496292286,122790.54387550599
2026-02-02,97253.321122599,133422.7496292286,122790.54387550599
2026-02-03,95605.8029627864,133422.7496292286,122790.54387550599
2026-02-04,95542.73633012813,133422.7496292286,122790.54387550599
2026-02-05,95542.73633012813,133422.7496292286,122790.54387550599
2026-02-06,100769.41361545882,133422.7496292286,122790.54387550599
2026-02-07,99901.00261098184,133422.7496292286,122790.54387550599
2026-02-08,100617.05247681114,133422.7496292286,122790.54387550599
2026-02-09,100488.41064710284,133422.7496292286,122790.54387550599
2026-02-10,99614.07641630736,133422.7496292286,122790.54387550599
2026-02-11,98417.63574184597,133422.7496292286,122790.54387550599
2026-02-12,98348.99277125807,133422.7496292286,122790.54387550599
2026-02-13,98348.99277125807,133422.7496292286,122790.54387550599
2026-02-14,98348.99277125807,133422.7496292286,122790.54387550599
2026-02-15,98348.99277125807,133422.7496292286,122790.54387550599
2026-02-16,98348.99277125807,133422.7496292286,122790.54387550599
2026-02-17,98348.99277125807,133422.7496292286,122790.54387550599
2026-02-18,98348.99277125807,133422.7496292286,122790.54387550599
2026-02-19,98348.99277125807,133422.7496292286,122790.54387550599
2026-02-20,98348.99277125807,133422.7496292286,122790.54387550599
2026-02-21,98348.99277125807,133422.7496292286,122790.54387550599
2026-02-22,98348.99277125807,133422.7496292286,122790.54387550599
2026-02-23,98348.99277125807,133422.7496292286,122790.54387550599
2026-02-24,98348.99277125807,133422.7496292286,122790.54387550599
2026-02-25,98348.99277125807,133422.7496292286,122790.54387550599
2026-02-26,98348.99277125807,133422.7496292286,122790.54387550599
2026-02-27,97274.82597835337,133422.7496292286,122790.54387550599
2026-02-28,97210.13932785975,133422.7496292286,122790.54387550599
2026-03-01,97210.13932785975,133422.7496292286,122790.54387550599
2026-03-02,97210.13932785975,133422.7496292286,122790.54387550599
2026-03-03,97210.13932785975,133422.7496292286,122790.54387550599
2026-03-04,97210.13932785975,133422.7496292286,122790.54387550599
2026-03-05,97210.13932785975,133422.7496292286,122790.54387550599
2026-03-06,97210.13932785975,133422.7496292286,122790.54387550599
2026-03-07,97210.13932785975,133422.7496292286,122790.54387550599
2026-03-08,97210.13932785975,133422.7496292286,122790.54387550599
2026-03-09,98823.92593610034,133422.7496292286,122790.54387550599
2026-03-10,98755.98598288422,133422.7496292286,122790.54387550599
2026-03-11,98897.94479971766,133422.7496292286,122790.54387550599
2026-03-12,99128.85311903778,133422.7496292286,122790.54387550599
2026-03-13,99061.75108684279,133422.7496292286,122790.54387550599
2026-03-14,99061.75108684279,133422.7496292286,122790.54387550599
2026-03-15,99061.75108684279,133422.7496292286,122790.54387550599
2026-03-16,99061.75108684279,133422.7496292286,122790.54387550599
2026-03-17,99061.75108684279,133422.7496292286,122790.54387550599
2026-03-18,99061.75108684279,133422.7496292286,122790.54387550599
2026-03-19,99061.75108684279,133422.7496292286,122790.54387550599
2026-03-20,99061.75108684279,133422.7496292286,122790.54387550599
2026-03-21,99061.75108684279,133422.7496292286,122790.54387550599
2026-03-22,99061.75108684279,133422.7496292286,122790.54387550599
2026-03-23,99061.75108684279,133422.7496292286,122790.54387550599
2026-03-24,99061.75108684279,133422.7496292286,122790.54387550599
2026-03-25,99061.75108684279,133422.7496292286,122790.54387550599
2026-03-26,99061.75108684279,133422.7496292286,122790.54387550599
2026-03-27,99061.75108684279,133422.7496292286,122790.54387550599
2026-03-28,99061.75108684279,133422.7496292286,122790.54387550599
2026-03-29,99061.75108684279,133422.7496292286,122790.54387550599
2026-03-30,99061.75108684279,133422.7496292286,122790.54387550599
2026-03-31,99061.75108684279,133422.7496292286,122790.54387550599
2026-04-01,99061.75108684279,133422.7496292286,122790.54387550599
2026-04-02,99061.75108684279,133422.7496292286,122790.54387550599
2026-04-03,99061.75108684279,133422.7496292286,122790.54387550599
2026-04-04,99061.75108684279,133422.7496292286,122790.54387550599
2026-04-05,99061.75108684279,133422.7496292286,122790.54387550599
2026-04-06,99061.75108684279,133422.7496292286,122790.54387550599
2026-04-07,99061.75108684279,133422.7496292286,122790.54387550599
2026-04-08,99061.75108684279,133422.7496292286,122790.54387550599
2026-04-09,99061.75108684279,133422.7496292286,122790.54387550599
2026-04-10,99061.75108684279,133422.7496292286,122790.54387550599
2026-04-11,99097.51430620326,133422.7496292286,122790.54387550599
2026-04-12,99030.69646944426,133422.7496292286,122790.54387550599
2026-04-13,99030.69646944426,133422.7496292286,122790.54387550599
2026-04-14,99030.69646944426,133422.7496292286,122790.54387550599
2026-04-15,99425.35415995007,133422.7496292286,122790.54387550599
2026-04-16,99358.02019900977,133422.7496292286,122790.54387550599
2026-04-17,99358.02019900977,133422.7496292286,122790.54387550599
2026-04-18,99358.02019900977,133422.7496292286,122790.54387550599
2026-04-19,98233.10620005285,133422.7496292286,122790.54387550599
2026-04-20,98167.83977159845,133422.7496292286,122790.54387550599
2026-04-21,98167.83977159845,133422.7496292286,122790.54387550599
2026-04-22,98167.83977159845,133422.7496292286,122790.54387550599
2026-04-23,98167.83977159845,133422.7496292286,122790.54387550599
2026-04-24,98167.83977159845,133422.7496292286,122790.54387550599
2026-04-25,98167.83977159845,133422.7496292286,122790.54387550599
2026-04-26,98167.83977159845,133422.7496292286,122790.54387550599
2026-04-27,98167.83977159845,133422.7496292286,122790.54387550599
2026-04-28,98167.83977159845,133422.7496292286,122790.54387550599
2026-04-29,98167.83977159845,133422.7496292286,122790.54387550599
2026-04-30,98167.83977159845,133422.7496292286,122790.54387550599
2026-05-01,98167.83977159845,133422.7496292286,122790.54387550599
2026-05-02,98167.83977159845,133422.7496292286,122790.54387550599
2026-05-03,98167.83977159845,133422.7496292286,122790.54387550599
2026-05-04,98167.83977159845,133422.7496292286,122790.54387550599
2026-05-05,98167.83977159845,133422.7496292286,122790.54387550599
2026-05-06,98167.83977159845,133422.7496292286,122790.54387550599
2026-05-07,98167.83977159845,133422.7496292286,122790.54387550599
2026-05-08,98167.83977159845,133422.7496292286,122790.54387550599
2026-05-09,98167.83977159845,133422.7496292286,122790.54387550599
2026-05-10,98167.83977159845,133422.7496292286,122790.54387550599
2026-05-11,98400.87760870562,133422.7496292286,122790.54387550599
2026-05-12,98334.9942147521,133422.7496292286,122790.54387550599
2026-05-13,98972.6008604848,133422.7496292286,122790.54387550599
2026-05-14,98907.21746712526,133422.7496292286,122790.54387550599
2026-05-15,98907.21746712526,133422.7496292286,122790.54387550599
2026-05-16,98907.21746712526,133422.7496292286,122790.54387550599
2026-05-17,98907.21746712526,133422.7496292286,122790.54387550599
2026-05-18,99151.98219319762,133422.7496292286,122790.54387550599
2026-05-19,99255.04343281276,133422.7496292286,122790.54387550599
2026-05-20,98850.81092146877,133422.7496292286,122790.54387550599
2026-05-21,98783.97239624521,133422.7496292286,122790.54387550599
2026-05-22,98783.97239624521,133422.7496292286,122790.54387550599
2026-05-23,98783.97239624521,133422.7496292286,122790.54387550599
2026-05-24,98590.22489104584,133422.7496292286,122790.54387550599
2026-05-25,98523.28494156634,133422.7496292286,122790.54387550599
2026-05-26,99306.58143263642,133422.7496292286,122790.54387550599
2026-05-27,100167.4927909927,133422.7496292286,122790.54387550599
2026-05-28,100654.74492677388,133422.7496292286,122790.54387550599
2026-05-29,100753.86834837461,133422.7496292286,122790.54387550599
2026-05-30,100690.69659642132,133422.7496292286,122790.54387550599
2026-05-31,100690.69659642132,133422.7496292286,122790.54387550599
